step,mode,loss,angle_error(rad),distance(m),x(m),y(m),the(rad)
1,training,0.092284404,0.3037834763526917,0.0,0.00017279672921100692,0.0005124487519070527,0.0031145289767883742
2,training,0.07951728,0.2819952499121427,0.0,0.003574974309531302,0.0005289628227367293,0.003216587246231716
3,training,0.063268155,0.24353216215968126,0.0,0.03466124260104821,0.0006470311332578906,0.005630762126821289
4,training,0.05684269,0.27644591778516775,0.0,0.07445823102936082,0.0010632207676981773,0.01695743148026859
5,training,0.044628993,0.22621136158704758,0.0,0.11430239001079243,0.002063897458920941,0.03449335410790875
6,training,0.042702638,0.27380187809467316,0.0,0.15421011161876613,0.0038700181363653468,0.05776779293324398
7,training,0.030030172,0.17678487300872803,0.0,0.19375166077158823,0.006707431851774738,0.08703908246447736
8,training,0.01979807,0.14199218153953552,0.02903966163428772,0.23328926636351882,0.010865702445999102,0.12376698414180658
9,training,0.010827186,0.05151611566543579,0.02903966163428772,0.27252907450704056,0.01650564177881219,0.1633352923855866
10,training,0,0.02172723412513733,0.02903966163428772,0.3114301783351222,0.023865632805680357,0.21271393880286424
11,training,0,0.000574260950088501,0.02903966163428772,0.3497892401920319,0.03318817658438653,0.26380037040094395
12,training,0.0066041993,0.08366106450557709,0.02903966163428772,0.387830045765071,0.044509796182204193,0.31532486403607235
13,training,0.005394731,0.14702361822128296,0.019215823632858665,0.4249756423079826,0.05774100227475247,0.37054524134097944
14,training,0.011006156,0.2752583287656307,0.019215823632858665,0.46129975681181257,0.07308840004637869,0.4305943078100794
15,training,0.012111027,0.3643781840801239,0.019215823632858665,0.5138315246331954,0.10032021332782623,0.5280602646614346
16,training,0.024212286,0.3456025831401348,0.019215823632858665,0.5469935060456095,0.12132173594303675,0.6022112622438767
17,training,0.10695209,0.2848980240523815,0.02536729517336517,0.5784972391953784,0.14470352493681995,0.6744166088925602
18,training,0.033169717,0.221245389431715,0.02536729517336517,0.6086358969231592,0.17039797552883293,0.737115265036977
19,training,0.011332632,0.20388458389788866,0.02536729517336517,0.6372665546862676,0.19772942980958555,0.7863650747938941
20,training,0.034355927,0.2881218045949936,0.02536729517336517,0.6647387154628303,0.22630713062353724,0.8227916864089745
21,training,0.034676883,0.33373217284679413,0.07183012313627957,0.6913697620766156,0.2558623347469282,0.8499484214684461
22,training,0.02703367,0.31207311153411865,0.07183012313627957,0.7044132339667388,0.2708906167901736,0.8614145372791921
23,training,0.027410254,0.3019183725118637,0.07183012313627957,0.7299274290248079,0.3013549440443968,0.8850288111254639
24,training,0.040415637,0.32628558576107025,0.07183012313627957,0.754807538906623,0.3324078259090555,0.9045230609841246
25,training,0.05470851,0.3174585625529289,0.07183012313627957,0.8028155029930345,0.39592144131025037,0.9423829008678233
26,training,0.04211168,0.3272547051310539,0.07183012313627957,0.8259825003292385,0.42835027310019863,0.9585278050236172
27,training,0.05443155,0.3191912993788719,0.07183012313627957,0.8374106454817837,0.44476899227322286,0.9664578197707726
28,training,0.047620177,0.3105957359075546,0.18391046902127645,0.8597177884522742,0.4776599823935503,0.9819287323487268
29,training,0.035370912,0.6282019466161728,0.18391046902127645,0.8823055442619046,0.5109347521119166,0.9532329288522212
30,training,0.0878373,0.6618932299315929,0.18391046902127645,0.9062458585805199,0.5423298620647886,0.8713868738480904
31,training,0.03777605,0.6478455998003483,0.18391046902127645,0.9344858286174631,0.5722142528714533,0.7534712104936097
32,training,0.1409065,0.5430583916604519,0.2626225376207289,0.9658337380175845,0.5983891365635272,0.6340004317132961
33,training,0.045607146,0.5179214999079704,0.2626225376207289,0.9998712889581971,0.6208403533203499,0.5329868747137129
34,training,0.1021737,0.4613335616886616,0.30289946143013646,1.0358539971956149,0.6398394052890901,0.4385005495800792
35,training,0.090916574,0.39792874082922935,0.30289946143013646,1.0735589821647904,0.655611055644518,0.3541608821421406
36,training,0.053223595,0.3418806083500385,0.30289946143013646,1.1119987406078387,0.6682265072057162,0.2802791681667074
37,training,0.07440313,0.2747018411755562,0.29114741426187274,1.1513116656873088,0.678143648846118,0.21548271199036984
38,training,0.12075216,0.24876176752150056,0.29114741426187274,1.1910356431628766,0.6857721680236546,0.16484964600431543
39,training,0.06091988,0.19761399272829294,0.29114741426187274,1.2310503853669477,0.6914801621452112,0.1178143908079347
40,training,0.06226287,0.15044963266700506,0.29114741426187274,1.2710723673682809,0.695365469630156,0.07777535753506643
41,training,0.058852255,0.11238325934391467,0.29114741426187274,1.2911257258931363,0.6967781459172967,0.06302613567906508
42,training,0.06815831,0.0661007221788168,0.25899895612371626,1.3514532032190707,0.699405089112131,0.026284171664770553
43,training,0.04054672,0.13177284225821492,0.25899895612371626,1.3914176183013098,0.700114699007593,0.010687410238519914
44,training,0.09523711,0.10893929749727246,0.25899895612371626,1.4318372461597302,0.699880247765746,-0.024611531432677674
45,training,0,0.03757417015731335,0.25899895612371626,1.4519077479228863,0.6992637334093532,-0.036781645958282386
46,training,0,0.042776589281857014,0.25899895612371626,1.4918526085901047,0.6973351164249014,-0.05654890410449203
47,training,0.0981535,0.07001443766057491,0.17104488407396545,1.5519481578631573,0.6934577816418543,-0.07197185855454619
48,training,0,0.010844679549336433,0.17104488407396545,1.591714808053916,0.6903328281089638,-0.08638201377769975
49,training,0,0.017979735042899847,0.17104488407396545,1.6316715619915274,0.6867109648345172,-0.09191335559610772
50,training,0,0.023479903116822243,0.17104488407396545,1.6713928220227992,0.6830535691378906,-0.09255935850534523
51,training,0,0.019906859379261732,0.17104488407396545,1.6912236561812888,0.6812102846621874,-0.09314774525378106
52,training,0,0.026431376114487648,0.17104488407396545,1.7311141655860884,0.677469099086337,-0.09420387896086325
53,training,0,0.037758118472993374,0.08848565781989426,1.7708829072805121,0.6737231092978744,-0.09412572685548266
54,training,0,0.04119214601814747,0.08848565781989426,1.8105631338261843,0.6699678563072791,-0.09416255567716164
55,training,0,0.0485749002546072,0.08848565781989426,1.8504465936589323,0.6662408720043711,-0.09172854534923905
56,training,0,0.04291535168886185,0.08848565781989426,1.8900516318410507,0.6626753369828182,-0.08870161890336266
57,training,0,0.047290150076150894,0.08848565781989426,1.9299056942188704,0.6591922119400891,-0.08588893777469589
58,training,0,0.0475164707750082,0.08848565781989426,1.9697578822522641,0.6558452592223519,-0.08147511946884553
59,training,0.08871059,0.05221526511013508,0.051394246045257004,2.0293830557499293,0.6511138565806824,-0.07677766899474144
60,training,0,0.027816373389214277,0.051394246045257004,2.049377907573023,0.6495975810870743,-0.07448933763297434
61,training,0,0.029678143560886383,0.051394246045257004,2.0891600940103245,0.6467359262294248,-0.07139146127564988
62,training,0,0.030415866523981094,0.051394246045257004,2.1290377058952603,0.6438654166030215,-0.07235463131110487
63,training,0,0.03181309998035431,0.051394246045257004,2.16899873993172,0.6409740272844237,-0.07193101932162978
64,training,0.12470496,0.05553767830133438,0.051394246045257004,2.2286479310821674,0.6366554620702785,-0.07303777214943104
65,training,0.06260702,0.07631174102425575,0.02255916316468724,2.2686109812408373,0.633780828639148,-0.06923891894761192
66,training,0.054847196,0.07075919955968857,0.02255916316468724,2.308358675769076,0.6310421720254853,-0.07208469111900742
67,training,0.07852678,0.08509210124611855,0.02255916316468724,2.3483604975490135,0.6279868816644291,-0.0804925665646995
68,training,0.047953136,0.08405855298042297,0.02255916316468724,2.4080403921690676,0.6228667826759517,-0.09132785914794693
69,training,0.034797177,0.08132504671812057,0.02255916316468724,2.4479373148783314,0.6190810430335105,-0.09791212409706962
70,training,0.021655608,0.0869433544576168,0.014848323653193263,2.5075384670138825,0.6130028975278164,-0.10630267429584088
71,training,0.04196475,0.1010789554566145,0.014848323653193263,2.547346537185361,0.6086355754384666,-0.11233427887894334
72,training,0.044593163,0.09598855115473272,0.014848323653193263,2.5871317590810645,0.6040710966025914,-0.11585098385355483
73,training,0.088888645,0.15140969678759575,0.014848323653193263,2.6267133635408424,0.5993768321391263,-0.12080323936005664
74,training,0.080170035,0.12059227749705313,0.014848323653193263,2.6664951297740287,0.5944531045114643,-0.125468394618489
75,training,0.046462063,0.14391445741057396,0.014848323653193263,2.6863317563821982,0.591936748830448,-0.1272433506012986
76,training,0.07584056,0.15291093289852142,0.019538707321105082,2.725900933699895,0.5867509506455968,-0.13464949574612736
77,training,0.012944775,0.17023370787501335,0.019538707321105082,2.7656181038317422,0.5811905768563392,-0.143605589127689
78,training,0.058328927,0.25580311566591263,0.019538707321105082,2.7854105097329276,0.5782932729288475,-0.14737228136343
79,training,0.05377108,0.28269006684422493,0.019538707321105082,2.824904150381322,0.5722546926694855,-0.1571523449848299
80,training,0.037671924,0.20089327171444896,0.019538707321105082,2.864466983164457,0.5657694585117949,-0.16772303184166673
81,training,0.040777765,0.22969010844826698,0.019538707321105082,2.9039135608285,0.5589148866466253,-0.17649572064744878
82,training,0.06464154,0.23069323226809502,0.019538707321105082,2.9432303173258676,0.5516831199099241,-0.18772216549364115
83,training,0.034567926,0.26568372175097466,0.05760786005013844,2.9825109288080536,0.5440240838768053,-0.19717471268916634
84,training,0.036008276,0.2965925894677639,0.05760786005013844,3.021767829793342,0.5360085120425878,-0.20638988886353588
85,training,0.07887611,0.29305681586265564,0.05760786005013844,3.0608742746238247,0.5275752163250204,-0.2182622806504564
86,training,0.03170179,0.3187698647379875,0.05760786005013844,3.0998909898648948,0.5187098729890892,-0.2287359422760643
87,training,0.063619815,0.3326418846845627,0.05760786005013844,3.1388649217836897,0.5093768759722882,-0.2425813096509761
88,training,0.029230667,0.3044041320681572,0.05760786005013844,3.177601675406595,0.49950266366245777,-0.2563831969768231
89,training,0.041822102,0.32263009995222086,0.12487878826807716,3.2163634070028913,0.48907977490985266,-0.2691489514908197
90,training,0.06546177,0.3016447648406029,0.12487878826807716,3.2538445087554138,0.4788386986259123,-0.2511992254606706
91,training,0.054980073,0.49906497821211815,0.12487878826807716,3.2923223886687154,0.46996128426325,-0.20293788884443512
92,training,0.08018993,0.41456092428416014,0.12487878826807716,3.330892814452154,0.46359482373728644,-0.11958313846579534
93,training,0.054376446,0.3088133120909334,0.12487878826807716,3.3701559694776284,0.46052276546849785,-0.038031242369447785
94,training,0.04141558,0.2984627112746239,0.1702218347012986,3.409491145783021,0.4604468372507968,0.03184360646700329
95,training,0.0275133,0.26512583345174795,0.1702218347012986,3.4291071991084614,0.4613850734047297,0.06387018985338587
96,training,0,0.04350182786583902,0.1702218347012986,3.4879249379255426,0.46790306367122503,0.15447873736409196
97,training,0,0.012098185718059533,0.1702218347012986,3.5074887414762563,0.4711392178450069,0.16972556593300833
98,training,0,0.03429887816309929,0.017310396585307926,3.546642289908986,0.47821090154478757,0.1855046969771481
99,training,0,0.0095706358551979,0.017310396585307926,3.5857906057607973,0.4857686850852802,0.1957308096984278
100,training,0,0.02694522589445114,0.017310396585307926,3.6249375093292167,0.49375976951352174,0.20722181044970195
101,training,0.068929255,0.06202705390751362,0.017310396585307926,3.6832421047884742,0.5066538190313643,0.2266613458895396
102,training,0.033451445,0.13188252225518227,0.017310396585307926,3.722126000394484,0.5158802049391317,0.23968921554780093
103,training,0.05001996,0.17515762895345688,0.017310396585307926,3.760720937250716,0.5256934844009173,0.25901290450585696
104,training,0.01905339,0.20571565628051758,0.06050343876105568,3.7990239214036263,0.536254961308489,0.2796949763551093
105,training,0.10266581,0.24127593636512756,0.06050343876105568,3.837324339616648,0.547724193446999,0.30393799090976564
106,training,0.03046897,0.24467092752456662,0.06050343876105568,3.8749891979517845,0.5600926232031815,0.3296630563213937
107,training,0.022470005,0.25595226138830185,0.06050343876105568,3.912560151510014,0.5734000397720679,0.3502387324773915
108,training,0.05970304,0.26774581521749496,0.06050343876105568,3.949989014388848,0.587415598435023,0.36687184936324024
109,training,0.048454,0.27585772424936295,0.06050343876105568,3.9869810487469435,0.6019296124932222,0.3801304142230049
110,training,0.06535632,0.26907167211174965,0.03718251062001803,4.024113743325767,0.616983990089759,0.3891332029882588
111,training,0.023411287,0.26434258837252855,0.03718251062001803,4.060894647556713,0.6321760488056768,0.39314261724472394
112,training,0.06496504,0.26293513737618923,0.03718251062001803,4.097805391434982,0.6474854268558755,0.3922145253326443
113,training,0.04516095,0.25647228956222534,0.03718251062001803,4.134968702940068,0.6627521399717109,0.38643679897437894
114,training,0.012909165,0.20775306969881058,0.03718251062001803,4.171915708603662,0.6775756455477985,0.375895767512587
115,training,0.06876362,0.23224077373743052,0.03718251062001803,4.209392956596943,0.6920834745779151,0.36188838013539876
116,training,0.03415531,0.221791110932827,0.02994669850236645,4.247006316892495,0.7059666784091225,0.34516556709003077
117,training,0.037047442,0.2101424485445023,0.02994669850236645,4.284818312182302,0.7191452666470556,0.32517322685398675
118,training,0.0351771,0.19779590517282492,0.02994669850236645,4.323134733427904,0.7316340700121429,0.30506990590964017
119,training,0.032943096,0.21915622055530543,0.02994669850236645,4.361340583923055,0.7432807335987569,0.2864312403595991
120,training,0.027339913,0.2810214385390282,0.02994669850236645,4.399961457661331,0.7542869389419079,0.2689031470281082
121,training,0.03296786,0.27221724390983576,0.02994669850236645,4.438695071367312,0.7646602689948327,0.25509328725243574
122,training,0.036786757,0.17451069504022604,0.0948793754831286,4.477487636252646,0.7744437310408288,0.23810929143727697
123,training,0.024928678,0.23052959144115448,0.0948793754831286,4.5166019859744955,0.7835518817014812,0.21972258953684748
124,training,0.04910691,0.2226034626364708,0.0948793754831286,4.555815534648404,0.7919252460762272,0.20026309246645094
125,training,0.03793241,0.17978730052709574,0.0948793754831286,4.595241974765286,0.7994801499764962,0.17829162599023685
126,training,0.048734773,0.12302299588918683,0.0948793754831286,4.634732373989844,0.8062023729444207,0.1591400495792987
127,training,0.027004216,0.10459815710783008,0.0948793754831286,4.674454755917308,0.8122042303991573,0.14018403099175333
128,training,0.059500217,0.10710188001394272,0.13086230780934008,4.714144741857166,0.8174280566061767,0.12220880272416734
129,training,0.02214997,0.08459724485874176,0.13086230780934008,4.753974222464667,0.8220152969778647,0.09984522692844523
130,training,0.02079912,0.10617418587207794,0.13086230780934008,4.794206673745658,0.8252951612069835,0.06349734409924272
131,training,0.0789084,0.09723582863807675,0.13086230780934008,4.834240043700736,0.8271636403708342,0.02918488630905383
132,training,0.04282871,0.08528678491711617,0.13086230780934008,4.87462428749561,0.8277041738575647,-0.00249101388685128
133,training,0.04580475,0.07469002529978752,0.13527873281959074,4.914740558384022,0.8270709434638408,-0.028481305302509984
134,training,0.034328166,0.09147622063755989,0.13527873281959074,4.95482346677627,0.8254956822894465,-0.05012637757926623
135,training,0,0.028344406746327877,0.13527873281959074,4.995018148338181,0.8230927267986897,-0.0680540014527815
136,training,0.04747335,0.07491781376302242,0.13527873281959074,5.054540951376655,0.8186159429611602,-0.0795082684622898
137,training,0.018355995,0.05685310438275337,0.13527873281959074,5.0945672789216605,0.8152759991959383,-0.08793530728715211
138,training,0,0.039499171543866396,0.11200006945727436,5.114420452695641,0.8134830473705136,-0.0925161165834326
139,training,0.027995165,0.07690340653061867,0.11200006945727436,5.1740501623820325,0.8077007837191362,-0.09874548460897561
140,training,0.029141193,0.07058917544782162,0.11200006945727436,5.213817939825497,0.8036994254117692,-0.10342123042198587
141,training,0,0.04994176002219319,0.11200006945727436,5.253433638387801,0.7994522358061044,-0.10927440865476669
142,training,0,0.04637650586664677,0.11200006945727436,5.27336218081514,0.7972506677104803,-0.11074756388575983
143,training,0,0.0010971985757350922,0.11200006945727436,5.293282882425109,0.7950306362710119,-0.11155489120258612
144,training,0,0.029184047132730484,0.11200006945727436,5.332716234576481,0.7906194712395719,-0.11099027958749269
145,training,0,0.014794471208006144,0.08221295509247298,5.372447823297726,0.7862668470219462,-0.10907531091490624
146,training,0,0.006128299050033089,0.08221295509247298,5.412254715764188,0.781922387635076,-0.10797828545625705
147,training,0,0.005348021164536476,0.08221295509247298,5.451787589994207,0.7776679901055391,-0.10634540147830294
148,training,0,0.02104484662413597,0.08221295509247298,5.491626472146637,0.7734866525430064,-0.10247127954182028
149,training,0,0.009627614170312885,0.08221295509247298,5.5312613421124865,0.7695619197590747,-0.09478705599451533
150,training,0,0.014561206102371214,0.08221295509247298,5.5709863185472495,0.7659229310716814,-0.08918758696843253
151,training,0.034517497,0.06179755832999945,0.049777488617930445,5.630727710491597,0.7607347295237025,-0.08494640502863539
152,training,0.011910304,0.06461981625761837,0.049777488617930445,5.690460040890438,0.7556948565977151,-0.08383288092869874
153,training,0.026068557,0.07165954262018202,0.049777488617930445,5.73029823041213,0.752377916886408,-0.08276591136502459
154,training,0.003951006,0.09554091095924377,0.049777488617930445,5.77001419322823,0.7490577993908331,-0.08490475269937335
155,training,0.009607675,0.09124964661896227,0.049777488617930445,5.809998132425656,0.7455974186613147,-0.08789077831126528
156,training,0.027291797,0.10686842724680902,0.018265139603630947,5.849665635392205,0.7420616313347037,-0.0907361443769602
157,training,0.021423142,0.14716334640979767,0.018265139603630947,5.8895254001278134,0.7383285140540276,-0.09705889040927505
158,training,0.02398745,0.1372123882174492,0.018265139603630947,5.929457359596017,0.7341952951349325,-0.10950258917162722
159,training,0.006213021,0.09844396077096462,0.018265139603630947,5.969044999049785,0.72958208565342,-0.12233040323557802
160,training,0.018619338,0.08327099494636059,0.018265139603630947,5.988940005909667,0.727072161859986,-0.12860385498625482
161,training,0.0035359878,0.06996747478842735,0.018265139603630947,6.028630682543991,0.72204544633804,-0.12249743847784188
162,training,0.024969935,0.09132178872823715,0.018265139603630947,6.068036785752915,0.7173448159577126,-0.11446731986571473
163,training,0.025156397,0.09280475974082947,0.01573898041902615,6.10781462346473,0.7129425820111969,-0.10645825964379663
164,training,0.0032813465,0.06520000845193863,0.01573898041902615,6.147465977509695,0.7089000991721572,-0.09711975257542563
165,training,0.0135794915,0.1106484867632389,0.01573898041902615,6.187111969804186,0.705269257736513,-0.08535104245666077
166,training,0.010507231,0.10260056331753732,0.01573898041902615,6.227055220678093,0.7020762853168998,-0.07371581443097508
167,training,0.0039797137,0.05497338622808458,0.01573898041902615,6.266773584366006,0.6993393189628212,-0.06576086522825791
168,training,0,0.03552353382110596,0.01573898041902615,6.286684733673722,0.6980663530063129,-0.06133677089187642
169,training,0,0.011867962777614607,0.041795532802477435,6.326707951796276,0.6958357119632197,-0.04885389448598617
170,training,0,0.0035031139850616455,0.041795532802477435,6.3664060327646474,0.6941822122134851,-0.03429400438338318
171,training,0,0.008689366281032562,0.041795532802477435,6.406290625770441,0.6931318071882363,-0.01830780494538397
172,training,0,0.04807849042117596,0.041795532802477435,6.4463071414928566,0.6926788254569292,-0.004404858826132586
173,training,0.0077853072,0.06409709772560745,0.041795532802477435,6.52619327589266,0.6929354487796754,0.00801473877434042
174,training,0.01209026,0.06864582886919379,0.041795532802477435,6.606022616395378,0.6937943382988453,0.013116094315532897
175,training,0,0.043273734394460917,0.04126371284168672,6.6261089015272185,0.6940573681610344,0.01286279309629799
176,training,0,0.03308544307947159,0.04126371284168672,6.646201324505443,0.6943001442760632,0.012155871380543967
177,training,0,0.02028273418545723,0.04126371284168672,6.686003017380614,0.694664018971639,0.005765323407298503
178,training,0,0.008446609426755458,0.04126371284168672,6.706017846194111,0.6947543195396393,0.003231998998367154
179,training,0,0.007907941937446594,0.04126371284168672,6.7461930714347025,0.6948279633546726,0.0017567128025826441
180,training,0,0.011094961315393451,0.034484280398931796,6.766102816774589,0.6948726019147838,0.0025370489309121578
181,training,0,0.021172404056414962,0.034484280398931796,6.805997065193788,0.6950308200986572,0.004980237262227886
182,training,0,0.01093375263735652,0.034484280398931796,6.846153362958507,0.6952462361993407,0.005446217045081517
183,training,0,0.015806155279278755,0.034484280398931796,6.885991244675981,0.6954627150929213,0.005027036591099913
184,training,0,0.0004405742511153221,0.034484280398931796,6.926014874519346,0.6956601858979332,0.005153677493232309
185,training,0,0.02680704090744257,0.034484280398931796,6.966054152040197,0.6958903233784376,0.0066608240762438126
186,training,0,0.006296826526522636,0.021001766332155534,7.005907059651738,0.6962050585623357,0.008862611904151885
187,training,0,0.003640915732830763,0.021001766332155534,7.046028203149607,0.6965974216608098,0.010559824686427995
188,training,0,0.0039468081668019295,0.021001766332155534,7.085894745817634,0.6970359336055536,0.010989645881912022
189,training,0,0.031160988146439195,0.021001766332155534,7.1258663525786625,0.6974636943479227,0.010245824019221623
190,training,0.0051280893,0.06477508693933487,0.021001766332155534,7.205809645468641,0.6983133830183369,0.011610683302927551
191,training,0,0.008554537780582901,0.019451306918362877,7.225816799585375,0.6985477456605901,0.011467276873277343
192,training,0,0.0098414026433602,0.019451306918362877,7.2659953188781605,0.6989785842621996,0.00993294028166288
193,training,0,0.029241335578262806,0.019451306918362877,7.285897222620961,0.6991779189192997,0.009823686485959701
194,training,0.0055505773,0.07312869280576706,0.019451306918362877,7.345859990888645,0.6998378366816745,0.013487685038979397
195,training,0,0.004715204704552889,0.019451306918362877,7.385848365301254,0.700435106220044,0.01666323129128805
196,training,0.019948581,0.051344729436095804,0.019451306918362877,7.425722799130831,0.7011444192229174,0.01831152241189388
197,training,0.03862401,0.05519091524183751,0.019451306918362877,7.485813897925435,0.7022617918673062,0.01873921991681968
198,training,0.0028646076,0.08712728507816792,0.003431748738836426,7.525667290701639,0.7030374725981097,0.020298897805765697
199,training,0.030303493,0.09561283886432648,0.003431748738836426,7.585755846388825,0.7044324232798315,0.027637565173630873
200,training,0.0051544667,0.09645498916506767,0.003431748738836426,7.625518663510695,0.7056811346699777,0.035168377185250746
201,training,0.008769259,0.07188913505524396,0.003431748738836426,7.665570162642036,0.7072111538009395,0.040994561632636414
202,training,0,0.043770775198936476,0.003431748738836426,7.685638916384373,0.7080357541260827,0.04095406790396485
203,training,0,0.02990922704339026,0.003431748738836426,7.705454212545659,0.7088447836888676,0.03931806001922837
204,training,0,0.04270852357149124,0.02102026173971044,7.745421977202614,0.710273266678791,0.03202511252560344
205,training,0.013385684,0.05692921206355096,0.02102026173971044,7.785626234719682,0.7114188297783368,0.025169093151620792
206,training,0.026564421,0.05299497116357089,0.02102026173971044,7.825450400984616,0.7123108582586306,0.019885031607230753
207,training,0,0.02442014403641224,0.02102026173971044,7.865529656955077,0.7130464911928114,0.017438753856283618
208,training,0.0051883687,0.058008963242173195,0.02102026173971044,7.905515362265074,0.7137577713610262,0.0191139289721863
209,training,0.008300235,0.09981768950819969,0.02427599627793603,7.965430006468978,0.7150482531942468,0.024563969128225976
210,training,0.0033842118,0.09046880155801773,0.02427599627793603,8.005374751957019,0.7161377637951714,0.03076460998480029
211,training,0.009708044,0.06218993209768086,0.02427599627793603,8.045171219396353,0.717528505045406,0.038299823184730804
212,training,0,0.042770352214574814,0.02427599627793603,8.065188862061836,0.7183237843768201,0.04080859485091004
213,training,0,0.04180433601140976,0.02427599627793603,8.10528848598775,0.7199244751446712,0.03753726460678546
214,training,0,0.049269158393144594,0.02427599627793603,8.145132004028325,0.7213029748301252,0.031418533608006644
215,training,0.0048788628,0.06905501801520586,0.021273128777611224,8.205323158963333,0.7229671821748965,0.024095493851361897
216,training,0.009112432,0.09029326774179934,0.021273128777611224,8.225205787469664,0.7234395712531603,0.023158311568594398
217,training,0.006473669,0.09638550877571105,0.021273128777611224,8.285214255462257,0.7248933537826274,0.028434070088608016
218,training,0.025356242,0.07132228463888168,0.021273128777611224,8.345001400360848,0.7268484175834373,0.03658269665788304
219,training,0,0.04999749734997749,0.021273128777611224,8.364991509589277,0.7275949950919363,0.03659258526179383
220,training,0.0015346687,0.05113647505640985,0.02696445796183918,8.405195984993256,0.7289319830890649,0.028905437338420593
221,training,0.007242026,0.12248632684350014,0.02696445796183918,8.445046600515452,0.7299002753526289,0.0195033023418517
222,training,0.006169038,0.1334869945421815,0.02696445796183918,8.46504845891023,0.7302576726656738,0.017174862071516524
223,training,0.0044671027,0.12435252033174038,0.02696445796183918,8.505168326116957,0.7310063954300501,0.021545608165514516
224,training,0.009397902,0.18194959312677383,0.02696445796183918,8.544915140025203,0.732001990464067,0.029004485837799347
225,training,0.018155333,0.15639825724065304,0.02696445796183918,8.584880648064393,0.7333139981015829,0.03650147814962171
226,training,0.012729102,0.09370318660512567,0.02696445796183918,8.624890196277088,0.7348524280686921,0.03961572867715737
227,training,0.017855484,0.060069769620895386,0.033923336388421516,8.664710577462998,0.7364530323948366,0.03933916243822968
228,training,0,0.0410689078271389,0.033923336388421516,8.704891559082572,0.7378918512350645,0.030473659996092372
229,training,0.014675105,0.11123152449727056,0.033923336388421516,8.744834573352351,0.7388925371924888,0.0198517751404925
230,training,0.0029010652,0.10503738000988963,0.033923336388421516,8.78486615646149,0.7394925207165893,0.010216165688829538
231,training,0.0059122937,0.10731528699398041,0.033923336388421516,8.825085407266185,0.739712703559477,0.0018693522047537453
232,training,0.0024275451,0.08768251538276674,0.04315485559060336,8.864938308170592,0.7396393174633168,-0.005824115357087602
233,training,0.01335125,0.06966333091259003,0.04315485559060336,8.90508442840899,0.7392638778007543,-0.012935186376449167
234,training,0.00697396,0.081482726149261,0.04315485559060336,8.965012405767819,0.7382467086179911,-0.02070713965237568
235,training,0.004252634,0.08671124652028082,0.04315485559060336,9.005084371348202,0.7373710438673872,-0.02309984231594527
236,training,0.014019227,0.14960336312651634,0.049241370024063924,9.045034358488461,0.7364909316741176,-0.01976850890920798
237,training,0.007354816,0.11757387220859526,0.049241370024063924,9.084856773946862,0.7358772671743719,-0.010071198588102556
238,training,0.0053926664,0.14918263256549835,0.049241370024063924,9.1249587620427,0.7356801847461582,0.0011182734388936095
239,training,0.007586849,0.12424471229314804,0.049241370024063924,9.144876666248706,0.7357494792564598,0.005167009439703689
240,training,0.011224775,0.08601642027497292,0.049241370024063924,9.18472923853787,0.7360438382481019,0.007664127007466721
241,training,0.009146744,0.07234081998467445,0.049241370024063924,9.204791402418987,0.7361837804757351,0.00528381095072719
242,training,0.006324804,0.07718030735850334,0.049241370024063924,9.244941807381865,0.7362296180496203,-0.002808195353956792
243,training,0.0028889342,0.0923959296196699,0.05610307707948543,9.304903171841145,0.7356659321682562,-0.01545153239608838
244,training,0.005993151,0.09027203265577555,0.05610307707948543,9.345043879379535,0.7349166817406986,-0.02131057159003799
245,training,0,0.03996602073311806,0.05610307707948543,9.364953542720562,0.734467746037689,-0.024014805827601605
246,training,0.006813754,0.05201071291230619,0.05610307707948543,9.425007123818771,0.7328399311677124,-0.029329015470970603
247,training,0,0.032877750694751746,0.05610307707948543,9.44505670006742,0.7322370300790075,-0.03051291375226184
248,training,0,0.03855277691036463,0.05610307707948543,9.484859094691476,0.7309582850186668,-0.034464516183573615
249,training,0,0.036404368467628956,0.05243199013549823,9.524931207381396,0.7294976187404705,-0.03801471615272429
250,training,0,0.03415742423385382,0.05243199013549823,9.56483714138257,0.7279578515943256,-0.03921154604241256
251,training,0,0.04029758367687464,0.05243199013549823,9.604712665589414,0.7264047387958018,-0.03879127044666666
252,training,0,0.03694789391011,0.05243199013549823,9.644824247238043,0.7248643933567674,-0.03803883695278154
253,training,0,0.025162256322801113,0.05243199013549823,9.684616001806642,0.7233661830202945,-0.037934335677708333
254,training,0,0.027880406938493252,0.05243199013549823,9.724615128822169,0.7218491751969047,-0.03819495490412487
255,training,0,0.02924622874706984,0.049040676525575234,9.764623156821912,0.7203270521077793,-0.038027878298781986
256,training,0,0.025141390971839428,0.049040676525575234,9.804451602888108,0.7188172040355452,-0.03805187799233367
257,training,0,0.023496187292039394,0.049040676525575234,9.844548270419093,0.7172936419777247,-0.03796543558302536
258,training,0,0.0004353700205683708,0.049040676525575234,9.88439340435525,0.7157931444670587,-0.03799960974730197
259,training,0,0.02635215688496828,0.049040676525575234,9.924338433953666,0.7142738323904997,-0.038321804676651486
260,training,0,0.022492219693958756,0.049040676525575234,9.964428298419943,0.7127358997563491,-0.03820032300419396
261,training,0,0.029237343929708,0.03551125670732193,10.004204065115555,0.7112161200183709,-0.03852838844066681
262,training,0,0.02429863717406988,0.03551125670732193,10.044260359388481,0.7096793998983761,-0.03815725278576652
263,training,0,0.011120405979454517,0.03551125670732193,10.084166781314782,0.7081808658868989,-0.037484116516975294
264,training,0,0.009367323480546474,0.03551125670732193,10.124058755994241,0.7066938128414688,-0.0374012778325121
265,training,0,0.023910670541226864,0.03551125670732193,10.164177216046808,0.7051949100144921,-0.0372475190525384
266,training,0,0.010605532675981523,0.03551125670732193,10.203959889110218,0.7037220674348731,-0.03727196272923881
267,training,0,0.010722373146563768,0.025723239693627064,10.243969455681405,0.7022375972074529,-0.03709392110218302
268,training,0,0.016781249083578587,0.025723239693627064,10.283957043367824,0.7007706489826648,-0.036485524614281506
269,training,0,0.009576801210641861,0.025723239693627064,10.323803518320101,0.6993321636398746,-0.03605231165304254
270,training,0,0.005368274170905352,0.025723239693627064,10.363908920540513,0.6978964417450982,-0.035458140101970126
271,training,0,0.011523863300681114,0.025723239693627064,10.40374793406233,0.6965034038503327,-0.035127883671603695
272,training,0,0.009009426925331354,0.025723239693627064,10.443706746928966,0.6951075234846854,-0.034871952168174056
273,training,0,0.004575849045068026,0.01665578581782036,10.483791222380189,0.6937238945607764,-0.03416389109532581
274,training,0,0.011164101306349039,0.01665578581782036,10.523581946463738,0.6923697136566239,-0.03411739297743843
275,training,0,0.006424432620406151,0.01665578581782036,10.563655239578853,0.6910117394654531,-0.033670564685544614
276,training,0,0.006844778079539537,0.01665578581782036,10.603562073770854,0.6896858632910846,-0.033277526093626136
277,training,0,0.00891095120459795,0.01665578581782036,10.643472777887984,0.6883605254246127,-0.0334884951387605
278,training,0,0.006474147550761698,0.01665578581782036,10.68360300716275,0.6870099547550569,-0.033708520424809714
279,training,0,0.002572626806795597,0.00698657920557185,10.723392017032205,0.6856658938439896,-0.03432221830852404
280,training,0,0.0036354130133986473,0.00698657920557185,10.763420919383266,0.6842841492290582,-0.03497728612396085
281,training,0,0.0032757227309048176,0.00698657920557185,10.803403714667759,0.682878273219028,-0.03569853208084937
282,training,0,0.010274163447320461,0.00698657920557185,10.843270564278754,0.6814377515957964,-0.036972812765259405
283,training,0,0.023969372734427452,0.00698657920557185,10.883394504549932,0.6799203731340817,-0.038805058826917614
284,training,0,0.01914443075656891,0.00698657920557185,10.923221755536598,0.6783435171439852,-0.04086831762013269
285,training,0,0.02093734499067068,0.012081793290014155,10.963189412600817,0.6766798315187377,-0.04242499344960227
286,training,0,0.011978405527770518,0.012081793290014155,11.00325051945846,0.6749690454530671,-0.0429527529025074
287,training,0,0.01949888002127409,0.012081793290014155,11.043032522492668,0.6732435736508813,-0.04379046759344776
288,training,0,0.022428606636822224,0.012081793290014155,11.083098742511824,0.6714869164029352,-0.04379735607468557
289,training,0,0.02209582831710577,0.012081793290014155,11.122960710524287,0.6697630442579106,-0.04319309214673277
290,training,0,0.021319962106645104,0.012081793290014155,11.162862646946046,0.668055878476716,-0.04249283796030788
291,training,0,0.010859088040888306,0.010119189697347082,11.20296092412662,0.666371409538093,-0.041120638917949495
292,training,0,0.023505953140556816,0.010119189697347082,11.242723538155875,0.664770935807225,-0.040078710082499
293,training,0,0.02461107913404703,0.010119189697347082,11.282748036797518,0.6631890786135473,-0.03910054356888475
294,training,0,0.016079765744507313,0.010119189697347082,11.32269442951472,0.6616542796960637,-0.03808925025531297
295,training,0,0.02031442243605852,0.010119189697347082,11.362555898436295,0.6601600244631796,-0.037043885373639326
296,training,0,0.005571386776864525,0.010119189697347082,11.402664903532335,0.6587027456137227,-0.03519812901994564
297,training,0,0.002016616985201839,0.006103162770541568,11.442463884751183,0.6573557126044289,-0.032854298816029234
298,training,0,0.00798605568706989,0.006103162770541568,11.482437780300858,0.6561027945247753,-0.029655196917619846
299,training,0,0.013458176515996456,0.006103162770541568,11.522477994775082,0.6549847703734943,-0.026056067849957107
300,training,0,0.01244302187114954,0.006103162770541568,11.562296971823626,0.6540113636327309,-0.023353135081476302
301,training,0,0.031120245344936848,0.006103162770541568,11.602397084871281,0.6531138123474435,-0.021626530061218053
302,training,0,0.03434124309569597,0.006103162770541568,11.642304382155954,0.6522674646162714,-0.021139428820282174
303,training,0,0.047503599897027016,0.023870974896467338,11.68225692412862,0.651413347916716,-0.02243664598753068
304,training,0.008273872,0.06405747681856155,0.023870974896467338,11.742304189022576,0.6499361545909731,-0.027295225743887958
305,training,0,0.032400937750935555,0.023870974896467338,11.76223238500797,0.6493757674028485,-0.028909842646055714
306,training,0,0.03589623887091874,0.023870974896467338,11.80228763786569,0.6481913475407691,-0.02918215959604841
307,training,0,0.02702892478555441,0.023870974896467338,11.842254939802663,0.6470649398186431,-0.026973481471850372
308,training,0,0.029896958731114864,0.023870974896467338,11.882133217845906,0.6460427453408717,-0.024502760403472844
309,training,0,0.039777929894626134,0.029254293875712434,11.922263638165795,0.6450959971971341,-0.022686225081482162
310,training,0,0.03767184261232614,0.029254293875712434,11.962082349248655,0.6442191201689486,-0.02143753432068736
311,training,0,0.03843551035970449,0.029254293875712434,12.002087040973233,0.6433986313973394,-0.019604549651543405
312,training,0,0.03640352468937636,0.029254293875712434,12.042120207488464,0.6426510224216893,-0.017553403318079013
313,training,0,0.04280879814177752,0.029254293875712434,12.081967623833991,0.6420020044094835,-0.015426529542337974
314,training,0,0.04209376033395529,0.029254293875712434,12.122081609867983,0.6414184752431517,-0.01374574195892081
315,training,0.0058138017,0.09646004997193813,0.03975441887370696,12.181911139695597,0.6406443960315773,-0.01212491770453831
316,training,0.0037346098,0.09943809546530247,0.03975441887370696,12.222023223945543,0.6401497055313836,-0.01329759601235032
317,training,0.0038052965,0.06962598487734795,0.03975441887370696,12.281917552576116,0.6392214172388526,-0.01823348644351248
318,training,0.0038234356,0.10036107525229454,0.03975441887370696,12.301939489676615,0.6388282540739054,-0.02146264505505553
319,training,0.031754635,0.1284809559583664,0.03975441887370696,12.342145435382768,0.6378079891544599,-0.02941738082120479
320,training,0.008070886,0.11927480064332485,0.04953749097980011,12.422090258902545,0.6347732941607205,-0.04676749481814635
321,training,0.005854786,0.10397612024098636,0.04953749097980011,12.442171395886591,0.6338067890624947,-0.04912528121683921
322,training,0.0021625021,0.08254512958228588,0.04953749097980011,12.481869430740815,0.6318253694293986,-0.04933015307046545
323,training,0.008623958,0.10345227736979722,0.04953749097980011,12.50181145431355,0.6308629576653932,-0.047019347399171206
324,training,0.0043920777,0.05703784897923468,0.04953749097980011,12.541896211660607,0.6290743915662496,-0.04261431590512988
325,training,0.0010637158,0.0558733232319355,0.04953749097980011,12.581604714216853,0.6274776823457938,-0.03672694474649088
326,training,0,0.012125097215175643,0.06294692482257709,12.621518198032627,0.6262209481488296,-0.0257240625523811
327,training,0,0.008908681571483612,0.06294692482257709,12.641576769917908,0.6257691621380356,-0.017523431395328574
328,training,0,0.009705863893032074,0.06294692482257709,12.68136136367633,0.6254043404210331,-0.0006291247200501576
329,training,0,0.023977581411600113,0.06294692482257709,12.721228921669091,0.6256966238292915,0.01424826204911969
330,training,0,0.0332427490502596,0.06294692482257709,12.761256210073487,0.6264903677943695,0.025113082503346245
331,training,0,0.02365494519472123,0.06294692482257709,12.801023478145659,0.6276731256513226,0.03294719161223194
332,training,0,0.010901065543293946,0.06627386462087975,12.841052777637222,0.6291128004359811,0.03938331569970538
333,training,0,0.02473449893295765,0.06627386462087975,12.88091471149212,0.6308044916875079,0.04544650747098815
334,training,0,0.030161608767230064,0.06627386462087975,12.920752280874007,0.6327354797250225,0.05072341527178015
335,training,0,0.03129827231168747,0.06627386462087975,12.960828299388648,0.6348227075592177,0.05219998014858363
336,training,0,0.00038226041942834854,0.06627386462087975,13.000586460976837,0.6369003368918191,0.051652952880971416
337,training,0,0.0017251074314117432,0.06627386462087975,13.040585368049527,0.6389370185555988,0.04961408820128551
338,training,0,0.014118720777332783,0.05423609807653139,13.080603925802581,0.640854570063519,0.04562313479241937
339,training,0,0.0075039109215140325,0.05423609807653139,13.120445056595713,0.6425960994406773,0.04126960074812009
340,training,0,0.008835222572088242,0.05423609807653139,13.160582500501286,0.6441605091626564,0.036610923985594075
341,training,0,0.0017971601337194443,0.05423609807653139,13.200452508158897,0.645531874141489,0.031951874023191267
342,training,0,0.0013200086541473857,0.05423609807653139,13.240440754967679,0.6467339055840058,0.028332909788464245
343,training,0,0.004514121450483799,0.05423609807653139,13.280568779454885,0.6478187549982728,0.026263038008367046
344,training,0,0.023293356876820326,0.053078165696084235,13.32037760788694,0.6488506442713343,0.024722514058827513
345,training,0,0.03580953599885106,0.053078165696084235,13.360501104138867,0.6497784593259208,0.020660268341315763
346,training,0,0.023573250509798527,0.053078165696084235,13.400481425238343,0.6504843919657968,0.014293365158247664
347,training,0,0.0230807326734066,0.053078165696084235,13.440449626324835,0.6509172709521654,0.007355241269846689
348,training,0,0.007327740080654621,0.053078165696084235,13.48066011087025,0.6510841138739593,0.001909797879007777
349,training,0,0.008017425541765988,0.04655254316905341,13.520482234381523,0.6511309152033138,0.0012669471676632713
350,training,0,0.011235034558922052,0.04655254316905341,13.56052944668358,0.6512140145496139,0.0027227520287439236
351,training,0,0.011433208477683365,0.04655254316905341,13.60057016626945,0.6513199133878447,0.002135447977924263
352,training,0,0.01618964411318302,0.04655254316905341,13.640470169000842,0.6513602402890007,-0.00029218120251709183
353,training,0.0061091813,0.052233293652534485,0.04655254316905341,13.700568763712317,0.6513585973339088,0.001651316526019653
354,training,0,0.04210493993014097,0.04169060762762493,13.72043928933472,0.6514180611038859,0.005131523614514385
355,training,0,0.025308109587058425,0.04169060762762493,13.760379930594663,0.6518238123073036,0.01445135307989689
356,training,0,0.023388035595417023,0.04169060762762493,13.800453138375374,0.6525175651332541,0.020090505528692015
357,training,0,0.007183955516666174,0.04169060762762493,13.84025382723612,0.6533996233270303,0.023245571432839836
358,training,0,0.007731275632977486,0.04169060762762493,13.880355229238184,0.6543590178701048,0.02374560062394965
359,training,0,0.01300903223454952,0.04169060762762493,13.92026612249503,0.6552685161138724,0.021233617938151497
360,training,0,0.002825705334544182,0.030789242660208275,13.96022916244515,0.6560311062587415,0.016604619053978125
361,training,0,0.009170463308691978,0.030789242660208275,14.000428426029114,0.6565985352927206,0.012306847699933666
362,training,0,0.018804004415869713,0.030789242660208275,14.04025324088719,0.657027012541185,0.008911855777288017
363,training,0,0.02751578064635396,0.030789242660208275,14.080350990971676,0.6573038769710539,0.004205523282649272
364,training,0,0.016765210777521133,0.030789242660208275,14.120408563856822,0.6573567446128442,-0.0012539986361428464
365,training,0,0.0038610040210187435,0.02171300171169327,14.16032765530358,0.657207985125896,-0.005597485832283774
366,training,0,0.000986583181656897,0.02171300171169327,14.200490860983535,0.656934981013423,-0.007448544970186089
367,training,0,0.01595604931935668,0.02171300171169327,14.240347842819872,0.6566186721621053,-0.008205824343046704
368,training,0,0.03338466491550207,0.02171300171169327,14.280365898093384,0.6562801732065663,-0.00943071388567847
369,training,0,0.027576021384447813,0.02171300171169327,14.320461655959031,0.6558473719319577,-0.012022792349508593
370,training,0,0.0343328807502985,0.01509172126477974,14.360339577438147,0.655297769494811,-0.01583697126728678
371,training,0,0.00869867077562958,0.01509172126477974,14.400478300899323,0.6545928459507533,-0.019189581120486656
372,training,0,0.016074746847152706,0.01509172126477974,14.440355564101322,0.6537836059816503,-0.020687083773778012
373,training,0,0.012772112619131804,0.01509172126477974,14.480304084276465,0.6529771001272923,-0.019527272525854854
374,training,0,0.025179769378155466,0.01509172126477974,14.520435720377641,0.6522148796994305,-0.01835649484439956
375,training,0,0.027347154566086832,0.01509172126477974,14.560236760062686,0.6514983081825144,-0.0179893123225515
376,training,0,0.021893407800234854,0.012309129330572823,14.60030681191733,0.6507859156454622,-0.017932143132059677
377,training,0,0.019451919477432966,0.012309129330572823,14.640285695604375,0.6500634831582068,-0.018121117667101016
378,training,0,0.019191375002264977,0.012309129330572823,14.68018630226404,0.6493560022491426,-0.017321238181173846
379,training,0,0.020840050652623177,0.012309129330572823,14.720322587763302,0.6486876348761346,-0.015493835645988248
380,training,0,0.0030426923185586964,0.012309129330572823,14.760134320806362,0.648114486839128,-0.013159010560904124
381,training,0,0.006640905514359474,0.012309129330572823,14.800141630539425,0.6476529348333064,-0.009730389262175882
382,training,0,0.003244142979383465,0.014262049602386856,14.840174231107076,0.6473290610535216,-0.006183636746566635
383,training,0,0.003328965976834299,0.014262049602386856,14.880014660284745,0.6471672344183542,-0.0022091808352140037
384,training,0,0.002164290752261876,0.014262049602386856,14.920127853302485,0.6471467804723972,0.0011301546214402898
385,training,0,0.009764793794602156,0.014262049602386856,14.960012751682491,0.6472293891312095,0.002836201663633124
386,training,0,0.00976035138592124,0.014262049602386856,14.999978579054837,0.6473773705520703,0.004230488806788141
387,training,0,0.0040533714927732944,0.014262049602386856,15.040123672618215,0.6475572069740445,0.005304261413380832
388,training,0,0.0009731504833325744,0.012839227946456656,15.079928201787693,0.6478014297135984,0.006415250737247072
389,training,0,0.0021829423494637012,0.012839227946456656,15.1200145287734,0.6480758086948648,0.006994369583858933
390,training,0,0.0002142653102055192,0.012839227946456656,15.159977863710159,0.6483617713299943,0.0077055246527684826
391,training,0,0.0011222377652302384,0.012839227946456656,15.19989287021982,0.6486835968906589,0.008042583014857675
392,training,0,6.0577294789254665e-05,0.012839227946456656,15.240055382930063,0.6490008565061153,0.007974580953133614
393,training,0,0.0020678029395639896,0.012839227946456656,15.279875329074994,0.6493334850027913,0.008407274238061225
394,training,0,0.0032683736644685277,0.012548553980811523,15.319909989750126,0.649680076012071,0.00880636979251367
395,training,0,0.0016450210241600873,0.012548553980811523,15.359944664757993,0.6500321692184143,0.00911142572303243
396,training,0,0.005903126555494964,0.012548553980811523,15.399818684325451,0.6503993705442828,0.00915008129435671
397,training,0,0.0021556573919951916,0.012548553980811523,15.439958127397597,0.6507684117040261,0.009105766149034954
398,training,0,0.00076408835593611,0.012548553980811523,15.47983409872832,0.6511333011602053,0.00922300719634369
399,training,0,0.007703012204729022,0.012548553980811523,15.519817202368152,0.651503879022054,0.009121249807809845
400,training,0,0.001323845237493515,0.007069174821356285,15.559962120289713,0.6518599371259336,0.009225999716635588
401,training,0,0.0028851027600467205,0.007069174821356285,15.599761670812054,0.6522414086069943,0.009275696891507295
402,training,0,0.0018719263607636094,0.007069174821356285,15.6398625922135,0.6526090162758481,0.008874982116765736
403,training,0,0.004196556750684977,0.007069174821356285,15.679813749257514,0.6529557991432657,0.008832900149017345
404,training,0,0.0024949326179921627,0.007069174821356285,15.71974490272498,0.6533068133537185,0.008364016864590386
405,training,0,0.0007500682258978486,0.007069174821356285,15.759913063453363,0.6536234004824071,0.007833551958850143
406,training,0,0.008385621360503137,0.009152903824531919,15.799725951368735,0.653947858831553,0.008055581318688951
407,training,0,0.004810643848031758,0.009152903824531919,15.839773724547982,0.6542756035797685,0.00816027729687706
408,training,0,0.002584891277365387,0.009152903824531919,15.879796429667165,0.6545981558920768,0.008340718574222604
409,training,0,0.006270973477512598,0.009152903824531919,15.91968047118555,0.6549321201846214,0.008227558553785881
410,training,0,0.009129548794589937,0.009152903824531919,15.95982847160292,0.655259782598987,0.008015230198258127
411,training,0,0.0070268161362037045,0.009152903824531919,15.999690954615131,0.6555827314361025,0.008221686719391571
412,training,0,0.01000771706458181,0.00604597827496353,16.039686713276666,0.6559138072539469,0.008081186435159959
413,training,0,0.0025467503583058715,0.00604597827496353,16.0798062357467,0.6562310272058878,0.00843850444640284
414,training,0,0.010095909587107599,0.00604597827496353,16.119622054079752,0.6565802381056044,0.008485586973534276
415,training,0,0.007692579529248178,0.00604597827496353,16.15973234477129,0.6569177160093062,0.008328943471757503
416,training,0,0.021172501612454656,0.00604597827496353,16.199660584430816,0.6572530283528311,0.008741575553730013
417,training,0.011079062,0.0592749867355451,0.00604597827496353,16.259682306070665,0.6577748231236228,0.008291207453581636
418,training,0,0.025561511516571045,0.005484864075110057,16.299656564999307,0.6580912570420628,0.007824000767838473
419,training,0,0.04187053814530373,0.005484864075110057,16.319586721999798,0.6582327531888393,0.0061788463014820424
420,training,0,0.030703053809702396,0.005484864075110057,16.35966885534798,0.6584116201284976,0.0025850046609037117
421,training,0,0.01256807567551732,0.005484864075110057,16.399703059798398,0.6584548002158769,0.000428524740833956
422,training,0,0.009372653905302286,0.005484864075110057,16.439603756374698,0.6584374524572978,-0.0012140342905428694
423,training,0,0.01118344673886895,0.005484864075110057,16.47976476948365,0.6583640689710777,-0.002305745107166743
424,training,0,0.0101805166923441,0.012095647861583556,16.51963590104938,0.6582615435747193,-0.00286437919918068
425,training,0,0.01089055510237813,0.012095647861583556,16.559644514206852,0.6581455324116402,-0.0031313276321094227
426,training,0,0.010271417442709208,0.012095647861583556,16.599722457525058,0.6580131154643015,-0.0032938372340187163
427,training,0,0.010893354658037424,0.012095647861583556,16.639581148268064,0.6578893498838594,-0.003335733265409224
428,training,0,0.03913255827501417,0.012095647861583556,16.67969711522991,0.6577562863885771,-0.0033325081842869556
429,training,0,0.04230506770545617,0.012095647861583556,16.71961815090915,0.6576170486843993,-0.0036200947947346205
430,training,0,0.02578432351583615,0.007191694619082304,16.759573771485538,0.6574736595333274,-0.0037936325356466797
431,training,0,0.04434097977355123,0.007191694619082304,16.799720979574165,0.6573118230671814,-0.003931363644988086
432,training,0,0.03846247919136659,0.007191694619082304,16.839540995145526,0.6571609327461934,-0.0038876488510642057
433,training,0,0.02739638136699796,0.007191694619082304,16.879610862762203,0.6570121682502718,-0.003902301748071233
434,training,0,0.041264959203545004,0.007191694619082304,16.91960868092334,0.6568463271734458,-0.004167736512608908
435,training,0,0.04103906132513657,0.007191694619082304,16.959513032683564,0.6566877083626539,-0.0040595333760844315
436,training,0,0.04284600028768182,0.01490547504673345,16.99966325086852,0.6565236778493192,-0.0040710568966704115
437,training,0,0.04257192881777883,0.01490547504673345,17.039511447338167,0.6563572782476854,-0.004205455197349628
438,training,0,0.007524674758315086,0.01490547504673345,17.07952817958267,0.6562000804606322,-0.0038491085911069845
439,training,0,0.0011319429613649845,0.01490547504673345,17.119588499221567,0.6560457716442236,-0.0038185479526438846
440,training,0,0.0014514517970383167,0.01490547504673345,17.1594556936148,0.6559029964594364,-0.0036312628067203786
441,training,0,0.0005226252251304686,0.01490547504673345,17.1995793071084,0.6557636313559349,-0.0034266979400007958
442,training,0,0.0019092210568487644,0.004713791244105434,17.23948391199244,0.6556216967558712,-0.003579117064514747
443,training,0,0.00238612899556756,0.004713791244105434,17.279448992593846,0.655487104417929,-0.003352429205634102
444,training,0,0.04598250100389123,0.004713791244105434,17.31958448807436,0.6553500344065938,-0.003158997341471289
445,training,0,0.000884863140527159,0.004713791244105434,17.359403974016264,0.6552393421375856,-0.0027108789574409923
446,training,0,0.0034881089814007282,0.004713791244105434,17.399482987414377,0.6551446603742404,-0.0023457397702767013
447,training,0,0.003422603476792574,0.004713791244105434,17.439459815354926,0.6550469824778511,-0.002275558899118284
448,training,0,0.0035659302957355976,0.011678461265771484,17.47937188302961,0.6549736530960343,-0.0016399830508023482
449,training,0,0.0038823322393000126,0.011678461265771484,17.519519657785207,0.6549172404618304,-0.0010386939231940193
450,training,0,0.005703928414732218,0.011678461265771484,17.559353595155912,0.6548850204413489,-0.0005839810615447668
451,training,0,0.0060239993035793304,0.011678461265771484,17.59937943957602,0.6548834322916856,0.0003889783582160241
452,training,0,0.0119742751121521,0.011678461265771484,17.63941841750463,0.6549103060087413,0.001018459282644772
453,training,0,0.007344400160945952,0.011678461265771484,17.679285766151825,0.6549721273580699,0.002063963404908489
454,training,0,0.008834728971123695,0.010119158126193588,17.71941023224094,0.655082311062228,0.0033484656972975918
455,training,0,0.011004450265318155,0.010119158126193588,17.759282867028247,0.655232991013082,0.004346220287923518
456,training,0,0.008987078937934712,0.010119158126193588,17.79925343669744,0.6554375768572656,0.005761001661049441
457,training,0,0.009620877506677061,0.010119158126193588,17.839372059801285,0.655687468482077,0.007315955172219059
458,training,0,0.009256857447326183,0.010119158126193588,17.879173801064713,0.6560268551871741,0.00928771411766804
459,training,0,0.01016720850020647,0.010119158126193588,17.919256763854914,0.6564380977591693,0.01124169506038439
460,training,0,0.021237341687083244,0.016050908330603887,17.95920278394786,0.6569252611435238,0.01351639903768082
461,training,0,0.024818331934511658,0.016050908330603887,17.999109133379918,0.6575107053208896,0.015495963063744508
462,training,0,0.021185271441936493,0.016050908330603887,18.039256710389424,0.6581603559033916,0.017291989064050915
463,training,0,0.02443490736186504,0.016050908330603887,18.079053884340063,0.6588992708482977,0.019482868099199586
464,training,0,0.022453023120760918,0.016050908330603887,18.11907732851256,0.6597207975129971,0.021542796161848267
465,training,0,0.032889257185161114,0.016050908330603887,18.159090177322984,0.6606163347614287,0.02358030144182581
466,training,0,0.039300751872360706,0.014058999190751586,18.198941511832043,0.6616028117731672,0.025752591435041692
467,training,0,0.04264442902058363,0.014058999190751586,18.239055284979326,0.6626760233154267,0.027814826878507046
468,training,0,0.04358812887221575,0.014058999190751586,18.278897234709877,0.6638285234648766,0.03004907273071841
469,training,0,0.03875263128429651,0.014058999190751586,18.31884899107106,0.66508413728037,0.0328650267441874
470,training,0,0.04454191122204065,0.014058999190751586,18.35893617749636,0.6664517983222807,0.035468221488204235
471,training,0.012768105,0.051457286346703775,0.014058999190751586,18.41869098031507,0.6687166744293719,0.039762939360609866
472,training,0.0032201447,0.09473920380696656,0.009492212214891377,18.47864813191103,0.6711550564626022,0.04116620372639103
473,training,0.03505096,0.11116200126707554,0.009492212214891377,18.538576672027123,0.6737207579333301,0.044968148177948045
474,training,0.0089366445,0.09651122707873583,0.009492212214891377,18.57846347202429,0.675584112334622,0.04861467379675274
475,training,0,0.036268608644604676,0.009492212214891377,18.598350896537,0.6765709982650978,0.04976289203729396
476,training,0.028675504,0.09345680475234985,0.009492212214891377,18.63835591535512,0.6785620616869898,0.048916836769730784
477,training,0.012753832,0.08585890382528306,0.009492212214891377,18.678330459120037,0.6804701563285157,0.046372597593716744
478,training,0,0.047718522138893604,0.0434926214915803,18.69822183157612,0.6813850109138493,0.04524801632399436
479,training,0,0.039742431603372104,0.0434926214915803,18.738219708909533,0.6831520722915033,0.042760616430339
480,training,0,0.044727952219545834,0.0434926214915803,18.758307132431025,0.6839948434185521,0.04131965639432736
481,training,0,0.04093885514885188,0.0434926214915803,18.798151881707557,0.6855976024237174,0.039024026637120256
482,training,0,0.040195465087890625,0.0434926214915803,18.83812917517338,0.6871274055805038,0.037318802676664674
483,training,0,0.04967210628092289,0.0434926214915803,18.87823263991329,0.6885865534675146,0.03542791326587507
484,training,0.01058422,0.0568416304886341,0.04335765904498745,18.938047528310932,0.6906760153731077,0.03415455254411387
485,training,0.0035111476,0.060158511623740196,0.04335765904498745,18.978171620497353,0.6920416803059581,0.034316630214607666
486,training,0,0.04430355131626129,0.04335765904498745,19.01792235656159,0.6934648788158015,0.03780597966262833
487,training,0.005342794,0.07193086575716734,0.04335765904498745,19.05796209501997,0.6950441353701412,0.04046579771820695
488,training,0.012577124,0.06934188329614697,0.04335765904498745,19.097882896445416,0.6966875135879748,0.0416458226398026
489,training,0.0062031588,0.08035201858729124,0.04335765904498745,19.137755026288847,0.6983833508714489,0.04338130283586007
490,training,0.0046872078,0.05771472025662659,0.049284066665623856,19.197725390411794,0.7010673611627724,0.04608832528010593
491,training,0,0.03584408015012741,0.049284066665623856,19.23757727444481,0.7029325787764923,0.04589182569224465
492,training,0,0.029811326414346695,0.049284066665623856,19.257641108030864,0.70382130131625,0.04210191625098257
493,training,0,0.023997001349925995,0.049284066665623856,19.27775739455552,0.7046224203784536,0.03770740064009133
494,training,0,0.018331296741962433,0.049284066665623856,19.317639324911163,0.7059553765981977,0.029053437740408423
495,training,0,0.007361311465501785,0.049284066665623856,19.357698540379666,0.7069417508797418,0.019703986134956674
496,training,0,0.016003165394067764,0.05870932884522286,19.397859407637082,0.707531095140618,0.01015175606233012
497,training,0,0.01990487426519394,0.05870932884522286,19.4377482484866,0.7077621160135454,0.002151313054472244
498,training,0,0.0356424655765295,0.05870932884522286,19.47791259422253,0.7077301132211262,-0.00327905749481687
499,training,0,0.03088453272357583,0.05870932884522286,19.517853171897464,0.7075297028670915,-0.00590050074138152
500,training,0,0.03978852741420269,0.05870932884522286,19.55781826412717,0.7072650101279322,-0.007337155602549538
501,training,0,0.014470484107732773,0.061861000202047815,19.597973933960592,0.7069429339162048,-0.008528820073384055
502,training,0,0.027768351137638092,0.061861000202047815,19.63780252247355,0.7065615254997577,-0.01125693507807556
503,training,0,0.04704730585217476,0.061861000202047815,19.677910799814985,0.7060252709110582,-0.016332082619340688
504,training,0.02507925,0.06973475776612759,0.061861000202047815,19.717932055149095,0.7052635432767635,-0.021603326820588444
505,training,0,0.02442790940403937,0.061861000202047815,19.75784928328793,0.704303046332655,-0.026491005823389657
506,training,0,0.023241396993398666,0.05531032096061153,19.79803626508377,0.7031226826968567,-0.033011347630483474
507,training,0,0.012735944241285331,0.05531032096061153,19.83788942792077,0.7016534388361951,-0.04108612662507583
508,training,0,0.015355972573161125,0.05531032096061153,19.877905743392382,0.6998749862388245,-0.04706620829483326
509,training,0,0.0010240152478218148,0.05531032096061153,19.917938241439433,0.6979050972325777,-0.052140308552221216
510,training,0,0.021300319582223892,0.05531032096061153,19.957735730923595,0.6956800720804017,-0.05993833949911196
511,training,0,0.04421274736523628,0.05531032096061153,19.997839540573846,0.6930909477202223,-0.06982770161763999
512,training,0,0.0226593092083931,0.04338280395667063,20.037643095421334,0.6901051944636452,-0.08086175008030187
513,training,0,0.008350800722837448,0.04338280395667063,20.07752280806813,0.6866625623907788,-0.09067031687986828
514,training,0,0.00146494060754776,0.04338280395667063,20.11747024893785,0.6828744940311631,-0.09839254393958882
515,training,0,0.00466307811439037,0.04338280395667063,20.157105047136387,0.6787895700264097,-0.10751810074146037
516,training,0,0.030754570849239826,0.04338280395667063,20.196960947190124,0.6743417309183306,-0.11351406905125819
517,training,0,0.03338172845542431,0.04338280395667063,20.236648694707206,0.6698105404652667,-0.11354120481182196
518,training,0,0.04247129149734974,0.018637381514623186,20.276245322438772,0.665300353088507,-0.11298700608877864
519,training,0,0.040767140220850706,0.018637381514623186,20.316047064631608,0.6608429299619133,-0.10895929792923996
520,training,0,0.04930679686367512,0.018637381514623186,20.355575628342375,0.6566459107165851,-0.10343856333939612
521,training,0.0065647997,0.06302253343164921,0.018637381514623186,20.4153040588764,0.6507303206589723,-0.09326801148562586
522,training,0.0018452564,0.09797350503504276,0.018637381514623186,20.45490577189393,0.647222230306925,-0.08416753874842733
523,training,0.034034792,0.12561438232660294,0.018637381514623186,20.494679124725277,0.644139544845876,-0.0689136899042766
524,training,0.0023820275,0.12329547479748726,0.010564298209002244,20.534581636053005,0.641764169138618,-0.04919506977161578
525,training,0.005225277,0.08425342291593552,0.010564298209002244,20.574246570221508,0.6401545881364921,-0.03357241724601321
526,training,0.002132996,0.10471062734723091,0.010564298209002244,20.614292657981288,0.6390262055525429,-0.023835383660808743
527,training,0.006954086,0.11028135428205132,0.010564298209002244,20.654189026301395,0.6382022197380053,-0.018402957699462562
528,training,0.011547929,0.1047111046500504,0.010564298209002244,20.694129729247248,0.6375092152446731,-0.01710681655084824
529,training,0.005883367,0.10475395142566414,0.004791004938267004,20.734270712985964,0.6368262243904805,-0.016687920216089967
530,training,0.036674898,0.0602541984990239,0.004791004938267004,20.774090979183303,0.6361444833378834,-0.017942607997683265
531,training,0,0.02577831968665123,0.004791004938267004,20.814171376441774,0.6353939804059076,-0.020458048095602532
532,training,0,0.036746539175510406,0.004791004938267004,20.834276074044695,0.6349410838535738,-0.023803589748809976
533,training,0,0.029409039765596397,0.004791004938267004,20.874128016731802,0.6338701763503642,-0.029738105471590188
534,training,0,0.015314357355237007,0.004791004938267004,20.914176143783674,0.6325955528042068,-0.0339636666353042
535,training,0,0.010945186018943787,0.03412984109114304,20.954184533327712,0.6311555915638327,-0.03890442271663671
536,training,0,0.03037625923752785,0.03412984109114304,20.994070979425768,0.6294624765980374,-0.04701106277079337
537,training,0,0.02012016996741295,0.03412984109114304,21.03422718813993,0.6273749882335112,-0.057253158875444375
538,training,0,0.019482236355543137,0.03412984109114304,21.074021487369205,0.6248996118216424,-0.06739047318273311
539,training,0,0.0031757266260683545,0.03412984109114304,21.113952058495954,0.6220374882444395,-0.0749956814891911
540,training,0,0.006853915750980377,0.03412984109114304,21.153935349731835,0.6189522179383374,-0.07786747709961145
541,training,0,0.017191585153341293,0.03439226552793299,21.193616934688098,0.6158161452511204,-0.08016387405659288
542,training,0,0.01814752211794257,0.03439226552793299,21.233593783064915,0.6125558916218572,-0.08316450446446198
543,training,0,0.004040541127324101,0.03439226552793299,21.273344648223368,0.6092052164905816,-0.08574969941292705
544,training,0,0.02181295864284039,0.03439226552793299,21.313126047164747,0.6057806138753753,-0.0846350215858662
545,training,0,0.04138949327170849,0.03439226552793299,21.353062033076206,0.6025080598062472,-0.07687975176957246
546,training,0,0.01409318298101425,0.03439226552793299,21.392676408696506,0.5996692281955337,-0.06667623945985786
547,training,0,0.010011116974055767,0.01730761812234306,21.432606211725407,0.5971728812461271,-0.059498338925404966
548,training,0,0.002695429837331176,0.01730761812234306,21.472475169528337,0.594889073076681,-0.05634959440007568
549,training,0.003491288,0.054105252493172884,0.01730761812234306,21.532310725429923,0.5915442068659695,-0.05572558338601823
550,training,0,0.045038858428597436,0.01730761812234306,21.57227204114727,0.5893372973997345,-0.05504953101967846
551,training,0,0.03547917492687702,0.01730761812234306,21.59211097931017,0.5882497546586721,-0.05446353173039868
552,training,0,0.045706652104854584,0.01730761812234306,21.632038337639052,0.5861382173612559,-0.05110918622352458
553,training,0,0.04731227457523345,0.007963958929400354,21.67205304078006,0.584167872095167,-0.04758360301651461
554,training,0.003787208,0.05772825330495836,0.007963958929400354,21.75187239659018,0.5805271732999768,-0.04362096461608537
555,training,0,0.03321194648742675,0.007963958929400354,21.77188171329869,0.579668139731761,-0.04212869841494974
556,training,0,0.039904916658997536,0.007963958929400354,21.81163391313223,0.5780562831048707,-0.03906674648789547
557,training,0.0116606895,0.1159918271005154,0.007963958929400354,21.851679530388722,0.5765615759488709,-0.035431059642718865
558,training,0.0046500834,0.06498377583920956,0.007963958929400354,21.89158155602935,0.5752547636470291,-0.029540353719030313
559,training,0.005409602,0.06897570192813873,0.016270605733581096,21.931451938334668,0.5742022375279638,-0.023611575410359433
560,training,0.0042933957,0.09823442809283733,0.016270605733581096,21.991470616362612,0.5729866648344698,-0.017321309102516086
561,training,0.0036646102,0.11512514017522334,0.016270605733581096,22.031371830809388,0.5722732751626017,-0.02012917462681001
562,training,0.0050863395,0.11670195218175647,0.016270605733581096,22.051434890996394,0.571851332090497,-0.02185896057422543
563,training,0.0009959161,0.06449350714683531,0.016270605733581096,22.111345742876345,0.5705351223771956,-0.019693635092123695
564,training,0,0.03949086740612982,0.013129262081437505,22.151320738726533,0.5698580453438502,-0.013161042489947417
565,training,0,0.030618894845247255,0.013129262081437505,22.171396747515,0.5696310350895623,-0.008046775347102764
566,training,0,0.03711167350411415,0.013129262081437505,22.21120368170546,0.5695213780456662,0.002637175100399127
567,training,0,0.03475147858262062,0.013129262081437505,22.231124467569035,0.5696257212973773,0.007519188187592634
568,training,0,0.04672304168343544,0.013129262081437505,22.271197845254896,0.5701026624638955,0.01621611811480422
569,training,0,0.015328515321016305,0.013129262081437505,22.31104905684005,0.5708771333097605,0.02249423828787933
570,training,0,0.02959153801202774,0.013129262081437505,22.35094781400984,0.5719194272356688,0.030084306827367013
571,training,0,0.024903971701860428,0.027949710726819652,22.391031595132446,0.5732686091043013,0.03760209449413867
572,training,0,0.01366644911468029,0.027949710726819652,22.430731248659676,0.5749218065534305,0.0450931761010714
573,training,0,0.012804895639419556,0.027949710726819652,22.470717977802916,0.5768598653116817,0.05182761512277256
574,training,0,0.005545683205127716,0.027949710726819652,22.51058283472374,0.5790384707392552,0.05730002474768388
575,training,0,0.0005393382161855698,0.027949710726819652,22.550379191935214,0.5814381596969213,0.06278081324153562
576,training,0,0.00547914020717144,0.027949710726819652,22.590396951336157,0.5840397589001067,0.0666469717760947
577,training,0,0.0004952112212777138,0.051553687847212835,22.630102467962804,0.5867597348949749,0.07015855876351798
578,training,0,0.00438832538202405,0.051553687847212835,22.669993193553506,0.589636741408102,0.073561153767639
579,training,0,0.04718116205185652,0.051553687847212835,22.709921433712356,0.5926220361698495,0.07521119721455075
580,training,0,0.02015797607600689,0.051553687847212835,22.749606193649747,0.5956846832123195,0.07841967722335462
581,training,0,0.008156818337738514,0.051553687847212835,22.789561333251775,0.5988816889714353,0.08103744846003448
582,training,0,0.0123881371691823,0.051553687847212835,22.82929040921093,0.6021419918062068,0.0827202137001194
583,training,0,0.013932793401181698,0.0523078710355505,22.8690979440802,0.6054919586111527,0.08499923465613232
584,training,0,0.0011392917949706316,0.0523078710355505,22.90902626542078,0.6089231371497477,0.08574384987103197
585,training,0,0.0025147774140350525,0.0523078710355505,22.948685132000776,0.6123620928893447,0.08692102548850261
586,training,0,0.0043201374355703575,0.0523078710355505,22.988594721214994,0.6158564608606708,0.08747360288678266
587,training,0,0.020223451021593068,0.0523078710355505,23.02839325083189,0.6193326533567397,0.08655872985037055
588,training,0,0.020673628197982904,0.0523078710355505,23.068143466085928,0.6227951136589038,0.0869650026022616
589,training,0,0.03525464254198596,0.03991387177945138,23.10809054723777,0.6262830911523962,0.08663561578936396
590,training,0,0.042195153422653675,0.03991387177945138,23.147783238017634,0.6297315719314028,0.08684213033154517
591,training,0.030078903,0.0541446041315794,0.03991387177945138,23.207615895198813,0.6350042106102771,0.08871461918317067
592,training,0,0.04239525343291461,0.03991387177945138,23.24729625832691,0.6385526250986086,0.08966815080426954
593,training,0.0023034601,0.05586293572559953,0.03991387177945138,23.287121174516482,0.6421646584256451,0.0910213362844479
594,training,0,0.04785677371546626,0.03991387177945138,23.32701481808787,0.6458114081815068,0.09060495004727334
595,training,0.008831704,0.061623826157301664,0.0238733143667632,23.366665578821483,0.6494286662968249,0.09081908026906457
596,training,0.0090988735,0.08023610804229973,0.0238733143667632,23.406580009364415,0.6530827473742233,0.09184739160644123
597,training,0.003599145,0.06433760188519955,0.0238733143667632,23.44629032431188,0.6567562263802521,0.0931949165008758
598,training,0.027444543,0.07316890236688778,0.0238733143667632,23.486054720650536,0.6605235851654967,0.09489507077863388
599,training,0.0012434194,0.10694924741983414,0.0238733143667632,23.525954091518845,0.6643314284668389,0.09490158823101817
600,training,0.0058737257,0.13788411021232605,0.0238733143667632,23.565567007618977,0.668155111546992,0.09967464315317115
601,training,0.005833788,0.12145423144102095,0.018793629242870563,23.605323999043463,0.6723434013656447,0.1106498515796365
602,training,0.028502595,0.06142706051468849,0.018793629242870563,23.645016106929003,0.6769001432244399,0.11575346222773762
603,training,0,0.03824528306722641,0.018793629242870563,23.6846078222682,0.6815480462244805,0.11452385262300822
604,training,0,0.028381846845150008,0.018793629242870563,23.72454068438466,0.6859216443372556,0.1022984495486766
605,training,0,0.020097345113754272,0.018793629242870563,23.744478988571093,0.6878842208422551,0.0943578943963992
606,training,0,0.002485223114490509,0.018793629242870563,23.78427060768821,0.6913707135008417,0.07965303525174006
607,training,0,0.004617117345333113,0.009697601730461919,23.82442723644723,0.6942524639096158,0.06322432162060802
608,training,0,0.02859440445899962,0.009697601730461919,23.86433188404983,0.6964335172735701,0.046488280835719285
609,training,0,0.03668663650751114,0.009697601730461919,23.904416677790568,0.697969564572433,0.029389441045964734
610,training,0,0.007534634321928031,0.009697601730461919,23.944672515336293,0.6988015146202214,0.01293505785234902
611,training,0,0.03487274795770645,0.009697601730461919,23.98455879418081,0.6990434381491317,0.00016659441685727813
612,training,0,0.04218848794698715,0.0472158780303291,24.02474965536595,0.6988366586645747,-0.010305197452973954
613,training,0,0.018909718841314312,0.0472158780303291,24.064761405618817,0.6982341978920487,-0.01954572262263471
614,training,0,0.02001473307609558,0.0472158780303291,24.104743247409704,0.697260510968365,-0.028995929534700066
615,training,0,0.027519562281668186,0.0472158780303291,24.14494174362838,0.6959186936944508,-0.03742183803089803
616,training,0,0.038054018979892135,0.0472158780303291,24.18475095731261,0.6942670698641416,-0.045938611714854645
617,training,0.005420431,0.0536816231906414,0.04023532629022975,24.24488624208005,0.6911284708619544,-0.05825529560021759
618,training,0,0.019102117046713833,0.04023532629022975,24.28463221133664,0.6886697990265914,-0.06515498514237712
619,training,0,0.02027816884219646,0.04023532629022975,24.324551028099247,0.6860995382055088,-0.060967541520616314
620,training,0,0.01931707188487053,0.04023532629022975,24.344579646656037,0.6849154863618933,-0.056576438009569345
621,training,0,0.01992899551987648,0.04023532629022975,24.38429902132177,0.6828678236519977,-0.047395429875843866
622,training,0,0.019432813860476017,0.04023532629022975,24.424218297352972,0.6811284156076453,-0.039976276918967726
623,training,0,0.01498441956937313,0.026958077819123297,24.464243969717646,0.6796618946289487,-0.033437582381196554
624,training,0,0.008155466988682747,0.026958077819123297,24.50402887865294,0.6784228360956686,-0.02973000597444677
625,training,0,0.02783262834418565,0.026958077819123297,24.544117295067874,0.6772763876152056,-0.027715656240932567
626,training,0,0.019651753827929497,0.026958077819123297,24.583939380609362,0.6762276266879863,-0.02439927688237342
627,training,0,0.012294549494981759,0.026958077819123297,24.62384153180761,0.6753742650432705,-0.017996289732079198
628,training,0,0.002780906856060021,0.026958077819123297,24.663960392281943,0.6747765623420907,-0.01128039754509615
629,training,0,0.0028684064745902946,0.020216065652294474,24.703714841388358,0.674468518440112,-0.003907502533331342
630,training,0,0.03585101291537285,0.020216065652294474,24.743743638110775,0.674467676408195,0.0038349366671147403
631,training,0,0.022383317351341234,0.020216065652294474,24.783692980428846,0.6747591995726946,0.011178969047114677
632,training,0,0.029213815927505493,0.020216065652294474,24.82352679587228,0.6753782689233337,0.01978308582416075
633,training,0.005856464,0.06595330685377121,0.020216065652294474,24.86362250749862,0.6763247189042192,0.02781353850087482
634,training,0,0.02629593759775163,0.020216065652294474,24.9033501913191,0.6776050162318794,0.03791232625099984
635,training,0,0.0250580832362175,0.01105323366044075,24.94322990276548,0.6793928614162226,0.05157623280193848
636,training,0.0039059615,0.05077051371335985,0.01105323366044075,24.983174155577988,0.6817051786284637,0.06440912571118304
637,training,0.00626107,0.07862383127212527,0.01105323366044075,25.022765698518377,0.684558903305532,0.07976419247980421
638,training,0,0.008869007229805007,0.01105323366044075,25.062600814025494,0.6880736892117212,0.09625784347265022
639,training,0.0066326456,0.11326248943805695,0.01105323366044075,25.1021789827364,0.6921856958284228,0.11095440709817866
640,training,0.002361128,0.09254444390535355,0.01105323366044075,25.16158995031316,0.6994608145137394,0.1312699077058909
641,training,0.012019573,0.1426393911242485,0.020612371244676974,25.20112619184191,0.7048712758877358,0.14050992502462395
642,training,0.023372421,0.1256760135293007,0.020612371244676974,25.240524004137523,0.7106575117655686,0.1507421052889685
643,training,0.0043993574,0.18605085276067257,0.020612371244676974,25.28000177849056,0.7167984572556101,0.15650954028786282
644,training,0.0007601592,0.20126192737370727,0.020612371244676974,25.31939065563463,0.7230901276373844,0.16002373394084393
645,training,0.00063335744,0.27391225885367015,0.020612371244676974,25.358851432856085,0.7295213949715568,0.16201895078708184
646,training,0.007060212,0.3148733079433441,0.020612371244676974,25.398335765817095,0.7359392901990787,0.15935365889062428
647,training,0.0039663427,0.34148579463362694,0.02758524835921572,25.437712538754983,0.7422222326926092,0.15647297400803847
648,training,0.005041046,0.33406832814216614,0.02758524835921572,25.477290305510536,0.7483878235733699,0.15173862481037811
649,training,0.006569283,0.29996107704937464,0.02758524835921572,25.51678659588779,0.754314047221198,0.14687603890636025
650,training,0.0015812588,0.3325683251023293,0.02758524835921572,25.55636346553804,0.7601248914819879,0.1448218523783375
651,training,0.012223309,0.31592520140111446,0.02758524835921572,25.595956589245322,0.7658633601747946,0.14271222067554515
652,training,0.0024876741,0.32703403197228903,0.02758524835921572,25.63545541449845,0.7715631864763884,0.14475697804093007
653,training,0.011773288,0.32889894209802145,0.03332612623447004,25.675012688559793,0.7774400178166581,0.15043752886521172
654,training,0.0022947437,0.3145686648786068,0.03332612623447004,25.71446338067,0.7835701137375081,0.15865604992845836
655,training,0.03150217,0.30647620558738703,0.03332612623447004,25.753723840457205,0.7901200441562265,0.17278977579585555
656,training,0.010141617,0.2965096458792687,0.03332612623447004,25.792933489172274,0.7972748438131885,0.18798791194364778
657,training,0.009227666,0.3063475862145424,0.03332612623447004,25.83200617898627,0.80506171449506,0.20655572571130937
658,training,0.01661332,0.33252499997615814,0.03332612623447004,25.870864072146578,0.8136363894208364,0.2273196222973046
659,training,0.009943528,0.31960542500019073,0.11704990030985823,25.89021920248768,0.8182117717598888,0.23661045679822199
660,training,0.0055658743,0.5976100564002991,0.11704990030985823,25.929072582417216,0.8280846567519621,0.27311144755286465
661,training,0.006386277,0.749900609254837,0.11704990030985823,25.983976992255695,0.8477270895705455,0.4374627180108464
662,training,0.003844756,0.6970059461891651,0.15929439249725305,26.017723414587454,0.8665726606074916,0.5831260606854669
663,training,0.021539852,0.6287462785840034,0.15929439249725305,26.048364369250628,0.8901760323841886,0.7303529383930127
664,training,0.0050642276,0.5642740328330547,0.1726381776455282,26.075344831592137,0.9180337222803298,0.8715913660181676
665,training,0.0019402441,0.44413095805793995,0.1726381776455282,26.09825466690823,0.9490466229286406,0.9936470445910529
666,training,0.047155425,0.35856886580586433,0.16543682985216251,26.11780932839555,0.9827910274624494,1.092442531337089
667,training,0.011432986,0.3861171752214432,0.16543682985216251,26.134500975478232,1.0183998742784435,1.1699867384920333
668,training,0.0026374692,0.3943420574069023,0.16543682985216251,26.148619328195164,1.0551805042709725,1.2382797483177834
669,training,0.0504329,0.309070099145174,0.13245662865083022,26.160364317657795,1.0928197435950762,1.29780117049819
670,training,0.015241312,0.2890380546450615,0.13245662865083022,26.169936365223986,1.1310456938909177,1.3504439629241625
671,training,0.060969353,0.3777807429432869,0.13245662865083022,26.177745315694864,1.1699849142494834,1.3942280744938782
672,training,0.0063945507,0.312295563519001,0.13245662865083022,26.183663331039117,1.2091242887387363,1.449278330750157
673,training,0.034582935,0.26814570277929306,0.08485599156288265,26.185803784391542,1.228698234545818,1.473914057996866
674,training,0.029859776,0.20431851968169212,0.08485599156288265,26.18872274557343,1.2682612362702737,1.5183763436010762
675,training,0.0027706153,0.13435835763812065,0.08485599156288265,26.190279250560884,1.3278023776571766,1.5683701595769572
676,training,0.003956938,0.09731606300920247,0.08485599156288265,26.189838763671073,1.3675900899549263,1.593551554119848
677,training,0.007279541,0.11114402487874031,0.08485599156288265,26.188559497278977,1.4073496485377128,1.6113166739544376
678,training,0.004909437,0.09251237660646439,0.08485599156288265,26.186624573690295,1.4471690803261608,1.6259579702327338
679,training,0,0.01706290105357766,0.03476279431141631,26.184175020676363,1.486996705078148,1.6371072362149965
680,training,0,0.0006699562072753906,0.03476279431141631,26.182822242211145,1.5069250520077548,1.6390817770964163
681,training,0,0.019097157754004,0.03476279431141631,26.18006067073655,1.5467914056364327,1.6417608968871473
682,training,0,0.012380075175315142,0.03476279431141631,26.177137649199683,1.5866050592515286,1.6451393618423087
683,training,0,0.030795457540079948,0.03476279431141631,26.174144435461525,1.6264998132395292,1.6459121556369924
684,training,0,0.020200875587761402,0.03476279431141631,26.171105553575835,1.6662855629223097,1.6475141112913025
685,training,0,0.02910908032208681,0.022816193440662057,26.168059749082857,1.7061187448592876,1.6455224249540803
686,training,0.0083260145,0.059636279940605164,0.022816193440662057,26.163716832298416,1.7659428619985487,1.6411546466326596
687,training,0.03609959,0.07068797573447227,0.022816193440662057,26.160999327051268,1.8058389514852515,1.635606283604229
688,training,0.042737722,0.17200291901826859,0.022816193440662057,26.158576080716806,1.8457996433948434,1.6268788156453218
689,training,0.047154985,0.16343966871500015,0.022816193440662057,26.156569294853067,1.8858488030453116,1.6114704397966053
690,training,0.0048922678,0.18674446642398834,0.02412903353880561,26.155371039784313,1.9259742472929398,1.590765749941766
691,training,0.0120239835,0.23762958496809006,0.02412903353880561,26.15488316095944,1.965973366840373,1.5755533108713753
692,training,0.013001005,0.2471902295947075,0.02412903353880561,26.155000142452113,2.006174783649045,1.559445204622698
693,training,0.014632094,0.3101136088371277,0.02412903353880561,26.155830688542636,2.046193378794087,1.5409129570908744
694,training,0.004570755,0.3158468082547188,0.02412903353880561,26.15735732293076,2.08625947960481,1.5247201256762375
695,training,0.022439197,0.285819198936224,0.02412903353880561,26.15953043258419,2.1264281644800875,1.5085368583077663
696,training,0.0019854363,0.2918248921632767,0.03566446828800411,26.16223411587977,2.1662476721854538,1.4990584370737852
697,training,0.020341868,0.2846822561696172,0.03566446828800411,26.165200571096946,2.206243247070673,1.494920035307257
698,training,0.0043282737,0.29961128486320376,0.03566446828800411,26.168293243201337,2.246060973732617,1.491703661023523
699,training,0.016090505,0.3176292250864208,0.03566446828800411,26.171433070158294,2.2858652579722687,1.4923239037137828
700,training,0.024524463,0.31931002996861935,0.03566446828800411,26.174520863541108,2.32581505055539,1.494689241022345
701,training,0.002598125,0.30304751172661776,0.03566446828800411,26.17746759356668,2.365571907473441,1.4994525189120465
702,training,0.017771631,0.2745793424546718,0.02452643702889148,26.17885473334486,2.3854876113048413,1.5029749588691157
703,training,0.012785137,0.3170437682420015,0.02452643702889148,26.181440230552617,2.425452660629683,1.508871192104934
704,training,0.003647394,0.3046349808573723,0.02452643702889148,26.183813042745513,2.4652281345286187,1.5132185357632053
705,training,0.006015967,0.2963976636528969,0.02452643702889148,26.186026541666557,2.5051562922567956,1.5173725601969932
706,training,0.008916463,0.301524706184864,0.02452643702889148,26.18810506077079,2.5450660661060494,1.5195958725035095
707,training,0.002324856,0.30341142043471336,0.02452643702889148,26.19004793208858,2.5848776242740428,1.5249826617056408
708,training,0.044484843,0.3250931249931455,0.0224557246064872,26.191743775405318,2.6248793777187736,1.5319125010707555
709,training,0.042663798,0.3262511910870672,0.0224557246064872,26.193190209550526,2.664714867475924,1.536406055065036
710,training,0.002805686,0.30138333514332766,0.0224557246064872,26.19447386167722,2.7046310325560863,1.5405109079823676
711,training,0.04213452,0.271776020526886,0.0224557246064872,26.19562645613111,2.7445551005962843,1.5428994135956364
712,training,0.0077836895,0.2576208375394345,0.0224557246064872,26.19703690050384,2.8043959853723766,1.5527406374023245
713,training,0.0063819764,0.33390088379383087,0.0224557246064872,26.197570822648913,2.844306718956717,1.5614975975813032
714,training,0.060932316,0.3226537611335516,0.1282325200321401,26.197812691110318,2.884222160635563,1.5669625237155747
715,training,0.013322851,0.48384043294936413,0.1282325200321401,26.197321945591117,2.9238040220487824,1.6114332792025372
716,training,0.005249272,0.50106580555439,0.1282325200321401,26.19424486168259,2.9628046912270105,1.6946522456738933
717,training,0.0013833602,0.3401124104857445,0.1282325200321401,26.19136707270882,2.9822856078688273,1.740820716219373
718,training,0.009060153,0.16022764146327972,0.18272330731185957,26.183043773385037,3.0206158094047773,1.8276437256756104
719,training,0.01955622,0.12029500305652618,0.18272330731185957,26.171570948045318,3.058156912906298,1.9037767880954317
720,training,0.0024685324,0.06686849892139432,0.18272330731185957,26.157523569430982,3.095058220126506,1.9638802484250626
721,training,0,0.041307881474494934,0.19339644154577243,26.141385986809418,3.1311274451935183,2.0167658205077332
722,training,0.054990984,0.0861665457487106,0.19339644154577243,26.123516958252818,3.1663803810543008,2.0610650866899163
723,training,0,0.04723173379898071,0.19339644154577243,26.104168654923892,3.2009994572223506,2.098582374197321
724,training,0.041946173,0.07177207618951796,0.19339644154577243,26.072838365274947,3.2517456364318895,2.1497771990148684
725,training,0.012392505,0.08490375429391862,0.19339644154577243,26.05063597888591,3.2847778219877646,2.1701808796442945
726,training,0.003173718,0.11379034817218779,0.19339644154577243,26.027723680343126,3.317540378827297,2.1933222965566412
727,training,0.019185819,0.062404729425907135,0.1681024226636405,26.00426163575495,3.3494685789287715,2.214525050873833
728,training,0.026662273,0.05864446982741356,0.1681024226636405,25.96767952453145,3.3968579375940657,2.2403490477565815
729,training,0.032247107,0.11020561307668686,0.1681024226636405,25.942771040388305,3.4278873853063123,2.253207559761561
730,training,0.0042688916,0.12071304768323898,0.1681024226636405,25.91740866844992,3.4587499571381293,2.263607282232753
731,training,0.013731921,0.12498380988836288,0.1681024226636405,25.89180030967241,3.489375309550428,2.2703159239260837
732,training,0.0088607175,0.11484459415078163,0.1681024226636405,25.866057548394373,3.519746079703675,2.2766296549185836
733,training,0.042235162,0.1395888328552246,0.09904594708177562,25.840073491098,3.5501332761938302,2.277333877294438
734,training,0.014041675,0.13298040255904198,0.09904594708177562,25.814175885890403,3.5805257663297687,2.2763135083269654
735,training,0.0067430357,0.19331743568181992,0.09904594708177562,25.788227893738444,3.610901072364116,2.2804545641392044
736,training,0.01875825,0.17694066651165485,0.09904594708177562,25.76214232936197,3.641169774156737,2.2808031099203725
737,training,0.0034881602,0.14137176796793938,0.09904594708177562,25.736171960279844,3.671442331388775,2.2811669117507742
738,training,0.04059212,0.09918665140867233,0.09904594708177562,25.71001608432818,3.7016654824250477,2.286706693158583
739,training,0.0073021376,0.1524377055466175,0.09904594708177562,25.683723582438212,3.731678064927455,2.2947433210267176
740,training,0.0055978643,0.17373991757631302,0.09904594708177562,25.670606848604002,3.74646487430645,2.2961416509900454
741,training,0.008908522,0.2191381584852934,0.03979580468360809,25.63084278589676,3.791299295303517,2.2985736346303307
742,training,0.003371652,0.2525170911103487,0.03979580468360809,25.590182210796563,3.8348632835736827,2.3569699980398804
743,training,0.00081842724,0.1882491335272789,0.03979580468360809,25.54680702261695,3.8753389755062937,2.4216244099580857
744,training,0.010985817,0.16961120069026947,0.03979580468360809,25.516404971081837,3.9010990569418613,2.4522241089699244
745,training,0.011053624,0.16395531594753265,0.03979580468360809,25.50104096941637,3.913625093517672,2.460734831586044
746,training,0.006936023,0.1882768850773573,0.03979580468360809,25.469924548020053,3.938539090111797,2.470945886856773
747,training,0.004281237,0.2496261149644852,0.015489016181236256,25.438409004389182,3.9633516469677947,2.479728370474029
748,training,0.009656212,0.26053550094366074,0.015489016181236256,25.422734816652227,3.975483937722893,2.4859049102314903
749,training,0.0034185422,0.3254670798778534,0.015489016181236256,25.391022228764555,3.999520219830027,2.5007124326122527
750,training,0.010783609,0.2946872189640999,0.015489016181236256,25.374936151978915,4.0114164622410655,2.5095225409106203
751,training,0.04050439,0.2642701528966427,0.015489016181236256,25.34253803633245,4.03471133532497,2.526877675609391
752,training,0.005332837,0.2395087854238227,0.015489016181236256,25.30988989033988,4.0574968829603115,2.535631310815155
753,training,0.015011406,0.2590897139161825,0.015489016181236256,25.276905566227125,4.080388610720653,2.5333361163114194
754,training,0.009876448,0.27166468463838106,0.015489016181236256,25.244258239393844,4.103231257216607,2.5281211007075073
755,training,0.0141948685,0.2708028207998723,0.08592328667293898,25.211589825297594,4.1263684936577105,2.5222595170698403
756,training,0.013992722,0.2877809861674905,0.08592328667293898,25.178991128655163,4.1497320035253065,2.517492859391429
757,training,0.021371208,0.29424071218818426,0.08592328667293898,25.146664168272803,4.17303590014657,2.516987879103201
758,training,0.03959641,0.2953440938144923,0.08592328667293898,25.11410796714803,4.196437233328306,2.5207430289623898
759,training,0.035585906,0.301334798336029,0.08592328667293898,25.081589472992654,4.219461987469836,2.53096003416382
760,training,0.050875086,0.3262513540685177,0.08592328667293898,25.048799930446965,4.242098854177675,2.54453937036884
761,training,0.0074483575,0.31098736822605133,0.08592328667293898,25.015546824544323,4.264323554181501,2.5612261711765303
762,training,0.011228522,0.30800289660692215,0.15504487703670736,24.982466183595236,4.285280953959283,2.57524613676961
763,training,0.010801161,0.2975374683737755,0.15504487703670736,24.948681274190907,4.3069962301572,2.551394774679718
764,training,0.0042011407,0.44773382321000105,0.15504487703670736,24.915704137208387,4.330210909158119,2.5031769511659037
765,training,0.0086297225,0.3657254185527563,0.15504487703670736,24.883989515010292,4.355340948551783,2.4334633906208065
766,training,0.0631143,0.2966013634577393,0.15504487703670736,24.854056253679158,4.38282064467126,2.3651585495381795
767,training,0.014610625,0.2505159378051757,0.20764124836890455,24.826056256303136,4.412006248608195,2.305043206203079
768,training,0.004088338,0.177825540304184,0.20764124836890455,24.79987274189295,4.442826219507156,2.244609629535714
769,training,0.019532965,0.1911113616079092,0.20764124836890455,24.775918088359,4.474036813155824,2.2047902425397186
770,training,0.013030911,0.2354990020394325,0.20764124836890455,24.752712589114275,4.507023846487639,2.1620013496994885
771,training,0.007529576,0.16634966805577278,0.20914286801245124,24.73106822924232,4.54073626654502,2.1208576993052106
772,training,0.014397668,0.22082675993442535,0.20914286801245124,24.71056975162459,4.5754866966607075,2.0888682900397058
773,training,0.005301092,0.3533181697130203,0.20914286801245124,24.69113712191054,4.610611257916115,2.065522808070398
774,training,0.02859134,0.3193959519267082,0.20914286801245124,24.663281539494665,4.663902064550833,2.040074873745831
775,training,0.0115317665,0.17901437729597092,0.20914286801245124,24.645429499889207,4.6998089876706555,2.0235319208902554
776,training,0.013964862,0.18920277431607246,0.20914286801245124,24.62823178374653,4.735848306858248,2.0094612776224774
777,training,0.003046866,0.2364673218689859,0.15532843370886978,24.61139884840563,4.772211987356155,2.0000854914843025
778,training,0.005541171,0.25659171491861343,0.15532843370886978,24.586615995171176,4.8267595432980075,1.995315200646805
779,training,0.00334545,0.18480288330465555,0.15532843370886978,24.562050680905706,4.881474210073167,1.990862038008663
780,training,0.015347895,0.10402749292552471,0.15532843370886978,24.545732347679895,4.917890923659662,1.9927818549660004
781,training,0,0.0445115864276886,0.09146739335490121,24.529291155608576,4.954363416390124,1.9968226574053207
782,training,0,0.0400996059179306,0.09146739335490121,24.52100375233719,4.97246911070912,2.003834364786634
783,training,0.02642116,0.0746784619987011,0.09146739335490121,24.504033723307156,5.0084769281627946,2.017469173804108
784,training,0.05118056,0.09239676501601934,0.09146739335490121,24.486581885434337,5.04444577336046,2.026358811729182
785,training,0.043123,0.11198006384074688,0.09146739335490121,24.46006398446774,5.098009360684333,2.0314732582480337
786,training,0.07108459,0.10904399305582047,0.09146739335490121,24.424272972762598,5.169464370735971,2.041465728875696
787,training,0,0.04835636913776399,0.06795212604970821,24.41526303398983,5.187050433548637,2.0471844021138126
788,training,0.009760311,0.059087313711643205,0.06795212604970821,24.387192129369424,5.239994971485746,2.0701470013647882
789,training,0,0.02953020483255385,0.06795212604970821,24.3775842924732,5.257418432958946,2.079430750037704
790,training,0,0.027370743453502655,0.06795212604970821,24.35793258806051,5.29189747073389,2.098517339488209
791,training,0.011137226,0.05802758038043977,0.06795212604970821,24.337486488030915,5.3262816115802165,2.1164113856814573
792,training,0.01538305,0.10661326535046099,0.06795212604970821,24.305794683811666,5.376824257031207,2.1456545274320766
793,training,0.0109758945,0.11131676100194456,0.05651814969146565,24.283772708820493,5.4101947380738284,2.1627112355703777
794,training,0.0052008736,0.06576647562906146,0.05651814969146565,24.261275590912163,5.4430661763046295,2.1800427779248004
795,training,0.008938412,0.0793769620358944,0.05651814969146565,24.238251678161504,5.475544374340761,2.193682967121499
796,training,0.01690419,0.07523666508495808,0.05651814969146565,24.214697388620923,5.507929616051559,2.2060741811318323
797,training,0.008560758,0.06710587628185749,0.05651814969146565,24.19091693496233,5.539753126001725,2.2185938855827123
798,training,0.015703175,0.07220860756933689,0.05651814969146565,24.16662455698893,5.571482588124688,2.229382059486519
799,training,0.001964169,0.11885888502001764,0.04555882857918188,24.142044220075448,5.602962149108584,2.238029223236475
800,training,0.0025560898,0.08802305907011032,0.04555882857918188,24.11749302974767,5.63416985918321,2.2280978113708447
801,training,0.0037916547,0.1299177035689354,0.04555882857918188,24.093105651354996,5.6661092581541,2.217647877876277
802,training,0.01859485,0.13460769690573215,0.04555882857918188,24.081090948886192,5.682102054103727,2.2121436613572905
803,training,0.006981561,0.1270928387530148,0.04555882857918188,24.057365427289668,5.714143415189501,2.205888360110133
804,training,0.009060201,0.13722847402095795,0.04555882857918188,24.033583473432078,5.746444319420979,2.205752714669518
805,training,0.008189239,0.09625607728958128,0.04555882857918188,24.00990641447659,5.778527854251105,2.2077657360151726
806,training,0.0070099733,0.16484507266432047,0.04555882857918188,23.98609362216253,5.810591710433145,2.2111309648837554
807,training,0.011860771,0.11967958748573437,0.019289041845520667,23.962116777040894,5.842709570558235,2.2123126766226866
808,training,0.006825555,0.17832210881169885,0.019289041845520667,23.938268101867333,5.874595492641264,2.212801746258412
809,training,0.0068878923,0.19067466072738168,0.019289041845520667,23.9142711347864,5.90668471110633,2.212872708769767
810,training,0.043642208,0.18901395611464977,0.019289041845520667,23.89036489817261,5.938688564189275,2.211343489749706
811,training,0.016152747,0.23908467218279836,0.019289041845520667,23.866557193821162,5.970753081433694,2.206553013222858
812,training,0.012655637,0.3108309172093868,0.019289041845520667,23.842815846757958,6.003214500812336,2.196773774638435
813,training,0.0050608716,0.3082663789391518,0.019289041845520667,23.819661351318576,6.035658828083377,2.1841079360264737
814,training,0.007384914,0.3037785738706589,0.03518902064254834,23.79678690489407,6.068624597475368,2.1702493985295113
815,training,0.011031257,0.2950444929301739,0.03518902064254834,23.774374431187162,6.101935191054194,2.156168909399702
816,training,0.015164252,0.2973886616528034,0.03518902064254834,23.752520435002026,6.135346063229791,2.1446480770578997
817,training,0.030961776,0.2752328123897314,0.03518902064254834,23.73085029375097,6.169190024772163,2.1372940152722073
818,training,0.03355968,0.2708214595913887,0.03518902064254834,23.70950113531714,6.2028369611421,2.136822087184633
819,training,0.000423274,0.31943713501095766,0.03518902064254834,23.687973521004217,6.236450478324791,2.1454578428160502
820,training,0.0073602255,0.3029967322945595,0.10828435064346743,23.665988766360993,6.2699508928976275,2.1607153406177213
821,training,0.04703871,0.3278598077595234,0.10828435064346743,23.643469185884513,6.302257100899732,2.2115008637966156
822,training,0.03514959,0.3518031500279903,0.10828435064346743,23.618750966586507,6.332926763753639,2.2874967178375294
823,training,0.02984804,0.30873249925207347,0.10828435064346743,23.591868561233497,6.36178256970145,2.3516107444879393
824,training,0.010332119,0.3364596739411354,0.06708522844310404,23.563279071110774,6.388881813521023,2.4146346724168164
825,training,0.00744098,0.26397840306162834,0.06708522844310404,23.53313101088774,6.414071150556333,2.4765099716950916
826,training,0.0051009483,0.18355835415422914,0.06708522844310404,23.50122606802404,6.4376321884514205,2.531523051156025
827,training,0.019006621,0.14587656781077385,0.06708522844310404,23.468209032542205,6.459662684915732,2.572773993902949
828,training,0.0027329873,0.055886186659336076,0.13172233060933164,23.43442340770214,6.480341118235827,2.612117759505143
829,training,0,0.0002565160393714905,0.13172233060933164,23.417127304387186,6.490256855926702,2.628238163861062
830,training,0,0.019391529262065887,0.13172233060933164,23.382259317843694,6.509408838983492,2.6490079559254487
831,training,0,0.046914160251617446,0.13172233060933164,23.347039880642146,6.527829441116741,2.671306980665879
832,training,0,0.03669794648885727,0.13172233060933164,23.311292992960514,6.54554558234223,2.688486817433177
833,training,0,0.02007210254669191,0.13172233060933164,23.274889300716087,6.562903381114203,2.710400464549237
834,training,0.0010347334,0.0933049637824297,0.1255503343005463,23.20188907177925,6.594392790599812,2.7538299770886794
835,training,0.0044490965,0.08090625703334808,0.1255503343005463,23.165001232049068,6.6090894467041785,2.767495731758483
836,training,0.011195803,0.13563557772431523,0.1255503343005463,23.128024363003252,6.623494083456658,2.7726353265182966
837,training,0.015448857,0.15928428526967764,0.1255503343005463,23.07195493125966,6.644972488410917,2.7767361016803687
838,training,0.02188386,0.20385477785021067,0.1255503343005463,23.016108983935958,6.666252085881448,2.778006149694473
839,training,0.00934837,0.24414176121354103,0.09592538080459218,22.96002051523728,6.687696641841233,2.774541322392562
840,training,0.0028030958,0.1733522992581129,0.09592538080459218,22.904167603566904,6.709458763440671,2.764403602603142
841,training,0.009376971,0.08147692587226629,0.09592538080459218,22.866966504623296,6.72431082067531,2.7595215544971645
842,training,0.0023766519,0.08276411890983582,0.09592538080459218,22.830066337473795,6.739235284988189,2.75521942177452
843,training,0.013400578,0.12561533600091934,0.0644477099778828,22.792954428222423,6.754361683303621,2.7543806946345075
844,training,0.010697411,0.06714887917041779,0.0644477099778828,22.756057012415354,6.7694364767715,2.7499884661261547
845,training,0.015017928,0.09032275900244713,0.0644477099778828,22.719131287093063,6.78480842772162,2.745947529567031
846,training,0,0.021133169531822205,0.0644477099778828,22.700674676476538,6.792516377743324,2.7452182097879843
847,training,0,0.036992570385336876,0.0644477099778828,22.66401037066985,6.808005624091337,2.7397592733204914
848,training,0,0.002857854589819908,0.0644477099778828,22.6272421354123,6.823741722290574,2.7312799656978775
849,training,0,0.012155378237366676,0.0644477099778828,22.590581390537196,6.839871944932313,2.7242884126985927
850,training,0,0.014765765517950065,0.0436928448346312,22.554156939656462,6.856109858308778,2.7195443722810606
851,training,0,0.01512975711375475,0.0436928448346312,22.51765101983182,6.872627382050775,2.7136043328090844
852,training,0,0.001987084746360779,0.0436928448346312,22.481304423232757,6.889286993561137,2.7098484630433517
853,training,0,0.033451925963163376,0.0436928448346312,22.445107928209293,6.90608169522825,2.704081744888141
854,training,0,0.004943735897541046,0.0436928448346312,22.408895527848866,6.923118262541626,2.6998359468281055
855,training,0,0.010272001381963491,0.0436928448346312,22.372825537140496,6.940243776867038,2.6957747804571888
856,training,0,0.028600838035345078,0.03548811688860417,22.33675678521891,6.957587149479057,2.6910656707962484
857,training,0,0.007738260552287102,0.03548811688860417,22.300797867192887,6.975036020657417,2.688233401865692
858,training,0,0.01732492633163929,0.03548811688860417,22.264944644815696,6.992581932155088,2.6838703728410875
859,training,0,0.009474011138081554,0.03548811688860417,22.229095172039802,7.010330423505959,2.6801594286766943
860,training,0,0.012049989309161901,0.03548811688860417,22.193294609093417,7.028190609841779,2.6770353941561638
861,training,0,0.016811445355415344,0.03548811688860417,22.157635666961184,7.046176410694441,2.671777350731744
862,training,0,0.030813003890216354,0.03798804425382991,22.122032792397054,7.064314683149828,2.669012490507029
863,training,0,0.038785320706665516,0.03798804425382991,22.086482664808546,7.082538933107868,2.6657001055812954
864,training,0,0.0024252021685242644,0.03798804425382991,22.050965896953507,7.1009078858565395,2.66310276928629
865,training,0,0.033373103477060795,0.03798804425382991,22.015482252106477,7.119328689897329,2.6620995118417357
866,training,0,0.018986945971846587,0.03798804425382991,21.98006740751382,7.137808626910774,2.658418931796158
867,training,0,0.01455715112388134,0.03798804425382991,21.944719630603625,7.156427068571439,2.655179328504137
868,training,0,0.04810279794037342,0.033956517004800915,21.9093745543717,7.175197083549857,2.6508122304505495
869,training,0,0.011410417035222054,0.033956517004800915,21.874175110548723,7.1941558910598635,2.6443587719744284
870,training,0,0.04315902665257454,0.033956517004800915,21.839098546310836,7.213311980064578,2.6385403136221237
871,training,0.00927824,0.07863681949675083,0.033956517004800915,21.804113271268037,7.232751590704179,2.6291686188706174
872,training,0.009733978,0.07200496830046177,0.033956517004800915,21.752074016045206,7.262523443974074,2.61457673886008
873,training,0.010912357,0.09173588082194328,0.03525402513336091,21.71753270668483,7.282814365589697,2.605837721761794
874,training,0.005514657,0.09128198772668839,0.03525402513336091,21.649075044699565,7.324185309614542,2.5902915329316376
875,training,0.005224309,0.13424654677510262,0.03525402513336091,21.59820692130478,7.355995578685273,2.5746521053690463
876,training,0.007390477,0.13626863807439804,0.03525402513336091,21.56451476834909,7.377637811821732,2.566480486934779
877,training,0.007530126,0.13300075381994247,0.03525402513336091,21.53094766966126,7.399594113060699,2.557723850539267
878,training,0.027951635,0.08390769083052874,0.049237091873143284,21.51433504232419,7.410587002159637,2.556585322771419
879,training,0,0.044760726392269135,0.049237091873143284,21.48101147613841,7.43263728192369,2.558600207086027
880,training,0.017071083,0.06581408157944679,0.049237091873143284,21.46425011595588,7.443644490786698,2.5637597329468877
881,training,0,0.009212806820869446,0.049237091873143284,21.43077359934271,7.465200515490733,2.5760706366755377
882,training,0,0.0030685216188430647,0.049237091873143284,21.413957473025015,7.475779062351829,2.584240763975695
883,training,0,0.02052339911460878,0.049237091873143284,21.396988343704628,7.486251123840279,2.593012106231579
884,training,0,0.0044969357550144196,0.049237091873143284,21.362768186871413,7.506793064370433,2.6079577757234045
885,training,0,0.01148473471403122,0.049237091873143284,21.32836257726405,7.5267968599413315,2.621575061243458
886,training,0,0.023742765188217156,0.061719909282868156,21.293568749384264,7.546381722823864,2.636192122374906
887,training,0,0.04575994051992893,0.061719909282868156,21.258589017527203,7.565450881218586,2.6487954784230143
888,training,0,0.02683085203170777,0.061719909282868156,21.223380731257016,7.5840205931259135,2.6635210333769503
889,training,0,0.0010798834264278412,0.061719909282868156,21.18788791634337,7.602118072625034,2.67534201789149
890,training,0.008859785,0.08948510326445103,0.061719909282868156,21.152125653760127,7.619864565844336,2.686734052060143
891,training,0.0056156693,0.059851452708244324,0.061719909282868156,21.098212360536596,7.645513754328205,2.7075530896845903
892,training,0,0.005616074427962303,0.05441158138241489,21.080079919107625,7.6538753624447695,2.71121979462076
893,training,0.0066651693,0.06391141749918461,0.05441158138241489,21.043709398950497,7.670430854659852,2.7169441496619635
894,training,0.02217943,0.05472826212644577,0.05441158138241489,21.007379531745784,7.686752083867356,2.7203828083111086
895,training,0.023595896,0.15053382515907288,0.05441158138241489,20.970854434870567,7.703039662876955,2.725143426638354
896,training,0.07746285,0.2178175449371338,0.05441158138241489,20.916064460568354,7.726558586247855,2.7519242666378667
897,training,0.004713258,0.21924787759780884,0.04034695925320941,20.879073210551578,7.74110418234439,2.784239226907904
898,training,0.0047847806,0.19909193366765976,0.04034695925320941,20.841533229771265,7.75442328566559,2.8165134272800723
899,training,0.017257605,0.150538120418787,0.04034695925320941,20.803801208111224,7.766604723475755,2.838619547893462
900,training,0.006468894,0.20193605124950412,0.04034695925320941,20.765492191547786,7.778288434725559,2.851606731168552
901,training,0.0062481104,0.22843040525913239,0.04034695925320941,20.74632821474872,7.783959812844653,2.8573539912269426
902,training,0.006488561,0.2656527906656265,0.04034695925320941,20.708144612205622,7.794766275522467,2.874277884604748
903,training,0.0067633954,0.27333058416843414,0.010721127388523924,20.66948914364706,7.804987038563941,2.8924270633557883
904,training,0.004972063,0.33858460932970047,0.010721127388523924,20.63084138122659,7.8144430886414735,2.9118824308045683
905,training,0.03900256,0.36029262840747833,0.010721127388523924,20.592052786275275,7.82304534224309,2.936028713274253
906,training,0.018820986,0.367101788520813,0.010721127388523924,20.55296449887695,7.830640362089117,2.963382954689339
907,training,0.008029831,0.3465898931026459,0.010721127388523924,20.51369557462198,7.837087251938129,2.997017731086057
908,training,0.013102975,0.2695055603981018,0.010721127388523924,20.47436124340332,7.842000889717853,3.0376174584299
909,training,0.009158428,0.3003552109003067,0.010721127388523924,20.434856467925705,7.845458088801189,3.0694792357551783
910,training,0.0020494207,0.3153253495693207,0.08208542318370435,20.395083577383218,7.84776699464691,3.0971688427649577
911,training,0.018910915,0.3407405763864517,0.08208542318370435,20.355492926888697,7.849005244408531,3.122761918380098
912,training,0.03452336,0.28255198150873184,0.08208542318370435,20.31559761476674,7.849253428794437,-3.134946987954274
913,training,0.012620425,0.2818219531327486,0.08208542318370435,20.275846532959303,7.848534961371861,-3.11580738110087
914,training,0.0073508783,0.31162877660244703,0.08208542318370435,20.235989839556083,7.847335256106029,-3.110911306532464
915,training,0.00487061,0.28939382731914526,0.08208542318370435,20.1958519660844,7.846141094337135,-3.1141114149133484
916,training,0.009315383,0.30976784229278564,0.19047442102682782,20.155981390280992,7.845173862080746,-3.121894771327358
917,training,0.017209584,0.4190402403473854,0.19047442102682782,20.115705431119594,7.844832793606004,3.123979368394114
918,training,0.018688202,0.5776100549846888,0.19047442102682782,20.075301624310143,7.847056012923186,3.0432360331616417
919,training,0.008980593,0.574736624956131,0.19047442102682782,20.034472338562527,7.853095900057477,2.9404370623563425
920,training,0.018780865,0.47920849174261093,0.2523382511497923,19.995080919682394,7.863401255543224,2.8322150320138157
921,training,0.0049269362,0.3884503021836281,0.2523382511497923,19.956824127731892,7.877723756464996,2.7371713392466055
922,training,0.012993115,0.2990859490819276,0.25963470935285676,19.920155601548228,7.895249671625599,2.657716908889711
923,training,0.025306717,0.2710847556591034,0.25963470935285676,19.885173299420444,7.915197150639742,2.5902435648174045
924,training,0.0057231137,0.2240050695836544,0.25963470935285676,19.85147632050081,7.937195014480855,2.5390853658562818
925,training,0.03156585,0.2588081620633602,0.25963470935285676,19.81863793008559,7.9607222382242435,2.5025446650217207
926,training,0.0798367,0.1074578184634447,0.24199325324076604,19.771252342670618,7.998059771787962,2.4415697069309084
927,training,0.0062744515,0.14840395748615265,0.24199325324076604,19.74085977462982,8.024523798126904,2.415379074672619
928,training,0.057342716,0.11301504820585251,0.24199325324076604,19.711105376988996,8.051325457976986,2.4014863776264144
929,training,0.025730299,0.10349626839160919,0.24199325324076604,19.667134022867238,8.092180798067995,2.386266828396368
930,training,0.013784919,0.17137476801872253,0.24199325324076604,19.638114748288647,8.119767470263838,2.3764710775841023
931,training,0.0053838184,0.11634445190429688,0.24199325324076604,19.60948047597292,8.147710476968179,2.3584979937543777
932,training,0.02089332,0.06141609698534012,0.1650111829411427,19.58121474522276,8.176085955172944,2.354072360174501
933,training,0,0.008728384971618652,0.1650111829411427,19.567112764218145,8.19022270938163,2.3567827922203843
934,training,0,0.02881351113319397,0.1650111829411427,19.55303918167207,8.204212571520483,2.3608055646394925
935,training,0,0.0025965124368667603,0.1650111829411427,19.52452896512669,8.232035308750874,2.3772897816977507
936,training,0,0.004654929041862488,0.1650111829411427,19.495505019483872,8.259321599372353,2.3963854408203664
937,training,0,0.0026979073882103105,0.1650111829411427,19.466100610665475,8.285975283048096,2.413602277943446
938,training,0,0.039266135543584824,0.1650111829411427,19.436023793699068,8.312303233616468,2.4320031219385077
939,training,0,0.014955371618270874,0.1650111829411427,19.405683454216156,8.337998137031152,2.4442519073279843
940,training,0,0.03840692341327667,0.083785234629048,19.37499233310608,8.363407216338345,2.4562700369392707
941,training,0,0.04057253897190094,0.083785234629048,19.343759028839543,8.388461810595683,2.4765108431643705
942,training,0.04540631,0.05690459068864584,0.083785234629048,19.280283325163463,8.4365462015096,2.5088649414584507
943,training,0.0063662175,0.09730485454201698,0.083785234629048,19.247931152616562,8.459943981722425,2.5226703887565685
944,training,0.007101016,0.0813618004322052,0.083785234629048,19.215374444117057,8.482811539358718,2.5348824484596193
945,training,0.0031594315,0.07641140930354595,0.083785234629048,19.182335760672274,8.50550728985741,2.5446501213782886
946,training,0,0.0375540554523468,0.04064283246476857,19.165832401688434,8.516662447351488,2.5504388388817554
947,training,0,0.008900146931409843,0.04064283246476857,19.149317995401564,8.527634147361214,2.559342186599714
948,training,0,0.03765873238444328,0.04064283246476857,19.115850362199367,8.549408053023857,2.569767975799192
949,training,0,0.010921115055680275,0.04064283246476857,19.082128238234016,8.570928288300324,2.5767020130930365
950,training,0,0.01886516250669957,0.04064283246476857,19.048438651228704,8.592115469248103,2.5831214636133923
951,training,0,0.04576799459755422,0.04064283246476857,19.014417468778312,8.613252706955294,2.587857449315789
952,training,0,0.007066328078508377,0.04064283246476857,18.980486945043854,8.63417123499775,2.590454154101605
953,training,0,0.03192928619682789,0.012947659439124456,18.946433731262346,8.655014273951089,2.593896312589266
954,training,0.016543627,0.05945984134450555,0.012947659439124456,18.91225987436752,8.675812657830093,2.5949216628694507
955,training,0.05244618,0.12320586387068033,0.012947659439124456,18.878198839309476,8.696506237961895,2.595851768691298
956,training,0.0031466272,0.07621439546346664,0.012947659439124456,18.8269310855725,8.72780321736027,2.587822587235589
957,training,0.03547421,0.1421792358160019,0.012947659439124456,18.793076218363673,8.748955572206093,2.577833868843318
958,training,0.014810789,0.1726057231426239,0.01174493822816427,18.759297239015474,8.770639075907665,2.562465789622131
959,training,0.006703327,0.157066497951746,0.01174493822816427,18.742498428010062,8.781702478288313,2.555988154458763
960,training,0.0007775322,0.1440962478518486,0.01174493822816427,18.709355784834486,8.803941534271534,2.546573089856076
961,training,0.03459055,0.13834744319319722,0.01174493822816427,18.67626280985663,8.826460533842841,2.542333733171012
962,training,0.013881233,0.10328958556056023,0.01174493822816427,18.643186119663053,8.849070361226378,2.5425858611970296
963,training,0.0034741743,0.0957004502415657,0.01174493822816427,18.610259400993865,8.871412576343895,2.549187705136317
964,training,0.010223058,0.10255904495716095,0.01174493822816427,18.57692619251834,8.893607047043922,2.5601992288878264
965,training,0.0069903852,0.10469089448451996,0.01174493822816427,18.54354578655913,8.915268087920369,2.5720748231987236
966,training,0.007651235,0.08732778206467628,0.05155864644770845,18.5098398244579,8.936533111247536,2.585108670350047
967,training,0.05081111,0.1248431857675314,0.05155864644770845,18.475742273193767,8.957486373328658,2.5944992715103035
968,training,0.013173211,0.20675382856279614,0.05155864644770845,18.441707897479652,8.978100139363535,2.5975372172928735
969,training,0.035020016,0.1978512480854988,0.05155864644770845,18.4074484299792,8.998913968278973,2.5921812932513637
970,training,0.023130631,0.26088961958885193,0.05155864644770845,18.37343665764817,9.020042330278425,2.5779159784019745
971,training,0.004308215,0.24466430395841599,0.05155864644770845,18.339778966285674,9.041709522464881,2.559526818143898
972,training,0.004468884,0.2829667255282402,0.07613213592334052,18.306341035371876,9.064247179529165,2.5365191981744357
973,training,0.025674485,0.27305828779935837,0.07613213592334052,18.273724119495668,9.087342735292477,2.515623157680618
974,training,0.021885589,0.23845719918608665,0.07613213592334052,18.241399092351653,9.111074110538887,2.503605686634629
975,training,0.008597504,0.21854726970195776,0.07613213592334052,18.209322074263202,9.135003975428079,2.500136709592054
976,training,0.010564012,0.2177044376730919,0.07613213592334052,18.177346028172362,9.158623359190848,2.5128080537977593
977,training,0.006913085,0.21640916168689728,0.07613213592334052,18.12837085518238,9.193179682950992,2.542719391288294
978,training,0.003588886,0.2362880632281304,0.1259017572901329,18.111960832380134,9.204257397023715,2.5518366339117775
979,training,0.03339162,0.2697430858388543,0.1259017572901329,18.078722789937263,9.225944955859763,2.583559789386087
980,training,0.007952383,0.2814354058355093,0.1259017572901329,18.04465432026453,9.246002015734572,2.635701116094029
981,training,0.020878348,0.22596942819654942,0.1259017572901329,18.00961803953367,9.264196780703008,2.6890193596167307
982,training,0.0014877806,0.19432093773502854,0.1259017572901329,17.955459784190825,9.288037481260424,2.7637549543221365
983,training,0.0069095953,0.17790915397927165,0.1398607329361132,17.936919400968872,9.295149504290672,2.7855491183196803
984,training,0.003926634,0.16727850958704948,0.1398607329361132,17.899361349953658,9.308318180987813,2.8228446260333646
985,training,0.0015106552,0.1905047334730625,0.1398607329361132,17.861599834435715,9.32008238995054,2.855130995311818
986,training,0.0043807896,0.20598310232162476,0.1398607329361132,17.823174229147547,9.330787551923423,2.88451574900303
987,training,0.010151198,0.10335981845855713,0.1398607329361132,17.76527609587978,9.344734991546842,2.9260758440099623
988,training,0.0010117164,0.08432909473776817,0.1398607329361132,17.726176306469622,9.352927681986163,2.9392645949568625
989,training,0,0.03427281230688095,0.10590660151709708,17.706635941687985,9.356910118462636,2.941416029433225
990,training,0,0.04673268459737301,0.10590660151709708,17.6675615019784,9.364722009277196,2.946355854090116
991,training,0,0.00907844677567482,0.10590660151709708,17.628285588089547,9.372382533925883,2.9519443617557815
992,training,0,0.027420520316809416,0.10590660151709708,17.589008608956405,9.379912571005434,2.9504651748940276
993,training,0,0.025446344166994095,0.10590660151709708,17.54983015405983,9.387482111617283,2.9514496084588218
994,training,0,0.03117680922150612,0.10590660151709708,17.51053288798544,9.39503251248666,2.950992197195757
995,training,0.0103179,0.07484589517116547,0.10590660151709708,17.451743027587874,9.406391312038341,2.950797381992756
996,training,0,0.018542668782174587,0.07111541645117563,17.43208020693898,9.410176458549179,2.95306522285554
997,training,0,0.020895363297313452,0.07111541645117563,17.39276177673241,9.417593062483935,2.9547257388811676
998,training,0,0.018561577424407005,0.07111541645117563,17.353554754306007,9.42501199482354,2.9542288936525622
999,training,0,0.011991618201136589,0.07111541645117563,17.314189706188223,9.432486835082313,2.9528648186633153
1000,training,0,0.02697860077023506,0.07111541645117563,17.275008070296483,9.440052470081287,2.9488826987162167
1001,training,0,0.024172271136194468,0.07111541645117563,17.235788646641144,9.447695969852047,2.949295614976864
1002,training,0,0.007703743875026703,0.046511612723519766,17.196528927273498,9.45535275941526,2.9474891753363752
1003,training,0,0.008106371387839317,0.046511612723519766,17.1574272130512,9.463101609295478,2.9433420791439033
1004,training,0,0.02650965377688408,0.046511612723519766,17.118144228011285,9.471096630282752,2.93795957839268
1005,training,0,0.0004038345068693161,0.046511612723519766,17.079039678885795,9.479310148191388,2.9310505411632026
1006,training,0,0.013566588982939724,0.046511612723519766,17.04000488490338,9.487739336125156,2.926628810654627
1007,training,0,0.014032499864697456,0.046511612723519766,17.00085093142339,9.496360709821849,2.922544720531062
1008,training,0,0.031885177188087255,0.03380910940998193,16.961931695273435,9.50508273773146,2.9198458147027417
1009,training,0,0.0257988425437361,0.03380910940998193,16.92289364695821,9.513890972372268,2.9196131407510557
1010,training,0,0.0461192918010056,0.03380910940998193,16.883871178488956,9.52269726281468,2.9189427175791605
1011,training,0.006923802,0.09093901142477989,0.03380910940998193,16.84498051951595,9.531462402819193,2.9208025293208992
1012,training,0.008152883,0.08243927266448736,0.03380910940998193,16.786381903956592,9.544510147982775,2.9236096215284966
1013,training,0,0.01456365734338761,0.03380910940998193,16.766962475238458,9.548805050814048,2.923395817768352
1014,training,0,0.006003880873322487,0.012729931974516889,16.727931451333088,9.557511174418334,2.919410807525018
1015,training,0,0.022201344370841987,0.012729931974516889,16.6888548948272,9.566469430590102,2.9125766971625504
1016,training,0.003068536,0.05986312776803972,0.012729931974516889,16.650025173545618,9.575606742445517,2.9085388491020727
1017,training,0,0.01794242858886718,0.012729931974516889,16.611021685308426,9.58494045569713,2.904165386375585
1018,training,0,0.020809706300497055,0.012729931974516889,16.572116671164263,9.594565001798962,2.8922514388270013
1019,training,0,0.02611250802874565,0.012729931974516889,16.533427351117943,9.60466805915546,2.8801291745563886
1020,training,0,0.005783680826425552,0.004148194831485521,16.494614981573392,9.615298597206447,2.8683800352133333
1021,training,0,0.046440478414297104,0.004148194831485521,16.456266611804782,9.626304168152206,2.8559794674670673
1022,training,0.014861386,0.08272713422775269,0.004148194831485521,16.417837897599725,9.637853508497685,2.8428929917665378
1023,training,0.041467596,0.14797745645046234,0.004148194831485521,16.36059833894311,9.656233117479593,2.8174874726722385
1024,training,0.0073180827,0.05511743016541004,0.004148194831485521,16.322654051870447,9.669400921619957,2.7966970325415557
1025,training,0,0.014373347163200378,0.03467471694134808,16.30371409720097,9.676303749462262,2.7893077879105017
1026,training,0.033788543,0.05200586724095047,0.03467471694134808,16.266476342548017,9.690067883381131,2.787050155772595
1027,training,0,0.03331642749253661,0.03467471694134808,16.22897962072452,9.703892433689377,2.78923292238288
1028,training,0,0.04872040404006839,0.03467471694134808,16.191361325942367,9.71769103966394,2.7905579795720628
1029,training,0.022355642,0.05825780332088471,0.03467471694134808,16.153970788182587,9.7313934442937,2.789358246652303
1030,training,0.06840114,0.16291401162743568,0.03467471694134808,16.11633174460505,9.745301684562985,2.7841654291996276
1031,training,0.011902124,0.23632001876831055,0.03467471694134808,16.06023025817939,9.766814847263324,2.759225017924245
1032,training,0.005654528,0.19726712629199028,0.02009484832629696,16.02305794726456,9.782405002073405,2.728401783076858
1033,training,0.004439012,0.19434774667024612,0.02009484832629696,15.986482340333858,9.799085261286908,2.699371143054183
1034,training,0.0145488735,0.17653315514326096,0.02009484832629696,15.950535032905517,9.81674294909543,2.673045042533518
1035,training,0.0037701784,0.22488931939005855,0.02009484832629696,15.914846294399563,9.835161593781438,2.6599135192868952
1036,training,0.011907624,0.1863096896559,0.02009484832629696,15.87945218727127,9.853787411861735,2.6543594894161258
1037,training,0.0037895623,0.1594516490586102,0.046043962683109625,15.861806120606351,9.863171027969202,2.651087489790886
1038,training,0.01051525,0.15205779112875462,0.046043962683109625,15.826585102295748,9.882097231978916,2.646392076065649
1039,training,0.015757654,0.2078169339802116,0.046043962683109625,15.791400407070467,9.901158790184313,2.643711604711489
1040,training,0.00339852,0.19958939775824544,0.046043962683109625,15.738869567285912,9.929986391587692,2.6344976084165825
1041,training,0.004750026,0.2382374294102192,0.046043962683109625,15.70391690512645,9.949613334704887,2.6242868144888707
1042,training,0.021315709,0.29745471477508545,0.046043962683109625,15.669251545171957,9.969694938060272,2.6080984081524137
1043,training,0.016387317,0.30955901369452477,0.10725184137860237,15.652081492602381,9.979910790166777,2.6012598945041936
1044,training,0.018800328,0.30139368399977684,0.10725184137860237,15.617939877894322,10.000515761393755,2.610139572377008
1045,training,0.0029108701,0.30696225538849825,0.10725184137860237,15.583368386678792,10.01970196789244,2.6596307677400586
1046,training,0.004924268,0.3484402000904083,0.10725184137860237,15.547839435736146,10.03713810081012,2.7124309030950235
1047,training,0.0059616994,0.29699067026376724,0.10725184137860237,15.511552848057487,10.052622273575631,2.761484866848997
1048,training,0.004201534,0.24316563457250595,0.14630865433871823,15.474355718591571,10.066598915842043,2.8004144297157674
1049,training,0.004825715,0.1185435466468334,0.14630865433871823,15.436674554732566,10.079280996642972,2.8326942854108923
1050,training,0,0.0021696388721466064,0.14630865433871823,15.398727057717299,10.090798794798735,2.8591305742109516
1051,training,0.0051756036,0.055228620767593384,0.14630865433871823,15.36017078934258,10.101598222286784,2.8768477282521188
1052,training,0.019926865,0.107447549700737,0.14630865433871823,15.302445502579241,10.116541678222013,2.90061345629995
1053,training,0.012901435,0.16768047772347927,0.14630865433871823,15.244089326275523,10.130168723464351,2.9228255979175066
1054,training,0.008457709,0.16246209107339382,0.12450736420904802,15.185647872937444,10.142742883671902,2.9343945506084426
1055,training,0.008574083,0.1536331158131361,0.12450736420904802,15.146509611733666,10.150882226402393,2.937698906244479
1056,training,0.03356115,0.17198198288679123,0.12450736420904802,15.107458024765453,10.158865729870502,2.942212505312925
1057,training,0.002178512,0.17045888118445873,0.12450736420904802,15.068206242355345,10.16666618556794,2.949465707324676
1058,training,0.0075727785,0.1999079119414091,0.12450736420904802,15.029013546127585,10.174202414129008,2.9528220455909135
1059,training,0.00063134276,0.25814131647348404,0.09575185251194142,14.989791303567737,10.181657786823834,2.952485330508937
1060,training,0.033605453,0.23183364421129227,0.09575185251194142,14.930746120725475,10.193320079362092,2.936819923940173
1061,training,0.01692427,0.25468574836850166,0.09575185251194142,14.872048858545847,10.205979771022411,2.922770073682214
1062,training,0.009851783,0.21304157748818398,0.09575185251194142,14.832983879449097,10.214891553122389,2.9109717992246584
1063,training,0.00722491,0.1579897254705429,0.09575185251194142,14.794159828841327,10.224209762343184,2.902244647561911
1064,training,0.008404411,0.23685960471630096,0.06683827932338819,14.755190449538558,10.233819661622125,2.898653650140527
1065,training,0.036796812,0.21394553035497665,0.06683827932338819,14.717000016262133,10.243314962392544,2.8915684388090312
1066,training,0.00473311,0.1223580203950405,0.06683827932338819,14.678198297805812,10.253738185352441,2.8657864370776815
1067,training,0.012158241,0.07992240786552429,0.06683827932338819,14.639572288384427,10.26513337898493,2.8449109656462435
1068,training,0,0.015414878726005526,0.06683827932338819,14.620531975581457,10.27108093477249,2.831893380422968
1069,training,0.029062442,0.08463525027036667,0.06683827932338819,14.56343359745234,10.290661059099179,2.7908754424763313
1070,training,0.008743527,0.08511771261692049,0.06132817199642399,14.525929973752625,10.30482370467626,2.771349629985091
1071,training,0.025268715,0.08277347683906555,0.06132817199642399,14.507313009133204,10.312168924182346,2.7593949437762713
1072,training,0.048922036,0.11030874401330948,0.06132817199642399,14.451755688175451,10.335785991207642,2.7187479634505154
1073,training,0.0039823027,0.07108049839735031,0.06132817199642399,14.41544930862846,10.352595617695723,2.6986647311091563
1074,training,0,0.0013695061206817905,0.06132817199642399,14.397364722793226,10.361272775527855,2.6898043874545983
1075,training,0.0043232883,0.12028472125530242,0.06132817199642399,14.34364584667856,10.388304548694595,2.657795599747824
1076,training,0.005955548,0.09904325008392337,0.09526502422897941,14.308573826098108,10.407214057294027,2.638122203903117
1077,training,0.012894706,0.20932045578956604,0.09526502422897941,14.273692676432555,10.426907962648567,2.614716722659918
1078,training,0.002540602,0.20264063030481339,0.09526502422897941,14.239176596490847,10.447483771051756,2.596205738772653
1079,training,0.009064827,0.27060994505882263,0.09526502422897941,14.188280152247867,10.47922959457411,2.5708393655521857
1080,training,0.0064593405,0.24432038515806198,0.09526502422897941,14.154651009976435,10.50116226181182,2.5570021544723467
1081,training,0.011371045,0.181108720600605,0.09526502422897941,14.12139859402096,10.523534695739626,2.5413438301409155
1082,training,0.008517865,0.24291951023042202,0.0694193411016791,14.08858577873026,10.546397990837317,2.5244005794930633
1083,training,0.0077027385,0.20830769836902618,0.0694193411016791,14.055941794471268,10.56988596724591,2.514236801810043
1084,training,0.0052111023,0.14243634045124054,0.0694193411016791,14.023769996662582,10.593395578149693,2.505138950261459
1085,training,0.011046197,0.07318616658449173,0.0694193411016791,13.991678059364846,10.617448457150102,2.490127824344043
1086,training,0.0058070533,0.059122540056705475,0.0694193411016791,13.959916394975178,10.642104994002048,2.473157436326291
1087,training,0.0071154144,0.11814491450786589,0.0694193411016791,13.913286767672037,10.679933563187035,2.446044975312299
1088,training,0.0019735347,0.17223821580410004,0.0694193411016791,13.897868940502576,10.692907956871865,2.4382447395246714
1089,training,0.05399175,0.11360932886600494,0.035923465226402336,13.852638341905953,10.732278622387422,2.410043605460956
1090,training,0,0.03527688095346093,0.035923465226402336,13.837763008849558,10.745646103301304,2.4113124877778986
1091,training,0,0.0006472878158092499,0.035923465226402336,13.807856451576344,10.772275074206597,2.4158537052718163
1092,training,0.033003602,0.056099213659763336,0.035923465226402336,13.778055743147654,10.798786444328371,2.4109888189906616
1093,training,0.007817866,0.07539518736302853,0.035923465226402336,13.748308499351271,10.825776129494912,2.396637009645532
1094,training,0,0.016376925632357597,0.035923465226402336,13.733626094093028,10.839416886381706,2.3890231929360923
1095,training,0,0.01388456765562296,0.035923465226402336,13.704954106404564,10.866611048747934,2.379476960343412
1096,training,0,0.04577489197254181,0.016207768803178868,13.690503016708073,10.880391608540775,2.38084939501725
1097,training,0.044562515,0.06207626196555793,0.016207768803178868,13.64686823362509,10.92152375314218,2.392796396418135
1098,training,0.010322633,0.15180396009236574,0.016207768803178868,13.617592358768327,10.948391136374331,2.4064562593323227
1099,training,0.013143617,0.2182079255580902,0.016207768803178868,13.587714734653263,10.97493283187417,2.428505703744443
1100,training,0.004418987,0.13045357400551438,0.016207768803178868,13.541758583221913,11.012362127534814,2.4896114355871277
1101,training,0,0.028169332072138786,0.016207768803178868,13.52584977387805,11.02427860225208,2.5047631358837594
1102,training,0.015685605,0.10198703408241272,0.016207768803178868,13.493468657435125,11.047836957827439,2.516418637160867
1103,training,0.0063817673,0.15011049807071686,0.023938836125672103,13.44480423151601,11.082435132704722,2.533232707547785
1104,training,0.013687953,0.24780589342117307,0.023938836125672103,13.428325447819685,11.093836999395673,2.5401044638806103
1105,training,0.006225532,0.22424928098917007,0.023938836125672103,13.378672223284449,11.127022843092009,2.570059941597823
1106,training,0.0048885066,0.25908414274454117,0.023938836125672103,13.344883572605614,11.148028061619069,2.601999811198917
1107,training,0.0071190484,0.3512292951345444,0.023938836125672103,13.31052131032548,11.167831896591508,2.637100312931739
1108,training,0.004723602,0.3047761917114258,0.023938836125672103,13.293083435278753,11.177232871920092,2.656883414470512
1109,training,0.0093438225,0.2807622402906418,0.062171121244285685,13.257687960989525,11.195021164714046,2.692867007264728
1110,training,0.003981744,0.271663635969162,0.062171121244285685,13.22165817215136,11.211713163225472,2.7219694136832797
1111,training,0.008298871,0.20543460920453072,0.062171121244285685,13.185057060600467,11.227464886341506,2.74686144091042
1112,training,0.015136825,0.2226695728022605,0.062171121244285685,13.148252148833965,11.242427250158356,2.760221285017991
1113,training,0.0047593955,0.1558789536356926,0.062171121244285685,13.11104034698655,11.25723319797504,2.763720713506022
1114,training,0.014371196,0.08164986968040466,0.062171121244285685,13.074016271692264,11.271962001291293,2.759738753185802
1115,training,0.0068116877,0.07110048830509183,0.13611964435990476,13.036989939939836,11.28701939514469,2.749536258068187
1116,training,0.0061465125,0.14501547440886497,0.13611964435990476,13.000037075834829,11.302693051143594,2.7281605656460512
1117,training,0.003399779,0.0904860533773899,0.13611964435990476,12.963650458831491,11.319349773557793,2.6924780180161396
1118,training,0.00808128,0.10008243471384048,0.13611964435990476,12.927725125092627,11.337196247222005,2.6696541463169132
1119,training,0.007479337,0.11732065677642822,0.13611964435990476,12.874502234881486,11.364994199969757,2.6521829633523653
1120,training,0.004756591,0.0759720616042614,0.13611964435990476,12.839268900575357,11.384077338729274,2.6376913396657824
1121,training,0.009699668,0.09972929581999779,0.16943329030266052,12.769588295547887,11.423387780779741,2.619514656995408
1122,training,0.0029214702,0.10770674794912338,0.16943329030266052,12.717827478815,11.453628731259546,2.6053821952498604
1123,training,0.013567425,0.05874306708574295,0.16943329030266052,12.683489990084373,11.474240417069868,2.595586406020641
1124,training,0,0.008694030344486237,0.16943329030266052,12.66640070999188,11.484687868591944,2.5903120015720926
1125,training,0,0.015405014157295227,0.16943329030266052,12.632398740273143,11.50561043434998,2.593460522184479
1126,training,0,0.0063424259424209595,0.1416981318956061,12.615304566180177,11.515988268123339,2.59817426672589
1127,training,0,0.013376053422689438,0.1416981318956061,12.598209205431015,11.526274907032443,2.600969001507379
1128,training,0,0.038374915719032295,0.1416981318956061,12.563967757955679,11.546683605677574,2.6079374705080687
1129,training,0.014320396,0.05352497566491364,0.1416981318956061,12.546791258727207,11.55675984431287,2.6141724982884136
1130,training,0,0.0022524427622556686,0.1416981318956061,12.5121892801832,11.576604574048272,2.627161105123409
1131,training,0,0.015714898705482483,0.1416981318956061,12.477355758316879,11.59610681565207,2.6337608947647535
1132,training,0,0.030391689389944077,0.1416981318956061,12.45993196573792,11.60574708839685,2.638750944507274
1133,training,0,0.04758663661777972,0.07589743122842757,12.424886742486517,11.624759273050868,2.650110452276473
1134,training,0,0.01739870384335518,0.07589743122842757,12.389609030544175,11.643383960227426,2.662200115010057
1135,training,0,0.04918091930449009,0.07589743122842757,12.354119598985884,11.66153008751467,2.6744229216652684
1136,training,0,0.014540528878569603,0.07589743122842757,12.31856348940316,11.679234271562644,2.685342958253267
1137,training,0,0.01706494763493538,0.07589743122842757,12.282577498043816,11.69662992336989,2.696068101361216
1138,training,0,0.03045593574643135,0.07589743122842757,12.24656288334916,11.713579987521523,2.7068386243020166
1139,training,0,0.008472144603729248,0.02602806774422819,12.210307968768856,11.730252606770486,2.7123424174082826
1140,training,0,0.004535906016826637,0.02602806774422819,12.173867991087631,11.746821496622733,2.719470994642374
1141,training,0,0.009664129465818405,0.02602806774422819,12.137515269353393,11.762948922600842,2.7274904879701443
1142,training,0,0.022820287384092808,0.02602806774422819,12.100824516017799,11.778928510462583,2.7341614687744724
1143,training,0,0.010182704776525497,0.02602806774422819,12.064149244007021,11.794584098282561,2.7413423157116767
1144,training,0,0.010060729458928112,0.02602806774422819,12.027412472986224,11.810022056224422,2.7457483527086866
1145,training,0,0.0361811937764287,0.015484683749037487,11.99041029688783,11.825400208337946,2.7499004107772644
1146,training,0,0.041898944415152066,0.015484683749037487,11.953591434883148,11.840515228335967,2.7529218525789196
1147,training,0.03683455,0.0719531551003456,0.015484683749037487,11.897971923227106,11.863201816455806,2.7556208185005584
1148,training,0,0.0314454510807991,0.015484683749037487,11.861116347745794,11.878102861507532,2.7588971125581576
1149,training,0,0.04205293208360672,0.015484683749037487,11.842615213407948,11.885514283671325,2.7628014059085735
1150,training,0,0.03621937707066536,0.015484683749037487,11.805317504577507,11.900141522592397,2.7732832925942645
1151,training,0,0.03475863300263883,0.005972573698028171,11.768090453457974,11.914278514750654,2.782768699221203
1152,training,0,0.047829464077949524,0.005972573698028171,11.730658211556925,11.928171888295335,2.788975923087907
1153,training,0.014615786,0.08334695361554623,0.005972573698028171,11.693010988165831,11.941926564079136,2.7938718620059353
1154,training,0,0.04646361339837312,0.005972573698028171,11.655579892240725,11.955404712266622,2.7976713503721706
1155,training,0.007285032,0.07327672000974417,0.005972573698028171,11.598926470014531,11.9755361124908,2.802635707047431
1156,training,0,0.031966966576874256,0.005972573698028171,11.580172936136234,11.982126395198357,2.8039215162524953
1157,training,0.02027313,0.07352866604924202,0.0114879423752037,11.485868020669283,12.01538485198544,2.7994215864987932
1158,training,0.018244335,0.1421728953719139,0.0114879423752037,11.429444602977313,12.035811138309716,2.7885984302462776
1159,training,0.013361997,0.156990684568882,0.0114879423752037,11.354734380661982,12.064307619725598,2.76128303254284
1160,training,0.009296696,0.17167050391435623,0.0114879423752037,11.299055173388039,12.087293071918964,2.7405584105527634
1161,training,0.0267685,0.2146080583333969,0.0239400998834292,11.280824606405744,12.095087632573604,2.734654155866126
1162,training,0.0046912045,0.14196540229022503,0.0239400998834292,11.244132485380831,12.111045786663357,2.7287028434245792
1163,training,0.008787593,0.1436727540567517,0.0239400998834292,11.207466864892226,12.127126661123645,2.7289359161859914
1164,training,0.007551899,0.1904623564332724,0.0239400998834292,11.171031361922521,12.143045636381713,2.7301458426343275
1165,training,0.012280937,0.174196666572243,0.0239400998834292,11.134297405247318,12.159035628447992,2.732030777823327
1166,training,0.0113419015,0.19931027945131066,0.0239400998834292,11.097732545455095,12.174853288555529,2.7331678044883727
1167,training,0.0034874629,0.22186521627008915,0.07282491466386334,11.061101075439735,12.190726371285804,2.7316874803536946
1168,training,0.004483353,0.24143754132092,0.07282491466386334,11.024364084066127,12.206724816748794,2.730142576373394
1169,training,0.0054904744,0.22549627535045147,0.07282491466386334,11.00609171594902,12.214701694110314,2.728951534559124
1170,training,0.007735361,0.23470436222851276,0.07282491466386334,10.951260106319102,12.238917782450743,2.7220629568069703
1171,training,0.006586453,0.2598888799548149,0.07282491466386334,10.914753721987779,12.255275368125561,2.718344918080257
1172,training,0.0027614997,0.23465649038553238,0.07282491466386334,10.896641457628144,12.263466598394151,2.7148659457504953
1173,training,0.0155604165,0.2515693884342909,0.09595083616123608,10.86023387243065,12.280163976399539,2.7080844970306437
1174,training,0.0038051894,0.28478815779089933,0.09595083616123608,10.823952113383585,12.297069145263471,2.703316701983515
1175,training,0.002757492,0.2249372093938291,0.09595083616123608,10.787907041768555,12.314076111579475,2.6981034348260198
1176,training,0.0016287132,0.23809575103223324,0.09595083616123608,10.751747323674564,12.331323511349972,2.6957686196539306
1177,training,0.011984646,0.2613423075526953,0.09595083616123608,10.715759877749969,12.348485341824901,2.6971059881355934
1178,training,0.0020492799,0.24485911056399345,0.09595083616123608,10.66156990153055,12.374190340663194,2.7004895542976914
1179,training,0.0012443694,0.2646726127713919,0.15157772370093742,10.643512717547598,12.382684385568297,2.7035689336384734
1180,training,0.00822075,0.2734445221722126,0.15157772370093742,10.607809440980997,12.399188968708529,2.7228607798905213
1181,training,0.01592221,0.2920693978667259,0.15157772370093742,10.571190899901573,12.414272677423314,2.778913077944617
1182,training,0.00967863,0.20461441949009898,0.15157772370093742,10.533820753751892,12.427293803746434,2.8332450098804434
1183,training,0.009391729,0.12976943328976634,0.15157772370093742,10.495856269938752,12.438358407998885,2.8794443290588725
1184,training,0.0078480495,0.11193918623030186,0.15157772370093742,10.45724034436948,12.447987283604657,2.913867788666415
1185,training,0.010492768,0.11566047742962834,0.19193068399485802,10.418484602629139,12.456348309389185,2.943001780835456
1186,training,0.038808882,0.13181705866008997,0.19193068399485802,10.379385182105299,12.463657500533891,2.970291510389248
1187,training,0.010128582,0.11902387626469135,0.19193068399485802,10.320408642998125,12.472780532690729,3.0052652057615816
1188,training,0.011439761,0.10960527695715427,0.19193068399485802,10.280932721519317,12.477740586337633,3.027449324539571
1189,training,0.012440989,0.13611754029989243,0.19193068399485802,10.241394835711171,12.481926735301819,3.0440485664368073
1190,training,0.0032458366,0.13679224997758865,0.19193068399485802,10.201588822534466,12.485507561869573,3.0593456886231056
1191,training,0.0053901663,0.12579083815217018,0.1633377550625248,10.122104976074027,12.490933443342554,3.0867414032474763
1192,training,0.02429659,0.08456894010305405,0.1633377550625248,10.082207497638313,12.492835989026107,3.1011265333517737
1193,training,0.008416483,0.05737658962607384,0.1633377550625248,10.04246273690669,12.494244900081513,3.1101500946476
1194,training,0.016894871,0.06583769991993904,0.1633377550625248,10.002388139370481,12.495381754542745,3.1165930774804993
1195,training,0.008237952,0.07755421660840511,0.1633377550625248,9.942655736878137,12.496568723506854,3.1259677803136348
1196,training,0.0041972823,0.09258194454014301,0.07401191657310216,9.902565306440945,12.497113820979596,3.1297449911735455
1197,training,0.027613055,0.06659139972180128,0.07401191657310216,9.862708621519479,12.497496357253333,3.133618697789688
1198,training,0,0.041828108951449394,0.07401191657310216,9.842777213231896,12.497636116897803,3.1349521186574436
1199,training,0,0.04412375297397375,0.07401191657310216,9.822765758751903,12.497758781963265,3.135781081452704
1200,training,0.008176302,0.05135156400501728,0.07401191657310216,9.782643790649445,12.497958588121364,3.1378069826943986
1201,training,0,0.04809493012726307,0.07401191657310216,9.74285952429841,12.498059597575192,3.1399309644563207
1202,training,0,0.029870931059122086,0.03678738546726579,9.722864769151428,12.49807656094841,3.1414128725980697
1203,training,0,0.032617293298244476,0.03678738546726579,9.682713658144117,12.498089666943153,3.139567477558834
1204,training,0,0.03711774945259094,0.03678738546726579,9.662778205868866,12.498147256671096,3.1370163371830087
1205,training,0,0.011863144114613536,0.03678738546726579,9.622832960344919,12.498464395892901,3.12995160652519
1206,training,0,0.016226440668106086,0.03678738546726579,9.582651459247659,12.499089531308869,3.1221555656011932
1207,training,0.007982575,0.13121990859508514,0.03678738546726579,9.522747774366296,12.50061926458777,3.108467672310276
1208,training,0.0028067552,0.14688202738761902,0.04009390878906832,9.482574736330804,12.502175620236446,3.0970997228499955
1209,training,0.020186942,0.18110781908035278,0.04009390878906832,9.442632164644897,12.504190429735498,3.084283931185396
1210,training,0.0045509143,0.19526199996471405,0.04009390878906832,9.402592713404688,12.506802013362126,3.067350395855895
1211,training,0.008502691,0.19191855192184448,0.04009390878906832,9.362549483095435,12.51012533520564,3.051334434252265
1212,training,0.0041826093,0.2021166794002056,0.04009390878906832,9.322809556996855,12.513965356437197,3.0389057433389115
1213,training,0.005212122,0.20963589102029798,0.04009390878906832,9.282908507221846,12.518314452784583,3.027446379770578
1214,training,0.008644265,0.20529823377728465,0.06571791583424128,9.243169546993057,12.523026290783656,3.0197390814075566
1215,training,0.0011454818,0.2053040468599647,0.06571791583424128,9.223441351754767,12.525480479966925,3.016104585461408
1216,training,0.010747399,0.214278437779285,0.06571791583424128,9.183717674347667,12.53054278739163,3.0143674332410515
1217,training,0.014343167,0.22416351875290272,0.06571791583424128,9.144077287433827,12.53557332036068,3.0159901415894885
1218,training,0.012258585,0.23627409059554338,0.06571791583424128,9.104515265117762,12.540590863778952,3.014175761691133
1219,training,0.048761837,0.2180552072823048,0.06571791583424128,9.064831506162701,12.545694949806006,3.013092381742391
1220,training,0.002484832,0.23377996496856213,0.09760991184501941,9.025224516612527,12.550834704359772,3.010396190817523
1221,training,0.006333711,0.23749580793082717,0.09760991184501941,8.98553249661012,12.556180832148025,3.004767583762629
1222,training,0.0029427344,0.24354881048202515,0.09760991184501941,8.945914564469437,12.56171867029988,3.00044063189639
1223,training,0.01741451,0.27048874646425247,0.09760991184501941,8.906400572702989,12.567449593823365,2.9938181743831116
1224,training,0.009703028,0.2799658812582493,0.09760991184501941,8.866816035588107,12.573479268523627,2.9869550456134033
1225,training,0.005035388,0.29043436422944074,0.09760991184501941,8.827276171745899,12.579759605685668,2.9808346311183445
1226,training,0.00079307123,0.31911871582269663,0.13477461050380088,8.787849058876917,12.58632834533745,2.97226404923158
1227,training,0.0085049,0.3217212036252022,0.13477461050380088,8.748455651040244,12.593046051889077,2.9871249641455977
1228,training,0.008355264,0.2948054075241089,0.13477461050380088,8.689659707242749,12.599711325961612,3.069552889747273
1229,training,0.00083962013,0.26427242159843445,0.13477461050380088,8.649906291193425,12.601651520835903,3.115840573533722
1230,training,0.011232665,0.26795317977666855,0.13477461050380088,8.630151394721414,12.601946489475798,3.1358834106040785
1231,training,0.0017945473,0.26301369071006775,0.13477461050380088,8.59052637249414,12.60145402107371,-3.1124234554369825
1232,training,0.0053744945,0.25728821754455566,0.15611406838516656,8.550607768163843,12.599690481211718,-3.082926835733245
1233,training,0.0039545577,0.237674318253994,0.15611406838516656,8.491237901284883,12.595091362768871,-3.0470842004743846
1234,training,0.015028543,0.17355331033468246,0.15611406838516656,8.451477032796745,12.590916688309012,-3.0275611761000527
1235,training,0.002999289,0.14745303243398666,0.15611406838516656,8.392359214694155,12.583397179195542,-3.0033636609076266
1236,training,0.0073143626,0.08682334050536156,0.15611406838516656,8.352827436846546,12.577594290757592,-2.988854239416204
1237,training,0,0.042926713824272156,0.13376180922629508,8.3331134787539,12.574499717190815,-2.9831852873839395
1238,training,0,0.035307448357343674,0.13376180922629508,8.31348421227903,12.571318038926384,-2.979239975715633
1239,training,0.008152424,0.11355847492814063,0.13376180922629508,8.25432316108076,12.561512198319809,-2.977128461721278
1240,training,0.01704319,0.12211604788899422,0.13376180922629508,8.215001492157024,12.554838797226624,-2.964995335839984
1241,training,0.0047488925,0.12034978345036507,0.13376180922629508,8.175931831238357,12.547529182852992,-2.9492195768616543
1242,training,0.0074311146,0.08044376969337463,0.13376180922629508,8.117201287152996,12.53567074137964,-2.9381820206798017
1243,training,0,0.009610194712877274,0.09700086944611847,8.07817314319645,12.527500692772126,-2.934137480059122
1244,training,0,0.009381376206874854,0.09700086944611847,8.058604091681175,12.523396909668499,-2.9369443336332273
1245,training,0,0.0067813582718372276,0.09700086944611847,8.019342714867836,12.51543251436159,-2.946986104632877
1246,training,0,0.023004822432994856,0.09700086944611847,7.999762276058083,12.511615361071847,-2.9514580782421467
1247,training,0,0.016990970820188515,0.09700086944611847,7.960360315972847,12.504226903141143,-2.9620735214656735
1248,training,0,0.0356576517224312,0.09700086944611847,7.9208683604005365,12.497348077756145,-2.9759955138695906
1249,training,0,0.016601838171482086,0.09700086944611847,7.881420469852557,12.49099749398611,-2.9887931373022045
1250,training,0,0.017149582505226135,0.05719321843025892,7.841689603864458,12.485150160767583,-3.0021848797297506
1251,training,0,0.002572711557149887,0.05719321843025892,7.8020568536169375,12.47986440822819,-3.015645448474078
1252,training,0,0.01456580683588981,0.05719321843025892,7.7622701651393085,12.475065411350329,-3.026912256382798
1253,training,0,0.028215710073709488,0.05719321843025892,7.7223495703977285,12.470700450230982,-3.038992178593271
1254,training,0,0.046571049839258194,0.05719321843025892,7.682660339207525,12.466827522913032,-3.049544684912066
1255,training,0.04241557,0.0943579450249672,0.05719321843025892,7.642643882012325,12.463324179451657,-3.0586646737821614
1256,training,0.026997963,0.09495247155427933,0.038466753054746075,7.582863569778232,12.458623346377705,-3.0641943939479517
1257,training,0.014475853,0.13283483684062958,0.038466753054746075,7.542840679763107,12.455558210615692,-3.071360148776944
1258,training,0.0035308956,0.1734699122607708,0.038466753054746075,7.482650731359627,12.452515876921042,-3.1128060139189206
1259,training,0.0030308757,0.16677910089492798,0.038466753054746075,7.4423328880890915,12.45196501392136,3.1393556398130427
1260,training,0.01104629,0.19710531085729602,0.03239860305529006,7.402035076808267,12.452625457581787,3.1137578013543616
1261,training,0.0061598597,0.15786531940102577,0.03239860305529006,7.382084838297844,12.45328204949849,3.1049445112856695
1262,training,0.013940911,0.1001674085855484,0.03239860305529006,7.321953126133947,12.455896820112875,3.0949704445500243
1263,training,0.012242205,0.2151605188846588,0.03239860305529006,7.2821520901113335,12.457796745126988,3.0917897138587387
1264,training,0.0017232568,0.24322353675961492,0.03239860305529006,7.2621852437814,12.458830985580907,3.0873219767827385
1265,training,0.015188713,0.26211924850940704,0.03239860305529006,7.22205563131777,12.46122085054705,3.075982508414825
1266,training,0.014198108,0.2968296818435192,0.03239860305529006,7.182246797197069,12.464074499117608,3.063090760767566
1267,training,0.0038722493,0.2886371947824955,0.05421206066263549,7.142319680590839,12.467477141915749,3.0504118859666893
1268,training,0.012046615,0.3302561864256859,0.05421206066263549,7.122311870391818,12.469358930245633,3.0450789469649893
1269,training,0.0029432958,0.33651173859834665,0.05421206066263549,7.0825849334009465,12.47337763560836,3.035753780395754
1270,training,0.0016283107,0.2598691061139107,0.05421206066263549,7.042809618060779,12.477810947003817,3.024985420088559
1271,training,0.011710792,0.27360719069838524,0.05421206066263549,7.003007133174387,12.482677079775538,3.0152143323433886
1272,training,0.01531902,0.2740146592259407,0.05421206066263549,6.963459320844102,12.487885026441566,3.005840816598492
1273,training,0.008080656,0.2829496171325445,0.08966557452839571,6.923768176780542,12.493455406713629,2.9991567679105295
1274,training,0.011347748,0.28498939704149967,0.08966557452839571,6.884193145404842,12.499185007209338,2.996780570407332
1275,training,0.010555896,0.31169283762574196,0.08966557452839571,6.844730682037752,12.504998306710661,2.9936191174212645
1276,training,0.011679207,0.32962408289313316,0.08966557452839571,6.805157969212568,12.510927418772098,2.992156548015828
1277,training,0.0077188546,0.31766284070909023,0.08966557452839571,6.765694686699866,12.516902753308969,2.988559013182903
1278,training,0.012911315,0.30056629702448845,0.08966557452839571,6.726130601605051,12.523136777147045,2.9815135702627393
1279,training,0.00769958,0.315093632787466,0.13460611085218666,6.686641841107108,12.52965723948844,2.973373942346979
1280,training,0.0027121827,0.4445141144096851,0.13460611085218666,6.6283252542169775,12.539339283501967,3.002685095306759
1281,training,0.0022033253,0.5029222313314676,0.13460611085218666,6.608496218307541,12.541785982738842,3.0370883746004385
1282,training,0.014180926,0.4209989011287689,0.13460611085218666,6.569578157173109,12.544314942185306,3.120257499249833
1283,training,0.005176685,0.3507251590490341,0.13460611085218666,6.530362127510881,12.54340624459529,-3.0814940468316956
1284,training,0.0024441788,0.4078611731529236,0.16238066216796695,6.490925168564393,12.539836005470145,-3.0233296278429918
1285,training,0.008051447,0.3257199004292488,0.16238066216796695,6.451713924101459,12.534068924125336,-2.9648959663842755
1286,training,0.007841806,0.21531941741704944,0.16238066216796695,6.412984456066741,12.5258972472957,-2.906562538971182
1287,training,0.011649451,0.16664838045835495,0.16238066216796695,6.355406518826312,12.510313735909756,-2.8545226702643456
1288,training,0.0062411916,0.15307213366031647,0.16238066216796695,6.317556974748297,12.498694894110217,-2.83536661173837
1289,training,0.0120809395,0.20505772531032562,0.12995023143103615,6.279613279518357,12.486417132050018,-2.8226251965007725
1290,training,0.020892894,0.17738871648907661,0.12995023143103615,6.241720739506593,12.473577951256862,-2.8039203113122637
1291,training,0.0060897833,0.13878461718559265,0.12995023143103615,6.204358073222065,12.46011615351944,-2.789667821414868
1292,training,0.0034510295,0.11795335076749325,0.12995023143103615,6.166783501535559,12.446204374062386,-2.786717686882974
1293,training,0.01241279,0.15334073826670647,0.12995023143103615,6.129286173424842,12.432336794033532,-2.7882369422394153
1294,training,0.005843177,0.14016443118453026,0.12995023143103615,6.091865197960918,12.418507509921836,-2.7843119354010306
1295,training,0.004144802,0.08691565785557032,0.08335678934544778,6.0357682094069,12.397225136093729,-2.773871604575972
1296,training,0.013561452,0.09571380168199539,0.08335678934544778,6.017189720063497,12.390068929727052,-2.774573412676665
1297,training,0.015673297,0.17229466512799263,0.08335678934544778,5.961026864465993,12.368558599343894,-2.7761187249936654
1298,training,0.061075684,0.17922641336917877,0.08335678934544778,5.942422759408412,12.36143091251785,-2.7742521189591116
1299,training,0.0032961306,0.11210397630929947,0.08335678934544778,5.905256430284304,12.347047783948648,-2.7719842845793994
1300,training,0.009544033,0.08674042671918869,0.08335678934544778,5.867761138336912,12.332588120201413,-2.7773702622204
1301,training,0.016737863,0.05249303579330444,0.07144181560769007,5.811604731910401,12.311726125545047,-2.796268536208426
1302,training,0,0.044868648052215576,0.07144181560769007,5.792658092446586,12.3050040883272,-2.805693282377845
1303,training,0.0013543238,0.11440924741327763,0.07144181560769007,5.735553546064486,12.285972726808605,-2.8342556534443326
1304,training,0.004993352,0.11982516944408417,0.07144181560769007,5.697566547719604,12.274012127761647,-2.8373170787441175
1305,training,0.0054029785,0.07570257037878036,0.07144181560769007,5.640263453321018,12.256161252634463,-2.8417452843664854
1306,training,0,0.034883931279182434,0.04333665337879282,5.621187215270691,12.250305471912732,-2.8462368941484772
1307,training,0,0.0022809430956840515,0.04333665337879282,5.601979091019669,12.244524635484039,-2.854026960906476
1308,training,0,0.016996704041957855,0.04333665337879282,5.5633372891165145,12.233506156630598,-2.872651494442064
1309,training,0,0.024483203887939467,0.04333665337879282,5.544019944155743,12.228269683657503,-2.880820875766105
1310,training,0,0.008877873420715332,0.04333665337879282,5.505254332200851,12.21827372637288,-2.8980206439462193
1311,training,0,0.025529317557811723,0.04333665337879282,5.466278587711491,12.20890514281294,-2.912188238859373
1312,training,0,0.037428526207804694,0.04333665337879282,5.427249491933205,12.200012606038197,-2.9225724253437866
1313,training,0,0.045581456273794174,0.025920153195292506,5.3880971730884495,12.191487187356422,-2.9307489832756266
1314,training,0.011435035,0.05689868191257119,0.025920153195292506,5.329486669421863,12.179061096331013,-2.9345508881485034
1315,training,0,0.031541259959340096,0.025920153195292506,5.290318399158101,12.170883839923377,-2.936590338239342
1316,training,0.007068826,0.050426411908119924,0.025920153195292506,5.2512551094999065,12.162724644076578,-2.934330395882851
1317,training,0,0.005959801841527224,0.025920153195292506,5.212189112570556,12.154463045663286,-2.9329738851591003
1318,training,0,0.0023519648239016524,0.025920153195292506,5.192608570697263,12.150313655850404,-2.9329027904608793
1319,training,0,0.008759023621678349,0.012823217584651533,5.153559943407854,12.142044751347644,-2.9330038969189833
1320,training,0,0.007560111582279205,0.012823217584651533,5.114467144177925,12.13378255514791,-2.9345631738103033
1321,training,0,0.023681002203375105,0.012823217584651533,5.075289312627482,12.125606632500089,-2.9371387219830494
1322,training,0,0.03749002004042268,0.012823217584651533,5.036199812928374,12.117493940206568,-2.9367975871956595
1323,training,0,0.007393572945147753,0.012823217584651533,4.9970805009573676,12.109372486844869,-2.9373857726040318
1324,training,0,0.025970586575567722,0.012823217584651533,4.957977871350336,12.101250399532228,-2.935599712427883
1325,training,0,0.04589329659938812,0.01947919629311908,4.91890530152902,12.093015225076297,-2.932535485118665
1326,training,0,0.0027343817055225372,0.01947919629311908,4.8797997966553055,12.084659392703633,-2.9291565131275314
1327,training,0,0.0363407377153635,0.01947919629311908,4.840854145808893,12.076115941248966,-2.9220328311271864
1328,training,0,0.02591556869447232,0.01947919629311908,4.801945076608038,12.067313189962178,-2.917072992850465
1329,training,0,0.013848138973116875,0.01947919629311908,4.763008687103492,12.058337170905462,-2.912552104263918
1330,training,0,0.043240996077656746,0.01947919629311908,4.724192061494757,12.049159514886743,-2.9070954539392555
1331,training,0,0.028174903243780136,0.0410605505443747,4.68534965057041,12.039790495642096,-2.902652794803547
1332,training,0,0.04991883784532547,0.0410605505443747,4.646581503447235,12.030211325331654,-2.895155939565513
1333,training,0,0.02997527271509172,0.0410605505443747,4.607990938591146,12.020333619691481,-2.8875427355951517
1334,training,0,0.038545869290828705,0.0410605505443747,4.569302762597292,12.01011809626978,-2.8784916787631483
1335,training,0,0.00365486741065979,0.0410605505443747,4.530946935938323,11.999506986845795,-2.8647805619881437
1336,training,0,0.03161384910345076,0.0410605505443747,4.492714876905933,11.988353454809564,-2.850296391564441
1337,training,0.0052884966,0.06189838051795962,0.02855289382759641,4.454497366472008,11.976569862047652,-2.833136893592145
1338,training,0.0048749363,0.06335486471652985,0.02855289382759641,4.397868644597116,11.957768334996715,-2.810958482983285
1339,training,0.0013901605,0.09020539373159409,0.02855289382759641,4.360015367311405,11.944554555106356,-2.8001839146850624
1340,training,0.008265633,0.09152648597955704,0.02855289382759641,4.322615529686739,11.931049722922817,-2.7908373832841886
1341,training,0.015971672,0.14213424921035767,0.02855289382759641,4.285116406467058,11.91718325309217,-2.7842484028452987
1342,training,0.0075698285,0.11782853677868843,0.02855289382759641,4.247655438581458,11.903096611768758,-2.7788899749388585
1343,training,0.017284285,0.08826657384634018,0.027802001624589606,4.2104531487689725,11.888878642973273,-2.7745276894071393
1344,training,0.008904352,0.11906402558088303,0.027802001624589606,4.1917723364158705,11.881673784343345,-2.772116418338517
1345,training,0.0041249553,0.12764270976185801,0.027802001624589606,4.15443826923645,11.867097609135689,-2.764328680592022
1346,training,0.0028784054,0.12509053945541385,0.027802001624589606,4.099154279150134,11.844594903471775,-2.7449056273736816
1347,training,0.011710288,0.11145675182342529,0.027802001624589606,4.0623202503414255,11.828867600899176,-2.7300276161929498
1348,training,0.007992315,0.15700465440750125,0.027802001624589606,4.02609612809213,11.812699872629084,-2.7139807718497533
1349,training,0.0080003645,0.15524612367153168,0.009851959817922973,3.9897982315935154,11.79589555217225,-2.702102643959952
1350,training,0.029467028,0.19507621228694916,0.009851959817922973,3.953781702049739,11.778799671419181,-2.694833758503818
1351,training,0.038940385,0.22617932874709365,0.009851959817922973,3.917866142406332,11.761487771454162,-2.690586747743411
1352,training,0.0043843407,0.22555609978735447,0.009851959817922973,3.8998204667138685,11.752743957855339,-2.690599183372615
1353,training,0.010314392,0.27093346789479256,0.009851959817922973,3.8638080313719096,11.735355140016408,-2.69425860858965
1354,training,0.0024691175,0.27036184817552567,0.009851959817922973,3.809640636383974,11.709638008763218,-2.7035050771859805
1355,training,0.0057268203,0.26378672756254673,0.011456632235758673,3.791425772152469,11.701141367776465,-2.7069414851884215
1356,training,0.052268334,0.1768745481967926,0.011456632235758673,3.7552213524380424,11.684447124445366,-2.7099961193740927
1357,training,0.007689327,0.13839434832334518,0.011456632235758673,3.7189738987744243,11.667652259739606,-2.7026587922109973
1358,training,0.0072650565,0.18230783194303513,0.011456632235758673,3.6829353148495434,11.650431327212809,-2.687477156619251
1359,training,0.010406182,0.1785652488470078,0.011456632235758673,3.647475696840255,11.632659520833327,-2.667000440342172
1360,training,0.0037046387,0.188882976770401,0.011456632235758673,3.6121280906217006,11.61406940210868,-2.649369119336171
1361,training,0.006093039,0.2216452769935131,0.05579505976096989,3.57713602211325,11.59502166773855,-2.636988884437653
1362,training,0.013687722,0.2267163880169391,0.05579505976096989,3.5423967807988426,11.575534249766598,-2.624537344197943
1363,training,0.024030343,0.1412060558795929,0.05579505976096989,3.4905202255989805,11.545580225097343,-2.6124379760857144
1364,training,0.0042663785,0.22682597860693932,0.05579505976096989,3.4562621159909477,11.525257909513138,-2.59969477383083
1365,training,0.0069418154,0.1638849377632141,0.05579505976096989,3.439195297063045,11.514901403800048,-2.5934387189618526
1366,training,0.002059484,0.1156981401145458,0.05579505976096989,3.40524799725235,11.493947767840227,-2.5845715710265926
1367,training,0.010045291,0.15375528484582898,0.09901025811941756,3.354702971608924,11.461959439665295,-2.5702295379649436
1368,training,0.0017713839,0.07759478688240051,0.09901025811941756,3.321260617118082,11.44025902706015,-2.5614537018347527
1369,training,0.0036780485,0.061686187982559176,0.09901025811941756,3.288100434098967,11.41814280525393,-2.5446643291356112
1370,training,0.006463529,0.0889813881367445,0.09901025811941756,3.2554261617081073,11.395494083556908,-2.5272043331634952
1371,training,0,0.009020099416375153,0.09901025811941756,3.2391571119261253,11.383933255565074,-2.5218200244846076
1372,training,0,0.026723986491560936,0.09901025811941756,3.206682559523292,11.360622092213008,-2.515545810133057
1373,training,0,0.04359671473503113,0.09901025811941756,3.1744935464135122,11.337191488837933,-2.510355382075923
1374,training,0.003295361,0.053626044653356075,0.03422654842792365,3.12624135894406,11.301563785240486,-2.498890270538145
1375,training,0.022629336,0.1419385615736246,0.03422654842792365,3.094650900027753,11.277482735976841,-2.482091674685117
1376,training,0.0019887076,0.1522890254855156,0.03422654842792365,3.0633705897247614,11.25275884113565,-2.4626458663893485
1377,training,0.005358084,0.14987017586827278,0.03422654842792365,3.0325622052839356,11.227459931287532,-2.4482887472790367
1378,training,0.0039114966,0.17363113909959793,0.03422654842792365,3.0173351294567676,11.214743387987726,-2.443212517253607
1379,training,0.01111904,0.2164129838347435,0.03422654842792365,2.9869311005774457,11.188908473090116,-2.430034882705614
1380,training,0.036726315,0.24760765582323074,0.03422654842792365,2.9568520468363,11.162547674213894,-2.4103524103156526
1381,training,0.0047763735,0.3232309818267822,0.11191383010747787,2.9133361333960615,11.121964337172757,-2.3704867904227838
1382,training,0.010901821,0.372427836060524,0.11191383010747787,2.8843843628692363,11.093822189172519,-2.3847643683505377
1383,training,0.019103944,0.41494446992874146,0.11191383010747787,2.854836387184722,11.066821194963367,-2.417479442235746
1384,training,0.0035909398,0.44748711585998535,0.11191383010747787,2.8240272081480575,11.040659148387038,-2.458724049319512
1385,training,0.015307838,0.4463672339916229,0.11191383010747787,2.8082894757044956,11.028096123215219,-2.476859825279491
1386,training,0.007658638,0.3844106048345566,0.11191383010747787,2.7598463204424672,10.99223911687026,-2.5325523286325264
1387,training,0.014069849,0.2885090187191963,0.11191383010747787,2.726548179544247,10.969724170592787,-2.558786584383667
1388,training,0.0033873634,0.2185543105006218,0.07767828204356218,2.6758632671420215,10.937399717949223,-2.5875766007114183
1389,training,0,0.0428462577983737,0.07767828204356218,2.658752591959177,10.926912959539939,-2.5960206948762594
1390,training,0,0.035343319177627563,0.07767828204356218,2.6244375627270458,10.906376027213463,-2.604761648456482
1391,training,0,0.03663049265742302,0.07767828204356218,2.6072478257618332,10.896135523555985,-2.604497721430504
1392,training,0,0.04600920528173447,0.07767828204356218,2.572893102806406,10.875707158963719,-2.6057276124215853
1393,training,0,0.02632768452167511,0.07767828204356218,2.5386689138999126,10.85528320210224,-2.597725034946623
1394,training,0.009118162,0.0619596838951111,0.027627437795450842,2.5046803905995128,10.834363044841787,-2.583651449268707
1395,training,0,0.036907732486724854,0.027627437795450842,2.470960288153349,10.813062306447954,-2.5736065165378856
1396,training,0,0.04705691337585449,0.027627437795450842,2.437449096745161,10.791421071272111,-2.561948363924425
1397,training,0,0.016059540212154402,0.027627437795450842,2.4042871787398012,10.76938664084219,-2.546572861060234
1398,training,0.0054906835,0.08800271153450012,0.027627437795450842,2.3714969240651667,10.746697026056639,-2.524660321180354
1399,training,0,0.020742878317832947,0.027627437795450842,2.3394282784891667,10.723350909698016,-2.500061084734277
1400,training,0,0.03165380656719208,0.027627437795450842,2.3078188570345386,10.699087615707267,-2.4726955364198218
1401,training,0,0.013253346085548401,0.054600425139563216,2.277001127678268,10.67395598114893,-2.4416743183063403
1402,training,0,0.009868115186691284,0.054600425139563216,2.2470562766061066,10.647968437637164,-2.4127685374291614
1403,training,0,0.011226192116737393,0.054600425139563216,2.2176637677681454,10.620937463627678,-2.38119064560471
1404,training,0.005081,0.06371203064918518,0.054600425139563216,2.189488177427218,10.593174579130297,-2.3440087236323435
1405,training,0,0.028916150331497192,0.054600425139563216,2.162311843101687,10.56423859149011,-2.3071210000037707
1406,training,0.024064371,0.06583037972450256,0.054600425139563216,2.1361661707046897,10.534374605083912,-2.271816962971657
1407,training,0.003492756,0.06294637918472287,0.09749254173189464,2.1113000588273696,10.503624568819587,-2.2271966480212466
1408,training,0,0.04709707200527191,0.09749254173189464,2.088092871975501,10.471892264756317,-2.1758436304813555
1409,training,0,0.01495468616485593,0.09749254173189464,2.066462388355404,10.438728589736158,-2.123792530649514
1410,training,0,0.02606809139251709,0.09749254173189464,2.0465037686842793,10.404651260791903,-2.0802901677080925
1411,training,0.009520284,0.11930014938116072,0.09749254173189464,2.027865338492935,10.369770428491544,-2.0424752793213528
1412,training,0.002948077,0.15487564355134964,0.09537695671627652,2.0104874525989223,10.333957300451216,-2.000388032928317
1413,training,0.016529325,0.2641458734869957,0.09537695671627652,1.9877850813507,10.279165362425813,-1.9233976076716335
1414,training,0.01138664,0.19319559261202812,0.09537695671627652,1.9697916500854598,10.223021982593114,-1.8316195924509266
1415,training,0.055670552,0.1989026926457882,0.08735278625621562,1.9605626932780165,10.184479210689746,-1.781500521386122
1416,training,0.0046306197,0.16656187176704407,0.08735278625621562,1.9532058163311126,10.14570395454929,-1.736626029747552
1417,training,0.009334055,0.19616523757576942,0.08735278625621562,1.9473163885707447,10.10638127429451,-1.70597411827876
1418,training,0.01310296,0.3111729919910431,0.08735278625621562,1.9424511328813008,10.066764049820689,-1.67756683131258
1419,training,0.011937364,0.2366601452231407,0.08735278625621562,1.938782092639877,10.027295557777915,-1.6514806799997155
1420,training,0.005683575,0.2541707530617714,0.08735278625621562,1.9372727751838374,10.00738396940852,-1.6417362193320417
1421,training,0.0068934713,0.2593439444899559,0.08735278625621562,1.9347926549776686,9.967492489217129,-1.6240208096526647
1422,training,0.010941201,0.2510119490325451,0.0833086128614726,1.9330401747221173,9.927806590344202,-1.6058222860176143
1423,training,0.0055811554,0.18508630990982056,0.0833086128614726,1.931890293546536,9.887805536985537,-1.594958426716473
1424,training,0.008499619,0.28608627151697874,0.0833086128614726,1.9309180604755376,9.847893642664488,-1.5977683204106756
1425,training,0.019268107,0.26175351068377495,0.0833086128614726,1.929754158086096,9.807937488136591,-1.6022804774832913
1426,training,0.009144009,0.25675564678385854,0.0833086128614726,1.9284108694992979,9.767904659656114,-1.6070648912340264
1427,training,0.002869201,0.2783205583691597,0.0833086128614726,1.9269780835943895,9.72805444145548,-1.606264976860659
1428,training,0.0053885328,0.20917793456465006,0.11245746747158317,1.926294176852845,9.708085593533532,-1.603545287883143
1429,training,0.03050071,0.2760903025045991,0.11245746747158317,1.92501348066559,9.667521566333798,-1.6079325304747702
1430,training,0.006549809,0.3073590472340584,0.11245746747158317,1.9227264605732883,9.627319144104286,-1.6521760782627635
1431,training,0.0025592363,0.3174462057650089,0.11245746747158317,1.9184230190991467,9.587107373228807,-1.7003480834039721
1432,training,0.005166718,0.19742018729448318,0.11245746747158317,1.912306954952198,9.54723445576497,-1.7482850665288079
1433,training,0.0016846985,0.2740076780319214,0.12239703881340346,1.9043200855686433,9.507884545959621,-1.7873839038607418
1434,training,0.016074387,0.2578127607703209,0.12239703881340346,1.8951458706194413,9.468668935574838,-1.814391408546341
1435,training,0.0055604596,0.2749849706888199,0.12239703881340346,1.8849933537202823,9.429882141533573,-1.8381761662470502
1436,training,0.007377065,0.19971223175525665,0.12239703881340346,1.8739199082898117,9.391263384207774,-1.8655846519357087
1437,training,0.01192871,0.1279340609908104,0.12239703881340346,1.8616827735619246,9.353017275503838,-1.8924720064437894
1438,training,0.007810784,0.13475969806313515,0.12239703881340346,1.841863937438608,9.29637778364259,-1.9200369837418412
1439,training,0.006426202,0.1315768025815487,0.09661837858499017,1.8280520854465192,9.258896063495259,-1.9264279035733218
1440,training,0.008398667,0.1295237522572279,0.09661837858499017,1.8071569232385674,9.20267144115342,-1.92512013351207
1441,training,0.0019608121,0.09394141286611557,0.09661837858499017,1.7865795155042747,9.146446604433319,-1.918121028421398
1442,training,0.0050345045,0.0902661457657814,0.09661837858499017,1.7730908913053638,9.108874352777256,-1.9132866985408838
1443,training,0.00560805,0.05264599621295929,0.09661837858499017,1.7533515967718991,9.052393532016238,-1.8994320129977371
1444,training,0.008496556,0.06601445004343987,0.05082282130198141,1.7345174262852203,8.995668344332683,-1.882680428257343
1445,training,0.008443516,0.07521686982363462,0.05082282130198141,1.7169756103997513,8.938607713668597,-1.8552260572178085
1446,training,0,0.0329111535102129,0.05082282130198141,1.711469183130988,8.919505534610352,-1.8482128566513154
1447,training,0.009418551,0.07195036113262177,0.05082282130198141,1.7007631545181359,8.88102456618262,-1.836324226129082
1448,training,0,0.03823799919337034,0.05082282130198141,1.6905582470242095,8.842524976595092,-1.8247771707640794
1449,training,0.008655833,0.059713831171393394,0.022486029640920335,1.6757690140662498,8.78445330984102,-1.8168171602915837
1450,training,0.002926478,0.08391622081398964,0.022486029640920335,1.6612508414652836,8.726406990577882,-1.820727390073877
1451,training,0.0018946618,0.07725300081074238,0.022486029640920335,1.6460076660410397,8.668264397500838,-1.8334097551933946
1452,training,0.004787554,0.06731691025197506,0.022486029640920335,1.6355123826198457,8.629752339145703,-1.8409455289913803
1453,training,0.0043792296,0.10950648784637451,0.022486029640920335,1.6301393715109143,8.610473658366795,-1.8441132494298555
1454,training,0.017496262,0.11389876902103424,0.007879930880905554,1.6192160468653336,8.571998505753234,-1.852055418426414
1455,training,0.010107382,0.07611940801143646,0.007879930880905554,1.6021152875489855,8.514504248268654,-1.8687878417746722
1456,training,0.018703412,0.10608216095715761,0.007879930880905554,1.5901891214340504,8.476200703246612,-1.8736076344627257
1457,training,0.030152313,0.16876050271093845,0.007879930880905554,1.584227925284743,8.457109414109691,-1.8738588188487177
1458,training,0.033682726,0.1573260761797428,0.007879930880905554,1.5721980815312173,8.418995100372301,-1.8822019549401943
1459,training,0.008968911,0.175995334982872,0.007879930880905554,1.553130555816351,8.362041876527073,-1.9079461417799568
1460,training,0.007060603,0.23771613836288452,0.01961884409434584,1.5463713202350187,8.343081808444882,-1.9193926726205575
1461,training,0.005746338,0.2220502570271492,0.01961884409434584,1.5321679993947879,8.305580015721988,-1.9458734130514903
1462,training,0.018187003,0.17973221745342016,0.01961884409434584,1.5171819898937295,8.268502367584782,-1.9607164300182043
1463,training,0.009039982,0.164566233754158,0.01961884409434584,1.4941703498962786,8.213021573516986,-1.9625390774588403
1464,training,0.0042537684,0.16260746866464612,0.01961884409434584,1.4792201083647023,8.176151889997264,-1.9489754343863503
1465,training,0.0076070754,0.08430587500333789,0.01961884409434584,1.4719241873313043,8.157559840306158,-1.9402349818334306
1466,training,0.011029141,0.056526198983192444,0.06554799673901171,1.4648253719532265,8.138968450861075,-1.9307826734508633
1467,training,0.010431539,0.050807863473892184,0.06554799673901171,1.4512269390484933,8.101618909361386,-1.9084722386467148
1468,training,0.006261791,0.1434417553246021,0.06554799673901171,1.4385117537491237,8.063929474339764,-1.884173181399522
1469,training,0.002335235,0.11393020302057269,0.06554799673901171,1.4323089526762203,8.04466236120254,-1.882319385381011
1470,training,0.0060302345,0.22146908193826675,0.06554799673901171,1.414171043926928,7.98758396007175,-1.8737209006373723
1471,training,0.011506805,0.21263083070516586,0.06554799673901171,1.4024758467896277,7.949472820803701,-1.8635373492023972
1472,training,0.009230597,0.18463265150785446,0.06554799673901171,1.396773783469994,7.930390397601579,-1.8584192343701786
1473,training,0.010329705,0.23698203079402447,0.031223711655851385,1.3855994063376402,7.892012190104415,-1.8520564537003268
1474,training,0.006011287,0.22057920694351196,0.031223711655851385,1.3690230921649758,7.834490895944193,-1.8535676920023076
1475,training,0.010719934,0.2189602255821228,0.031223711655851385,1.3579622855299125,7.796076068627078,-1.8477378746593074
1476,training,0.0048289886,0.18565542995929718,0.031223711655851385,1.3473640160189466,7.757684031838505,-1.8327405726065602
1477,training,0.015378408,0.23486072570085526,0.031223711655851385,1.3423018190590972,7.738502516443776,-1.8239832711496315
1478,training,0.0057750894,0.15918511152267456,0.031223711655851385,1.3327214224218282,7.699745329581281,-1.8034511212638644
1479,training,0.008292803,0.07410408556461334,0.09992868260042023,1.324050301357898,7.661041755885033,-1.7759610615975854
1480,training,0.012094423,0.08710053563117975,0.09992868260042023,1.3166338854201518,7.622114098773882,-1.7379930256740677
1481,training,0.005346162,0.11239787936210627,0.09992868260042023,1.3109133398540798,7.582686207506411,-1.6932251282686877
1482,training,0.005232954,0.06965109705924988,0.09992868260042023,1.3067572115554065,7.543379245809458,-1.6617039510357443
1483,training,0.0060980115,0.050727620720863315,0.09992868260042023,1.3037309235389938,7.503682683613847,-1.6310770334357003
1484,training,0,0.019446536898613004,0.09992868260042023,1.3019155807934935,7.463877696811348,-1.6032794098270313
1485,training,0.0025142129,0.05040564388036731,0.12961735125071458,1.3011663623258358,7.4242117946249735,-1.5761860170989
1486,training,0,0.006579920649528517,0.12961735125071458,1.3015071350030212,7.384448353929016,-1.5487460863412958
1487,training,0,0.006408371031284346,0.12961735125071458,1.3028217233459427,7.344615040245027,-1.5286656924827813
1488,training,0,0.03929398581385613,0.12961735125071458,1.3048908726427175,7.30484041498532,-1.5090040731727803
1489,training,0,0.04121899977326393,0.12961735125071458,1.30762290961208,7.265077736277734,-1.4969516596435712
1490,training,0,0.030234050005674362,0.12961735125071458,1.3107395093363432,7.225315762303781,-1.4881724226556727
1491,training,0,0.026949569582939148,0.12411522461202512,1.3142294697159924,7.185575517978311,-1.4790909272766588
1492,training,0,0.017457976937294006,0.12411522461202512,1.3182301621283845,7.145900449219314,-1.4602554703785875
1493,training,0,0.006721165031194687,0.12411522461202512,1.3230195516683987,7.106399011894875,-1.440404039771854
1494,training,0,0.036223120987415314,0.12411522461202512,1.3284497565447513,7.0669010730200466,-1.4292593298722396
1495,training,0.0029068138,0.06828794628381729,0.12411522461202512,1.3342201281422916,7.027274313250258,-1.4229117065629946
1496,training,0,0.0486824344843626,0.12411522461202512,1.3402139443344132,6.987893363477284,-1.4192624186079768
1497,training,0,0.044039602391421795,0.10402345509941661,1.34621790966948,6.948348674510103,-1.4215781911819358
1498,training,0,0.04293221468105912,0.10402345509941661,1.3521435770475,6.9087922753826865,-1.4219880815927128
1499,training,0,0.04980242811143398,0.10402345509941661,1.3580518953667502,6.869348238580713,-1.4229785632869991
1500,training,0.0035239481,0.06026073358952999,0.10402345509941661,1.3639096842813716,6.82969240937029,-1.425352778966886
1501,training,0,0.009742827154695988,0.10402345509941661,1.3696806776302157,6.790213333527151,-1.4273269603528496
1502,training,0,0.018973956815898415,0.10402345509941661,1.375315396021646,6.750650049368476,-1.431450753138773
1503,training,0,0.013939923606812954,0.07838891990548802,1.380787801997764,6.710999011677448,-1.435711425328798
1504,training,0,0.013236058875918392,0.07838891990548802,1.3860788121391938,6.67141458985998,-1.4409368659241997
1505,training,0,0.018190089613199234,0.07838891990548802,1.3911409595024755,6.631657024866052,-1.447443298823204
1506,training,0,0.017414717432984617,0.07838891990548802,1.3960638621558579,6.591987898849258,-1.4466262138907706
1507,training,0,0.007614552043378351,0.07838891990548802,1.398539487407913,6.57220114852434,-1.4467900396854032
1508,training,0,0.0032641459256410564,0.07838891990548802,1.40589277231391,6.512658813121213,-1.4493976225471463
1509,training,0,0.0033725816756486893,0.05508413760805362,1.4106703307847377,6.472999301195695,-1.4534455327410234
1510,training,0,0.015064440667629242,0.05508413760805362,1.4152441550738528,6.433228939481212,-1.4592938233050592
1511,training,0,0.027235742658376687,0.05508413760805362,1.4174390719427408,6.4133454449433795,-1.4624455536262118
1512,training,0,0.045151920057833195,0.05508413760805362,1.423623861528628,6.353676743017513,-1.4742465927413808
1513,training,0.00871049,0.06507911160588264,0.05508413760805362,1.4289730439424808,6.29386630894162,-1.4881639629977665
1514,training,0,0.041065598838031285,0.05508413760805362,1.4305854154373197,6.273890977227904,-1.492239634915168
1515,training,0,0.03738070745021105,0.03594214435551249,1.433553353957865,6.233964549378674,-1.500746316545259
1516,training,0,0.03072779532521963,0.03594214435551249,1.4363091783215638,6.194076778152705,-1.5008983716798892
1517,training,0,0.03878533001989126,0.03594214435551249,1.439141359946453,6.154192426908851,-1.4996822932957798
1518,training,0,0.049900141544640064,0.03594214435551249,1.441992843091819,6.11429441836909,-1.499033100226508
1519,training,0,0.0489213103428483,0.03594214435551249,1.444920380592093,6.074512565674943,-1.4960109760166622
1520,training,0.00920824,0.05136763397604227,0.03594214435551249,1.447940504796505,6.0346702379044075,-1.495014755220748
1521,training,0.0025118892,0.07105808518826962,0.026923477279637884,1.4525527001778373,5.974934437703039,-1.4921463598571385
1522,training,0.008482736,0.09918801859021187,0.026923477279637884,1.4557581304978646,5.935186643060991,-1.488214178322117
1523,training,0.0011889872,0.10923723876476288,0.026923477279637884,1.4591946288677378,5.895431318947018,-1.4792874854247822
1524,training,0.0033528751,0.07998658157885076,0.026923477279637884,1.4630705149729304,5.8557323877746255,-1.468886111382559
1525,training,0.032369766,0.05676244571805,0.026923477279637884,1.4672150528478343,5.815985447247991,-1.466304391345684
1526,training,0,0.03936547785997391,0.026923477279637884,1.4693004516706167,5.796159422164693,-1.4666377496191714
1527,training,0,0.008345711976289756,0.015771597308109984,1.4733651680777466,5.756422846675253,-1.4727792212552357
1528,training,0,0.010690974071621895,0.015771597308109984,1.4770976932525541,5.716565226411535,-1.482106866353829
1529,training,0,0.016060071066021926,0.015771597308109984,1.480529216817832,5.676751043681464,-1.4871613650700384
1530,training,0,0.012941328808665269,0.015771597308109984,1.4837982446052085,5.636871772677716,-1.4915445471165714
1531,training,0,0.005469571799039848,0.015771597308109984,1.4853493505715036,5.6169085916590635,-1.4949336513477085
1532,training,0,0.01389395073056221,0.015771597308109984,1.48964123713124,5.55709126134642,-1.5036863304100494
1533,training,0,0.037923552095890045,0.0036960205869680306,1.4921340432431183,5.517094598112433,-1.5141590197992671
1534,training,0.005774502,0.05448472872376442,0.0036960205869680306,1.494158695194347,5.477155856539274,-1.525949643854809
1535,training,0,0.031815098598599434,0.0036960205869680306,1.4957106731498435,5.437033381039612,-1.5394523360420576
1536,training,0,0.023014618083834648,0.0036960205869680306,1.4966913994601005,5.396990162557452,-1.551790342101793
1537,training,0,0.019861620385199785,0.0036960205869680306,1.49733174113669,5.357039138890845,-1.557800984926747
1538,training,0,0.019590772688388824,0.00356828280012714,1.497753405068232,5.316927371602049,-1.5634100262447665
1539,training,0,0.009881545433017891,0.00356828280012714,1.49796319758248,5.277043717321163,-1.5671981466102995
1540,training,0,0.01631475379690528,0.00356828280012714,1.4980818271528846,5.237003460943774,-1.5685612993651583
1541,training,0,0.022542011924088,0.00356828280012714,1.4981097634032126,5.196956183527271,-1.5719986586735388
1542,training,0,0.03153792396187782,0.00356828280012714,1.4980401896891102,5.1570915250458285,-1.57357756205043
1543,training,0,0.03302643448114395,0.00356828280012714,1.497901097521856,5.116980320174326,-1.5753489986193832
1544,training,0,0.03331313282251358,0.006816091688140266,1.4976525880182852,5.077069365108508,-1.5785642540213096
1545,training,0,0.022746396251022816,0.006816091688140266,1.4973056216624225,5.03707466588252,-1.5807089788427466
1546,training,0,0.03869947791099548,0.006816091688140266,1.4968695329575716,4.997030383720866,-1.5832586462187639
1547,training,0,0.022884935140609748,0.006816091688140266,1.4963491486464564,4.957116777976591,-1.5844059635134387
1548,training,0,0.009076911956071847,0.006816091688140266,1.4958409431304536,4.917059115918766,-1.5825963179804643
1549,training,0,0.02365870401263237,0.006816091688140266,1.495432386839931,4.877218412223144,-1.5792951365334864
1550,training,0.006005898,0.053288815543055534,0.006342536671757617,1.4952757949591156,4.837346841969957,-1.5692968229958317
1551,training,0.011743001,0.13563182950019836,0.006342536671757617,1.4955537425791445,4.797540782291309,-1.5573250141126407
1552,training,0.006024775,0.0931661818176508,0.006342536671757617,1.4972927520735861,4.737849527817046,-1.522307264718708
1553,training,0,0.019608134403824806,0.006342536671757617,1.4997254344199549,4.698209560130218,-1.501105421810736
1554,training,0,0.03986612893640995,0.006342536671757617,1.501149919909327,4.678274069540335,-1.4997517331481307
1555,training,0,0.03869436495006084,0.006342536671757617,1.5039622686190628,4.638454344891648,-1.500352008925324
1556,training,0.003898397,0.05600588954985142,0.0061371571462832,1.5067887811672944,4.598566962024935,-1.500651112313412
1557,training,0,0.03506490774452686,0.0061371571462832,1.5095645805815108,4.558687450602834,-1.5017308143816666
1558,training,0,0.04623945243656635,0.0061371571462832,1.5123194020153963,4.518821732422657,-1.5024986434134697
1559,training,0,0.0449977982789278,0.0061371571462832,1.5150046161756723,4.478911092517711,-1.5053224925645377
1560,training,0,0.03006220795214177,0.0061371571462832,1.517588988714016,4.439082371141408,-1.5064875402806253
1561,training,0,0.025658663362264626,0.0061371571462832,1.5201018468811904,4.399124379939036,-1.5103463586810966
1562,training,0,0.02849607914686203,0.018585813888171293,1.5212763284087945,4.379141247824943,-1.514042642568529
1563,training,0,0.015605241060256958,0.018585813888171293,1.5244003227943423,4.319257633089127,-1.5230219347073237
1564,training,0,0.018098369240760803,0.018585813888171293,1.5261835252368463,4.279226875454855,-1.5302632117324562
1565,training,0,0.0033188723027706077,0.018585813888171293,1.5276494849888145,4.239315995290062,-1.5375016434865694
1566,training,0,0.026215860620141022,0.018585813888171293,1.5288736934550935,4.199257032117765,-1.5430512853327063
1567,training,0,0.024325972422957427,0.018585813888171293,1.5298653062017815,4.159236118188801,-1.5490280890440442
1568,training,0,0.023810524493455887,0.018979599635181442,1.530293162918418,4.139331334423253,-1.5501123607204297
1569,training,0.005814607,0.052761100232601166,0.018979599635181442,1.5314735935823667,4.079284879309582,-1.5522731433993515
1570,training,0.00801954,0.07734543085098267,0.018979599635181442,1.532210714052149,4.039399053774509,-1.5512074206652897
1571,training,0.01113645,0.12170751392841339,0.018979599635181442,1.5331171930002798,3.9994681269750547,-1.543329131938362
1572,training,0.0036607997,0.13685526326298714,0.018979599635181442,1.5352477596474496,3.9396568717476694,-1.5253866265915497
1573,training,0.0069255405,0.0648366529494524,0.019486340828594895,1.537396370900318,3.8998710951231277,-1.5080377803857214
1574,training,0,0.01148846372961998,0.019486340828594895,1.5401765841625232,3.860067480853074,-1.4980891990693401
1575,training,0,0.018366955220699296,0.019486340828594895,1.5416258461837755,3.840141081932573,-1.5002876606039577
1576,training,0,0.02519526705145836,0.019486340828594895,1.5442439158493195,3.8002422006589187,-1.5108831320063714
1577,training,0,0.035896640270948424,0.019486340828594895,1.546418375524038,3.760241794044801,-1.5223266455063549
1578,training,0,0.03679890185594559,0.019486340828594895,1.548198983739063,3.7203512148677036,-1.528925106245635
1579,training,0.0031027019,0.06218226999044418,0.019486340828594895,1.5498235439888475,3.680332647610009,-1.5311635621845376
1580,training,0.013199572,0.06406044866889715,0.03339872047014282,1.5520974140501225,3.620470138566302,-1.5338156801132186
1581,training,0.008070033,0.0719708763062954,0.03339872047014282,1.5535846761588505,3.580482309590864,-1.5334247447851095
1582,training,0.036942527,0.08715746738016607,0.03339872047014282,1.5550714949982125,3.5405058581258326,-1.5339942444803374
1583,training,0.056017585,0.07921552844345568,0.03339872047014282,1.5565911072675076,3.5006795487021547,-1.531199504639806
1584,training,0,0.035801999270915985,0.03339872047014282,1.558209357252264,3.460672338388027,-1.5316356456230087
1585,training,0,0.026283130049705505,0.044071565830599284,1.5589547585431969,3.4406569806612093,-1.5357022875793644
1586,training,0,0.03209801763296127,0.044071565830599284,1.5602188216902255,3.400773560623576,-1.542820273830532
1587,training,0,0.015788674354553223,0.044071565830599284,1.5611914136515517,3.360652677158175,-1.550739124220409
1588,training,0,0.00791088491678238,0.044071565830599284,1.5617853444674414,3.3207002500396374,-1.5607459917481985
1589,training,0,0.0034299083054065635,0.044071565830599284,1.5620069057227122,3.2806660336076243,-1.5698883199416185
1590,training,0,0.0052126385271549225,0.044071565830599284,1.5618461028538349,3.2405052127000538,-1.580301788029555
1591,training,0,0.006371483206748962,0.042202982035535234,1.561272270950283,3.2006279220571066,-1.5898606523404286
1592,training,0,0.0419585220515728,0.042202982035535234,1.5603735243204349,3.1605111353274062,-1.5965487485371062
1593,training,0,0.040187429636716857,0.042202982035535234,1.5598238144820238,3.1404480546321465,-1.6000733771849796
1594,training,0,0.011979125440120697,0.042202982035535234,1.5577780885263752,3.0805479421834434,-1.6097757898753653
1595,training,0,0.01060090400278568,0.042202982035535234,1.5561061929340683,3.040455948748778,-1.615847197661295
1596,training,0,0.03364086989313364,0.03617325730803174,1.5541880842743625,3.0006003230800684,-1.621837097645891
1597,training,0.00622838,0.06090881675481796,0.03617325730803174,1.5507662951333323,2.9405004442236167,-1.6341796776972661
1598,training,0.00999351,0.0867936760187149,0.03617325730803174,1.5494582469879004,2.9206179359485462,-1.6401211435235794
1599,training,0.013276808,0.07971706427633762,0.03617325730803174,1.544659499842445,2.860755435771933,-1.6621367720428482
1600,training,0.00948048,0.056709904223680496,0.03617325730803174,1.5407761006925083,2.820789297109761,-1.671851915851442
1601,training,0.019528737,0.07477539777755737,0.017371937465060286,1.5366255487169909,2.7811166755447823,-1.6778374211118636
1602,training,0.0045900187,0.08550721034407616,0.017371937465060286,1.5299735689228937,2.7212913203355487,-1.6849049814816461
1603,training,0.016664585,0.1033373698592186,0.017371937465060286,1.525345746092477,2.6817108389674407,-1.6896696709437367
1604,training,0.005876878,0.1568872407078743,0.017371937465060286,1.520414656494071,2.641842560772342,-1.6994757695068428
1605,training,0.0019418162,0.18223629146814346,0.017371937465060286,1.5150361298251003,2.602188088584909,-1.7127520360255308
1606,training,0.008604,0.24930890649557116,0.017371937465060286,1.5090638825397014,2.5625995559308987,-1.7288711529467067
1607,training,0.0043342737,0.25911910086870193,0.015791910380658483,1.5058103793563757,2.5427233085628793,-1.7375041883268252
1608,training,0.0069174357,0.2762652561068535,0.015791910380658483,1.4988400689977337,2.50327759527973,-1.7540983031578559
1609,training,0.0037201848,0.3225160762667656,0.015791910380658483,1.4912360663717565,2.4640113017279326,-1.7696384109335062
1610,training,0.00209622,0.2871619053184986,0.015791910380658483,1.4830160844964846,2.4246681021874674,-1.783822600312808
1611,training,0.0037017,0.18906394764780995,0.015791910380658483,1.4787450221994904,2.405127934694153,-1.7878401695257267
1612,training,0.0066158,0.2829674258828163,0.015791910380658483,1.4700135773251073,2.366240564398867,-1.7937453848169016
1613,training,0.0048326403,0.18642770498991013,0.015791910380658483,1.456815361921587,2.3076920666985297,-1.7889460807848725
1614,training,0.0029231207,0.22796558309346437,0.060800694573493706,1.4482740433230636,2.268830382736406,-1.7862754698985723
1615,training,0.0035273794,0.2534676808863878,0.060800694573493706,1.4397094812718745,2.229674504649704,-1.7867974482838798
1616,training,0.002200137,0.2968594999983907,0.060800694573493706,1.4354215642666155,2.2101576187316043,-1.7877416849907546
1617,training,0.005029783,0.2882885364815593,0.060800694573493706,1.4267716791599285,2.171285065238214,-1.792239723550532
1618,training,0.0060382523,0.17833869159221652,0.060800694573493706,1.41792203078929,2.132195003392389,-1.7935943481286334
1619,training,0.014974305,0.30017818883061403,0.060800694573493706,1.409192130923426,2.093310792377186,-1.7897397362181962
1620,training,0.0019194016,0.2991843894124031,0.11005204523695024,1.400641308527281,2.0543638086344704,-1.7834848043309228
1621,training,0.004808925,0.22161473333835602,0.11005204523695024,1.3923891641290564,2.0142617460652277,-1.7525893760133069
1622,training,0.002946653,0.34001773782074457,0.11005204523695024,1.3864153128983634,1.9751963485883015,-1.695883533292417
1623,training,0.043656085,0.2861191313713789,0.11005204523695024,1.3825589973091728,1.935813738429053,-1.6381083854732819
1624,training,0.0033309679,0.2223646901547909,0.11005204523695024,1.3810477292866992,1.896269621579402,-1.5821126354297546
1625,training,0.010736667,0.32571546733379364,0.13409519942511228,1.3815486970080133,1.8567889938131075,-1.5379928383689112
1626,training,0.0011661251,0.32561497390270233,0.13409519942511228,1.383606467544035,1.817253330274206,-1.4998517890050937
1627,training,0.003320294,0.32222071290016174,0.13409519942511228,1.3871703635868038,1.7776335017432516,-1.4631878189155547
1628,training,0.0031089755,0.3807072788476944,0.13409519942511228,1.3921599175909536,1.738312667396466,-1.4258888294079164
1629,training,0.0052020284,0.3497796058654785,0.13409519942511228,1.3986102775782685,1.6992375208732582,-1.3881107196861142
1630,training,0.09033084,0.3704661875963211,0.13409519942511228,1.4065669733574164,1.6601322270428973,-1.3521816608941108
1631,training,0.002468804,0.41418251395225525,0.10115075006622197,1.4158210338400363,1.6216847080503194,-1.3166970967240361
1632,training,0.02689917,0.3820553869009018,0.10115075006622197,1.4264591475133184,1.5833600653311208,-1.2841569825817856
1633,training,0.008456518,0.35427653789520264,0.10115075006622197,1.4383147498175561,1.5453239630851197,-1.2526764347823491
1634,training,0.0048952363,0.2729484587907791,0.10115075006622197,1.451355648128138,1.5080218729794839,-1.2149026588618594
1635,training,0.006053875,0.2360236495733261,0.10115075006622197,1.465873325277471,1.4710022647655336,-1.1811047040508025
1636,training,0.002722384,0.31673479080200195,0.10115075006622197,1.4814434944225776,1.4343555722308539,-1.1588685539937311
1637,training,0.034013174,0.2766018658876419,0.018532552153717734,1.497920289085868,1.3982364668537526,-1.1234638643074313
1638,training,0.004531975,0.20327334851026535,0.018532552153717734,1.5154970283147755,1.3621585629684545,-1.1257084721680355
1639,training,0.0018203219,0.29533983767032623,0.018532552153717734,1.5323816701558481,1.3257986465588056,-1.1455991299148296
1640,training,0.0025624519,0.3729037046432495,0.018532552153717734,1.5485687631099108,1.2890311603770244,-1.1680966089846436
1641,training,0.0059574116,0.367655873298645,0.018532552153717734,1.5638048195246033,1.2518566942587388,-1.1961404081887574
1642,training,0.0061784955,0.3703601658344269,0.018532552153717734,1.577942268923897,1.2142941391647084,-1.2269542190238536
1643,training,0.0058551733,0.3551071286201477,0.05850352013713039,1.5908659943959917,1.1760003232040361,-1.2658146031753996
1644,training,0.0045669856,0.2727324590086937,0.05850352013713039,1.6021562478072089,1.13752080073324,-1.304396816677512
1645,training,0.013285244,0.36153385043144226,0.05850352013713039,1.6120987362110202,1.098433970402467,-1.3385023131425946
1646,training,0.0016565023,0.4447953701019287,0.05850352013713039,1.620621785257439,1.058989567840621,-1.379746746656146
1647,training,0.0029213082,0.2573044002056122,0.05850352013713039,1.6272481672691188,1.0192105630335562,-1.4344005317645805
1648,training,0.0029800744,0.1529572019353509,0.022526225903711904,1.633569335428812,0.9587564843240695,-1.4910864193226656
1649,training,0.029989064,0.2711717560887337,0.022526225903711904,1.6350327589786036,0.9386822510197941,-1.5050820080162601
1650,training,0.012307838,0.26849428191781044,0.022526225903711904,1.6371207619677715,0.898560259964383,-1.529739460759641
1651,training,0.03136499,0.2521646274253726,0.022526225903711904,1.6384949474710147,0.8586100199124366,-1.5404579316481326
1652,training,0.008438282,0.30268844217061996,0.022526225903711904,1.6396785901836248,0.8186262043918898,-1.5403765839703045
1653,training,0.027249664,0.27194125577807426,0.15312666165981198,1.6409999279755778,0.7787043401082272,-1.5338287906448749
1654,training,0.0058877445,0.3186721093952656,0.15312666165981198,1.642826033502025,0.7390997859735864,-1.5034555496065474
1655,training,0.0058064293,0.614870747551322,0.15312666165981198,1.6467244405321595,0.6999547488142929,-1.4385848238547758
1656,training,0.00072386104,0.768198773264885,0.15312666165981198,1.6536588794430769,0.6610362317114481,-1.3367598397851714
1657,training,0.005604516,1.021094985306263,0.266957679932032,1.6649374032913629,0.6239149746401511,-1.209785075855932
1658,training,0.0324665,1.133973553776741,0.266957679932032,1.6811898523833986,0.5890959910511087,-1.0453744340320894
1659,training,0.010643801,1.0012014284729958,0.3028306895483404,1.7033832917399896,0.5580091064746142,-0.8530472638552985
1660,training,0.008597762,0.9355432540178299,0.3028306895483404,1.7311440860146654,0.5317578126015652,-0.6631482797896959
1661,training,0.020747408,0.6297006662935019,0.31922122980645756,1.7635805746273365,0.5108813056955498,-0.4865554509225069
1662,training,0.0018659332,0.3488209992647171,0.31450453372529424,1.8175966894750817,0.4895838253188703,-0.2745542895044836
1663,training,0.0036211614,0.18670555949211126,0.31450453372529424,1.836240998530783,0.4848976873874103,-0.2182194661609125
1664,training,0.0057368586,0.17829117178916937,0.31450453372529424,1.874750855456043,0.47828224867234415,-0.12501570914176557
1665,training,0.014879571,0.1670719981193543,0.2972936746836274,1.9139291497945123,0.47498774315110576,-0.0449485957278455
1666,training,0.016468402,0.17772547900676727,0.2972936746836274,1.9534275090161537,0.4745124295045916,0.015254542456294207
1667,training,0.0061723217,0.1491561448201537,0.2972936746836274,1.992915512596863,0.4760694320490677,0.06041973657082473
1668,training,0.004551252,0.23759691044688225,0.2972936746836274,2.0324732415158913,0.47917485900142004,0.09343956217225313
1669,training,0.0075481534,0.1926890201866627,0.24540092311271264,2.0721700731086066,0.48351636787808494,0.1281888399117806
1670,training,0.008859482,0.16360505297780037,0.24540092311271264,2.111298295486558,0.48928670555690107,0.16273513245065108
1671,training,0.008531176,0.141591876745224,0.24540092311271264,2.1701585166986166,0.5001181683398536,0.1975655970776462
1672,training,0.050052445,0.151974743232131,0.24540092311271264,2.2089515661422547,0.508190682371858,0.21049999652427817
1673,training,0.01305688,0.3118186295032501,0.24540092311271264,2.248013451479622,0.516700310580461,0.21713168436108585
1674,training,0.0083230045,0.2713937759399414,0.16215796451726266,2.3062023425498626,0.5299922309611305,0.23738814759493107
1675,training,0.005529395,0.1531729009002447,0.16215796451726266,2.3641988187223433,0.5447256237277064,0.25705849511313406
1676,training,0,0.022132478654384613,0.16215796451726266,2.402734115278599,0.5550312083640756,0.26447779463769205
1677,training,0,0.03572600707411766,0.16215796451726266,2.42195556968121,0.5602661066446136,0.2659905383294617
1678,training,0,0.004445619881153107,0.16215796451726266,2.4413233964350227,0.5654866931988284,0.26064332496975906
1679,training,0,0.03779318183660507,0.16215796451726266,2.460713079465304,0.5706051487822681,0.2541594631148159
1680,training,0,0.027996346354484544,0.014189071690956968,2.4995550075450215,0.5803059065006679,0.23749356011881376
1681,training,0,0.002522289752960219,0.014189071690956968,2.5385475361405403,0.5894612015795194,0.2214658631973884
1682,training,0,0.0119893252849579,0.014189071690956968,2.5778732985162347,0.5978849741780853,0.19966130149580638
1683,training,0,0.029427856206893907,0.014189071690956968,2.617131737431414,0.6053856811514129,0.17780327447978456
1684,training,0,0.045194514095783234,0.014189071690956968,2.6568347735754223,0.6120647471844043,0.1550492744866043
1685,training,0,0.03193911910057068,0.014189071690956968,2.6965514472772245,0.6177878696342171,0.13127718743846045
1686,training,0,0.005934532731771476,0.014189071690956968,2.736302979411278,0.6226316932208064,0.11125046913486224
1687,training,0,0.01662188023328781,0.01418133037718851,2.776353828268827,0.6268259468225741,0.09812168648712705
1688,training,0,0.014156658202409751,0.01418133037718851,2.816060235012494,0.6305577032588929,0.08994904761458083
1689,training,0,0.01033798232674598,0.01418133037718851,2.855980876077816,0.6340304473788909,0.08343469275524508
1690,training,0,0.004006225615739822,0.01418133037718851,2.876034648418477,0.635674219949594,0.0804854934778309
1691,training,0,0.012223180383443832,0.01418133037718851,2.935741754129533,0.6402565133780955,0.07216035283210287
1692,training,0,0.01918533816933632,0.01418133037718851,2.9758158093900393,0.6430420859255553,0.06673103015577181
1693,training,0,0.026415164582431316,0.015704448000875487,3.0156466518946723,0.6456451909367491,0.0637151523680516
1694,training,0,0.028426206670701497,0.015704448000875487,3.055560478088201,0.6481399345487728,0.06114287359865336
1695,training,0,0.03911221306771041,0.015704448000875487,3.0955638345235537,0.6505558613263209,0.06030903692748646
1696,training,0,0.021901502273976796,0.015704448000875487,3.1154498961067154,0.6517623046376443,0.05974161842733659
1697,training,0,0.028041931800544255,0.015704448000875487,3.175394128594252,0.655267228325557,0.056653884394244035
1698,training,0,0.03552510682493449,0.015704448000875487,3.2152735652078417,0.6575221098841262,0.055899534705292644
1699,training,0,0.024469108320772655,0.010349926777222056,3.2551491704579694,0.6597173059845234,0.053807019883043705
1700,training,0,0.024553055875003338,0.010349926777222056,3.2952132140812975,0.661834364000304,0.052119089765290956
1701,training,0,0.03816684056073427,0.010349926777222056,3.335024457523276,0.6638992479407655,0.05057669848622398
1702,training,0,0.025656006298959255,0.010349926777222056,3.375032622555728,0.6658746336633344,0.04784993772564683
1703,training,0,0.023300730623304844,0.010349926777222056,3.4150115620069563,0.6677604254017806,0.04651333201907051
1704,training,0,0.026901773177087307,0.010349926777222056,3.454870029263079,0.6695577747784872,0.04327403413879918
1705,training,0,0.027945070527493954,0.04922121724693956,3.4949697211654445,0.6712307928919256,0.0403436896853656
1706,training,0,0.03463794570416212,0.04922121724693956,3.534822454443904,0.6728314389729337,0.0388865703278821
1707,training,0,0.02798240352421999,0.04922121724693956,3.574801417721766,0.6743287687868852,0.0357701856251757
1708,training,0,0.033271689899265766,0.04922121724693956,3.5948707930724253,0.6750320620141259,0.03452783813207994
1709,training,0,0.027629309333860874,0.04922121724693956,3.6546903373995114,0.6770506396884309,0.03163507460003587
1710,training,0,0.028719513677060604,0.04922121724693956,3.6947778769074975,0.6782613210562429,0.028785573891327795
1711,training,0,0.03373478073626757,0.0398146200833208,3.7346718314305596,0.6794059505382964,0.027897633815514584
1712,training,0,0.028978564776480198,0.0398146200833208,3.7746142629489903,0.6804759324199483,0.025391685669977883
1713,training,0,0.041673281230032444,0.0398146200833208,3.814637740513715,0.6814608201341353,0.02450581353675511
1714,training,0,0.04426055122166873,0.0398146200833208,3.8545176422899567,0.6824367673152946,0.02359455109412125
1715,training,0,0.045831670053303235,0.0398146200833208,3.874507749698047,0.682904526777347,0.02296422004251811
1716,training,0.007843302,0.05429950077086688,0.0398146200833208,3.974392005141893,0.6852135165985068,0.022839850806787753
1717,training,0,0.04137566313147545,0.052181913615221204,4.01446330641876,0.6861230285393856,0.022940656001527053
1718,training,0.0077045243,0.05497025325894356,0.052181913615221204,4.054308590701725,0.6870803447269976,0.0239377798880697
1719,training,0,0.04477496910840273,0.052181913615221204,4.094298189768363,0.6880357779655321,0.02391658656949744
1720,training,0.046862736,0.060913071967661374,0.052181913615221204,4.134271041520218,0.6890293359285355,0.02628593092070133
1721,training,0,0.045145273208618164,0.052181913615221204,4.174128606023229,0.6901145746069652,0.027514331863523565
1722,training,0.0033213473,0.05136490985751152,0.05148495332030054,4.214203080380423,0.6912233010114013,0.027586950573657933
1723,training,0,0.042802329175174236,0.05148495332030054,4.254074639456324,0.6923557656388729,0.02790194593546601
1724,training,0,0.03876600693911314,0.05148495332030054,4.27401490595589,0.6929034354404996,0.026739676352770275
1725,training,0,0.045262242667376995,0.05148495332030054,4.294023755376674,0.6934306996477125,0.025853501870509745
1726,training,0,0.012949642725288864,0.05148495332030054,4.334036323195742,0.6944516435562882,0.025698991879972592
1727,training,0,0.003908900544047356,0.05148495332030054,4.373938647242601,0.6954566378646708,0.02346805351546934
1728,training,0,0.017175251618027684,0.05148495332030054,4.4140257730051635,0.6962853537164319,0.01761332859682691
1729,training,0,0.020610282197594643,0.03717098313041949,4.454020200575312,0.6968719071636243,0.011305236174224154
1730,training,0,0.01735647395253181,0.03717098313041949,4.493991455271466,0.6971459758430116,0.0019090951487184447
1731,training,0,0.004529787227511406,0.03717098313041949,4.534059679549486,0.6970506809662105,-0.006026369109987926
1732,training,0,0.0029017459601163864,0.03717098313041949,4.554064811081256,0.6969029753140358,-0.008673353224439153
1733,training,0,0.029400312341749668,0.03717098313041949,4.594022015520625,0.6964435069739607,-0.014174102675598673
1734,training,0,0.005713234655559063,0.03717098313041949,4.6540718679150705,0.6954946080721376,-0.015714991748693872
1735,training,0,0.008387384936213493,0.025509913595722102,4.673989713131203,0.6951781173784539,-0.017036348297190765
1736,training,0,0.010800260119140148,0.025509913595722102,4.7340298924678965,0.6939503719598915,-0.025184839814999534
1737,training,0,0.023731382563710213,0.025509913595722102,4.7739472095337705,0.6928703194685476,-0.029430210803873116
1738,training,0,0.001011202111840248,0.025509913595722102,4.813922744838067,0.6915525666885532,-0.03679468087547807
1739,training,0,0.019043784588575363,0.025509913595722102,4.853925962003197,0.6900284368163975,-0.03903235472633563
1740,training,0,0.035852116998285055,0.025509913595722102,4.893736309451097,0.6885400911310263,-0.03634306837622886
1741,training,0,0.030600614845752716,0.01745472790613225,4.933717513967402,0.6871918976012934,-0.030893748977906366
1742,training,0.009664511,0.07283044210635126,0.01745472790613225,4.973630528449344,0.6861060796322502,-0.023700157621044115
1743,training,0.009149226,0.08789494074881077,0.01745472790613225,5.033399370532158,0.6850952895639,-0.007396954668773201
1744,training,0.0037891793,0.09501995332539082,0.01745472790613225,5.073290496706762,0.6851462273164293,0.010112081174260391
1745,training,0.0061672074,0.06257861852645874,0.01745472790613225,5.133017142456937,0.6863766580657821,0.030371392355911807
1746,training,0.009159773,0.08721686154603958,0.017341841912456024,5.172971288588494,0.6877965129308597,0.03954730914318312
1747,training,0.014098465,0.1263377070426941,0.017341841912456024,5.232729241848492,0.6905201618423004,0.052919683742964366
1748,training,0.0067643663,0.16368073970079422,0.017341841912456024,5.272691435280343,0.6928998694101691,0.06765582405540091
1749,training,0.06220619,0.17719967663288116,0.017341841912456024,5.312272535813902,0.6959155515979774,0.08449985087399675
1750,training,0.001981235,0.12724381685256958,0.017341841912456024,5.352111971517198,0.6996149335792582,0.10079841984302698
1751,training,0.0037164302,0.11555257439613341,0.030916283881046717,5.391760640795619,0.7038346698258053,0.10928809672654799
1752,training,0.004526046,0.1429581493139267,0.030916283881046717,5.411576929038955,0.7060105100941735,0.10854148391567053
1753,training,0.0057102144,0.05866668373346329,0.030916283881046717,5.4714998956747465,0.7122481716985933,0.09743844789993363
1754,training,0.010641321,0.1146971136331558,0.030916283881046717,5.491344324961553,0.7141487985252462,0.09256220358094953
1755,training,0.012644069,0.08742383122444153,0.030916283881046717,5.531170764138204,0.7176227726483821,0.081613323354774
1756,training,0.0019718162,0.09282760880887508,0.030916283881046717,5.551208846811082,0.7192146849073514,0.07730296377751916
1757,training,0.010685766,0.145108288154006,0.030916283881046717,5.591168473606307,0.7222211915252668,0.07432028254507123
1758,training,0.005010938,0.11155742220580578,0.04970341282481959,5.630956999492059,0.7251803302710735,0.07432571058151356
1759,training,0.0016915174,0.17419260647147894,0.04970341282481959,5.650948586282148,0.7266788187849382,0.07552053238648668
1760,training,0.00732892,0.1580665996298194,0.04970341282481959,5.690825690494617,0.7297699894360777,0.08021484297878433
1761,training,0.007076714,0.1549556888639927,0.04970341282481959,5.730548040602262,0.7330273856166258,0.08218297025951787
1762,training,0.008525642,0.1015795208513737,0.04970341282481959,5.770570074970489,0.7362930081755034,0.07944964455651536
1763,training,0.00813843,0.14220372587442398,0.04970341282481959,5.810369243017667,0.7393757500531867,0.074398854492304
1764,training,0.010899544,0.10608835145831108,0.04970341282481959,5.850317209961008,0.7421736935132002,0.06450328537633519
1765,training,0.014928206,0.1811656029894948,0.0733180611117394,5.8903602264444155,0.7445901426974034,0.05725086621084243
1766,training,0.0065999837,0.14416974782943726,0.0733180611117394,5.930202254920451,0.7467726457953211,0.05245679688391766
1767,training,0.0042206873,0.07808420062065122,0.0733180611117394,5.970293560772573,0.7487658344847716,0.04525234461574601
1768,training,0.007509521,0.10583450272679326,0.0733180611117394,6.01021338821912,0.7503877384573867,0.03485980556348588
1769,training,0.005578308,0.08218012750148773,0.0733180611117394,6.050234652659538,0.7514976399388047,0.01998952346343344
1770,training,0.008845859,0.05515676736831665,0.0733180611117394,6.0903599074572865,0.7520041708804441,0.0057086510900437315
1771,training,0.009595388,0.05133552849292755,0.07180212360336027,6.130396838436505,0.7519479847205855,-0.009252119823349078
1772,training,0.016639926,0.12426724378019571,0.07180212360336027,6.170539165051499,0.7512649017163493,-0.024027281467407895
1773,training,0.0040371832,0.1603814959526062,0.07180212360336027,6.2104894460439315,0.7502031911058541,-0.02498859181927251
1774,training,0.022843719,0.162598118185997,0.07180212360336027,6.250211362385749,0.7493481445289044,-0.017446933078159928
1775,training,0.008630855,0.19889359921216965,0.07180212360336027,6.290193957949331,0.7488760827171209,-0.004368248696154125
1776,training,0.0020463192,0.16947637498378754,0.07180212360336027,6.329917733597968,0.7490609987327078,0.01208046211075805
1777,training,0.0064768405,0.19898293912410736,0.08116861483935771,6.369833055253673,0.7497751008457929,0.021774623904282718
1778,training,0.003700337,0.2491387650370598,0.08116861483935771,6.409879987766459,0.7508154243803477,0.03199612731389585
1779,training,0.0020823162,0.2529994696378708,0.08116861483935771,6.449524640692471,0.752354833108293,0.046563934487465757
1780,training,0.0072102407,0.1920781061053276,0.08116861483935771,6.4894713456618085,0.7545385660475493,0.06247411885679348
1781,training,0.009593751,0.17848536372184753,0.08116861483935771,6.529255331374216,0.7573116275789618,0.07571235116716218
1782,training,0.030553367,0.13838772755116224,0.08116861483935771,6.569028785248482,0.7604674679828118,0.08148198365166147
1783,training,0.009613447,0.1613736990839243,0.0838025313349864,6.609017335401131,0.7637698659689023,0.08333023375077225
1784,training,0.07358403,0.125270526856184,0.0838025313349864,6.6487157574574125,0.7670990252322172,0.08289014689868802
1785,training,0.0057505444,0.1701459949836135,0.0838025313349864,6.688633644248828,0.7704155068890867,0.08321047844011316
1786,training,0.039521515,0.17323961947113276,0.0838025313349864,6.728483089054288,0.7737756574320819,0.08553624877687845
1787,training,0.015190012,0.17835252918303013,0.0838025313349864,6.768203734377211,0.777239400560497,0.0885764552878901
1788,training,0.003200017,0.167603412643075,0.0838025313349864,6.808177068053256,0.7808301051182642,0.09049501007076861
1789,training,0.021349287,0.16962929628789425,0.0949611695815906,6.847880604362108,0.7844479258101088,0.08984386235404875
1790,training,0.007866223,0.20224246010184285,0.0949611695815906,6.887762778210672,0.7879504269922154,0.08463982943259077
1791,training,0.0073608756,0.22028989251703024,0.0949611695815906,6.927743821639165,0.7912237435710885,0.07921272952101768
1792,training,0.0028723562,0.24724280368536714,0.0949611695815906,6.967506568607792,0.794293934605693,0.07516942309185407
1793,training,0.010551332,0.23885348066687584,0.0949611695815906,7.007503042777857,0.7972894186282685,0.07512775697430077
1794,training,0.0023820836,0.25102408695966005,0.0949611695815906,7.047280698050479,0.8003429798062037,0.07803166982739687
1795,training,0.0067583444,0.25846737716346974,0.1198047296405367,7.087090799677469,0.8035125401226596,0.0808885490809555
1796,training,0.008160017,0.2514454750344157,0.1198047296405367,7.127245672134518,0.8063431738770014,0.04856907420159508
1797,training,0.011294868,0.19714680407196283,0.1198047296405367,7.167477571980378,0.8073265604480869,0.00010826422054360286
1798,training,0.0062614935,0.1988861970603466,0.1198047296405367,7.207847689052383,0.8064365724854241,-0.04162555106718584
1799,training,0.02160719,0.11996765807271004,0.1198047296405367,7.288132025272513,0.8003276550923787,-0.11162256558020157
1800,training,0.007866185,0.1460200883448124,0.12991137257717414,7.308172044185222,0.7979401993290168,-0.12441815652665009
1801,training,0.008521141,0.1145561970770359,0.12991137257717414,7.367827029011515,0.789607180964899,-0.15453789691193345
1802,training,0.002977075,0.10757970809936523,0.12991137257717414,7.426939729638513,0.7795448941432089,-0.1792632232199541
1803,training,0.09671061,0.11516738310456276,0.12991137257717414,7.4861145999256635,0.7683347013427555,-0.1953485730620841
1804,training,0.038794026,0.1299993854481727,0.10394003462989525,7.525203992526738,0.760430914234366,-0.20228406703155935
1805,training,0.0017226306,0.1494471337646246,0.10394003462989525,7.584086376842891,0.7482531824072862,-0.20433437403504087
1806,training,0.012257276,0.14735927432775497,0.10394003462989525,7.6425895215156,0.7359665994869298,-0.21110750320392585
1807,training,0.0073209484,0.16348090069368482,0.10394003462989525,7.681848055330807,0.7274554902362702,-0.2160244425473334
1808,training,0.0051233554,0.14669380336999893,0.10394003462989525,7.720806057020288,0.7188351962142563,-0.21859827564123332
1809,training,0.0029109363,0.14029964059591293,0.06612945268613386,7.759830812813891,0.7102306469456595,-0.2130837992714513
1810,training,0.03499051,0.13381747156381607,0.06612945268613386,7.818407946779469,0.6980464328998564,-0.19507315177894458
1811,training,0.009661251,0.11449190974235533,0.06612945268613386,7.8575603924168345,0.6906143142969722,-0.18031704359221232
1812,training,0.004295172,0.09534578025341034,0.06612945268613386,7.896944138886575,0.6836915979489464,-0.16795469623470227
1813,training,0.007395276,0.08740012347698212,0.06612945268613386,7.93619619601481,0.6773039239008382,-0.15487924697427113
1814,training,0.008202842,0.057025063782930374,0.029094136289776768,7.995459701931258,0.6686423718425011,-0.13639934290174063
1815,training,0,0.01824072375893592,0.029094136289776768,8.01525047104744,0.6660000479883742,-0.12892932729645212
1816,training,0,0.018023837357759476,0.029094136289776768,8.034971258654664,0.6635402262077902,-0.11987826051086947
1817,training,0,0.03175032511353493,0.029094136289776768,8.074651334584438,0.6590608359201305,-0.10541889283187751
1818,training,0,0.024315286427736286,0.029094136289776768,8.094442933597383,0.657021530041519,-0.10020774843860632
1819,training,0,0.020902380347251892,0.029094136289776768,8.13416506160972,0.6532428249355612,-0.08983841677535055
1820,training,0,0.013653241097927094,0.029094136289776768,8.154026298944796,0.6515075092119054,-0.08435196042988684
1821,training,0,0.010920515283942219,0.009767425204914543,8.193782267460271,0.6483470883739095,-0.07557498368298025
1822,training,0,0.020654939115047455,0.009767425204914543,8.233637121746284,0.6454828090005145,-0.06811833037961205
1823,training,0,0.013531699776649475,0.009767425204914543,8.27346636150804,0.6429545785599814,-0.05870675998664689
1824,training,0,0.027686642948538065,0.009767425204914543,8.313245526834448,0.6407456952532192,-0.05279780817294202
1825,training,0,0.022088123485445976,0.009767425204914543,8.353155361622953,0.638768829944591,-0.04616764058649053
1826,training,0,0.011817412450909615,0.009767425204914543,8.392963766331246,0.6370629247073734,-0.041236708464770545
1827,training,0,0.010009387508034706,0.00877925592147874,8.432929453642434,0.6354687774503416,-0.03905494953694679
1828,training,0,0.008710002526640892,0.00877925592147874,8.472870508511056,0.6339705507421487,-0.035983275597156354
1829,training,0,0.007229520007967949,0.00877925592147874,8.512695047626805,0.6325659922630664,-0.03533813185163409
1830,training,0,0.009181244298815727,0.00877925592147874,8.552705826941969,0.6311768827157482,-0.03406148965741945
1831,training,0,0.00784638337790966,0.00877925592147874,8.592561452271648,0.6298770086460552,-0.03217354236268489
1832,training,0,0.00753135047852993,0.00877925592147874,8.632502328049185,0.628609035609785,-0.031543821357851325
1833,training,0,0.00457930751144886,0.018141751719947762,8.672482391352947,0.6273874978513767,-0.029376652053630537
1834,training,0,0.004046862944960594,0.018141751719947762,8.712309593510383,0.6262471366722769,-0.029029708598467423
1835,training,0,0.006006738170981407,0.018141751719947762,8.75234386780257,0.6250919948357683,-0.028839924753038173
1836,training,0,0.006195292342454195,0.018141751719947762,8.792271205094348,0.6239859397007037,-0.027003431759840928
1837,training,0,0.007975274696946144,0.018141751719947762,8.83213086097042,0.6229055593460782,-0.027332503748109905
1838,training,0,0.0068298447877168655,0.018141751719947762,8.872148601352317,0.62183292652238,-0.025919643053252898
1839,training,0,0.0031924601644277573,0.021249334171512944,8.911976324143097,0.6208476953266975,-0.024806660777216664
1840,training,0,0.004950493574142454,0.021249334171512944,8.951989770519214,0.6198615810089552,-0.024713752740629386
1841,training,0,0.00381931581068784,0.021249334171512944,8.991960365606829,0.6189080060658406,-0.0230689967875093
1842,training,0,0.004171676468104125,0.021249334171512944,9.031783633524192,0.617990050256794,-0.023547076929992635
1843,training,0,0.011158689856529236,0.021249334171512944,9.071826193292603,0.6170580195142329,-0.02297963392215616
1844,training,0,0.0065432265400886536,0.021249334171512944,9.111660578183264,0.6161851741473233,-0.021969309067644976
1845,training,0,0.0042240209877491,0.009322204797870791,9.151639483911755,0.6153185090708686,-0.02167230176946361
1846,training,0,0.0003572334535419941,0.009322204797870791,9.191640053064722,0.614484276667265,-0.01987992130652768
1847,training,0,0.003121554385870696,0.009322204797870791,9.231462791198698,0.6137117390053548,-0.019835660454346718
1848,training,0,0.011352664791047573,0.009322204797870791,9.271517532676244,0.6129251097722299,-0.019601737878020165
1849,training,0,0.009919797070324421,0.009322204797870791,9.311421924537354,0.6121825337927617,-0.018556330593690953
1850,training,0,0.0018651699647307387,0.009322204797870791,9.351318667223815,0.611425156241899,-0.019531743918411677
1851,training,0,0.016128262504935265,0.024304002500509403,9.391352765672362,0.6106523854092347,-0.018786027840467748
1852,training,0,0.00529853580519557,0.024304002500509403,9.431175771302577,0.6099276215226955,-0.018739519240751682
1853,training,0,0.007151586003601551,0.024304002500509403,9.47120823049444,0.6091705345778994,-0.0192603995081382
1854,training,0,0.016105476766824722,0.024304002500509403,9.511183578091785,0.6084267302098866,-0.018208991554832455
1855,training,0,0.018193155527114868,0.024304002500509403,9.551015012039109,0.6076832791174477,-0.019639314858026002
1856,training,0,0.012448801659047602,0.024304002500509403,9.591071592796256,0.6068830355386944,-0.02017185438994233
1857,training,0,0.013150997459888458,0.009613288876389087,9.630911767936768,0.6060992177595222,-0.020230938745335887
1858,training,0,0.01906903088092804,0.009613288876389087,9.67090784203587,0.6052795906665542,-0.02112241084265289
1859,training,0,0.02979828417301178,0.009613288876389087,9.710913018307881,0.6044457304298613,-0.02045241869027545
1860,training,0,0.01955018006265163,0.009613288876389087,9.750737609176248,0.603626790000416,-0.021468722505290895
1861,training,0,0.030510101467370987,0.009613288876389087,9.790799563414302,0.6027567017309595,-0.02207718239687845
1862,training,0,0.034298038110136986,0.009613288876389087,9.830684382944336,0.6019034253654396,-0.021683081708223903
1863,training,0,0.03319696523249149,0.026083260053634472,9.870604348018913,0.6010131801198138,-0.023242329980457558
1864,training,0.010648044,0.08110096678137778,0.026083260053634472,9.950464242602008,0.5991570393382794,-0.023898921813593706
1865,training,0.02272481,0.07700681872665881,0.026083260053634472,9.990503534681835,0.5981752390087555,-0.02523599290030243
1866,training,0.0024205616,0.07785526849329472,0.026083260053634472,10.050337372900406,0.5966504148189911,-0.02735263662611739
1867,training,0.006724583,0.08338193316012621,0.026083260053634472,10.090362590706048,0.5955075948004637,-0.029806331595075123
1868,training,0.009373548,0.06384501233696938,0.04288890502240097,10.15020384952985,0.5937184231151998,-0.030841305487421287
1869,training,0.0030484602,0.06724555976688862,0.04288890502240097,10.190175036480321,0.5925183523961066,-0.028274110929087996
1870,training,0.009516453,0.07323530782014132,0.04288890502240097,10.24998701149822,0.591059497736726,-0.02162844944030157
1871,training,0.004962705,0.08083312958478929,0.04288890502240097,10.28996022408681,0.5902220809849016,-0.020659615702779837
1872,training,0,0.047588691115379333,0.04288890502240097,10.309996398685572,0.5898186603675881,-0.01956588438097773
1873,training,0,0.049356505274772644,0.04288890502240097,10.329962200262981,0.5894521252368939,-0.016646034605658798
1874,training,0,0.04771990329027176,0.05894728380847983,10.349821056121232,0.5891597054091345,-0.014126111971692064
1875,training,0.012152022,0.060520499944686876,0.05894728380847983,10.389742110258798,0.588686042141581,-0.009945671106952717
1876,training,0.0073296702,0.06418190244585276,0.05894728380847983,10.429774629809536,0.5883751430517218,-0.005278926187153733
1877,training,0.0053911703,0.059675955213606344,0.05894728380847983,10.469605087721037,0.5882314831375999,-0.003314467016694846
1878,training,0,0.04466734454035759,0.05894728380847983,10.489606327867598,0.5881720090413738,-0.0028654305369566827
1879,training,0.0040529678,0.06016193237155676,0.05894728380847983,10.549607942908347,0.5881080878457846,0.00146523848473325
1880,training,0,0.0470669809728861,0.05894728380847983,10.589457772053736,0.5882171886891989,0.004062806779612741
1881,training,0,0.0404887069016695,0.06938599265307172,10.609505671641962,0.5883120202121449,0.005495506777304289
1882,training,0,0.04716396890580654,0.06938599265307172,10.649478040541496,0.5886164590639262,0.009476054449290835
1883,training,0,0.03898385353386402,0.06938599265307172,10.68933462139802,0.5890497148753675,0.012075723587440476
1884,training,0,0.040085526183247566,0.06938599265307172,10.709373118269456,0.5893041188706433,0.013385909046936654
1885,training,0,0.03480591811239719,0.06938599265307172,10.749372135880545,0.5899164284584403,0.01723596875397126
1886,training,0,0.04543943889439107,0.06938599265307172,10.789243700127027,0.5906597691979371,0.019327751469846277
1887,training,0,0.04089806415140629,0.07520256478369372,10.829330248889873,0.5914608163458351,0.02050738693717652
1888,training,0,0.03969375602900981,0.07520256478369372,10.869176279620078,0.5923349301555084,0.02219192616299075
1889,training,0,0.03677934966981411,0.07520256478369372,10.909141507206236,0.5932268449085322,0.022245489679915752
1890,training,0,0.046410778537392616,0.07520256478369372,10.949140449732882,0.5941385316250944,0.02401259019870585
1891,training,0,0.040786659345030785,0.07520256478369372,10.989001629304092,0.5951255905953202,0.02449554958036453
1892,training,0,0.04339792020618916,0.07520256478369372,11.029069695094677,0.5961014333200833,0.024021320790984627
1893,training,0.00811067,0.05215892009437084,0.07271428061676488,11.088901179852064,0.5975717478536164,0.023789240294934507
1894,training,0,0.0468812994658947,0.07271428061676488,11.128971453199433,0.5984764315078057,0.02054995962741717
1895,training,0,0.04584043473005295,0.07271428061676488,11.168944093501876,0.5992670406241783,0.019117038709315817
1896,training,0.007714436,0.05328492820262908,0.07271428061676488,11.208858006399796,0.599986323081792,0.016635430166866045
1897,training,0.036349095,0.051970294676721096,0.07271428061676488,11.268875662286096,0.6009263006789498,0.015351887888198
1898,training,0.010073941,0.06022745743393898,0.07271428061676488,11.308778765359294,0.6015066172224962,0.013302292469894459
1899,training,0,0.04126125387847423,0.07503579733840757,11.328826703700035,0.6017620150990456,0.011886467428509077
1900,training,0,0.029426610097289085,0.07503579733840757,11.368856144496636,0.6022204916371227,0.012218390214276106
1901,training,0,0.026513179764151573,0.07503579733840757,11.408725274485091,0.602756753593473,0.01440886093467856
1902,training,0,0.017263585701584816,0.07503579733840757,11.428744755907049,0.6030589573725202,0.01584136581424409
1903,training,0,0.02449885569512844,0.07503579733840757,11.468762621376102,0.6037747566538351,0.02039484851541588
1904,training,0,0.024152183905243874,0.07503579733840757,11.508591703041406,0.604675352644874,0.023937939889435874
1905,training,0,0.024156764149665833,0.07621213298116702,11.548650662544915,0.6056858722748012,0.02657382612033408
1906,training,0,0.015698358416557312,0.07621213298116702,11.588513227993962,0.6068397065840629,0.03056488656062904
1907,training,0,0.00937054492533207,0.07621213298116702,11.628421333918572,0.6081044164626024,0.03243921775260706
1908,training,0,0.015889551490545273,0.07621213298116702,11.66844739490974,0.6094374690566791,0.03469612634105515
1909,training,0.0431017,0.053060064092278474,0.07621213298116702,11.72826681199513,0.6115998008042675,0.03637153259278373
1910,training,0,0.030893159098923206,0.07621213298116702,11.768328125002842,0.6130831821480778,0.038705837571210426
1911,training,0,0.007329128682613373,0.06975007633113879,11.788217761738512,0.6138913163357083,0.04233414444889946
1912,training,0,0.003488698974251747,0.06975007633113879,11.827998915547292,0.6157297027848309,0.04965674942671922
1913,training,0,0.01912898849695921,0.06975007633113879,11.868044701414213,0.6178505512690657,0.05650972864848771
1914,training,0,0.019929389469325542,0.06975007633113879,11.90783065785088,0.6202263271212765,0.06050308447628999
1915,training,0,0.008174424467142671,0.06975007633113879,11.94775737101998,0.6226439573176586,0.059649303147471563
1916,training,0,0.029946074355393648,0.06975007633113879,11.987739513077457,0.6250272861525942,0.06070661429781646
1917,training,0,0.044186551589518785,0.04856755954336406,12.027495258062602,0.6275067816146221,0.06395954024317471
1918,training,0,0.040023112669587135,0.04856755954336406,12.067483431460106,0.6301720372725349,0.07049700244086829
1919,training,0.005254166,0.06895536929368973,0.04856755954336406,12.127111298182433,0.6347142597247132,0.08001643184158956
1920,training,0.00454806,0.07163956761360168,0.04856755954336406,12.187002775534495,0.639799466803667,0.09111760510204116
1921,training,0.0027256804,0.07623506896197796,0.04856755954336406,12.226578491042726,0.6435943678650268,0.09923338468556575
1922,training,0,0.024333264678716646,0.04856755954336406,12.246454658067599,0.6456067287702886,0.10190704079091838
1923,training,0,0.017287209630012512,0.026044054908392084,12.286444008121203,0.649672680002581,0.098166722696438
1924,training,0,0.015388719737529769,0.026044054908392084,12.326152659675722,0.6534065141315539,0.08886194754088267
1925,training,0,0.006064377725124359,0.026044054908392084,12.346091793471707,0.6551326421797201,0.08344634881458314
1926,training,0,0.025164652615785613,0.026044054908392084,12.386204004686341,0.6582644583579419,0.07243445241490483
1927,training,0,0.027246985584497452,0.026044054908392084,12.426015055801615,0.6609741018901029,0.06383472833936385
1928,training,0,0.012768603861331933,0.026044054908392084,12.46598691624045,0.6633864976053302,0.05741920351240345
1929,training,0,0.0034510567784309318,0.007704833951850762,12.506024552570663,0.6656014281697654,0.05269948421071594
1930,training,0,0.0006112679839134286,0.007704833951850762,12.545889359243219,0.6675645348065447,0.04515528488863801
1931,training,0,0.006880227476358414,0.007704833951850762,12.586028665313757,0.6691988502336095,0.03576021634708276
1932,training,0,0.007094565778970725,0.007704833951850762,12.625951182966356,0.6704681778293203,0.02707491663150815
1933,training,0,0.015119295567274097,0.007704833951850762,12.66596345642844,0.671348220622625,0.016899412777845818
1934,training,0,0.012144824489951134,0.007490388578226823,12.706055420778933,0.6718522041519986,0.00896471796896815
1935,training,0,0.001964157447218895,0.007490388578226823,12.745988302420297,0.6720831204749194,0.0025983653378780303
1936,training,0,0.0012688133865594881,0.007490388578226823,12.78607751390503,0.6720740608727799,-0.002626033686885185
1937,training,0,0.018675656523555517,0.007490388578226823,12.826026130385225,0.6719352320137612,-0.004651174843610113
1938,training,0,0.01871839165687561,0.007490388578226823,12.865976823823255,0.6716749148781525,-0.008893207204000378
1939,training,0,0.00792367197573185,0.007490388578226823,12.906031556355833,0.6712417612486732,-0.012489262264218582
1940,training,0,0.00292892474681139,0.006582344876994159,12.945938335030192,0.6707003142934402,-0.015334027745276039
1941,training,0,0.009645911864936352,0.006582344876994159,12.985958667230976,0.6700356405735933,-0.0175454063545347
1942,training,0,0.017390403896570206,0.006582344876994159,13.02595711476502,0.6693533045210424,-0.015873651892954147
1943,training,0,0.01780465617775917,0.006582344876994159,13.065759414851728,0.6687551813549529,-0.014463476264336066
1944,training,0,0.027048733551055193,0.006582344876994159,13.105817254979991,0.6682335210996084,-0.011464379828541378
1945,training,0,0.0006247679702937603,0.006582344876994159,13.145648940351125,0.6678776267005976,-0.007527697916172131
1946,training,0,0.004732189583592117,0.026615236721746656,13.185606077521957,0.6676051447686904,-0.007468978555786078
1947,training,0,0.015254094265401363,0.026615236721746656,13.22567138921377,0.6672984289468337,-0.007246918190784247
1948,training,0,0.015173099003732204,0.026615236721746656,13.265447381574079,0.6670393682892184,-0.006107660932044192
1949,training,0,0.0036785313859581947,0.026615236721746656,13.305492369919834,0.6668403734009831,-0.0037571743435351086
1950,training,0,0.042921281419694424,0.026615236721746656,13.345453808169037,0.6667466520946032,-0.0021675777029104793
1951,training,0.0014253681,0.06041587144136429,0.026615236721746656,13.425465963724562,0.6661061245245007,-0.016909899280394595
1952,training,0,0.03553786128759384,0.023540442384392145,13.445488067828094,0.6657195522907813,-0.02188334194857663
1953,training,0,0.0320816095918417,0.023540442384392145,13.485487422390863,0.6646120489687776,-0.03264855267937894
1954,training,0,0.02769417129456997,0.023540442384392145,13.505540489646627,0.6639269982793321,-0.035548090638385245
1955,training,0,0.041690001264214516,0.023540442384392145,13.545534029377706,0.6624369067355708,-0.03855312309074721
1956,training,0.012801787,0.05361216142773628,0.023540442384392145,13.605384469296677,0.6599896264521069,-0.04317471225279114
1957,training,0,0.004967745393514633,0.023540442384392145,13.645354866952108,0.6582353579955202,-0.044972560619401566
1958,training,0,0.005055237561464317,0.03318376123123919,13.68497273262092,0.656475999256393,-0.042480009469442144
1959,training,0.0037792022,0.06971148774027824,0.03318376123123919,13.724944974121344,0.6549472942215209,-0.03383372567832065
1960,training,0.005195046,0.08382072299718857,0.03318376123123919,13.76467895882595,0.6539609282681024,-0.014193802637798462
1961,training,0,0.014840107411146164,0.03318376123123919,13.804448079204695,0.6538046789210653,0.006086331484841252
1962,training,0,0.030002588406205177,0.03318376123123919,13.824481579344207,0.6539740090591714,0.010149376384317529
1963,training,0,0.0443519955733791,0.03318376123123919,13.864429693239035,0.6544487851950685,0.010447835634118635
1964,training,0,0.024960558395832777,0.028167514282370566,13.904412026867826,0.654731168398606,0.0026564121141897765
1965,training,0,0.014107057824730873,0.028167514282370566,13.944511901777073,0.6546683947373603,-0.0046858597652609645
1966,training,0,0.013677222654223442,0.028167514282370566,13.984458791647967,0.6543894273614882,-0.009100697791493948
1967,training,0,0.013771569356322289,0.028167514282370566,14.024508296157437,0.6539661206836804,-0.011609443182470702
1968,training,0,0.028634220361709595,0.028167514282370566,14.064504535069227,0.6535196436185753,-0.010434061010152583
1969,training,0,0.015811516903340816,0.028167514282370566,14.104331568346417,0.6530865772732505,-0.01237110882331363
1970,training,0,0.022841102443635464,0.02032857659062524,14.14441633700202,0.6525538361363145,-0.014001544950496719
1971,training,0,0.02467982191592455,0.02032857659062524,14.184265424009904,0.6520029805828352,-0.014719760815472271
1972,training,0,0.03539501503109932,0.02032857659062524,14.22426242673836,0.6513795297920246,-0.017182553334406308
1973,training,0,0.030963459983468056,0.02032857659062524,14.26430140238344,0.6506569459158674,-0.01880121383102846
1974,training,0,0.04444832354784012,0.02032857659062524,14.304145802344165,0.6498663439530006,-0.021623605043595878
1975,training,0.0038866543,0.05041407234966755,0.02032857659062524,14.364214600266441,0.6484218474913843,-0.02647571122299496
1976,training,0.0033367581,0.0671597383916378,0.02210110907377257,14.424109356547799,0.6466394138018098,-0.034165029304890016
1977,training,0.0019730798,0.06110690720379353,0.02210110907377257,14.464145317596147,0.6451843386070346,-0.038201251948500395
1978,training,0.012258631,0.06276519224047661,0.02210110907377257,14.523975823310103,0.6427301736602398,-0.04459528205308974
1979,training,0.0054920353,0.060415426269173636,0.02210110907377257,14.563966998628878,0.6409537822805339,-0.04361523620621616
1980,training,0,0.02549772709608078,0.02210110907377257,14.583918964773618,0.6401035736536853,-0.04080813706110633
1981,training,0,0.031209107488393797,0.02210110907377257,14.603734477213099,0.6393332862435713,-0.037775283901925284
1982,training,0,0.027457408607006073,0.023005879580740393,14.64366155987301,0.6380128009999094,-0.028390300120946062
1983,training,0,0.03862764686346054,0.023005879580740393,14.683589708736294,0.6370855666617626,-0.01814231471157194
1984,training,0,0.024696096777915948,0.023005879580740393,14.723392545544858,0.6365057998331217,-0.01162854049007521
1985,training,0,0.016727689653635025,0.023005879580740393,14.743405336158823,0.636301279725506,-0.008776494169355085
1986,training,0,0.02027918025851249,0.023005879580740393,14.783411048538767,0.6360758999548723,-0.0018766257544672094
1987,training,0,0.008658856153488152,0.023005879580740393,14.823175300014487,0.636126678707952,0.003539410221209552
1988,training,0,0.008473154157400131,0.03869814162895774,14.863235393794033,0.6363651128521803,0.008320678541353472
1989,training,0,0.004671713337302208,0.03869814162895774,14.903100829886691,0.6368168631919756,0.013560587298293141
1990,training,0,0.008399693295359613,0.03869814162895774,14.943022119471374,0.6374390524826007,0.01733222470791876
1991,training,0,0.007409709971398116,0.03869814162895774,14.983058165499969,0.6382105658373517,0.021704966869304808
1992,training,0,0.010606440715491772,0.03869814162895774,15.022905945924824,0.6391626567389742,0.02482336441314406
1993,training,0,0.04302253481000662,0.03869814162895774,15.062940056960443,0.6401952299800752,0.026674658795142494
1994,training,0,0.031110876239836216,0.0354592753431108,15.102864333676932,0.6413276579376298,0.029791872397684827
1995,training,0,0.04079093690961599,0.0354592753431108,15.142743914116872,0.6425409161576716,0.030615882982460745
1996,training,0,0.03189355228096247,0.0354592753431108,15.182824622761723,0.6437836614713076,0.031574206915669256
1997,training,0,0.040746467188000686,0.0354592753431108,15.222658829430335,0.6450933650484588,0.033001373733184264
1998,training,0,0.04133291076868773,0.0354592753431108,15.262647611979885,0.6464145969542147,0.032755796649547475
1999,training,0,0.03482048865407705,0.0354592753431108,15.302633435771622,0.6477415683024493,0.03372735849493832
2000,training,0,0.04033566545695067,0.033891173242390125,15.342499396809245,0.6490800078562752,0.03280079350825674
2001,training,0,0.043219137005507946,0.033891173242390125,15.382587885995054,0.6503676463317221,0.031414026697406394
2002,training,0,0.04177017044276,0.033891173242390125,15.422464484709206,0.6516372073251567,0.0313154624760379
2003,training,0,0.040000724606215954,0.033891173242390125,15.46241479393297,0.6528545856962437,0.029349810247555546
2004,training,0,0.044022505171597004,0.033891173242390125,15.502442508696065,0.6539993583708533,0.028431079274943795
2005,training,0,0.040183539502322674,0.033891173242390125,15.542323423465467,0.6551122076680297,0.02632649679127526
2006,training,0,0.04176492244005203,0.03291686726175911,15.582398262099732,0.6561037839894416,0.022967418409922682
2007,training,0,0.04199066385626793,0.03291686726175911,15.622336703393076,0.6569939918407103,0.021132856940375238
2008,training,0.004768111,0.0561610572040081,0.03291686726175911,15.682327585369142,0.6581014793914115,0.01563563880633494
2009,training,0.11739923,0.05933014303445817,0.03291686726175911,15.72228805148075,0.6587114639506906,0.014760789985808445
2010,training,0.003952181,0.0785754919052124,0.03291686726175911,15.762204180835043,0.6592435168530205,0.011213386520394926
2011,training,0.006170433,0.08988264575600624,0.03291686726175911,15.822284820984333,0.6596744900642411,0.0021714939271083094
2012,training,0.0028931673,0.08439882844686508,0.03210574271150887,15.862250956321716,0.6595800595993778,-0.00787311790163164
2013,training,0.009088822,0.05948727577924728,0.03210574271150887,15.902358125984506,0.6590720659422054,-0.01627821433131181
2014,training,0,0.03831331059336662,0.03210574271150887,15.922336563114367,0.6587271438758867,-0.018264005631426824
2015,training,0,0.034748710691928864,0.03210574271150887,15.962131102237263,0.6579949553621844,-0.017756717049314977
2016,training,0,0.03797686845064163,0.03210574271150887,16.00217014895251,0.657371982610988,-0.013242130822351358
2017,training,0,0.040286373347043984,0.03210574271150887,16.022146938818512,0.6571364687803579,-0.010129309581291848
2018,training,0,0.04298779740929604,0.03582986663464068,16.06193568085882,0.6568276584891825,-0.00676613405840779
2019,training,0,0.0437694750726223,0.03582986663464068,16.101985098956177,0.6566014859799799,-0.0047921266666228835
2020,training,0,0.03799130395054817,0.03582986663464068,16.141918637949725,0.6564660988256525,-0.002791518333790712
2021,training,0.0033182355,0.05573992803692818,0.03582986663464068,16.201871270932223,0.6563158502774262,-0.0024321770299829287
2022,training,0.008698345,0.05204320140182971,0.03582986663464068,16.241850750329323,0.6562653858770018,-0.0003352203904887423
2023,training,0.0046196645,0.09801371768116951,0.03582986663464068,16.281724908118044,0.656249251532074,-0.001338113511695593
2024,training,0.005948572,0.14541390538215637,0.04513105380636316,16.32180270411816,0.6560765641321227,-0.010227965649320988
2025,training,0.0036376033,0.10807620361447334,0.04513105380636316,16.402036441167887,0.6539207305026853,-0.0467216650677815
2026,training,0,0.03106712177395822,0.04513105380636316,16.422127737267726,0.6529024027873613,-0.05370998970149269
2027,training,0,0.006438411772251129,0.04513105380636316,16.46187954522661,0.6506567078252218,-0.057504945853124406
2028,training,0,0.0023886561393737793,0.04513105380636316,16.481613168545017,0.6495556600276113,-0.05315563304666468
2029,training,0,0.008216168731451035,0.04513105380636316,16.5215346846735,0.6477213092618583,-0.0387397123409195
2030,training,0,0.011648301035165787,0.059344876154020766,16.5613122051771,0.6464995698379568,-0.023794662435720537
2031,training,0,0.023251652717590332,0.059344876154020766,16.581205419868876,0.64607103546488,-0.019856211454461502
2032,training,0,0.019457117654383183,0.059344876154020766,16.621227632328896,0.6454096037859014,-0.014064391590315035
2033,training,0,0.025347317568957806,0.059344876154020766,16.661128827608866,0.6449405980028718,-0.010747938299726239
2034,training,0,0.03677609097212553,0.059344876154020766,16.70101453201483,0.6445201091932024,-0.010808517344776862
2035,training,0,0.03148688841611147,0.059344876154020766,16.741081497595644,0.6440960705874248,-0.01020564789265364
2036,training,0,0.03687718231230975,0.06622436220910366,16.7808966171569,0.6437137150202501,-0.010026598402945588
2037,training,0,0.03608352597802878,0.06622436220910366,16.820926079007354,0.643313149858939,-0.010151809525011619
2038,training,0,0.03320342395454645,0.06622436220910366,16.860921998029248,0.6429403317217718,-0.008530479330884529
2039,training,0,0.03387536015361547,0.06622436220910366,16.900740280238537,0.642596667873378,-0.00919790706991151
2040,training,0,0.02511759754270315,0.06622436220910366,16.94082792123,0.6422296502352058,-0.008957348844731964
2041,training,0,0.03675758559256792,0.06622436220910366,16.980654488747728,0.641914855782832,-0.007991548802221698
2042,training,0,0.03705765400081872,0.07706603235439505,17.020638485601424,0.6416018514277607,-0.008096713270171002
2043,training,0,0.03263202402740717,0.07706603235439505,17.060680909848855,0.6412932621297759,-0.0071470601255789554
2044,training,0,0.0373518941923976,0.07706603235439505,17.10051015186598,0.6410160094358497,-0.007533731782252275
2045,training,0,0.038831357844173915,0.07706603235439505,17.140586060694705,0.6407092185512724,-0.007888469195698838
2046,training,0,0.030957949347794056,0.07706603235439505,17.18048199178263,0.6404252502349503,-0.007149433567260194
2047,training,0,0.03786149714142085,0.07706603235439505,17.220416639804817,0.6401410053393887,-0.007548670575267928
2048,training,0,0.03321804758161307,0.07047825096747308,17.260489073930362,0.6398438444974955,-0.007181686552921302
2049,training,0,0.03630191367119551,0.07047825096747308,17.300335322532895,0.6395719099317623,-0.007451284590619862
2050,training,0,0.036529204808175564,0.07047825096747308,17.340379397835264,0.6392606309434886,-0.00821045579797509
2051,training,0,0.04521194193512202,0.07047825096747308,17.380369797222755,0.638955389596092,-0.007273051679923468
2052,training,0,0.037822709418833256,0.07047825096747308,17.420222835816936,0.6386563289043653,-0.00804340288845436
2053,training,0,0.04056641180068254,0.07047825096747308,17.460314946597403,0.6383306257873246,-0.00824093144501808
2054,training,0,0.04118339437991381,0.05906284604953186,17.500155448907513,0.638029257468267,-0.007869683641066183
2055,training,0,0.03562843892723322,0.05906284604953186,17.54015045407011,0.6377142635956395,-0.008148884374884372
2056,training,0,0.04957372043281793,0.05906284604953186,17.58018969061125,0.6374063511375841,-0.006978236849983958
2057,training,0,0.03522511292248965,0.05906284604953186,17.620008582935633,0.6371368735769594,-0.007281644312588074
2058,training,0,0.04127404931932687,0.05906284604953186,17.660089178119204,0.636847431252036,-0.007161068504287386
2059,training,0,0.04528798256069421,0.05906284604953186,17.699964762984788,0.6366024214502074,-0.006134544122640349
2060,training,0,0.03830147255212069,0.052724020819306626,17.739911756393347,0.6363658532837557,-0.006000001640060057
2061,training,0,0.048149446956813335,0.052724020819306626,17.7799805667133,0.6361444609111352,-0.004925412028363243
2062,training,0,0.034709292463958256,0.052724020819306626,17.819808927309886,0.6359732231242682,-0.004529613066031962
2063,training,0,0.03776155132800341,0.052724020819306626,17.859857845018908,0.6358003912164107,-0.004102086226215968
2064,training,0,0.03876153286546469,0.052724020819306626,17.899822629512688,0.635683987091734,-0.002105925976502625
2065,training,0,0.03665816504508257,0.052724020819306626,17.93968870232727,0.6356190551013694,-0.0012851176065942697
2066,training,0,0.03217316698282957,0.052651024250329054,17.9797832713774,0.6355990161745386,0.00047218954821387
2067,training,0,0.02166066039353609,0.052651024250329054,18.01961426945872,0.6356809955163679,0.002636808933651601
2068,training,0,0.01993673574179411,0.052651024250329054,18.05961292423493,0.6358179000264713,0.004046860797145746
2069,training,0,0.017315558157861233,0.052651024250329054,18.099648889599365,0.6360308090638433,0.006841033557034454
2070,training,0,0.021464538760483265,0.052651024250329054,18.139485859275172,0.6363432117151631,0.008268717064893018
2071,training,0,0.027955145575106144,0.052651024250329054,18.17957242813038,0.6367004440284756,0.009769328738753729
2072,training,0,0.026290473528206352,0.051174509483891656,18.219479357276537,0.6371586011722313,0.012255759742048351
2073,training,0,0.020982001908123497,0.051174509483891656,18.259433792034194,0.6376667308286272,0.012793572908704746
2074,training,0,0.01761913578957319,0.051174509483891656,18.29947535591236,0.6381987331685668,0.014343339113778003
2075,training,0,0.00603281147778034,0.051174509483891656,18.33934047196932,0.6388096619487075,0.015452100781474276
2076,training,0,0.0024882685393095034,0.051174509483891656,18.37939825460962,0.6394414965304622,0.015979985374648835
2077,training,0,0.0386826740577817,0.051174509483891656,18.419332338583914,0.6401343645576099,0.01862624717180666
2078,training,0,0.009326264764240477,0.049040699789935326,18.45922932715493,0.6409128073615207,0.02016633916173719
2079,training,0,0.034658503718674176,0.049040699789935326,18.49930093661521,0.6417564039163868,0.022378637131803724
2080,training,0,0.0062239100225269794,0.049040699789935326,18.53913777262368,0.6427194101518512,0.02483410654594367
2081,training,0,0.013709929306060076,0.049040699789935326,18.579142535824392,0.6437341125502373,0.025507401596491085
2082,training,0,0.015663456171751022,0.049040699789935326,18.61913491470228,0.6447925323841475,0.027811823240919516
2083,training,0,0.012050595600157976,0.049040699789935326,18.65899444516851,0.6459326374220103,0.028955097415161102
2084,training,0,0.020938502624630928,0.029174376095354716,18.699079836954574,0.6471147471293897,0.030301605979058847
2085,training,0,0.022957323119044304,0.029174376095354716,18.738926190099203,0.6483986535556445,0.03329203931063467
2086,training,0,0.030247575603425503,0.029174376095354716,18.77886493975605,0.6497633707267523,0.03473601997093306
2087,training,0,0.02787031512707472,0.029174376095354716,18.818878826403438,0.6511915001973501,0.03760093192399676
2088,training,0,0.045352078042924404,0.029174376095354716,18.858706628126686,0.6527596100131353,0.04016820478834725
2089,training,0,0.04431738890707493,0.029174376095354716,18.898741218308192,0.6544150984366129,0.042689744143602486
2090,training,0.0007578621,0.0610957071185112,0.03772737947929625,18.95851171399072,0.6571695642385498,0.048925853122692736
2091,training,0.0112813,0.11387968063354492,0.03772737947929625,18.998488884707836,0.6592210156922842,0.05486511486157719
2092,training,0.0029697223,0.14204606413841248,0.03772737947929625,19.038433483827994,0.6616365062600182,0.06835123677850187
2093,training,0.0065532057,0.13316863775253296,0.03772737947929625,19.097952875133807,0.6665530515201528,0.09667800440863357
2094,training,0.0024824867,0.05451159551739693,0.03772737947929625,19.13771613509213,0.6706667180604399,0.10863269763985811
2095,training,0,0.015151284635066972,0.03772737947929625,19.157462703435787,0.6728662647578421,0.11198857613402118
2096,training,0,0.008299320936203003,0.027430097273439865,19.197328094200863,0.6771692961029221,0.10069825042146457
2097,training,0,0.0033538788557052612,0.027430097273439865,19.237393192656523,0.6808699324080301,0.08401589923023697
2098,training,0,0.012668110430240631,0.027430097273439865,19.277214233501255,0.6838957433454272,0.06813801150076317
2099,training,0,0.019649729132652283,0.027430097273439865,19.297254634564496,0.6851925892220112,0.06085245809743118
2100,training,0,0.008097760379314423,0.027430097273439865,19.337388807991058,0.6873550957307537,0.04763439634810401
2101,training,0,0.029681041836738593,0.027430097273439865,19.377296644474512,0.6889971818548359,0.033870150732576154
2102,training,0,0.0327327735722065,0.023500242566315548,19.417487318741287,0.6900585052000416,0.018527729245597806
2103,training,0,0.004368539899587624,0.023500242566315548,19.457494512377867,0.6905384776550509,0.005421291582474456
2104,training,0,0.01602720096707344,0.023500242566315548,19.49750846736869,0.6905010754376278,-0.006421367570725585
2105,training,0,0.029201930388808247,0.023500242566315548,19.53757619811089,0.6900638116080221,-0.01457780918889152
2106,training,0,0.032106153666973114,0.023500242566315548,19.577553595612223,0.689330104026674,-0.02315108486168312
2107,training,0,0.025985706131905317,0.018281360874604167,19.617643714125776,0.6881961289425454,-0.03309269241272652
2108,training,0,0.03508789464831352,0.018281360874604167,19.657643765082383,0.6867397861007953,-0.0393212639736063
2109,training,0.013211453,0.06576448492705822,0.018281360874604167,19.71753835181921,0.6840474149356582,-0.05100018219695756
2110,training,0.014947534,0.058903587982058525,0.018281360874604167,19.75751994547731,0.6818585095801682,-0.058750611864617094
2111,training,0,0.018265500664711,0.018281360874604167,19.797306767129236,0.6793557487936376,-0.0665219864101527
2112,training,0,0.0213906429708004,0.018281360874604167,19.817294580184093,0.6780048478882392,-0.0674872323918889
2113,training,0,0.039573611691594124,0.005578266696311554,19.857177021082766,0.6753713694490822,-0.06420846502391345
2114,training,0.0029565527,0.05465061217546463,0.005578266696311554,19.91700427113787,0.6715136805476498,-0.06695429082374507
2115,training,0,0.013141138479113579,0.005578266696311554,19.956903306657008,0.6687750935745855,-0.07065899782381779
2116,training,0,0.049798064508649986,0.005578266696311554,19.976862073740993,0.6673422497835417,-0.07290574535268876
2117,training,0.0047073006,0.06982806511223316,0.005578266696311554,20.036673282563285,0.6625996059825645,-0.08686890361841845
2118,training,0,0.02505811490118504,0.005578266696311554,20.076546898938965,0.6589549761140538,-0.09548014021590995
2119,training,0,0.0057342201471328735,0.02237468093920658,20.09630491423758,0.6570245086286247,-0.09964727498384385
2120,training,0,0.012233138084411621,0.02237468093920658,20.136094391256506,0.6530174109334752,-0.09913804041248378
2121,training,0.003013583,0.05140691623091697,0.02237468093920658,20.195656034538402,0.6474118547886908,-0.09004010444188135
2122,training,0.002410594,0.07227446511387825,0.02237468093920658,20.235491767972672,0.643803699423926,-0.09222959283749925
2123,training,0.021882001,0.07796211540699005,0.02237468093920658,20.27531664497267,0.6400442828248117,-0.09729225874941272
2124,training,0.00403041,0.08583232760429382,0.02237468093920658,20.315086032775124,0.635995586662589,-0.10656078149160707
2125,training,0.07036785,0.06783843878656626,0.043010974689201245,20.35487106242089,0.6315612043724764,-0.1150266135752939
2126,training,0,0.022530607879161835,0.043010974689201245,20.39463140486503,0.6268606424526649,-0.1181866300356052
2127,training,0,0.025267787277698517,0.043010974689201245,20.434178394565542,0.6222480759589863,-0.11249937511460736
2128,training,0,0.04007146507501602,0.043010974689201245,20.454000351058873,0.6200648655559514,-0.1073280769839486
2129,training,0,0.04957645386457443,0.043010974689201245,20.49371527237977,0.6160097291731138,-0.09686965761446593
2130,training,0,0.0461227148771286,0.043010974689201245,20.533391678542014,0.6122757528413766,-0.09108369895783872
2131,training,0,0.019889459013938907,0.05254106760928419,20.573169245759814,0.6087962146451447,-0.08310557270627902
2132,training,0,0.030919604934751987,0.05254106760928419,20.612877416994188,0.6056635871763656,-0.07550415223356019
2133,training,0,0.031617783941328526,0.05254106760928419,20.652748087866982,0.6027939868551466,-0.0683255713827601
2134,training,0.008479511,0.05816098302602768,0.05254106760928419,20.73231816143603,0.5980989707876971,-0.05063380193085811
2135,training,0,0.028511285549029708,0.05254106760928419,20.752304971613114,0.5971300002359046,-0.046227606492699025
2136,training,0,0.010713967494666576,0.05254106760928419,20.792205837369732,0.5955182571211686,-0.03605334735175546
2137,training,0.005669927,0.06484985072165728,0.026161124362324126,20.85202292012984,0.5934574659493532,-0.03436633915973578
2138,training,0.0029505019,0.12428692728281021,0.026161124362324126,20.892013878588802,0.592080338375952,-0.03574227005332098
2139,training,0.0072493763,0.14437959343194962,0.026161124362324126,20.931904814573688,0.5904762136642122,-0.04789797394336556
2140,training,0.030533044,0.05477890372276306,0.026161124362324126,20.971977901410927,0.5881953876787656,-0.0664682853541196
2141,training,0,0.019612270407378674,0.026161124362324126,20.991954172041265,0.5867895517252174,-0.07286797479163723
2142,training,0.0042001717,0.053206417709589005,0.026161124362324126,21.031592455185788,0.5837813793064575,-0.0776191071039449
2143,training,0,0.04410593677312136,0.019751539889716386,21.07150016745608,0.580679987507556,-0.07770669665871029
2144,training,0,0.03754085395485163,0.019751539889716386,21.111347159091586,0.5776053580713001,-0.0769801736655625
2145,training,0,0.04886371362954378,0.019751539889716386,21.13114979569518,0.5760776221994596,-0.07753251298522885
2146,training,0.0040714685,0.06918000895529985,0.019751539889716386,21.19097230925224,0.5714200096681373,-0.07843368473813166
2147,training,0.0070869257,0.10564268380403519,0.019751539889716386,21.25068327261619,0.566665425311104,-0.08168221348034982
2148,training,0.0023590808,0.18235735595226288,0.019751539889716386,21.29045528448278,0.563306203263965,-0.08988006569900504
2149,training,0.00641806,0.1787082627415657,0.03235097622485537,21.330442140087403,0.5593604044203087,-0.1099540693951545
2150,training,0.010694804,0.1633572205901146,0.03235097622485537,21.370305232020588,0.554471642012684,-0.13322388257491585
2151,training,0.005223538,0.17398568894714117,0.03235097622485537,21.40994322466726,0.5488316937027995,-0.1468497651107998
2152,training,0.08235115,0.17891270015388727,0.03235097622485537,21.42976893820143,0.5458517737209911,-0.15112212507960285
2153,training,0.0029377006,0.178871875628829,0.03235097622485537,21.469195709613142,0.5398007999420624,-0.15292566830216728
2154,training,0.007707135,0.13969394564628598,0.03235097622485537,21.50864000540681,0.5337868445969524,-0.1487403015690716
2155,training,0.0069178636,0.12855865061283112,0.04945100458837922,21.548129681376192,0.5280692934800322,-0.13824266891086898
2156,training,0.004334723,0.11534775793552401,0.04945100458837922,21.587653878331814,0.5228413279360108,-0.12447437569448458
2157,training,0.010705566,0.09405659139156342,0.04945100458837922,21.607417201575952,0.5204538380260113,-0.11559648612233923
2158,training,0.007030641,0.08389050513505936,0.04945100458837922,21.66676899303282,0.51441530491611,-0.08686430332102472
2159,training,0.0070163365,0.05589541047811508,0.04945100458837922,21.70651286740287,0.5113671623268911,-0.06610336996092306
2160,training,0.008611896,0.07933413237333298,0.04945100458837922,21.746172763240168,0.5091257823301253,-0.048402560666350236
2161,training,0.0032537337,0.07516455650329593,0.07257689625054564,21.786092938413447,0.5074689422983987,-0.035188182912467975
2162,training,0.0029703975,0.06821087747812268,0.07257689625054564,21.82597465894902,0.5063518612164855,-0.020958404988398165
2163,training,0.0036823081,0.06741249188780785,0.07257689625054564,21.865734319049842,0.505731484717611,-0.01061429912167212
2164,training,0.0019900692,0.05082475394010544,0.07257689625054564,21.90579794568925,0.5054939243065963,-0.0008152885895034057
2165,training,0.0067168823,0.06327348947525024,0.07257689625054564,21.945554586086963,0.5056822726592344,0.009220215331282578
2166,training,0.014033331,0.058269791305065155,0.07257689625054564,22.005562361031608,0.5066178365169132,0.02163998173719459
2167,training,0.0060509546,0.059378236532211304,0.06292753086226048,22.045373577194248,0.5076493740094403,0.029446828278713706
2168,training,0,0.048656683415174484,0.06292753086226048,22.06530203847247,0.5082616831600772,0.03151534618496069
2169,training,0,0.02456146106123923,0.06292753086226048,22.1053713574596,0.5096041077431199,0.03599963445457093
2170,training,0,0.006816651672124863,0.06292753086226048,22.125340863466786,0.5103531959837715,0.039774956161117606
2171,training,0,0.02614413946866989,0.06292753086226048,22.165087156877327,0.5121113885596631,0.048266541800086875
2172,training,0,0.03278103843331338,0.06292753086226048,22.205088837284542,0.5142054706936666,0.05570319290338673
2173,training,0.025816351,0.058578714728355394,0.04983153797669151,22.26481222942268,0.5177903334496964,0.0634642397006438
2174,training,0,0.045040841214358814,0.04983153797669151,22.304784555656266,0.5204011005400698,0.06659595815856802
2175,training,0.0028743788,0.06877537537366152,0.04983153797669151,22.364553746063716,0.5244359672470361,0.06767596959144757
2176,training,0,0.04038070887327194,0.04983153797669151,22.38449686745387,0.525788949672519,0.06744357180332733
2177,training,0,0.029830480925738808,0.04983153797669151,22.424576632129455,0.5284608327380977,0.06539643893428843
2178,training,0,0.041304794140160084,0.04983153797669151,22.464359281152248,0.5310340772444004,0.06354234888624646
2179,training,0,0.03429050650447607,0.06661976317156407,22.504313009252545,0.5335355441146736,0.06127340784770034
2180,training,0,0.02880403678864241,0.06661976317156407,22.52437498102147,0.5347576431318165,0.06076474668067213
2181,training,0,0.026288329623639584,0.06661976317156407,22.5641779545963,0.5371823074336982,0.060553536778364045
2182,training,0,0.023648428730666637,0.06661976317156407,22.604108018440115,0.5395797692528354,0.059022042095636384
2183,training,0,0.027970395050942894,0.06661976317156407,22.6441329574139,0.5419097188838938,0.058268024763407686
2184,training,0,0.022153987549245358,0.06661976317156407,22.683935054635683,0.54421163300136,0.05676945387764568
2185,training,0,0.027068044058978558,0.06182473574445559,22.723986118223184,0.5464574316675399,0.0552205999104244
2186,training,0,0.02749913837760687,0.06182473574445559,22.763864303618654,0.5486540357604517,0.05481684193638336
2187,training,0,0.017702247947454453,0.06182473574445559,22.803757748150833,0.5508134322943724,0.05294197098671747
2188,training,0,0.017727420665323734,0.06182473574445559,22.843838684202865,0.5528988254389364,0.051988540235129166
2189,training,0,0.00011875852942466909,0.06182473574445559,22.883619471944026,0.5549815237010838,0.05207319071844583
2190,training,0,0.04125514347106218,0.06182473574445559,22.923619010997076,0.5570753572983735,0.052757840641734534
2191,training,0,0.027160787023603916,0.06612185434490533,22.96354645600587,0.559227292830557,0.05532031462347701
2192,training,0,0.02381190937012434,0.06612185434490533,23.00336861501077,0.5614658694218798,0.05663511543503563
2193,training,0,0.011875165626406666,0.06612185434490533,23.043438565284102,0.5637579650047976,0.057902883314557556
2194,training,0,0.011430807411670687,0.06612185434490533,23.083211041709337,0.5661144227862754,0.06006244166957383
2195,training,0,0.011783943511545658,0.06612185434490533,23.12313821044732,0.5685429876636496,0.061033890753134666
2196,training,0,0.003864194266498089,0.06612185434490533,23.163135624496164,0.570992477948887,0.06206193425262374
2197,training,0,0.0027701491490006447,0.06387988021349446,23.202919336267882,0.5734675972722989,0.061564820947962604
2198,training,0,0.004499581642448902,0.06387988021349446,23.242963159817894,0.5759224786198116,0.06085795211256343
2199,training,0,0.006518774665892124,0.06387988021349446,23.28281202866561,0.5783564415296695,0.06102492751403153
2200,training,0,0.003444572910666464,0.06387988021349446,23.3226981411925,0.5807754106264953,0.05976322473455585
2201,training,0,0.011938710696995255,0.06387988021349446,23.36276432014328,0.5831319797257535,0.05824059453344224
2202,training,0,0.004819402471184727,0.06387988021349446,23.402554027496357,0.5854245924407968,0.056205650239553616
2203,training,0,0.005820272490382191,0.05043341234405091,23.44258133650831,0.5876228090642744,0.053118728523092955
2204,training,0,0.00025102682411670685,0.05043341234405091,23.48252459939092,0.5896948822432576,0.05051868854822322
2205,training,0,0.004170825704932213,0.05043341234405091,23.522407062267778,0.5916250746788354,0.04563968855010696
2206,training,0,0.0005163457244634628,0.05043341234405091,23.562539761001734,0.5933498346506846,0.0406898119300962
2207,training,0,0.00015578884631395513,0.05043341234405091,23.602377095775527,0.5949142979069098,0.03707024073104645
2208,training,0,0.0047818124294281015,0.05043341234405091,23.642385740094447,0.5963272567056735,0.03362478934283104
2209,training,0,0.006602988578379156,0.04439467872789248,23.68241286083743,0.5976415698593383,0.03226182562427799
2210,training,0,0.03518982883542776,0.04439467872789248,23.722280519166468,0.5988905670605699,0.030246016301827338
2211,training,0,0.02980188187211752,0.04439467872789248,23.762378389573158,0.6000744657284407,0.029030508309844428
2212,training,0,0.036673943512141705,0.04439467872789248,23.80225831288293,0.6012607923457092,0.029538352482858157
2213,training,0,0.03750685509294272,0.04439467872789248,23.84220880868315,0.6024285148924566,0.02879738076453564
2214,training,0,0.0314057944342494,0.04439467872789248,23.882240485713236,0.6035827489445507,0.029620461814315317
2215,training,0,0.02198868151754141,0.0419023413894152,23.92210312153411,0.604788413628683,0.029914602293771676
2216,training,0,0.028750534169375896,0.0419023413894152,23.96215894471753,0.6059871350048164,0.029830900138566062
2217,training,0,0.03795999567955732,0.0419023413894152,24.002090477709753,0.6072217731516965,0.03192177451661691
2218,training,0,0.04946149140596389,0.0419023413894152,24.041979077051828,0.6085227825771685,0.03319914171105155
2219,training,0,0.0396107342094183,0.0419023413894152,24.082058958523792,0.6098939924150125,0.036007291512475996
2220,training,0,0.03549161646515131,0.0419023413894152,24.12185223225168,0.6114278779449875,0.03989816584814237
2221,training,0,0.03602818679064512,0.008163284582976703,24.161834851090028,0.6130710557413369,0.04178449146993591
2222,training,0,0.04192219953984022,0.008163284582976703,24.201818860967077,0.6147831431479317,0.0436588585167714
2223,training,0,0.04856991674751043,0.008163284582976703,24.241646795963085,0.6165329843430667,0.0438106955378853
2224,training,0.0016308946,0.05572880897670984,0.008163284582976703,24.301659986206435,0.6192136774963982,0.0464527581287446
2225,training,0.0055337837,0.05880744848400354,0.008163284582976703,24.341460143000244,0.6211126896064845,0.048360879378917705
2226,training,0.013647308,0.08321790397167206,0.008163284582976703,24.381508765236855,0.6230898010956766,0.05053718746807891
2227,training,0.01011328,0.10276810079813004,0.012813633520028633,24.42130126861248,0.6252106700726773,0.05688473269698443
2228,training,0.007073557,0.09451693668961525,0.012813633520028633,24.481131531439857,0.628981360378917,0.0697753770548944
2229,training,0.0033014754,0.11929883807897568,0.012813633520028633,24.520944123459728,0.63194431545345,0.07917992588062192
2230,training,0.0039474475,0.08225659653544426,0.012813633520028633,24.58062856514714,0.6370635388601599,0.09220568937280212
2231,training,0.0029505638,0.09994301572442055,0.012813633520028633,24.659959755847613,0.6452179446458419,0.11328412809585377
2232,training,0.006708908,0.15000279992818832,0.005758695840507586,24.719526084818188,0.6524535391559542,0.12919883869432247
2233,training,0.004167145,0.13745364919304848,0.005758695840507586,24.778673355865493,0.6607968705466947,0.15197978400056486
2234,training,0.001874033,0.21199097484350204,0.005758695840507586,24.81813402109941,0.6671823050308611,0.1697341396816105
2235,training,0.004131107,0.20055897161364555,0.005758695840507586,24.876606089873803,0.6783137331011492,0.2085400211394009
2236,training,0.0063795503,0.22178848087787628,0.03812174608485699,24.91544472093106,0.687105204334291,0.23657994156787412
2237,training,0.00712951,0.19388770684599876,0.03812174608485699,24.953906165766636,0.6969171751715356,0.26314519390818053
2238,training,0.007129683,0.310734823346138,0.03812174608485699,25.0110412689352,0.7137682119438727,0.31087559003457504
2239,training,0.003502754,0.3192351385951042,0.03812174608485699,25.048732862323217,0.7265547271612678,0.3499147502635006
2240,training,0.008299218,0.23661750555038452,0.03812174608485699,25.085481236272656,0.7409667248226314,0.39598759069682055
2241,training,0.009870447,0.20728790014982224,0.10284017899796966,25.121787829978405,0.7569898656920518,0.43210728072135507
2242,training,0.008638726,0.2362922951579094,0.10284017899796966,25.15809958506443,0.7739446949341732,0.43068252796156664
2243,training,0.0061585195,0.2596668377518654,0.10284017899796966,25.176335805064305,0.7821750419082685,0.4157752675157053
2244,training,0.0051195035,0.2283681407570839,0.10284017899796966,25.19477543022563,0.7901330257009803,0.3979458918344144
2245,training,0.0016394472,0.18919537588953972,0.10284017899796966,25.232283705744518,0.8050907619015716,0.36236710105165504
2246,training,0.020581847,0.10197248309850693,0.10284017899796966,25.26999893482654,0.8188111728645067,0.33570810892559166
2247,training,0.006432605,0.08450072724372147,0.10284017899796966,25.30798084611006,0.8315958123503685,0.315435982187101
2248,training,0.0077396715,0.06173541396856308,0.10284017899796966,25.346192331035297,0.8437130189789263,0.2989396297099372
2249,training,0,0.03428068011999129,0.18328088737094922,25.38452348665605,0.8552633629573182,0.2883785476126228
2250,training,0,0.039244383573532104,0.18328088737094922,25.403669126343303,0.8609158886931922,0.2877999429411679
2251,training,0,0.03467729687690735,0.18328088737094922,25.42281060580254,0.8666538961519401,0.29469282293580373
2252,training,0,0.0013408884406089783,0.18328088737094922,25.460805330351317,0.8785217971837519,0.3106186932013841
2253,training,0.0024920914,0.12839031219482422,0.18328088737094922,25.498562528218425,0.8909896400055657,0.32699122739706993
2254,training,0,0.03161182999610902,0.18328088737094922,25.517337300053196,0.8974935110858759,0.34275397121972523
2255,training,0.0031468093,0.1933871954679489,0.1837879339349774,25.572684440744514,0.9189392793199137,0.38834694393539476
2256,training,0.0074851923,0.18571292236447334,0.1837879339349774,25.609269216472413,0.9344933570868206,0.41821246508048554
2257,training,0.008240903,0.23007803782820704,0.1837879339349774,25.645444014777404,0.9512801543852462,0.45298800525251987
2258,training,0.0015540707,0.21068209130316973,0.1837879339349774,25.680599511557002,0.969240106819579,0.4928967257221378
2259,training,0.0033389023,0.2236018255352974,0.1837879339349774,25.715215911266725,0.9887833819340854,0.5352950439045044
2260,training,0.007942809,0.1581650376319885,0.1837879339349774,25.748742908687646,1.0097089370038883,0.582552966904207
2261,training,0.0027798135,0.14847861230373385,0.17565699948203697,25.78116703142914,1.0322577478308073,0.6324246541644943
2262,training,0.006945148,0.2314946092665196,0.17565699948203697,25.812639293123944,1.0563954592650557,0.6738573751848496
2263,training,0.0047596493,0.20888442546129227,0.17565699948203697,25.84309394129557,1.0818430866898625,0.720850059619544
2264,training,0.005959674,0.1346369534730911,0.17565699948203697,25.872062242903933,1.108606354675841,0.7687974953729512
2265,training,0.0035628446,0.1170753687620163,0.17565699948203697,25.899971376725563,1.1367480109576928,0.8093023319030828
2266,training,0.0047809836,0.1468441635370254,0.17869928782606945,25.926919851150338,1.1661250580697593,0.8483765818673024
2267,training,0.034395527,0.15851676464080805,0.17869928782606945,25.952367792831204,1.1962445567523219,0.8928655165790675
2268,training,0.0018297227,0.10688257217407227,0.17869928782606945,25.976421939844286,1.227731276216588,0.944036515399221
2269,training,0.001578728,0.09036517143249512,0.17869928782606945,25.998864278453393,1.2603203529093914,0.9905076238627466
2270,training,0,0.003981202840805026,0.17869928782606945,26.01978744129653,1.293882541623683,1.0356890726145909
2271,training,0,0.006311461329460144,0.16496979608015347,26.029656484470124,1.3109515385099269,1.0568412214113745
2272,training,0,0.04182516038417816,0.16496979608015347,26.048483156076667,1.3458921753870416,1.0925745085959664
2273,training,0.008168117,0.05866232514381409,0.16496979608015347,26.066350684910688,1.3815985157786954,1.1234886800892485
2274,training,0,0.04487544298171994,0.16496979608015347,26.082806914135897,1.4175347968797234,1.1588207610414614
2275,training,0.0053313165,0.050288841128349304,0.16496979608015347,26.09811197987108,1.4543057456305057,1.1935125506949378
2276,training,0,0.012938573956489535,0.16496979608015347,26.1121318016747,1.4914868492015863,1.2286249479530942
2277,training,0.027819369,0.05715014040470126,0.1282017813938569,26.13060723964917,1.5481091667781373,1.278693806269968
2278,training,0.004065882,0.08379741758108139,0.1282017813938569,26.141610108525754,1.5863890908028235,1.3024294277589643
2279,training,0.005173172,0.11027338355779649,0.1282017813938569,26.151652753680438,1.6248146529180352,1.3278092973978988
2280,training,0.014206914,0.14156464487314224,0.1282017813938569,26.160787104916587,1.6635194069687218,1.3486863811823453
2281,training,0.007895941,0.17689885944128036,0.1282017813938569,26.169196600312883,1.7025018997038428,1.3680141069771468
2282,training,0.0037245417,0.1797468215227127,0.1282017813938569,26.176811488904512,1.7415753232791276,1.3876116865497643
2283,training,0.0039518145,0.12671300023794174,0.08190075339847902,26.18375217275202,1.7807373046688149,1.4030998034276831
2284,training,0.007946214,0.11296892166137695,0.08190075339847902,26.190012345597243,1.8201559272152155,1.4251975074606535
2285,training,0.009854419,0.11585107445716859,0.08190075339847902,26.195287028062015,1.8594552261647495,1.4486214029652382
2286,training,0.0048808437,0.06696702539920807,0.08190075339847902,26.199726080447974,1.8991122895269916,1.4694874068799222
2287,training,0.0029927164,0.09355315566062927,0.08190075339847902,26.203281720722288,1.9388268442914716,1.4951635882782028
2288,training,0.004628135,0.051866576075553866,0.08190075339847902,26.205765034485175,1.978429572861733,1.5204863749677844
2289,training,0.0038449597,0.05081944167613983,0.05480556544790988,26.207242392484034,2.0183571569012977,1.5493456198264481
2290,training,0.0077575054,0.0892678275704384,0.05480556544790988,26.207503095131848,2.058006237541507,1.5792285359077272
2291,training,0,0.04817366600036621,0.05480556544790988,26.206629563577245,2.097792246827937,1.6051275789513535
2292,training,0,0.02192851901054385,0.05480556544790988,26.204777949904148,2.1376088920756096,1.6294174067193337
2293,training,0,0.016489744186401367,0.05480556544790988,26.20348604789876,2.15742598820096,1.6420628477385768
2294,training,0,0.01864457130432129,0.05480556544790988,26.2001159314402,2.197026370705458,1.6702253694008067
2295,training,0,0.041012123227119446,0.058114201357463986,26.195581598822336,2.2364891207920214,1.7010447869037828
2296,training,0,0.04329349845647812,0.058114201357463986,26.18977188533348,2.2757044207356256,1.7339054042657227
2297,training,0.018732246,0.0679504871368408,0.058114201357463986,26.17885865876876,2.3343455266011497,1.7731864241488688
2298,training,0.0031832177,0.0711671933531761,0.058114201357463986,26.170424521493416,2.3733813304500453,1.7927404783438055
2299,training,0.0030934117,0.07667498663067818,0.058114201357463986,26.15654688083944,2.431380507150097,1.816682652756129
2300,training,0,0.0404045507311821,0.058114201357463986,26.15162202694029,2.45075982177174,1.8215322935231169
2301,training,0,0.02303021401166916,0.011925092729916988,26.141558512998408,2.4895262905416784,1.8307142555557299
2302,training,0,0.021696917712688453,0.011925092729916988,26.13103547674838,2.527819147298871,1.847474608951434
2303,training,0,0.007949445396661758,0.011925092729916988,26.119838666595783,2.5662392926291986,1.860665520588939
2304,training,0,0.018751025199890137,0.011925092729916988,26.11407277982646,2.585393184359385,1.8669871204168973
2305,training,0,0.005976190790534016,0.011925092729916988,26.102255201025606,2.623342297885933,1.876766922925722
2306,training,0,0.0376630425453186,0.011925092729916988,26.090067278261255,2.6614821123710684,1.8835809224872864
2307,training,0,0.021661932580173016,0.03518406406526817,26.077659425443745,2.699445381240835,1.889947342780102
2308,training,0,0.0048807766288518906,0.03518406406526817,26.06507318948791,2.7372879038482867,1.8932910197288515
2309,training,0,0.02763892151415348,0.03518406406526817,26.052308783295974,2.775341344174622,1.8961688158281642
2310,training,0,0.03919579088687897,0.03518406406526817,26.039501814981286,2.812985377616003,1.9028962386660468
2311,training,0,0.0498720770701766,0.03518406406526817,26.026271375398366,2.8506732403718447,1.914620005463454
2312,training,0,0.019122295081615448,0.03518406406526817,26.012558753820826,2.8882531571188297,1.927343490446404
2313,training,0,0.03734981268644333,0.02877244831507458,25.998457044414824,2.925419412096086,1.9390403996644507
2314,training,0,0.02349249646067619,0.02877244831507458,25.98384381922496,2.9627215368878144,1.9496973937846118
2315,training,0,0.01409998536109925,0.02877244831507458,25.96893762762906,2.9996284798324577,1.9596432956679672
2316,training,0,0.03326094336807728,0.02877244831507458,25.953620309209214,3.036456922720372,1.9699882783368912
2317,training,0,0.015402255579829213,0.02877244831507458,25.93789675194658,3.0732800078288194,1.9783170353642958
2318,training,0,0.03666404262185097,0.02877244831507458,25.92197878704988,3.109705771282315,1.986916070041438
2319,training,0,0.03172626346349715,0.03046249767060033,25.90565616520469,3.146237197639745,1.995032140701583
2320,training,0,0.011549597606062893,0.03046249767060033,25.889117875353723,3.1825499254521263,2.0009873401153317
2321,training,0,0.01446176040917635,0.03046249767060033,25.872368583697476,3.2186961099430076,2.0081490265028985
2322,training,0,0.0023957062512636185,0.03046249767060033,25.855307778649156,3.2548987133044407,2.0133871845615166
2323,training,0,0.032876018434762955,0.03046249767060033,25.83815828445171,3.290859524711693,2.018597812033479
2324,training,0,0.005795391276478767,0.03046249767060033,25.820734504977157,3.3268217820636226,2.0255792911731594
2325,training,0,0.007203046232461929,0.03769319996898118,25.80308433749765,3.3626570944195233,2.0310522834096236
2326,training,0,0.025225907564163205,0.03769319996898118,25.78525323719865,3.398245055603,2.039722475173077
2327,training,0,0.004485726356506348,0.03769319996898118,25.76702623697801,3.433790454060979,2.049153076254307
2328,training,0,0.02258910983800888,0.03769319996898118,25.748498226770835,3.4691211379905638,2.05864091927751
2329,training,0,0.021239351481199258,0.03769319996898118,25.729610045681685,3.5042229746357156,2.070006344208122
2330,training,0,0.014655699953436852,0.03769319996898118,25.710357860472598,3.5391641143883064,2.0778438526842677
2331,training,0,0.04133130609989166,0.050352064401351516,25.690848231261548,3.573947970972711,2.0862892893718548
2332,training,0,0.04120885580778122,0.050352064401351516,25.67103174304009,3.6085479422153965,2.094385085102014
2333,training,0,0.014414070174098018,0.050352064401351516,25.650949361084496,3.6430914380689012,2.100396126903069
2334,training,0,0.04723890870809555,0.050352064401351516,25.63066096378676,3.677422513378361,2.1087868134081553
2335,training,0,0.014095690101385117,0.050352064401351516,25.610111714622594,3.7115716167746498,2.115393854129411
2336,training,0,0.040651224553585066,0.050352064401351516,25.589282866828356,3.7456917341901774,2.1229490948540692
2337,training,0,0.019209694117307663,0.05145442222637412,25.568216141724875,3.7794912624554824,2.1323548688735734
2338,training,0,0.010251162573695186,0.05145442222637412,25.546842134051793,3.813196877770307,2.139105107533615
2339,training,0,0.041925773024559035,0.05145442222637412,25.525223695307506,3.8467952176900986,2.1464153006799385
2340,training,0.0017417285,0.05685573443770407,0.05145442222637412,25.49243882417883,3.8968061236634948,2.1546828222026098
2341,training,0,0.014130450785160058,0.05145442222637412,25.47029523066552,3.9301139565060756,2.1613844722082614
2342,training,0,0.04842260107398032,0.05145442222637412,25.448006565150568,3.9630795882563334,2.168350539588576
2343,training,0.001980993,0.05916549637913705,0.03704536840762792,25.414023272610457,4.0125302869432,2.178114605181217
2344,training,0,0.04406071081757547,0.03704536840762792,25.40261695561867,4.02885887257636,2.182329129255029
2345,training,0.01055127,0.0663694255053997,0.03704536840762792,25.368024090335833,4.077712898520298,2.1912461666973626
2346,training,0.003471614,0.09246050287038088,0.03704536840762792,25.34469799076298,4.110180400899092,2.1957583435114523
2347,training,0.015604589,0.09794658608734606,0.03704536840762792,25.33305221828059,4.126324080124021,2.195150850848019
2348,training,0.0027594338,0.11628369987010956,0.03704536840762792,25.298000779079242,4.175119039084743,2.1923218635816912
2349,training,0.0099552935,0.15812766551971436,0.03704536840762792,25.28642879341451,4.191291267453892,2.190232824776002
2350,training,0.0044479547,0.1897364780306816,0.006942239675921018,25.263404238248565,4.22388544841239,2.179885739591351
2351,training,0.014477934,0.20624295622110367,0.006942239675921018,25.240632189220495,4.256995826110856,2.166337143465325
2352,training,0.0033019325,0.2024369463324547,0.006942239675921018,25.20746581846732,4.306921882816041,2.146946188734494
2353,training,0.0061952816,0.16189299244433644,0.006942239675921018,25.196588583638764,4.323753832241343,2.142312080600598
2354,training,0.0025862497,0.1239408478140831,0.006942239675921018,25.175603377251207,4.356709650510742,2.1296063202158244
2355,training,0.008365721,0.11959509178996086,0.006942239675921018,25.154579542142717,4.390256907086854,2.1321892165413217
2356,training,0.0012416122,0.08387546986341479,0.006942239675921018,25.133155675223215,4.424017911323922,2.1418142958710744
2357,training,0.0058836257,0.0918319821357727,0.03885018557557819,25.1113696616411,4.457388449953592,2.1563500013206123
2358,training,0.0034189103,0.09400033578276634,0.03885018557557819,25.0894952082128,4.4898371680561935,2.173421949211943
2359,training,0.007414003,0.10525071993470192,0.03885018557557819,25.066624932305114,4.5226161899966275,2.185550834658358
2360,training,0,0.022592056542634964,0.03885018557557819,25.043481186137463,4.555028339173081,2.19513351183584
2361,training,0,0.039013819769024835,0.03885018557557819,25.02002100133345,4.587388657654289,2.2003556930109185
2362,training,0,0.02323178760707379,0.03885018557557819,24.99636303161889,4.619723205066925,2.2054164581956077
2363,training,0,0.041178567335009575,0.03885018557557819,24.98457050325991,4.635684841297028,2.2078762508598975
2364,training,0,0.026570498943328857,0.08165548905300181,24.960725401860902,4.667727778554249,2.2129991307215886
2365,training,0,0.04169591702520847,0.08165548905300181,24.936632822143693,4.699802094227135,2.2180838571519796
2366,training,0,0.013546371832489974,0.08165548905300181,24.91257729759152,4.731480520985688,2.2216536737901036
2367,training,0,0.024042760953307152,0.08165548905300181,24.888244661819144,4.763317537157083,2.2258850019476046
2368,training,0,0.004776133224368102,0.08165548905300181,24.863850140925518,4.794887402931302,2.2315585040201276
2369,training,0.010399664,0.06689974665641786,0.08165548905300181,24.82688274665909,4.842083814086079,2.2392109107287945
2370,training,0,0.007054282352328297,0.08165548905300181,24.802039156767947,4.873358575721713,2.245554971665905
2371,training,0.03449708,0.06610077433288097,0.09650083457575757,24.777036535203443,4.904382889134552,2.2525713795044893
2372,training,0,0.0393671914935112,0.09650083457575757,24.751669712239234,4.935470873732637,2.2575084703243213
2373,training,0,0.03787121269851923,0.09650083457575757,24.739056720671307,4.950861130543864,2.256670092770344
2374,training,0.004037071,0.09169300086796284,0.09650083457575757,24.70135487870255,4.997545344795932,2.242638369722656
2375,training,0.01823183,0.13023973815143108,0.09650083457575757,24.67656354391063,5.0291754876161665,2.227468296878298
2376,training,0.048429813,0.10535900294780731,0.09650083457575757,24.640552558435967,5.0772598098666215,2.1986405991246296
2377,training,0,0.02293706312775612,0.09650083457575757,24.628774133096666,5.093658521533654,2.1894719836179464
2378,training,0,0.02445960789918901,0.07155517073914387,24.60579134999066,5.126053741578055,2.1888341212061966
2379,training,0,0.007316783070564284,0.07155517073914387,24.582499202254514,5.158408570450433,2.2014739664880953
2380,training,0,0.020124245434999466,0.07155517073914387,24.558688944225484,5.190569847379947,2.216014408277065
2381,training,0,0.03118985891342163,0.07155517073914387,24.546691590602908,5.206391452579178,2.2221818373590563
2382,training,0,0.03445005789399147,0.07155517073914387,24.522352217708203,5.237961532756966,2.231678703346687
2383,training,0,0.04028297401964665,0.07155517073914387,24.497642184139412,5.269569218298564,2.2374486193829766
2384,training,0.004100183,0.06556913070380686,0.07155517073914387,24.46052220983597,5.316402193663506,2.243662275958168
2385,training,0,0.03664962947368622,0.03447905986782406,24.435464900438724,5.347751777158084,2.246957545994085
2386,training,0,0.002342134714126587,0.03447905986782406,24.423001944117683,5.363242202006384,2.250000314911744
2387,training,0,0.018988482654094696,0.03447905986782406,24.397867581458556,5.3941253800352165,2.2582062084085175
2388,training,0,0.0006212666630744934,0.03447905986782406,24.372287146146075,5.4250056157662945,2.268039125507359
2389,training,0,0.008595071732997894,0.03447905986782406,24.346598207217436,5.455346341913529,2.279239618827302
2390,training,0.010832567,0.05776983126997948,0.03447905986782406,24.307139025596875,5.500480756247751,2.300596291966003
2391,training,0,0.034680880606174455,0.03447905986782406,24.28038846341869,5.529925584605054,2.316867172163157
2392,training,0.0007897471,0.06290559098124504,0.0163442858568808,24.25308283967872,5.558897404419595,2.3364502020991864
2393,training,0,0.03468024730682373,0.0163442858568808,24.2251567939798,5.587412098400001,2.3552098238647363
2394,training,0,0.031019050627946854,0.0163442858568808,24.196924389964614,5.615218321102574,2.3703444847725446
2395,training,0,0.03916400298476219,0.0163442858568808,24.182572443612447,5.629100073766444,2.3753810005078555
2396,training,0,0.043719347566366196,0.0163442858568808,24.153652371541835,5.656695942400722,2.3830763405916113
2397,training,0,0.017194511368870735,0.0163442858568808,24.124638556827673,5.683984742930496,2.390567834402199
2398,training,0,0.0031817518174648354,0.0163442858568808,24.095314098567222,5.711153536760131,2.397743288657622
2399,training,0,0.018321266397833824,0.006906498238386092,24.065886973006393,5.7380990095275735,2.4028345183040085
2400,training,0,0.008707959204912179,0.006906498238386092,24.03631335187507,5.764797093965326,2.4120238323038117
2401,training,0.009251431,0.06612846162170172,0.006906498238386092,23.99143368918871,5.80438006172343,2.4251711879457454
2402,training,0,0.02257414534687996,0.006906498238386092,23.961243687968928,5.83038928392983,2.4354953451905232
2403,training,0,0.009014442563056946,0.006906498238386092,23.94601459173501,5.843317503404753,2.4393780858661986
2404,training,0,0.029140914441086352,0.006906498238386092,23.91551324041137,5.8689948406464945,2.4439918414490456
2405,training,0,0.020010446198284626,0.006906498238386092,23.884841681071894,5.894547681701609,2.4501789612053138
2406,training,0,0.0030575022101402283,0.014183876913360047,23.854061370783878,5.919850084551717,2.455849174009413
2407,training,0,0.00809563510119915,0.014183876913360047,23.82305751057511,5.945086460886264,2.460875164034308
2408,training,0,0.008438194170594215,0.014183876913360047,23.79195990003697,5.9700820209112315,2.4682137162870585
2409,training,0,0.0018527768552303314,0.014183876913360047,23.76075310822086,5.994835899539657,2.4733848815730606
2410,training,0,0.0049346741288900375,0.014183876913360047,23.72930063805028,6.0195076280395154,2.4800583357589794
2411,training,0,0.03133614920079708,0.014183876913360047,23.697777944409275,6.043839169793155,2.487251037865839
2412,training,0.004619142,0.08315050508826971,0.014183876913360047,23.649994080737386,6.080027665866461,2.500994171618518
2413,training,0.0031780412,0.13658598437905312,0.01839693720029446,23.601786974062865,6.115157117680914,2.5221105062674227
2414,training,0.011846243,0.07505937293171883,0.01839693720029446,23.5525692983895,6.149338892167624,2.549093563472955
2415,training,0.013727378,0.12950094789266586,0.01839693720029446,23.519442346802354,6.171154082633025,2.5691900417331195
2416,training,0.009094764,0.1774175763130188,0.01839693720029446,23.4856522600612,6.192472101340093,2.587453217274704
2417,training,0.0070237946,0.1153431087732315,0.01839693720029446,23.451597472540804,6.213177632185788,2.603345415436174
2418,training,0.0019799024,0.2175181210041046,0.01839693720029446,23.434514766106552,6.223287926272754,2.6110597492249177
2419,training,0.034741495,0.2509119063615799,0.01839693720029446,23.417288161543766,6.233297999993349,2.619861501349009
2420,training,0.0070584035,0.30100269615650177,0.04088617299770978,23.382384636538383,6.252776416627704,2.6477474577204654
2421,training,0.009640023,0.12750394642353058,0.04088617299770978,23.329401301456542,6.2796104704885565,2.6991776568703902
2422,training,0.0017490644,0.11658778786659242,0.04088617299770978,23.274887876246925,6.303763495745902,2.7481730380048215
2423,training,0,0.04907783120870589,0.04088617299770978,23.25675861178815,6.311134145343406,2.759533486025433
2424,training,0,0.027212951332330704,0.04088617299770978,23.238287211350837,6.318510171027122,2.761755808952884
2425,training,0,0.004815638065338135,0.04088617299770978,23.201154200076328,6.333454084601655,2.7529326120553748
2426,training,0,0.04468038305640222,0.04302189528157738,23.164219531371245,6.348876963601598,2.739296486774048
2427,training,0.007358113,0.05984770134091377,0.04302189528157738,23.127454656466153,6.364734635138611,2.729545529910405
2428,training,0,0.011943474411964403,0.04302189528157738,23.09083400525898,6.381005021378324,2.7164648392965693
2429,training,0,0.0015563108026981284,0.04302189528157738,23.072669105158624,6.3892972481892825,2.710457380768937
2430,training,0,0.034403629601001726,0.04302189528157738,23.036406244389738,6.406210930184815,2.7002210408502085
2431,training,0,0.00027019158005714417,0.04302189528157738,23.000213810723935,6.423528360424631,2.6893917263389993
2432,training,0,0.019299086183309562,0.020997042897053567,22.96440511130987,6.441160731091721,2.678518844675521
2433,training,0,0.025236912071704865,0.020997042897053567,22.928589841710128,6.459293823757019,2.666627380183789
2434,training,0,0.02392401546239853,0.020997042897053567,22.89308417417693,6.4778591365799425,2.6527946779244176
2435,training,0,0.005136363208293929,0.020997042897053567,22.857917708885473,6.496844976714449,2.640400862998886
2436,training,0,0.04358973726630211,0.020997042897053567,22.822739836572577,6.516395180952787,2.628101752399085
2437,training,0,0.0437223706394434,0.020997042897053567,22.78810004948485,6.536229812920429,2.615171244314782
2438,training,0.003224672,0.07291028089821339,0.01544655781249011,22.736305772120694,6.567018187054791,2.5950599751562122
2439,training,0.0029838788,0.14601364731788635,0.01544655781249011,22.6854115818702,6.598734148849236,2.572928082944068
2440,training,0.005004501,0.08942367136478424,0.01544655781249011,22.66852021678069,6.609638237643287,2.5631355604205543
2441,training,0.048900526,0.13193576782941818,0.01544655781249011,22.61858356745183,6.6432092846814745,2.53768457384994
2442,training,0.003537248,0.17388921603560448,0.01544655781249011,22.569476733318286,6.678061847463591,2.510470180463407
2443,training,0.0064204973,0.3014480322599411,0.027580349500309156,22.537377662828717,6.701991404896643,2.489682270898613
2444,training,0.009141674,0.35946571081876755,0.027580349500309156,22.50579579764482,6.726864306363244,2.454426989999884
2445,training,0.001766732,0.41962338984012604,0.027580349500309156,22.490384783844828,6.739794874907935,2.4306424239226203
2446,training,0.007580146,0.2967815659940243,0.027580349500309156,22.460516983829283,6.7670275865969876,2.3701167405897836
2447,training,0.0057122046,0.26116152107715607,0.027580349500309156,22.446351263264646,6.781228745947338,2.3420041365807727
2448,training,0.0116073005,0.14882219955325127,0.027580349500309156,22.405731779463974,6.825826349148695,2.287775811452432
2449,training,0.002000081,0.2503325007855892,0.07506771420068657,22.39260245551901,6.8410098790964575,2.2799255234983837
2450,training,0.0038135038,0.2844555862247944,0.07506771420068657,22.366621163601824,6.871728871951186,2.2670059302215604
2451,training,0.04131448,0.29996500443667173,0.07506771420068657,22.341188319121997,6.902411708687768,2.259608654985934
2452,training,0.008302374,0.2796176318079233,0.07506771420068657,22.315764894064635,6.933415614024103,2.256460114844588
2453,training,0.071247555,0.26428229734301567,0.07506771420068657,22.290486388050148,6.964323001628575,2.257834383105951
2454,training,0.0092842635,0.3309614062309265,0.07506771420068657,22.265102019894154,6.995040671571304,2.2657078048043156
2455,training,0.0036472427,0.30870211124420166,0.07506771420068657,22.239296520142428,7.02574454378469,2.2745572819167403
2456,training,0.0057984325,0.3496905257925392,0.16963257418204847,22.213469702657097,7.0559457229048945,2.2813108755677263
2457,training,0.004933459,0.46641998738050455,0.16963257418204847,22.187158068667312,7.085598429874943,2.32704355908634
2458,training,0.0018536134,0.40843610558658844,0.16963257418204847,22.159215256722984,7.113085654129998,2.406367292240403
2459,training,0.0038038408,0.42980504781007767,0.16963257418204847,22.129182511549796,7.13795682475478,2.492239435645204
2460,training,0.008065896,0.3179277330636978,0.20663614310411904,22.097081554594816,7.160439235456477,2.5648654913506173
2461,training,0.0054438254,0.28162966668605804,0.20663614310411904,22.063275326711842,7.181013803460184,2.6206957239177524
2462,training,0.018030193,0.2022891491651535,0.20663614310411904,22.02841208657536,7.1999719308965995,2.6665323478837197
2463,training,0.0044120266,0.13703605346381664,0.20663614310411904,21.992863320077593,7.217384980430579,2.701612210077377
2464,training,0.011205269,0.10143371764570473,0.20663614310411904,21.956611468544413,7.233855461784229,2.7269956026631688
2465,training,0.024674896,0.1070950450375676,0.20190665353685425,21.920022680454423,7.249501743644375,2.7474659436999542
2466,training,0.0063526174,0.09350944310426713,0.20190665353685425,21.883097323003938,7.264399408855935,2.7687149934167903
2467,training,0,0.030894290655851357,0.20190665353685425,21.845922726450556,7.278541184197323,2.787002198148859
2468,training,0,0.0471477210521698,0.20190665353685425,21.80842294745405,7.292133418558721,2.798779430923982
2469,training,0.0071094446,0.058892229571938515,0.20190665353685425,21.77085247123948,7.305360784970717,2.8056158965286904
2470,training,0.0070922263,0.05378406308591366,0.20190665353685425,21.73307618324864,7.318442932750696,2.8105891459246606
2471,training,0.020428233,0.10095575638115406,0.15734963178795044,21.676436892873433,7.337738188688649,2.8115583375134983
2472,training,0.015641332,0.09178528748452663,0.15734963178795044,21.63859315285397,7.350793465071404,2.8069750070443384
2473,training,0,0.02195374295115471,0.15734963178795044,21.619716272684823,7.357368389564651,2.8052949817785824
2474,training,0,0.04030613414943218,0.15734963178795044,21.58202261136711,7.370623576235413,2.800280423303465
2475,training,0,0.025364662054926157,0.15734963178795044,21.544375920462723,7.384178156161536,2.7914014791312645
2476,training,0,0.027694987133145332,0.15734963178795044,21.525578431748436,7.391058653053051,2.7903657619069415
2477,training,0.008711945,0.082712659612298,0.11605432472691682,21.469350713718,7.411655597075773,2.7895826014781027
2478,training,0.008916639,0.08270020596683025,0.11605432472691682,21.394365959493157,7.4397912637891075,2.77286953253367
2479,training,0,0.04952288093045354,0.11605432472691682,21.37586618227874,7.446988815456371,2.7680646021570463
2480,training,0.0062665027,0.07331818155944347,0.11605432472691682,21.338651941935705,7.46163066058386,2.7657718306369827
2481,training,0,0.02638908103108406,0.11605432472691682,21.320080706528515,7.46895761867069,2.765214978099151
2482,training,0,0.01499180868268013,0.11605432472691682,21.28294237160147,7.483761686134967,2.756608359356749
2483,training,0,0.020715083926916126,0.07822089216601474,21.2459290926099,7.499029842832603,2.7447764012932807
2484,training,0,0.012065883725881577,0.07822089216601474,21.209087486176823,7.51460101050866,2.7394345638900557
2485,training,0.0036321096,0.05146082490682602,0.07822089216601474,21.172350491798447,7.530392885892021,2.730139256526439
2486,training,0.007891671,0.09703601151704788,0.07822089216601474,21.13577507695423,7.5465022675833575,2.7251836006565937
2487,training,0.0057695755,0.12463730946183205,0.07822089216601474,21.08094527116124,7.570859523109356,2.7197949786140265
2488,training,0,0.045681653544306755,0.07822089216601474,21.062724854931265,7.579048548780879,2.7194002921761538
2489,training,0,0.023376990109682076,0.05380322019740459,21.026311066442652,7.595348875558051,2.7199359143482886
2490,training,0,0.0040359869599342416,0.05380322019740459,21.008015874937104,7.603575174878584,2.717451023171259
2491,training,0.00864213,0.0534161813557148,0.05380322019740459,20.95357614592986,7.628671130906997,2.7007336190678806
2492,training,0,0.015323024243116379,0.05380322019740459,20.917418486275242,7.64594692264411,2.6925841321174167
2493,training,0,0.02382119745016098,0.05380322019740459,20.881413076061044,7.663433805975809,2.6855574143907726
2494,training,0,0.043382612988352776,0.05380322019740459,20.845642016028947,7.681105345073446,2.679733942117695
2495,training,0.0055285683,0.06377027928829193,0.03386559786391919,20.80975986790222,7.699052160763179,2.6756025477656067
2496,training,0.009625203,0.055283791152760386,0.03386559786391919,20.774187150503273,7.717150502266735,2.6652962814303964
2497,training,0.0053831916,0.06610297411680222,0.03386559786391919,20.738700050832847,7.735717090129199,2.6529551121788937
2498,training,0.02586748,0.13206631876528263,0.03386559786391919,20.703328493388536,7.754904871292322,2.633650838332824
2499,training,0.0060186544,0.11144963279366493,0.03386559786391919,20.66862483205421,7.774722655192646,2.6114351935741325
2500,training,0,0.013635209761559963,0.03386559786391919,20.634119899758627,7.795382197194399,2.5950575771385584
2501,training,0,0.04011057317256927,0.03260408607487138,20.59999613805718,7.8162818707147625,2.591489468870066
2502,training,0.007244182,0.07417382672429085,0.03260408607487138,20.565961203374357,7.837143310659395,2.5920629582357964
2503,training,0,0.009227165952324867,0.03260408607487138,20.531716469384797,7.8580754197697225,2.594617245570423
2504,training,0,0.015525845810770988,0.03260408607487138,20.514731548518366,7.868390404979796,2.5971201311666565
2505,training,0,0.02826476655900479,0.03260408607487138,20.480577839346164,7.888933449158952,2.6025035351073393
2506,training,0.009547884,0.05178011022508144,0.03260408607487138,20.428961407252515,7.919600465234918,2.608530939576422
2507,training,0,0.011829527094960216,0.03787566076257852,20.39460320604812,7.939785889505026,2.6120359283119305
2508,training,0.0014408791,0.051099520176649094,0.03787566076257852,20.359951323927536,7.960007984423881,2.6147480130073912
2509,training,0,0.04997800663113594,0.03787566076257852,20.32548985981609,7.980012673110505,2.6162034112225
2510,training,0,0.026834201999008656,0.03787566076257852,20.29089976707625,8.0000863933326,2.6143185654180363
2511,training,0.0072070267,0.05357031896710396,0.03787566076257852,20.239103303884022,8.030415908256288,2.6093956477439146
2512,training,0.0025341741,0.12149495631456375,0.03787566076257852,20.204692760330122,8.050774991155262,2.6046539422997306
2513,training,0.008531969,0.07116132043302059,0.047308132312487074,20.153200322704908,8.081724747497177,2.596082482363627
2514,training,0.0074701463,0.15786080807447433,0.047308132312487074,20.102025707371244,8.113250256357103,2.580953410748879
2515,training,0.0075345403,0.14794950187206268,0.047308132312487074,20.085012895593337,8.124004921350105,2.574940350791556
2516,training,0.0020971533,0.10244406387209892,0.047308132312487074,20.051500603221744,8.145599981648369,2.5646563734434404
2517,training,0.009276781,0.08639620058238505,0.047308132312487074,20.017971666405376,8.167538165560114,2.5608010257778457
2518,training,0.0023042127,0.07119990326464176,0.047308132312487074,19.984535876112183,8.189427748142807,2.563903186703623
2519,training,0.008153793,0.08237613737583159,0.06033459818432016,19.967858574519745,8.200260127485539,2.566965547868185
2520,training,0.00733146,0.06445876322686672,0.06033459818432016,19.93422806501508,8.221904838232472,2.571871816132098
2521,training,0.019013781,0.091733168810606,0.06033459818432016,19.900494660870102,8.243437944534854,2.5747080070139248
2522,training,0.001748249,0.13053086772561073,0.06033459818432016,19.866856799577914,8.264830873785105,2.574144539415212
2523,training,0.003264653,0.11724505387246609,0.06033459818432016,19.833036954786305,8.286458481700219,2.57116733267003
2524,training,0.013984031,0.1607383405789733,0.06033459818432016,19.816206563770958,8.297266465352688,2.57049414484705
2525,training,0.0052018063,0.13974562101066115,0.07266583931791915,19.782698408904043,8.318817588184396,2.5700038353145715
2526,training,0.0029713484,0.07930336333811284,0.07266583931791915,19.732098491077142,8.351265080469815,2.5737492248725156
2527,training,0.0035514627,0.11488392204046251,0.07266583931791915,19.71533354539867,8.361936942740396,2.575024034325756
2528,training,0.003944655,0.11452596262097357,0.07266583931791915,19.681616008944122,8.383333209498584,2.576683949604275
2529,training,0.0026538447,0.14325119368731976,0.07266583931791915,19.647712318079034,8.40481196035697,2.577325829197588
2530,training,0.002708003,0.12080790381878614,0.07266583931791915,19.61406500539948,8.426088373151853,2.577643719338731
2531,training,0.0055240504,0.1039644880220294,0.08836861636210143,19.580203774784604,8.447487885962055,2.578276175881224
2532,training,0.006502647,0.13957250118255615,0.08836861636210143,19.546386081027446,8.46881446430138,2.5798480611927896
2533,training,0.0049693915,0.10032514855265616,0.08836861636210143,19.512611637277594,8.490016826274184,2.582225105049668
2534,training,0.005386767,0.10160066932439804,0.08836861636210143,19.47857048920724,8.511266085810513,2.5853195710335086
2535,training,0.0036950896,0.11681298911571503,0.08836861636210143,19.44472367003557,8.532220055205316,2.589197614572916
2536,training,0.00088099914,0.054802253842353835,0.08836861636210143,19.410633814846616,8.553096090372318,2.595230013032268
2537,training,0.0039518224,0.07660995796322823,0.10354451024235968,19.376376532360787,8.573785866190152,2.6022150152793806
2538,training,0.0009896447,0.06234543025493622,0.10354451024235968,19.34219925949794,8.593797868221673,2.6242182643530283
2539,training,0,0.005987092852592475,0.10354451024235968,19.30725090005557,8.61315719851807,2.647187525664842
2540,training,0,0.015883043408393874,0.10354451024235968,19.289565854983685,8.622612990180247,2.653601664073178
2541,training,0,0.014825016260147095,0.10354451024235968,19.25435303150008,8.641024190840547,2.6666749595764836
2542,training,0,0.03257921524345875,0.10354451024235968,19.218657475043535,8.659055126882915,2.6801301747608384
2543,training,0,0.02406921423971653,0.10729411272264093,19.18290154180422,8.676622908683356,2.6899660354077755
2544,training,0,0.0065545812249183655,0.10729411272264093,19.146949098254147,8.693801020437867,2.7012732410590354
2545,training,0,0.022753201425075524,0.10729411272264093,19.11072593114771,8.710680820283798,2.7079655544150834
2546,training,0,0.023070538416504856,0.10729411272264093,19.074508652180835,8.727304198424882,2.7162399417583916
2547,training,0,0.011033471673727036,0.10729411272264093,19.038023288394953,8.743574180427402,2.726158680418057
2548,training,0,0.013786366209387783,0.10729411272264093,19.00149059479683,8.759598226070075,2.7302969048383927
2549,training,0,0.010782817378640175,0.08480498898597792,18.964893242759995,8.775413604779624,2.7364635250357776
2550,training,0,0.04916030913591385,0.08480498898597792,18.928178943424783,8.791047278671114,2.741127224270513
2551,training,0,0.020095380023121834,0.08480498898597792,18.89142275608307,8.806519557803435,2.7422971779443808
2552,training,0,0.026507670059800148,0.08480498898597792,18.85459850860161,8.822137129662355,2.739796018534676
2553,training,0,0.043991646729409695,0.08480498898597792,18.817847335420588,8.837766099373185,2.7384819686173434
2554,training,0,0.033565806632395834,0.08480498898597792,18.78113288447921,8.853434651362532,2.7372559894994244
2555,training,0.008502229,0.061595505103468895,0.06760112762471623,18.726024714219125,8.877079751859021,2.734925933819683
2556,training,0,0.017568261362612247,0.06760112762471623,18.689406166511578,8.892881153672334,2.7323047563709078
2557,training,0,0.04215546790510416,0.06760112762471623,18.67106047293071,8.900850684040961,2.732154107477853
2558,training,0.011843534,0.07599709928035736,0.06760112762471623,18.616024713738813,8.924707446885305,2.730776388358415
2559,training,0.009129062,0.09466711338609457,0.06760112762471623,18.579440168842474,8.940735510181796,2.7251839378978966
2560,training,0,0.04789723828434944,0.06760112762471623,18.54287880325943,8.957027568447344,2.7200557894239825
2561,training,0.005143774,0.07647331850603223,0.04450319258813514,18.506451587976922,8.97332375405902,2.723533321162311
2562,training,0.017091712,0.05096442438662052,0.04450319258813514,18.469888281051286,8.989361690732176,2.7347487238898363
2563,training,0,0.012233557179570198,0.04450319258813514,18.43318554979392,9.004960408366276,2.741308275318245
2564,training,0,0.03840922564268112,0.04450319258813514,18.39644532303683,9.020518772500075,2.7394833821814664
2565,training,0,0.01992371305823326,0.04450319258813514,18.378014966385237,9.02837084597838,2.7381087940302984
2566,training,0,0.00458317436277866,0.04450319258813514,18.34130254782954,9.044138636496292,2.732993739688217
2567,training,0,0.019510645419359207,0.028863471894818155,18.30468345962636,9.060074582363857,2.7291877890267924
2568,training,0,0.009797526523470875,0.028863471894818155,18.268024422404,9.076184347579634,2.725276809896104
2569,training,0,0.024493668228387833,0.028863471894818155,18.23154160499567,9.092433416989056,2.72019070408569
2570,training,0,0.01244250824674964,0.028863471894818155,18.195093073475878,9.108828115115273,2.717537382501676
2571,training,0,0.0017845164984464628,0.028863471894818155,18.158670881629643,9.12534071839318,2.713309954744816
2572,training,0,0.009572796989232302,0.028863471894818155,18.122386787906876,9.141980240400244,2.7099808211380485
2573,training,0,0.004910636693239212,0.01635459247702483,18.08602676706067,9.158778209771414,2.7074867498587127
2574,training,0,0.023158466443419456,0.01635459247702483,18.049821878380726,9.175651954239946,2.7031595518358724
2575,training,0,0.0010133245959877968,0.01635459247702483,18.01370125616445,9.192622243506095,2.7015884806634056
2576,training,0,0.01627167221158743,0.01635459247702483,17.977497848916613,9.209683153331774,2.7003041958380685
2577,training,0,0.01256529102101922,0.01635459247702483,17.94141600664039,9.226728195934495,2.7003368007541693
2578,training,0,0.01728451251983642,0.01635459247702483,17.90524122237382,9.243774748166055,2.7023674876438744
2579,training,0,0.013216753955930471,0.0065062301405893665,17.869079867709882,9.260725496133734,2.7039463682597575
2580,training,0,0.04478282481431961,0.0065062301405893665,17.83294271532528,9.277529980851925,2.708572668229712
2581,training,0,0.04157567396759987,0.0065062301405893665,17.796583975140543,9.294225681187944,2.7135699308023646
2582,training,0.002465494,0.11253229156136513,0.0065062301405893665,17.742097271063304,9.31880164037542,2.7238416465403676
2583,training,0.0068759015,0.11809488385915756,0.0065062301405893665,17.705493347784262,9.33482237540643,2.7341105043060367
2584,training,0.015895955,0.20902668684720993,0.0065062301405893665,17.650446271629644,9.35797154410423,2.757355897946133
2585,training,0.004648407,0.26473328471183777,0.010741657372673472,17.613439254136676,9.372192228159873,2.7923526040603184
2586,training,0.056978278,0.28314337879419327,0.010741657372673472,17.575937270474753,9.385046407652391,2.8317420100925226
2587,training,0.001086184,0.1729336977005005,0.010741657372673472,17.537863949352396,9.396363146374885,2.8741230417826578
2588,training,0.022232126,0.1602071076631546,0.010741657372673472,17.518739581329527,9.40140843703037,2.8892428660058074
2589,training,0.009046603,0.1968399919569492,0.010741657372673472,17.480053103821646,9.411083256068112,2.9009760514453795
2590,training,0.018205093,0.16547553986310962,0.010741657372673472,17.44110380530132,9.42057470556028,2.903064100960087
2591,training,0.005221364,0.1493078749626875,0.04521074446670777,17.402430034813406,9.429998733315546,2.9014449193189953
2592,training,0.004317007,0.21548157744109633,0.04521074446670777,17.36350325360216,9.439536092148233,2.9013519171083044
2593,training,0.009231961,0.2745176404714584,0.04521074446670777,17.32471896653784,9.448996228751758,2.902979631042238
2594,training,0.0042238142,0.20421067252755165,0.04521074446670777,17.28593452511663,9.458394275895499,2.904406130599298
2595,training,0.0034307924,0.25360678136348724,0.04521074446670777,17.246924638997463,9.467786967110213,2.906470501228576
2596,training,0.0013661098,0.32310846075415617,0.04521074446670777,17.208236763087715,9.476991478226394,2.908954820096017
2597,training,0.0046001207,0.3119365815073252,0.09064617905021664,17.1692876667133,9.486140556389154,2.913276825708314
2598,training,0.007739526,0.2997617181390524,0.09064617905021664,17.130314328747307,9.495071670369041,2.9197044032414947
2599,training,0.0049922355,0.2739451974630356,0.09064617905021664,17.091433281529596,9.503729030715082,2.924653729099413
2600,training,0.0022741861,0.25816576555371284,0.09064617905021664,17.052237964707793,9.51230753630592,2.926655173311981
2601,training,0.012467503,0.23912929743528372,0.09064617905021664,17.01327008877683,9.520825955356766,2.925344764814594
2602,training,0.010348242,0.25819843262434006,0.09064617905021664,16.97420811435257,9.529515006806056,2.918769186594727
2603,training,0.0025252574,0.2238031998276711,0.1376431774575392,16.93505478093011,9.538579924035233,2.9083617416797938
2604,training,0.0277884,0.19056865572929382,0.1376431774575392,16.89611668854837,9.54829604987379,2.87492362504021
2605,training,0.0034910967,0.27899566292762756,0.1376431774575392,16.857341838212392,9.560007831613346,2.821959808106148
2606,training,0.0038785539,0.1358349360525608,0.1376431774575392,16.819322499728756,9.573695420839654,2.7679037870970418
2607,training,0.0027026015,0.2627529725432396,0.1376431774575392,16.782437912401793,9.5892868566427,2.7210438197441356
2608,training,0.006136274,0.25521615147590637,0.15379970760258804,16.74607820300911,9.606279602344053,2.6869849617331236
2609,training,0.005759907,0.19748631119728088,0.15379970760258804,16.710103699426526,9.624662003983588,2.650591135694766
2610,training,0.019151675,0.22082773968577385,0.15379970760258804,16.657661108288842,9.654213297114168,2.613656574811872
2611,training,0.044690054,0.23637035861611366,0.15379970760258804,16.64036932982972,9.664357148997178,2.6085497972506366
2612,training,0.0062983707,0.17859399691224098,0.15379970760258804,16.605840783245565,9.684949522283262,2.5995338589380887
2613,training,0.006065429,0.1516491360962391,0.15379970760258804,16.571773683427658,9.705645295464194,2.591773948736235
2614,training,0.011045739,0.1194000318646431,0.13314031027184983,16.537641333433662,9.72673042067849,2.584731498158214
2615,training,0.0021901168,0.2386524397879839,0.13314031027184983,16.503794072578792,9.747931334449923,2.5819399320978005
2616,training,0.014348793,0.21047247294336557,0.13314031027184983,16.469946394419168,9.769012423860975,2.584041894411301
2617,training,0.0019488035,0.16651256754994392,0.13314031027184983,16.419023106211313,9.80088007027812,2.58331060804086
2618,training,0.011423331,0.17273347917944193,0.13314031027184983,16.385186532119544,9.821920802819447,2.588177601765358
2619,training,0,0.023916698992252364,0.13314031027184983,16.350993224320163,9.842935200652741,2.590873437065856
2620,training,0,0.024693034589290605,0.09177654067018146,16.33398363969697,9.853393777286067,2.590633172618672
2621,training,0,0.010242238640785217,0.09177654067018146,16.29998074782003,9.873927393049964,2.605926674894305
2622,training,0,0.029446851462125778,0.09177654067018146,16.26540096140471,9.89403984618346,2.625019998869991
2623,training,0,0.03623361885547639,0.09177654067018146,16.24792474852261,9.903896123271217,2.6299128074102764
2624,training,0.015122422,0.05762390792369841,0.09177654067018146,16.195625137438334,9.932614920130575,2.6533250039387037
2625,training,0,0.038413599133491516,0.09177654067018146,16.16017972786467,9.951007650204213,2.672130080031202
2626,training,0,0.037571470253169544,0.06278223938014138,16.124583494665835,9.968660893299772,2.689224367170886
2627,training,0,0.04341580718755722,0.06278223938014138,16.08852003884684,9.985898206553797,2.701082638541053
2628,training,0,0.020436659455299377,0.06278223938014138,16.070525585857016,9.994335181911492,2.7059002879169056
2629,training,0,0.029652439057826996,0.06278223938014138,16.034307191259906,10.01088209440439,2.7202497568485526
2630,training,0,0.03221570700407028,0.06278223938014138,15.997761342743473,10.026934590309056,2.733850574327451
2631,training,0,0.012868225574493408,0.06278223938014138,15.961109730601608,10.042573212034887,2.743375445934718
2632,training,0,0.012486211955547333,0.04095247879146992,15.924282170442254,10.057761219364394,2.758304635107342
2633,training,0,0.026357859373092644,0.04095247879146992,15.887219758963072,10.072372935159287,2.772249972990539
2634,training,0,0.042058564722537994,0.04095247879146992,15.849877974882425,10.086580988308611,2.7835308860496393
2635,training,0,0.032451298087835305,0.04095247879146992,15.81245876490569,10.10029037981941,2.7976209549442594
2636,training,0,0.026866585016250603,0.04095247879146992,15.774931756525282,10.113451334621468,2.8116210352013566
2637,training,0,0.02016676589846611,0.04095247879146992,15.73704000717637,10.126083546787235,2.8282338869106596
2638,training,0,0.0003909096121788025,0.01766518062832602,15.699128416804431,10.138020980386857,2.843011999957768
2639,training,0,0.007452186197042465,0.01766518062832602,15.660866283717516,10.149567786698125,2.8529290872237367
2640,training,0,0.02984432876110077,0.01766518062832602,15.622517904359901,10.160782046722101,2.8610990847973596
2641,training,0,0.00815656408667565,0.01766518062832602,15.584251023213053,10.171674224294414,2.8674816522758317
2642,training,0.0064430954,0.054858386516571045,0.01766518062832602,15.526372390062475,10.187568595998028,2.8812708368665962
2643,training,0.00611756,0.11562440544366837,0.01766518062832602,15.487921655461816,10.197582470239565,2.893287930524336
2644,training,0.0076108687,0.15761008858680725,0.013118176387888055,15.449076586308031,10.20707080899666,2.9138118996016007
2645,training,0.007435911,0.08900785073637962,0.013118176387888055,15.390854377405203,10.219297386355276,2.9576485278477787
2646,training,0.0052055875,0.08382577821612358,0.013118176387888055,15.35151914048852,10.226124950100699,2.9813467780691787
2647,training,0,0.028460228815674782,0.013118176387888055,15.331703861550208,10.229234529435116,2.9897581672425355
2648,training,0,0.012504737824201584,0.013118176387888055,15.292348068825572,10.235110630614145,2.9941068910596216
2649,training,0,0.014041475951671599,0.013118176387888055,15.252714353862057,10.240998306873953,2.993761943070541
2650,training,0,0.01901104301214218,0.029051308441564127,15.23290829964874,10.243954157187373,2.9926654585579233
2651,training,0,0.017676711082458493,0.029051308441564127,15.193476856337133,10.2498884196939,2.991703304816574
2652,training,0,0.026860669255256653,0.029051308441564127,15.153882414497083,10.255861037378217,2.9922797916015487
2653,training,0.0037558824,0.06802069395780565,0.029051308441564127,15.094638747948006,10.264741713764542,2.993254441771834
2654,training,0,0.04352623969316483,0.029051308441564127,15.055055833100326,10.270638708950175,2.9932596020230218
2655,training,0,0.04243608005344868,0.029051308441564127,15.015471354253263,10.27655940418577,2.9926494024331767
2656,training,0,0.034865690395236015,0.04835770676830599,14.995786398242991,10.279527978447517,2.990682616172696
2657,training,0.008281119,0.06538278516381979,0.04835770676830599,14.936347624029345,10.288885272269923,2.9778488505731513
2658,training,0,0.036636445671319955,0.04835770676830599,14.896975551603587,10.295625967242907,2.9661921653938625
2659,training,0.011541807,0.05089713633060455,0.04835770676830599,14.85756946099108,10.302892981810507,2.9508778774948623
2660,training,0.0117083015,0.0631516594439745,0.04835770676830599,14.81810431467848,10.31085337708983,2.9349655063557405
2661,training,0.0031738437,0.05059487372636795,0.04835770676830599,14.739952927051322,10.328514043010703,2.902330684177032
2662,training,0.0062827584,0.09234541468322277,0.009381032200256262,14.701042864603881,10.338369155848216,2.8824211207990986
2663,training,0,0.03003316372632981,0.009381032200256262,14.662406410014944,10.34915167823425,2.8564446113864825
2664,training,0,0.04064367339015007,0.009381032200256262,14.643102591896414,10.35493198181282,2.8456384833965878
2665,training,0,0.007714293897151947,0.009381032200256262,14.623901558192507,10.360869927631885,2.8377726631312052
2666,training,0.0030375528,0.05237553641200065,0.009381032200256262,14.566903911174581,10.37953660156291,2.811268626158125
2667,training,0,0.007928058505058289,0.009381032200256262,14.547900024906678,10.386158384692237,2.8010590461392737
2668,training,0,0.028849206864833832,0.06683476609028614,14.510205827340677,10.399897576537109,2.7834237355854956
2669,training,0,0.025191031396389,0.06683476609028614,14.472877474260297,10.414182256682835,2.768632967612377
2670,training,0.0053202994,0.08560873568058013,0.06683476609028614,14.435641783139959,10.428926093757713,2.7611830019713666
2671,training,0.005097549,0.08949013613164425,0.06683476609028614,14.38006899523253,10.45132314029608,2.755858747575024
2672,training,0.003946695,0.09122391045093536,0.06683476609028614,14.361520309146568,10.4588725715862,2.7544201086935347
2673,training,0,0.007831275463104248,0.06683476609028614,14.324525047878618,10.473977427927565,2.752930353376571
2674,training,0.0050857645,0.0649978369474411,0.1493651324245618,14.287596069900752,10.489216523365736,2.7456438199993123
2675,training,0,0.03291435539722441,0.1493651324245618,14.2506765033724,10.504933286934675,2.728717130145109
2676,training,0.0008701817,0.11836741864681247,0.1493651324245618,14.214066488135469,10.52140020269281,2.709152978435964
2677,training,0.009048963,0.09830333292484283,0.1493651324245618,14.177758429959844,10.538935534232891,2.6723495379703697
2678,training,0,0.01839154213666916,0.1493651324245618,14.142290770241624,10.557646765426272,2.640984923915237
2679,training,0,0.004501268267631545,0.1493651324245618,14.12470499071123,10.567382100095001,2.631497340997331
2680,training,0,0.013010397553443923,0.09817095200151786,14.089753066366187,10.587359647041579,2.6116828255891624
2681,training,0,0.002162240445613875,0.09817095200151786,14.055491322622485,10.607925743199564,2.5903281990320512
2682,training,0,0.024503909051418304,0.09817095200151786,14.021410932019975,10.629367470562947,2.56988372828062
2683,training,0.0021053834,0.09011034667491916,0.09817095200151786,13.98793171745921,10.65138823405564,2.54873422660127
2684,training,0,0.028666850179433816,0.09817095200151786,13.954926852972438,10.674255628189183,2.519368343111761
2685,training,0.0008110598,0.07919259369373322,0.09817095200151786,13.90654526319212,10.710526696198036,2.485903254852014
2686,training,0,0.04337937384843826,0.09817095200151786,13.890815522768623,10.72266052700987,2.483601402103512
2687,training,0.002851633,0.08244513347744942,0.06190832501216213,13.843412687233398,10.759660556201686,2.4702673724164006
2688,training,0.004283907,0.055104374885559096,0.06190832501216213,13.81227804507742,10.784604756648276,2.4625722053721804
2689,training,0.0038070884,0.09283805266022682,0.06190832501216213,13.781192967478397,10.809927419234011,2.451369967315531
2690,training,0,0.025498270988464355,0.06190832501216213,13.750456135247703,10.835603324636791,2.4412325770425
2691,training,0,0.0029553957283496857,0.06190832501216213,13.720045562823453,10.861458053768159,2.4322942036523476
2692,training,0,0.042222391813993454,0.06190832501216213,13.70485177792023,10.874554890760434,2.428065586954614
2693,training,0,0.020060658454895026,0.06190832501216213,13.674690398746765,10.900830661528358,2.4219779652836664
2694,training,0,0.035580068826675415,0.02830786627048209,13.644743426252825,10.927270270811828,2.413097537281173
2695,training,0.005538943,0.07794687524437904,0.02830786627048209,13.60026981002276,10.96768866625185,2.39458205409246
2696,training,0,0.009381210431456566,0.02830786627048209,13.571056811415925,10.99503559139129,2.38342472667549
2697,training,0,0.0033089108765125275,0.02830786627048209,13.556544740844952,11.00882240626919,2.380832496501293
2698,training,0.036583714,0.08881214610300958,0.02830786627048209,13.513120799544343,11.050059156302897,2.3867567151187905
2699,training,0.004520935,0.0775871891528368,0.02830786627048209,13.469269395345338,11.090556373907743,2.4074312918381198
2700,training,0.008661224,0.08068039640784264,0.02830786627048209,13.439460641381496,11.116880597363197,2.429729866888432
2701,training,0.0155678075,0.06306615844368935,0.009843044595497294,13.409128986903724,11.142437160474293,2.4529829227601434
2702,training,0.0128870495,0.13734979927539825,0.009843044595497294,13.378004671777921,11.167405870955484,2.478751694885392
2703,training,0.012343068,0.10128375887870789,0.009843044595497294,13.330360861219365,11.203088847596476,2.5173935010801567
2704,training,0,0.025963932275772095,0.009843044595497294,13.314101895130214,11.214648148836787,2.5296905575270476
2705,training,0.009291011,0.07335726171731949,0.009843044595497294,13.281165062244042,11.237228708929436,2.550959371495068
2706,training,0,0.032460667192935944,0.009843044595497294,13.247993995043293,11.259046035928387,2.567480741919671
2707,training,0,0.019090341404080394,0.009843044595497294,13.231177235909373,11.269838945140306,2.574314243636464
2708,training,0,0.02881831303238869,0.04692359886528344,13.197286938421597,11.291190200780306,2.584719961736274
2709,training,0,0.011727338656783104,0.04692359886528344,13.163495007520291,11.31214739535062,2.5868147646875017
2710,training,0.0050110463,0.08407114446163177,0.04692359886528344,13.112389376044911,11.34389115854306,2.584491262834803
2711,training,0.04046127,0.10471376031637192,0.04692359886528344,13.07860077662968,11.36488399927364,2.587687048210907
2712,training,0.003275043,0.058007385581731796,0.04692359886528344,13.044491643188625,11.385769079500008,2.599802346583849
2713,training,0.008437424,0.05800299346446991,0.04692359886528344,13.010172492572114,11.406039029203038,2.6174249745348317
2714,training,0.004646106,0.06924033910036087,0.07892784902193074,12.975568596083992,11.425631782308724,2.634007779655669
2715,training,0,0.022061787545680993,0.07892784902193074,12.958043577298621,11.43529954577325,2.640552082608553
2716,training,0,0.011539110913872715,0.07892784902193074,12.922946084873965,11.454410583416156,2.6439882585587675
2717,training,0,0.024487649090588093,0.07892784902193074,12.887895289140209,11.473386359176875,2.6464684987521374
2718,training,0,0.02104923501610756,0.07892784902193074,12.870260941908958,11.482895085188769,2.647760837097575
2719,training,0,0.01344189606606961,0.07892784902193074,12.835033640850853,11.50180955948579,2.6494691251833022
2720,training,0.042138964,0.051339041441679,0.07894034677248551,12.782204408236469,11.529949345902848,2.6542950804765684
2721,training,0,0.022432131692767143,0.07894034677248551,12.746841069660839,11.548683185731997,2.6533272913002643
2722,training,0,0.03232214413583279,0.07894034677248551,12.711636398066132,11.567358669389892,2.65435116306753
2723,training,0,0.041864365339279175,0.07894034677248551,12.693949704999039,11.576711295195196,2.656135476075106
2724,training,0,0.030431300401687622,0.07894034677248551,12.658578713836123,11.595291396045052,2.659740116825869
2725,training,0,0.032927803695201874,0.07894034677248551,12.62323394777769,11.613609990032797,2.667141473628893
2726,training,0,0.024092441424727447,0.04159441254947404,12.587572257486142,11.631745708121569,2.6748980056325258
2727,training,0,0.010824557393789291,0.04159441254947404,12.551903138796467,11.649597253757507,2.679909960458992
2728,training,0,0.017279839143157005,0.04159441254947404,12.516154340690871,11.66722251427399,2.687252204787833
2729,training,0,0.0008436739444732666,0.04159441254947404,12.480235943757322,11.684602811863963,2.694297875311526
2730,training,0,0.016994331032037728,0.04159441254947404,12.444201947201012,11.701678582114113,2.7045071377237075
2731,training,0.011406094,0.06021596863865852,0.04159441254947404,12.389776653421706,11.726381540444338,2.7262019042375103
2732,training,0.007032143,0.11084546521306038,0.01763687536671727,12.353166572820625,11.74217953029888,2.743685450913074
2733,training,0.009949872,0.08116009831428528,0.01763687536671727,12.297860989686344,11.764269636495737,2.7801642076188395
2734,training,0.0024291219,0.06856632977724075,0.01763687536671727,12.241565330785184,11.784413616351907,2.8155803982570236
2735,training,0,0.023534422740340233,0.01763687536671727,12.222666540516151,11.790670658504062,2.827465957679868
2736,training,0,0.01624713558703661,0.01763687536671727,12.184709177830163,11.802748132794237,2.8364085312102993
2737,training,0.004666362,0.07070211879909039,0.01763687536671727,12.146470129704172,11.814737933259337,2.8393191718490494
2738,training,0,0.044261492788791656,0.0035757766769466868,12.127418320975602,11.820652332724396,2.8410604636848387
2739,training,0,0.02703431993722916,0.0035757766769466868,12.089383651790595,11.832430017500641,2.8410716070784754
2740,training,0,0.012206947430968285,0.0035757766769466868,12.051082015777334,11.844296726597907,2.841125159668312
2741,training,0.004740879,0.0583580881357193,0.0035757766769466868,12.013044808174918,11.856047745020591,2.841725888580943
2742,training,0,0.04791506379842758,0.0035757766769466868,11.974849534681141,11.867854965324614,2.8415163611806165
2743,training,0,0.036363936960697174,0.0035757766769466868,11.936589956430241,11.87967185383969,2.8429361651524157
2744,training,0.004648416,0.06416133791208267,0.010354931449158618,11.898552430366111,11.89136627576948,2.843066250026792
2745,training,0.005050228,0.05084741488099098,0.010354931449158618,11.860245251863331,11.903139825772222,2.843816860585486
2746,training,0.005947808,0.09427112340927124,0.010354931449158618,11.80306723518851,11.920478624621369,2.8516406364858056
2747,training,0.0016687247,0.08540036529302597,0.010354931449158618,11.764674171512873,11.931780986620582,2.859408970735633
2748,training,0.0045227604,0.05725823692046106,0.010354931449158618,11.726314024729128,11.942696512375504,2.8688829274560432
2749,training,0.009289478,0.13595778495073318,0.010354931449158618,11.687901888691146,11.953235034942399,2.8788451605756373
2750,training,0.005733605,0.16098664700984955,0.004738036043360431,11.629865567382355,11.968284934913928,2.8990054787642037
2751,training,0.0012453429,0.15611779689788818,0.004738036043360431,11.571710480950383,11.981866330819281,2.9258966603012007
2752,training,0.011958085,0.15941914170980453,0.004738036043360431,11.532586027306184,11.990113440234662,2.941959130796184
2753,training,0.009029716,0.10294451005756855,0.004738036043360431,11.493570798799572,11.99771277064367,2.9551249266750585
2754,training,0.0061686076,0.06921017169952393,0.004738036043360431,11.454154709481717,12.004980845803907,2.9615315774484676
2755,training,0.0036739113,0.12033502012491226,0.03013736204719212,11.434469820584564,12.008552602093241,2.9616098123047556
2756,training,0.0059277546,0.11163254454731941,0.03013736204719212,11.395252460393518,12.01570981279673,2.9598346743988144
2757,training,0.0085596815,0.10801651328802109,0.03013736204719212,11.375559984722935,12.019338167503136,2.9586612432851807
2758,training,0.0072347005,0.12814486026763916,0.03013736204719212,11.336128316067699,12.026674377597201,2.9565560545350618
2759,training,0.0030192598,0.0700178686529398,0.03013736204719212,11.296960298444551,12.0340133658612,2.955667261987144
2760,training,0.011974516,0.08390454202890396,0.03013736204719212,11.257570026807144,12.041434845889377,2.954822268195668
2761,training,0.0007098617,0.06844056211411953,0.03013736204719212,11.198726144364235,12.052558160160634,2.9562987164610606
2762,training,0.0032152878,0.0669153705239296,0.04497604796778444,11.159360650269091,12.059854056873561,2.960500440307377
2763,training,0.0040212176,0.05087985098361969,0.04497604796778444,11.120040178521172,12.06692072731405,2.967082223689508
2764,training,0.016179094,0.08245331794023514,0.04497604796778444,11.080759393885678,12.073777556014562,2.969839332027531
2765,training,0.005113473,0.0848065186291933,0.04497604796778444,11.021574293769088,12.083646774908491,2.984529431443784
2766,training,0.006959374,0.16343810036778447,0.04497604796778444,10.982241166059291,12.089631854389681,2.995794845044456
2767,training,0.0037135966,0.14532581716775894,0.07587735240762873,10.942582311291307,12.095302493984986,3.001825823709995
2768,training,0.0038876897,0.13074025698006153,0.07587735240762873,10.903101084768307,12.100827276860876,3.0030271683682694
2769,training,0.0125279715,0.08177261240780352,0.07587735240762873,10.883343427891353,12.103570354520723,3.0038953851506407
2770,training,0.002397567,0.09183370694518089,0.07587735240762873,10.843641415435709,12.109049370315253,3.004730709825663
2771,training,0.0005235405,0.09514988958835602,0.07587735240762873,10.784382449412387,12.117148359197872,3.008203258737638
2772,training,0.004981037,0.11354498565196992,0.07587735240762873,10.724906950661369,12.124826103303615,3.018961076095117
2773,training,0.0052662967,0.09271383471786976,0.08487719932174484,10.685357390931102,12.129532539976339,3.0269621394212805
2774,training,0.0041863807,0.09710024297237396,0.08487719932174484,10.645600713854089,12.13396679172003,3.033662605686283
2775,training,0.0041700187,0.08362583257257938,0.08487719932174484,10.586129870639285,12.14016275788523,3.04268419451574
2776,training,0.0034754411,0.08824581094086169,0.08487719932174484,10.54632427840139,12.144016176720976,3.0471877656606874
2777,training,0.0487751,0.09353198111057283,0.08487719932174484,10.486740914931994,12.149500849850465,3.0531852096126597
2778,training,0.00482134,0.08184674754738809,0.07891423082203833,10.427063006585573,12.154552481052317,3.059587716530318
2779,training,0.0031925142,0.059615058824419975,0.07891423082203833,10.367339960922635,12.159403392770011,3.0613943437435873
2780,training,0.009091727,0.08040781691670416,0.07891423082203833,10.347384124789611,12.161002806178885,3.061077112345869
2781,training,0.0016153209,0.10685266368091106,0.07891423082203833,10.307552269284473,12.164310395468549,3.0551165969666148
2782,training,0.00716142,0.11338132992386818,0.07891423082203833,10.28762603209962,12.166068583345018,3.0519822050209506
2783,training,0.0028030952,0.08089567348361015,0.0747700678078423,10.267744140391892,12.167874376558448,3.049931367816045
2784,training,0.007893018,0.07749191671609877,0.0747700678078423,10.227860245462224,12.171600237928383,3.046711922826662
2785,training,0.0019553867,0.06466669030487537,0.0747700678078423,10.168264753509822,12.177442421348056,3.04199644020301
2786,training,0.0051950417,0.11757140420377254,0.0747700678078423,10.12841179978893,12.181460919505712,3.039461063692104
2787,training,0.0023060862,0.07499577663838862,0.0747700678078423,10.048988959346298,12.189925941421851,3.032552754851415
2788,training,0.0031571295,0.15233822539448738,0.05780166092242004,10.009229302102547,12.194324476284445,3.0291766694771907
2789,training,0.01992565,0.16695015877485272,0.05780166092242004,9.989364596345434,12.196565615939056,3.0290157874516317
2790,training,0.0077228956,0.18824309483170507,0.05780166092242004,9.949710505841065,12.201000501255866,3.031501367704268
2791,training,0.025958179,0.1706137079745531,0.05780166092242004,9.929798411480924,12.203192173489471,3.032194310507266
2792,training,0.0021323175,0.14725327678024772,0.05780166092242004,9.890088219195219,12.207567935419569,3.030330821645803
2793,training,0.0103315925,0.1499698925763369,0.05780166092242004,9.850412113674839,12.212037901315561,3.027823814430535
2794,training,0.013329389,0.21903925761580464,0.05780166092242004,9.83050266333278,12.214325994166321,3.026305933381514
2795,training,0.016122146,0.1996053606271744,0.05780166092242004,9.79080762045646,12.219003832559029,3.021984942590648
2796,training,0.008274121,0.22153993695974347,0.04275352217223336,9.751197533015912,12.2237538412392,3.0237348804098705
2797,training,0.003323949,0.32483528926968575,0.04275352217223336,9.711444013489315,12.228312391562733,3.0318469608120537
2798,training,0.005040546,0.2204906865954399,0.04275352217223336,9.671821399433332,12.232509423504343,3.0408306410179775
2799,training,0.04627425,0.2195364236831665,0.04275352217223336,9.632145750675148,12.236269149403581,3.053598474250067
2800,training,0.0067990706,0.2530745714902878,0.04275352217223336,9.592433282285391,12.239528413735647,3.065453866680045
2801,training,0.0015026473,0.27837397158145905,0.04275352217223336,9.552655834397418,12.242274194489111,3.080196073358375
2802,training,0.009564942,0.3279126137495041,0.06972930543492677,9.532773685154343,12.243401754126058,3.089923792318673
2803,training,0.006543046,0.3585941642522812,0.06972930543492677,9.47311993693474,12.245663487048791,3.117281233637692
2804,training,0.006882497,0.34985047578811646,0.06972930543492677,9.433223931174533,12.246188035103737,3.140756577696582
2805,training,0.0046953927,0.31126391887664795,0.06972930543492677,9.413395280207085,12.246083209696483,-3.1310649148784444
2806,training,0.004433601,0.31780899316072464,0.06972930543492677,9.373636212551965,12.245234490731674,-3.1094227714411917
2807,training,0.071012706,0.2983364462852478,0.06972930543492677,9.333736853028094,12.243513228793615,-3.0876397502039774
2808,training,0.005050287,0.07536444813013077,0.03801900915610896,9.274277570785605,12.239420462462244,-3.0589796073274638
2809,training,0.007697474,0.1041969358921051,0.03801900915610896,9.234410062450968,12.235738071676629,-3.038257646717014
2810,training,0.0021039099,0.12461329251527786,0.03801900915610896,9.195022935110405,12.231200974013516,-3.0159233398046212
2811,training,0.004657018,0.12866172939538956,0.03801900915610896,9.155477599544243,12.225808708781246,-2.9977386661504952
2812,training,0.005422837,0.1076161079108715,0.03801900915610896,9.115950093114941,12.21980354813914,-2.984182097540001
2813,training,0.001747079,0.10683918930590153,0.03801900915610896,9.076638251453753,12.213407464285051,-2.9779886445448582
2814,training,0.0023822305,0.10975393652915955,0.012219891619640974,9.037064122022878,12.206807264747598,-2.9745964256928215
2815,training,0.0032741271,0.11103395745158194,0.012219891619640974,8.99777633886572,12.200143234442981,-2.9731113317163853
2816,training,0.012572565,0.11791728809475899,0.012219891619640974,8.97810278108207,12.196792134307065,-2.9729841370574297
2817,training,0.0068400498,0.12188950553536415,0.012219891619640974,8.938549995950499,12.190057092443986,-2.97297555766292
2818,training,0.0041284845,0.136862738057971,0.012219891619640974,8.87956227404854,12.180010690807217,-2.9728408933379686
2819,training,0.0032499991,0.13651010394096377,0.012219891619640974,8.859828876954982,12.176645931556653,-2.972808605302078
2820,training,0.010414548,0.13457899540662766,0.033993052635057384,8.820251595391381,12.169913723070412,-2.9736465814003843
2821,training,0.0063363183,0.1755218729376793,0.033993052635057384,8.780991745824977,12.16328208235953,-2.976064031231831
2822,training,0.0013655256,0.14869333617389202,0.033993052635057384,8.741417385569816,12.15675425557935,-2.9802989129979447
2823,training,0.0077382512,0.20204199664294722,0.033993052635057384,8.701907902808982,12.150410887800668,-2.98406416625617
2824,training,0.0070460397,0.20378192886710164,0.033993052635057384,8.662472480343117,12.14419219214232,-2.9861172138044663
2825,training,0.007923787,0.20189419947564602,0.033993052635057384,8.62277975993117,12.13800821960648,-2.9879916123133357
2826,training,0.004588999,0.20353885926306248,0.0635887400438587,8.583401341699808,12.131950732405919,-2.9902680107318
2827,training,0.0039152224,0.15908911637961867,0.0635887400438587,8.543808614652258,12.125962299565593,-2.9928031154517956
2828,training,0.013696117,0.2207469567656517,0.0635887400438587,8.504191490471356,12.120067680959224,-2.994159695861557
2829,training,0.007086927,0.15104752033948898,0.0635887400438587,8.46474505005847,12.114227837051851,-2.995333306969631
2830,training,0.011628935,0.17014086805284023,0.0635887400438587,8.425018971434552,12.10840783592703,-2.9972984250489154
2831,training,0.0057374253,0.17719723284244537,0.0635887400438587,8.385534300743009,12.102721192246,-3.0001081120334425
2832,training,0.0006822221,0.13795665465295315,0.09052819978339074,8.345915849221553,12.097169080604363,-3.0052613004233595
2833,training,0.009825696,0.1637843772768974,0.09052819978339074,8.306087479769483,12.09184550310741,-3.0111593416683045
2834,training,0.0096347565,0.18211310543119907,0.09052819978339074,8.266562467900096,12.08676325628225,-3.016325124384907
2835,training,0.007160085,0.18627892434597015,0.09052819978339074,8.226753625644035,12.081824382261818,-3.0196585684256263
2836,training,0.0013703974,0.18221500329673287,0.09052819978339074,8.187068341800712,12.077003678391616,-3.0216748540541767
2837,training,0.010995438,0.19010775163769725,0.09052819978339074,8.14740368645185,12.072291285898817,-3.0253609498105005
2838,training,0.01993409,0.19153739511966703,0.11465066573801169,8.087674725234338,12.065492418992408,-3.0307335419668
2839,training,0.007766023,0.18251852318644524,0.11465066573801169,8.067761306966773,12.063394326824607,-3.0465379845831304
2840,training,0.03557448,0.14390824921429157,0.11465066573801169,8.027482379549006,12.060400320473786,-3.0886720208524427
2841,training,0.007884402,0.14383273385465145,0.11465066573801169,7.967144872102855,12.058887003764749,3.140943138050856
2842,training,0.07729634,0.16173394024372104,0.11465066573801169,7.9470442977555,12.059052490004277,3.125857111560976
2843,training,0.0010246225,0.11101740598678589,0.11781986428114267,7.886791631763562,12.061238386739351,3.0863758628163684
2844,training,0.005658324,0.19415922462940216,0.11781986428114267,7.826871179611169,12.065443282413716,3.0599579247905973
2845,training,0.006961963,0.2040025182068348,0.11781986428114267,7.7869969372218995,12.068985956418738,3.045242302062855
2846,training,0.0039264495,0.15611638128757477,0.11781986428114267,7.74712571509853,12.073098581987185,3.032081750958314
2847,training,0.00912335,0.09655780717730522,0.11781986428114267,7.70739233298175,12.077708027500448,3.0207427689165383
2848,training,0.00755809,0.05913139507174492,0.08848893609062211,7.66765032073264,12.082684856607353,3.014481961492665
2849,training,0.0036330086,0.09849863499403,0.08848893609062211,7.607777544306529,12.090766860250092,3.0033078233781856
2850,training,0.005016191,0.09984182193875313,0.08848893609062211,7.568212412809589,12.096074018117413,3.013428401360119
2851,training,0.0061021526,0.08165867999196053,0.08848893609062211,7.528584851448977,12.100990497236173,3.0226430810880696
2852,training,0.001127675,0.08434409275650978,0.08848893609062211,7.469150132628833,12.107562615803078,3.0406722440274514
2853,training,0.030494835,0.0737871527671814,0.04837262292894711,7.429445891369095,12.111373082585995,3.050485088159062
2854,training,0.04764043,0.05694152042269706,0.04837262292894711,7.389684492964737,12.11467430784094,3.0694351208090818
2855,training,0,0.02457026019692421,0.04837262292894711,7.3499467333363935,12.117088867773663,3.0905964507981403
2856,training,0,0.024933514650911093,0.04837262292894711,7.330083255633564,12.118032073684951,3.096786327590026
2857,training,0,0.00839473819360137,0.04837262292894711,7.290174073570127,12.119636721745394,3.1050445984821287
2858,training,0,0.006016658619046211,0.04837262292894711,7.2702215372055665,12.12034222619919,3.107249566641619
2859,training,0,0.0017708074301481247,0.04837262292894711,7.25027978394899,12.121004174549569,3.1080138553161603
2860,training,0,0.0014950837939977646,0.04837262292894711,7.210371191449301,12.122365716968647,3.106689078001341
2861,training,0,0.0151309072971344,0.034306166629040055,7.190367296526422,12.123062341677526,3.1064868616862245
2862,training,0,0.014903545379638672,0.034306166629040055,7.150423654121834,12.124444108958524,3.1069151815603595
2863,training,0,0.014812534675002098,0.034306166629040055,7.1105461712190845,12.125866363900293,3.104857257536581
2864,training,0,0.013279359787702562,0.034306166629040055,7.070572465199062,12.127336860540595,3.105096027116855
2865,training,0,0.01623678766191006,0.034306166629040055,7.03071410533841,12.128772645368441,3.1048509233179087
2866,training,0,0.0014641983434557915,0.034306166629040055,6.990718764106174,12.130244888584478,3.1048648871053066
2867,training,0,0.011033982038497932,0.019427938310959698,6.950783355240184,12.131661038677382,3.107466304257052
2868,training,0,0.00039892643690109253,0.019427938310959698,6.910951434151895,12.132998197347458,3.1081858948930563
2869,training,0,0.010326676070690152,0.019427938310959698,6.870966084627837,12.134285588071396,3.111001572894585
2870,training,0,0.004035900812596083,0.019427938310959698,6.8311232882906205,12.135422544257487,3.1137362697038466
2871,training,0,0.0023082410916686075,0.019427938310959698,6.791152363786186,12.136505365104926,3.1151158783338078
2872,training,0,0.0028308443725109083,0.019427938310959698,6.751188140441941,12.13750270605867,3.118310971542362
2873,training,0,0.006168931722640991,0.013856919762610205,6.711362969897494,12.138383939676233,3.1197358170956906
2874,training,0,0.0031292587518692017,0.013856919762610205,6.671331340209453,12.139216366231267,3.1219915154858944
2875,training,0,0.0024096108973026276,0.013856919762610205,6.631441757188373,12.139906660773168,3.1257637531683717
2876,training,0,0.023177418392151594,0.013856919762610205,6.591547875898695,12.140499757491844,3.1277156424127903
2877,training,0,0.03408513264730573,0.013856919762610205,6.551552468682444,12.140966833392467,3.1328540900002784
2878,training,0.005374713,0.05258768843486905,0.013856919762610205,6.511759144125984,12.1411736898025,3.1392150557063196
2879,training,0.026499832,0.08495861198753119,0.004090767293081614,6.451785178082426,12.140917546861127,-3.1287276793674024
2880,training,0.0023743561,0.09425076842308044,0.004090767293081614,6.412070712496526,12.140107106349118,-3.113988186890207
2881,training,0.017130138,0.07433051150292158,0.004090767293081614,6.372149375648155,12.13871451641004,-3.099419811135235
2882,training,0,0.041685046628117554,0.004090767293081614,6.352198539164311,12.137801689194006,-3.092872153878004
2883,training,0.00568198,0.05555516667664051,0.004090767293081614,6.2924836308521686,12.134560958733248,-3.085651357425184
2884,training,0,0.0477361548691988,0.004090767293081614,6.272472073876436,12.133434458292252,-3.085304593941297
2885,training,0.005295685,0.06131968088448048,0.013143750195550056,6.212654172771303,12.130008686378256,-3.0844265535465953
2886,training,0.0027466116,0.08734896034002304,0.013143750195550056,6.152688465112685,12.12657376886728,-3.083460888043006
2887,training,0.006033315,0.09958628471940756,0.013143750195550056,6.11294646430178,12.124094624718893,-3.074427739479657
2888,training,0.0061009624,0.1254377905279398,0.013143750195550056,6.073195246912906,12.121167771599703,-3.059890340617062
2889,training,0.0037525748,0.1280248574912548,0.013143750195550056,6.033342135650309,12.117556113063268,-3.040348080901439
2890,training,0.0024883198,0.13093870133161545,0.020664230320175277,5.9741328913480745,12.110653682865088,-3.0115692536651744
2891,training,0.004595332,0.14716800302267075,0.020664230320175277,5.914838726470075,12.102152535478524,-2.9869996771881753
2892,training,0.007920911,0.16318465769290924,0.020664230320175277,5.895234482698949,12.099019576371495,-2.979542050514562
2893,training,0.0046839723,0.14844000339508057,0.020664230320175277,5.855814319999005,12.092320375901476,-2.968862557037135
2894,training,0.004085391,0.14392495900392532,0.020664230320175277,5.81645112318394,12.085361139713616,-2.9648252365303267
2895,training,0.0049398746,0.14541115798056126,0.020664230320175277,5.796859262750862,12.081849727339106,-2.96417329657078
2896,training,0.005796574,0.14195803180336952,0.020664230320175277,5.777197203917588,12.078318975393307,-2.964179522541097
2897,training,0.0030153906,0.12842208333313465,0.04971658266333265,5.737671520827886,12.071257529482393,-2.965956360965056
2898,training,0.004023268,0.13196824491024017,0.04971658266333265,5.698420576235239,12.064345900185298,-2.9688835502455735
2899,training,0.0046246713,0.14040661603212357,0.04971658266333265,5.658997546648263,12.057506828872015,-2.9709793558554516
2900,training,0.013998628,0.14952762238681316,0.04971658266333265,5.639187373340066,12.054106501330615,-2.972106456634846
2901,training,0.0037440332,0.10050871036946774,0.04971658266333265,5.5998639037286235,12.047418709612373,-2.974338092661849
2902,training,0.0051207943,0.11855950206518173,0.04971658266333265,5.560432221898163,12.040796192236753,-2.9759481086944026
2903,training,0.0032701984,0.13363411836326122,0.08432607260990875,5.520840392442258,12.03419811253114,-2.9766376086135926
2904,training,0.01357464,0.1540723033249378,0.08432607260990875,5.481592145600456,12.02763130097156,-2.9749664072363005
2905,training,0.0055376166,0.16127987764775753,0.08432607260990875,5.44208074882129,12.020929986925363,-2.971961023487312
2906,training,0.0038726893,0.12238810397684574,0.08432607260990875,5.402758949522752,12.014132911861772,-2.9689794426416625
2907,training,0.0015864796,0.12128636613488199,0.08432607260990875,5.363456543024417,12.00722104290369,-2.966647940161462
2908,training,0.0072723096,0.12426724471151829,0.08432607260990875,5.323918953012516,12.00022539468023,-2.9668850969805436
2909,training,0.0021066586,0.117020009085536,0.11689896007430646,5.284709166572933,11.993319196684038,-2.9680987426208008
2910,training,0.004261027,0.061528431251645074,0.11689896007430646,5.225234919099173,11.983323872558698,-2.9908544868089395
2911,training,0.006615329,0.05778877250850201,0.11689896007430646,5.1856716663823805,11.97770585521612,-3.0086956039987323
2912,training,0.0029375167,0.0809455756098032,0.11689896007430646,5.145858433864413,11.972694142023991,-3.023947150415268
2913,training,0.002837715,0.11200452595949173,0.11689896007430646,5.10591604913797,11.968252262868997,-3.036673563956456
2914,training,0.0048741177,0.10606280341744423,0.11689896007430646,5.066184745239941,11.964326964533251,-3.0495989865225464
2915,training,0.013626709,0.11089426279067993,0.13861611034935972,5.026118946131955,11.960882395535931,-3.0616950618486984
2916,training,0.011735348,0.13513873144984245,0.13861611034935972,4.98627372748091,11.957851768201037,-3.069736668407992
2917,training,0.07634379,0.07132238522171974,0.13861611034935972,4.946349898601379,11.955149220158656,-3.0785812861033413
2918,training,0.00796221,0.09331044647842646,0.13861611034935972,4.906356027472717,11.952722358063406,-3.079956048216266
2919,training,0.0064111487,0.14080320298671722,0.13861611034935972,4.8466137912589735,11.948905255183469,-3.0765034193671217
2920,training,0.017142212,0.0990048311650753,0.12540284088403578,4.806641641184622,11.946270142560582,-3.0749291816778466
2921,training,0.010549592,0.06812752038240433,0.12540284088403578,4.746999425910533,11.94208751330037,-3.0655139905290127
2922,training,0.011073934,0.06888271868228912,0.12540284088403578,4.707072919330826,11.93877221022941,-3.0494280077221276
2923,training,0.0019778481,0.10378653928637505,0.12540284088403578,4.667594329430309,11.9347415228828,-3.03070875245835
2924,training,0.0040710284,0.08405186980962753,0.12540284088403578,4.608051386856871,11.927419425804741,-3.0092462392839514
2925,training,0,0.03079862892627716,0.12540284088403578,4.588349626742335,11.92473553058115,-3.0011346899988482
2926,training,0,0.03455929458141327,0.07186187399572494,4.5687452049858654,11.921870150382832,-2.9910469190220605
2927,training,0,0.013148367404937772,0.07186187399572494,4.549128122056498,11.91877188722131,-2.9789982744108054
2928,training,0,0.01256221532821658,0.07186187399572494,4.529467542328777,11.915424147555134,-2.966466766705365
2929,training,0,0.0059144869446754456,0.07186187399572494,4.490257180084601,11.9079189904464,-2.9382318781296837
2930,training,0,0.03438692539930342,0.07186187399572494,4.451603317434915,11.899363130830555,-2.9109624935661187
2931,training,0,0.01652768254280089,0.07186187399572494,4.41281780757893,11.889822369430707,-2.892081693234596
2932,training,0,0.0011602938175201416,0.07186187399572494,4.374299288462931,11.879690721244552,-2.8750690534595447
2933,training,0,0.013143092393875122,0.0686440473315231,4.336139530179095,11.8687438030461,-2.8484135319919455
2934,training,0,0.012297429144382505,0.0686440473315231,4.298209121717419,11.85673425172473,-2.822285848087195
2935,training,0,0.008661456406116486,0.0686440473315231,4.260582992039319,11.843779386354015,-2.797800881231349
2936,training,0,0.020650364458560944,0.0686440473315231,4.223278558229038,11.829956045287412,-2.778217015058094
2937,training,0.0006304501,0.07652712054550648,0.0686440473315231,4.167666106083171,11.807888415454816,-2.748033945445397
2938,training,0,0.03988600522279738,0.0686440473315231,4.149485940698003,11.800223038534352,-2.739657716398258
2939,training,0.0011429016,0.07347822189331055,0.0939943439420692,4.09473704159234,11.77640380421307,-2.718629827870321
2940,training,0.018718714,0.05916798114776611,0.0939943439420692,4.076518139218391,11.768108612893823,-2.7097308302802845
2941,training,0,0.01570768654346466,0.0939943439420692,4.040564162524078,11.751130797195739,-2.6902948884631113
2942,training,0,0.03432963043451309,0.0939943439420692,4.005008642902334,11.733404322474108,-2.666795062267821
2943,training,0,0.012311875820159912,0.0939943439420692,3.9695980610452413,11.714712845119843,-2.6458916951175326
2944,training,0,0.01965136080980301,0.0939943439420692,3.934861116550347,11.695560315553298,-2.630314735403324
2945,training,0,0.03442913107573986,0.016343368023044685,3.900145822605693,11.675778420965035,-2.6171719576464327
2946,training,0.0034294848,0.0717813242226839,0.016343368023044685,3.831290636083738,11.635384558101666,-2.6064632666592553
2947,training,0.007384915,0.12504704482853413,0.016343368023044685,3.7967829012850887,11.614894315800026,-2.60597237676093
2948,training,0.0034518838,0.11717582680284977,0.016343368023044685,3.745295655923451,11.584461517125895,-2.6112384707518244
2949,training,0.0012306785,0.10202442482113837,0.016343368023044685,3.710619609648452,11.564223740087355,-2.6152547082153697
2950,training,0.00309966,0.06995802000164984,0.03139090186111483,3.693344257189636,11.554208460500128,-2.6160454841832586
2951,training,0.008905765,0.06352728605270386,0.03139090186111483,3.6590003575791203,11.534196798305572,-2.610254260755474
2952,training,0.0069348924,0.06085692346096039,0.03139090186111483,3.62461235703267,11.513713731952963,-2.5971594061245424
2953,training,0.0040590707,0.05409843474626541,0.03139090186111483,3.6075347109495426,11.503305580080433,-2.5906193775113997
2954,training,0,0.048402100801467896,0.03139090186111483,3.573841632859542,11.482279852830162,-2.577851833998395
2955,training,0,0.01970548927783966,0.03139090186111483,3.557000689365933,11.471563486436962,-2.5719271333646123
2956,training,0,0.01717007532715798,0.03139090186111483,3.523425737351737,11.449784640605936,-2.5599913302308654
2957,training,0,0.04104663617908954,0.0022478086652382547,3.490370229855047,11.427761295844315,-2.5490291156596423
2958,training,0.010047383,0.07791106589138508,0.0022478086652382547,3.4407062562473922,11.394079199026251,-2.5459145938165046
2959,training,0.02093953,0.12676194310188293,0.0022478086652382547,3.4077308782105633,11.371702575489149,-2.5447948526803583
2960,training,0.0077427095,0.1879058014601469,0.0022478086652382547,3.3744895744990226,11.349256460400738,-2.557213203087822
2961,training,0.030515723,0.18473507091403008,0.0022478086652382547,3.340641742933771,11.327517488894616,-2.58711369524995
2962,training,0.0033309376,0.08143946900963783,0.0022478086652382547,3.3062966165359167,11.306951755518579,-2.6142346428528254
2963,training,0,0.023125149309635162,0.036722795332398854,3.2888960623743544,11.296917756296512,-2.621013142719095
2964,training,0,0.01723548397421837,0.036722795332398854,3.254033963589264,11.27704929761392,-2.6246923311473376
2965,training,0,0.046999529004096985,0.036722795332398854,3.219400309359153,11.257355997682676,-2.6246466107765136
2966,training,0,0.002311479300260544,0.036722795332398854,3.184525598169744,11.237530180787548,-2.6250943936258517
2967,training,0.008432292,0.05664935335516931,0.036722795332398854,3.132481852632711,11.20800000223206,-2.6256959081944844
2968,training,0.0029004894,0.0707079004496336,0.036722795332398854,3.0976296552607434,11.188208392361409,-2.623420785952123
2969,training,0.0042857137,0.07279387302696705,0.10012606197049356,3.0457729761038017,11.158399749746255,-2.615307231076194
2970,training,0.008104855,0.07536114566028118,0.10012606197049356,3.011129685420215,11.13825838185636,-2.616838443702226
2971,training,0.0030219022,0.07454199157655239,0.10012606197049356,2.9591327992810474,11.108416620730555,-2.6242601034363373
2972,training,0.0034991554,0.11237021908164024,0.10012606197049356,2.924288335725963,11.088662703312691,-2.627224365104144
2973,training,0.0032978137,0.09391020471230149,0.10012606197049356,2.8719921320212176,11.059349382346117,-2.6351447070026173
2974,training,0.00436718,0.15103290975093842,0.12369478540825814,2.8369667342232576,11.039986992663867,-2.6372036258419547
2975,training,0.0023994287,0.14407584816217422,0.12369478540825814,2.801811915753141,11.020680109631645,-2.643647385192428
2976,training,0.0035889547,0.1394294761121273,0.12369478540825814,2.748906143074166,10.992444415462842,-2.6582856372663097
2977,training,0.0063936235,0.10256162844598293,0.12369478540825814,2.7133495513855563,10.973874013572276,-2.661093879611413
2978,training,0.0056753354,0.12105122860521078,0.12369478540825814,2.6603357254168123,10.94615247476508,-2.6561131840965237
2979,training,0.002779856,0.11199736595153809,0.09222278421371707,2.6248756356987433,10.927399857138147,-2.653488577989809
2980,training,0.003570606,0.0832616500556469,0.09222278421371707,2.5720880426406807,10.899279942023108,-2.6521414964149392
2981,training,0.004751165,0.11146467179059982,0.09222278421371707,2.519326456589961,10.87079164914807,-2.637618436556522
2982,training,0.007794601,0.1128893792629242,0.09222278421371707,2.501967018953735,10.861147380887711,-2.63106554167728
2983,training,0.0073775207,0.07900385558605191,0.09222278421371707,2.4672877989615536,10.841361135571397,-2.6136586102244093
2984,training,0,0.02630589902400976,0.038315157109113124,2.4330964079116373,10.820931805057796,-2.5902042174753386
2985,training,0,0.020442113280296326,0.038315157109113124,2.416334198779043,10.810452007850287,-2.574288892052846
2986,training,0,0.020241975784301758,0.038315157109113124,2.3997177402182737,10.799649635680277,-2.556486331238194
2987,training,0,0.01358836889266965,0.038315157109113124,2.366949584799621,10.777099509762502,-2.521082057740097
2988,training,0.0059092985,0.09418119490146637,0.038315157109113124,2.335136483418822,10.753479363458128,-2.484106037663748
2989,training,0,0.026601865887641934,0.038315157109113124,2.319583857702573,10.741226744331291,-2.464572856365814
2990,training,0,0.026019558310508728,0.038315157109113124,2.2891306972223178,10.715787746219233,-2.4288220480178833
2991,training,0.0010071784,0.06394721567630765,0.04199685233254986,2.2593627868575568,10.689309947084812,-2.4037902945048195
2992,training,0.009588644,0.15390393137931827,0.04199685233254986,2.2157284532300086,10.648607883124528,-2.380763552730094
2993,training,0.0067361193,0.09217111766338348,0.04199685233254986,2.1869390594091116,10.620903863547396,-2.37014275515667
2994,training,0.0048994888,0.16987051814794538,0.04199685233254986,2.1584696997468322,10.592923892418835,-2.3601603663103385
2995,training,0.008440034,0.24822761677205568,0.04199685233254986,2.130310195979644,10.564795998252048,-2.354132104630832
2996,training,0.012288582,0.1682819444686174,0.04199685233254986,2.102098781913529,10.536324224600685,-2.3486922549497793
2997,training,0.004961715,0.22857709228992462,0.04199685233254986,2.07428599138394,10.507873523807524,-2.341783013801619
2998,training,0.004471454,0.2374260425567627,0.04199685233254986,2.0465710876500625,10.479139986080387,-2.3337483855971444
2999,training,0.00422493,0.24028676748275757,0.07792671062098168,2.019076440505781,10.450078884353832,-2.3210308787592377
3000,training,0.006806935,0.23559615015983576,0.07792671062098168,1.9922349558501904,10.420831081108888,-2.305464245463044
3001,training,0.0058841105,0.20403428375720978,0.07792671062098168,1.9657554840966165,10.390925681540871,-2.2844341687578624
3002,training,0.00866939,0.15960586071014404,0.07792671062098168,1.9400698427006986,10.360521054094871,-2.2575499564465074
3003,training,0.004485681,0.05616253614425659,0.07792671062098168,1.9155537636981848,10.329441781608207,-2.2190638526140654
3004,training,0,0.024943411350250244,0.07792671062098168,1.9037138446730864,10.313552686580213,-2.1997137005738856
3005,training,0.0056043495,0.08127197623252869,0.07792671062098168,1.881451139922452,10.280957212835853,-2.1394628817250476
3006,training,0.0019069001,0.0930023044347763,0.001536319413683382,1.8519386971234302,10.229786941639968,-2.0521881191347164
3007,training,0,0.012720152735710144,0.001536319413683382,1.8430185165718822,10.212194280540798,-2.0284970606077097
3008,training,0,0.027552828192710904,0.001536319413683382,1.8262862972117033,10.176170471190675,-1.9837812173151603
3009,training,0,0.017203599214553833,0.001536319413683382,1.8111184870047368,10.139585811450758,-1.9457316291974696
3010,training,0.0034819837,0.058138132095336914,0.001536319413683382,1.7972601853574293,10.102464464695961,-1.9102039276760188
3011,training,0.00036114766,0.07348448038101196,0.054863874722679444,1.784588339601145,10.064588857174494,-1.8795639576456336
3012,training,0.009684624,0.050674095749855014,0.054863874722679444,1.767425119547585,10.007549508093856,-1.8478913715309186
3013,training,0,0.03973554819822314,0.054863874722679444,1.7620575520849229,9.988304559583186,-1.8375482163728076
3014,training,0.010984532,0.056592054665088654,0.054863874722679444,1.7519362584818516,9.949772710670269,-1.8171536986327161
3015,training,0.00504368,0.058539018034935,0.054863874722679444,1.7427174829918823,9.911144205778031,-1.79390213856033
3016,training,0.010230092,0.07821492850780487,0.054863874722679444,1.7301635106486422,9.852546129637535,-1.774743763811284
3017,training,0.008395521,0.07319502159953117,0.08906765309001546,1.7182711785117766,9.793883390552493,-1.7681977061513736
3018,training,0.013593206,0.06645241752266885,0.08906765309001546,1.7143841466244536,9.774336926753604,-1.7670425803169163
3019,training,0.004963559,0.0931104775518179,0.08906765309001546,1.7066473230934298,9.735127891288515,-1.7642708839529977
3020,training,0.0063029854,0.10544032230973242,0.08906765309001546,1.6953265865980702,9.676331795172496,-1.7593587719143229
3021,training,0.0050506033,0.10385326109826565,0.08906765309001546,1.691587248652825,9.656727619975669,-1.7598831924399947
3022,training,0.008038904,0.12190782278776169,0.08906765309001546,1.6840629754198029,9.617468908048826,-1.7593717772583275
3023,training,0.009168725,0.055846041068434715,0.0995699395060327,1.6766739017041703,9.578211628792888,-1.7541676996841193
3024,training,0.012960092,0.05897244624793528,0.0995699395060327,1.6694855448198183,9.538961740275344,-1.7496847656429098
3025,training,0.0043126987,0.07565874978899956,0.0995699395060327,1.6624973916488557,9.499654608056494,-1.7442752856607502
3026,training,0.0058491384,0.07416352443397045,0.0995699395060327,1.6556749893163567,9.460333370764253,-1.742453966077888
3027,training,0.0106283,0.07751617953181265,0.0995699395060327,1.648876170392477,9.420923819344779,-1.740321674728514
3028,training,0.006121549,0.09641303680837154,0.0995699395060327,1.6389573042180108,9.361921670028387,-1.7358881013989318
3029,training,0.0041247737,0.10605051368474959,0.10039911673943944,1.6323495122565899,9.322444966994716,-1.7386040708268424
3030,training,0.002841334,0.09987326711416245,0.10039911673943944,1.6259260338665091,9.282998039949442,-1.7233562538002813
3031,training,0.0025938668,0.09860757365822792,0.10039911673943944,1.6173452259066685,9.223823284670381,-1.7063551110593393
3032,training,0.020618767,0.11354835703969002,0.10039911673943944,1.6098052565512144,9.164578967800098,-1.6900385803837428
3033,training,0.047931187,0.13789862766861916,0.09862277095851925,1.6052276530934415,9.12487504923974,-1.6811155972931227
3034,training,0.008847075,0.11695662513375282,0.09862277095851925,1.6010216596368834,9.085144375614346,-1.6718149557856534
3035,training,0.0027966127,0.08105522766709328,0.09862277095851925,1.597139832147823,9.045566969954413,-1.6654594839225896
3036,training,0,0.008674386888742447,0.09862277095851925,1.5952787265198227,9.02563448768909,-1.6619902664157686
3037,training,0,0.01909659430384636,0.09862277095851925,1.5917794443381459,8.985788890268253,-1.6565304546557988
3038,training,0,0.020193442702293396,0.09862277095851925,1.5900801294581772,8.966013927685982,-1.657152035249972
3039,training,0,0.027632294222712513,0.09862277095851925,1.588358643943125,8.946134460016685,-1.6574831397772232
3040,training,0,0.02160830795764923,0.09862277095851925,1.5866286568835506,8.92618419582192,-1.6566654765879492
3041,training,0,0.006400289013981819,0.07237633442200025,1.5832817406015194,8.886274401416284,-1.651526586537293
3042,training,0,0.004977313801646236,0.07237633442200025,1.5801724983184413,8.846625333190637,-1.647384294675444
3043,training,0.009299824,0.09915081784129143,0.07237633442200025,1.5757753873590703,8.786709944341164,-1.6397471174982128
3044,training,0.009539727,0.05683082900941372,0.07237633442200025,1.5713928912002149,8.726927931600223,-1.6531889769902999
3045,training,0,0.015112001448869705,0.07237633442200025,1.5696769661097196,8.70688739531754,-1.6592757593934186
3046,training,0,0.014453357085585594,0.07237633442200025,1.5678522628065517,8.686895006999892,-1.6645291824730462
3047,training,0,0.008265158161520958,0.04899462435498913,1.5639410334391115,8.647317273818198,-1.6726023082504868
3048,training,0,0.013446371536701918,0.04899462435498913,1.5598273009191206,8.607476243313235,-1.6751485699755653
3049,training,0,0.01557929685804993,0.04899462435498913,1.5556288834252716,8.567686648158583,-1.6772509723454663
3050,training,0,0.04157387278974056,0.04899462435498913,1.5513064593799621,8.528076539906214,-1.6818294876975386
3051,training,0,0.04330241121351719,0.04899462435498913,1.546808146886418,8.488234147424453,-1.683939080571665
3052,training,0,0.04911533556878567,0.04899462435498913,1.5423269700467377,8.448697100687578,-1.6842111990915005
3053,training,0,0.040341051295399666,0.027283942312544458,1.537820232588375,8.408967088352801,-1.683324265641068
3054,training,0,0.03814060054719448,0.027283942312544458,1.5333703064149315,8.369198409864035,-1.6810746163124568
3055,training,0,0.04109124839305878,0.027283942312544458,1.5290118638932166,8.329645774207163,-1.6806220622579344
3056,training,0.0060042962,0.10362181812524796,0.027283942312544458,1.5225412948098243,8.269945070924802,-1.6754900680167109
3057,training,0.0026474406,0.09863352775573732,0.027283942312544458,1.5184752308893714,8.230399689828918,-1.671687260088198
3058,training,0.006078164,0.08682834729552269,0.027283942312544458,1.5126318427393628,8.17063398358421,-1.6639245125732005
3059,training,0.005211929,0.06790655292570591,0.00884633926986036,1.509043519752422,8.131017882939378,-1.659394980118903
3060,training,0.0065378905,0.10406275093555452,0.00884633926986036,1.5055606016978924,8.09113124934183,-1.6567615320086917
3061,training,0.026079359,0.1672837659716606,0.00884633926986036,1.503853368530888,8.071137748210855,-1.6547642872161312
3062,training,0.012737453,0.1514580249786377,0.00884633926986036,1.5006536795850336,8.031555303702456,-1.6482485520677232
3063,training,0.0058659893,0.15305710583925247,0.00884633926986036,1.4977060872239827,7.991677688658113,-1.6409535976590475
3064,training,0.0076538306,0.18114063516259193,0.00884633926986036,1.4950586461947617,7.951778613846772,-1.6331817144290681
3065,training,0.008222715,0.2336611524224281,0.021956215356449045,1.4927227854167446,7.91205402600924,-1.6259925108679913
3066,training,0.037110552,0.05946572124958038,0.021956215356449045,1.4897985738036685,7.852072520661329,-1.6118962917389368
3067,training,0,0.029425691813230515,0.021956215356449045,1.4890340739176458,7.832247615969895,-1.6068744733488187
3068,training,0,0.04278639308176935,0.021956215356449045,1.4877873693391712,7.7923462103377386,-1.59795752245721
3069,training,0,0.032106715836562216,0.021956215356449045,1.4872731643693962,7.772276867035725,-1.5940239742349769
3070,training,0,0.03636285476386547,0.021956215356449045,1.486495121304712,7.732409531946094,-1.586972661957589
3071,training,0,0.042553508654236794,0.02386063037382341,1.4859696497273056,7.692494255351011,-1.581336024774332
3072,training,0.0032024295,0.060020001605153084,0.02386063037382341,1.4855517704487735,7.632498576418505,-1.5739143584189605
3073,training,0,0.04737317934632301,0.02386063037382341,1.485537101683918,7.592604577741357,-1.5685802103486797
3074,training,0,0.020412384532392025,0.02386063037382341,1.485698191022842,7.552474846459618,-1.564939538456381
3075,training,0,0.04129573330283165,0.02386063037382341,1.4858306106330754,7.532568904153583,-1.5638583881967472
3076,training,0,0.04240456223487854,0.02262416862908826,1.4861603956984657,7.492679938001697,-1.5614108038298586
3077,training,0.004408418,0.05833914875984192,0.02262416862908826,1.4871148110435903,7.41271352950328,-1.5558992079145009
3078,training,0,0.045991731807589524,0.02262416862908826,1.4874294431570274,7.392751894810896,-1.554388014114723
3079,training,0,0.04179591871798038,0.02262416862908826,1.4881290898711932,7.352623410893691,-1.5528192905780602
3080,training,0,0.03106054849922657,0.02262416862908826,1.4884899320223783,7.332645590012737,-1.5525631891690241
3081,training,0,0.03439834341406822,0.02262416862908826,1.4892251267064196,7.292807469714769,-1.5526991956689058
3082,training,0,0.021388502791523933,0.02742627737498077,1.489932229842954,7.252676904876427,-1.5540732911397817
3083,training,0,0.021893123164772987,0.02742627737498077,1.4905570457574184,7.212762443599314,-1.5562733145411658
3084,training,0,0.011955942492932081,0.02742627737498077,1.491085603474846,7.172787689276696,-1.5591647327053042
3085,training,0,0.02538609690964222,0.02742627737498077,1.4914786776413291,7.1325969086924195,-1.562458390965241
3086,training,0,0.022730918601155274,0.02742627737498077,1.4917549858556847,7.092781069038666,-1.5655791125398626
3087,training,0,0.005602318793535229,0.02742627737498077,1.4919061685646178,7.052678571179705,-1.5687466907224692
3088,training,0,0.0029517970979213715,0.02641391831468864,1.4919208209484711,7.012674803445649,-1.5718330911165765
3089,training,0,0.017950480803847313,0.02641391831468864,1.4918041680767247,6.972740878997541,-1.5759561102896433
3090,training,0,0.008100299164652821,0.02641391831468864,1.4915032106824315,6.932548230804359,-1.5800859673399725
3091,training,0,0.012414736673235893,0.02641391831468864,1.4910820674410437,6.892685197677282,-1.582796300283063
3092,training,0,0.012282228097319606,0.02641391831468864,1.490558045075208,6.852648399963214,-1.5850621908410851
3093,training,0,0.007455812767148018,0.023581177276043672,1.4899471247160812,6.8125956989353345,-1.5868849988505016
3094,training,0,0.0076800729730166495,0.023581177276043672,1.4892833437989772,6.772719510673184,-1.5882591303981894
3095,training,0,0.010218281298875807,0.023581177276043672,1.4885560108631881,6.732583936196302,-1.5897020653646123
3096,training,0,0.011418420821428299,0.023581177276043672,1.4877707855003428,6.692698950706232,-1.5911710411880802
3097,training,0,0.011158473789691925,0.023581177276043672,1.4869419091423253,6.6527266472814395,-1.592034618815655
3098,training,0,0.013273212127387522,0.023581177276043672,1.4860765608859077,6.612601308326637,-1.5923477368649497
3099,training,0,0.006720736622810364,0.021625531587600933,1.4852168094223241,6.57279261829988,-1.592787688917451
3100,training,0,0.003456633538007736,0.021625531587600933,1.4843293204041803,6.5327073695059905,-1.5933767875362908
3101,training,0,0.007394961605314165,0.021625531587600933,1.4834044528091281,6.492747708938117,-1.5947528964501252
3102,training,0,0.001853517780546099,0.021625531587600933,1.482416377600522,6.452826547700533,-1.5965399470538992
3103,training,0,0.00028839893639087677,0.021625531587600933,1.4813486700938838,6.412678076567829,-1.597766803219789
3104,training,0,0.0029677394777536392,0.021625531587600933,1.4802691220810993,6.3728652929483625,-1.598220747211506
3105,training,0,0.00987031264230609,0.00465455298731482,1.4791761434000712,6.332839864171549,-1.5980775702841281
3106,training,0,0.006998161785304547,0.00465455298731482,1.4780948466991628,6.2928307057493305,-1.5975407562221493
3107,training,0,0.004042597487568855,0.00465455298731482,1.4770447713088077,6.252965311750578,-1.5971030847813794
3108,training,0,0.011750094126909971,0.00465455298731482,1.4759987945710735,6.212843940420359,-1.596543330814129
3109,training,0,0.008894818951375782,0.00465455298731482,1.474988037525806,6.172992186367135,-1.5956916869153546
3110,training,0,0.009766701143234968,0.00465455298731482,1.4740245510764434,6.133020940228987,-1.5943278544067394
3111,training,0,0.005198804661631584,0.014028871889953842,1.4731039171738836,6.092927756772434,-1.5929135088388144
3112,training,0,0.005486811976879835,0.014028871889953842,1.4722549018954678,6.053120076028195,-1.5917511609202304
3113,training,0,0.0038589593023061752,0.014028871889953842,1.4714316144744322,6.013029533676522,-1.5911973289679502
3114,training,0,0.004759585484862328,0.014028871889953842,1.4706195264877007,5.97310239196695,-1.5909804563568462
3115,training,0,0.004068935289978981,0.014028871889953842,1.4698327456999194,5.933176848384866,-1.590219156195918
3116,training,0,0.005835423246026039,0.014028871889953842,1.4690629695826538,5.893036058969123,-1.589449531573341
3117,training,0,0.04226630739867687,0.02231221658899521,1.4683360216646275,5.853229561025805,-1.5887864826950113
3118,training,0,0.03930812515318394,0.02231221658899521,1.467638801591618,5.813187387745408,-1.587902470861022
3119,training,0,0.03476772643625736,0.02231221658899521,1.4669655442415526,5.773181078314115,-1.5872704845691967
3120,training,0,0.035731786862015724,0.02231221658899521,1.466336270083053,5.733306294116669,-1.5858115428721635
3121,training,0,0.035204155370593064,0.02231221658899521,1.4657759758852376,5.6931784794077585,-1.583271049679118
3122,training,0,0.02720149420201779,0.02231221658899521,1.4653343576898483,5.6533444411959595,-1.5800786862585294
3123,training,0,0.0464112013578415,0.03201913668312376,1.4650451810241771,5.613365034963758,-1.5762140682509689
3124,training,0.002991044,0.05770684219896793,0.03201913668312376,1.4647634974216446,5.553378747931645,-1.5759063019736546
3125,training,0.0055336463,0.07463375106453896,0.03201913668312376,1.4643356363368756,5.493284166698569,-1.5806190337219252
3126,training,0.0051784944,0.05702578835189343,0.03201913668312376,1.463875943822083,5.453323851467219,-1.5837219751566174
3127,training,0.0061897254,0.062099277973175056,0.03854895447808251,1.4633223505847484,5.413372726674975,-1.5849818794337607
3128,training,0.0030225152,0.08955179899930954,0.03854895447808251,1.462728487915596,5.373213447535174,-1.586537459860762
3129,training,0.011864118,0.10016630217432976,0.03854895447808251,1.4615770717972507,5.313362884827394,-1.595396660185202
3130,training,0.0115182735,0.09879412315785885,0.03854895447808251,1.4604252905646211,5.2731556481252495,-1.6033820465249307
3131,training,0.014213614,0.08490976132452487,0.03854895447808251,1.4581255730962295,5.213326775210948,-1.6148642505912945
3132,training,0,0.027324408292770372,0.04837468685534247,1.4562741918288344,5.17321260948264,-1.6165943018013558
3133,training,0,0.024714738130569472,0.04837468685534247,1.4554040017100918,5.1532699208767365,-1.6121145409440338
3134,training,0,0.040981270372867584,0.04837468685534247,1.4546448650364487,5.133427184263742,-1.6063014860607328
3135,training,0.008358187,0.05385071784257889,0.04837468685534247,1.4534384581501238,5.093496765907631,-1.596410926615333
3136,training,0,0.021602272987365723,0.04837468685534247,1.452958756786725,5.073421793569695,-1.5920421485603333
3137,training,0,0.03395104408264159,0.04837468685534247,1.4522843520492652,5.0336078857561555,-1.5832697723613813
3138,training,0,0.02380049228668213,0.04837468685534247,1.451953111800181,4.993674808431128,-1.575215735665824
3139,training,0,0.001632343977689736,0.05768064352968546,1.451895244248941,4.973599958060811,-1.5713305861370597
3140,training,0,0.012950364500284195,0.05768064352968546,1.4520202183600872,4.933731224921543,-1.5633137314332588
3141,training,0,0.01071391627192498,0.05768064352968546,1.4525227691825233,4.8938483958726895,-1.553012788317634
3142,training,0,0.025381676852703094,0.05768064352968546,1.4534299988873978,4.853807532771886,-1.5426751306911273
3143,training,0,0.01613936387002468,0.05768064352968546,1.4547771064086874,4.814060891836074,-1.531660788007105
3144,training,0,0.006488980259746312,0.05768064352968546,1.456542528173817,4.774085460914177,-1.5226164153627209
3145,training,0,0.02159932069480419,0.05673131739358284,1.4585570433358552,4.7341879983587525,-1.5188763279473991
3146,training,0,0.008849523961544037,0.05673131739358284,1.4606951422729717,4.6943629832698,-1.5155209165409238
3147,training,0,0.021408719941973686,0.05673131739358284,1.4629956937120638,4.654329451305473,-1.5103015594303095
3148,training,0,0.013557443395256993,0.05673131739358284,1.4655392396067992,4.6146281957774855,-1.503042965438023
3149,training,0.009741844,0.05537348613142967,0.05673131739358284,1.469943149792107,4.554781089943621,-1.492396030442069
3150,training,0,0.04350382089614868,0.05673131739358284,1.4731957110397664,4.515129954280557,-1.4844583506749036
3151,training,0.008527916,0.05981353856623173,0.049692311943387794,1.4767882118473026,4.475354449128158,-1.4777933702475605
3152,training,0,0.005232103168964386,0.049692311943387794,1.4805845464344956,4.435481981707402,-1.4751192933487751
3153,training,0,0.0007927976548671722,0.049692311943387794,1.4824806941955528,4.415810805385102,-1.4756223744628414
3154,training,0,0.0044361017644405365,0.049692311943387794,1.4861234805718178,4.3759835549281325,-1.4840843659820477
3155,training,0,0.009619353339076049,0.049692311943387794,1.4894113728364549,4.335968111347106,-1.493837378204797
3156,training,0,0.01957574672996998,0.049692311943387794,1.4923349464641997,4.2962148644091975,-1.5002343362314148
3157,training,0,0.03885250352323056,0.03146828649349225,1.4950807852078944,4.256212181221156,-1.5038023332423827
3158,training,0.0021508783,0.054812544956803315,0.03146828649349225,1.4990026924890505,4.1964801030634415,-1.505531054681076
3159,training,0,0.024481654167175293,0.03146828649349225,1.5003096190997671,4.176533054070022,-1.5055758229430036
3160,training,0,0.023801353760063655,0.03146828649349225,1.5029031871699785,4.13647607650624,-1.5078304837005994
3161,training,0,0.03854226414114236,0.03146828649349225,1.5053444007833907,4.096710710758788,-1.5107203327496312
3162,training,0,0.034256532788276665,0.03146828649349225,1.5077205994506648,4.056744836470607,-1.5123217880417144
3163,training,0,0.009660176932811737,0.023189683574606282,1.5100138538559926,4.016735156876719,-1.515349179924614
3164,training,0,0.0194164663553238,0.023189683574606282,1.5121535586561607,3.9769287932027204,-1.5201847948917018
3165,training,0,0.04228152334690094,0.023189683574606282,1.514017998296139,3.936766908311446,-1.530037893979071
3166,training,0.011663704,0.05712982825934887,0.023189683574606282,1.5158610753671968,3.876867114334021,-1.5513565150628257
3167,training,0,0.02416708134114742,0.023189683574606282,1.5163367525374776,3.836624890044744,-1.5667177233560143
3168,training,0,0.03220658004283905,0.015350130191665735,1.5163549541623806,3.816530196553416,-1.571420266054465
3169,training,0,0.02253389870747924,0.015350130191665735,1.5161713692572054,3.7766777835811234,-1.5790595999464683
3170,training,0,0.040493518114089966,0.015350130191665735,1.5157185840770482,3.7365386578393514,-1.5851621847820336
3171,training,0.012135466,0.06562629155814648,0.015350130191665735,1.5145755995638952,3.6765999954885302,-1.5953285047938808
3172,training,0,0.01574764959514141,0.015350130191665735,1.5134440394098798,3.6364956915395132,-1.6026768343068147
3173,training,0,0.0043573016300797445,0.01874778866241401,1.5121207404680919,3.5965425966488005,-1.6041139753394398
3174,training,0,0.0025088693946599995,0.01874778866241401,1.511467019141627,3.576642498816458,-1.6033620996233235
3175,training,0,0.002410357818007469,0.01874778866241401,1.510207676729558,3.5366285624036813,-1.6007048474726187
3176,training,0,0.019901318475604057,0.01874778866241401,1.5090983493633048,3.4966545146620827,-1.5956935748217582
3177,training,0,0.023957625962793827,0.01874778866241401,1.5082333507745596,3.456830313617202,-1.589070389966586
3178,training,0,0.021896124817430973,0.01874778866241401,1.5076446497404423,3.41672598979595,-1.5813277713156504
3179,training,0,0.030477603897452354,0.025299468722122558,1.507364327396753,3.3769034813666314,-1.5743199422224314
3180,training,0,0.016427375376224518,0.025299468722122558,1.5073562243711565,3.3369479354653615,-1.5679213833729533
3181,training,0,0.0014861146919429294,0.025299468722122558,1.507567742682209,3.2968940359956806,-1.5635399494295126
3182,training,0,0.011364912614226341,0.025299468722122558,1.5078954179166426,3.257056652107006,-1.5629255116900471
3183,training,0,0.011251478921622038,0.025299468722122558,1.508183406228898,3.2169371116914154,-1.5646944169354084
3184,training,0,0.014103235676884648,0.025299468722122558,1.508384356243572,3.176988057034845,-1.5666610448797709
3185,training,0,0.02082042582333088,0.02185291087387624,1.50851344534363,3.1370406923699603,-1.5683313832510646
3186,training,0,0.01818388467654586,0.02185291087387624,1.508593222737669,3.0968876682718656,-1.5685551750860358
3187,training,0,0.012985151261091232,0.02185291087387624,1.5087175875374113,3.0570803032244847,-1.5667905015397452
3188,training,0,0.02136897947639227,0.02185291087387624,1.5089280893771568,3.0170361826584364,-1.5642844106047058
3189,training,0,0.0188181409612298,0.02185291087387624,1.5092264004295677,2.977042197415725,-1.5621585866627927
3190,training,0,0.014595573302358389,0.02185291087387624,1.5096103221735104,2.937166975312937,-1.5606452197436016
3191,training,0,0.025081933476030827,0.01360234889186426,1.510045069332918,2.8970284508564474,-1.5587818917487986
3192,training,0,0.02488690707832575,0.01360234889186426,1.5105783746708439,2.857185534643681,-1.5560096054101307
3193,training,0,0.027401716448366642,0.01360234889186426,1.5112279878630797,2.817202581869162,-1.5531206190303333
3194,training,0,0.03796270862221718,0.01360234889186426,1.5119902940687275,2.7771189732931725,-1.5498636896294546
3195,training,0,0.04499255493283272,0.01360234889186426,1.512913881870611,2.7373378024854813,-1.5454537712956675
3196,training,0.0040829307,0.0611079391092062,0.01360234889186426,1.514654277221002,2.6772401232326857,-1.5377080142118544
3197,training,0.010096524,0.08697093091905117,0.006639575836277348,1.5161205761209862,2.6375272701580084,-1.529760082866729
3198,training,0.0039053585,0.11531142517924309,0.006639575836277348,1.5179621323327455,2.597547069386519,-1.518557403533803
3199,training,0.004116155,0.10542865097522736,0.006639575836277348,1.5202823359224769,2.5577553735267715,-1.5058955765552449
3200,training,0.005659933,0.07671763747930528,0.006639575836277348,1.526326897835917,2.4780925988005955,-1.487247534362147
3201,training,0.0056352504,0.06558754481375217,0.006639575836277348,1.529722248498087,2.4384549473155332,-1.4849183068527116
3202,training,0.004215825,0.09380676783621311,0.014802577259454096,1.5331493625716006,2.398572055991868,-1.4856000449710216
3203,training,0.0056510856,0.11882264539599419,0.014802577259454096,1.5365353472127512,2.3586824957795653,-1.4862173011036661
3204,training,0.008487215,0.1352308951318264,0.014802577259454096,1.5399986543475048,2.3190378407207186,-1.4804166783751431
3205,training,0.0050618723,0.16327235102653503,0.014802577259454096,1.543779753995944,2.279178163623884,-1.4711268193979972
3206,training,0.0063177785,0.2005787491798401,0.014802577259454096,1.5479729497833674,2.239615338275706,-1.4574846501548093
3207,training,0.0052728355,0.21839135885238647,0.014802577259454096,1.5528216938197905,2.2000692543339753,-1.4401105211734229
3208,training,0.012333838,0.24627412855625155,0.03386052294009186,1.5555114032372226,2.180295440937084,-1.4315497495118694
3209,training,0.0051628677,0.26552564650774,0.03386052294009186,1.5613871731761488,2.14087495350021,-1.4136868717996423
3210,training,0.00067368825,0.2775074243545532,0.03386052294009186,1.564597928563827,2.1213013570827592,-1.403168151478975
3211,training,0.003960317,0.2814546674489975,0.03386052294009186,1.5716338575964104,2.082082239102573,-1.3845156226042765
3212,training,0.0023479317,0.26374807953834534,0.03386052294009186,1.5793168179071617,2.0429216368815446,-1.3701158864392367
3213,training,0.01000412,0.19768608361482623,0.03386052294009186,1.5875151770413942,2.0039817250900307,-1.3574222824150841
3214,training,0.0044316226,0.1817161738872528,0.03386052294009186,1.596092075101416,1.964957385631885,-1.3542375636182673
3215,training,0.004935475,0.16506827622652054,0.079423471924318,1.600391341576128,1.9453870632686947,-1.3558842762103234
3216,training,0.0038132668,0.10712379217147827,0.079423471924318,1.6129502436714034,1.8867523286129688,-1.3648653170533125
3217,training,0.0059222053,0.07698959112167358,0.079423471924318,1.6209484482310794,1.8475152038940488,-1.3748125374374445
3218,training,0.004619795,0.12414675019681454,0.079423471924318,1.6248152099602495,1.8279110031332462,-1.376924360337958
3219,training,0.007245064,0.10999449156224728,0.079423471924318,1.6363765452304357,1.7691460867123388,-1.3742686116158709
3220,training,0.041655138,0.08269744366407394,0.079423471924318,1.6483630096640522,1.710486459460544,-1.3623979577650263
3221,training,0.0056618424,0.06916704028844833,0.1251630318887702,1.661159050520583,1.6520421475504832,-1.3490618059781656
3222,training,0,0.03822401538491249,0.1251630318887702,1.6655596896000184,1.632607126233817,-1.350398055211939
3223,training,0,0.03897780552506447,0.1251630318887702,1.669885019027963,1.613160634040663,-1.3532794044880097
3224,training,0.010068745,0.1495566889643669,0.1251630318887702,1.6785859292018854,1.5742179966726784,-1.3495238202738218
3225,training,0.005411929,0.11972513794898987,0.1251630318887702,1.687570729867553,1.5353449185111536,-1.3326723994233607
3226,training,0.005282228,0.13370149955153465,0.1251630318887702,1.6974302376779191,1.4968397935733468,-1.3089161597638874
3227,training,0.0035313675,0.09948481619358063,0.19765493336628828,1.7081357014124714,1.4586475854798484,-1.2840857298312907
3228,training,0,0.03695009648799896,0.19765493336628828,1.7200624450026158,1.4206395832533731,-1.2469111318672788
3229,training,0.0062457635,0.06727190315723422,0.19765493336628828,1.7332835016109271,1.3834018327678654,-1.2131981061638928
3230,training,0,0.045877039432525635,0.19765493336628828,1.740387102671105,1.364960731393173,-1.1921811355018035
3231,training,0.0033590854,0.10897274315357203,0.19765493336628828,1.755876854311896,1.3283357702681229,-1.1502597286241325
3232,training,0,0.01803407073020935,0.19765493336628828,1.7727534311001079,1.2924444409947227,-1.1106169095131393
3233,training,0,0.011290743947029114,0.2605755847354202,1.7912113362611584,1.2574912433148373,-1.0638892930132446
3234,training,0,0.048125267028808594,0.2605755847354202,1.8110571136819515,1.2232285613525447,-1.025400820260853
3235,training,0.000466422,0.16482859849929812,0.2605755847354202,1.8435582762178484,1.1735090783490014,-0.9581101190935685
3236,training,0.0007824351,0.19384741783142093,0.2605755847354202,1.866966182505614,1.1417152046796837,-0.9143974363560646
3237,training,0.00297139,0.26928533613681793,0.2605755847354202,1.8919163059332484,1.1107645499819763,-0.8698938693696694
3238,training,0.0059601925,0.10323262214660645,0.2150780184553067,1.9180814353144366,1.0810205970775193,-0.8301038157315673
3239,training,0.0014846951,0.07699689269065854,0.2150780184553067,1.9453594649917447,1.0522938092973682,-0.7909080104240819
3240,training,0.0027226894,0.05707007646560669,0.2150780184553067,1.9738854755821877,1.0246257855461876,-0.7493080121977999
3241,training,0.0020700055,0.15011897683143618,0.2150780184553067,2.0033995510721825,0.9983295111309906,-0.7055704376458658
3242,training,0.01118906,0.12908542156219485,0.2150780184553067,2.03409919374379,0.9731779852827398,-0.6699352543866807
3243,training,0.0064350655,0.06752415001392367,0.2150780184553067,2.065603877232211,0.9490725250414094,-0.6350399990800016
3244,training,0.0019596955,0.12189577519893649,0.16854963207658893,2.0980438252485323,0.9261852063281146,-0.5918470855585704
3245,training,0,0.045949846506118774,0.16854963207658893,2.131284981811801,0.9048279825158523,-0.5516645662258184
3246,training,0,0.01240895688533783,0.16854963207658893,2.1482834530510764,0.8946345743259018,-0.527924380676433
3247,training,0,0.04626190662384036,0.16854963207658893,2.1831333530676464,0.8754034217393423,-0.47962338454059256
3248,training,0,0.04500052332878113,0.16854963207658893,2.2185099939356046,0.8580348671018097,-0.4345215547186593
3249,training,0.0028180918,0.057386189699172974,0.12994858362627504,2.2732617052317377,0.8345741722296991,-0.37730790185108304
3250,training,0,0.019390568137168912,0.12994858362627504,2.2917898972586426,0.827419263770046,-0.3606986464941233
3251,training,0,0.024748116731643677,0.12994858362627504,2.329126726958206,0.8140210471077375,-0.3292047704078067
3252,training,0,0.038658641278743744,0.12994858362627504,2.3669721602826757,0.8016477677755292,-0.30521395504554455
3253,training,0,0.03413362056016922,0.12994858362627504,2.405137290115643,0.7900324586114076,-0.28611849200255574
3254,training,0,0.019835561513900757,0.12994858362627504,2.4434272579473033,0.7791673126851848,-0.26771384699933726
3255,training,0,0.017912141978740692,0.08697248571728683,2.4818646478823827,0.7689448044752893,-0.2516979965238425
3256,training,0,0.014075562357902555,0.08697248571728683,2.52063241796998,0.7593491655567934,-0.2330169648066054
3257,training,0,0.0211346372961998,0.08697248571728683,2.5592470453778433,0.7506154521211422,-0.21130417282173317
3258,training,0,0.029542677104473128,0.08697248571728683,2.598331537283224,0.7427293846596564,-0.18659741439657254
3259,training,0,0.04002352058887482,0.08697248571728683,2.637546203880949,0.7358310704859776,-0.16195807944503454
3260,training,0,0.017064183950424208,0.08697248571728683,2.6767963448716965,0.7298920237283787,-0.13850599274187553
3261,training,0,0.027802925556898117,0.01410172346026229,2.7164996046945826,0.7247828029716432,-0.11786833246757417
3262,training,0,0.023143650963902473,0.01410172346026229,2.756011689746025,0.7204226390819022,-0.10321807401444763
3263,training,0,0.018159687519073486,0.01410172346026229,2.7957593914914662,0.7165343382357672,-0.09261643222170561
3264,training,0,0.00685483030974865,0.01410172346026229,2.83561973149285,0.7129955294597697,-0.0850758914246406
3265,training,0,0.019229539670050144,0.01410172346026229,2.875289602999976,0.7097725344902394,-0.07737896329377271
3266,training,0,0.02069783816114068,0.01410172346026229,2.915249227845157,0.7068105468215178,-0.07050307390633012
3267,training,0,0.0030330494046211243,0.008216694110048729,2.955044664151591,0.704097158204615,-0.06621271917934406
3268,training,0,0.01607690192759037,0.008216694110048729,2.9948910408505083,0.7015537130482604,-0.06159937008295896
3269,training,0,0.004580065608024595,0.008216694110048729,3.0348482513953132,0.6991565522949195,-0.05898279251271324
3270,training,0,0.014999432489275932,0.008216694110048729,3.0746444721991577,0.6968721666649714,-0.05592513034168135
3271,training,0,0.015660909935832024,0.008216694110048729,3.11462712938182,0.694702078503336,-0.05255386075911381
3272,training,0,0.016677269712090492,0.008216694110048729,3.1545123674963027,0.6926465819086115,-0.05084974492737839
3273,training,0,0.01907859556376934,0.00895393823613105,3.194350886717848,0.6906977048357725,-0.047060305162565715
3274,training,0,0.005161397159099579,0.00895393823613105,3.234336223944565,0.6888881330737647,-0.04394197214062038
3275,training,0,0.018158620223402977,0.00895393823613105,3.274178910175575,0.6871979296488253,-0.04091679376950992
3276,training,0,0.02120619500055909,0.00895393823613105,3.314137412703453,0.6856432992597602,-0.03684049026766602
3277,training,0,0.037603212520480156,0.00895393823613105,3.3540686214658946,0.6842295292351589,-0.03469514310194459
3278,training,0,0.03196750022470952,0.00895393823613105,3.393932245571322,0.6829165520474775,-0.031390264441551845
3279,training,0,0.03943740390241147,0.005995307209744699,3.433961559332267,0.6817214071184814,-0.02900469630007685
3280,training,0,0.046550268307328224,0.005995307209744699,3.4738395976412253,0.6805745970596574,-0.028513600522169044
3281,training,0,0.002820303663611412,0.005995307209744699,3.5137798869360446,0.6794785968911106,-0.026616517278796162
3282,training,0,0.0016089696437120438,0.005995307209744699,3.5537460720692757,0.6784295185041549,-0.02695176598752645
3283,training,0,0.0035272531677037477,0.005995307209744699,3.593646169342888,0.6773640950667098,-0.02653043872353108
3284,training,0,0.0007670912891626358,0.005995307209744699,3.633677421857129,0.6763224556495435,-0.02583169492140381
3285,training,0,0.001566590741276741,0.033855812625425453,3.673597281077304,0.6752684550184243,-0.02740251675085458
3286,training,0,0.0008676107972860336,0.033855812625425453,3.733544594594134,0.6736486022008871,-0.02698139280677858
3287,training,0,1.0767951607704163e-05,0.033855812625425453,3.7534858338330426,0.6731094890143691,-0.02788956257872749
3288,training,0,0.006816212087869642,0.033855812625425453,3.7934066072170944,0.6719912815346981,-0.028219916991929862
3289,training,0,0.008421950042247772,0.033855812625425453,3.8334023665328205,0.6708827154237407,-0.027208014761406763
3290,training,0,0.0017539560794830322,0.033855812625425453,3.873331511272676,0.6698001083417282,-0.027536761255827474
3291,training,0,0.004565242212265731,0.033458458607729676,3.913222282032668,0.6687432406032333,-0.02534698196888085
3292,training,0,0.008325979113578796,0.033458458607729676,3.9532329067575076,0.6677845439566876,-0.02329209557518826
3293,training,0,0.011277813464403152,0.033458458607729676,3.9931246357836914,0.6668846293608436,-0.02132315051144838
3294,training,0,0.029697032645344734,0.033458458607729676,4.033060534764326,0.6661278247958508,-0.016234130085960193
3295,training,0,0.03533573495224118,0.033458458607729676,4.07297551071947,0.6655743910509697,-0.012050374833052501
3296,training,0,0.0307742184959352,0.033458458607729676,4.112868937059747,0.6652146099223285,-0.0058615430159835984
3297,training,0,0.020044627235620283,0.03444732718276818,4.1528605971472,0.6651187457111799,0.0003705475876028118
3298,training,0,0.03123812284320593,0.03444732718276818,4.192756786292148,0.6651998726108908,0.0033532065960764396
3299,training,0,0.036421673372387886,0.03444732718276818,4.232675099592883,0.6654298644858478,0.008444166380048964
3300,training,0,0.030876844190061092,0.03444732718276818,4.272624468463891,0.6658632745146769,0.012345913484014351
3301,training,0,0.04418846592307091,0.03444732718276818,4.312570421192684,0.6664355132142208,0.016266007692061265
3302,training,0.06447296,0.06558922491967678,0.03444732718276818,4.372480815310174,0.667662525560487,0.024341285180529575
3303,training,0.002704376,0.08621457405388355,0.006129536235669485,4.432346542004721,0.6694407710677562,0.03688298568973197
3304,training,0.006078818,0.07987283542752266,0.006129536235669485,4.472190206163203,0.6711457371813294,0.04822302495103203
3305,training,0.0036931792,0.08292166143655777,0.006129536235669485,4.512083945508419,0.6732609159380644,0.05681669440625505
3306,training,0,0.048058699816465385,0.006129536235669485,4.551879676193778,0.6756904967553629,0.06374956065933382
3307,training,0,0.04373396560549736,0.006129536235669485,4.571861252435059,0.6769752161942822,0.06324979352772243
3308,training,0,0.04216441139578821,0.006129536235669485,4.611835455733117,0.6794137074294602,0.058352014865916874
3309,training,0,0.045380499213933945,0.014032823301288376,4.651694490094489,0.6816784851671389,0.05458464595395625
3310,training,0.0014191759,0.06048370152711868,0.014032823301288376,4.691638183953156,0.6837855668961442,0.05022861198868018
3311,training,0.0060016923,0.06848763674497604,0.014032823301288376,4.731536056307526,0.6857447338426024,0.04882158373192058
3312,training,0,0.04390524700284005,0.014032823301288376,4.771474933229997,0.6877112665256783,0.04937969168387537
3313,training,0,0.02337563782930374,0.014032823301288376,4.811437801530177,0.6896411165961445,0.04647607186917934
3314,training,0,0.0022720545530319214,0.014032823301288376,4.83132725003034,0.6905580642344147,0.045334933356450585
3315,training,0,0.026919808238744736,0.02135074051606148,4.871327822951405,0.6923043088421645,0.04032385831740055
3316,training,0.0057642483,0.05719160661101341,0.02135074051606148,4.931287756127223,0.6943132310375665,0.027584340412145025
3317,training,0,0.03804466314613819,0.02135074051606148,4.971301586088511,0.6953304860467251,0.02465673934566302
3318,training,0.004906565,0.059947490692138665,0.02135074051606148,5.011274534035635,0.6963287787607773,0.025489966578932453
3319,training,0,0.013504184782505035,0.02135074051606148,5.051126510746791,0.6974127710763672,0.028675230550098636
3320,training,0,0.032450081780552864,0.02135074051606148,5.091154865516968,0.6985583543457357,0.025660309385775817
3321,training,0,0.022143453359603882,0.02570647001172067,5.111174351672987,0.6990322392170721,0.021804442811639558
3322,training,0,0.024468444287776947,0.02570647001172067,5.171117310389067,0.7000748687535449,0.012610959633234642
3323,training,0,0.021401477977633483,0.02570647001172067,5.191175632032366,0.70029823634765,0.009420617795017691
3324,training,0,0.001363258808851242,0.02570647001172067,5.23117713180785,0.7005322777749481,0.0032397985610858986
3325,training,0,0.030194735154509537,0.02570647001172067,5.271100488502792,0.7006306880153571,0.0016841618935399896
3326,training,0,0.0013717357069253922,0.02445086017392294,5.311180493647137,0.700661032289398,-0.0012015132607161912
3327,training,0,0.035812847781926394,0.02445086017392294,5.351020223753864,0.7005340585405587,-0.0055968604149734865
3328,training,0,0.017361564561724666,0.02445086017392294,5.391100948950996,0.7001959507819213,-0.011716787284750027
3329,training,0,0.01783266663551331,0.02445086017392294,5.431169076641844,0.699549605805943,-0.020997547903073562
3330,training,0,0.03432889375835657,0.02445086017392294,5.471062598739461,0.6985669513639176,-0.028444298249025578
3331,training,0,0.019739249255508184,0.02445086017392294,5.511213075299622,0.6972716582839167,-0.036810581932474606
3332,training,0,0.004425825551152229,0.017272111399652422,5.551186594742217,0.6956182004584973,-0.04457673141734489
3333,training,0,0.024497078731656075,0.017272111399652422,5.5911621400683345,0.693774133090889,-0.04673723872877815
3334,training,0,0.0319785475730896,0.017272111399652422,5.631054471197543,0.6918978122686031,-0.046770337943931685
3335,training,0,0.04038919461891055,0.017272111399652422,5.670867458075846,0.6901499520065749,-0.04069969874596581
3336,training,0,0.03352145105600357,0.017272111399652422,5.710877688272787,0.6886595369519178,-0.0337687386493788
3337,training,0,0.031520016491413116,0.017272111399652422,5.750732193289078,0.6874067557221857,-0.029484278821765367
3338,training,0,0.03139807237312198,0.00853347167071884,5.7906371388376785,0.686346183364575,-0.023278490084226427
3339,training,0,0.04611720843240619,0.00853347167071884,5.83059076264312,0.685532522124554,-0.018527823352408383
3340,training,0,0.027369310148060322,0.00853347167071884,5.870483555592844,0.6849083740275488,-0.01208045444653288
3341,training,0,0.00557996891438961,0.00853347167071884,5.910474642921944,0.6845801786036975,-0.0058570123315664375
3342,training,0,0.024092530831694603,0.00853347167071884,5.950399387079343,0.6843186158644993,-0.008849531813782101
3343,training,0,0.04974060598760843,0.00853347167071884,5.990311742157862,0.6838829431619966,-0.014243605700472202
3344,training,0,0.0034852921962738037,0.011212561505849164,6.030470112299534,0.6831398941952417,-0.02437813455349559
3345,training,0,0.04040990024805069,0.011212561505849164,6.070436654235693,0.6819477502693703,-0.03226111034830183
3346,training,0,0.01101432740688324,0.011212561505849164,6.11041027647702,0.6806814416413648,-0.02887894150178633
3347,training,0,0.035460032522678375,0.011212561505849164,6.150394589277283,0.679602855015023,-0.027986836011972195
3348,training,0,0.01494697667658329,0.011212561505849164,6.1903160743857635,0.678414762671877,-0.032751058660630876
3349,training,0,0.04365998739376664,0.011212561505849164,6.2303658458657925,0.677042702224627,-0.03371245533886705
3350,training,0.0044602696,0.06747395545244217,0.012808519064574008,6.290170728892045,0.6752115949636915,-0.024350510727136912
3351,training,0.0015990392,0.07196153700351715,0.012808519064574008,6.330145649278421,0.6744683456836479,-0.01268894306097516
3352,training,0.0054292674,0.05204047169536352,0.012808519064574008,6.389884032767491,0.6742398720367164,0.006783660286003266
3353,training,0,0.01638193242251873,0.012808519064574008,6.40983705084225,0.6744453084948216,0.013359272851925652
3354,training,0,0.0038399025797843933,0.012808519064574008,6.449774959990242,0.6751379126188617,0.01790939045904111
3355,training,0,0.0007368177175521885,0.012808519064574008,6.489657909931593,0.6758038207816781,0.014390484218867553
3356,training,0,0.014980129897594445,0.019036957490022204,6.50966002127529,0.6760670281167414,0.0118977441371497
3357,training,0,0.02007478941231966,0.019036957490022204,6.549719482121491,0.6764457805079911,0.006813085638749981
3358,training,0,0.029554096981883046,0.019036957490022204,6.589653351780156,0.6766712546327625,0.005765526806424785
3359,training,0,0.03632573131471872,0.019036957490022204,6.6296391507195755,0.6769500408073749,0.008328641689159852
3360,training,0,0.03071887418627739,0.019036957490022204,6.669619185232458,0.677316446240489,0.009427614341247403
3361,training,0,0.021605562418699265,0.019036957490022204,6.709508987345546,0.677749326529237,0.012265841344104354
3362,training,0,0.019480817019939423,0.01840999788441295,6.749533993244406,0.678287239779606,0.013262405721592117
3363,training,0,0.008042939007282257,0.01840999788441295,6.7894742906399665,0.6787847503316284,0.011511561553130763
3364,training,0,0.00690205954015255,0.01840999788441295,6.829447217357107,0.6792163500867392,0.009486083867923474
3365,training,0,0.008352918550372124,0.01840999788441295,6.86951270801223,0.6795147467819527,0.004149522029715862
3366,training,0,0.019541515037417412,0.01840999788441295,6.909420531905259,0.6795710588566745,-0.0006157498096014211
3367,training,0,0.01721402071416378,0.01840999788441295,6.9494850194866515,0.6795056471756533,-0.002194506395947418
3368,training,0,0.03724656626582146,0.01561423326264336,6.989493803685228,0.6793951926462057,-0.0032586755985257445
3369,training,0,0.027349010109901428,0.01561423326264336,7.0294240300445345,0.6793090985989456,-0.0005936691713242137
3370,training,0,0.027228210121393204,0.01561423326264336,7.069421590316348,0.6793444689086818,0.0010915590293970711
3371,training,0,0.019812118262052533,0.01561423326264336,7.109341967419616,0.6794031626626247,0.0016434839871079581
3372,training,0,0.01853397116065025,0.01561423326264336,7.149349079660824,0.6794936922706518,0.0026617356318672687
3373,training,0,0.007635285146534443,0.01561423326264336,7.189366746978184,0.6795916620922032,0.0015255540368263273
3374,training,0,0.018951699137687683,0.009883580098343874,7.229257360554494,0.6796612411692148,0.0016041184002152902
3375,training,0,0.01240180991590023,0.009883580098343874,7.269319932601702,0.6797231210549629,0.0008076838097840525
3376,training,0,0.02613629773259163,0.009883580098343874,7.309257415239825,0.6797181810644133,-0.0007802301377890413
3377,training,0,0.017828896641731262,0.009883580098343874,7.34924946515075,0.6796757577795093,-0.001939910552942408
3378,training,0,0.03193359076976776,0.009883580098343874,7.389310343675239,0.67954454967092,-0.005404605555388759
3379,training,0,0.03714928776025772,0.009883580098343874,7.429208143220813,0.6792807566276239,-0.007755340754311067
3380,training,0,0.006781411357223988,0.009755041398000389,7.469281973403694,0.6789342870250743,-0.009841368286576887
3381,training,0,0.0014830357395112506,0.009755041398000389,7.509295110017821,0.6784766635930739,-0.013132363328475026
3382,training,0,0.0039783399552106875,0.009755041398000389,7.549239477040576,0.6779349970416024,-0.014141222009973258
3383,training,0,0.00035474682226777077,0.009755041398000389,7.589251521978508,0.6773448368089034,-0.01634791923383997
3384,training,0,0.007145540788769722,0.009755041398000389,7.629191735669872,0.6766543540571653,-0.01799336052287145
3385,training,0,0.006982093676924704,0.009755041398000389,7.6692154650980715,0.6759348405826143,-0.018133758887698265
3386,training,0,0.04967223107814788,0.01000413547282328,7.709146915638447,0.6751779938670455,-0.020256126317775857
3387,training,0.0027944136,0.056038014590740204,0.01000413547282328,7.769094437828609,0.6739797198762332,-0.019596801399465957
3388,training,0,0.03753999434411526,0.01000413547282328,7.789047062746793,0.6735917887052391,-0.02015615126750674
3389,training,0,0.0422911923378706,0.01000413547282328,7.828954001361552,0.6727780710520357,-0.021322012982244513
3390,training,0,0.03947948478162288,0.01000413547282328,7.868944860970067,0.6719011395346258,-0.0226710455115604
3391,training,0,0.03508569858968258,0.01000413547282328,7.908904319236343,0.6709491505001156,-0.02566895802493881
3392,training,0,0.0085369604639709,0.0073179577787020975,7.948813704522446,0.6699047089228508,-0.026579282463569966
3393,training,0,0.004205460660159588,0.0073179577787020975,7.98885652858682,0.6688447121240393,-0.02672854005135183
3394,training,0,0.002311423420906067,0.0073179577787020975,8.028757378068759,0.6677475578382484,-0.028164332794414024
3395,training,0,0.0023427102714776993,0.0073179577787020975,8.068687077570994,0.6666461901020951,-0.026946325956397222
3396,training,0,0.0032820235937833786,0.0073179577787020975,8.108649836598715,0.6655868950508645,-0.027250573487847398
3397,training,0,0.005005112965591252,0.0073179577787020975,8.148556576498073,0.6645053713373059,-0.026882662527632852
3398,training,0,0.004661688581109047,0.011687788263698116,8.188574268845462,0.663458838215189,-0.0256237787847429
3399,training,0,0.00023897364735603506,0.011687788263698116,8.22849435038505,0.6624308386945175,-0.02635607357389661
3400,training,0,0.00703284447081387,0.011687788263698116,8.268396677810056,0.6614131648231203,-0.024566774201380353
3401,training,0,0.04350276477634907,0.011687788263698116,8.308366491625325,0.6604751492501806,-0.023294127771968726
3402,training,0,0.006344913970679045,0.011687788263698116,8.348292102834797,0.6595747954891177,-0.02179487293301344
3403,training,0,0.004042903892695903,0.011687788263698116,8.388267070634697,0.658764373211916,-0.018814556768094775
3404,training,0,0.04876835457980633,0.005285134534014144,8.428200950721335,0.658043759222673,-0.01804729936333288
3405,training,0,0.03548945672810078,0.005285134534014144,8.468107676629236,0.6573707718417645,-0.01566382552115376
3406,training,0,0.04982978291809558,0.005285134534014144,8.508116592574856,0.6568028616007932,-0.013511275833612937
3407,training,0,0.012255853042006493,0.005285134534014144,8.54804215651581,0.6562784061558855,-0.012634580941979296
3408,training,0,0.016992921940982342,0.005285134534014144,8.587978335549787,0.6558402604962111,-0.009389204244959549
3409,training,0,0.014319855719804764,0.005285134534014144,8.627935386550767,0.6555069768954078,-0.008457107203255943
3410,training,0,0.020153830759227276,0.014470900432963679,8.667872612992195,0.6551960838539236,-0.007106297154417121
3411,training,0,0.037685925140976906,0.014470900432963679,8.707890130738532,0.6549566271532685,-0.005244987276463296
3412,training,0,0.04671997018158435,0.014470900432963679,8.747837918658517,0.6547480014001361,-0.005687906927524342
3413,training,0,0.019331233575940132,0.014470900432963679,8.787774004546156,0.654549106455328,-0.00427729111022852
3414,training,0,0.013551782816648483,0.014470900432963679,8.827768015620782,0.6544058511153761,-0.003950261536076628
3415,training,0,0.03807639889419079,0.014470900432963679,8.867735333189847,0.6542444580938401,-0.004155557987530458
3416,training,0,0.03625176660716534,0.00994469802371306,8.907731429334891,0.6541032309794728,-0.003120775165158166
3417,training,0,0.016505667939782143,0.00994469802371306,8.947710286136427,0.6539718347967579,-0.0040874247928039
3418,training,0,0.017139952629804615,0.00994469802371306,8.987645146360318,0.6538164206032735,-0.0036454151995192374
3419,training,0,0.04614538513123989,0.00994469802371306,9.027662728340704,0.6536931819749853,-0.0033805716686918954
3420,training,0,0.04268680512905121,0.00994469802371306,9.067643186842773,0.6535412170815676,-0.004444684575860231
3421,training,0,0.03541478887200356,0.00744866631036042,9.107604817783386,0.6533798311218092,-0.0038048553196611797
3422,training,0,0.01796006690710783,0.00744866631036042,9.147606307320762,0.6532249072354941,-0.0047801907410860815
3423,training,0,0.01164293847978115,0.00744866631036042,9.187553538213244,0.6530248811603001,-0.0052470429701422594
3424,training,0,0.008052862714976072,0.00744866631036042,9.227580156451529,0.6528272450099311,-0.0051109621288463565
3425,training,0,0.01744904182851315,0.00744866631036042,9.267560795857696,0.6525990016393608,-0.006667536596772832
3426,training,0,0.014309931546449661,0.00744866631036042,9.307505724521304,0.6523408715949901,-0.0062247773808386956
3427,training,0,0.02041925862431526,0.004712122846886201,9.347508185322953,0.6520998253971099,-0.006847867001639958
3428,training,0,0.010033901780843735,0.004712122846886201,9.387474653403046,0.6518063943951611,-0.007831543027580897
3429,training,0,0.010913757607340813,0.004712122846886201,9.427481659275221,0.6515026976792471,-0.00758312508391841
3430,training,0,0.015272391960024834,0.004712122846886201,9.467457853856382,0.6511762082149233,-0.009329116431448592
3431,training,0,0.0140538327395916,0.004712122846886201,9.507393746753978,0.6508072346488691,-0.00908261871890601
3432,training,0,0.011528230272233486,0.004712122846886201,9.547391485018192,0.6504593136218729,-0.009296604144498396
3433,training,0,0.02597221359610558,0.011720627043502732,9.587373415888795,0.6500716346130081,-0.010245654661396765
3434,training,0,0.013274985365569592,0.011720627043502732,9.627343838163736,0.6496814262981234,-0.009497038309225898
3435,training,0,0.015199397690594196,0.011720627043502732,9.667328087063188,0.6492950800935967,-0.010746436555974041
3436,training,0,0.03684478998184204,0.011720627043502732,9.707269423619469,0.6488596678488192,-0.01091475211828298
3437,training,0,0.023604422807693478,0.011720627043502732,9.747296024455819,0.6484419938138571,-0.010543941222579565
3438,training,0,0.03046124055981636,0.011720627043502732,9.78725387150073,0.6479942375669175,-0.012199600799650772
3439,training,0,0.020522715523838997,0.02526242563415761,9.827194441554765,0.647516107184448,-0.011761567637093248
3440,training,0,0.027504688128829,0.02526242563415761,9.86717496028407,0.6470506881612865,-0.01255905762673984
3441,training,0,0.023286251351237297,0.02526242563415761,9.9071279292439,0.6465352095115507,-0.013276697925408495
3442,training,0,0.0231695044785738,0.02526242563415761,9.947140240093844,0.6460140280309831,-0.012948792502810013
3443,training,0,0.03256516344845295,0.02526242563415761,9.987087627358376,0.6454732354787558,-0.014552425625902695
3444,training,0,0.019346127286553383,0.02526242563415761,10.027017058637194,0.6449049163237092,-0.013940130666541858
3445,training,0,0.027070909738540653,0.01704455783262744,10.06699124590917,0.6443680372157597,-0.014105011782109864
3446,training,0,0.023135686293244362,0.01704455783262744,10.106956627618016,0.6437934180071295,-0.01465674702903259
3447,training,0,0.019923215731978416,0.01704455783262744,10.146930085916182,0.643236333692203,-0.013291827045706877
3448,training,0,0.0348126906901598,0.01704455783262744,10.186874320351421,0.6427099745398359,-0.013944826915306052
3449,training,0,0.01966486033052206,0.01704455783262744,10.22680608122013,0.6421690976886641,-0.012975607608609985
3450,training,0,0.025977911427617073,0.01704455783262744,10.266821237354272,0.6416902556335152,-0.011639155956368372
3451,training,0,0.020158495754003525,0.005148643181165409,10.306748631939342,0.6412135102592227,-0.01229816708555896
3452,training,0,0.02908001467585563,0.005148643181165409,10.346685277259375,0.6407593646728528,-0.01051428754220785
3453,training,0,0.033919958397746086,0.005148643181165409,10.386638983720145,0.6403634979278227,-0.010386159638075348
3454,training,0,0.0272892564535141,0.005148643181165409,10.426590666736125,0.6399604304040241,-0.009700953921780517
3455,training,0,0.03909694403409958,0.005148643181165409,10.466597797949449,0.6396131304240733,-0.007847376972071144
3456,training,0,0.03523127920925617,0.005148643181165409,10.50652936447767,0.6393000873907799,-0.008245105332360985
3457,training,0,0.031499868258833885,0.011997725548972443,10.546463948574763,0.6390046998833866,-0.006616777412463152
3458,training,0,0.030430786311626434,0.011997725548972443,10.586448394899943,0.6387738525392638,-0.006016534025111592
3459,training,0,0.028867095708847053,0.011997725548972443,10.626423239857893,0.6385353798619559,-0.005850366390040725
3460,training,0,0.030788775533437722,0.011997725548972443,10.666401356143622,0.6383431122088222,-0.003949575911023381
3461,training,0,0.033523017540574074,0.011997725548972443,10.706366180876838,0.6381958933210906,-0.004325013200487783
3462,training,0,0.03246670588850975,0.011997725548972443,10.746313047773048,0.638035746653307,-0.0035007463048322813
3463,training,0,0.036031225696206086,0.019158086696107367,10.786319441247208,0.6379260596620605,-0.00281124754099187
3464,training,0,0.038038091734051704,0.019158086696107367,10.826313483084954,0.6378031812439072,-0.003650621124401527
3465,training,0,0.04509727098047733,0.019158086696107367,10.86626716962285,0.6376812895268157,-0.0025976552043680337
3466,training,0,0.03394365683197975,0.019158086696107367,10.9062618724283,0.6375847413705512,-0.0030625886912058957
3467,training,0,0.0434418935328722,0.019158086696107367,10.946229382978801,0.6374578197307929,-0.0031857005018713067
3468,training,0,0.042195068672299385,0.019158086696107367,10.986240683341729,0.6373576060686759,-0.0021490217463687174
3469,training,0,0.03400547243654728,0.028732393155669483,11.02620973212827,0.6372629854134476,-0.0029477001798536217
3470,training,0,0.03177239932119846,0.028732393155669483,11.066155789292837,0.6371683313338153,-0.0017615976692921165
3471,training,0,0.03591186739504337,0.028732393155669483,11.106158105734751,0.6371221169847463,-0.0014985248756493902
3472,training,0,0.02924593351781369,0.028732393155669483,11.146143617861963,0.6370564414015869,-0.0016897884467130374
3473,training,0,0.02651231177151203,0.028732393155669483,11.18612948561575,0.6370229135899943,-0.0001776373958655122
3474,training,0,0.03255627490580082,0.028732393155669483,11.226105029668325,0.6370214651030455,-0.00041491760534852445
3475,training,0,0.02843201346695423,0.03370002895331213,11.266055478350442,0.6370289644846264,0.0009648112212785567
3476,training,0,0.03338294662535191,0.03370002895331213,11.306037797862137,0.6371133912693987,0.0025345522714121907
3477,training,0,0.02070016600191593,0.03370002895331213,11.346023827050905,0.6372331657922738,0.003087183576846699
3478,training,0,0.029122890904545784,0.03370002895331213,11.385964144375714,0.6374085569371871,0.005688917385049006
3479,training,0,0.013902558013796803,0.03370002895331213,11.425943754081546,0.6376744979540155,0.006859921052924339
3480,training,0,0.007761169224977493,0.03370002895331213,11.465872915169228,0.6379887015686329,0.009121249453629854
3481,training,0,0.0008269175887107814,0.03855796109775766,11.505848630015839,0.638432157183122,0.012853730638841609
3482,training,0,0.017382049933075905,0.03855796109775766,11.545794712259838,0.6390024103212096,0.015803310173804746
3483,training,0,0.03410138189792633,0.03855796109775766,11.58571269269739,0.6397469692504981,0.02183288032690592
3484,training,0,0.032204389572143555,0.03855796109775766,11.625628493342855,0.6407482734403843,0.027790457995332675
3485,training,0,0.0422372305765748,0.03855796109775766,11.665534858187243,0.6419792927954728,0.03405173030247498
3486,training,0,0.03798864223062992,0.03855796109775766,11.705434761739015,0.6434888890086014,0.0410803464605097
3487,training,0.011819551,0.05176117829978466,0.04438457649040461,11.7653075108131,0.6461471732527716,0.04747303836079044
3488,training,0,0.03560301475226879,0.04438457649040461,11.805139763396053,0.6481666173136864,0.05305071002583094
3489,training,0,0.01474862731993198,0.04438457649040461,11.845036310855773,0.6503201912825318,0.0536949020975599
3490,training,0,0.01587054505944252,0.04438457649040461,11.865038105367143,0.6513857791013439,0.052655331110292566
3491,training,0,0.015611186623573303,0.04438457649040461,11.904902693278276,0.6534828881158157,0.05147245020606903
3492,training,0,0.017574086785316467,0.04438457649040461,11.944847840264364,0.6554644163678514,0.04678224212333221
3493,training,0,0.030400514602661133,0.030313380784192125,11.984770610396627,0.6572478084501273,0.043115704327716754
3494,training,0,0.0398007296025753,0.030313380784192125,12.024739031527785,0.6589378698434055,0.0413458544264687
3495,training,0,0.03965126723051071,0.030313380784192125,12.064709955980485,0.6605618119717652,0.040393223956330396
3496,training,0,0.02953425422310829,0.030313380784192125,12.104565102806761,0.6622192157348028,0.04234754723513097
3497,training,0,0.009614710230380297,0.030313380784192125,12.144508791510273,0.6639190200604504,0.04112132745311886
3498,training,0,0.012185575906187296,0.030313380784192125,12.184434353538853,0.6655039221155151,0.03935180794836913
3499,training,0,0.027784557547420263,0.022843099119462595,12.224385298953498,0.6670901421884202,0.039364586496904164
3500,training,0.004771611,0.06655272096395493,0.022843099119462595,12.284325313820338,0.6692732863416553,0.03273437718903094
3501,training,0.0032376475,0.08902941551059484,0.022843099119462595,12.324335480713254,0.6704412323761366,0.024154438276086508
3502,training,0.0022893106,0.08855889737606049,0.022843099119462595,12.364438501493527,0.6711452402287856,0.009489884942630653
3503,training,0,0.04283083789050579,0.022843099119462595,12.404438136472752,0.6712546756847443,-0.0028725382098752235
3504,training,0,0.023903375491499908,0.014915774555290008,12.444480226433342,0.6710540133598567,-0.005775493305371574
3505,training,0,6.889551877976158e-05,0.014915774555290008,12.464448382468596,0.6709459987357044,-0.005094940555755991
3506,training,0,0.025992451235651963,0.014915774555290008,12.504370286994705,0.6708245537662827,-2.3773893296663922e-05
3507,training,0,0.03766944073140621,0.014915774555290008,12.54437069523404,0.670962757413159,0.005131667149400878
3508,training,0.0026069845,0.05122917704284192,0.014915774555290008,12.604265202951924,0.6712377584493336,0.0038571542396553765
3509,training,0.011198259,0.05265073850750923,0.014915774555290008,12.664319480156465,0.671393393815654,-5.425942713575392e-05
3510,training,0.0035739355,0.061099419370293624,0.011434982015803025,12.74428269615918,0.6710592748449339,-0.008119963424455433
3511,training,0.00052456907,0.06265599094331264,0.011434982015803025,12.784335607509819,0.6706273623364394,-0.01380548725311873
3512,training,0,0.011269612703472376,0.011434982015803025,12.804258179744757,0.6703363696333315,-0.01596981264098347
3513,training,0.0018310903,0.06044065020978451,0.011434982015803025,12.844274106489841,0.6696272158735969,-0.019181251167499306
3514,training,0,0.0409703329205513,0.011434982015803025,12.864218263769837,0.6692334926674173,-0.02109131830832748
3515,training,0,0.00013355538249015808,0.01220001602845311,12.904186058948813,0.6683547834241108,-0.022426881212128377
3516,training,0,0.002149537205696106,0.01220001602845311,12.92414053467318,0.6679153524740168,-0.021867300128698586
3517,training,0,0.018531834706664085,0.01220001602845311,12.964151858992427,0.6670534017939155,-0.022139555635428142
3518,training,0,0.009134774096310139,0.01220001602845311,13.004082108952929,0.6661215984939038,-0.024606187030845807
3519,training,0,0.014292592182755472,0.01220001602845311,13.024026896116565,0.6656348778385254,-0.02429077233352443
3520,training,0,0.045083655044436455,0.01220001602845311,13.064046208304681,0.6646988468354887,-0.0215828144890207
3521,training,0.0046651573,0.06438149511814117,0.01220001602845311,13.123811343067905,0.6637487275130511,-0.007367496417762674
3522,training,0,0.04125557281076908,0.021826462572157077,13.163742051471036,0.6637283593699136,0.00603083388159531
3523,training,0.0019055062,0.05015857703983784,0.021826462572157077,13.203609725958966,0.6641237236581387,0.01291198965010572
3524,training,0,0.03493901155889034,0.021826462572157077,13.243519124091543,0.664788985608489,0.02032069200867456
3525,training,0,0.03347598947584629,0.021826462572157077,13.283477038356143,0.6657084314908037,0.024429192184023597
3526,training,0,0.024495847523212433,0.021826462572157077,13.303471515564251,0.6662079337063626,0.025400307976759077
3527,training,0,0.019619524478912357,0.021826462572157077,13.343343237605298,0.6672814003924769,0.02721651757526767
3528,training,0,0.03229744732379913,0.021714818384455006,13.383340235662578,0.6683560313211994,0.02570027400604955
3529,training,0,0.018318962305784225,0.021714818384455006,13.42329027383564,0.6693410122347865,0.024288891726079207
3530,training,0,0.011605888605117798,0.021714818384455006,13.463253607247456,0.6703101842240398,0.02332974690278383
3531,training,0,0.03196690231561661,0.021714818384455006,13.50328702455108,0.6711565453559035,0.016718645964773623
3532,training,0,0.023274842649698257,0.021714818384455006,13.543213626599478,0.6716304374834052,0.006559082650994715
3533,training,0,0.006588493473827839,0.021714818384455006,13.583339636568095,0.6716874648649085,-0.0029173182655875905
3534,training,0,0.012613195925951004,0.016326649805726245,13.623353742567852,0.6714454206339627,-0.007673397252771058
3535,training,0,0.041498021222651005,0.016326649805726245,13.663291080416213,0.6711608752626155,-0.0058249377708578945
3536,training,0.0023244824,0.054522767663002014,0.016326649805726245,13.72315463352358,0.6709607572011036,-0.0001676661278457467
3537,training,0,0.016638293862342834,0.016326649805726245,13.763057317662854,0.6711018741266126,0.007497423973780029
3538,training,0,0.012325011193752292,0.016326649805726245,13.803062619738922,0.6714714673442421,0.008649228420729616
3539,training,0,0.0039559584110975266,0.016326649805726245,13.82309240796393,0.6716073863990936,0.004727122847792568
3540,training,0,0.007296733558177946,0.01257667992754585,13.863001921630202,0.6716847951374817,-0.0004247885354133919
3541,training,0,0.006149411201477051,0.01257667992754585,13.903080740232383,0.671604388845999,-0.003983108883200295
3542,training,0,0.018644585739821196,0.01257667992754585,13.943013726500903,0.6713628882196859,-0.00783378243169658
3543,training,0,0.02981390245258808,0.01257667992754585,13.98303783534126,0.6709861752969394,-0.011328051599096018
3544,training,0,0.039970263838768005,0.01257667992754585,14.02310931146776,0.6704244378570536,-0.017511115806192065
3545,training,0,0.04116002470254898,0.011375609427347408,14.063014917463086,0.6696066326195195,-0.023929218900596332
3546,training,0,0.03406637720763683,0.011375609427347408,14.10314219003372,0.668505090999801,-0.03139843595803567
3547,training,0,0.011339334771037102,0.011375609427347408,14.143151444905444,0.6670782766946112,-0.03860652678037322
3548,training,0,0.005301713943481445,0.011375609427347408,14.183083897737404,0.6655197895280568,-0.038149119681625036
3549,training,0,0.00953275710344315,0.011375609427347408,14.223016012307571,0.6640381174133579,-0.03665963307444786
3550,training,0.0060788817,0.051750792190432555,0.011375609427347408,14.282872010530209,0.6619571801105975,-0.03307307392528745
3551,training,0,0.023481592535972595,0.006123831688838566,14.322832728100682,0.660649071205186,-0.03386101481283636
3552,training,0,0.036498673260211945,0.006123831688838566,14.342814972148162,0.6599693641598939,-0.03474379698058939
3553,training,0,0.02411344274878502,0.006123831688838566,14.38272066133029,0.6585802681189815,-0.03501770518873566
3554,training,0,0.010386839509010315,0.006123831688838566,14.42268527143464,0.6571773640658526,-0.03610409460942618
3555,training,0,0.018702555447816856,0.006123831688838566,14.462611502834694,0.6557396076418492,-0.03525489020032082
3556,training,0,0.0214210320264101,0.006123831688838566,14.502581105873233,0.6544008555832658,-0.03130693852924574
3557,training,0,0.031026002019643784,0.007826101992937474,14.542518639561736,0.6532015442988484,-0.02987479909218369
3558,training,0.007526775,0.050711601972579956,0.007826101992937474,14.602439091723358,0.6514686060909831,-0.02893880384513457
3559,training,0.003751612,0.05250162817537784,0.007826101992937474,14.642383772492563,0.650286873887118,-0.030966207078327253
3560,training,0.006570003,0.05811227113008499,0.007826101992937474,14.702302157099028,0.6483954675704189,-0.032349836147681596
3561,training,0.005896733,0.07646895200014114,0.007826101992937474,14.742269001415956,0.6470178025925157,-0.03772857372300411
3562,training,0.002706623,0.06338667683303356,0.007826101992937474,14.78217490719323,0.6454207193785699,-0.042256830807774745
3563,training,0.00644616,0.06817334331572054,0.006580610706863326,14.822205355493837,0.6436821411924204,-0.04436708040711669
3564,training,0.006864064,0.05262348800897597,0.006580610706863326,14.881995134531516,0.6409670517414279,-0.04491966074869356
3565,training,0,0.042494796216487885,0.006580610706863326,14.901953481188222,0.6400881671373219,-0.04236065808640103
3566,training,0,0.043274074792861925,0.006580610706863326,14.921964326610382,0.6392778976229828,-0.038285123645039304
3567,training,0,0.030981510877609253,0.006580610706863326,14.961834557944117,0.6378898088478493,-0.03168635929299977
3568,training,0,0.03714463673532008,0.006580610706863326,15.001689665406143,0.6367917025509536,-0.023556586067252184
3569,training,0,0.03572632186114789,0.011272955204442811,15.021700383047586,0.6363569972200841,-0.020048826739363656
3570,training,0,0.034761922433972366,0.011272955204442811,15.061600540757567,0.6356420921137099,-0.01640093950378984
3571,training,0,0.03240973688662052,0.011272955204442811,15.101502913988707,0.6350908683777747,-0.011288151994706105
3572,training,0,0.039508016780018806,0.011272955204442811,15.141438239893578,0.6347394984600304,-0.007561235315465268
3573,training,0,0.03963630460202694,0.011272955204442811,15.181405744731853,0.6344950113368244,-0.004935525272678362
3574,training,0,0.033913636580109596,0.011272955204442811,15.221354050464843,0.6343796131187118,-0.0009733510701049806
3575,training,0,0.03450782410800457,0.02276278916250574,15.261301824149648,0.6343862928998497,0.00023309967764268202
3576,training,0,0.029859507456421845,0.02276278916250574,15.301255531947913,0.63443224768185,0.0021600328775808293
3577,training,0,0.026484502479434013,0.02276278916250574,15.34125307971981,0.6345730208418148,0.004271087044220793
3578,training,0,0.03629057668149472,0.02276278916250574,15.381226391807594,0.6347540687016032,0.00464184165281463
3579,training,0,0.03172059915959835,0.02276278916250574,15.42114532068253,0.634991530507958,0.006892872160007981
3580,training,0,0.021167447790503502,0.02276278916250574,15.461154097140664,0.6353015244208129,0.00773285435988186
3581,training,0,0.03765559382736683,0.03222151833544921,15.501090306178087,0.6356221931637122,0.00849522765629038
3582,training,0,0.028574259951710704,0.03222151833544921,15.541082292390152,0.63599720783871,0.009781000603039543
3583,training,0,0.034789698198437684,0.03222151833544921,15.581084337458835,0.6363758521385093,0.008698221949725147
3584,training,0,0.028883041813969616,0.03222151833544921,15.620974776654068,0.6367420896476365,0.009540128839054227
3585,training,0,0.025347528979182247,0.03222151833544921,15.660994403832875,0.6371428846493397,0.009794882092226146
3586,training,0,0.024520074948668476,0.03222151833544921,15.700937894112021,0.6375206274340198,0.009409706202951996
3587,training,0,0.0333759393543005,0.03632291125091311,15.740901760097445,0.637918131174612,0.010200763182446533
3588,training,0,0.03301413916051388,0.03632291125091311,15.780913133787116,0.6383149804660684,0.008774797022668803
3589,training,0,0.027616294100880623,0.03632291125091311,15.820809986652488,0.6386575133024834,0.00862363332244988
3590,training,0,0.025418894365429878,0.03632291125091311,15.860839885701177,0.6390125309609228,0.008561976159049111
3591,training,0,0.0188578013330698,0.03632291125091311,15.900832788795945,0.6393239861342033,0.0070640055846926475
3592,training,0,0.033005354925990105,0.03632291125091311,15.940735763721305,0.6396316409189508,0.008021924106159707
3593,training,0,0.02033170871436596,0.02865100504076874,15.98075786778079,0.6399567858381414,0.007294338015245739
3594,training,0,0.020934987813234333,0.02865100504076874,16.02068140824285,0.6402325084613572,0.00683320746099073
3595,training,0,0.029615158215165138,0.02865100504076874,16.06069434461013,0.6405161405460337,0.0069740548175561586
3596,training,0,0.03193129971623421,0.02865100504076874,16.100704682670045,0.6407644464626067,0.005037927587556742
3597,training,0,0.03024470619857311,0.02865100504076874,16.140591882554922,0.6409744222972662,0.00538246410783439
3598,training,0,0.022456264123320576,0.02865100504076874,16.18062530503727,0.6411989135926432,0.005062568923247211
3599,training,0,0.025423159822821614,0.033085918270993074,16.220569727604904,0.6413782554285627,0.004340053936670424
3600,training,0,0.032610153779387474,0.033085918270993074,16.26055218698321,0.6415708833056447,0.005094622280679254
3601,training,0,0.015920358709990978,0.033085918270993074,16.300569185993993,0.6417655945713543,0.0038311693037804697
3602,training,0,0.030712073668837544,0.033085918270993074,16.340475787250696,0.6419169914541955,0.0039391401738027325
3603,training,0,0.022983649745583538,0.033085918270993074,16.380513021966493,0.6420904572370065,0.004139648461671034
3604,training,0,0.02230569534003735,0.033085918270993074,16.420491653931,0.6422374550882647,0.0032997451163074153
3605,training,0,0.01568536087870598,0.040592050908256024,16.460427482195637,0.6423964556898702,0.004402927649119871
3606,training,0,0.019886670634150505,0.040592050908256024,16.500450282595832,0.6425794203847547,0.003819056454440785
3607,training,0,0.028852650895714756,0.040592050908256024,16.540374470146553,0.642721283820435,0.0035491667765323166
3608,training,0,0.028151022270321846,0.040592050908256024,16.58039429288908,0.6428797963043187,0.004049453883866467
3609,training,0,0.015590829774737358,0.040592050908256024,16.62039757965129,0.6430229439996195,0.0028564668668817107
3610,training,0,0.015299554914236069,0.040592050908256024,16.66030200571451,0.643160542234301,0.003816033029639579
3611,training,0,0.022307744249701496,0.034169049611368046,16.70033369082689,0.6433345025226728,0.004060190006899706
3612,training,0,0.011874124407768251,0.034169049611368046,16.740274224481457,0.6434840047107125,0.003730528622998097
3613,training,0,0.018188465386629105,0.034169049611368046,16.780260577993023,0.6436555822704383,0.004671210912085818
3614,training,0,0.01563062984496355,0.034169049611368046,16.82027614675356,0.6438375830508454,0.0035514258910762943
3615,training,0,0.015211208723485468,0.034169049611368046,16.860176731737063,0.643978594329903,0.0036336585575330827
3616,training,0,0.024974690750241276,0.034169049611368046,16.900218470130127,0.6441352182153095,0.003488915891019869
3617,training,0,0.021855143830180168,0.035983386989686665,16.940187618354784,0.6442464819651721,0.0021872496585532753
3618,training,0,0.015617522411048412,0.035983386989686665,16.98013562720288,0.6443481577386625,0.0027395858060504227
3619,training,0,0.021103347651660442,0.035983386989686665,17.020166694131262,0.6444520430760303,0.0016041241009744855
3620,training,0,0.02592155523598194,0.035983386989686665,17.060080061512103,0.6444996644464153,0.0008902629078373889
3621,training,0,0.028229352086782455,0.035983386989686665,17.10011539035657,0.6445380237410159,0.0006597520343730096
3622,training,0,0.014817523770034311,0.035983386989686665,17.14012123995868,0.6445278044793188,-0.0013054455991239552
3623,training,0,0.03275666944682598,0.02436380307310473,17.18003116561108,0.6444893665567233,-0.0009091903912485491
3624,training,0,0.021900787949562073,0.02436380307310473,17.220075448924035,0.6444578866683305,-0.0015228945419117387
3625,training,0,0.03251621313393116,0.02436380307310473,17.260016881421986,0.6443713001065492,-0.0027066262418588773
3626,training,0,0.028014710173010826,0.02436380307310473,17.300022963106212,0.6442598211140238,-0.003117278067217126
3627,training,0,0.03109628893435001,0.02436380307310473,17.340052338852562,0.6441052106024352,-0.005165711672809257
3628,training,0,0.02755492366850376,0.02436380307310473,17.379962708961557,0.6438955199915704,-0.0054621117985969945
3629,training,0,0.02402557246387005,0.0269282936221327,17.419968707351902,0.6436812868711973,-0.006004269247084241
3630,training,0,0.03475103713572026,0.0269282936221327,17.45996370159265,0.6434199891065974,-0.007374562026971124
3631,training,0,0.02985142543911934,0.0269282936221327,17.49993112125064,0.6431363754812253,-0.006932546209882289
3632,training,0,0.03360100090503692,0.0269282936221327,17.539915356820117,0.6428539006552854,-0.008140349258170728
3633,training,0,0.026524087414145466,0.0269282936221327,17.57986584326291,0.6425181155714834,-0.00853663279076074
3634,training,0,0.04331006482243538,0.0269282936221327,17.619889478634708,0.6421916726919648,-0.008275174856463686
3635,training,0,0.03067280538380146,0.03459072784279692,17.659854104799848,0.6418379523541817,-0.009723226141760381
3636,training,0,0.031534241512417786,0.03459072784279692,17.69979466902478,0.641465096460239,-0.008800811855608636
3637,training,0,0.029634689912199974,0.03459072784279692,17.739779124847,0.6411348383170264,-0.008842118875097333
3638,training,0,0.04383395798504352,0.03459072784279692,17.779743233166904,0.6407743795825296,-0.009153264001791285
3639,training,0,0.04443635232746601,0.03459072784279692,17.819747059756807,0.6404291560092357,-0.008389991261156585
3640,training,0,0.031876666471362114,0.03459072784279692,17.859710887316318,0.6400778681617082,-0.009712544377818533
3641,training,0,0.041312513872981065,0.04431363652797315,17.89964687311082,0.6397024945216429,-0.009104712577693972
3642,training,0,0.040197866037487984,0.04431363652797315,17.93961656166957,0.6393659457959159,-0.008631031096310955
3643,training,0,0.034758919849991805,0.04431363652797315,17.979593410380893,0.639024584910102,-0.00870522347936691
3644,training,0,0.031025229021906853,0.04431363652797315,18.019561327034623,0.6387095450082722,-0.007060245219638
3645,training,0,0.03170689195394515,0.04431363652797315,18.059526200346525,0.6384426821539237,-0.007214879893328488
3646,training,0,0.029352283105254173,0.04431363652797315,18.09947159052263,0.6381709142791515,-0.006242081835243487
3647,training,0,0.041780093684792526,0.05263093091897668,18.139478297096538,0.6379621083008991,-0.004904430540341378
3648,training,0,0.03525868989527226,0.05263093091897668,18.1794454569608,0.6377641561581621,-0.005267259037106029
3649,training,0,0.03137621097266674,0.05263093091897668,18.219388030988288,0.6375893468502324,-0.0035022516794882604
3650,training,0,0.03458305075764657,0.05263093091897668,18.259366442236903,0.6374758875723733,-0.0032596248862657847
3651,training,0,0.04543610475957393,0.05263093091897668,18.299334311599956,0.6373488826859132,-0.0029795353661633416
3652,training,0,0.04647876881062985,0.05263093091897668,18.339337385196796,0.6372624672224765,-0.001675786560276898
3653,training,0,0.033257363364100456,0.04930405252730747,18.379310396775654,0.6371854913862227,-0.0026508506739380947
3654,training,0.0039994763,0.0617671012878418,0.04930405252730747,18.4392649021387,0.6370628103576612,-0.0015414756470000439
3655,training,0.0048752427,0.08496787771582603,0.04930405252730747,18.479249303990773,0.6369943354372771,-0.0024280478371229556
3656,training,0.0029628938,0.07569222897291183,0.04930405252730747,18.539140126194305,0.6367495930778216,-0.00694600298708483
3657,training,0.0032953578,0.0798946414142847,0.05236225528314261,18.579263467662997,0.6363351425688554,-0.015010765797226069
3658,training,0,0.04970049485564233,0.05236225528314261,18.619187830534702,0.6356030779031805,-0.02055646958380318
3659,training,0,0.04194548353552818,0.05236225528314261,18.639200470008046,0.6351843504772272,-0.02050693242058359
3660,training,0.0034035542,0.05451640114188194,0.05236225528314261,18.679139373089072,0.634414324289596,-0.018791757052482278
3661,training,0,0.003958536311984069,0.05236225528314261,18.719052491571947,0.6337354086021064,-0.014782501755698613
3662,training,0,0.0009905863553285599,0.05236225528314261,18.739030715969285,0.6334711878005953,-0.01136043365793871
3663,training,0,0.028668481856584556,0.05236225528314261,18.778952024712986,0.6331345990937597,-0.006613639232194367
3664,training,0,0.03459888696670532,0.013525507149954765,18.81888299157635,0.6329663383192458,-0.0018335843089083324
3665,training,0,0.034385424107313156,0.013525507149954765,18.858861447994325,0.6330092915535775,0.0034067127545604585
3666,training,0,0.03504347428679467,0.013525507149954765,18.898779129868505,0.63318970478607,0.005161989739131726
3667,training,0,0.03402968496084214,0.013525507149954765,18.938718269357544,0.6334575137882821,0.008218147045371754
3668,training,0,0.02195871621370315,0.013525507149954765,18.97872314105344,0.6338465157888966,0.01029914904083195
3669,training,0,0.025276895612478256,0.013525507149954765,19.01866074061388,0.6342760526639617,0.011455179034817842
3670,training,0,0.01602262444794178,0.015970740719969182,19.058621663955538,0.6347860767306576,0.013959087596965212
3671,training,0,0.018160196021199226,0.015970740719969182,19.09861024392778,0.6353702604275027,0.01443729235268517
3672,training,0,0.012470502406358719,0.015970740719969182,19.138496662560872,0.6359785327731128,0.016170680191582878
3673,training,0,0.008762262761592865,0.015970740719969182,19.178492184541017,0.6366690056234329,0.01770858672165015
3674,training,0,0.00536237843334675,0.015970740719969182,19.218474440554747,0.6373843236201671,0.018054884041642603
3675,training,0,0.018523363396525383,0.015970740719969182,19.258353379957942,0.6381645427480359,0.020675469176494828
3676,training,0,0.0020318026654422274,0.015920876985670733,19.29833768673325,0.6390186211775424,0.021006523265860253
3677,training,0,0.01374664343893528,0.015920876985670733,19.338247898067515,0.6398647423332887,0.021740126871342424
3678,training,0,0.019366789609193802,0.015920876985670733,19.37822516191585,0.640786073117286,0.02446156385670365
3679,training,0,0.01519949734210968,0.015920876985670733,19.418182138787472,0.6418031306806369,0.02660820491666281
3680,training,0,0.030170403886586428,0.015920876985670733,19.458029972488298,0.6429623216296749,0.031290571979210605
3681,training,0.008325896,0.05757978558540344,0.015920876985670733,19.51793606243151,0.6450232860939559,0.037489610688039854
3682,training,0.032657396,0.09232777543365955,0.017938629839489198,19.557847515334664,0.6466926821165182,0.04722367239631985
3683,training,0.025993625,0.05498063191771507,0.017938629839489198,19.597608935083468,0.6488583502681784,0.06159830271014968
3684,training,0,0.03458889573812485,0.017938629839489198,19.637492676053768,0.6515159417794109,0.06795864701844272
3685,training,0,0.027718685567379005,0.017938629839489198,19.657344891681294,0.6529066402596946,0.0724758829056924
3686,training,0,0.03946171328425407,0.017938629839489198,19.697292066207524,0.655561444093282,0.058539196247126654
3687,training,0.0046624593,0.0536279808729887,0.017938629839489198,19.757344124149427,0.6583174601752793,0.034015322564094536
3688,training,0.070461854,0.07261997833848,0.013972306427701073,19.797495408264453,0.6593574759953236,0.016928237842294813
3689,training,0,0.03615899384021759,0.013972306427701073,19.837612873865133,0.6596420157073767,-0.002477498359575067
3690,training,0,0.0190964750945568,0.013972306427701073,19.857578293774154,0.6595340955594154,-0.00823476341417713
3691,training,0.0028580902,0.058911237749271095,0.013972306427701073,19.917776626856874,0.6585368919695226,-0.02611924319333671
3692,training,0,0.03586107399314642,0.013972306427701073,19.937768603414604,0.6579446960086462,-0.03194940627514805
3693,training,0,0.04433320462703705,0.0167508314405918,19.97768277731204,0.656520936084333,-0.03853871603752298
3694,training,0,0.024914999026805162,0.0167508314405918,20.017687401437772,0.6548931223193881,-0.04390494723206454
3695,training,0,0.012207698542624712,0.0167508314405918,20.057592705634864,0.6530307319544789,-0.04960596169594856
3696,training,0,0.005705682095140218,0.0167508314405918,20.097581928686978,0.6509586411176349,-0.053543631386440194
3697,training,0,0.03614778816699982,0.0167508314405918,20.137505174029673,0.6487426599523544,-0.05784926415572524
3698,training,0.0044895504,0.051891569048166275,0.0167508314405918,20.19736843749947,0.6451059851431267,-0.06524977876127054
3699,training,0,0.019248045049607754,0.029397390416526236,20.237340164666676,0.6423442013827135,-0.07361890367333354
3700,training,0.0029956969,0.05497170612215996,0.029397390416526236,20.27713468106825,0.6392844090813967,-0.07967030912450586
3701,training,0.0021561396,0.08131875842809677,0.029397390416526236,20.317132287070987,0.6359838040792599,-0.08521860530563034
3702,training,0.0050511053,0.07826011627912521,0.029397390416526236,20.376781109941305,0.6305678653225864,-0.09612650802496807
3703,training,0,0.030288662295788527,0.029397390416526236,20.39671108041818,0.6286164524734018,-0.09916589558689741
3704,training,0.0058690836,0.06973416730761528,0.029397390416526236,20.436642900258715,0.624536765645867,-0.104849544364315
3705,training,0.0012743045,0.09913424961268902,0.04726488108650662,20.496168580533013,0.6180805870734509,-0.1112635749355969
3706,training,0.0033674596,0.06696438044309616,0.04726488108650662,20.53606932106399,0.6135656167774005,-0.11399725606736703
3707,training,0,0.037770533934235566,0.04726488108650662,20.575654179682914,0.6089858436987264,-0.11668703777301717
3708,training,0,0.03909503109753132,0.04726488108650662,20.59550566043011,0.6066478440909372,-0.11787045169218054
3709,training,0,0.03151301853358746,0.04726488108650662,20.635364757640136,0.6019277053890293,-0.11765980471801331
3710,training,0,0.034957488998770714,0.04726488108650662,20.67493543026584,0.5972755201943807,-0.1161276440324589
3711,training,0,0.016810374334454536,0.049911976560514944,20.69476498128503,0.594980278229176,-0.11442429177166516
3712,training,0.0031107166,0.05927285552024841,0.049911976560514944,20.734621158977387,0.5904787556401427,-0.10981214432910914
3713,training,0.0106246285,0.05231050029397011,0.049911976560514944,20.774214036622315,0.5862307873616998,-0.10327952471311791
3714,training,0,0.024556659162044525,0.049911976560514944,20.81393716289068,0.5823087793227498,-0.09320732625321361
3715,training,0.016175777,0.09615691751241684,0.049911976560514944,20.85374570952796,0.5787989352258818,-0.08199892656899849
3716,training,0,0.027670849114656455,0.049911976560514944,20.89339307588237,0.5758343079171322,-0.06739667234957998
3717,training,0.0029529643,0.06919451430439949,0.04230602091510583,20.953205181319383,0.5724161158804204,-0.048307475515462626
3718,training,0.0044912077,0.09210471343249083,0.04230602091510583,20.993026683524874,0.5707989499977838,-0.031466239673549834
3719,training,0.008257819,0.052518569864332676,0.04230602091510583,21.05274370105804,0.5698328712424022,-0.0012503467018536152
3720,training,0.0030305465,0.05646987818181516,0.04230602091510583,21.112563725060546,0.5703464855871287,0.018493114941782757
3721,training,0.004602178,0.10323748365044594,0.04230602091510583,21.172510585922165,0.5717127343823445,0.024066879700804827
3722,training,0.0024560445,0.11464601382613182,0.036538375898649916,21.23234148435015,0.5730523236523168,0.016427136978124344
3723,training,0,0.0036683306097984314,0.036538375898649916,21.252385109849488,0.5733349882873026,0.010532056305340834
3724,training,0,0.011015841737389565,0.036538375898649916,21.27244646752887,0.5734591228697313,0.0027559666302021907
3725,training,0,0.0010542878881096823,0.036538375898649916,21.292389784631133,0.573476341432641,-0.0009111543110415417
3726,training,0,0.007960887160152197,0.036538375898649916,21.332403349379508,0.5733732930464194,-0.0039004749953581424
3727,training,0,0.011523382272571325,0.036538375898649916,21.352444845406154,0.5732854373342061,-0.0054036879391833
3728,training,0,0.0071357842534780485,0.036538375898649916,21.392402942170204,0.5729907750201213,-0.009083755803961082
3729,training,0,0.001727299764752388,0.02755152608008408,21.43237933713686,0.5726056896558193,-0.010144866964891138
3730,training,0,0.04973893612623215,0.02755152608008408,21.452398367661488,0.5723980776162979,-0.011047769969948685
3731,training,0,0.049579914659261703,0.02755152608008408,21.49239141151312,0.5719039691214086,-0.01365085690790573
3732,training,0,0.0338626280426979,0.02755152608008408,21.53233923752594,0.571362873295558,-0.013457514140434923
3733,training,0,0.023323528468608856,0.02755152608008408,21.57226469021489,0.5708327023067357,-0.013684225141017392
3734,training,0,0.016482863575220108,0.02755152608008408,21.612200285598934,0.5703294732726125,-0.010906571136489341
3735,training,0,0.00924944877624511,0.0338723379030451,21.652183634717026,0.5700069457798224,-0.004835323374941903
3736,training,0,0.0032500773668289185,0.0338723379030451,21.69206499635245,0.5699165790461095,0.00015584782238465614
3737,training,0,0.036772485822439194,0.0338723379030451,21.73196757917621,0.5700684612775572,0.007673156551649475
3738,training,0,0.03594681993126869,0.0338723379030451,21.771893303818214,0.5705230043274723,0.013784546953343265
3739,training,0,0.037940192967653275,0.0338723379030451,21.811857340473846,0.5711726582546354,0.01872443389510366
3740,training,0,0.049264270812273026,0.0338723379030451,21.851787995405996,0.5720492826484447,0.024590757084308693
3741,training,0.0023247604,0.05333321914076805,0.011191894382584328,21.911738176555133,0.5735533311610203,0.024197443586565878
3742,training,0,0.04432780481874943,0.011191894382584328,21.951660318946313,0.5745320389281104,0.024255432896364334
3743,training,0,0.028107171878218644,0.011191894382584328,21.991648321209443,0.5754825312912646,0.022664335112874204
3744,training,0,0.03294060193002224,0.011191894382584328,22.01164861294738,0.575934800625074,0.022659425368364274
3745,training,0,0.01067125424742699,0.011191894382584328,22.051523049078924,0.5768947203633307,0.025495707243412897
3746,training,0,0.02339115925133228,0.011191894382584328,22.091482204999703,0.5779659396759144,0.027371531039505202
3747,training,0,0.00657513365149498,0.01373683326759854,22.131365293618156,0.5791056417299266,0.02989897188930575
3748,training,0,0.008425381034612656,0.01373683326759854,22.17131933531833,0.5803686347739739,0.03309925508924706
3749,training,0,0.012088342569768429,0.01373683326759854,22.211267509494398,0.5817287389856055,0.034869708168572836
3750,training,0,0.02605326718185097,0.01373683326759854,22.25111781867473,0.5832051748495471,0.039308391536077465
3751,training,0,0.033056231681257486,0.01373683326759854,22.29101044398685,0.5848666568028299,0.04344204337573301
3752,training,0,0.044438838958740234,0.01373683326759854,22.330916607693197,0.5866908985613392,0.04839315341045234
3753,training,0,0.005001440644264221,0.02459335701866704,22.370770680832198,0.58876097233151,0.054681200424612116
3754,training,0,0.00673384964466095,0.02459335701866704,22.410648534754422,0.5910144617748133,0.057401581112605515
3755,training,0,0.0057266652584075945,0.02459335701866704,22.45049577936828,0.5933630872145341,0.06057469340352039
3756,training,0,0.00480693904682994,0.02459335701866704,22.49036525898028,0.5958442102942041,0.06245707242293951
3757,training,0,0.01200583204627037,0.02459335701866704,22.53030851932826,0.5983391036348954,0.06230727271372287
3758,training,0,0.0004120100929867476,0.02459335701866704,22.570123291928045,0.6008726396467654,0.06437081486340479
3759,training,0,0.0388579536229372,0.0338141579250278,22.60998916320136,0.6034515454316014,0.06389142635681652
3760,training,0,0.0346489567309618,0.0338141579250278,22.649865403654555,0.6059941810758388,0.0638389203674805
3761,training,0,0.03850069828331471,0.0338141579250278,22.689745073341182,0.6085558805543935,0.06351459174267084
3762,training,0,0.03816412575542927,0.0338141579250278,22.729681933609992,0.6110554105969093,0.061212393883803645
3763,training,0,0.03258864767849445,0.0338141579250278,22.76952234665777,0.6134927971308671,0.060847311491585204
3764,training,0,0.04218592680990696,0.0338141579250278,22.80941824378746,0.6158985304101506,0.05864272908382535
3765,training,0,0.04071252979338169,0.018899459165537206,22.84935281153849,0.6181761689743305,0.05548314147688529
3766,training,0,0.04499019868671894,0.018899459165537206,22.88927580115298,0.6203518277897023,0.052650110623802336
3767,training,0,0.03387770615518093,0.018899459165537206,22.929238098377912,0.6223556433683598,0.04715936749095333
3768,training,0,0.02695984300225973,0.018899459165537206,22.96913777544319,0.6241630187008022,0.04367999898718791
3769,training,0,0.03388550132513046,0.018899459165537206,23.009113401096606,0.6258541861158422,0.040301386085467225
3770,training,0,0.021247767843306065,0.018899459165537206,23.049101986429687,0.627390773900815,0.03697959519227402
3771,training,0,0.025076935067772865,0.01838503022059866,23.08899380929696,0.6288681624036088,0.03677173913930578
3772,training,0,0.01660146750509739,0.01838503022059866,23.128958841895813,0.6303217310264385,0.035401885392475914
3773,training,0.0054382435,0.0501937922090292,0.01838503022059866,23.188834226691803,0.6324521939420323,0.03630080556651477
3774,training,0,0.019203264266252518,0.01838503022059866,23.228788935282893,0.6339143152019111,0.036181707570646114
3775,training,0,0.0195094533264637,0.01838503022059866,23.248790185004857,0.6346395711100996,0.03687695888452334
3776,training,0,0.0287679024040699,0.01838503022059866,23.28862783100507,0.6362165435474114,0.04217200814073117
3777,training,0.0024192608,0.07668954506516455,0.017362353996505268,23.348530150655886,0.638900862857066,0.046033017069642905
3778,training,0.005072468,0.0760322418063879,0.017362353996505268,23.388365137952043,0.6408172016136617,0.05021180743659408
3779,training,0.0017883161,0.09620214439928532,0.017362353996505268,23.428245666087964,0.6429023943631363,0.05349975579237295
3780,training,0.002925872,0.07792140915989876,0.017362353996505268,23.488044525495674,0.6462706810083619,0.06021060063260145
3781,training,0.010371594,0.052604984492063536,0.017362353996505268,23.547931629423964,0.6499914935830828,0.061169035136359746
3782,training,0.011557932,0.05321522057056427,0.007252668135715198,23.587824500316298,0.6523454194589494,0.05667342821160487
3783,training,0,0.03182375431060791,0.007252668135715198,23.60781644778952,0.6534561394571988,0.05431728797858004
3784,training,0,0.02321639657020569,0.007252668135715198,23.627779058796392,0.654522571579397,0.05200949981216789
3785,training,0,0.017443610355257988,0.007252668135715198,23.667759434923138,0.6565320115090891,0.04880302598726282
3786,training,0,0.011970039457082748,0.007252668135715198,23.68764727238264,0.6575094729805306,0.04868444731466275
3787,training,0,0.01591246202588082,0.007252668135715198,23.727601270834874,0.659438130260629,0.04672801559597824
3788,training,0,0.011628400534391403,0.007252668135715198,23.76760227257428,0.6612128888731612,0.04141058496933184
3789,training,0,0.036246053874492645,0.008963584088810424,23.80749876793184,0.6627903988146938,0.037275882616887
3790,training,0,0.03463105857372283,0.008963584088810424,23.84751194904488,0.6641832416480742,0.031570305639355506
3791,training,0,0.03860962763428689,0.008963584088810424,23.887443089484282,0.6653342054905147,0.026752977619711366
3792,training,0,0.043395515531301505,0.008963584088810424,23.927463756191813,0.6663426860816756,0.023669070875442528
3793,training,0.004028306,0.05429764464497566,0.008963584088810424,23.98738405891943,0.6675987371918954,0.01893673037437681
3794,training,0.0019394585,0.05397946387529373,0.008963584088810424,24.027372317514146,0.6683609061266451,0.01949474499829191
3795,training,0.0072490834,0.052953975275158875,0.016531276384005925,24.067369210136892,0.6691409834187771,0.01887339260501299
3796,training,0,0.009971868246793747,0.016531276384005925,24.10720206200822,0.6698900339107682,0.017491131114181113
3797,training,0,0.032449509948492036,0.016531276384005925,24.147302115869543,0.6704606276645152,0.009365491871854413
3798,training,0,0.007989253848791119,0.016531276384005925,24.167334684747278,0.670594343682111,0.004416494354171599
3799,training,0,0.003435807302594185,0.016531276384005925,24.20724159472409,0.6706438014254267,-0.0011962753592029817
3800,training,0,0.001603828277438879,0.016531276384005925,24.247330560578845,0.670530289570615,-0.004347183214385251
3801,training,0,0.002141270786523819,0.01847464386499658,24.287315627711656,0.670286177924064,-0.007547250799451092
3802,training,0,0.011624162551015615,0.01847464386499658,24.327258423150443,0.6699839756947585,-0.007641079973795489
3803,training,0,0.029544850811362267,0.01847464386499658,24.367232886889667,0.6696822837098663,-0.008119516094119771
3804,training,0,0.024391979561187327,0.01847464386499658,24.407170580711853,0.6693806133347686,-0.006239415996921678
3805,training,0,0.029938212945125997,0.01847464386499658,24.447167652683817,0.6692259637277838,-0.0015173713190468105
3806,training,0,0.049547040835022926,0.01847464386499658,24.487064028388833,0.6692344129449486,0.001986580131865488
3807,training,0,0.03391016833484173,0.018968285668483523,24.52696529285071,0.6694411205075,0.008753003941333253
3808,training,0,0.031242304481565952,0.018968285668483523,24.566957507293917,0.6699145491287503,0.013327913362658863
3809,training,0,0.044257959350943565,0.018968285668483523,24.60688043405857,0.6705002435627374,0.01622403636794188
3810,training,0,0.004343844950199127,0.018968285668483523,24.646823609953596,0.6712547298550401,0.021924150823604403
3811,training,0,0.030839139595627785,0.018968285668483523,24.68676730946762,0.6722299256325472,0.026485781259142596
3812,training,0,0.040496740490198135,0.018968285668483523,24.72664325208765,0.673426296681944,0.03424191442553781
3813,training,0,0.012321442365646362,0.012176867606935139,24.766550299325083,0.6749834859872652,0.04299511102874287
3814,training,0,0.022254284471273415,0.012176867606935139,24.806454961039943,0.6768561385558172,0.051445581696164026
3815,training,0,0.04038136079907417,0.012176867606935139,24.846224715922148,0.6791610517165233,0.06487767824456193
3816,training,0,0.035300713032484055,0.012176867606935139,24.88597921277141,0.6820104680432862,0.07774572041438288
3817,training,0.0045321663,0.07320776581764221,0.012176867606935139,24.945523969900766,0.6873561683376582,0.10394261256085395
3818,training,0.0032336328,0.08448141440749168,0.012176867606935139,24.984991449503873,0.6918960042299064,0.12505392280681113
3819,training,0,0.023035317659378066,0.01948178169406389,25.024607192402602,0.697267711320671,0.14419586341295582
3820,training,0.007958499,0.07149901986122131,0.01948178169406389,25.083397547337075,0.7069318358868932,0.18138364196570386
3821,training,0.006222572,0.061692625284194946,0.01948178169406389,25.122523511555244,0.7146794713318874,0.2100979430402213
3822,training,0.0040182606,0.1246645748615265,0.01948178169406389,25.142051551426707,0.7189609724513276,0.2264306906625041
3823,training,0.013840506,0.1365644559264183,0.01948178169406389,25.180334025470376,0.7285063354380177,0.2642941027836396
3824,training,0.004581538,0.15053831413388252,0.01948178169406389,25.218450092233322,0.7396841595177802,0.3063438599275712
3825,training,0.00191761,0.057013412937521935,0.05834425555299402,25.274611627226857,0.7592461238281223,0.3621457285158391
3826,training,0,0.047901073470711715,0.05834425555299402,25.293054317153203,0.7663888504630797,0.3722112568756641
3827,training,0,0.04497629776597022,0.05834425555299402,25.330308391093123,0.7810204322454769,0.3733674945029508
3828,training,0,0.04098664037883282,0.05834425555299402,25.36748519587683,0.7955356279700575,0.37141474844204125
3829,training,0.006800132,0.18150514550507071,0.05834425555299402,25.38609925397911,0.8027792092464965,0.3705819841962063
3830,training,0.0022521615,0.11604752205312252,0.05834425555299402,25.442132402321693,0.8244115115673878,0.365080559102519
3831,training,0.004273885,0.14357929490506652,0.11118910200895091,25.479392575559917,0.8386042313589896,0.36269689684302336
3832,training,0.0044704955,0.2252644170075655,0.11118910200895091,25.51656619989539,0.8528838936626109,0.37845577049966894
3833,training,0.005757644,0.16949911043047905,0.11118910200895091,25.55309083935161,0.8682507534842094,0.4217562035930707
3834,training,0.013669122,0.191519059240818,0.11118910200895091,25.588746841471064,0.88527921708073,0.4660226485268928
3835,training,0.0058990866,0.19840182177722454,0.11118910200895091,25.623726358830602,0.9037257544502295,0.5053076651976203
3836,training,0.003513844,0.1726730428636074,0.11118910200895091,25.658151848147664,0.9237052086430352,0.5471549059765967
3837,training,0.007479176,0.13135939836502072,0.09491327155723699,25.691361532993383,0.9449825141978682,0.5931827241632566
3838,training,0.0013193672,0.12431550025939941,0.09491327155723699,25.723659404522408,0.9678871767641377,0.6407146752218645
3839,training,0.010477028,0.08691160380840304,0.09491327155723699,25.754879023465232,0.9923580711509898,0.68897105568587
3840,training,0.0055265008,0.12340880930423737,0.09491327155723699,25.78468528725934,1.018150629901816,0.7372888925285213
3841,training,0.0090629095,0.11023835837841028,0.09491327155723699,25.813195815956817,1.0454697228145386,0.7907597366932366
3842,training,0.0009809167,0.11795547604560852,0.11647456891913748,25.84029332817303,1.0743259130221063,0.8429291632027834
3843,training,0,0.0033721625804900845,0.11647456891913748,25.85329863773283,1.0893187062191503,0.8703668492540256
3844,training,0.0040964847,0.09361390769481656,0.11647456891913748,25.877899208239196,1.1201463153827842,0.9173789327572613
3845,training,0.0054838355,0.11922717094421387,0.11647456891913748,25.912920690573237,1.168446473257696,0.9723826349155915
3846,training,0.0038361708,0.12998093664646146,0.11647456891913748,25.934615632814314,1.2015923861472593,1.0103947300147167
3847,training,0.0029124508,0.14689404517412186,0.14440542061000972,25.955059878026766,1.2355789623311724,1.047782664281631
3848,training,0.0026849024,0.12588319927453995,0.14440542061000972,25.974168705262645,1.270332712430442,1.0896413190642735
3849,training,0.0072047384,0.12373120896518228,0.14440542061000972,25.991754490583492,1.3056999677802854,1.1269747465109974
3850,training,0.06338706,0.1275322549045086,0.14440542061000972,26.008190791337462,1.3417668675233505,1.1577521027853723
3851,training,0.0051074885,0.13106290996074677,0.14440542061000972,26.023647941215682,1.3784297150680795,1.185921328029436
3852,training,0.010576168,0.10261091589927676,0.14440542061000972,26.037972379308982,1.4156088170970005,1.2226894934591153
3853,training,0.034315277,0.051527999341487885,0.12263888917623612,26.04451710419211,1.4342093891795002,1.2416408269079406
3854,training,0.0040334663,0.10366158932447433,0.12263888917623612,26.05673098481185,1.472039094326051,1.2706255054504705
3855,training,0.002880917,0.11285353824496266,0.12263888917623612,26.073309250715337,1.5294237364941359,1.3122009722602481
3856,training,0.0023244305,0.06209526956081393,0.12263888917623612,26.082884086934207,1.5679664383509557,1.3422311194155847
3857,training,0,0.01623811572790146,0.12263888917623612,26.087289635309908,1.5874662909089983,1.3550337677972877
3858,training,0,0.018178530037403107,0.12263888917623612,26.095353824195264,1.6264227166571512,1.3783171126800726
3859,training,0,0.03099498152732849,0.07482598123608758,26.102498225579218,1.665521382374177,1.4013171417543437
3860,training,0.012760812,0.05439081043004988,0.07482598123608758,26.111685358013276,1.724610145871654,1.4306814914045387
3861,training,0.005855122,0.0646408423781395,0.07482598123608758,26.11687385813533,1.7640562741812365,1.4485033578586117
3862,training,0.0036281857,0.05047900974750519,0.07482598123608758,26.12349351976837,1.8235019849734977,1.4701348544374067
3863,training,0,0.009873315691947937,0.07482598123608758,26.125416385441437,1.84333986666552,1.4777491742858218
3864,training,0,0.03845014423131943,0.07482598123608758,26.128716828408994,1.8830213512394904,1.4987510511063322
3865,training,0,0.004643410444259616,0.0522473157421188,26.131231826227562,1.9227170390538237,1.5157590143362079
3866,training,0,0.03995887190103531,0.0522473157421188,26.13220597810551,1.9426694805035734,1.5283200085750275
3867,training,0.005254085,0.07420311123132704,0.0522473157421188,26.1335476713941,2.002190923483312,1.565384069376683
3868,training,0,0.025933571159839644,0.0522473157421188,26.133549093078923,2.0221070848286278,1.5757935459975339
3869,training,0,0.006065137684345245,0.0522473157421188,26.132931641095897,2.0621044546657252,1.5979900814143877
3870,training,0,0.01279953122138977,0.0522473157421188,26.131347774126624,2.101713517353739,1.6222080770548155
3871,training,0,0.020658329129219027,0.05069198424945598,26.12886793895554,2.141524395643469,1.6424856225793798
3872,training,0,0.031640194356441484,0.05069198424945598,26.125652848756523,2.1813745752045497,1.6622035774197035
3873,training,0.005824923,0.05570179969072342,0.05069198424945598,26.119204988985366,2.240678348393766,1.6942145962227062
3874,training,0,0.03523851931095122,0.05069198424945598,26.11392840198123,2.280325268736895,1.7124098006342017
3875,training,0,0.03266604244709015,0.05069198424945598,26.107915141074752,2.3194976296365306,1.7342760752227921
3876,training,0.0019695302,0.08866390958428383,0.05069198424945598,26.100989561689136,2.358847301294765,1.7556950153382078
3877,training,0.006652019,0.061757273972034454,0.01183757064732366,26.093447293156604,2.3979470314229583,1.763785493274563
3878,training,0.00575866,0.08366701751947403,0.01183757064732366,26.081329666336423,2.4565175380117905,1.7914380425972731
3879,training,0.007034922,0.08919285703450441,0.01183757064732366,26.067222344463598,2.514423310621698,1.8296642168532269
3880,training,0,0.04504883289337158,0.01183757064732366,26.062019142217984,2.5336290025439445,1.8407664637784518
3881,training,0,0.04461245611310005,0.01183757064732366,26.056589517001818,2.552852522578218,1.8505344236893206
3882,training,0.0045870966,0.05185408517718315,0.01183757064732366,26.04538234816173,2.591167120368832,1.8594028641291545
3883,training,0,0.0276250708848238,0.07410010622426756,26.033858326836043,2.6293257495947833,1.8680332609367019
3884,training,0,0.009058983996510507,0.07410010622426756,26.022068030646196,2.6675047745790224,1.8699294564121556
3885,training,0,0.027645131573081017,0.07410010622426756,26.010306627787678,2.7057354290614986,1.8688931288322972
3886,training,0.014520502,0.08760509453713895,0.07410010622426756,25.998512179341926,2.7438775359573224,1.8720980886849088
3887,training,0,0.0025875624269247055,0.07410010622426756,25.98664111407619,2.7820143263141506,1.8723483448822507
3888,training,0,0.041740905959159136,0.07410010622426756,25.980690573017743,2.8011218543506993,1.8734075496339944
3889,training,0,0.009925112128257745,0.08997739605399956,25.968681323408475,2.839133359682644,1.880599303902253
3890,training,0,0.049102429300546646,0.08997739605399956,25.956388513495686,2.8770694722947865,1.8877540536029098
3891,training,0,0.04806482302956283,0.08997739605399956,25.943772392366316,2.9149651911900056,1.897359126778963
3892,training,0,0.02799823135137558,0.08997739605399956,25.93078287360348,2.952622607091516,1.9073907712552765
3893,training,0,0.04652299522422254,0.08997739605399956,25.917432142914237,2.9902874108366175,1.915757013584101
3894,training,0,0.013855747878551476,0.08997739605399956,25.90373803511009,3.027764174106964,1.926779260005012
3895,training,0,0.04420888423919678,0.0792409889893066,25.88968572468183,3.065010241977988,1.9357432883538117
3896,training,0,0.014823120087385174,0.0792409889893066,25.87523678773513,3.1023608882064346,1.9444854187430618
3897,training,0.0021164876,0.09313344582915306,0.0792409889893066,25.85301192398803,3.1577654077080695,1.9588405014249306
3898,training,0,0.013306457549333572,0.0792409889893066,25.837705787122296,3.194779712565228,1.9675846474491023
3899,training,0,0.031181219965219498,0.0792409889893066,25.829954084745623,3.2131502959754745,1.9732647508137597
3900,training,0,0.03969646245241165,0.0792409889893066,25.814181655824473,3.2496706881631527,1.9826181996672958
3901,training,0,0.018874287605285648,0.07630371166440265,25.79800401611573,3.286297391034982,1.9909428923457184
3902,training,0,0.01153107360005378,0.07630371166440265,25.781575945528026,3.322652114717753,1.999258320157799
3903,training,0,0.014717495068907738,0.07630371166440265,25.764886439440787,3.3588640643384804,2.005773069798859
3904,training,0,0.022606492042541504,0.07630371166440265,25.747875589509047,3.395198829667548,2.0128132981449105
3905,training,0,0.008921507745981216,0.07630371166440265,25.730713883210708,3.431060711188154,2.0210816707444508
3906,training,0,0.02841789275407791,0.07630371166440265,25.7131661662662,3.466994529083768,2.029230756499192
3907,training,0,0.005198050290346146,0.08305391554334339,25.695335852960678,3.5027718104916565,2.0382050231066824
3908,training,0,0.04829090088605882,0.08305391554334339,25.677240232257727,3.5382195732203168,2.047020116889222
3909,training,0,0.032869027461856604,0.08305391554334339,25.65872612294702,3.5737861353746867,2.0546440061242977
3910,training,0,0.04847797565162182,0.08305391554334339,25.640099811256178,3.6089604246782785,2.060738719927066
3911,training,0.00382049,0.08279873616993427,0.08305391554334339,25.61166428461898,3.6618257120518196,2.0674813747130614
3912,training,0,0.03789949417114258,0.08305391554334339,25.5926065629021,3.6968284968103857,2.0712778656453525
3913,training,0,0.04261980205774306,0.0853388440025658,25.57335311437149,3.7317894166218935,2.0774721480719083
3914,training,0,0.031185686588287354,0.0853388440025658,25.563593818220156,3.749317347748808,2.0808037492221416
3915,training,0,0.0026131905615329742,0.0853388440025658,25.544005234199734,3.784074913927909,2.0876476424880623
3916,training,0,0.026540726423263564,0.0853388440025658,25.52414745937618,3.8186270801664333,2.097297070603723
3917,training,0,0.008883189409971244,0.0853388440025658,25.503869213955742,3.853149748326165,2.106464213804668
3918,training,0,0.018519088625907898,0.0853388440025658,25.483401215962296,3.887237155851541,2.1167450993970536
3919,training,0,0.01990707218647004,0.05510398975241016,25.46245834826695,3.9212592552104435,2.128990425414489
3920,training,0,0.012637045234441757,0.05510398975241016,25.44112085422316,3.954999664977445,2.139897562819964
3921,training,0.0016822508,0.058949083089828505,0.05510398975241016,25.408457608813954,4.005052273678282,2.1572221031432592
3922,training,0.0012738847,0.05643490143120289,0.05510398975241016,25.386215008983008,4.038241991883885,2.164310939419808
3923,training,0.0042969026,0.09420164674520493,0.05510398975241016,25.35251330064903,4.087690732309731,2.171424004776068
3924,training,0.0017697174,0.057541213929653175,0.05510398975241016,25.329907461359454,4.1206618251631815,2.170802222917988
3925,training,0.00182868,0.07088197208940983,0.026705801396233853,25.296105134628913,4.170109463734791,2.1700757990335267
3926,training,0,0.044840287417173386,0.026705801396233853,25.284810309896404,4.186641570270753,2.169997383030514
3927,training,0,0.02124935016036033,0.026705801396233853,25.273546797221314,4.203133738830493,2.170064337707176
3928,training,0.0050809127,0.1042407900094986,0.026705801396233853,25.250985867861203,4.235974471683381,2.1753806177219235
3929,training,0.0023148656,0.11980515718460083,0.026705801396233853,25.22817688121263,4.268821398740459,2.1789729951870074
3930,training,0.003454329,0.11956756375730038,0.026705801396233853,25.205351856734918,4.301616243119094,2.17811303664856
3931,training,0.0016359498,0.10960614681243898,0.026705801396233853,25.182571739810488,4.334361168218404,2.17865285159751
3932,training,0.010039457,0.0982358455657959,0.026705801396233853,25.162426492408347,4.364098508186691,2.150746555652317
3933,training,0,0.0021917223930358887,0.012268687884690304,25.14071149727489,4.3971827870256535,2.1561302698330516
3934,training,0,0.019403517246246338,0.012268687884690304,25.12964970025113,4.41370811571755,2.1661197880172818
3935,training,0,0.01809518039226532,0.012268687884690304,25.10695538049524,4.446487970766581,2.184895904336827
3936,training,0,0.009742926806211472,0.012268687884690304,25.08388261302359,4.478517486648443,2.1996611235539105
3937,training,0.0010400217,0.07050461135804653,0.012268687884690304,25.04936608866193,4.523514347903155,2.2312226071102232
3938,training,0,0.00388639559969306,0.012268687884690304,25.02477633605621,4.555113913932163,2.23009368207294
3939,training,0.00545715,0.05687531642615796,0.012268687884690304,25.000284557798455,4.586720583744928,2.2303682834183043
3940,training,0,0.015127329155802727,0.03150504124931877,24.975846853690495,4.618275342101993,2.228132714136306
3941,training,0.0063048555,0.05416223034262657,0.03150504124931877,24.95143035141854,4.650036702584581,2.2237872907002876
3942,training,0,0.017421549186110497,0.03150504124931877,24.927198248648477,4.681777201449461,2.221676978998058
3943,training,0,0.041990971192717545,0.03150504124931877,24.91509360590661,4.69767267539029,2.221793528808402
3944,training,0,0.016030190512537956,0.03150504124931877,24.89081622519648,4.729461264329438,2.2242346308207255
3945,training,0.018368112,0.05346275307238101,0.03150504124931877,24.85430671961099,4.7769193496067714,2.2280396992190754
3946,training,0,0.04617786407470703,0.03150504124931877,24.829834757907832,4.808520203032106,2.2321633355559083
3947,training,0.0030850538,0.07536732777953148,0.05062773734043699,24.805218855833992,4.839909165209221,2.2387843541358046
3948,training,0,0.044710736721754074,0.05062773734043699,24.78042041662293,4.871162766629019,2.244731689993772
3949,training,0.002717663,0.08217982947826385,0.05062773734043699,24.7553831125734,4.90226917804713,2.252726691777675
3950,training,0.00044197746,0.059930814430117614,0.05062773734043699,24.71743791512917,4.94847675250128,2.2630991071387507
3951,training,0,0.0485178604722023,0.05062773734043699,24.691851139851188,4.979112236765494,2.269909161083992
3952,training,0,0.03740093857049943,0.05062773734043699,24.679000837920658,4.994356937109711,2.270719841657029
3953,training,0,0.025769956409931176,0.05062773734043699,24.653360872389005,5.024897088142082,2.2672924615899204
3954,training,0,0.03923759981989862,0.038800197698184345,24.627743932464295,5.055661620488632,2.262918060698433
3955,training,0,0.004975184798240655,0.038800197698184345,24.6150021904469,5.071089231083374,2.259084376247131
3956,training,0,0.0032731741666793823,0.038800197698184345,24.589782654714558,5.102074550501411,2.2480433482527347
3957,training,0,0.018988456577062607,0.038800197698184345,24.564854287309885,5.133471447229925,2.235203240648333
3958,training,0.0023591153,0.05178910121321678,0.038800197698184345,24.52827216138961,5.181087981446302,2.2165031141463727
3959,training,0.007550244,0.06456961296498774,0.038800197698184345,24.492535070164088,5.229348637896501,2.200801407226491
3960,training,0,0.03002734668552876,0.015562433334982403,24.480793695734267,5.245530624920254,2.196530990417519
3961,training,0.0021749577,0.07589183480013162,0.015562433334982403,24.44570403158055,5.293814810042477,2.2063455366609346
3962,training,0,0.04702208377420902,0.015562433334982403,24.433824898270373,5.309806330698576,2.213419198670744
3963,training,0.0072515076,0.08501012809574604,0.015562433334982403,24.409722583642438,5.341496404087466,2.2278337178683825
3964,training,0,0.014931570738554,0.015562433334982403,24.38511789281007,5.372967992201312,2.240358108795228
3965,training,0,0.008754912763834003,0.015562433334982403,24.372718753701868,5.3885264260698476,2.2465025081590024
3966,training,0,0.04649695195257664,0.015562433334982403,24.347660062379507,5.419492245589378,2.2542636071107043
3967,training,0,0.026821197010576725,0.015562433334982403,24.322313540855706,5.450430602335576,2.260280179408094
3968,training,0,0.02094131801277399,0.03288128187969301,24.296807067051894,5.481098139858042,2.2685948117204564
3969,training,0,0.041142016649246216,0.03288128187969301,24.271125045269187,5.511536810362929,2.2745378575004733
3970,training,0,0.026859208941459656,0.03288128187969301,24.24513436659434,5.5419555750187515,2.2821531932990182
3971,training,0,0.03423162177205086,0.03288128187969301,24.219025390217187,5.571942213430636,2.2916187441260445
3972,training,0.005659304,0.08668509591370821,0.03288128187969301,24.179047365071415,5.616611444726455,2.3118228679444126
3973,training,0.0033537745,0.07690407149493694,0.03288128187969301,24.15198641512028,5.645655851728407,2.3300802301249424
3974,training,0,0.03460742160677909,0.034292225956305405,24.124299825708285,5.674277462006304,2.349159389601546
3975,training,0.004038917,0.0567823201417923,0.034292225956305405,24.081755694265514,5.716361810359422,2.373024110728902
3976,training,0.0015615432,0.07103999704122543,0.034292225956305405,24.05292915757806,5.743896325465265,2.3843874114144175
3977,training,0.0026933919,0.12996351532638073,0.034292225956305405,24.008997885423632,5.784616688040544,2.406388497826876
3978,training,0.010648003,0.13043361902236938,0.034292225956305405,23.96407286834621,5.823977585602818,2.4389962833922136
3979,training,0.0027642192,0.12306296825408936,0.034292225956305405,23.917922301915382,5.861747444576448,2.473429230157872
3980,training,0.0035437196,0.0506772194057703,0.045371328157976315,23.87057254418047,5.898421033148175,2.4899175003229774
3981,training,0.0063045453,0.054734893143177026,0.045371328157976315,23.82294541493871,5.934652741283065,2.4921578714258508
3982,training,0.0030541192,0.1283777356147766,0.045371328157976315,23.77511518678406,5.9708560425485615,2.494856465795572
3983,training,0.0048885457,0.14706458151340485,0.045371328157976315,23.743237357370894,5.994711240016045,2.50490428732492
3984,training,0.0008767508,0.06357774510979652,0.045371328157976315,23.694792182836153,6.029904898876446,2.520373561503596
3985,training,0,0.03510686382651329,0.06465530979415539,23.678556907518562,6.0414951420299365,2.5214791137232306
3986,training,0.007109886,0.07122048735618591,0.06465530979415539,23.62978566037859,6.076464270015976,2.515651306866926
3987,training,0,0.02137022092938423,0.06465530979415539,23.613624073056773,6.088192193122887,2.511856805992799
3988,training,0.0062826416,0.11725827492773533,0.06465530979415539,23.597485785310905,6.099983442175428,2.5101255171990022
3989,training,0,0.040754085406661034,0.06465530979415539,23.565242608103045,6.1235301484481255,2.51255531513285
3990,training,0.0053466926,0.11076697148382664,0.06465530979415539,23.53288847482215,6.146973759101909,2.5157054488766755
3991,training,0.0017903637,0.11619667708873749,0.06465530979415539,23.500521200972916,6.1702876455783375,2.519064577612883
3992,training,0.0013222513,0.186748081818223,0.06465530979415539,23.46798731554404,6.193539996645535,2.5226479089718308
3993,training,0.0020151897,0.09513429924845697,0.06701728552105124,23.435455036938517,6.216688179013664,2.523216248243703
3994,training,0.0019129867,0.08999285288155078,0.06701728552105124,23.38656328271566,6.2512869108579645,2.5284925568206384
3995,training,0.0021833037,0.14274661615490913,0.06701728552105124,23.37025206433143,6.2627435484268625,2.5290918451863633
3996,training,0.0046175383,0.06235813349485399,0.06701728552105124,23.337551605634495,6.2856119138037965,2.535583140485054
3997,training,0,0.02405662089586258,0.06701728552105124,23.321143236309812,6.29691069481088,2.541651490931483
3998,training,0,0.0331980362534523,0.06701728552105124,23.288113317371984,6.319192811121309,2.553878441025308
3999,training,0,0.01300990954041481,0.06701728552105124,23.254753913340412,6.341129307121234,2.565766662489072
4000,training,0,0.021225925534963594,0.06920621826826216,23.221180867244907,6.362586949797734,2.5800276150997945
4001,training,0.0028046642,0.06842035427689552,0.06920621826826216,23.187360879026524,6.383594423232927,2.5908433630913934
4002,training,0.004803315,0.09167416580021381,0.06920621826826216,23.136010909551107,6.414422278768304,2.613879447976869
4003,training,0.0017376286,0.08455778085044585,0.06920621826826216,23.10153219747445,6.434109707927811,2.6318479315745407
4004,training,0,0.03882540017366409,0.06920621826826216,23.084051521810007,6.443781908246686,2.640172284306185
4005,training,0,0.002622299361974001,0.06920621826826216,23.04902309706212,6.4626959881558745,2.650306864976988
4006,training,0,0.011738389730453491,0.0657797058228605,23.013910161449942,6.481454785351103,2.6497885643854713
4007,training,0.0013252497,0.05809439346194267,0.0657797058228605,22.978586266560303,6.500435983437651,2.64718490133053
4008,training,0,0.013053901493549347,0.0657797058228605,22.94352510613954,6.519381131624285,2.643186675905295
4009,training,0,0.03894871845841408,0.0657797058228605,22.90845778371239,6.538631107419176,2.6348137492546404
4010,training,0,0.042526790872216225,0.0657797058228605,22.873485189340535,6.558227638217966,2.6272929134719347
4011,training,0,0.0074258279055356945,0.0657797058228605,22.838842869158313,6.577942866210157,2.6207387278354273
4012,training,0,0.01938232872635126,0.052582261126055706,22.804132589817826,6.597961478389334,2.6167434480725538
4013,training,0.0062201605,0.06110856309533119,0.052582261126055706,22.752379075612183,6.627989031165658,2.6136712898013514
4014,training,0,0.03514138236641884,0.052582261126055706,22.735114120342722,6.638075545663539,2.6115385618838864
4015,training,0,0.04366770386695862,0.052582261126055706,22.700623523398875,6.658398076312954,2.6063365444749644
4016,training,0,0.040627600625157356,0.052582261126055706,22.66635666876362,6.678846506481652,2.5999740984617747
4017,training,0.008240424,0.10414746031165123,0.052582261126055706,22.63210905420181,6.699601431046905,2.5937385295088755
4018,training,0.003911335,0.06027827039361,0.05589647834187248,22.581034464759625,6.730880333732845,2.5902948761412743
4019,training,0,0.027826987206935883,0.05589647834187248,22.56403988322439,6.741334751187211,2.5902235806440013
4020,training,0.0056923535,0.06069287098944186,0.05589647834187248,22.512874219596007,6.772570346184936,2.598629535055587
4021,training,0,0.005140309222042562,0.05589647834187248,22.47872017924352,6.7930310407890815,2.6039817130708944
4022,training,0,0.018280286341905594,0.05589647834187248,22.46153175814859,6.803254269311427,2.6058684774309415
4023,training,0.0028103294,0.05112137645483018,0.05589647834187248,22.40992608139318,6.833673476482737,2.611551880379508
4024,training,0,0.04171356186270714,0.060630560244545544,22.3754972986991,6.853817350396474,2.612408538766504
4025,training,0.0022295956,0.05399336852133274,0.060630560244545544,22.340968512048594,6.874054462292655,2.610336919103455
4026,training,0.0013512732,0.0752639938145876,0.060630560244545544,22.306621632620534,6.894288965469658,2.6070773443616626
4027,training,0.002824032,0.127980574965477,0.060630560244545544,22.27219388553866,6.914765354471577,2.6027150969213535
4028,training,0.008682044,0.062417490407824516,0.060630560244545544,22.237900804573897,6.935276027691606,2.6028688190049043
4029,training,0.028115615,0.06658967584371567,0.060630560244545544,22.203699534869305,6.955735633417044,2.6015762697041254
4030,training,0.0038953605,0.08429424092173576,0.05567521360799378,22.169388512640108,6.976325738655637,2.599777693243172
4031,training,0.0018857296,0.06671508029103279,0.05567521360799378,22.135228074664944,6.9969654518402145,2.594869114728381
4032,training,0.0073386626,0.08400159142911434,0.05567521360799378,22.101093788205528,7.017883416739032,2.589422929441674
4033,training,0.00079773006,0.10832635127007961,0.05567521360799378,22.06707718677588,7.038874984992589,2.587989081450446
4034,training,0.0015686441,0.052419241517782204,0.05567521360799378,22.033190608825866,7.059857679060414,2.5859401425917667
4035,training,0.0065728854,0.08661519922316074,0.05567521360799378,21.965263278689264,7.1020269058227035,2.5867193737622856
4036,training,0.00480921,0.13674204424023628,0.06446123093129506,21.931359492165907,7.123107162789034,2.5832881549951523
4037,training,0.0055887247,0.1259700022637844,0.06446123093129506,21.897528355984075,7.144322784618301,2.578561444955809
4038,training,0.002360147,0.09571545012295245,0.06446123093129506,21.880625955710144,7.155019232608242,2.577063624898356
4039,training,0,0.038645364344120026,0.06446123093129506,21.863821346732053,7.1656610308805,2.57679872065236
4040,training,0.00498177,0.06365151703357698,0.06446123093129506,21.829992737811434,7.186978570047071,2.581897179789783
4041,training,0,0.028985939919948578,0.06446123093129506,21.813079699413784,7.197529271720207,2.5861580958861237
4042,training,0,0.024530068039894104,0.07068877258922875,21.77924635785314,7.218219100180333,2.599619727695671
4043,training,0,0.014783129096031203,0.07068877258922875,21.744889427064127,7.238493239810245,2.6175565137328283
4044,training,0,0.04718145728111267,0.07068877258922875,21.71018425515365,7.258085400831923,2.6376823968886005
4045,training,0,0.027619265019893632,0.07068877258922875,21.67524981260296,7.276933223780483,2.6557551059900595
4046,training,0.0061335196,0.07030683755874634,0.07068877258922875,21.63970387220728,7.295295803287262,2.6741864044891996
4047,training,0.0058954326,0.1312987357378006,0.07068877258922875,21.58614622557371,7.321253376291841,2.7068685543882474
4048,training,0.0043599266,0.11379294842481613,0.07012742212946164,21.549717299970045,7.337586401516666,2.7339333936558274
4049,training,0.0017751253,0.07031652913428843,0.07012742212946164,21.5129852557386,7.352946923662894,2.7565319348877133
4050,training,0.0037664804,0.09441314451396465,0.07012742212946164,21.457223994418175,7.3747866190415285,2.7773945686705415
4051,training,0,0.03766729682683945,0.07012742212946164,21.43843359180399,7.38190765443009,2.780408972913658
4052,training,0,0.023272417485713973,0.07012742212946164,21.41985753016424,7.388925024676033,2.778583136460808
4053,training,0.004126801,0.0638115480542183,0.07012742212946164,21.382550732112783,7.4032779842536565,2.7699491238488823
4054,training,0,0.04150974005460739,0.03879677919786286,21.345144071103892,7.418056296105548,2.7600739139161328
4055,training,0.014930321,0.07129649817943573,0.03879677919786286,21.308211943031438,7.433094719500197,2.7503729620048594
4056,training,0,0.019876524806022658,0.03879677919786286,21.27119940435769,7.448554975156184,2.7407516646261203
4057,training,0,0.049180723726749434,0.03879677919786286,21.234365325478446,7.464388860232944,2.7307709274522156
4058,training,0.0049903784,0.059029720723629,0.03879677919786286,21.197837295915498,7.480504680965638,2.7216336687464127
4059,training,0,0.015417397022247314,0.03879677919786286,21.161192522832295,7.497069450217745,2.7122324579656407
4060,training,0,0.021168172359466553,0.015547415586004826,21.124976404527484,7.513869095375251,2.7019133734402394
4061,training,0,0.010575685650110238,0.015547415586004826,21.08881459305508,7.531135232278792,2.6898200675190806
4062,training,0,0.023457333445549004,0.015547415586004826,21.0527842345369,7.5488878529240875,2.6776927585237784
4063,training,0,0.016725726425647736,0.015547415586004826,21.017233177301822,7.566966234295552,2.664668509264288
4064,training,0,0.0019011646509170532,0.015547415586004826,20.98165009044718,7.5856224756109425,2.652921030125382
4065,training,0,0.04010142199695109,0.015547415586004826,20.946480837910382,7.604486497634982,2.6452905505914392
4066,training,0,0.013317885808646679,0.012314056928914775,20.911388033215175,7.62364130782915,2.638550007427162
4067,training,0,0.01045435294508934,0.012314056928914775,20.876319752938453,7.6430447961674615,2.6343723472841805
4068,training,0,0.029253890737891197,0.012314056928914775,20.841541616562175,7.662456257370517,2.629895777790504
4069,training,0,0.0015668487176299078,0.012314056928914775,20.80664713845317,7.68215452106171,2.6253924996720466
4070,training,0,0.018268575891852382,0.012314056928914775,20.771901702425552,7.701920101249951,2.623040793183728
4071,training,0,0.005465449765324593,0.012314056928914775,20.737323651311613,7.721737200531832,2.619326234041943
4072,training,0,0.002016320013353834,0.0066195447248531235,20.702639017526707,7.741742284722197,2.618066508940723
4073,training,0,0.006944905035197736,0.0066195447248531235,20.668120575115353,7.76165873750601,2.617446056857672
4074,training,0,0.003737686201930046,0.0066195447248531235,20.63349687508449,7.781690392376669,2.6167053556392825
4075,training,0,0.0007682549767196178,0.0066195447248531235,20.59888319637144,7.801701975953082,2.6182984590679133
4076,training,0,0.022816170006990433,0.0066195447248531235,20.5643877715813,7.821596808423261,2.6178782099390943
4077,training,0,0.013369899243116379,0.0066195447248531235,20.529693799740897,7.841626914709088,2.6181272457418974
4078,training,0,0.04597810842096805,0.0138529028581207,20.495161457690806,7.861499167125906,2.61958373771886
4079,training,0,0.02143997140228748,0.0138529028581207,20.460539347968847,7.8814155078024415,2.6191472384145706
4080,training,0,0.00023399852216243744,0.0138529028581207,20.425856927486233,7.901375364240023,2.619771135147141
4081,training,0,0.005289889406412841,0.0138529028581207,20.39133196317072,7.9212168521375395,2.6192594515910144
4082,training,0,0.03812300972640514,0.0138529028581207,20.356629894941978,7.941209710943532,2.6184303282504504
4083,training,0,0.003402200061827898,0.0138529028581207,20.322020311123445,7.961140491855562,2.619131206254132
4084,training,0,0.0026483456604182716,0.007459220471667365,20.28749857498762,7.98106764225388,2.61670986611845
4085,training,0,0.035758910700678825,0.007459220471667365,20.25286523394908,8.00115647681443,2.6155874613822667
4086,training,0,0.0180236604064703,0.007459220471667365,20.21840430149647,8.021160456369113,2.6146270732567114
4087,training,0,0.0023135091178119183,0.007459220471667365,20.18383238126863,8.04131157863721,2.6128357251992806
4088,training,0,0.03556046821177006,0.007459220471667365,20.149308414851518,8.061480136666944,2.6129695933802357
4089,training,0,0.047398896887898445,0.007459220471667365,20.114920139522212,8.081596461814918,2.6109262250005267
4090,training,0,0.018271694891154766,0.015819308630127774,20.080386649610674,8.10189944595791,2.6093091206394803
4091,training,0,0.03713578172028065,0.015819308630127774,20.046034340757505,8.122120316238366,2.6087253819045304
4092,training,0.0037571979,0.05307661183178425,0.015819308630127774,20.01162849102235,8.142461201273223,2.60614568843245
4093,training,0,0.007151667028665543,0.015819308630127774,19.97722938146993,8.162897336388287,2.605200582154241
4094,training,0,0.013373710215091705,0.015819308630127774,19.94306144719202,8.183198676254198,2.606205434845707
4095,training,0,0.04891114681959152,0.015819308630127774,19.908601272596492,8.20355977308774,2.609430110858106
4096,training,0,0.008858014829456806,0.013860924427852896,19.874169389448458,8.223731299798137,2.613013643383514
4097,training,0,0.020798150449991226,0.013860924427852896,19.839750098590955,8.243836744772624,2.612307493089168
4098,training,0,0.03550795465707779,0.013860924427852896,19.80519883520286,8.264049689423562,2.612470515844646
4099,training,0,0.006953732576221228,0.013860924427852896,19.770799008334635,8.284135090616692,2.6127258263619564
4100,training,0,0.000949023291468622,0.013860924427852896,19.736250213760453,8.30431869398822,2.6129520774643153
4101,training,0,0.015212992206215858,0.013860924427852896,19.701710781125897,8.324433066060688,2.615815703837038
4102,training,0,0.03168050944805145,0.023265134909527134,19.667264632020043,8.344382007366871,2.6170875774934452
4103,training,0,0.004657933488488197,0.023265134909527134,19.63257494416424,8.364402558621448,2.619473951824313
4104,training,0,0.017504775896668434,0.023265134909527134,19.598030946483753,8.384180255839482,2.622434800899922
4105,training,0,0.03768264874815941,0.023265134909527134,19.563314563592126,8.403973914205366,2.624098045586758
4106,training,0,0.026469204574823373,0.023265134909527134,19.528520707600492,8.423720643473693,2.6269861344597083
4107,training,0,0.003706439165398479,0.023265134909527134,19.4938541409719,8.443272732523816,2.6282975552021814
4108,training,0,0.03707633167505264,0.027974842699145134,19.458946535312986,8.462924351601263,2.6293601432855422
4109,training,0.0032641029,0.06088915839791298,0.027974842699145134,19.406786642718956,8.492120705454004,2.6319445598502638
4110,training,0,0.023997260257601738,0.027974842699145134,19.389335890267223,8.501855382788742,2.633727937502079
4111,training,0,0.005326496437191956,0.027974842699145134,19.354308152382373,8.521232860112782,2.6402188627659218
4112,training,0,0.010692534968256947,0.027974842699145134,19.319351956548925,8.540210408010934,2.6471505606420798
4113,training,0,0.048303838819265366,0.027974842699145134,19.284089799764658,8.559076695389985,2.653812661555271
4114,training,0,0.030781256034970284,0.02495151435614679,19.24872354546665,8.577649493091542,2.662297924013711
4115,training,0,0.004088111221790314,0.02495151435614679,19.213348382026957,8.595892942375833,2.668122349633069
4116,training,0,0.02222594851627946,0.02495151435614679,19.177618810274822,8.614093606619836,2.6729581116486627
4117,training,0,0.02009342855308205,0.02495151435614679,19.14204711980295,8.631978438602461,2.6773061802022657
4118,training,0,0.024502667598426342,0.02495151435614679,19.106285358981967,8.649811262475627,2.680637229437083
4119,training,0,0.022040466777980328,0.02495151435614679,19.07038102839596,8.667567161385497,2.6844431457009237
4120,training,0,0.012339966371655464,0.017834849925643718,19.034645023099113,8.685076846087302,2.686855523105254
4121,training,0,0.03683392517268658,0.017834849925643718,18.99861587333319,8.702639443578345,2.689202791897075
4122,training,0,0.005208099260926247,0.017834849925643718,18.962715561987984,8.720024455418542,2.6912796839033315
4123,training,0,0.023884253576397896,0.017834849925643718,18.92676133523901,8.737379131729343,2.6921587082298557
4124,training,0,0.03998852334916591,0.017834849925643718,18.8906110887212,8.75480203420383,2.692930747311097
4125,training,0,0.024649159982800484,0.017834849925643718,18.854741675176943,8.77204982249742,2.693122411019951
4126,training,0,0.023751089349389073,0.005777051284717748,18.818654685771047,8.789410719925263,2.6930028610640693
4127,training,0,0.03687485866248607,0.005777051284717748,18.782625862420655,8.806745678765084,2.6929348812285467
4128,training,0,0.02803610451519489,0.005777051284717748,18.74668830607552,8.824056562044658,2.692071267563981
4129,training,0.004852494,0.058072322979569435,0.005777051284717748,18.6925874953645,8.850173815551067,2.6916419073454003
4130,training,0,0.0038306936621665955,0.005777051284717748,18.656703775031954,8.867512441394044,2.691147155586659
4131,training,0,0.02440851181745529,0.005777051284717748,18.63866801909975,8.876235562347881,2.6906969855469725
4132,training,0,0.02379970997571945,0.012046952749796336,18.60260153410343,8.893709623740422,2.690162861340849
4133,training,0,0.004663643892854452,0.012046952749796336,18.566774656939593,8.911104050215075,2.688864025518915
4134,training,0,0.010529322549700735,0.012046952749796336,18.530716221607896,8.928659756109866,2.6880426463667586
4135,training,0,0.03369322791695595,0.012046952749796336,18.49485473718498,8.94613253145195,2.6877829987269903
4136,training,0,0.010169019922614096,0.012046952749796336,18.458960094327733,8.963649767875602,2.6871239937348435
4137,training,0,0.021836586296558377,0.012046952749796336,18.42291600091492,8.981268739126572,2.687032551964244
4138,training,0,0.0018878504633903503,0.0029409836804500876,18.387157806230732,8.998735426424188,2.6867525527578513
4139,training,0,0.02759330719709396,0.0029409836804500876,18.3511737062493,9.016328806266477,2.686797308090398
4140,training,0,0.002264067530632019,0.0029409836804500876,18.315273361547145,9.033856441424122,2.687630795327718
4141,training,0,0.036263115704059594,0.0029409836804500876,18.279416182114815,9.05133946616989,2.687844377357455
4142,training,0,0.027322135865688327,0.0029409836804500876,18.243342891992853,9.068919181519846,2.688681604137892
4143,training,0,0.012506765779107809,0.0029409836804500876,18.207531440754288,9.086301892889324,2.6899395930180083
4144,training,0,0.003919829614460468,0.014886090601429876,18.17153291129097,9.10373589432886,2.6910669846758157
4145,training,0,0.04407022520899772,0.014886090601429876,18.135466971015198,9.12113860515333,2.6931316349702676
4146,training,0,0.004269649740308523,0.014886090601429876,18.099566708393272,9.138384155529582,2.694001365656132
4147,training,0,0.00992156332358718,0.014886090601429876,18.063404463102117,9.155739504520191,2.6939718274031237
4148,training,0,0.03818167746067047,0.014886090601429876,18.027446843090498,9.172999316306933,2.693552877382605
4149,training,0,0.021569781936705112,0.014886090601429876,17.99144407376042,9.190332883187244,2.691779717161148
4150,training,0,0.04285292699933053,0.006435136422471427,17.955323698457992,9.207810650849702,2.690513769692987
4151,training,0,0.025602027773857113,0.006435136422471427,17.919503079812245,9.225192824829884,2.6884594176866985
4152,training,0,0.011212473036721349,0.006435136422471427,17.88348667849475,9.242772443966864,2.68631919877836
4153,training,0.0037106327,0.05505046620965004,0.006435136422471427,17.84761082121667,9.260374139298396,2.683974038285888
4154,training,0.0037681328,0.05048331245779991,0.006435136422471427,17.81182603762555,9.27806902319095,2.6798433396022494
4155,training,0.05910266,0.10162334889173508,0.006435136422471427,17.758122637711498,9.305114713634222,2.6690135215320643
4156,training,0,0.03451661206781864,0.008324411760537512,17.740413941327464,9.314216287428405,2.6646407735872
4157,training,0,0.027218043804168694,0.008324411760537512,17.704904674351756,9.332722898588406,2.659248903040308
4158,training,0,0.01879013702273369,0.008324411760537512,17.669425582947433,9.351285771666683,2.6604902516872295
4159,training,0,0.04976245388388632,0.008324411760537512,17.634117968459975,9.369674095636688,2.662734280415453
4160,training,0,0.0031339656561613083,0.008324411760537512,17.598503720760746,9.388077055443091,2.66749305336714
4161,training,0,0.028181452304124832,0.008324411760537512,17.56300487365558,9.406133983608225,2.6736689193867407
4162,training,0,0.02277715876698494,0.01466692122996085,17.527322298532596,9.424047355561884,2.6789266346527643
4163,training,0,0.036533426493406296,0.01466692122996085,17.491421604712325,9.44183692832988,2.6849205092869446
4164,training,0,0.008104108273983009,0.01466692122996085,17.45568131874649,9.459258891606305,2.6906454554804276
4165,training,0,0.00513139367103576,0.01466692122996085,17.419586948893194,9.476607574811926,2.696768913851568
4166,training,0,0.005000472068786621,0.01466692122996085,17.383495647089777,9.493659567407539,2.703628435862735
4167,training,0,0.037633288651704774,0.01466692122996085,17.34733933194181,9.5104317965168,2.71092013876548
4168,training,0,0.028875816613435745,0.014340224602124297,17.310826339659545,9.527052216954834,2.7189192273128984
4169,training,0,0.03558161482214928,0.014340224602124297,17.27449615968979,9.543202890078394,2.7276116012522764
4170,training,0,0.019497450441122055,0.014340224602124297,17.2378308770572,9.559091768278181,2.738238661385841
4171,training,0.006323862,0.06337366998195648,0.014340224602124297,17.200966890432486,9.574573638214407,2.750707425399473
4172,training,0.0029810858,0.0749520156532526,0.014340224602124297,17.14549981390403,9.596777263315305,2.7706689026762916
4173,training,0,0.024366308003664017,0.014340224602124297,17.10811930546943,9.611060715323303,2.782279224577834
4174,training,0.004045336,0.06913752853870392,0.011923156742343585,17.070817854677284,9.624811399026733,2.794567365765105
4175,training,0.00346807,0.07474305108189583,0.011923156742343585,17.014259029874445,9.644616385467412,2.8152294781173857
4176,training,0,0.021954314783215523,0.011923156742343585,16.995458550538274,9.650902934258239,2.8209557937942518
4177,training,0,0.021363409236073494,0.011923156742343585,16.97654488630031,9.657144109023015,2.8236250069865627
4178,training,0,0.01746722310781479,0.011923156742343585,16.938483573640244,9.669781495645502,2.817467006608955
4179,training,0,0.034491103142499924,0.011923156742343585,16.900669714581486,9.682698794517814,2.807104843548696
4180,training,0,0.017000697553157806,0.011700403087849419,16.862971151841244,9.695969750914047,2.799663611634903
4181,training,0,0.002966688945889473,0.011700403087849419,16.825226344222948,9.709506707836281,2.794522318735283
4182,training,0,0.004524398595094681,0.011700403087849419,16.787731627277957,9.723142076274357,2.791330321478626
4183,training,0,0.027295660227537155,0.011700403087849419,16.750132580301987,9.736898340182737,2.7904158011840168
4184,training,0,0.03647111915051937,0.011700403087849419,16.712577344542336,9.75068766866041,2.7884148344385316
4185,training,0,0.010666266083717346,0.011700403087849419,16.67516127919366,9.764490449666644,2.787593359947886
4186,training,0,0.028045546263456345,0.017768492012230137,16.637537798586813,9.778424670734108,2.785705687660168
4187,training,0,0.0373302698135376,0.017768492012230137,16.600173068336307,9.792377755669985,2.782642917504365
4188,training,0.00838374,0.07716464623808861,0.017768492012230137,16.543958102256394,9.81357916654977,2.7787884339291273
4189,training,0.0023768768,0.07655119895935059,0.017768492012230137,16.469379786077553,9.842266056968626,2.7702144121106484
4190,training,0.019402504,0.08350838534533976,0.017768492012230137,16.413502656406784,9.864304060029413,2.7607598822835877
4191,training,0.0029684321,0.11755324900150299,0.010581614771654186,16.376452652102273,9.879245592984198,2.756129592393125
4192,training,0.005165953,0.16241174191236496,0.010581614771654186,16.339245170166734,9.894530042567624,2.7457615117744485
4193,training,0.004857811,0.20036831498146057,0.010581614771654186,16.30261404514112,9.910217319153393,2.7272117220765137
4194,training,0.004204734,0.2164064273238182,0.010581614771654186,16.284291178265576,9.9183821075109,2.7171154349001005
4195,training,0.0025710412,0.16752181202173233,0.010581614771654186,16.247727982040043,9.935256690815853,2.7028562645354444
4196,training,0.0070611034,0.14162094704806805,0.010581614771654186,16.229732035970894,9.943756493981983,2.6978260699480217
4197,training,0.0010755517,0.15028117410838604,0.030920229298676938,16.19374145268182,9.960987246584594,2.6938633263035308
4198,training,0.0061140666,0.18176397494971752,0.030920229298676938,16.175670968391685,9.9696642222913,2.694053766435655
4199,training,0.0032745043,0.183896891772747,0.030920229298676938,16.139577340945984,9.986901423141179,2.698837639818326
4200,training,0.009887503,0.14499005302786827,0.030920229298676938,16.103547019579157,10.003826795884152,2.705873477938766
4201,training,0.0022375376,0.14108580350875854,0.030920229298676938,16.085389759179478,10.012232406851211,2.710584009080187
4202,training,0.004491174,0.13027579337358478,0.030920229298676938,16.048933482051954,10.028788031796015,2.7217293613389293
4203,training,0.001914116,0.12696701288223267,0.030920229298676938,16.012559498284837,10.044723334846784,2.7365473123723127
4204,training,0.0030396124,0.08625078946352002,0.07319496494936105,15.975670524323279,10.060154433818024,2.755156818628159
4205,training,0.0063664764,0.09873299300670627,0.07319496494936105,15.938680939252727,10.07480973264007,2.773334461209017
4206,training,0.011397565,0.0850129947066307,0.07319496494936105,15.901422398948466,10.088818187641209,2.7902364862497184
4207,training,0.004997189,0.07443511486053467,0.07319496494936105,15.863799455071682,10.102267102444742,2.8068852025010234
4208,training,0.002654435,0.05196940153837204,0.07319496494936105,15.826143615816806,10.114976522603087,2.8251768618201765
4209,training,0.0020705487,0.0688140168786049,0.07319496494936105,15.788098148324874,10.12706069504684,2.8419762212162865
4210,training,0.0027539332,0.08504625409841537,0.09171907094089896,15.749938838765843,10.138598413778817,2.8528461372907405
4211,training,0.06051453,0.09097114205360413,0.09171907094089896,15.711685220656262,10.14972552490943,2.863722051893339
4212,training,0.0062510814,0.09377595782279965,0.09171907094089896,15.673274226689152,10.160461993557963,2.87413618228515
4213,training,0.003792773,0.08038479834795001,0.09171907094089896,15.634734611493961,10.170792494853863,2.885179474729732
4214,training,0.0045427014,0.05366129428148268,0.09171907094089896,15.596082381373714,10.180658000417893,2.8982085938196844
4215,training,0.0043442026,0.052510373294353485,0.09171907094089896,15.557400455070702,10.190036277716596,2.9097053998227578
4216,training,0,0.005679339170455933,0.10109230855895736,15.518489825821261,10.198921190478046,2.9249502694075113
4217,training,0,0.011788398027420044,0.10109230855895736,15.479590204357311,10.207141063484721,2.9405958011340783
4218,training,0,0.022587552666664124,0.10109230855895736,15.44040845101785,10.214850517770845,2.95385864271671
4219,training,0,0.020604431629180922,0.10109230855895736,15.401156737046941,10.221997684654424,2.9692162152379735
4220,training,0,0.03143792226910591,0.10109230855895736,15.361969571819092,10.228545830141409,2.9825720991356315
4221,training,0,0.018844477832317352,0.10109230855895736,15.322399475218717,10.234645121990045,2.9946625034625183
4222,training,0,0.0069461092352867265,0.1296517055999457,15.283036865730743,10.24019236226859,3.0078588964487603
4223,training,0.003342466,0.05813414603471756,0.1296517055999457,15.223561277614397,10.247537982935919,3.030500225706835
4224,training,0,0.023822728544473655,0.1296517055999457,15.183928074845262,10.251657014732308,3.0439106356264247
4225,training,0,0.002288084477186203,0.1296517055999457,15.16410653662133,10.253553918508606,3.048123504061107
4226,training,0,0.024055307731032368,0.1296517055999457,15.124203723790712,10.257143894769396,3.0555023978638762
4227,training,0,0.03409801237285137,0.1296517055999457,15.084428565076534,10.260455214652987,3.0609941001675423
4228,training,0,0.028796829283237457,0.055464143526522396,15.044635349874357,10.263596981019628,3.064117693672547
4229,training,0,0.01110169105231762,0.055464143526522396,15.004538467313415,10.266822307392985,3.0558763272467386
4230,training,0.001219931,0.059437800198793425,0.055464143526522396,14.945010657332624,10.272244147878961,3.047371715531061
4231,training,0,0.042473411187529564,0.055464143526522396,14.925004148778854,10.27416677356077,3.0424714962580466
4232,training,0.0020412384,0.11770734377205373,0.055464143526522396,14.865324175621678,10.280729691379094,3.0224025696879884
4233,training,0.0017951187,0.11245617642998695,0.055464143526522396,14.825492546455392,10.285830165610113,3.004444181326401
4234,training,0.0028287577,0.16625015996396542,0.05244342361250247,14.785756581501355,10.291670637046607,2.9874691290880184
4235,training,0.0072725555,0.1332927718758583,0.05244342361250247,14.74629338999716,10.298280101925949,2.961708811540803
4236,training,0.0027511884,0.0813361257314682,0.05244342361250247,14.706792383315213,10.305958258133346,2.9386273554309508
4237,training,0.0022332943,0.07442303746938705,0.05244342361250247,14.667600032650462,10.314463413839317,2.9162693637972086
4238,training,0.006290307,0.06884464621543882,0.05244342361250247,14.628591974416008,10.323990887882735,2.8866623812534633
4239,training,0.0025814173,0.08719059824943542,0.05244342361250247,14.58988205859646,10.334703292113218,2.8559802350817214
4240,training,0.0030948706,0.08132536709308621,0.0710488823590362,14.551429113610942,10.346686093338251,2.821568651679473
4241,training,0,0.03260838985443118,0.0710488823590362,14.532419758236866,10.353167293190436,2.8046665516432667
4242,training,0,0.018748149275779724,0.0710488823590362,14.49479388801481,10.366974567382377,2.7755988274395005
4243,training,0.0054997364,0.07242949306964874,0.0710488823590362,14.457316741979282,10.38192121071451,2.7488145864041913
4244,training,0,0.042391449213027926,0.0710488823590362,14.420548427507876,10.39777936793498,2.7180738673534512
4245,training,0.0025221026,0.05479168519377708,0.0710488823590362,14.366039223537886,10.423746306709624,2.6773715198351025
4246,training,0,0.00806792825460434,0.12516400416708864,14.348023835115855,10.432897220974493,2.667870066972411
4247,training,0.009068185,0.07969916239380836,0.12516400416708864,14.294888410610186,10.46078257372671,2.6423482082608043
4248,training,0,0.01223311573266983,0.12516400416708864,14.277202133968016,10.470555403709284,2.6320316945254905
4249,training,0,0.012928180396556854,0.12516400416708864,14.242162723541952,10.490239615195026,2.622377963290761
4250,training,0,0.0383039489388466,0.12516400416708864,14.20757687787117,10.510504188705161,2.6009337053878983
4251,training,0,0.025886960327625275,0.12516400416708864,14.173325008809558,10.531570415012867,2.5793058901325208
4252,training,0,0.03384153544902803,0.09594467733315705,14.139678828768846,10.55311090067221,2.5667693269352507
4253,training,0,0.030927568674087524,0.09594467733315705,14.106155005917044,10.575211415256467,2.548786593865707
4254,training,0,0.0007778108119964669,0.09594467733315705,14.073106672696786,10.597901395147124,2.5310533102627346
4255,training,0,0.03167289495468138,0.09594467733315705,14.040585398668249,10.62104982179247,2.515489020193274
4256,training,0,0.026190146803855896,0.09594467733315705,14.008329524205505,10.644729929242628,2.499861084610098
4257,training,0,0.02046038024127484,0.09594467733315705,13.976370811954475,10.669029738832997,2.4829420765741363
4258,training,0,0.01931901834905148,0.09594467733315705,13.944971975543954,10.693659596894381,2.4723140384647233
4259,training,0,0.005026025697588924,0.07371754746793517,13.913713611483397,10.718487486891119,2.468132102217195
4260,training,0,0.026272941380739212,0.07371754746793517,13.882480274772615,10.743531762258009,2.462144385468454
4261,training,0,0.029072718694806095,0.07371754746793517,13.851506002337112,10.768755241018084,2.453898011601441
4262,training,0,0.004038717597723007,0.07371754746793517,13.820641050204623,10.79426267728081,2.4484210008664204
4263,training,0,0.04616668075323104,0.07371754746793517,13.789932135962983,10.81985167907062,2.4457895633015956
4264,training,0.0038426402,0.058596625458449125,0.07371754746793517,13.7287656862566,10.871342208161106,2.435818803856224
4265,training,0,0.007211726624518633,0.0333654589068227,13.698478685793823,10.897264800632124,2.4327726397160934
4266,training,0,0.032206053379923105,0.0333654589068227,13.683338590367654,10.910236388331784,2.4335171371544684
4267,training,0.0030708588,0.05165058188140392,0.0333654589068227,13.652911851257745,10.936373600843435,2.4283044139861625
4268,training,0,0.009528307244181635,0.0333654589068227,13.63780601250128,10.949499561280659,2.4237243077880564
4269,training,0.0030898205,0.05788419768214226,0.0333654589068227,13.59285313781615,10.989045087769824,2.416858396978807
4270,training,0.007233544,0.09039687365293503,0.0333654589068227,13.562889138654526,11.015732480517878,2.409843264716378
4271,training,0,0.02865789458155632,0.0333654589068227,13.548101509833776,11.029061118202721,2.405670786935138
4272,training,0,0.014573864638805396,0.0333654589068227,13.518605624416633,11.056011534534885,2.3978291186983163
4273,training,0,0.013177961111068712,0.015665075239156705,13.489103759641285,11.083196075975493,2.399146924799482
4274,training,0,0.014691174030303969,0.015665075239156705,13.459620553423973,11.10995489889982,2.412443685901212
4275,training,0,0.03502129018306731,0.015665075239156705,13.429642419835563,11.136283316198147,2.4292046238174727
4276,training,0,0.017281662672758102,0.015665075239156705,13.399247128498933,11.162162877707738,2.4426924180233884
4277,training,0,0.006446883082389845,0.015665075239156705,13.368624036172019,11.187503297369126,2.457763753058977
4278,training,0.0013188014,0.057034242898225784,0.015665075239156705,13.337482973012717,11.212481918110406,2.4730332045588788
4279,training,0,0.03124380484223365,0.015665075239156705,13.3060472151645,11.236930692024819,2.488921924790306
4280,training,0,0.005727075040340424,0.006090499603240846,13.274188579691232,11.260832336509981,2.506338832274374
4281,training,0,0.03186972439289093,0.006090499603240846,13.241931282328004,11.284283768495705,2.5185136686251774
4282,training,0,0.046639688313007355,0.006090499603240846,13.209413900002403,11.307391463314811,2.5284885665292816
4283,training,0.03166514,0.08701543509960177,0.006090499603240846,13.176698642822501,11.330142487274324,2.538544912179447
4284,training,0.0014833924,0.07597708702087404,0.006090499603240846,13.143719942041164,11.35265675955587,2.546271896729976
4285,training,0.0025173144,0.07138898409903048,0.006090499603240846,13.110596307318003,11.37489379384858,2.5536702201835806
4286,training,0.0039990097,0.07632867246866225,0.006090499603240846,13.060704741950087,11.407967192197091,2.5571587008825163
4287,training,0.002581227,0.08866080641746521,0.00948002511320397,13.044005479395226,11.418967655345512,2.561425607132936
4288,training,0.0028047983,0.09776655584573746,0.00948002511320397,13.01057738923356,11.440583136521438,2.5742785781015574
4289,training,0.0028856187,0.06757931411266327,0.00948002511320397,12.976840022242218,11.461742195764458,2.588978971871593
4290,training,0,0.04816991835832596,0.00948002511320397,12.942682966137662,11.48239652676985,2.607674547093395
4291,training,0,0.022985517978668213,0.00948002511320397,12.908334228737838,11.502235994279237,2.627287261895578
4292,training,0,0.030801989138126373,0.00948002511320397,12.873383533129882,11.52149768205163,2.6491965586562203
4293,training,0,0.03159609436988829,0.0138812646863427,12.838077437483122,11.539934697956806,2.671387957996462
4294,training,0,0.030747413635253892,0.0138812646863427,12.802470290426427,11.55761960734329,2.6887090970702405
4295,training,0,0.007842883467674255,0.0138812646863427,12.766308598133605,11.574896553193852,2.7037859310098877
4296,training,0,0.02654144912958145,0.0138812646863427,12.730213444624983,11.591437106465516,2.720880830062096
4297,training,0,0.0012138113379478455,0.0138812646863427,12.693661625606481,11.607396783132153,2.7387465147632373
4298,training,0,0.005878482013940818,0.0138812646863427,12.656765676675313,11.62277738271255,2.754193637727068
4299,training,0,0.006676364690065384,0.008091558894896985,12.619861794308479,11.637522157232517,2.768055586328547
4300,training,0,0.02173369005322457,0.008091558894896985,12.582503615708532,11.651922917601043,2.7790101617742007
4301,training,0.0033219175,0.06756225973367691,0.008091558894896985,12.526524191001302,11.672800056340964,2.7902621607188887
4302,training,0,0.03231203183531761,0.008091558894896985,12.507740214000915,11.679645063223923,2.7941750687186917
4303,training,0,0.018107004463672638,0.008091558894896985,12.470099323845899,11.693134220906035,2.799936927382697
4304,training,0,0.0488523468375206,0.008091558894896985,12.43252139271357,11.70637952549637,2.804919372914988
4305,training,0.013186586,0.059232182800769806,0.03220769649049202,12.394713556881882,11.719525555444077,2.8087574350911626
4306,training,0.0059691807,0.08409029431641102,0.03220769649049202,12.338144415900256,11.739015982161881,2.8105213674409324
4307,training,0.0034920082,0.13923727720975876,0.03220769649049202,12.281406372303898,11.75859856853058,2.8033154546673544
4308,training,0.0041949283,0.10783347301185131,0.03220769649049202,12.224993661250265,11.778957534228859,2.78703336979415
4309,training,0,0.032935380935668945,0.03220769649049202,12.187426099603409,11.793055924848485,2.780115978843937
4310,training,0,0.028956092894077287,0.04502304656938893,12.168773522544681,11.800104052408672,2.781425492796908
4311,training,0,0.031065136194229126,0.04502304656938893,12.150174341469935,11.807047083772481,2.786902339589434
4312,training,0,0.043019108474254594,0.04502304656938893,12.112667133109115,11.820680102800901,2.7989732182254525
4313,training,0,0.015335526317358017,0.04502304656938893,12.093805811615791,11.827353180203934,2.803843774429365
4314,training,0,0.0329469945281744,0.04502304656938893,12.056172276113209,11.840410088498906,2.8109539884134214
4315,training,0.0011269299,0.07202787511050703,0.04502304656938893,12.018364427848319,11.853235595082783,2.8177046011150124
4316,training,0,0.030453125014901168,0.04502304656938893,11.98045824656974,11.865863691963987,2.82125791987248
4317,training,0,0.017313683405518525,0.047187348473107814,11.942583178936115,11.87834101552088,2.8256240004207553
4318,training,0,0.02625661157071591,0.047187348473107814,11.904525065970445,11.890676568795659,2.83006926748289
4319,training,0,0.03345087356865407,0.047187348473107814,11.866530912689111,11.90286803723057,2.832018792712711
4320,training,0,0.013818768784403801,0.047187348473107814,11.82850348808486,11.9149344414979,2.8367077878331277
4321,training,0,0.03899664990603924,0.047187348473107814,11.790390635383698,11.926844125891188,2.839643491056876
4322,training,0,0.010517610237002373,0.047187348473107814,11.75225385474472,11.938652089614143,2.84319060598135
4323,training,0,0.028881786391139037,0.05277025231815868,11.714020278021634,11.950299879648902,2.8484902887636148
4324,training,0,0.019863980822265148,0.05277025231815868,11.675811152341495,11.961769733444186,2.8511025717919303
4325,training,0,0.009345965459942825,0.05277025231815868,11.637549636155219,11.973101716249598,2.8563928382577726
4326,training,0,0.020779716782271862,0.05277025231815868,11.599236082545042,11.984207404382161,2.8615205647538864
4327,training,0,0.017480669543147087,0.05277025231815868,11.560806167900305,11.995157496512977,2.866476895761377
4328,training,0,0.014681641012430191,0.05277025231815868,11.522355971155498,12.005848939536786,2.874488873054026
4329,training,0,0.015347665175795559,0.043250233922923244,11.483887629586668,12.016249277952408,2.880095995342738
4330,training,0,0.036059699952602386,0.043250233922923244,11.445269396762695,12.026440985888195,2.8872081468836295
4331,training,0,0.005401816219091415,0.043250233922923244,11.406669675581053,12.03630450486422,2.8943636420357435
4332,training,0,0.028147098957560956,0.043250233922923244,11.36789822547904,12.045982329496747,2.89932435230649
4333,training,0,0.04674967750906944,0.043250233922923244,11.329101837294548,12.055438609813823,2.9058382985355142
4334,training,0,0.029621510300785303,0.043250233922923244,11.290349242943098,12.064647518948657,2.9097014659142575
4335,training,0.0038027994,0.059354549273848534,0.022269700619352364,11.231936391602957,12.07824467376241,2.916852710668547
4336,training,0.004746954,0.05921086296439171,0.022269700619352364,11.19311721268005,12.087019862827598,2.920904289229329
4337,training,0,0.034964485093951225,0.022269700619352364,11.173599009086784,12.091377761659407,2.923084937568491
4338,training,0,0.04004954546689987,0.022269700619352364,11.134537715238405,12.099943558076175,2.928121483576428
4339,training,0,0.005362983793020245,0.022269700619352364,11.095622565628306,12.10830867378327,2.9304993440142293
4340,training,0,0.02787728887051344,0.022269700619352364,11.056464487226641,12.11665131040684,2.932950151936118
4341,training,0,0.019887791480869055,0.006764731800508054,11.01738913597628,12.12482886066752,2.9371027706282904
4342,training,0.0029327595,0.06420868076384068,0.006764731800508054,10.958740601622848,12.136896561313023,2.9405461279765337
4343,training,0.0007802029,0.053375782445073135,0.006764731800508054,10.919573714787587,12.144787846971356,2.9446112265932296
4344,training,0,0.045335980132222176,0.006764731800508054,10.880516409000705,12.152561535687788,2.9452231061029077
4345,training,0,0.03266339190304279,0.006764731800508054,10.860858686080219,12.15646636782178,2.945671315951307
4346,training,0,0.03439961187541485,0.006764731800508054,10.821625825151207,12.164200812722354,2.9484723001710145
4347,training,0,0.03450038470327854,0.014854326169589874,10.782566341352329,12.171805801345165,2.94981937352868
4348,training,0,0.0259388848207891,0.014854326169589874,10.74321797710064,12.17938989773308,2.952901052806156
4349,training,0,0.015623971354216337,0.014854326169589874,10.704108590904665,12.18675587185438,2.956773364809555
4350,training,0,0.01793254353106022,0.014854326169589874,10.664819271802275,12.194046191337979,2.9591242849473396
4351,training,0,0.018588962033391,0.014854326169589874,10.62543455458239,12.201245342464619,2.9630302167791713
4352,training,0,0.013199514709413052,0.014854326169589874,10.586283638864337,12.208239559685243,2.9658912211252746
4353,training,0,0.014150477014482021,0.036296184573280224,10.546830333729545,12.21518051690091,2.9692402344781046
4354,training,0,0.049164405092597015,0.036296184573280224,10.507533910180982,12.221910367884725,2.9739896383394484
4355,training,0,0.04551117680966854,0.036296184573280224,10.468181325728635,12.228497907787444,2.976992797565231
4356,training,0,0.0133683942258358,0.036296184573280224,10.428623335174693,12.235004923732859,2.9806098094679143
4357,training,0,0.006542876362800602,0.036296184573280224,10.389339037724136,12.241306188443101,2.983471074753764
4358,training,0,0.02104230411350727,0.036296184573280224,10.349806273464612,12.247561521526082,2.985758516865422
4359,training,0,0.02482840232551098,0.03730992228839693,10.31029223630082,12.253699455053638,2.989098363498759
4360,training,0,0.01784623973071575,0.03730992228839693,10.270918998738274,12.2597021193918,2.9913005702469064
4361,training,0,0.025095494464039803,0.03730992228839693,10.23125492791973,12.265651444471688,2.994606405600901
4362,training,0,0.02624344639480114,0.03730992228839693,10.19185451687508,12.271393390188333,2.9981285680952863
4363,training,0,0.04294983483850955,0.03730992228839693,10.152286850111398,12.277054444085326,3.000563306734843
4364,training,0,0.03798491694033146,0.03730992228839693,10.112601084532075,12.282642544848942,3.0029341842883004
4365,training,0,0.040279263630509377,0.007494762562750443,10.073195264606793,12.288094076515199,3.0050987718844233
4366,training,0,0.005597386509180069,0.007494762562750443,10.033478253423135,12.293497375471485,3.0076915604758234
4367,training,0,0.023940173909068108,0.007494762562750443,9.99393099991162,12.298753675875867,3.0106474326585326
4368,training,0,0.021448602899909013,0.007494762562750443,9.954349163907574,12.3039074032676,3.0134459804768268
4369,training,0,0.004638664424419403,0.007494762562750443,9.914544380593847,12.308975476047468,3.016933487786655
4370,training,0,0.03895113430917263,0.007494762562750443,9.87505532585613,12.313849754447478,3.0199058801178493
4371,training,0,0.04216187447309494,0.00922816446114536,9.835308497629573,12.318652481642406,3.022780243992431
4372,training,0,0.04074221849441528,0.00922816446114536,9.795593476676203,12.323330128122187,3.0258806750906326
4373,training,0,0.042404597625136375,0.00922816446114536,9.755987427735661,12.327863908652207,3.0291589641002994
4374,training,0,0.04061592184007168,0.00922816446114536,9.716107836543072,12.332301681241702,3.032741455823505
4375,training,0.004261026,0.09017373062670231,0.00922816446114536,9.65665652347306,12.338635664560845,3.0379977221808057
4376,training,0.0024332195,0.13516340404748917,0.00922816446114536,9.616754548045298,12.342707087421203,3.0423304803575992
4377,training,0.006396476,0.1520993784070015,0.024899294852859872,9.596880932791008,12.344658029979424,3.0458820770284394
4378,training,0.005854805,0.09937149100005624,0.024899294852859872,9.557271376415386,12.3482932528577,3.0538528004393446
4379,training,0.0015995007,0.09195872768759726,0.024899294852859872,9.517336952934162,12.351674889812468,3.0600404066482474
4380,training,0.006810901,0.10664842091500762,0.024899294852859872,9.477556787266902,12.354840105610172,3.064243567502933
4381,training,0.0024005496,0.10552812367677689,0.024899294852859872,9.437746598458515,12.357846145899549,3.067851890701953
4382,training,0.0033982608,0.10547666810452937,0.024899294852859872,9.397732588121954,12.360746467133167,3.07073024031452
4383,training,0.002919844,0.10751694068312648,0.06121481012978099,9.358016533908879,12.363501695623034,3.073870052235079
4384,training,0.013855992,0.10903427563607695,0.06121481012978099,9.318061566649426,12.366136314561409,3.077815036415714
4385,training,0.0063177347,0.1055629216134548,0.06121481012978099,9.27813853256084,12.368626126076016,3.0800944474515317
4386,training,0.005044804,0.12336250953376293,0.06121481012978099,9.238322722729281,12.371038764011434,3.0814993677710105
4387,training,0.003958867,0.11275803111493587,0.06121481012978099,9.198259528463538,12.373440541927904,3.0815842443386825
4388,training,0.0027106865,0.11759327165782452,0.06121481012978099,9.138549342319145,12.377028909022998,3.081751252901401
4389,training,0.0063428045,0.136897774413228,0.07947276247771867,9.11854851437276,12.378220867433269,3.0822480377322825
4390,training,0.004711191,0.14008706994354725,0.07947276247771867,9.07856110892175,12.380579840600552,3.0824069227169284
4391,training,0.003165275,0.137521980330348,0.07947276247771867,9.018786983847608,12.384067633107518,3.084099781788625
4392,training,0.0030126614,0.13547508604824543,0.07947276247771867,8.998741491219022,12.385214478051768,3.0849020957587627
4393,training,0.003310107,0.1379536557942629,0.07947276247771867,8.958908059395538,12.387445874707446,3.086268286908462
4394,training,0.0015247262,0.13927368260920048,0.07947276247771867,8.91902748776908,12.389592243446472,3.089435864232187
4395,training,0.0043604616,0.13698932714760303,0.09497026653242681,8.879007346270011,12.391616976677867,3.092523575189681
4396,training,0.00450387,0.12710376828908923,0.09497026653242681,8.839222478754083,12.393477622571885,3.0969102212846096
4397,training,0.011523237,0.12526769377291203,0.09497026653242681,8.799216340845227,12.395171931238162,3.101748226591085
4398,training,0.0010647741,0.13096133805811408,0.09497026653242681,8.759271642056706,12.396696439258276,3.1042200856701023
4399,training,0.0018463366,0.13770032487809658,0.09497026653242681,8.699369715276573,12.398801163845524,3.1084623608310524
4400,training,0.0051477505,0.1432702429592609,0.09497026653242681,8.659395588621575,12.400089830786696,3.1096946459283883
4401,training,0.0067939973,0.1294161006808281,0.1059384698922863,8.619546870001368,12.401289162491832,3.113284415833534
4402,training,0.005423491,0.12756657041609284,0.1059384698922863,8.57967073452236,12.402060572168681,3.136233559738461
4403,training,0.004457124,0.1135385874658823,0.1059384698922863,8.559819898520944,12.40202316133272,-3.1325466942832323
4404,training,0,0.044111926108598695,0.1059384698922863,8.520140462605891,12.401063120697875,-3.1036280323630137
4405,training,0,0.01158016175031662,0.1059384698922863,8.48035883361782,12.39909311945375,-3.0832043466067436
4406,training,0,0.01457772031426429,0.1059384698922863,8.44054885579927,12.396500180285356,-3.0707945061321964
4407,training,0,0.010717570781707764,0.10270578472002186,8.400836962791306,12.393437122938359,-3.058961464569652
4408,training,0,0.020077001303434372,0.10270578472002186,8.361035830818045,12.389978849431456,-3.0523808219105657
4409,training,0.005854581,0.10194434598088264,0.10270578472002186,8.32130522080835,12.386298710925233,-3.0456119408613924
4410,training,0.0018946516,0.09549647010862826,0.10270578472002186,8.281669380558084,12.382222782644048,-3.0297691485020297
4411,training,0.008187018,0.08269282430410385,0.10270578472002186,8.22231281435535,12.374755413734034,-3.0046404230611827
4412,training,0.0035597135,0.08338624238967896,0.10270578472002186,8.182902908902001,12.369048377797581,-2.9929293877672545
4413,training,0.0024085818,0.074487176079856,0.08223797094343334,8.143403365220884,12.36303887448435,-2.9897462732089957
4414,training,0.003583085,0.05951949302107096,0.08223797094343334,8.103906819420688,12.356960250504375,-2.9880841561803306
4415,training,0,0.046133942902088165,0.08223797094343334,8.084165719445497,12.35389796013041,-2.98839264825433
4416,training,0,0.029363211244344718,0.08223797094343334,8.044632587648854,12.34787686129657,-2.993884709178824
4417,training,0,0.008547410368919373,0.08223797094343334,8.005005315056307,12.342135056398023,-3.001770651745867
4418,training,0,0.0008457265794277122,0.08223797094343334,7.965376604543535,12.336754379288163,-3.012465477350399
4419,training,0,0.03147362358868122,0.04911381348240348,7.925565531897507,12.331816612042397,-3.0234652157621396
4420,training,0,0.0264842938631773,0.04911381348240348,7.885860451044451,12.327212951465713,-3.0284255551496377
4421,training,0,0.036934858188033104,0.04911381348240348,7.846126598368521,12.322785465600926,-3.033117976877081
4422,training,0,0.04127654992043971,0.04911381348240348,7.806396909134664,12.318514149098865,-3.0351661644234014
4423,training,0.013387079,0.058729907497763634,0.04911381348240348,7.766644501904025,12.314283633294615,-3.0366864353428897
4424,training,0,0.014346474781632423,0.04911381348240348,7.726829721118007,12.310155868662099,-3.040320780862636
4425,training,0,0.03696931526064872,0.02728223883839053,7.687112826765318,12.306169509223313,-3.0435870068444344
4426,training,0,0.0005038846284151043,0.02728223883839053,7.647287050682563,12.302352828831536,-3.049102941190324
4427,training,0,0.009479479864239694,0.02728223883839053,7.607485442681054,12.298762825474322,-3.053383040757809
4428,training,0,0.004324076697230339,0.02728223883839053,7.567619625369011,12.295286077630722,-3.0560133478748956
4429,training,0,0.004033772274851799,0.02728223883839053,7.527744957413251,12.291945739106243,-3.0603674718061504
4430,training,0,0.0042525809258222615,0.02728223883839053,7.487971823496041,12.288756372870662,-3.0628924757867955
4431,training,0,0.007528556510806082,0.014424175096056877,7.4480587676714105,12.285656950518295,-3.0659916389496806
4432,training,0,0.0010957922786474228,0.014424175096056877,7.4081890687596506,12.282723387805847,-3.069861366867372
4433,training,0,0.0034853871911764128,0.014424175096056877,7.368333422725259,12.27987785530714,-3.070894967520205
4434,training,0,0.0026123998686671257,0.014424175096056877,7.328417393704272,12.277086520117182,-3.073326738146938
4435,training,0,0.002409016713500023,0.014424175096056877,7.288611951305469,12.274380232816826,-3.073716946559662
4436,training,0,0.007270091213285923,0.014424175096056877,7.248672425086431,12.27166523748818,-3.0743867115787853
4437,training,0,0.012657979503273964,0.012273003929931223,7.20876041730347,12.269026498293442,-3.076689824964791
4438,training,0,0.01632684841752052,0.012273003929931223,7.168953331036885,12.266426868203636,-3.076619142656526
4439,training,0,0.009403502568602558,0.012273003929931223,7.129010859439537,12.263847733915268,-3.078521330374332
4440,training,0,0.011718608438968662,0.012273003929931223,7.089172000946491,12.261376932216223,-3.0805271660105995
4441,training,0,0.01654728129506111,0.012273003929931223,7.049221977657434,12.258954852544939,-3.0817045115847446
4442,training,0,0.011457180604338646,0.012273003929931223,7.009266313768581,12.256618893692767,-3.085247466422383
4443,training,0,0.01846390590071678,0.0006834405481432572,6.969449686961233,12.254406195232164,-3.0873462405420367
4444,training,0,0.004835089668631554,0.0006834405481432572,6.92943678874112,12.252284619340356,-3.0906050336792847
4445,training,0,0.004417946562170979,0.0006834405481432572,6.889558598274484,12.250342418732425,-3.0948134276484667
4446,training,0,0.005285663530230522,0.0006834405481432572,6.849585289649487,12.248532047652695,-3.0980358655660907
4447,training,0,0.002700140699744221,0.0006834405481432572,6.80956250802255,12.246867264590858,-3.1025518640167102
4448,training,0,0.04491278529167175,0.0006834405481432572,6.769723535072987,12.245372113087953,-3.1057064994974275
4449,training,0,0.04016689956188202,0.010763908577463713,6.729653875893407,12.243991841182115,-3.1089972183461856
4450,training,0,0.029578085988759995,0.010763908577463713,6.689720511067815,12.242778074474161,-3.1129744861214115
4451,training,0,0.026195108890533444,0.010763908577463713,6.649800962340437,12.24165432631939,-3.1139634805809298
4452,training,0,0.0357408095151186,0.010763908577463713,6.6097395444198375,12.240560963645956,-3.115281672508225
4453,training,0,0.0248490497469902,0.010763908577463713,6.569899869467058,12.239528341931955,-3.1160227951855477
4454,training,0,0.02812343835830688,0.010763908577463713,6.52986927029284,12.238509268233631,-3.1164422240877268
4455,training,0.0013763851,0.08273962140083313,0.004895788332888998,6.469987732045487,12.237063322268016,-3.118236112584791
4456,training,0.0010049175,0.07938737981021404,0.004895788332888998,6.429972299898005,12.236136072573169,-3.118936442955244
4457,training,0.004763313,0.07994043081998824,0.004895788332888998,6.3899368814012805,12.235269399624993,-3.1214271232223725
4458,training,0.011473446,0.09926404617726804,0.004895788332888998,6.350092125388261,12.234480497206558,-3.1229104906108156
4459,training,0.005018605,0.12597519904375076,0.004895788332888998,6.309979534485885,12.233780057256734,-3.125878056956444
4460,training,0.0019169895,0.11827246472239494,0.004895788332888998,6.270101640730506,12.233179574712599,-3.1261391042756355
4461,training,0.0070650517,0.11116943880915642,0.011449016024951792,6.23014712839728,12.232519093273943,-3.124109493774957
4462,training,0.0074777203,0.10422215797007083,0.011449016024951792,6.190099769887833,12.231781983981971,-3.122811010064869
4463,training,0.008148693,0.10934885777533054,0.011449016024951792,6.17020853994324,12.231391700587238,-3.121077752092456
4464,training,0.0016483794,0.09498354233801366,0.011449016024951792,6.1102556979278,12.229975283556994,-3.1152620135601414
4465,training,0.006698794,0.131056422367692,0.011449016024951792,6.070337322468733,12.228871083988295,-3.1125705595270188
4466,training,0.0018265145,0.14605061151087284,0.011449016024951792,6.0304852455403495,12.227621239968537,-3.1081764447282585
4467,training,0.0008934256,0.1427592150866985,0.013653332374156935,6.010460800186147,12.226933092095235,-3.106373470365341
4468,training,0.008571034,0.1341791916638613,0.013653332374156935,5.970508793346766,12.225474551202394,-3.1041384086157007
4469,training,0.0018569008,0.12965052388608456,0.013653332374156935,5.930705963362734,12.223885309779217,-3.099350936229083
4470,training,0.007843515,0.2121567707508802,0.013653332374156935,5.890724191487643,12.22210220797388,-3.095250153658295
4471,training,0.0010028359,0.19759772159159184,0.013653332374156935,5.850890617491062,12.22017283195172,-3.090518065016059
4472,training,0.005726639,0.1756983175873756,0.013653332374156935,5.791052111820292,12.21680285898179,-3.0806539584220842
4473,training,0.0118038,0.1847618818283081,0.03127309624647995,5.7512572499932855,12.214251778168425,-3.0740479354696606
4474,training,0.0012860963,0.1477575525641441,0.03127309624647995,5.71145576342113,12.211385612305655,-3.065185397704558
4475,training,0.0025819135,0.15264739282429216,0.03127309624647995,5.67164695832297,12.20818345236105,-3.0579641157410844
4476,training,0.0020747713,0.129571171477437,0.03127309624647995,5.65174403789584,12.206479781686047,-3.055065684118076
4477,training,0.0055620093,0.12217069417238233,0.03127309624647995,5.612042949224504,12.202887262480374,-3.0480697604769222
4478,training,0.007685454,0.23630579933524135,0.03127309624647995,5.572272303731586,12.19907005452611,-3.0450831832405463
4479,training,0.008501179,0.22771491110324857,0.0876273254148139,5.532580105118132,12.19517361034969,-3.042539095744561
4480,training,0.00080941484,0.2424950897693634,0.0876273254148139,5.472900636492259,12.189242669618281,-3.044588375738099
4481,training,0.0041640894,0.24264403991401198,0.0876273254148139,5.452955223241259,12.18733057249216,-3.047420263905917
4482,training,0.0038031496,0.17272426187992096,0.0876273254148139,5.413207103222479,12.183642973049261,-3.0509982103401696
4483,training,0.011454785,0.23743994161486626,0.0876273254148139,5.373336259026479,12.180099434311566,-3.0554974473632486
4484,training,0.0038371636,0.21176709607243538,0.0876273254148139,5.3335343442808325,12.176753216958431,-3.0592492288305246
4485,training,0.0019575409,0.18217922747135162,0.13291456818337657,5.293668443557258,12.173479053907656,-3.0590735394712083
4486,training,0.0055784686,0.16395696252584457,0.13291456818337657,5.254009844062514,12.170076609915315,-3.044641597884117
4487,training,0.003906655,0.0967013742774725,0.13291456818337657,5.214537071741535,12.165476529196162,-3.0062836022425774
4488,training,0.0036153954,0.18621373921632767,0.13291456818337657,5.17535645547434,12.159418772947928,-2.973952667457334
4489,training,0.0045636343,0.14727162569761273,0.13291456818337657,5.136173835510583,12.152265689622507,-2.944517625829347
4490,training,0.0029193026,0.11688528023660183,0.13291456818337657,5.097490336342138,12.143804813957267,-2.9096115485093725
4491,training,0.0065608732,0.11638148128986359,0.14141047855341915,5.039694674679082,12.128979771949187,-2.8750162169657636
4492,training,0.0011248036,0.1502479687333107,0.14141047855341915,5.001233901793501,12.11818855220017,-2.85998252638641
4493,training,0.0021347948,0.1066153272986412,0.14141047855341915,4.963237801426859,12.106752441467323,-2.8380469460121343
4494,training,0,0.019593846052885056,0.14141047855341915,4.925180607478954,12.094401814894852,-2.818999088056177
4495,training,0,0.011377615854144096,0.14141047855341915,4.887482911935097,12.08165220849739,-2.814802229380642
4496,training,0,0.004956573247909549,0.14141047855341915,4.8685871682106105,12.075245957770044,-2.815263867622906
4497,training,0,0.04129391722381116,0.10501281164232781,4.830557156750726,12.062430071664547,-2.818465369938837
4498,training,0,0.013200961984694004,0.10501281164232781,4.792666398932839,12.049868677954123,-2.825664712880528
4499,training,0,0.03519290825352073,0.10501281164232781,4.75464391311737,12.037552716297574,-2.8290219533631946
4500,training,0,0.0379478171817027,0.10501281164232781,4.716440576312148,12.025224899448888,-2.8302490310032953
4501,training,0,0.010005980730056763,0.10501281164232781,4.67854516702466,12.013026959442701,-2.830354477439796
4502,training,0,0.014240741729736328,0.10501281164232781,4.640436190034312,12.000705052606271,-2.8262534205000978
4503,training,0,0.004471067339181893,0.057183391723866675,4.602563566587131,11.988189179678297,-2.8174430347563093
4504,training,0,0.030776366591453552,0.057183391723866675,4.564869285178887,11.975316317785744,-2.808132943584709
4505,training,0,0.0013336502015590737,0.057183391723866675,4.527097114866174,11.961995759574165,-2.7957539218634975
4506,training,0,0.022411700338125225,0.057183391723866675,4.4897563396489515,11.94831661528924,-2.7860557709236375
4507,training,0,0.016125336289405823,0.057183391723866675,4.452333590902721,11.934276783332233,-2.7800716135172046
4508,training,0,0.027432642877101884,0.057183391723866675,4.415037198516386,11.919995409826205,-2.770416066984043
4509,training,0,0.019665710628032684,0.011672382944857828,4.378135068432998,11.905292270986878,-2.754132505374798
4510,training,0,0.020472176373004913,0.011672382944857828,4.3412441247133495,11.889930458711529,-2.741130846416891
4511,training,0,0.008030876517295824,0.011672382944857828,4.304638039069292,11.874195905239741,-2.7296856947789006
4512,training,0,0.011478558182716384,0.011672382944857828,4.268261286684879,11.857973384641403,-2.714065087566938
4513,training,0.0010971922,0.07155129685997963,0.011672382944857828,4.232192046424632,11.84115735667866,-2.6963925464831386
4514,training,0.0051637148,0.06379672884941101,0.011672382944857828,4.1788349292390725,11.81454849183187,-2.659031376268682
4515,training,0,0.011621281504631042,0.0621179973214376,4.143898806649419,11.795659901873229,-2.6333957963335193
4516,training,0,0.02802089974284172,0.0621179973214376,4.126518141736561,11.78585114554671,-2.623241819621039
4517,training,0,0.04657019674777983,0.0621179973214376,4.092078293435799,11.765845926508177,-2.6087738858183225
4518,training,0,0.026894524693489075,0.0621179973214376,4.057855969592926,11.745496841574576,-2.6032065860476505
4519,training,0,0.005512397736310959,0.0621179973214376,4.023503768999167,11.724886615415892,-2.598613926568756
4520,training,0,0.005565470084548,0.0621179973214376,3.9894906072036056,11.704184734747347,-2.592052351437806
4521,training,0.0043079727,0.054033614695072174,0.05854079560314646,3.955498138735179,11.683254740859295,-2.5875739457450813
4522,training,0,0.006192097440361973,0.05854079560314646,3.921524488418477,11.662122831227359,-2.5816971415823478
4523,training,0,0.009451436810195446,0.05854079560314646,3.887855320918753,11.640877772116804,-2.5767183037817065
4524,training,0,0.027274804189801216,0.05854079560314646,3.854083066410733,11.619376138545014,-2.5724782152795496
4525,training,0.029324701,0.06608288176357748,0.05854079560314646,3.8205154402733195,11.597775463121536,-2.567675774258442
4526,training,0,0.032441645860672,0.05854079560314646,3.787056458255354,11.576069290580431,-2.5650946653223334
4527,training,0,0.03829880431294441,0.029616755615040354,3.7534598841359523,11.554162814923192,-2.5617415144477738
4528,training,0.0035465427,0.0839645005762577,0.029616755615040354,3.7035214289414258,11.5212888587773,-2.558722007533387
4529,training,0.001010841,0.07411081530153753,0.029616755615040354,3.6700000470969867,11.499220269377881,-2.5606561800605148
4530,training,0.0021399588,0.08480477891862391,0.029616755615040354,3.636690850941711,11.477363467613667,-2.5612440532122065
4531,training,0,0.03774850815534592,0.029616755615040354,3.6032908307080267,11.455415293974688,-2.55843827150947
4532,training,0.010334397,0.05771799385547638,0.029616755615040354,3.5698944305736,11.433315904603877,-2.555597532537628
4533,training,0.0064151576,0.1232435293495655,0.019649222184143684,3.536700803670083,11.411275704114118,-2.557111268424231
4534,training,0.0054946337,0.14516372978687286,0.019649222184143684,3.486321318711161,11.37834545839717,-2.5716656559891287
4535,training,0.011472289,0.11659364029765129,0.019649222184143684,3.4354223825022596,11.346551595666106,-2.5957918944470366
4536,training,0.0037537243,0.07606116682291031,0.019649222184143684,3.4009639786525585,11.325969952490519,-2.609766802185624
4537,training,0.0037928307,0.08341159857809544,0.019649222184143684,3.3491586103269095,11.296019866430036,-2.6233245065006088
4538,training,0,0.024379465728998184,0.018049581589045773,3.3317435175998518,11.286089337207818,-2.6226485260563157
4539,training,0.0013324246,0.09730661660432814,0.018049581589045773,3.3144170325456055,11.276167453573779,-2.6196287817224775
4540,training,0.003845907,0.06327588483691214,0.018049581589045773,3.279972767396131,11.256176783717851,-2.6127938806382436
4541,training,0,0.027418494690209627,0.018049581589045773,3.245515167674261,11.235908389753751,-2.6068832711510597
4542,training,0,0.04398098401725292,0.018049581589045773,3.228319084878459,11.225684650661531,-2.603290556020269
4543,training,0.0026050454,0.058398665860295296,0.018049581589045773,3.1942149331476095,11.20514543592031,-2.597513320787835
4544,training,0.003915884,0.05592581443488597,0.018049581589045773,3.1600309433370812,11.18440720781916,-2.5960066229308123
4545,training,0,0.0029453486204147374,0.06812840418207451,3.1258790293827,11.163665195082762,-2.5963203756348654
4546,training,0.0014818264,0.05784556642174721,0.06812840418207451,3.091714688499804,11.143044606007418,-2.6015638286062477
4547,training,0,0.011517642065882683,0.06812840418207451,3.0572440254550446,11.122519713708119,-2.6077902269925284
4548,training,0,0.007564987987279885,0.06812840418207451,3.0400476654813864,11.112376571745697,-2.6100764130393888
4549,training,0,0.023803279735147953,0.06812840418207451,3.0056041990226103,11.092261575742794,-2.61646948093169
4550,training,0,0.002290742471814152,0.06812840418207451,2.970838787159901,11.072274831462188,-2.6232469487765564
4551,training,0,0.025400809943675988,0.09949256239295144,2.936106684906195,11.052547848045597,-2.627356168556343
4552,training,0,0.012773111462593079,0.09949256239295144,2.901291127733098,11.03298744006371,-2.6319903442944494
4553,training,0,0.00950340740382671,0.09949256239295144,2.866347498660902,11.013520895989386,-2.6341507726419313
4554,training,0,0.01849000994116068,0.09949256239295144,2.831464074595108,10.994148112536491,-2.635983675101535
4555,training,0,0.004043709486722946,0.09949256239295144,2.7964259891585708,10.974794360926133,-2.6378075054897527
4556,training,0,0.005322372540831566,0.09949256239295144,2.761468303113429,10.95548999104178,-2.6360718596256953
4557,training,0,0.026849880814552307,0.07548339405022224,2.7266065124087286,10.936156707240483,-2.634735611448717
4558,training,0.0010680024,0.065556101500988,0.07548339405022224,2.6916674089432795,10.916684707118232,-2.6306952621994797
4559,training,0,0.006732378154993057,0.07548339405022224,2.6569787987245674,10.897084584592733,-2.6245788301990554
4560,training,0,0.022861257195472717,0.07548339405022224,2.622336259431458,10.877235029904867,-2.616765092335183
4561,training,0,0.0025875717401504517,0.07548339405022224,2.58790631358614,10.85701590265982,-2.603309235284766
4562,training,0.008153347,0.08547313511371613,0.07548339405022224,2.5539079021180933,10.836400545495042,-2.590764857733177
4563,training,0,0.043016061186790466,0.02108150803685112,2.5199436123174612,10.815258095584955,-2.5782810318091802
4564,training,0,0.02230563759803772,0.02108150803685112,2.486448852208961,10.793742653708552,-2.5627558638942887
4565,training,0,0.033840522170066806,0.02108150803685112,2.4533638989325093,10.77169154149048,-2.542780140037122
4566,training,0,0.04375450313091278,0.02108150803685112,2.4206124665155464,10.74873773248566,-2.515796103000556
4567,training,0,0.00883549451828003,0.02108150803685112,2.3888932480114056,10.72508365436149,-2.4853721203694144
4568,training,0,0.04674112796783447,0.02108150803685112,2.3577008701708446,10.700337398358512,-2.457165147583544
4569,training,0.0010031248,0.1274315714836121,0.02108150803685112,2.327137055102872,10.6747429216805,-2.431684528725772
4570,training,0,0.033265113830566406,0.05390570701880827,2.2974099474054976,10.648516134329263,-2.4067491977171978
4571,training,0.0022765049,0.08336085081100464,0.05390570701880827,2.268212565950038,10.621423879415092,-2.379958498978708
4572,training,0.000705463,0.08682443201541903,0.05390570701880827,2.2398203806015897,10.593618134193955,-2.3531835665411327
4573,training,0,0.00915950536727908,0.05390570701880827,2.212204765241419,10.565041187968081,-2.3251088149113555
4574,training,0,0.0017387866973876953,0.05390570701880827,2.185463454398435,10.535758294528483,-2.2952128482586933
4575,training,0,0.012980163097381592,0.05390570701880827,2.159661925212295,10.505533251119914,-2.2583405846467803
4576,training,0,0.041911333799362155,0.05390570701880827,2.1353397603642894,10.474488952074562,-2.2104334079445263
4577,training,0,0.00012606382369995117,0.09455807559382245,2.112549820269119,10.442134190212757,-2.1579207482889182
4578,training,0,0.002297639846801758,0.09455807559382245,2.0912433112338418,10.40853170505807,-2.1161002355715812
4579,training,0,0.041327327489852905,0.09455807559382245,2.071388931543682,10.374359534586624,-2.0784013159333217
4580,training,0,0.0373724699020386,0.09455807559382245,2.052710133473712,10.339242403550772,-2.04103561854409
4581,training,0,0.0046930313110351285,0.09455807559382245,2.0353243723292764,10.303571758608488,-2.0079749495543453
4582,training,0,0.049101680517196655,0.09455807559382245,2.019098151793658,10.267343259781535,-1.9766290566135354
4583,training,0,0.017170876264572116,0.06908085589269068,2.004052342611563,10.230764581599516,-1.9447613828668937
4584,training,0,0.0035088136792182784,0.06908085589269068,1.9901016481454825,10.19347503814055,-1.9132154935809278
4585,training,0,0.02696056663990022,0.06908085589269068,1.9772612250104282,10.155934880672076,-1.890778717378132
4586,training,0,0.03870481997728348,0.06908085589269068,1.9650782941483786,10.11798441479085,-1.871861223561983
4587,training,0.008890795,0.08500031381845474,0.06908085589269068,1.9482923990412846,10.060668807049279,-1.8392398256251545
4588,training,0.011027496,0.06666647642850876,0.06908085589269068,1.9334514271756678,10.00274541053191,-1.8032028542287253
4589,training,0,0.01522548496723175,0.02955232466369233,1.9247121252418256,9.963899218125448,-1.7822061027107434
4590,training,0,0.007377419620752331,0.02955232466369233,1.9206106967280157,9.944440754748346,-1.7764288334986744
4591,training,0,0.01954302005469799,0.02955232466369233,1.9125413341273065,9.905198712917937,-1.7708451554321354
4592,training,0,0.031640732660889626,0.02955232466369233,1.9046806033500094,9.866053740603643,-1.7671445045074625
4593,training,0,0.04948676563799381,0.02955232466369233,1.9008167926906951,9.846519577180478,-1.7653341655780164
4594,training,0,0.03567693941295147,0.02955232466369233,1.8931350956350952,9.807212061850148,-1.7624190851347017
4595,training,0,0.01803753897547722,0.01479799056699733,1.8855532649803002,9.767949952186754,-1.7610603083393042
4596,training,0,0.01665078662335873,0.01479799056699733,1.8780309455959014,9.728768046091218,-1.7603630835908965
4597,training,0,0.006857595901237801,0.01479799056699733,1.8704542206163408,9.689341452520411,-1.761304326349046
4598,training,0,0.00997481681406498,0.01479799056699733,1.8628757040866952,9.650211827921318,-1.7630196454740648
4599,training,0,0.010849062353372574,0.01479799056699733,1.8552043323284002,9.610932523203799,-1.7647263681576308
4600,training,0,0.02453562803566456,0.01479799056699733,1.847444345016642,9.571611294097504,-1.7667536544591265
4601,training,0,0.02890174090862274,0.016887644145581842,1.839681286250106,9.532512790638876,-1.7668132189225652
4602,training,0,0.008997469674795866,0.016887644145581842,1.831886332549499,9.493165062895002,-1.7658459723452848
4603,training,0,0.008968639303930104,0.016887644145581842,1.82416915941266,9.454024185294006,-1.7650213110019413
4604,training,0,0.006114314426667988,0.016887644145581842,1.8164925906309408,9.414814352569906,-1.7634678295350195
4605,training,0,0.01740787550806999,0.016887644145581842,1.8088320034044925,9.37544835204155,-1.7627251847868417
4606,training,0,0.0009380504488945007,0.016887644145581842,1.801240682013884,9.336336614382795,-1.7630595255255335
4607,training,0,0.02807975374162197,0.013557790051946725,1.7935578546332105,9.296995306694779,-1.7647468438804232
4608,training,0,0.014871563762426376,0.013557790051946725,1.7858081116950197,9.257772190193647,-1.7669387676037547
4609,training,0,0.02272492228075862,0.013557790051946725,1.7780256932895935,9.218624258334525,-1.7671374093382635
4610,training,0,0.0309275072067976,0.013557790051946725,1.770225446207905,9.179257893355963,-1.7649842449372062
4611,training,0,0.031568752601742744,0.013557790051946725,1.762628708074261,9.140182781396412,-1.7600712349346872
4612,training,0,0.03910243697464466,0.013557790051946725,1.755208782817522,9.10087982576633,-1.7550007904002976
4613,training,0,0.047524427995085716,0.005773365701740535,1.747921672430257,9.061522672046612,-1.753820320028159
4614,training,0,0.04931104741990566,0.005773365701740535,1.7407099803255714,9.022326834273404,-1.7517669634997466
4615,training,0.0023520333,0.05497558228671551,0.005773365701740535,1.7300485421501655,8.9632078585594,-1.7469033653393111
4616,training,0,0.027103275526314974,0.005773365701740535,1.7231529777020174,8.923986092240959,-1.7430202895765083
4617,training,0,0.03776521980762482,0.005773365701740535,1.7197447900660945,8.904267191947573,-1.7407296959965752
4618,training,0,0.03697332087904215,0.005773365701740535,1.7130488383349065,8.864781989135409,-1.7372064723251808
4619,training,0,0.049177465960383415,0.01556990321902492,1.7065474673801455,8.825487795299608,-1.7325592805152068
4620,training,0.004869684,0.0726771131157875,0.01556990321902492,1.6970688181027296,8.76619702699696,-1.7271429493903354
4621,training,0.003032853,0.10321706533432007,0.01556990321902492,1.6909440538133709,8.726820463104243,-1.7231547218282008
4622,training,0.0013864465,0.09761109203100204,0.01556990321902492,1.6849871282078868,8.687245657588765,-1.7165810549596818
4623,training,0.0022845562,0.09995826706290245,0.01556990321902492,1.6793200080841444,8.647743756226193,-1.7101597326513847
4624,training,0.004412485,0.061708247289061546,0.01556990321902492,1.6739454963676608,8.608262980140266,-1.7027206645794224
4625,training,0,0.04387684725224971,0.024450131965305988,1.671338931706101,8.588398257579714,-1.7000933934721856
4626,training,0.0053394334,0.13588050194084644,0.024450131965305988,1.6635186881916284,8.528990568321918,-1.704081167447023
4627,training,0.0045876456,0.09593231789767744,0.024450131965305988,1.6608540987735774,8.509194950576031,-1.7055621785705024
4628,training,0.0027270392,0.09456656686961652,0.024450131965305988,1.655397173483648,8.469460729608835,-1.7092057718770675
4629,training,0.0043439018,0.07654625549912453,0.024450131965305988,1.6470252507580754,8.41019811525135,-1.7119296041527694
4630,training,0.0021386268,0.08075570687651634,0.024450131965305988,1.6414098585766457,8.370514979320692,-1.7104849692477253
4631,training,0.0019493352,0.07560538873076439,0.03800449585038146,1.6358512828049867,8.331000662594885,-1.71107843710431
4632,training,0.0011240288,0.1407232340425253,0.03800449585038146,1.630249032010002,8.291431556992636,-1.7125392530341572
4633,training,0.008245958,0.15233002975583076,0.03800449585038146,1.6245193661130901,8.25178585331137,-1.7170639827707184
4634,training,0.0057514785,0.13107332214713097,0.03800449585038146,1.6216032082765888,8.232044700938372,-1.7182820748591279
4635,training,0.002400496,0.1310470961034298,0.03800449585038146,1.6127516512356908,8.172699847149945,-1.7194385746162348
4636,training,0.004665796,0.10396242141723631,0.03800449585038146,1.606784219137551,8.133188669402678,-1.7223843528249818
4637,training,0.0041699195,0.0783642940223217,0.0506203249710223,1.6007137406011234,8.093728429441363,-1.72499592558736
4638,training,0.002078118,0.06970979645848274,0.0506203249710223,1.5976084280378702,8.073896906214438,-1.7276586018277937
4639,training,0.002901672,0.14308837987482548,0.0506203249710223,1.5912246739657046,8.034375966863735,-1.7345596224333781
4640,training,0.003033699,0.15444285795092583,0.0506203249710223,1.5846420814268443,7.995021667920724,-1.7377193162700242
4641,training,0.0059850663,0.1558434721082449,0.0506203249710223,1.5779724892254805,7.955465661697165,-1.7371372376282868
4642,training,0.013075894,0.15240628644824028,0.0506203249710223,1.5714323194324633,7.916163587911598,-1.7335731037838042
4643,training,0.0010037207,0.09271321445703508,0.04436646662249476,1.5619708225168025,7.856898265701731,-1.7250267531260546
4644,training,0.0051339716,0.08694658614695072,0.04436646662249476,1.558924401136933,7.837174736853737,-1.7236457636168674
4645,training,0.003087218,0.09292407706379889,0.04436646662249476,1.5529540051600539,7.797788156299782,-1.7190330396219253
4646,training,0.0062247845,0.09931916743516923,0.04436646662249476,1.5471209939433,7.758151705968619,-1.715038002371989
4647,training,0.0051661287,0.10395404323935506,0.04436646662249476,1.5414317350237718,7.718672782768515,-1.7128960047614892
4648,training,0.0023770495,0.10902494005858898,0.04436646662249476,1.5358608093673247,7.679144227809575,-1.708803300800657
4649,training,0.0057610855,0.09833431988954545,0.006860016666621995,1.5277377494244688,7.619723610332517,-1.705566936778761
4650,training,0.06518918,0.11222574673593044,0.006860016666621995,1.522455124470331,7.580179406310101,-1.7015889665476067
4651,training,0.005992377,0.12426239438354969,0.006860016666621995,1.5173024116583211,7.540511025186163,-1.699434808358014
4652,training,0.00067345623,0.13445173576474187,0.006860016666621995,1.5147539200306777,7.520698865740104,-1.6986564186566544
4653,training,0.00613791,0.11966725252568725,0.006860016666621995,1.5097372261245512,7.4811307535206675,-1.6953104513844368
4654,training,0.004774158,0.12077295593917367,0.006860016666621995,1.5048342002239847,7.4414265527576005,-1.6923883891204412
4655,training,0.004048627,0.13285171054303643,0.0507078018608091,1.4977456349036156,7.382015400987087,-1.6860716525540536
4656,training,0.0042874473,0.12780244648456576,0.0507078018608091,1.4932411330484374,7.34226196430201,-1.681896014823061
4657,training,0.0024204534,0.125086085870862,0.0507078018608091,1.4888915972883192,7.302612852030001,-1.6778902277856824
4658,training,0.0047417087,0.12517836689949036,0.0507078018608091,1.484764860859658,7.2628991871790545,-1.6706367967554423
4659,training,0.007034521,0.12037767469882965,0.0507078018608091,1.4809092304513447,7.223167393358438,-1.6650313686426519
4660,training,0.0036052219,0.11402300745248795,0.0507078018608091,1.4773074169807279,7.18344673391167,-1.6573942823857515
4661,training,0.019027786,0.10834737122058868,0.0772059325053945,1.4740381119924895,7.143623380832535,-1.648285473280584
4662,training,0.0044397004,0.12515817768871784,0.0772059325053945,1.4725233351032558,7.123766155078967,-1.645522121783229
4663,training,0.008534943,0.13694526813924313,0.0772059325053945,1.4683303299146497,7.064024545362999,-1.6366490092215575
4664,training,0.0035080826,0.14343309029936793,0.0772059325053945,1.4657757280259074,7.024202732707786,-1.6346072523214614
4665,training,0.00095925375,0.1472695097327232,0.0772059325053945,1.4645041337260907,7.004237394702447,-1.6343102612033937
4666,training,0.0021867494,0.14181124977767467,0.0772059325053945,1.462018273655252,6.964369680368065,-1.631611880401097
4667,training,0.0069169705,0.1344892866909504,0.0940891965990766,1.4596554897360468,6.924556341846604,-1.6294203753994054
4668,training,0.003908409,0.1384750194847584,0.0940891965990766,1.4573763791657617,6.884641654651006,-1.6260280065366106
4669,training,0.0016278657,0.1418396197259426,0.0940891965990766,1.4543248893360194,6.824892442073891,-1.618859711356983
4670,training,0.003070098,0.12966963648796084,0.0940891965990766,1.4524986432274458,6.784948131293767,-1.6141271158836505
4671,training,0.007970298,0.12209143117070198,0.0940891965990766,1.4516717426769337,6.765019648875032,-1.6101331864816166
4672,training,0.0029996033,0.10357240587472916,0.0940891965990766,1.4502723456126405,6.725256337801311,-1.6026356488848847
4673,training,0.0031515178,0.11756553500890732,0.10573187445601938,1.4487703326655326,6.665353246650926,-1.588301198313749
4674,training,0.01423214,0.1485711820423603,0.10573187445601938,1.4485679742649271,6.645480444456181,-1.572149028435097
4675,training,0.0030092495,0.1528937667608261,0.10573187445601938,1.449097456220758,6.605886652684698,-1.5430694583378708
4676,training,0.002017119,0.13500481471419334,0.10573187445601938,1.4519353120173146,6.546098645213846,-1.506304835303514
4677,training,0.006065801,0.11018490418791771,0.10573187445601938,1.4548041987467935,6.506478878035736,-1.492466044891765
4678,training,0.0018937913,0.09311540424823761,0.10573187445601938,1.4599793899060738,6.4466856501370575,-1.4762003598452977
4679,training,0.0006587304,0.11532602459192276,0.10094326444984215,1.465981979181089,6.387192175652766,-1.4651549550862961
4680,training,0.0064846464,0.11996044963598251,0.10094326444984215,1.4703128428198389,6.347333658682646,-1.4585740355502148
4681,training,0.0025884067,0.12261073687113822,0.10094326444984215,1.4748247663826242,6.307776042478126,-1.4573957703812794
4682,training,0.004119892,0.10044758953154087,0.10094326444984215,1.479360903900221,6.267945668622175,-1.4576391753310007
4683,training,0.003388461,0.10288609750568867,0.10094326444984215,1.4861066200922624,6.208435528620465,-1.4586979284734312
4684,training,0.049456906,0.11475889571011066,0.07551219323027367,1.490555515247602,6.168611181216059,-1.4606794722236252
4685,training,0.026130278,0.12186709884554148,0.07551219323027367,1.4927433776897467,6.148631395734836,-1.4621339291721611
4686,training,0.007822992,0.10297143552452326,0.07551219323027367,1.4970466205466912,6.109030311823675,-1.4621235407081081
4687,training,0.005079449,0.10585616761818528,0.07551219323027367,1.5014328015667802,6.0692462349165055,-1.4601924099473487
4688,training,0.0008504699,0.09986777832818916,0.07551219323027367,1.5036533394025056,6.049279940473901,-1.4594712685633
4689,training,0.00319335,0.06138394586741924,0.07551219323027367,1.5081219579088863,6.0096861193981885,-1.4580144588090043
4690,training,0,0.042479902505874634,0.07551219323027367,1.5103714060072124,5.989842688067917,-1.458405695872485
4691,training,0,0.03734609670937061,0.05216847329212889,1.5126027563123934,5.969912374605404,-1.4606346996419628
4692,training,0,0.03297469951212406,0.05216847329212889,1.516911708360737,5.930025962133455,-1.4650050284664684
4693,training,0,0.016706097871065133,0.05216847329212889,1.5210197016069547,5.890352887099166,-1.470476136699134
4694,training,0,0.00046534463763237,0.05216847329212889,1.5249207420466335,5.850378223377795,-1.4770643747359289
4695,training,0,0.002015102654695511,0.05216847329212889,1.5285307936619255,5.810581636550477,-1.4843046130468347
4696,training,0,0.0004748739302158321,0.05216847329212889,1.531822644209658,5.770717255129602,-1.4923850616799959
4697,training,0,0.005366124212741852,0.03569744400247809,1.5348323747834727,5.730721392670142,-1.4980783710865024
4698,training,0,0.014703640714287758,0.03569744400247809,1.5376396757792312,5.690912026151434,-1.5032697470082843
4699,training,0,0.012358034029603004,0.03569744400247809,1.540248878189505,5.6508998699878665,-1.508063276650298
4700,training,0,0.02042522095143795,0.03569744400247809,1.542707112753197,5.610997480216981,-1.5106521826501658
4701,training,0,0.006766561418771744,0.03569744400247809,1.5450366944452096,5.571134358577704,-1.5143306652717894
4702,training,0,0.004092339426279068,0.03569744400247809,1.5472263765421974,5.531094431316253,-1.5176871897498352
4703,training,0,0.014567632228136063,0.025105833982114394,1.549298014641198,5.491266707305044,-1.5209990709912125
4704,training,0,0.013136632740497586,0.025105833982114394,1.5512123968650506,5.451270612611597,-1.5249568711835302
4705,training,0,0.018635326996445656,0.025105833982114394,1.5530084943351294,5.41132355896108,-1.5265413532671954
4706,training,0,0.012013718485832214,0.025105833982114394,1.5547229301747103,5.371453898686395,-1.529603215283913
4707,training,0,0.004217572510242462,0.025105833982114394,1.55631368924595,5.331381852888233,-1.5324101531299328
4708,training,0,0.0016165599226951634,0.025105833982114394,1.5578310839684262,5.291521087988607,-1.5343163196420737
4709,training,0,0.014710700139403343,0.018992166813235626,1.5592030793200253,5.251546322192745,-1.5390556795965205
4710,training,0,0.005100509151816368,0.018992166813235626,1.5604057514018925,5.211553183841142,-1.5418926720339414
4711,training,0,0.007581676356494425,0.018992166813235626,1.561497648056645,5.171643563076255,-1.545793771500661
4712,training,0,0.0031172893941402435,0.018992166813235626,1.5624006243897843,5.131561314854379,-1.550742003187504
4713,training,0,0.011285997927188873,0.018992166813235626,1.5631742937939475,5.091627273296749,-1.5524187153235347
4714,training,0,0.018517911434173584,0.018992166813235626,1.5638688208796,5.051691649110352,-1.5544205606348784
4715,training,0,0.014537888579070568,0.01751461389975179,1.5645207513743464,5.011705270423009,-1.553705500810583
4716,training,0,0.030543969944119453,0.01751461389975179,1.565240531001716,4.9717976252505505,-1.5528180113615944
4717,training,0,0.026306400075554848,0.01751461389975179,1.5659615510792515,4.931782420466609,-1.5527866747043424
4718,training,0,0.026393929496407505,0.01751461389975179,1.5667223667422658,4.8918678856208135,-1.5507521241027598
4719,training,0,0.009147189557552338,0.01751461389975179,1.567524075396836,4.8519565875569075,-1.551632410760665
4720,training,0,0.021680252626538277,0.01751461389975179,1.5682627238499698,4.8119167998989605,-1.5528485009227784
4721,training,0,0.019919762387871746,0.01114345897746111,1.5689883662564035,4.772015415571154,-1.5534110835061847
4722,training,0,0.02082294970750809,0.01114345897746111,1.569634428012247,4.732019718755813,-1.5562185186378577
4723,training,0,0.025038959458470345,0.01114345897746111,1.5702109391494183,4.692069200294143,-1.5559030628221555
4724,training,0,0.040071168914437294,0.01114345897746111,1.5708302627381048,4.652186487063694,-1.5551639022646382
4725,training,0.00992061,0.05946888402104378,0.01114345897746111,1.571495493125889,4.612146315057443,-1.552532390771354
4726,training,0.0055521554,0.06400222703814507,0.01114345897746111,1.5728895073646876,4.552388694555197,-1.542791814441454
4727,training,0.0024666013,0.07644356042146683,0.012021865914905342,1.574127166218155,4.512394184699575,-1.5366278287742439
4728,training,0.0017593764,0.07958917692303658,0.012021865914905342,1.5756540086755493,4.472514689749435,-1.5288789662595348
4729,training,0.0064693755,0.06239870563149452,0.012021865914905342,1.578378483050751,4.412657799697068,-1.5223198411982302
4730,training,0.0065526413,0.06338854692876339,0.012021865914905342,1.5804035184487124,4.372797073465302,-1.5184105630435762
4731,training,0.0043141935,0.10057792440056801,0.012021865914905342,1.5836320765905847,4.312970531050759,-1.5149268844030943
4732,training,0.018568004,0.11391876637935638,0.009747767564116683,1.5859950953612603,4.273094134202796,-1.5070774730621952
4733,training,0.0039615263,0.15384571999311447,0.009747767564116683,1.5902129946638741,4.2134437339378366,-1.4920286185036298
4734,training,0.0018762953,0.1361459270119667,0.009747767564116683,1.5936179320723651,4.173607995930707,-1.4768204940424625
4735,training,0.0037547112,0.12812339700758457,0.009747767564116683,1.59556406782536,4.15384756582931,-1.4699351717132507
4736,training,0.0007691053,0.09185672923922539,0.009747767564116683,1.599779781011733,4.114168906096209,-1.4626733610880351
4737,training,0.0015374317,0.07140051573514937,0.009747767564116683,1.6040864041059848,4.074275067995258,-1.464697918227878
4738,training,0.0018883778,0.12232065945863724,0.021356829416242503,1.6061751127184545,4.0544490044048445,-1.467906521633359
4739,training,0.010929209,0.1282006986439228,0.021356829416242503,1.6101121156281166,4.014658490550063,-1.4766713070161621
4740,training,0.005779314,0.13178058713674545,0.021356829416242503,1.6137146721349036,3.9746556937301927,-1.4846913187405169
4741,training,0.009830555,0.13070450350642204,0.021356829416242503,1.6170128286711207,3.9348874415575232,-1.492081118467534
4742,training,0.0071113287,0.13344507105648515,0.021356829416242503,1.6185488313056515,3.914932315437226,-1.4961613294724825
4743,training,0.0030482635,0.13904200308024883,0.021356829416242503,1.62139196222606,3.8748946340280477,-1.5028128193427523
4744,training,0.001971881,0.12178588472306728,0.021356829416242503,1.6240235315349327,3.8350888116652797,-1.5074893311713127
4745,training,0.0019787003,0.1269007325172424,0.043120553792959995,1.6264567112672612,3.7951065926018592,-1.5126017806530512
4746,training,0.005332494,0.12645667605102065,0.043120553792959995,1.6287188471570808,3.755169279977089,-1.5157598914061494
4747,training,0.0028377639,0.10811863094568253,0.043120553792959995,1.6308095080393947,3.715304489966768,-1.5216377211745193
4748,training,0.00872625,0.10047075897455215,0.043120553792959995,1.632641272734155,3.6752131649852595,-1.5287004386012621
4749,training,0.0024965405,0.10978161916136742,0.043120553792959995,1.6342107976906,3.635318317034793,-1.5352906728176026
4750,training,0.005879473,0.07317206636071205,0.043120553792959995,1.6348780932340286,3.6153511024688645,-1.5396130435891304
4751,training,0.0027919714,0.09644703567028046,0.05577155954015781,1.6359547818133686,3.575236992596901,-1.5483742633846231
4752,training,0.010260889,0.0720481276512146,0.05577155954015781,1.6367215190124804,3.5352805986241824,-1.5551287311277768
4753,training,0.005884253,0.06661278009414674,0.05577155954015781,1.6372978982314235,3.4752079042345825,-1.5672138416543402
4754,training,0.0056887544,0.06741273403167725,0.05577155954015781,1.637344664839645,3.4352424934344405,-1.5724380254754609
4755,training,0.0047754506,0.09261621348559855,0.05577155954015781,1.6371457495306325,3.3952393387522717,-1.5793299423283977
4756,training,0.0153274145,0.10057141073048116,0.06122320754389987,1.6367280406091267,3.3552096575799975,-1.5824922100682512
4757,training,0.003153086,0.10186088830232619,0.06122320754389987,1.6362259813628606,3.315263217139023,-1.5850664266969732
4758,training,0.045240674,0.10849449411034584,0.06122320754389987,1.6359215842805235,3.2952676761989443,-1.58710403461184
4759,training,0.0050504995,0.11885270662605764,0.06122320754389987,1.6348645969373952,3.2352192095690633,-1.5876342836899984
4760,training,0.0046843733,0.1262722611427307,0.06122320754389987,1.6342340190845386,3.1954230925614673,-1.5857315130060652
4761,training,0.0030093915,0.2112491559237242,0.06122320754389987,1.6339504938394833,3.175408687934527,-1.5841654644483296
4762,training,0.006645724,0.1426819916814566,0.0701410295232226,1.6335077597442058,3.135440239902428,-1.5796979928866504
4763,training,0.0033735656,0.17415732517838478,0.0701410295232226,1.6331975749983096,3.0955904976829194,-1.5793817104461632
4764,training,0.0034501432,0.18997816555202007,0.0701410295232226,1.6328132067679129,3.055579715359619,-1.5819918908589363
4765,training,0.0044335253,0.17235086672008035,0.0701410295232226,1.6322986265708865,3.0155639592780394,-1.5860131795770647
4766,training,0.0030678136,0.179918859153986,0.0701410295232226,1.6315468970572495,2.9755391767857198,-1.593870193143873
4767,training,0.0017967597,0.18289128132164478,0.0701410295232226,1.6304812054134905,2.9355492919212747,-1.6007714778144289
4768,training,0,0.008084407076239586,0.020211166954532706,1.6291571838917933,2.895602005379348,-1.6078120279910801
4769,training,0,0.014833619818091386,0.020211166954532706,1.6275371672406507,2.8555754459340212,-1.6143012663346061
4770,training,0,0.0010438486933708156,0.020211166954532706,1.6257229312899901,2.815611824154279,-1.6180636467414724
4771,training,0,0.0057939291000366246,0.020211166954532706,1.6237260730583418,2.775726462738096,-1.6241700083273092
4772,training,0,0.017473107203841213,0.020211166954532706,1.6214834134927427,2.735779793124691,-1.6296171444783907
4773,training,0,0.018509416840970516,0.020211166954532706,1.6190254873180774,2.6958364122805136,-1.6359150134190423
4774,training,0,0.006530395708978176,0.023998137414232075,1.6162653861609493,2.6559322476218865,-1.643381076863702
4775,training,0,0.03623615391552448,0.023998137414232075,1.613292712785692,2.6160684501346063,-1.6466002468973187
4776,training,0.0057950206,0.05071952380239964,0.023998137414232075,1.610232680532924,2.57627778941087,-1.648860001511493
4777,training,0,0.04462410882115364,0.023998137414232075,1.6071182957200376,2.536433008417352,-1.6483384224019866
4778,training,0,0.049827232956886285,0.023998137414232075,1.6040854813539398,2.4965561562024146,-1.6449640725104178
4779,training,0,0.008845483418554068,0.023998137414232075,1.6011549110764387,2.45675399660924,-1.6439787466670241
4780,training,0,0.03231383487582207,0.016202560900544883,1.5982822278620148,2.416925362725038,-1.6419515065852102
4781,training,0,0.019222227856516835,0.016202560900544883,1.5954703916592656,2.377091665145893,-1.6419469740780321
4782,training,0,0.015931999310851097,0.016202560900544883,1.5926175722823774,2.337204043105169,-1.642554517399899
4783,training,0,0.022320003248751163,0.016202560900544883,1.5897855131270295,2.2973293886335333,-1.6408151379631617
4784,training,0,0.03463248163461685,0.016202560900544883,1.5870052355950985,2.257517887983463,-1.640844698214419
4785,training,0.0056614415,0.06740251928567886,0.016202560900544883,1.5829044656637408,2.197707746992816,-1.6372070159263923
4786,training,0.0035638972,0.09927407652139664,0.00791861595552578,1.5802923453019706,2.157895011747458,-1.6361311466563035
4787,training,0.00630636,0.14936614781618118,0.00791861595552578,1.5766395135052096,2.098089121474064,-1.623676769310954
4788,training,0.00907908,0.17584101110696793,0.00791861595552578,1.5748345396109205,2.058454225964855,-1.6084237865087203
4789,training,0.003364826,0.11462657526135445,0.00791861595552578,1.573715947827625,2.0185684848961207,-1.588835968605416
4790,training,0.009234387,0.06505063362419605,0.00791861595552578,1.5734135259581907,1.9588984501801203,-1.5663969821654957
4791,training,0.0032722212,0.07549619674682617,0.01832070571472788,1.5736578193842163,1.9188488092453304,-1.5637817562093104
4792,training,0.0015371484,0.06816278025507927,0.01832070571472788,1.5742757420964602,1.8590343720620686,-1.5579705778406066
4793,training,0.0012808358,0.05729266442358494,0.01832070571472788,1.5753699646314727,1.7990424446448225,-1.5442277965247957
4794,training,0,0.024372752755880356,0.01832070571472788,1.575966854077297,1.779204948896083,-1.538188445724757
4795,training,0,0.023431576788425446,0.01832070571472788,1.5775599304208876,1.7394797540850981,-1.5234186224569668
4796,training,0,0.020364999771118164,0.01832070571472788,1.5785788107585668,1.7194831071885188,-1.5159500024208086
4797,training,0,0.0009720697999000549,0.05378326372072923,1.5797515054246698,1.6994908789348142,-1.5080023854054283
4798,training,0.0016394423,0.08840230107307434,0.05378326372072923,1.5825648471448346,1.6598551715211738,-1.4929965938401666
4799,training,0.0016582366,0.09940416365861893,0.05378326372072923,1.5859285825406824,1.6200354005777649,-1.4804459810266155
4800,training,0.0096884975,0.13144885003566742,0.05378326372072923,1.5897472093202232,1.580267901754089,-1.4694459173999121
4801,training,0.0025653974,0.13512387871742246,0.05378326372072923,1.5939473174651193,1.5406775759097076,-1.4612103120721176
4802,training,0.0016306548,0.13259053230285642,0.05378326372072923,1.5961738206916598,1.5207775035162638,-1.4569640814979237
4803,training,0.030802174,0.1731344759464264,0.05378326372072923,1.6008839933070842,1.4810342159778924,-1.447214835631023
4804,training,0.0041497713,0.18823684006929398,0.10432094053815003,1.6059886174973503,1.4415949905615455,-1.4368650501571245
4805,training,0.004049035,0.22841934859752655,0.10432094053815003,1.6119427685355543,1.4022602287099626,-1.3966357248841932
4806,training,0.0041080825,0.2483587358146906,0.10432094053815003,1.6197999863908077,1.3635456164536617,-1.34247296210996
4807,training,0.0011576673,0.31446076370775694,0.10432094053815003,1.6298120180014317,1.3253747401396871,-1.2860578807559921
4808,training,0.0021572446,0.09122894704341888,0.10432094053815003,1.6420248232683565,1.287846672713641,-1.2262839399655325
4809,training,0.0047934526,0.1410385817289352,0.1523532051632213,1.6489604637203052,1.2692748020031086,-1.2009557501312034
4810,training,0.00482541,0.09359048306941983,0.1523532051632213,1.6641877318819445,1.2327802126568261,-1.149435579758275
4811,training,0,0.0010002553462982733,0.1523532051632213,1.681209642221846,1.1972234621420015,-1.0995387275316284
4812,training,0,0.030992954969406128,0.1523532051632213,1.7001269623955988,1.1623242496291097,-1.0472587665244775
4813,training,0,0.020749390125274603,0.1599291422005399,1.7207856235290524,1.128666753252842,-0.9926189576628305
4814,training,0.0019886056,0.07315972447395319,0.1599291422005399,1.7432643144451418,1.096213372379736,-0.9381937552185059
4815,training,0.043635953,0.15088097751140594,0.1599291422005399,1.767445564724987,1.0649629575708128,-0.8860770650850761
4816,training,0.0006678797,0.06420443952083588,0.1599291422005399,1.793090532551737,1.035148091786965,-0.837221387311242
4817,training,0,0.023076727986335727,0.13288174984385426,1.8201081908642356,1.0064040800151846,-0.7953188094049131
4818,training,0,0.0482960045337677,0.13288174984385426,1.848456228500527,0.9787002991447731,-0.7524769478391558
4819,training,0.007898073,0.05872468650341034,0.13288174984385426,1.8780403265763221,0.9519580359468625,-0.7179445877680982
4820,training,0.0060391743,0.0662429928779602,0.13288174984385426,1.92374509785911,0.9139696724155515,-0.6684388456851302
4821,training,0.009084807,0.06327754259109497,0.13288174984385426,1.9394912167988019,0.9017553437696831,-0.6496567150723936
4822,training,0.009355991,0.08895447850227353,0.13288174984385426,1.9715025394860881,0.8784718465685364,-0.6057575706149374
4823,training,0,0.04891246557235718,0.1047478653947342,2.0045480543920715,0.8567543514093638,-0.5592228135221862
4824,training,0,0.02838382124900818,0.1047478653947342,2.0384292266560458,0.8365351048774449,-0.5151718162710487
4825,training,0.0028368556,0.08432941138744354,0.1047478653947342,2.07342335640225,0.8178056376656353,-0.4680386741606058
4826,training,0.0046835938,0.07136252522468567,0.1047478653947342,2.1090924383752747,0.8007531949788032,-0.42749786100333753
4827,training,0.0064146686,0.09507571160793304,0.1047478653947342,2.1454921164140472,0.7849172295463128,-0.39302542487401876
4828,training,0.0037348806,0.06884965300559998,0.08271361837240725,2.1826097746789253,0.7702440266632966,-0.3599693040010496
4829,training,0,0.030880197882652283,0.08271361837240725,2.2198431704944954,0.7568550243986716,-0.33187287822636113
4830,training,0,0.017096683382987976,0.08271361837240725,2.25773301877876,0.7443217154678335,-0.30737316809764614
4831,training,0.0059410604,0.05790268629789355,0.08271361837240725,2.2957889847586435,0.7327164116211073,-0.28376465160261555
4832,training,0.007420987,0.053536511957645416,0.08271361837240725,2.3340422931613336,0.7221284639915752,-0.25537969213579503
4833,training,0,0.03668767958879471,0.08271361837240725,2.3726676824147486,0.7126374670743281,-0.22752498901895
4834,training,0,0.03870590776205063,0.027542883423518724,2.4115352322388146,0.7041792876236918,-0.2012885719021153
4835,training,0,0.031090646982192993,0.027542883423518724,2.450644673910762,0.6966892362849009,-0.17971285545783175
4836,training,0.00650625,0.05706823617219925,0.027542883423518724,2.489867264710974,0.6898197757458185,-0.16744275230658198
4837,training,0.004447252,0.05149000138044357,0.027542883423518724,2.529255465247283,0.683422846865061,-0.15490163335053106
4838,training,0.0034432462,0.05276595056056976,0.027542883423518724,2.5883816140937568,0.6746714737664712,-0.14024946735175986
4839,training,0.0035526124,0.05031441152095795,0.027542883423518724,2.6279949904459605,0.6692717053285236,-0.13041991784194082
4840,training,0,0.04723598062992097,0.013538018321243173,2.6477633923200616,0.6667445265659595,-0.12463664083095195
4841,training,0,0.046766337007284164,0.013538018321243173,2.687260175230884,0.6619781128423983,-0.11535342680009869
4842,training,0,0.03687937557697296,0.013538018321243173,2.7270383324891982,0.6575822294393607,-0.10408763403110691
4843,training,0,0.035510435700416565,0.013538018321243173,2.766588053617862,0.6537192092473865,-0.09160669213837018
4844,training,0,0.03593467921018599,0.013538018321243173,2.80638435131081,0.6502977710951742,-0.07968384681546106
4845,training,0,0.03055315464735031,0.013538018321243173,2.84625167306895,0.647375864194299,-0.06636707889064843
4846,training,0,0.02562573552131653,0.03161120016749088,2.885915412676296,0.6449892958911393,-0.05392988600398404
4847,training,0,0.008474912494421019,0.03161120016749088,2.925933259432861,0.6430648132788344,-0.041629985195850615
4848,training,0,0.012345422059297548,0.03161120016749088,2.965707762445954,0.6416598722296718,-0.029498422679846738
4849,training,0,0.005215689539909363,0.03161120016749088,3.005591813842958,0.6407083562034154,-0.01843325077776856
4850,training,0,0.0048578642308712006,0.03161120016749088,3.045685866443126,0.6401610459243069,-0.008138006917444615
4851,training,0,0.0021823979914188385,0.03161120016749088,3.085428638940226,0.6400354452749497,0.0014470281237723966
4852,training,0,0.010229315608739853,0.03956917064652668,3.1254729176645504,0.6402625457089146,0.010028683686674702
4853,training,0,0.0014049019664525986,0.03956917064652668,3.165395200096547,0.6407788933954325,0.015572825126808144
4854,training,0,0.013568295165896416,0.03956917064652668,3.2052786443212016,0.64149653073673,0.020034946423751507
4855,training,0,0.008852116763591766,0.03956917064652668,3.2454136837149328,0.6423582569080288,0.023059542921281297
4856,training,0,0.006094753742218018,0.03956917064652668,3.285201647693813,0.6433321760240188,0.025469863810138618
4857,training,0,0.004900076892226934,0.03956917064652668,3.325216613669659,0.6443883056150495,0.02705562198395369
4858,training,0,0.006045421119779348,0.03503414432300872,3.3652387079415194,0.6454879028627006,0.028049182309315777
4859,training,0,0.0071208178997039795,0.03503414432300872,3.4050924927359,0.6466216146606248,0.02836946536803987
4860,training,0,0.007035581395030022,0.03503414432300872,3.4452142193370663,0.6477605778736204,0.02831491672646159
4861,training,0,0.006017441861331463,0.03503414432300872,3.4850810121201152,0.648889677954343,0.028259163304507413
4862,training,0,0.005182212218642235,0.03503414432300872,3.5250499283875056,0.6500199342371679,0.02795399072139894
4863,training,0,0.005222247913479803,0.03503414432300872,3.56518195949073,0.6511213388453017,0.026979125115664613
4864,training,0,0.005944047123193739,0.008910112877549477,3.604983790896704,0.6521891807380795,0.02606467714071517
4865,training,0,0.005609909072518349,0.008910112877549477,3.6450790678587506,0.6532099064659959,0.024615838746608543
4866,training,0,0.0007395138964056969,0.008910112877549477,3.685037443637695,0.6541569461057158,0.022897947559605177
4867,training,0,0.0063195582479238475,0.008910112877549477,3.724967686234728,0.6550372841804656,0.020895361002746034
4868,training,0,0.008624771144241095,0.008910112877549477,3.7651439613383073,0.655826010476904,0.018507805847796016
4869,training,0,0.009082877542823553,0.013452382535757581,3.804969615409069,0.656523727800481,0.01623286000055214
4870,training,0,0.0061635239981114864,0.013452382535757581,3.845028277927308,0.6571290583979885,0.013773510670328276
4871,training,0,0.007979741320014,0.013452382535757581,3.885064671381949,0.657633533992453,0.012021855765767286
4872,training,0,0.009434491395950316,0.013452382535757581,3.924954442221126,0.6580904112343288,0.01079387597067684
4873,training,0,0.01125321537256241,0.013452382535757581,3.9651053940921495,0.6585063236301961,0.009952420449819033
4874,training,0,0.0094910254701972,0.01404521583046691,4.004973449594119,0.6589024564067454,0.01006331430621201
4875,training,0,0.008724364917725325,0.01404521583046691,4.0449671256941935,0.6593141868084217,0.01037712242383249
4876,training,0,0.005271268310025335,0.01404521583046691,4.0850809690433145,0.659734044933804,0.01115610386492557
4877,training,0,0.003248989116400481,0.01404521583046691,4.124892918152039,0.6602007258133501,0.011827673902024782
4878,training,0,0.009264534339308739,0.01404521583046691,4.165003019711404,0.6606770499870004,0.01163927790099377
4879,training,0,0.011860687285661697,0.01404521583046691,4.204924305267638,0.6611401482486123,0.011896099179959338
4880,training,0,0.029722357168793682,0.007096227401138043,4.244860449160047,0.6616312340519294,0.012618645900043026
4881,training,0,0.02865822333842516,0.007096227401138043,4.2850132637353555,0.6621581895290315,0.014391204442727302
4882,training,0,0.03163206484168768,0.007096227401138043,4.324793757373568,0.6627963019555377,0.01729372514586513
4883,training,0,0.04434148222208023,0.007096227401138043,4.3648279095907965,0.6635613229376125,0.021334862034135028
4884,training,0,0.03104425221681595,0.007096227401138043,4.404802542654453,0.6645024734589929,0.0263526354302033
4885,training,0,0.03425358980894089,0.007096227401138043,4.444652457707775,0.6656365051505161,0.02985281220653757
4886,training,0,0.0365874357521534,0.012402431471920359,4.484771655105229,0.6668728154468282,0.031692460259419825
4887,training,0,0.04037860035896301,0.012402431471920359,4.524581995555654,0.668165859136102,0.03288639684133436
4888,training,0,0.047127239406108856,0.012402431471920359,4.5645604931154065,0.6695049104787827,0.033914190163899405
4889,training,0,0.04602836072444915,0.012402431471920359,4.60462628315234,0.6708939941399568,0.03576291803786043
4890,training,0,0.042940493673086166,0.012402431471920359,4.644417645716665,0.6723550847475511,0.036820782663537895
4891,training,0.004428714,0.05217234417796135,0.012402431471920359,4.68449961465752,0.6738472293379577,0.03765621442604069
4892,training,0.0025056803,0.05398530140519143,0.004524775456569946,4.744300551434309,0.6762045470885026,0.04217244172714766
4893,training,0.0033821056,0.060364540666341775,0.004524775456569946,4.784334648649251,0.677968505381283,0.04597425508393841
4894,training,0.0007828593,0.0505110789090395,0.004524775456569946,4.824229758196998,0.6798530143133767,0.048105449822659116
4895,training,0,0.02614402025938034,0.004524775456569946,4.844125092550585,0.6808222602267672,0.04880772551315289
4896,training,0,0.012849492952227592,0.004524775456569946,4.88417295219809,0.6827395773308154,0.04546714978358933
4897,training,0.0077494727,0.05455688200891018,0.004524775456569946,4.924162640283627,0.6844361708168116,0.039679252956471844
4898,training,0.002977732,0.08447922021150589,0.01691481317730047,4.9840853875687285,0.6867106822075142,0.03847498992004772
4899,training,0.0042657144,0.08376112952828407,0.01691481317730047,5.024038085118986,0.6883475445233278,0.045125030974764814
4900,training,0,0.04405313543975354,0.01691481317730047,5.043887451649069,0.6892872135440982,0.04889537713551987
4901,training,0.0011538488,0.06316175498068331,0.01691481317730047,5.103885989169556,0.6924010118648442,0.05231279451502053
4902,training,0,0.0017474442720413208,0.01691481317730047,5.143732172332734,0.6944409256825377,0.049195626154783526
4903,training,0,0.01778293401002884,0.01691481317730047,5.163694250322318,0.6953772596297636,0.04378315583373571
4904,training,0,0.007147420197725296,0.023836920633117733,5.20387711036341,0.6969104316153463,0.03286253971587802
4905,training,0,0.03612779825925827,0.023836920633117733,5.243838113538204,0.6980225461701166,0.023096548323115126
4906,training,0,0.026878807693719864,0.023836920633117733,5.283864428772565,0.69873817192761,0.012078875312025176
4907,training,0,0.01775094866752624,0.023836920633117733,5.324097273703536,0.6990121390943426,0.003020898590631169
4908,training,0,0.02902123425155878,0.023836920633117733,5.363949429982327,0.6989953628465783,-0.00410982751398961
4909,training,0,0.03202193323522806,0.03102882326998382,5.404087187003439,0.698684159005862,-0.011771333807760477
4910,training,0,0.02104669064283371,0.03102882326998382,5.444142609797664,0.6980488837005333,-0.01989793542826298
4911,training,0,0.022933460772037506,0.03102882326998382,5.484090629910577,0.6970796491132395,-0.02848570340497491
4912,training,0,0.013758950866758822,0.03102882326998382,5.524286712896744,0.6957704731228345,-0.0366209988426279
4913,training,0,0.002498802263289691,0.03102882326998382,5.564072618608185,0.694177198146181,-0.04340234581670253
4914,training,0,0.006937018129974604,0.02830249660687883,5.604074311321183,0.6923705385217926,-0.046386313006124245
4915,training,0,0.02911975234746933,0.02830249660687883,5.64406039204865,0.6905211896440212,-0.04586986609796582
4916,training,0,0.03599010780453682,0.02830249660687883,5.68383478373583,0.6887625404541967,-0.04185403822332061
4917,training,0,0.029469457920640707,0.02830249660687883,5.7239034631853105,0.6872004029620361,-0.035255136315746574
4918,training,0,0.0006140662590041757,0.02830249660687883,5.76373952908738,0.6859351304394911,-0.02949602572670846
4919,training,0,0.0166306272149086,0.02830249660687883,5.803693222239173,0.6847915462036347,-0.028919623878790213
4920,training,0,0.018759277183562517,0.018538174597260714,5.843819381372531,0.68358920353762,-0.031433793801975356
4921,training,0,0.006258279085159302,0.018538174597260714,5.883578976583663,0.6823313792341065,-0.031104905844310575
4922,training,0,0.04235325986519456,0.018538174597260714,5.923644664397681,0.6811160691309021,-0.0298103681889245
4923,training,0,0.04504637769423425,0.018538174597260714,5.963560268752509,0.6798599730005783,-0.03535861610089339
4924,training,0,0.005577753297984602,0.018538174597260714,6.003506084064273,0.6782604840490276,-0.044924766963606505
4925,training,0,0.007924968376755714,0.018538174597260714,6.043618713454102,0.6763781548535034,-0.04683153308960093
4926,training,0,0.009126240387558937,0.012625731944333939,6.083360862860216,0.6745392190531239,-0.04635743776984282
4927,training,0,0.04927988164126873,0.012625731944333939,6.123346664395092,0.6727263066820522,-0.04377345780844254
4928,training,0,0.037556715309619904,0.012625731944333939,6.163350338910739,0.6709558744223079,-0.04656486167456339
4929,training,0,0.0033447947353124584,0.012625731944333939,6.203184975388164,0.6690167697383145,-0.05059216937345425
4930,training,0.035406,0.05053025670349598,0.012625731944333939,6.2432533538269555,0.6669963263218297,-0.04856642444535525
4931,training,0.0013034301,0.09065308794379234,0.012625731944333939,6.302790370208612,0.664456208623442,-0.033459051733710554
4932,training,0.0010555943,0.10096447728574276,0.022943562796325884,6.3627662545885775,0.6632932796764845,-0.0020264134890584638
4933,training,0,0.03219370078295469,0.022943562796325884,6.3825490542908785,0.6633730562956605,0.009705404751242458
4934,training,0,0.009234463796019558,0.022943562796325884,6.422349581700049,0.6641379878163026,0.02416704623631585
4935,training,0,0.011819588020443916,0.022943562796325884,6.442436241168833,0.6646224744101249,0.023651617238518108
4936,training,0,0.010055700317025185,0.022943562796325884,6.482357513106227,0.6655112237822364,0.020248736876944885
4937,training,0,0.019458197057247165,0.022943562796325884,6.5223073413358446,0.6662185257086561,0.01562866927895359
4938,training,0,0.014344269409775736,0.024311495424754546,6.562483123156714,0.6667929824238938,0.013797593529235397
4939,training,0,0.019356701523065567,0.024311495424754546,6.602297526804446,0.6673475384490976,0.013782427427283443
4940,training,0,0.003707701340317726,0.024311495424754546,6.642351817906027,0.6678932978797374,0.01309515426718371
4941,training,0,0.01459148898720741,0.024311495424754546,6.682381943361238,0.668388747459278,0.011963215800634941
4942,training,0,0.004796294495463371,0.024311495424754546,6.722276001263465,0.668832384627326,0.010032401836345026
4943,training,0,0.01136402972042561,0.024311495424754546,6.76244366419837,0.6691871794258433,0.00751431361251832
4944,training,0,0.01337813772261143,0.02233243342943927,6.802322485378106,0.6694489832646139,0.005792599302770775
4945,training,0,0.02923233015462756,0.02233243342943927,6.8423538976757055,0.6695983255832071,0.0006508037775075063
4946,training,0,0.015280064661055803,0.02233243342943927,6.88251158696094,0.6694831305783978,-0.005443986376724429
4947,training,0,0.015274476259946823,0.02233243342943927,6.922382858715639,0.6691593423157157,-0.010460526173543129
4948,training,0,0.01889631152153015,0.02233243342943927,6.96251484116735,0.6686711160331686,-0.013897680823633208
4949,training,0,0.01518098742235452,0.021944221019854014,7.002497817067704,0.668093297543169,-0.014101957403286926
4950,training,0,0.015273716300725937,0.021944221019854014,7.042431297177156,0.6675744116998217,-0.011763614197344036
4951,training,0,0.011010538786649704,0.021944221019854014,7.082565017215062,0.6671499216918363,-0.008853486367993586
4952,training,0,0.00875186175107956,0.021944221019854014,7.122360984975576,0.6668467319812802,-0.0067748278175251125
4953,training,0,0.007328266277909279,0.021944221019854014,7.162416084581576,0.666614212291094,-0.005019575374800726
4954,training,0,0.013858420308679342,0.021944221019854014,7.202405106124586,0.6664409185340483,-0.003592831099753032
4955,training,0,0.013598111923784018,0.01882989087287777,7.242295496044404,0.6663299464461605,-0.0022820630955012245
4956,training,0,0.028872975148260593,0.01882989087287777,7.282433491985016,0.6662701465916417,-0.0003239661390078582
4957,training,0,0.01876190211623907,0.01882989087287777,7.3222643286296325,0.6662969577337472,0.001972523824921163
4958,training,0,0.02118055894970894,0.01882989087287777,7.362265956475819,0.6664244165667307,0.003991661217109643
4959,training,0,0.007480358239263296,0.01882989087287777,7.402334931274365,0.6666043543452054,0.005265607165341935
4960,training,0,0.025648213922977448,0.01882989087287777,7.442184861350534,0.6668391789702117,0.0062608641196566705
4961,training,0,0.023330859839916226,0.00937672319403033,7.482302444004669,0.6671118160678847,0.007362581331143005
4962,training,0,0.024410299956798553,0.00937672319403033,7.522209985115434,0.6674302521679509,0.008777907540658778
4963,training,0,0.02166484296321869,0.00937672319403033,7.56216090486533,0.6678065143928228,0.009823367881248492
4964,training,0,0.023679036647081375,0.00937672319403033,7.602318114486016,0.6682024237870534,0.010593868218031183
4965,training,0,0.022831577807664868,0.00937672319403033,7.642110928444671,0.6686538733780375,0.01133431535385065
4966,training,0,0.020173456519842148,0.00937672319403033,7.682184509898791,0.6691162920349489,0.011534060287757674
4967,training,0,0.017957258969545364,0.00748279787418521,7.722171081707239,0.6695711228322399,0.011506554958098355
4968,training,0,0.009696656838059425,0.00748279787418521,7.762079006645467,0.6700215762172974,0.010812462824321098
4969,training,0,0.02275654301047325,0.00748279787418521,7.802239092751269,0.670441713239659,0.010356075173851521
4970,training,0,0.005445653572678566,0.00748279787418521,7.842076400270615,0.6708575996621745,0.010195132015488394
4971,training,0,0.006867552176117897,0.00748279787418521,7.882104689185977,0.6712513587178219,0.009149635118541395
4972,training,0,0.015221934765577313,0.00748279787418521,7.922172049255993,0.6715864416817776,0.008348246839086665
4973,training,0,0.008772524073719978,0.006658734838775207,7.962048963863589,0.6718913069689667,0.006632050703793359
4974,training,0,0.00815592147409916,0.006658734838775207,8.002192993440113,0.6721254472443612,0.004951863793084998
4975,training,0,0.008911872282624245,0.006658734838775207,8.042102540248324,0.6722964522214063,0.003886371148795082
4976,training,0,0.006355198100209234,0.006658734838775207,8.082080047457676,0.672427941784604,0.0025156896561933707
4977,training,0,0.006640622392296791,0.006658734838775207,8.122236535610838,0.6724867359450383,0.001279113802692088
4978,training,0,0.007979439571499821,0.00664954778972945,8.162067000254991,0.6725221632251047,-0.00013103165023765253
4979,training,0,0.011448519304394722,0.00664954778972945,8.20216482428267,0.6724873266237318,-0.0017979276237771401
4980,training,0,0.007719757035374641,0.00664954778972945,8.242146488400834,0.6723899013510353,-0.0027258199507072464
4981,training,0,0.012239711359143257,0.00664954778972945,8.282069667003562,0.6722676499828967,-0.0036088733871059
4982,training,0,0.008225973695516585,0.00664954778972945,8.322225832982832,0.6721107061605175,-0.003959638346190819
4983,training,0,0.01066162809729576,0.007071577202441352,8.362062508332126,0.6719475042235598,-0.004380703603527656
4984,training,0,0.008453726302832365,0.007071577202441352,8.402096653053514,0.6717765581689159,-0.0043483677537837825
4985,training,0,0.012010674923658371,0.007071577202441352,8.442137874287706,0.6715997570483604,-0.004480807669895824
4986,training,0,0.009147366508841515,0.007071577202441352,8.48201453468219,0.6714260987995276,-0.00451780749307532
4987,training,0,0.010452935472130775,0.007071577202441352,8.522149358295055,0.6712470282414434,-0.004468881017584167
4988,training,0,0.009151879232376814,0.007071577202441352,8.562025547732699,0.6710676421099097,-0.004442566060406657
4989,training,0,0.006659355945885181,0.0164468895463283,8.602005663140426,0.6709040209223113,-0.0039975096410205585
4990,training,0,0.006774213165044783,0.0164468895463283,8.64212907204582,0.6707415557673667,-0.003979597015665956
4991,training,0,0.008530205115675928,0.0164468895463283,8.681956045808983,0.6705848609197321,-0.004302202153646282
4992,training,0,0.010313091799616814,0.0164468895463283,8.72205340999973,0.6704092538384955,-0.00466144836443833
4993,training,0,0.008803362026810646,0.0164468895463283,8.762006874283331,0.6702148801137215,-0.004992773253061531
4994,training,0,0.010390004143118857,0.0164468895463283,8.801936822655586,0.6700208000033592,-0.004961027640955055
4995,training,0,0.004867478273808956,0.0161625204257826,8.842087735118326,0.669822265385863,-0.004623968921800984
4996,training,0,0.008557820692658424,0.0161625204257826,8.881914691785003,0.6696368490920737,-0.005007319662432681
4997,training,0,0.007958910427987576,0.0161625204257826,8.92196168794221,0.6694346920138018,-0.005362521007285041
4998,training,0,0.002123374491930008,0.0161625204257826,8.961996813485785,0.6692076361572303,-0.006002702847615259
4999,training,0,0.008735580369830133,0.0161625204257826,9.001881684648696,0.6689618936577953,-0.0065440085112820545
5000,training,0,0.01138116233050823,0.0161625204257826,9.042025556018801,0.6686905789502728,-0.00702767063415661
5001,training,0,0.00704479403793812,0.008272485960234418,9.08188904066481,0.668400993462953,-0.007414198308530671
5002,training,0,0.008048732765018942,0.008272485960234418,9.121882606941567,0.6681069390441888,-0.007652363873092141
5003,training,0,0.007815582677721977,0.008272485960234418,9.161990949047972,0.6677878734151561,-0.008228945787858946
5004,training,0,0.0007869713008403778,0.008272485960234418,9.201825802900643,0.6674514580802197,-0.00892259521373045
5005,training,0,4.184618592262268e-05,0.008272485960234418,9.241931822791685,0.6670887027195209,-0.009270521539713479
5006,training,0,0.0092041096650064,0.008272485960234418,9.28186526132442,0.6667113235403904,-0.009634462805956263
5007,training,0,0.008215020876377821,0.007738778864531183,9.321804329747884,0.6663331893943514,-0.00948432056591785
5008,training,0,0.006435242947191,0.007738778864531183,9.361954473075022,0.6659515567552391,-0.009292432044960035
5009,training,0,0.0028623491525650024,0.007738778864531183,9.401771266541028,0.6655801749421825,-0.009664043786887776
5010,training,0,0.01062826532870531,0.007738778864531183,9.441829346199583,0.6651884814319432,-0.01023145988134209
5011,training,0,0.015660051256418228,0.007738778864531183,9.481841339415142,0.6647674001319707,-0.010797653919716512
5012,training,0,0.001240365207195282,0.007738778864531183,9.521731574069953,0.6643389209506196,-0.01083884074175373
5013,training,0,0.0033621899783611298,0.018324602693886707,9.561874669672427,0.6639060614461975,-0.010693452400621287
5014,training,0,0.0008314643055200577,0.018324602693886707,9.60172080623703,0.6634836527420918,-0.01050175568769803
5015,training,0,0.0005118586122989655,0.018324602693886707,9.641722993161517,0.6630744148171388,-0.010324492656552227
5016,training,0,0.0012784507125616074,0.018324602693886707,9.681805341808191,0.6626554316033059,-0.01064036956850667
5017,training,0,0.0009694062173366547,0.018324602693886707,9.721653541465423,0.6622293777431841,-0.011010958917653546
5018,training,0,0.0004474446177482605,0.018324602693886707,9.761768049267053,0.6617842973857985,-0.011317460158849229
5019,training,0,0.0023327767848968506,0.004259156777057062,9.80168597233538,0.6613240529178481,-0.011746700024939667
5020,training,0,0.0005278978496789932,0.004259156777057062,9.841635127886317,0.6608619683845955,-0.011536149189532798
5021,training,0,0.001090269535779953,0.004259156777057062,9.881782639523353,0.6603969874148715,-0.011444365129310628
5022,training,0,0.0005794037133455276,0.004259156777057062,9.921593512194919,0.659937829052583,-0.011910051031372675
5023,training,0,0.005349186714738607,0.004259156777057062,9.96166004650747,0.6594599817315486,-0.012155073499276688
5024,training,0,0.00021161278709769206,0.004259156777057062,10.001649574465844,0.6589721233123034,-0.012215830253092513
5025,training,0,0.006143791601061821,0.010798279706084907,10.041547608790802,0.6584963370574013,-0.01180599420082646
5026,training,0,0.006259059533476828,0.010798279706084907,10.08169013669591,0.6580342405053996,-0.011048016591181204
5027,training,0,0.008189063519239426,0.010798279706084907,10.121522815948467,0.6576104064847879,-0.010244855621489843
5028,training,0,0.008296344429254532,0.010798279706084907,10.161533147318544,0.6572259573120424,-0.009222234915876178
5029,training,0,0.003274182789027689,0.010798279706084907,10.201586663174496,0.6568697592214507,-0.00859301722701504
5030,training,0,0.0075551364570856094,0.010798279706084907,10.241442368907869,0.6565558680612679,-0.007358171637943948
5031,training,0,0.009891665074974298,0.012267108069374555,10.281558165172534,0.6562890287803911,-0.005946064473791087
5032,training,0,0.011515484715346247,0.012267108069374555,10.321448713517793,0.656073500353377,-0.004685196929275498
5033,training,0,0.009892662055790424,0.012267108069374555,10.361403026624135,0.6559290725931349,-0.002669657063165602
5034,training,0,0.009976564906537533,0.012267108069374555,10.401531810391534,0.6558506449999918,-0.0008968223847023802
5035,training,0,0.009275402873754501,0.012267108069374555,10.441339606509818,0.6558545137188753,0.0008275619010172449
5036,training,0,0.008700701408088207,0.012267108069374555,10.481409927433914,0.6559265693045011,0.0026747575065485508
5037,training,0,0.00712866336107254,0.024804057901446172,10.521377408438333,0.6560590396136456,0.0040993200099849894
5038,training,0,0.009089705999940634,0.024804057901446172,10.561281453684183,0.656258086109559,0.0055610120038615245
5039,training,0,0.006374513322953135,0.024804057901446172,10.601430251650275,0.6565039495745487,0.007055644081663677
5040,training,0,0.003495925571769476,0.024804057901446172,10.641257337862648,0.6568191769686389,0.008539404824465562
5041,training,0,0.004325530957430602,0.024804057901446172,10.681281508733283,0.6571814895145481,0.009226714080690455
5042,training,0,0.003181291278451681,0.024804057901446172,10.721331013742745,0.6575481996713776,0.009619879723369867
5043,training,0,0.009210764896124601,0.02452969912672963,10.761198392661333,0.6579375629973121,0.009668909949075303
5044,training,0,0.009940746705979109,0.02452969912672963,10.801330409460363,0.6583318164710471,0.009975901857662178
5045,training,0,0.0064226738177239895,0.02452969912672963,10.841211012961322,0.6587465292926331,0.011061030861035583
5046,training,0,0.006737678777426481,0.02452969912672963,10.881179319467236,0.6592096116598548,0.011862721442171821
5047,training,0,0.0050942315720021725,0.02452969912672963,10.921328574728152,0.6596870194703445,0.012632158391214406
5048,training,0,0.006819241680204869,0.02452969912672963,10.961118187603443,0.6602141298316189,0.013085883899032646
5049,training,0,0.005750362761318682,0.028790619841063944,11.00120726775395,0.6607421741041657,0.013080690006167208
5050,training,0,0.015264138579368591,0.028790619841063944,11.041165416240508,0.6612602771725361,0.013123561979805836
5051,training,0,0.00918998010456562,0.028790619841063944,11.081087250864714,0.6617783745067327,0.012505605851180913
5052,training,0,0.007017236202955248,0.028790619841063944,11.121251486596385,0.662263050133648,0.011977229807286223
5053,training,0,0.00777794886380434,0.028790619841063944,11.161072156441016,0.6627451978629652,0.011769258363405232
5054,training,0,0.0063547734171152115,0.028790619841063944,11.201113377775625,0.6632085590011384,0.011173321715458586
5055,training,0,0.001954308245331049,0.020321607061166976,11.241153384928007,0.6636373163051409,0.010814159896888862
5056,training,0,0.0058105457574129105,0.020321607061166976,11.281035854989081,0.6640524817263449,0.009688850678336596
5057,training,0,0.011910554021596912,0.020321607061166976,11.321188632670806,0.6644135319978939,0.008154552689738862
5058,training,0,0.007994066923856735,0.020321607061166976,11.361075402722628,0.6647202167938651,0.007506017463392161
5059,training,0,0.010539994575083258,0.020321607061166976,11.401065516261985,0.6650107344363856,0.006809029161639137
5060,training,0,0.007855613715946674,0.020321607061166976,11.441199988123996,0.6652664661306537,0.006894337285789367
5061,training,0,0.012808420695364475,0.007359407826920355,11.481014801257095,0.6655549720741778,0.007122893635028461
5062,training,0,0.0258648619055748,0.007359407826920355,11.521112378115857,0.6658566503396973,0.008043722574616483
5063,training,0,0.024486701935529712,0.007359407826920355,11.561056684631954,0.6662031141728326,0.00967503948361962
5064,training,0,0.02695196308195591,0.007359407826920355,11.600977928792197,0.6666259744412895,0.011300557284564096
5065,training,0,0.02771283220499754,0.007359407826920355,11.641127881906371,0.6671074160218287,0.013352158930684437
5066,training,0,0.04242825135588646,0.007359407826920355,11.680918129578561,0.6677055580008663,0.016319827570853075
5067,training,0,0.04062063619494438,0.010710007892059092,11.72094868942027,0.6684195237907714,0.019458060912293552
5068,training,0,0.04824233055114746,0.010710007892059092,11.760939330109252,0.6692565215343347,0.022939099993190597
5069,training,0.011095874,0.06594697758555412,0.010710007892059092,11.800777161308806,0.6702619352193566,0.027625385380431723
5070,training,0,0.03882607538253069,0.010710007892059092,11.840877989691121,0.6714662715724592,0.033103264166517904
5071,training,0,0.04306725971400738,0.010710007892059092,11.880652799819927,0.6728807402501816,0.03707214674049241
5072,training,0,0.04028308019042015,0.010710007892059092,11.920616657932838,0.6743924828334366,0.03767042274329603
5073,training,0,0.04367719404399396,0.003129825800583016,11.960713115785861,0.6758880538487646,0.036971942705166246
5074,training,0,0.04855450056493282,0.003129825800583016,12.000503261370245,0.6773735180908629,0.03730391517654626
5075,training,0,0.037860507145524025,0.003129825800583016,12.040573973936723,0.6788946704774534,0.03891235410396921
5076,training,0,0.03842314518988132,0.003129825800583016,12.080462938107313,0.6804801521218864,0.04059183299886849
5077,training,0,0.04020963609218597,0.003129825800583016,12.120372258133246,0.6821106674475028,0.040329442672607865
5078,training,0,0.03519348055124283,0.003129825800583016,12.160513714063464,0.6837054532819534,0.039252865534584735
5079,training,0,0.04139266535639763,0.009015079347004587,12.200292613511253,0.6852436158713308,0.037441672030431285
5080,training,0,0.0422729030251503,0.009015079347004587,12.240339133808488,0.6867074482397587,0.03548779529630704
5081,training,0,0.023516215384006493,0.009015079347004587,12.280336851049597,0.6880889825174878,0.033891005727809606
5082,training,0,0.008683264255523682,0.009015079347004587,12.320228959765064,0.6893921208821153,0.03030028605757813
5083,training,0,0.03540291637182236,0.009015079347004587,12.360428824570679,0.6904718100338569,0.022823886053903498
5084,training,0,0.035129256546497345,0.011316417046450485,12.400315463755511,0.691262618058804,0.018113840762570346
5085,training,0,0.04850177466869354,0.011316417046450485,12.44032355414491,0.691964655088652,0.017189041146798673
5086,training,0,0.029565736651420586,0.011316417046450485,12.480397553351386,0.692658411134562,0.018308258082858252
5087,training,0,0.020406398922204978,0.011316417046450485,12.520242345260405,0.693363016323404,0.015969808913420338
5088,training,0,0.00699249655008316,0.011316417046450485,12.560391882194649,0.6939266537272674,0.011812477333302799
5089,training,0,0.029103316366672516,0.008372841699674243,12.600373768583797,0.6942785542089563,0.005529288120397045
5090,training,0,0.044818261638283736,0.008372841699674243,12.64035162153763,0.6943969073145777,0.0010144905142328757
5091,training,0,0.037190541625022895,0.008372841699674243,12.680505143138776,0.6944054376866523,0.0004504072597100553
5092,training,0,0.02295404113829136,0.008372841699674243,12.720323290055385,0.6944303118551719,0.0003422712196249771
5093,training,0,0.02385772205889225,0.008372841699674243,12.760401708215774,0.6944384240467959,-0.00018363976467862834
5094,training,0,0.009012073278427124,0.003480232847678265,12.800399487308407,0.6944186248302593,-0.000561949836886189
5095,training,0,0.0007952656596898998,0.003480232847678265,12.840316795254424,0.6943580518400949,-0.0031295022944831667
5096,training,0,0.005655672401189811,0.003480232847678265,12.880507691144654,0.694144707507937,-0.00759886703959587
5097,training,0,0.007990779355168343,0.003480232847678265,12.92038818674299,0.6937593998439974,-0.012122016829600877
5098,training,0,0.007981771603226658,0.003480232847678265,12.960437329709432,0.6931712659283119,-0.017464168192304726
5099,training,0,0.02305460534989834,0.007057881866429616,13.000512842332041,0.6924044534799518,-0.02042742115117993
5100,training,0,0.03564345836639404,0.007057881866429616,13.040358595481406,0.6915839353123022,-0.020453976777314406
5101,training,0,0.01939582172781229,0.007057881866429616,13.080466136055737,0.6908003567353919,-0.018106371126348504
5102,training,0,0.009224694222211838,0.007057881866429616,13.120325113866146,0.6901285972012517,-0.01621173264771276
5103,training,0,0.0032397862523794174,0.007057881866429616,13.16029042216948,0.689482904309236,-0.016971993493149866
5104,training,0,0.011420255526900291,0.007057881866429616,13.200447167718432,0.6887417727372365,-0.020148561053978675
5105,training,0,0.011246298439800738,0.019163238444140362,13.240267468391313,0.6878591167923661,-0.02459126260091919
5106,training,0,0.00732143281493336,0.019163238444140362,13.280368051979643,0.6867783378101144,-0.02968947643947501
5107,training,0,0.016537013463675976,0.019163238444140362,13.320343416840885,0.6855296348554399,-0.032475339921471724
5108,training,0,0.01047802486573346,0.019163238444140362,13.360230429834095,0.6842378824348648,-0.03183717714088233
5109,training,0,0.008767396211624146,0.019163238444140362,13.40034679027343,0.68299584112048,-0.029908182783673774
5110,training,0,0.01182449096813798,0.019163238444140362,13.440171707249268,0.6818123943382713,-0.03078842291756643
5111,training,0,0.004669660273066256,0.022577840698256565,13.480180626250043,0.6805840740758808,-0.03004807063763873
5112,training,0,0.001865861937403679,0.022577840698256565,13.520183629912346,0.6794144317081529,-0.028895554235007035
5113,training,0,0.006271105259656906,0.022577840698256565,13.560030566610278,0.6782745352964099,-0.02872825131542801
5114,training,0,0.0030691716820001602,0.022577840698256565,13.600150260513157,0.6771075656986838,-0.029738750270979098
5115,training,0,0.011745724827051163,0.022577840698256565,13.640007630001424,0.6759144117535322,-0.030655730510461873
5116,training,0,0.031188592314720154,0.022577840698256565,13.679959124769674,0.6747076568471351,-0.029345303342374125
5117,training,0.010738487,0.05497916042804718,0.0272819157463202,13.739885090057046,0.6731746671438918,-0.021106335770702745
5118,training,0,0.020076781511306763,0.0272819157463202,13.779784072487262,0.6724656005908144,-0.014036158763341114
5119,training,0,0.008900352171622217,0.0272819157463202,13.799852559121167,0.6722131322744977,-0.01109609006715329
5120,training,0,0.02995089953765273,0.0272819157463202,13.839809364844902,0.6718316732173304,-0.009566689364737911
5121,training,0,0.018815445713698864,0.0272819157463202,13.879759797027694,0.6713761681447439,-0.01450912190667009
5122,training,0,0.02547380095347762,0.0272819157463202,13.919954570637206,0.6706605609626546,-0.020499534880382853
5123,training,0,0.03897344507277012,0.021523378973766483,13.959796696239579,0.6697419878744465,-0.026042261535480025
5124,training,0,0.04019816406071186,0.021523378973766483,13.999856926845107,0.6685899222052651,-0.03170180222792208
5125,training,0,0.040040506049990654,0.021523378973766483,14.039882753373861,0.6672188424663714,-0.03717672017078025
5126,training,0,0.022477572783827778,0.021523378973766483,14.079745367274944,0.6656388258329242,-0.04203369538068022
5127,training,0,0.004551773890852925,0.021523378973766483,14.11984851162442,0.6639033462347914,-0.04382145083220366
5128,training,0,0.0033056512475013733,0.021523378973766483,14.159660979546747,0.662203383466097,-0.041696283700902406
5129,training,0,0.015582174062728882,0.019155431788162865,14.1996002345491,0.6606043970656269,-0.03820516347968841
5130,training,0,0.023432660847902298,0.019155431788162865,14.239656340612905,0.6591366440339788,-0.03528098879389007
5131,training,0,0.04137455113232136,0.019155431788162865,14.279440775101225,0.6577402459106724,-0.03557784774824785
5132,training,0,0.034121664240956306,0.019155431788162865,14.319520353273344,0.6562987717028336,-0.0365664464777742
5133,training,0,0.024242023006081588,0.019155431788162865,14.359419544810164,0.6548455688295477,-0.03666317597904274
5134,training,0,0.021474940702319145,0.019155431788162865,14.399323184066839,0.6533968251119175,-0.0357346971429206
5135,training,0,0.02617895044386387,0.02601068728840522,14.43942969872515,0.6519994960321847,-0.03357057760269563
5136,training,0.00779762,0.054281746968626976,0.02601068728840522,14.49917541033918,0.6500946784822165,-0.0307160943591166
5137,training,0,0.033413892611861236,0.02601068728840522,14.539292047794929,0.6489018703400558,-0.028414679810130693
5138,training,0,0.04240472428500652,0.02601068728840522,14.559200025788671,0.6483526580845166,-0.027617484887114203
5139,training,0,0.037566689774394035,0.02601068728840522,14.599076343883455,0.6472602484062575,-0.027812607592920084
5140,training,0.0043464364,0.05835125409066677,0.02601068728840522,14.63920403444472,0.6461353159929323,-0.028071942094666975
5141,training,0.050765287,0.06738261505961417,0.026991055615246277,14.69899174969484,0.6444605721187757,-0.028480793571236725
5142,training,0,0.01626454293727874,0.026991055615246277,14.719017296074316,0.6438986483281424,-0.027522489008666925
5143,training,0,0.00045533105731010437,0.026991055615246277,14.759071447881496,0.6428766432851676,-0.022175762011242526
5144,training,0,0.005396362394094467,0.026991055615246277,14.798838759988834,0.6421452808123236,-0.014394058835426759
5145,training,0,0.009642347693443305,0.026991055615246277,14.838909568797103,0.6417328760947563,-0.005597157011848869
5146,training,0,0.025535792112350464,0.026991055615246277,14.878784075533371,0.6416824480803596,0.003250045820369116
5147,training,0,0.01952266693115234,0.025402773913588108,14.918669543894126,0.6419953777494203,0.01228434818927573
5148,training,0,0.04329185909591615,0.025402773913588108,14.95876922918729,0.6426355951048656,0.02026482616364689
5149,training,0,0.030426759272813797,0.025402773913588108,14.99853144270617,0.6435997429050067,0.028083297758556416
5150,training,0,0.031055565923452377,0.025402773913588108,15.038541110700459,0.6448602652376492,0.034804649100937494
5151,training,0,0.031742047518491745,0.025402773913588108,15.078469936890905,0.6463433189076014,0.03949385774904464
5152,training,0,0.034838153049349785,0.025402773913588108,15.118312512804751,0.6479925279326898,0.04267835856578044
5153,training,0,0.020694710314273834,0.01690349766816632,15.158410229296136,0.6497427706373252,0.04446373235057634
5154,training,0,0.03448998183012009,0.01690349766816632,15.198190018854278,0.6515434531589436,0.045646213857561915
5155,training,0,0.020425181835889816,0.01690349766816632,15.238156540639215,0.6533841064950515,0.046000207024278775
5156,training,0,0.022619178518652912,0.01690349766816632,15.278207846459884,0.6552189054183432,0.04529168887456319
5157,training,0,0.018145017325878143,0.01690349766816632,15.318001402089694,0.657017206820186,0.04454464893074418
5158,training,0,0.024983827024698264,0.01690349766816632,15.35809592521665,0.6587732518827056,0.04265043474736808
5159,training,0,0.02406911924481392,0.01215467998960825,15.397985799044791,0.6604341409943284,0.04063647604152645
5160,training,0,0.019504182040691383,0.01215467998960825,15.437920123641055,0.6620306309100722,0.0390767944795489
5161,training,0,0.02613193541765213,0.01215467998960825,15.478070378654435,0.6635527414599585,0.036719882603234194
5162,training,0,0.02248411253094673,0.01215467998960825,15.517861034154437,0.6649785147744609,0.034561008290018784
5163,training,0,0.02295445278286934,0.01215467998960825,15.55792978726,0.6663221207008954,0.032243185683422916
5164,training,0,0.018693950027227395,0.01215467998960825,15.597920273711576,0.667559202797966,0.029778646832221273
5165,training,0,0.02659580111503601,0.00960578006564787,15.63782215508059,0.6687050822020046,0.027480030342595694
5166,training,0,0.02573429048061371,0.00960578006564787,15.677981294932856,0.6697649100091103,0.025487215361627485
5167,training,0,0.02144831046462059,0.00960578006564787,15.717818509681033,0.670755518348325,0.024078666991226037
5168,training,0,0.025128804147243507,0.00960578006564787,15.75784324596525,0.6716881608225554,0.022203907456928827
5169,training,0,0.01818592473864555,0.00960578006564787,15.797907053097962,0.6725357837609781,0.020687255445305367
5170,training,0,0.023550324141979224,0.00960578006564787,15.837773926835238,0.6733278106255477,0.018764145984641312
5171,training,0,0.025605048984289176,0.004419696087757792,15.877916218346959,0.6740409453317519,0.016618621851805293
5172,training,0,0.023004025220870965,0.004419696087757792,15.917818806568443,0.6746677603516197,0.015038413720665913
5173,training,0,0.023077361285686493,0.004419696087757792,15.957796794500668,0.6752364057296195,0.01315963504387719
5174,training,0,0.008216897025704384,0.004419696087757792,15.99796337192096,0.6757093264727825,0.011343532678866671
5175,training,0,0.007108969613909721,0.004419696087757792,16.037778704287074,0.6761389367674242,0.009572609089354605
5176,training,0.0013054474,0.057900819927453995,0.004419696087757792,16.077880159012935,0.6764863109268011,0.007525955140129904
5177,training,0.005142724,0.062436848878860474,0.014321334972674652,16.137786601083928,0.6768854113922245,0.006560404494780984
5178,training,0,0.04688026756048203,0.014321334972674652,16.157782782729605,0.6770179762367681,0.0064450089490690945
5179,training,0,0.04015301167964935,0.014321334972674652,16.197955386886587,0.6772524882341789,0.00504217387492024
5180,training,0,0.041985131800174706,0.014321334972674652,16.23780012564018,0.6774233958087038,0.0032270975998790253
5181,training,0,0.04430840536952018,0.014321334972674652,16.2778502768832,0.6775103462714335,0.0009274220005128093
5182,training,0.004656289,0.050325524061918266,0.022868662005009113,16.317911883530847,0.6775115709762403,-0.00028512843151783394
5183,training,0,0.03128485009074212,0.022868662005009113,16.357795549054103,0.6774708465861834,-0.0022415732516079512
5184,training,0,0.0015110643580555916,0.022868662005009113,16.3979669640385,0.6773062559756614,-0.006343604084931423
5185,training,0,0.0035056336782872686,0.022868662005009113,16.437870263588824,0.6769876081469622,-0.009446399311397215
5186,training,0,0.04648415744304657,0.022868662005009113,16.477864570688663,0.6765601848183546,-0.01208914327424129
5187,training,0,0.005375578999519348,0.021020791513705124,16.517997306440833,0.6760373202507702,-0.013682605041668516
5188,training,0,0.045236337929964066,0.021020791513705124,16.557818492246255,0.6754660453988309,-0.01514998267613498
5189,training,0,0.046059034764766686,0.021020791513705124,16.597914877361355,0.6748450966111319,-0.015896949220396604
5190,training,0,0.04646224901080132,0.021020791513705124,16.637856507642237,0.6742117726029984,-0.01589985132037843
5191,training,0,0.011105289217084646,0.021020791513705124,16.677781541022686,0.6735855813855038,-0.0157180942082997
5192,training,0,0.00618739565834403,0.021020791513705124,16.71792595630287,0.6729629206364495,-0.015081820143277913
5193,training,0,0.007235655095428228,0.0177141913619543,16.757738890035903,0.6723763291991804,-0.014825420928303237
5194,training,0,0.04367795214056968,0.0177141913619543,16.797782431845565,0.6717882549844127,-0.01486797596480489
5195,training,0,0.022818535566329956,0.0177141913619543,16.837795570314857,0.671197530164545,-0.014729525945869255
5196,training,0,0.008386099711060524,0.0177141913619543,16.877677452241514,0.6706178168715279,-0.01467690479137671
5197,training,0,0.0028582438826560974,0.0177141913619543,16.917815003923216,0.670029102588847,-0.014669825600343231
5198,training,0,0.006292620208114386,0.020838746674408545,16.957664731309315,0.6694514253235854,-0.014529942140235792
5199,training,0,0.0014669187366962433,0.020838746674408545,16.997656259505554,0.6688762672796467,-0.014632761937963461
5200,training,0,0.0019844211637973785,0.020838746674408545,17.037759775884606,0.6682843007431389,-0.014909920171461595
5201,training,0,0.0013994202017784119,0.020838746674408545,17.0775883996732,0.6676804515814663,-0.015593443791631344
5202,training,0,0.002234427258372307,0.020838746674408545,17.11769295199358,0.6670487757416254,-0.016043135006380896
5203,training,0,8.868612349033356e-05,0.020838746674408545,17.157617491561748,0.6664030773031722,-0.016624617009610446
5204,training,0,0.0007258933037519455,0.006906504264815431,17.19755478716238,0.665735881595852,-0.016949011914211682
5205,training,0,0.00020286813378334045,0.006906504264815431,17.23770133424226,0.6650528270343099,-0.016882544802747285
5206,training,0,0.0021926462650299072,0.006906504264815431,17.277507764760937,0.6643833185106603,-0.017189635193008278
5207,training,0,0.004364472813904285,0.006906504264815431,17.317563157670055,0.6636908651538462,-0.017701232633395327
5208,training,0,0.007261453196406366,0.006906504264815431,17.35755946138308,0.6629823942959194,-0.01782711381574627
5209,training,0,0.007115127518773077,0.006906504264815431,17.397446049735752,0.6622775590144351,-0.017764700322472207
5210,training,0,0.005719476379454136,0.010494317957810811,17.437584192140733,0.6615681551907191,-0.01750006699288336
5211,training,0,0.008289577439427374,0.010494317957810811,17.477419031049973,0.6608852325750284,-0.017080893010458727
5212,training,0,0.008561680093407631,0.010494317957810811,17.51741809533905,0.660216683667291,-0.016648386860580344
5213,training,0,0.007980836555361748,0.010494317957810811,17.55749458457169,0.6595570572301238,-0.016371124749022928
5214,training,0,0.004879998043179512,0.010494317957810811,17.59733265235882,0.6589107819639047,-0.016268257906975944
5215,training,0,0.009028477594256401,0.010494317957810811,17.637440232020353,0.6582705387975462,-0.015649643920268328
5216,training,0,0.006705153733491896,0.005790577717212052,17.677341990736128,0.6576610148606361,-0.01518746572361287
5217,training,0,0.007630268111824991,0.005790577717212052,17.71728778173468,0.6570740094271378,-0.014318106242632049
5218,training,0,0.00958329439163208,0.005790577717212052,17.757426478976672,0.656515076152274,-0.013219248205829273
5219,training,0,0.007292630150914194,0.005790577717212052,17.797229623306066,0.6560107339946907,-0.012531902894571215
5220,training,0,0.005007629282772539,0.005790577717212052,17.837293170380665,0.6555275608562163,-0.01175936318448441
5221,training,0,0.0024896133691072464,0.005790577717212052,17.877271472251802,0.6550777672640002,-0.010698162200873213
5222,training,0,0.0067498469725251215,0.014774477735115305,17.917167438750557,0.6546794609398798,-0.0094889226653899
5223,training,0,0.008841624483466148,0.014774477735115305,17.957308262898373,0.6543221391808364,-0.008089655222365382
5224,training,0,0.007606158033013342,0.014774477735115305,17.997138760050852,0.6540234876614793,-0.007031374800959989
5225,training,0,0.009385016746819021,0.014774477735115305,18.037151272815517,0.6537704642684822,-0.005831026148094375
5226,training,0,0.004666181281208992,0.014774477735115305,18.07720259982292,0.6535518812267634,-0.005151217100846605
5227,training,0,0.007854612544178961,0.014774477735115305,18.117062416445403,0.653371680218925,-0.004139591268363124
5228,training,0,0.004404937848448753,0.021945370010503833,18.157181634097306,0.653227883799622,-0.0030772938094208264
5229,training,0,0.004570309072732925,0.021945370010503833,18.19707636208113,0.6531165403527087,-0.002465603607049194
5230,training,0,0.0033607184886932373,0.021945370010503833,18.237038811251757,0.6530392307984049,-0.0016469932194393805
5231,training,0,0.0003580749034881592,0.021945370010503833,18.277175781817377,0.6529781774851605,-0.0011192221403214472
5232,training,0,0.001018039882183075,0.021945370010503833,18.31699535177534,0.6529433748263888,-0.0011226621525782818
5233,training,0,0.0006130952388048172,0.021945370010503833,18.357077711730234,0.6528989946436675,-0.0013494538365599832
5234,training,0,0.001172063872218132,0.027703779429017705,18.397059981806425,0.6528353411294582,-0.0016790177555901127
5235,training,0,0.0011257641017436981,0.027703779429017705,18.436976978710764,0.6527662911120724,-0.0020602175339441255
5236,training,0,0.001751970499753952,0.027703779429017705,18.477129508238804,0.6526769327843245,-0.002140658420029345
5237,training,0,0.0012807399034500122,0.027703779429017705,18.51696843519571,0.6525934606086023,-0.0021032519492354467
5238,training,0,0.0015933159738779068,0.027703779429017705,18.5569969627359,0.6525189724058466,-0.001893894251018015
5239,training,0,0.0028627440333366394,0.027703779429017705,18.59705103305378,0.6524345309261241,-0.0022174106497999083
5240,training,0,0.002300715073943138,0.030770836168933613,18.63692739818161,0.6523393909759613,-0.0028008410731280454
5241,training,0,0.005183856468647719,0.030770836168933613,18.677062646810462,0.6522175701424994,-0.0034057316701967227
5242,training,0,0.00602022698149085,0.030770836168933613,18.71695620148998,0.6520694348144873,-0.0038236980459051416
5243,training,0,0.006599856540560721,0.030770836168933613,18.75693234088948,0.6519241975376877,-0.0036557068003295634
5244,training,0,0.008494105190038681,0.030770836168933613,18.797059376769038,0.6517777404060371,-0.003394901125569371
5245,training,0,0.007230373099446297,0.030770836168933613,18.836879597105675,0.6516552404312248,-0.0031378627243069013
5246,training,0,0.040526257827878,0.01445887545793621,18.87696859245873,0.6515401648265258,-0.00275808721117807
5247,training,0,0.03992017172276974,0.01445887545793621,18.91693118508448,0.6514293557004084,-0.0027151628051875465
5248,training,0,0.041627369821071625,0.01445887545793621,18.95685639839063,0.6513285906287687,-0.0026137890156474374
5249,training,0,0.0004225540906190872,0.01445887545793621,18.997009152011408,0.6512214568485731,-0.002522415897726815
5250,training,0,0.040662698447704315,0.01445887545793621,19.036841760666054,0.6511208581550191,-0.0026827254726375775
5251,training,0,0.0023378077894449234,0.01445887545793621,19.076882920126643,0.651016807374193,-0.0028156932317271116
5252,training,0,0.004197891801595688,0.013317322699500873,19.116926086970746,0.6508915119252809,-0.003380491380708891
5253,training,0,0.004185294732451439,0.013317322699500873,19.156810017751408,0.6507447629201941,-0.004237939594979654
5254,training,0,0.0274415984749794,0.013317322699500873,19.1969541076325,0.6505570493807795,-0.005203077164800028
5255,training,0,0.028685968369245526,0.013317322699500873,19.236835694124895,0.6503301503170934,-0.006007105124894687
5256,training,0,0.04508524388074875,0.013317322699500873,19.276823345815053,0.6500937983905267,-0.005952229442365189
5257,training,0,0.04143255576491355,0.013317322699500873,19.316930363777697,0.6498614396584144,-0.005399153078129868
5258,training,0,0.04604755714535714,0.0026986797088477243,19.356755812591995,0.6496690634091518,-0.004586565858913361
5259,training,0,0.026418112218379978,0.0026986797088477243,19.396849723127684,0.6495139625776093,-0.0030171836365752627
5260,training,0,0.006576213985681534,0.0026986797088477243,19.436779510063865,0.649423126038662,-0.0013388389221764968
5261,training,0,0.004158837255090475,0.0026986797088477243,19.476708402050203,0.6494061653336157,0.00010343641126054415
5262,training,0,0.004695151001214981,0.0026986797088477243,19.516856862085724,0.6494182036318429,0.0006207773744820234
5263,training,0,0.020106811076402664,0.0026986797088477243,19.55668017845384,0.6494393389653735,3.8053834374167756e-05
5264,training,0,0.009319424629211426,0.013291792164804224,19.59675478915706,0.649392906192931,-0.003162931886557882
5265,training,0,0.011491608805954455,0.013291792164804224,19.636802036464005,0.6492115858832627,-0.005208557639547304
5266,training,0,0.007358670234680176,0.013291792164804224,19.676692836578756,0.6489913408971856,-0.005816287492391363
5267,training,0,0.011232266202569008,0.013291792164804224,19.716863870738425,0.6487119666271239,-0.008618968222440536
5268,training,0,0.010634539648890495,0.013291792164804224,19.75676598946946,0.6482739247212315,-0.014218109534801824
5269,training,0,0.024406508542597294,0.012246398127015574,19.796806991873055,0.6475541624371124,-0.02203163624713512
5270,training,0,0.025853877887129784,0.012246398127015574,19.836936435766763,0.6465125036915336,-0.029484438334188283
5271,training,0,0.018539391458034512,0.012246398127015574,19.876814399000455,0.6451512178219488,-0.039396085302630376
5272,training,0,0.012518078088760373,0.012246398127015574,19.916955668615554,0.6433692477321941,-0.04934268719824679
5273,training,0,0.0397181767039001,0.012246398127015574,19.956844687676963,0.6412470794203183,-0.05727318480466392
5274,training,0,0.042235452216118574,0.01120926250515392,19.99676310490061,0.6387860365803395,-0.06641006131805197
5275,training,0,0.04569655656814575,0.01120926250515392,20.036840483583482,0.6359320069240161,-0.07580096761573957
5276,training,0.0025762152,0.059369372203946114,0.01120926250515392,20.09649577274354,0.6309674075046343,-0.09051100723714077
5277,training,0,0.028062837198376656,0.01120926250515392,20.116502667042973,0.6291053098417924,-0.09507645452109977
5278,training,0,0.02298653684556484,0.01120926250515392,20.156333817894083,0.6251753557072541,-0.10141046013402996
5279,training,0,0.03180673159658909,0.01120926250515392,20.195973144630464,0.6210415003125737,-0.1053551215882205
5280,training,0,0.04265492223203182,0.02152049447715867,20.235841586199275,0.6167878317532948,-0.10771630854850141
5281,training,0,0.03902668505907059,0.02152049447715867,20.27544981652091,0.6124579524197756,-0.11113993280462495
5282,training,0,0.043356042355299,0.02152049447715867,20.315218855951755,0.6079528921212501,-0.11450093170249304
5283,training,0,0.0451954621821642,0.02152049447715867,20.354993534098814,0.6033636307635598,-0.11474270853984288
5284,training,0,0.046305036172270775,0.02152049447715867,20.394538458913168,0.5987942722344464,-0.11578575119795512
5285,training,0,0.04133051447570324,0.02152049447715867,20.43434405222434,0.5941764710998647,-0.11504287653757572
5286,training,0.0036192348,0.05808584950864315,0.03481737074024999,20.493737911720476,0.5874040249620534,-0.11335927597337514
5287,training,0,0.04158154129981994,0.03481737074024999,20.513620744940123,0.585145528349491,-0.11289835033469002
5288,training,0.003609151,0.05716812238097191,0.03481737074024999,20.57318787259164,0.5785324334494792,-0.10806367151308957
5289,training,0,0.044990601018071175,0.03481737074024999,20.612845627976412,0.5742760535938645,-0.1061162759391396
5290,training,0,0.035672023892402635,0.03481737074024999,20.63278271828652,0.5721699397017614,-0.10391638128508403
5291,training,0,0.04500582814216614,0.03481737074024999,20.67249239911201,0.5681639056643075,-0.09750248665209878
5292,training,0,0.032069250941276564,0.025311466767337188,20.712140852479514,0.5643873650794448,-0.09232885773381425
5293,training,0,0.010298572480678558,0.025311466767337188,20.752053601142727,0.5608354750639115,-0.0835697945775645
5294,training,0,0.0015407800674438338,0.025311466767337188,20.791665582324047,0.5577841357144109,-0.07065795444473796
5295,training,0,0.005760371685028076,0.025311466767337188,20.831506320227035,0.5552430231691254,-0.05627617547249215
5296,training,0,0.007235389202833183,0.025311466767337188,20.871440526376055,0.5532615481013928,-0.04322116889260229
5297,training,0,0.019919533282518387,0.025311466767337188,20.911159033329092,0.5517902603462238,-0.030874410294838058
5298,training,0.004354235,0.09825671650469303,0.006668434916549159,20.95121680435829,0.5507801897306825,-0.019091836327848142
5299,training,0.0018361425,0.05037417262792587,0.006668434916549159,21.010849541285676,0.5502680723087751,0.00456023677713035
5300,training,0.004915901,0.09338230267167091,0.006668434916549159,21.050879705614623,0.5507270361910448,0.01741497526585286
5301,training,0.011806821,0.05925271846354007,0.006668434916549159,21.090756014056964,0.5516122517482959,0.0271138009290713
5302,training,0,0.008418653160333633,0.006668434916549159,21.110642777503134,0.5522023523336211,0.03136438672191723
5303,training,0,0.0246014930307865,0.006668434916549159,21.150740970297086,0.553433858814574,0.027597495672877097
5304,training,0,0.012550795450806618,0.01037691846959113,21.190772266538794,0.5543531591454903,0.01860224393175193
5305,training,0,0.04581911116838456,0.01037691846959113,21.23072409854699,0.554930987083342,0.010515347181817571
5306,training,0.004320859,0.08577955886721611,0.01037691846959113,21.2908147336896,0.5554588054741932,0.008955420196462125
5307,training,0.0027479874,0.05476211942732334,0.01037691846959113,21.330675978170333,0.5559031677170179,0.013401513608617563
5308,training,0,0.016477912664413445,0.01037691846959113,21.35072005912805,0.556189019652576,0.014966671921995368
5309,training,0,0.011347973719239235,0.01037691846959113,21.390754698711035,0.5567780979010889,0.013751652272121734
5310,training,0,0.01597642805427313,0.006642432197262013,21.43065144107614,0.5572390815365085,0.008324733000787659
5311,training,0,0.010976061807014048,0.006642432197262013,21.470836008423905,0.5574485102298887,0.0024581049320099345
5312,training,0,0.003691742662340403,0.006642432197262013,21.510759777802896,0.5574720496188287,-0.00045910451408867126
5313,training,0,0.013160698115825653,0.006642432197262013,21.55074289004125,0.557441370388243,-0.0009233756879632902
5314,training,0,0.024045884609222412,0.006642432197262013,21.590851111014118,0.5574247861203127,0.0006874841467241009
5315,training,0,0.036145276739262044,0.0033523241850335226,21.630652726198196,0.5575329877354329,0.0048465684279794434
5316,training,0,0.040549234952777624,0.0033523241850335226,21.670717150476293,0.5578415399604143,0.011311703877937276
5317,training,0,0.04647726705297828,0.0033523241850335226,21.710635934565417,0.5584156462152903,0.01761199129807589
5318,training,0,0.04715942405164242,0.0033523241850335226,21.750501741394345,0.5592715107593575,0.025274130044682142
5319,training,0.0044800416,0.053554682061076164,0.0033523241850335226,21.810480454384024,0.5610621654659308,0.03454539010667346
5320,training,0,0.043822843581438065,0.0033523241850335226,21.8303615276227,0.5617788977130099,0.03724815482673288
5321,training,0,0.03318102844059467,0.013497098714457933,21.870350683854475,0.5633578802593308,0.041086434924581604
5322,training,0,0.04806954599916935,0.013497098714457933,21.910332450223173,0.5650425956838366,0.042941769000983475
5323,training,0.006950263,0.07062318362295628,0.013497098714457933,21.95015222585067,0.5667967839745973,0.044806843738740325
5324,training,0.010130814,0.09031897783279419,0.013497098714457933,22.010175708234446,0.5696195072939859,0.050151128444157256
5325,training,0.00079175015,0.08672565966844559,0.013497098714457933,22.04987600609801,0.5717708548848282,0.05834785560164669
5326,training,0.0021527996,0.061358293518424034,0.013497098714457933,22.0898706335873,0.5742505007322221,0.06481548215108718
5327,training,0,0.004592506214976314,0.02068715554795733,22.1296776732895,0.5768863651232311,0.0657933509267389
5328,training,0,0.007551528513431549,0.02068715554795733,22.1495847305977,0.5781834888296058,0.06397594269189194
5329,training,0,0.003551084548234938,0.02068715554795733,22.18962940838187,0.580668800938188,0.05989522277778819
5330,training,0,0.011961981654167175,0.02068715554795733,22.229508785562498,0.5829846144901165,0.05638734273670522
5331,training,0,0.029398376122117046,0.02068715554795733,22.26938308556568,0.5852093512068478,0.05537302662000775
5332,training,0,0.027609521523118016,0.02068715554795733,22.309458657791474,0.5874326680470736,0.05552250815684407
5333,training,0,0.02265319414436817,0.009249627508098658,22.34919299910511,0.5896694420587286,0.05672189751998665
5334,training,0,0.036093099042773254,0.009249627508098658,22.389168771864224,0.5919693109643678,0.05809861990486448
5335,training,0,0.031126024201512337,0.009249627508098658,22.429097955542094,0.5943021343570747,0.05843993833914225
5336,training,0,0.0357381459325552,0.009249627508098658,22.468894759720296,0.5966644675002071,0.059886692600989694
5337,training,0,0.04102271981537342,0.009249627508098658,22.50894713371613,0.5990875207169967,0.06063634489845342
5338,training,0,0.04269484244287015,0.009249627508098658,22.54871648797372,0.6015130811964504,0.06115560108355905
5339,training,0,0.03713939152657985,0.008925335836135175,22.588631308971475,0.603981483143203,0.06218037453382956
5340,training,0,0.04433398135006428,0.008925335836135175,22.628642355995293,0.6064791660180229,0.062101949435602
5341,training,0,0.03756902925670147,0.008925335836135175,22.668373143302748,0.6089715688773049,0.06255667529842046
5342,training,0,0.037115687504410744,0.008925335836135175,22.708397023051738,0.6114785833051074,0.062360253838104465
5343,training,0,0.046707877889275544,0.008925335836135175,22.748234904558508,0.6139502395173192,0.061378539454119335
5344,training,0.002409123,0.05008095316588878,0.008925335836135175,22.80814571172326,0.6176089075641954,0.06029849442175212
5345,training,0,0.04860096797347069,0.004312460603838649,22.828175307249058,0.6188056857095025,0.058845715183215415
5346,training,0,0.030290581285953515,0.004312460603838649,22.867926090065264,0.6211170309756718,0.0571654968593566
5347,training,0,0.037625547498464584,0.004312460603838649,22.907939847463314,0.6233704142229045,0.054722696767942586
5348,training,0,0.03569236025214195,0.004312460603838649,22.947887089973467,0.6254849229118375,0.05097497622969244
5349,training,0,0.016665711998939514,0.004312460603838649,22.98775926142927,0.6274393490542414,0.046569052676129756
5350,training,0,0.022203020751476288,0.004312460603838649,23.027916564160464,0.629200651225309,0.04069164524856075
5351,training,0,0.009045790880918503,0.012460640163040864,23.067767626631202,0.6306968436823254,0.03422542166055974
5352,training,0,0.01074351370334626,0.012460640163040864,23.107797971036415,0.631946864385698,0.028065756079664397
5353,training,0,0.013760432600975044,0.012460640163040864,23.14791916355476,0.6329523110903377,0.0224876005531951
5354,training,0,0.02823074162006379,0.012460640163040864,23.187780365909745,0.633764057648804,0.018364769837442788
5355,training,0,0.03117026388645172,0.012460640163040864,23.22792246835204,0.6344374041900703,0.015174397921002293
5356,training,0,0.025259092450141914,0.012996177020390944,23.267832686110278,0.634999176501181,0.013484173272966247
5357,training,0,0.021985948085784905,0.012996177020390944,23.307798111559645,0.6355133946277036,0.012018031450157972
5358,training,0,0.02314169332385063,0.012996177020390944,23.347972819196045,0.6359490767482137,0.010355062036566222
5359,training,0,0.022473454475402832,0.012996177020390944,23.387784568451803,0.6363398782294402,0.008571230741784475
5360,training,0,0.02617884799838066,0.012996177020390944,23.42787767950465,0.63664106934722,0.006178019032022497
5361,training,0,0.021915629506111145,0.011636642651676372,23.46788012794262,0.6368427945355976,0.004520641076313487
5362,training,0,0.02070788294076919,0.011636642651676372,23.507799282700404,0.636987453035916,0.002589926528974045
5363,training,0,0.0024427641183137894,0.011636642651676372,23.54797714062777,0.6370419578463293,0.0002030451837001494
5364,training,0,0.0030786097049713135,0.011636642651676372,23.58783598109161,0.6369920825419115,-0.0032776307261880183
5365,training,0,0.0018241610378026962,0.011636642651676372,23.627894432003966,0.6367611022454898,-0.008668373910267663
5366,training,0,0.010639159008860588,0.016930632065076327,23.667988191374192,0.6363174702763703,-0.012812614627825882
5367,training,0,0.016039224341511726,0.016930632065076327,23.70786617265971,0.6357461679607912,-0.015744735619309454
5368,training,0,0.019549796357750893,0.016930632065076327,23.747998720941244,0.6350834214430262,-0.017143167958696637
5369,training,0,0.013386850710958242,0.016930632065076327,23.787892276234285,0.6344040333637677,-0.016756621400861
5370,training,0,0.029602493159472942,0.016930632065076327,23.827852712614856,0.6337676173808205,-0.015152248047543709
5371,training,0,0.023053597658872597,0.016930632065076327,23.86797031288545,0.6331987914414922,-0.012628873104992703
5372,training,0,0.02434491738677025,0.021889111829335738,23.907758971878273,0.6327565860020236,-0.009861567838259644
5373,training,0,0.021549363620579243,0.021889111829335738,23.947832586243532,0.6324190970378242,-0.0069404402984358515
5374,training,0,0.02326400112360716,0.021889111829335738,23.98778341250053,0.6321848646603868,-0.004833428822394766
5375,training,0,0.021439060568809513,0.021889111829335738,24.02769591796102,0.6320313728182572,-0.0032139217740486973
5376,training,0,0.022906029596924782,0.021889111829335738,24.067843755728077,0.6319187432402917,-0.002291479053162977
5377,training,0,0.024162923917174336,0.021889111829335738,24.107674392153154,0.6318345111163868,-0.002114567428626555
5378,training,0,0.03335552662611008,0.02430465895334665,24.147710549100456,0.6317592345664245,-0.0019425128731509539
5379,training,0,0.03622563183307648,0.02430465895334665,24.187740327348337,0.6316957611476142,-0.000883710082240508
5380,training,0,0.04212169721722603,0.02430465895334665,24.227601528165238,0.6317098607848738,0.001530257614468954
5381,training,0,0.04293249920010567,0.02430465895334665,24.267724995500053,0.631822695327674,0.004283514771419674
5382,training,0,0.040098026394844055,0.02430465895334665,24.307586687414723,0.6320406157231305,0.006934045659346605
5383,training,0,0.037146393209695816,0.02430465895334665,24.347555490382266,0.6323804592898363,0.009871296844412073
5384,training,0,0.03364009037613869,0.010695844015422819,24.387680499611132,0.6328126410278591,0.012366319857352133
5385,training,0,0.04679726995527745,0.010695844015422819,24.4274782601996,0.633349207248233,0.013819049565947436
5386,training,0,0.0013022497296333278,0.010695844015422819,24.46756513608164,0.633936992204916,0.01577161473983846
5387,training,0,0.0022977665066719055,0.010695844015422819,24.507482457571037,0.6346248636856133,0.01928537819990973
5388,training,0,0.011329341679811478,0.010695844015422819,24.54738123829247,0.6354684044350833,0.022699881349101936
5389,training,0,0.015184886753559113,0.005396392485883536,24.587520341738735,0.6364238612249263,0.025215828449563448
5390,training,0,0.023396789096295834,0.005396392485883536,24.627298424970423,0.637494854017169,0.028447530587076088
5391,training,0,0.01533174142241478,0.005396392485883536,24.667312412859335,0.6386986017853894,0.031721872208167405
5392,training,0,0.007940895855426781,0.005396392485883536,24.707279853205353,0.640044620072174,0.03645011418619807
5393,training,0,0.005445370450615886,0.005396392485883536,24.74707562002385,0.6416355164154199,0.04369113688718342
5394,training,0,0.024820610880851746,0.005396392485883536,24.78713212543168,0.6435265931886854,0.05111130412852529
5395,training,0,0.002550613135099404,0.015597630030244107,24.826822618201543,0.6457449014612344,0.0610902572437236
5396,training,0,0.019375931471586227,0.015597630030244107,24.86663958743103,0.6484116220533194,0.07279316171657063
5397,training,0.004388816,0.0678107887506485,0.015597630030244107,24.90652958562838,0.6515638542993618,0.08553809058017632
5398,training,0.0027197325,0.07944945991039276,0.015597630030244107,24.96583801506092,0.657448214967424,0.11454916592810091
5399,training,0.02676432,0.08140484243631363,0.015597630030244107,25.005353264951204,0.6625378652423768,0.14304939076380857
5400,training,0.001834423,0.12784533947706223,0.015597630030244107,25.044464272702943,0.6688471106446245,0.1776019342823814
5401,training,0.002211277,0.12374113127589226,0.03327273087895379,25.08335707811073,0.6765936273675341,0.21593729317439775
5402,training,0.0055549433,0.08908062428236008,0.03327273087895379,25.12202753451372,0.6857570457686922,0.24810733161400916
5403,training,0.0038874699,0.09677033871412277,0.03327273087895379,25.160362215679722,0.6960921709786917,0.27814500484839155
5404,training,0.0010429192,0.12470130994915962,0.03327273087895379,25.19829767754301,0.7075201620122491,0.3078686625738024
5405,training,0.0019334997,0.09598319604992867,0.03327273087895379,25.236080928041154,0.7202083554291155,0.34057541254983736
5406,training,0.003160813,0.08245422691106796,0.03327273087895379,25.273316052777353,0.7340728053068367,0.3726896425368493
5407,training,0.004397622,0.07817891240119934,0.08805681293246381,25.310167350647166,0.7490091845586355,0.39407968307054986
5408,training,0.0015973853,0.05112303048372269,0.08805681293246381,25.365314920577394,0.7724697237378005,0.4079201298127127
5409,training,0,0.0375337041914463,0.08805681293246381,25.383548135338522,0.780396319342399,0.41265286588884303
5410,training,0,0.03015558049082756,0.08805681293246381,25.40180419600696,0.7884530789810704,0.41838972547540176
5411,training,0,0.01939445734024048,0.08805681293246381,25.43826620302355,0.8049844896541125,0.43360304595467297
5412,training,0,0.024465356022119515,0.08805681293246381,25.474148518646818,0.8219217182505081,0.447446315367203
5413,training,0,0.047082848846912384,0.11222165692724881,25.510046910570207,0.8394287109516108,0.4602369947186289
5414,training,0.0009994357,0.06693211197853086,0.11222165692724881,25.5455946445907,0.8573831062139268,0.47769384235271506
5415,training,0.0035726023,0.10987117886543271,0.11222165692724881,25.59785211512438,0.8858723054292474,0.5222941548555217
5416,training,0.0055842916,0.11980508267879486,0.11222165692724881,25.61485995554008,0.895867306725548,0.5403365790640315
5417,training,0.0038306944,0.07526780664920804,0.11222165692724881,25.648476623570975,0.916949923135902,0.5817565350131725
5418,training,0.0036291918,0.11889602243900296,0.11222165692724881,25.680990689579055,0.9394347027247113,0.6257382889990689
5419,training,0.004480344,0.06124237924814224,0.12506644149960028,25.71263711376782,0.9631993443051259,0.6624966250037136
5420,training,0.0013286012,0.1311108022928238,0.12506644149960028,25.743699195766307,0.9882812447486878,0.6947486119572956
5421,training,0.0068304087,0.156941756606102,0.12506644149960028,25.77360814706178,1.0140750105418885,0.7320106390719324
5422,training,0.004591456,0.17345497012138367,0.12506644149960028,25.802476046383067,1.0412151895906898,0.778292034522279
5423,training,0.008677831,0.1419371366500855,0.12506644149960028,25.829937921234556,1.069660922840988,0.8296236332933343
5424,training,0,0.03479182720184326,0.1431251154282255,25.855693965476785,1.0994385725146416,0.8850557764205337
5425,training,0.008762381,0.09410931169986725,0.1431251154282255,25.880201914822454,1.1306843369640893,0.9228523188559518
5426,training,0.0037725533,0.12184237688779834,0.1431251154282255,25.90360267649964,1.1627857469262917,0.9599378707768009
5427,training,0.007088378,0.10982292890548706,0.1431251154282255,25.92563976137953,1.1957027542240664,1.0026279109272318
5428,training,0,0.04994994401931763,0.1431251154282255,25.946238091408315,1.2294380683303254,1.040745041494269
5429,training,0.0020383901,0.08182597160339353,0.1431251154282255,25.96582456345916,1.2641930915479056,1.0745514589805276
5430,training,0.0033484173,0.05969679355621338,0.18063805467091756,25.98409547224113,1.2993372394572071,1.109147475194049
5431,training,0.0018112927,0.07783706486225128,0.18063805467091756,26.00116547699941,1.3351926461934813,1.1432974520624406
5432,training,0,0.013415247201919528,0.18063805467091756,26.017037661632486,1.3716645236749028,1.178359917234043
5433,training,0,0.008943036198616028,0.18063805467091756,26.031526855437274,1.4084948191238746,1.2112090155313542
5434,training,0,0.019301608204841628,0.18063805467091756,26.04499549729762,1.445928425672837,1.238832514966689
5435,training,0,0.025073915719985962,0.18063805467091756,26.057540384464737,1.4837053553051238,1.2606799787134546
5436,training,0,0.04135978966951369,0.13938450658551935,26.069225366498358,1.5217171251285424,1.284614523851811
5437,training,0.005075327,0.051129378378391266,0.13938450658551935,26.08512683580258,1.5792165183368758,1.3169626893618789
5438,training,0.004052261,0.05467546731233597,0.13938450658551935,26.090038997445813,1.59857474586748,1.3269720118708048
5439,training,0,0.018388979136943817,0.13938450658551935,26.099210707878992,1.6371864452706153,1.3474746300780913
5440,training,0,0.03015616536140442,0.13938450658551935,26.107667472209283,1.6761200571125066,1.3654547633108494
5441,training,0,0.014799252152442918,0.13938450658551935,26.115431113874717,1.715307949149295,1.387584587539445
5442,training,0,0.007827326655387892,0.08685795403894189,26.122158569828038,1.7543556699013623,1.4120471534486667
5443,training,0,0.0394309237599373,0.08685795403894189,26.12801648900829,1.7938549898871068,1.4348533557943561
5444,training,0,0.005100250244140625,0.08685795403894189,26.133052650264826,1.8333856618185327,1.453058542997228
5445,training,0,0.046485260128974915,0.08685795403894189,26.137284700673433,1.8728895725043824,1.4764569691933294
5446,training,0.0047600893,0.09544496238231656,0.08685795403894189,26.140581871891992,1.9127309038482554,1.5001495810016992
5447,training,0,0.03447502851486206,0.08685795403894189,26.14295733297144,1.9523379990431782,1.5210843278851531
5448,training,0.0023408146,0.06258755177259445,0.05895504875392992,26.144420903146425,1.9921243365397094,1.5484395408552354
5449,training,0,0.039324089884757996,0.05895504875392992,26.14479101328605,2.0319321015341907,1.57302362324918
5450,training,0,0.016232311725616455,0.05895504875392992,26.144178169392248,2.071660440534165,1.6001811918197175
5451,training,0,0.01287900656461717,0.05895504875392992,26.142499628516905,2.111358392337592,1.6241860142182554
5452,training,0,0.02342026680707933,0.05895504875392992,26.13994673085043,2.151165644867464,1.6450719199919106
5453,training,0,0.03067922592163086,0.05895504875392992,26.136571694444275,2.1908545403766664,1.6659144191616193
5454,training,0.0038376094,0.05084738880395888,0.052191012866843564,26.13239069989806,2.230404890831351,1.6865264229120593
5455,training,0,0.029514722526073456,0.052191012866843564,26.12736728419097,2.2699754934772938,1.7078163126401105
5456,training,0,0.025687135756015778,0.052191012866843564,26.121542149309708,2.3093506002786084,1.7253128911554623
5457,training,0,0.03369875252246857,0.052191012866843564,26.11507608214919,2.34870769948787,1.7439064331352736
5458,training,0,0.02704344317317009,0.052191012866843564,26.107785079604785,2.3879237257045762,1.7660678493093918
5459,training,0,0.007928455946967006,0.052191012866843564,26.099766925562054,2.426844148581217,1.7800960268184247
5460,training,0,0.018943913280963898,0.021502323895893485,26.091326768005352,2.4660503959987294,1.7834322857585523
5461,training,0.0038502251,0.0655147135257721,0.021502323895893485,26.07432604966964,2.5440641654444796,1.7869821072323344
5462,training,0,0.04980350658297539,0.021502323895893485,26.070013335051154,2.563683473685569,1.7871660094323307
5463,training,0,0.04213080555200577,0.021502323895893485,26.065724166388627,2.5832451795884017,1.7873294645161697
5464,training,0.0040643956,0.05896412581205367,0.021502323895893485,26.052814333611177,2.6416644411959465,1.7896778240315343
5465,training,0,0.019961953163146973,0.021502323895893485,26.048441973173272,2.6612467076843807,1.792657660783373
5466,training,0,0.007184155285358429,0.050744391794377036,26.039476688174542,2.7001153641878464,1.8040893247068375
5467,training,0,0.04050719365477562,0.050744391794377036,26.029996149987188,2.7387594553024845,1.8192685227059526
5468,training,0,0.005430825054645552,0.050744391794377036,26.019843915112627,2.77752600315919,1.8355915205332258
5469,training,0,0.005886264145374298,0.050744391794377036,26.00914974811603,2.815741774984403,1.8515491159673705
5470,training,0,0.03713943809270859,0.050744391794377036,25.99774718638659,2.853966351976556,1.8705179383645205
5471,training,0.0023466833,0.06940490007400513,0.050744391794377036,25.979228696942197,2.910722749091354,1.902950298966478
5472,training,0.004102329,0.06471780315041542,0.0367967486260822,25.95880124096876,2.9668941253059127,1.9353452695510298
5473,training,0,0.04192246496677399,0.0367967486260822,25.951615056941478,2.9854883430208607,1.944206489868701
5474,training,0.0026842416,0.06782334792660549,0.0367967486260822,25.936784607737753,3.0223235385820573,1.961662304541897
5475,training,0,0.02817869745194912,0.0367967486260822,25.9291127652556,3.040744998390918,1.9694879379436532
5476,training,0,0.04546111822128296,0.0367967486260822,25.91339134716752,3.077410671362886,1.9806469150572825
5477,training,0,0.01725748926401138,0.0367967486260822,25.897332030251473,3.113882761610428,1.9905367730944292
5478,training,0,0.03586652874946594,0.0356249915393946,25.880888428946033,3.1502175689149157,2.000113044440363
5479,training,0,0.002431485801935196,0.0356249915393946,25.864134526988288,3.1864897034311985,2.006587784025046
5480,training,0,0.02768766670487821,0.0356249915393946,25.847151239701418,3.222559620356212,2.01515461887535
5481,training,0,0.03402490168809891,0.0356249915393946,25.829879023573415,3.2585101790509143,2.021050899986708
5482,training,0,0.031166710890829563,0.0356249915393946,25.812380491747177,3.2944444615044937,2.027451434116424
5483,training,0,0.006576690822839737,0.0356249915393946,25.794639308210588,3.33012714797934,2.0362313456381527
5484,training,0.005146114,0.09031679481267929,0.050764023482049524,25.758258735345525,3.401199563299842,2.052937784015751
5485,training,0,0.040072876669000834,0.050764023482049524,25.748976295775275,3.41880551987145,2.057907652802843
5486,training,0,0.02136754244565964,0.050764023482049524,25.739620998164305,3.43637231894576,2.061818460122043
5487,training,0,0.0002825036644935608,0.050764023482049524,25.72063317008024,3.47159441574129,2.0690144201920404
5488,training,0,0.026710927486419678,0.050764023482049524,25.701413209204716,3.5065014208842458,2.0789060278912475
5489,training,0,0.049861930310726166,0.050764023482049524,25.68187880510017,3.5412258945765673,2.0874453935765964
5490,training,0.0015906694,0.09473869949579239,0.07319792880013688,25.661945938449758,3.575948296271385,2.0973807640591575
5491,training,0,0.01595678925514221,0.07319792880013688,25.641768109900294,3.6102041770266298,2.107748279624058
5492,training,0,0.03551733586937189,0.07319792880013688,25.62117800214779,3.644464570648602,2.1157426396869345
5493,training,0.0044718236,0.07708493061363697,0.07319792880013688,25.60031526996528,3.6785510384763827,2.1251928668745235
5494,training,0,0.04931952990591526,0.07319792880013688,25.57921690196778,3.712273523350597,2.1345224697494873
5495,training,0.017669588,0.059865488452487625,0.07319792880013688,25.557637919275876,3.7460423764362627,2.145386154254803
5496,training,0.0014402459,0.0879580620676279,0.08296770876850104,25.52472547378972,3.7958277775974563,2.1648410794558104
5497,training,0.0031844603,0.06866558268666267,0.08296770876850104,25.502091217130708,3.828823464834446,2.180728852525983
5498,training,0.0032463646,0.1407158151268959,0.08296770876850104,25.479005237015336,3.8612574607311174,2.199099013386298
5499,training,0,0.03366299159824848,0.08296770876850104,25.467259197971146,3.877269625670803,2.2075216369393096
5500,training,0.0058297114,0.051807912066578865,0.08296770876850104,25.431177737596418,3.9252575681545725,2.219889181989957
5501,training,0.021172713,0.09593520686030388,0.08296770876850104,25.394952991395154,3.9727966976182314,2.222823487457536
5502,training,0,0.015115922316908836,0.07184948537761204,25.382777398733428,3.9887349878697567,2.223452630554595
5503,training,0,0.017720814794301983,0.07184948537761204,25.358495187978704,4.020483063369577,2.2235463203502692
5504,training,0,0.013001525774598122,0.07184948537761204,25.346395604626306,4.0363039526077396,2.2233779514075245
5505,training,0,0.020077282562851906,0.07184948537761204,25.322094220038597,4.068113490070249,2.2228788977709693
5506,training,0,0.014368100091814995,0.07184948537761204,25.297818757630495,4.099904329200813,2.223220900824708
5507,training,0,0.008533651009202005,0.07184948537761204,25.273596308642663,4.131545323664921,2.224374210507566
5508,training,0,0.0064943041652441025,0.07184948537761204,25.249196806264884,4.163382120392435,2.2249634795609112
5509,training,0,0.015506980940699577,0.07184948537761204,25.224938807768563,4.195005243288464,2.225179993375714
5510,training,0,0.019499272108078003,0.05955044411978754,25.200602012229748,4.226717724603396,2.2249680607587976
5511,training,0,0.014927316457033157,0.05955044411978754,25.17621740479107,4.258529647049848,2.224501128571909
5512,training,0,0.02107960730791092,0.05955044411978754,25.15197840196252,4.290117103458402,2.2256760375906652
5513,training,0,0.035577951930463314,0.05955044411978754,25.12754209609605,4.321876652984855,2.2277031139108567
5514,training,0.0011376337,0.05903563648462295,0.05955044411978754,25.093580410773985,4.366267390545935,2.2114579516583706
5515,training,0,0.03573722159489989,0.05955044411978754,25.08161588475333,4.382290483616989,2.2118368146665763
5516,training,0,0.033930011093616486,0.05955044411978754,25.057651718400546,4.414548640531572,2.2061253462263752
5517,training,0,0.04328302573412657,0.029899076662178527,25.034143348369735,4.446727897793901,2.196614057197812
5518,training,0,0.01750282756984234,0.029899076662178527,25.011195956824476,4.478721434238962,2.1935490356623744
5519,training,0,0.03575870208442211,0.029899076662178527,24.988071610127115,4.510997718724785,2.1932320998255967
5520,training,0,0.03616650030016899,0.029899076662178527,24.96481918213151,4.543414437985022,2.191914732347837
5521,training,0.0058290623,0.07146408408880234,0.029899076662178527,24.941517074852456,4.576163766271855,2.1858990662771016
5522,training,0.015986705,0.052044703625142574,0.029899076662178527,24.907266495176266,4.6252756955384395,2.172762861654658
5523,training,0.0031170025,0.05153420567512512,0.029899076662178527,24.884623743883107,4.658498772356886,2.1662092154164747
5524,training,0,0.04531250707805157,0.0074542766594163316,24.873430381889634,4.6750690100021695,2.163782694388232
5525,training,0,0.04430719092488289,0.0074542766594163316,24.851093575842338,4.707905357753103,2.173351211678467
5526,training,0,0.0019735454116016626,0.0074542766594163316,24.82823111065139,4.740783831105009,2.183331187686479
5527,training,0,0.00878671370446682,0.0074542766594163316,24.805182497538613,4.773439081459083,2.186063596233061
5528,training,0,0.018917212262749672,0.0074542766594163316,24.782137371796985,4.806063114279193,2.1848242606732136
5529,training,0,0.0142479557543993,0.0074542766594163316,24.759039943739605,4.838921755705184,2.1819376494679834
5530,training,0,0.012921061366796497,0.0074542766594163316,24.736228618531857,4.8715674571013885,2.179232890673356
5531,training,0,0.03697821870446205,0.03954292379027017,24.71335694376343,4.904459826403983,2.1775298917384593
5532,training,0,0.028830310329794884,0.03954292379027017,24.6905616515637,4.937315014752417,2.1778112287822995
5533,training,0,0.012155639007687569,0.03954292379027017,24.667784188515682,4.970047680612792,2.1795472483527334
5534,training,0,0.02892560139298439,0.03954292379027017,24.644812760751933,5.002956656794405,2.1807752475823468
5535,training,0,0.007290365174412727,0.03954292379027017,24.621971714499235,5.035588824270411,2.182357107246037
5536,training,0,0.015723995864391327,0.03954292379027017,24.598953999324635,5.06827556171515,2.1868896224811936
5537,training,0,0.023851626552641392,0.03954292379027017,24.575732710761418,5.100889089425199,2.1927093865309044
5538,training,0,0.008066896349191666,0.028073651544540147,24.552442146631066,5.133124109756669,2.19979963188248
5539,training,0,0.03885701671242714,0.028073651544540147,24.52876174470705,5.165446159782775,2.206809046622694
5540,training,0,0.0010419078171253204,0.028073651544540147,24.504983432258115,5.197416649500719,2.2139026189967654
5541,training,0,0.015421021729707711,0.028073651544540147,24.480933779140017,5.229237986796636,2.2219058194451526
5542,training,0,0.015443326905369759,0.028073651544540147,24.456563092150176,5.261007578843751,2.227960744330723
5543,training,0,0.011252447962760932,0.028073651544540147,24.432156867413397,5.292415557284159,2.2345843303914714
5544,training,0,0.0038464851677417686,0.028073651544540147,24.407401323807107,5.32384842275841,2.241384441556946
5545,training,0,0.004691954702138908,0.013142649224378283,24.38250599390913,5.355035791967481,2.247525494823855
5546,training,0,0.010271873325109482,0.013142649224378283,24.357431108169976,5.385948847316367,2.257002047944701
5547,training,0,0.026787927374243736,0.013142649224378283,24.331952876340555,5.416751960399976,2.2664462133484506
5548,training,0,0.012827891856431961,0.013142649224378283,24.306277393917746,5.447198088555509,2.27650685076231
5549,training,0.0056614345,0.08872058242559433,0.013142649224378283,24.267022036186788,5.492338316044436,2.2963605134460647
5550,training,0.004823796,0.09074277430772781,0.013142649224378283,24.226896846895468,5.5365923084365845,2.3199664468037855
5551,training,0.0029598263,0.08412182331085205,0.013142649224378283,24.199514845060147,5.565517856930271,2.336700657195086
5552,training,0.0027902068,0.06939142569899559,0.03194114971298501,24.143435181560243,5.622224170610356,2.364234821056442
5553,training,0.043605372,0.05302026285789907,0.03194114971298501,24.11487475080373,5.650077723549969,2.372292056145798
5554,training,0.0010684207,0.10393893322907388,0.03194114971298501,24.071515923806594,5.691356476820261,2.3917753787454417
5555,training,0.0038378788,0.13639655197039247,0.03194114971298501,24.02735394637113,5.731357464804185,2.420831779666041
5556,training,0.007392215,0.15944382175803185,0.03194114971298501,23.966328294625438,5.782319303780551,2.471271209328263
5557,training,0.0041821403,0.13244996219873428,0.04212653301326323,23.934750525214966,5.806796703289952,2.493174570196296
5558,training,0.0010816829,0.15922054834663868,0.04212653301326323,23.90279352746324,5.83050845901544,2.5114775695152445
5559,training,0.0043871244,0.0990347545593977,0.04212653301326323,23.870475911414065,5.853907071536051,2.51528729989221
5560,training,0.0057122195,0.08198607340455055,0.04212653301326323,23.837959211709368,5.877467664212892,2.514141720648085
5561,training,0.0028825998,0.07683112472295761,0.04212653301326323,23.78957652794045,5.912630355985802,2.511532903183012
5562,training,0,0.006132576614618301,0.06781067874903456,23.773360633966565,5.924471437219119,2.509478923693473
5563,training,0,0.006485588848590851,0.06781067874903456,23.75715224117102,5.936389673988815,2.5057100512576636
5564,training,0.003138927,0.0716046579182148,0.06781067874903456,23.725175361676797,5.960208416554467,2.4972177577269505
5565,training,0,0.004665391519665711,0.06781067874903456,23.70920868651974,5.972252544870079,2.49317162152695
5566,training,0,0.045005673542618765,0.06781067874903456,23.69322843690758,5.984408235418963,2.489380098281632
5567,training,0,0.006470099091529846,0.06781067874903456,23.661455012313084,6.008793823556873,2.4850659458279387
5568,training,0,0.015157319605350494,0.06781067874903456,23.629899566768746,6.033193024411592,2.4819383235804646
5569,training,0,0.019664892926812172,0.06781067874903456,23.598206177338138,6.057816463090963,2.480406160740254
5570,training,0,0.006768736522644758,0.06781067874903456,23.566738679527067,6.082291216467142,2.4802628278344185
5571,training,0,0.040144992992281914,0.07095091752259278,23.550991970042293,6.094542140099715,2.480369313857892
5572,training,0,0.03549252264201641,0.07095091752259278,23.519331385798488,6.119165107959605,2.4806371442599056
5573,training,0.0052461796,0.11675797216594219,0.07095091752259278,23.472093335785313,6.155890278137992,2.4799272384319813
5574,training,0,0.039250511676073074,0.07095091752259278,23.456305503363172,6.168198063479167,2.478431974865389
5575,training,0.0017238245,0.0887028481811285,0.07095091752259278,23.409076765495378,6.205246973061464,2.474251918271572
5576,training,0.004790998,0.14605848491191864,0.07095091752259278,23.393430727762123,6.217592986713946,2.472775346345652
5577,training,0.0057503697,0.1310055758804083,0.07095091752259278,23.346303194996885,6.2549349277652695,2.4713859467303245
5578,training,0.0076779313,0.21542891673743725,0.07151836021422794,23.315083987778074,6.279615269821116,2.47317342111468
5579,training,0.004588146,0.14487754926085475,0.07151836021422794,23.283635439549744,6.304367661597681,2.4770192770873494
5580,training,0.0040787836,0.1560273189097643,0.07151836021422794,23.25210933169992,6.328929719973218,2.4826398756537853
5581,training,0.005601056,0.23250070959329605,0.07151836021422794,23.22054513367776,6.35325541355044,2.4867855017716156
5582,training,0.0032526809,0.1254427134990692,0.07151836021422794,23.188677630783154,6.37761863513984,2.491980174782869
5583,training,0.038825452,0.11202114075422287,0.07151836021422794,23.156913956346532,6.40154313881545,2.501285909730397
5584,training,0.0041652475,0.11955343931913373,0.07151836021422794,23.124779664338607,6.425230767386631,2.5110484929132184
5585,training,0.00386345,0.1683485526591539,0.11632438136300212,23.09235221669567,6.448759494802634,2.516588428590057
5586,training,0.006795313,0.1401689164340496,0.11632438136300212,23.060037606239714,6.471572845139282,2.5438933969427686
5587,training,0.004272713,0.15571582317352295,0.11632438136300212,23.02673672682069,6.49346084712584,2.5748506560380178
5588,training,0.0039478466,0.09256173111498357,0.11632438136300212,22.992911364593727,6.51433847773163,2.60273086788408
5589,training,0.0405317,0.21498099714517593,0.11632438136300212,22.95854170092731,6.534278107926177,2.6263789718872332
5590,training,0.0042941575,0.1549869105219841,0.11632438136300212,22.92368361889778,6.553480586252452,2.650747027179803
5591,training,0.005023463,0.12720124423503876,0.11852763989896614,22.88847861226866,6.571780760347695,2.6698726948757416
5592,training,0.0045833755,0.07924533449113369,0.11852763989896614,22.852833377996202,6.5896827385132655,2.683148854074334
5593,training,0,0.04241962917149066,0.11852763989896614,22.81701034836313,6.607096727875774,2.6948749526103843
5594,training,0.0075775636,0.05308349244296551,0.11852763989896614,22.76282436544247,6.63247270220757,2.711189583492423
5595,training,0,0.024118633940815922,0.11852763989896614,22.744811113818603,6.6406876492036915,2.716423526049506
5596,training,0,0.006295297294855118,0.11852763989896614,22.708311745474006,6.657043544959129,2.71977032816422
5597,training,0,0.010373827069997787,0.08657381540051799,22.67186619130178,6.673405234251893,2.719785944887826
5598,training,0,0.017642411403357983,0.08657381540051799,22.653731191344363,6.6815459290613175,2.718937239575143
5599,training,0.004637057,0.05023152381181717,0.08657381540051799,22.580808760156863,6.7144117375090575,2.7176499845296274
5600,training,0,0.030170137062668804,0.08657381540051799,22.562603488202846,6.722647454220957,2.7145487600094325
5601,training,0,0.02394139114767313,0.08657381540051799,22.526201843417947,6.739374535213801,2.7076009698680767
5602,training,0.001492611,0.060812946408987045,0.08657381540051799,22.471903905193702,6.76466468676043,2.7031758114813846
5603,training,0,0.03949573077261448,0.0610728560582072,22.453814176349603,6.773172712889042,2.6996789426320214
5604,training,0,0.019016471225768328,0.0610728560582072,22.4176635800714,6.790467932433193,2.6919859876811887
5605,training,0.0020143888,0.05835907906293869,0.0610728560582072,22.381675323596497,6.8078802459864995,2.6900455745955996
5606,training,0,0.026905659586191177,0.0610728560582072,22.34574480735127,6.825430199126119,2.682546428132034
5607,training,0,0.007815743098035455,0.0610728560582072,22.309934265214984,6.843248752567218,2.678141181793184
5608,training,0,0.03202205337584019,0.0610728560582072,22.292034805011163,6.852196363763503,2.677902827803582
5609,training,0,0.03074038401246071,0.04656200922137369,22.238520825652365,6.879128453641179,2.671665694397472
5610,training,0,0.013957632705569267,0.04656200922137369,22.22071293201379,6.888166144083083,2.6725426271220885
5611,training,0,0.03062807396054268,0.04656200922137369,22.185102481636243,6.906155662502532,2.674164644233095
5612,training,0.0062861657,0.06532327644526958,0.04656200922137369,22.13156533594858,6.93303946106334,2.679452963105884
5613,training,0,0.045225635170936584,0.04656200922137369,22.09582375261925,6.950727784437715,2.6833296002079092
5614,training,0.0047543943,0.07072334736585617,0.04656200922137369,22.05993449554283,6.968321311306615,2.6883261896369532
5615,training,0.00582521,0.11198538541793823,0.023874048521151978,22.00603604555976,6.994154283974527,2.70064889662763
5616,training,0.0028107006,0.0883328728377819,0.023874048521151978,21.969846444281295,7.011041399964107,2.709485909152879
5617,training,0.002706388,0.06118948757648468,0.023874048521151978,21.9517208408767,7.01935326997079,2.7133073371840304
5618,training,0.0030216018,0.08164451830089092,0.023874048521151978,21.89723537329883,7.043989381000449,2.7179474624811015
5619,training,0.0027118067,0.05997598357498646,0.023874048521151978,21.860754531137783,7.060449387918304,2.7168608365674434
5620,training,0.007869128,0.0990343112498522,0.003993120663220732,21.806240175219948,7.085139981188606,2.7146712607512966
5621,training,0.0028795137,0.1298731043934822,0.003993120663220732,21.76979655076944,7.101695244073921,2.716779391907857
5622,training,0.0047267014,0.16336479038000107,0.003993120663220732,21.73340390595806,7.117984931064222,2.725616672201206
5623,training,0.001752065,0.12186893075704575,0.003993120663220732,21.6969045972583,7.133940934755224,2.7327089016727046
5624,training,0.0042336127,0.12437492981553078,0.003993120663220732,21.66018004226408,7.149707876330119,2.7390189322586473
5625,training,0.007217852,0.17426723986864087,0.003993120663220732,21.623455684188542,7.165272863715241,2.740208013477938
5626,training,0.0055058366,0.11626702919602394,0.028721828054348315,21.60505141587608,7.173094084216887,2.738874017717086
5627,training,0.0027002646,0.0807337909936905,0.028721828054348315,21.56822034192785,7.188862262652847,2.7348601503449856
5628,training,0.010094095,0.12121365964412689,0.028721828054348315,21.531622887002232,7.204735746896644,2.728281865713167
5629,training,0.004268368,0.12030297517776492,0.028721828054348315,21.51331573387005,7.212815356023349,2.7230709501469974
5630,training,0.004491579,0.13109827041625977,0.028721828054348315,21.47676964865876,7.22932523453545,2.711508809958864
5631,training,0.007870849,0.12351791560649872,0.028721828054348315,21.4405190430655,7.246187689708267,2.699956640675572
5632,training,0.0065066647,0.05871199816465378,0.028721828054348315,21.404401640299415,7.263552362182209,2.686902078652648
5633,training,0.0045408253,0.14727610349655154,0.05399399934071855,21.368528948433966,7.281302024519903,2.677750595948688
5634,training,0.0061201835,0.08731609396636486,0.05399399934071855,21.332839170781142,7.299307660301942,2.6708021501469066
5635,training,0.0060794437,0.07788976840674877,0.05399399934071855,21.29723623797216,7.317514274259245,2.6680142420521356
5636,training,0.0063235145,0.16435581073164937,0.05399399934071855,21.26164555618363,7.335746941742735,2.6684171973003665
5637,training,0.0040072114,0.16153944097459316,0.05399399934071855,21.22612407641168,7.3539177373770475,2.669919478230747
5638,training,0.00097440806,0.20712846145033836,0.05399399934071855,21.190526301527452,7.371953746423665,2.6754899923990725
5639,training,0.0022214204,0.139809375628829,0.059613023609984064,21.154847645598505,7.389769710728969,2.680308501693735
5640,training,0.0025585624,0.12627452053129673,0.059613023609984064,21.10111008844986,7.416243032115997,2.688183949034205
5641,training,0.0100162,0.2169671468436718,0.059613023609984064,21.06522425079459,7.433588528882868,2.6931563951198294
5642,training,0.0054643964,0.1867488194257021,0.059613023609984064,21.029164699255126,7.450878535050413,2.69560920095248
5643,training,0.0010907969,0.1642215084284544,0.059613023609984064,20.99312570699264,7.46804424567011,2.698157674606792
5644,training,0.0018684486,0.19466699846088883,0.07927209318381895,20.957102514255027,7.48514709362087,2.69706792153525
5645,training,0.010675197,0.13266138173639774,0.07927209318381895,20.921014194031507,7.502379330768901,2.694729213954715
5646,training,0.006733834,0.11622894555330274,0.07927209318381895,20.902984401777072,7.511035763477118,2.692598321523275
5647,training,0.0030969018,0.12079311907291415,0.07927209318381895,20.849097417817685,7.537427436595877,2.6784280321650002
5648,training,0.0036327343,0.07234396785497665,0.07927209318381895,20.813408323866188,7.555481297929777,2.667421497324433
5649,training,0.0068017747,0.09509487450122833,0.07927209318381895,20.79558081575819,7.564713781555218,2.6597068056647615
5650,training,0.0033936596,0.06205369532108307,0.07927209318381895,20.742753626636116,7.593279809168052,2.6321090059984096
5651,training,0.002648319,0.10162375867366794,0.08955070413327551,20.707884038598937,7.6130873526111165,2.617969249942784
5652,training,0,0.03762722015380861,0.08955070413327551,20.6905607473235,7.6231676977455285,2.6106395074703075
5653,training,0,0.02002899721264839,0.08955070413327551,20.656231948731893,7.643663263172048,2.596583313673845
5654,training,0.003552468,0.08241070434451103,0.08955070413327551,20.622098265784203,7.664635957164822,2.5847184496271662
5655,training,0,0.0395103320479393,0.08955070413327551,20.588168963970407,7.686037022868987,2.5729385607061395
5656,training,0,0.03543114848434925,0.08955070413327551,20.554641723178168,7.70763857824967,2.5660823824965844
5657,training,0,0.0447248611599207,0.07722849756295957,20.537852298810684,7.718548872184904,2.5645223940604973
5658,training,0,0.022443529218435287,0.07722849756295957,20.50429071195594,7.740468009505038,2.561232307903653
5659,training,0.0024487996,0.07178903557360172,0.07722849756295957,20.454259562677667,7.773323135139459,2.559996823577425
5660,training,0,0.043001895770430565,0.07722849756295957,20.437494810590284,7.784342787221052,2.5604299942375652
5661,training,0.0044116313,0.05437319353222847,0.07722849756295957,20.38744764282529,7.817042612023804,2.567216162576851
5662,training,0.006057372,0.09143589809536934,0.07722849756295957,20.35378591069644,7.838635561501347,2.5757465625619504
5663,training,0,0.037130165845155716,0.05885332641515632,20.3199982905811,7.859918596586279,2.582667947696418
5664,training,0.002296918,0.06290958262979984,0.05885332641515632,20.286158499102708,7.88095323676525,2.5869515914002514
5665,training,0,0.04047817364335061,0.05885332641515632,20.252085433817243,7.902020502446159,2.5873211602611814
5666,training,0,0.030360892415046692,0.05885332641515632,20.21820229291575,7.923031087292748,2.585782153092515
5667,training,0,0.036273468285799026,0.05885332641515632,20.18423135561493,7.944133656348445,2.585467108714757
5668,training,0,0.02620398998260498,0.05885332641515632,20.167201036577445,7.954723192197993,2.584674926726813
5669,training,0,0.00662655383348465,0.04228887858924648,20.116467690294765,7.986418466996529,2.5822858949470247
5670,training,0,0.005165679380297661,0.04228887858924648,20.099498199197857,7.997042564882121,2.5819013474968067
5671,training,0,0.026134569197893136,0.04228887858924648,20.065583534174873,8.018324439896466,2.579640640012397
5672,training,0,0.02280154824256897,0.04228887858924648,20.03186649469432,8.039572593725829,2.5786626796600864
5673,training,0,0.041711658239364624,0.04228887858924648,19.997985609049014,8.060964417925817,2.5779424849463126
5674,training,0,0.011918669566512106,0.04228887858924648,19.96426771196083,8.08231635217106,2.5761891180704763
5675,training,0,0.004475459456443787,0.029921682853013214,19.93055454621509,8.103704463043389,2.5760827935197814
5676,training,0,0.018328913487493992,0.029921682853013214,19.89673575890993,8.12517446364012,2.5748731516365484
5677,training,0,0.007004035636782646,0.029921682853013214,19.86311247916646,8.146587471408127,2.574051244183369
5678,training,0,0.010899821296334265,0.029921682853013214,19.82936025688249,8.168101280545066,2.574021586910394
5679,training,0,0.0325029082596302,0.029921682853013214,19.795648158483804,8.189611602205005,2.5726529339569613
5680,training,0,0.028266973793506622,0.029921682853013214,19.762058836332763,8.21107592692051,2.5730942521561757
5681,training,0,0.020984597504138947,0.008928872399456122,19.728266418609298,8.232649504447783,2.573242645285596
5682,training,0,0.02934340387582779,0.008928872399456122,19.694682908990124,8.25411211374078,2.572863753663669
5683,training,0.0015753155,0.05806135758757591,0.008928872399456122,19.64407211980006,8.286393567564627,2.5744858474113603
5684,training,0,0.011235453188419335,0.008928872399456122,19.610449684874737,8.3077825455005,2.5758482856733007
5685,training,0,0.037132617086172104,0.008928872399456122,19.593627115478416,8.31840604702975,2.581229261245614
5686,training,0,0.006385426968336112,0.008928872399456122,19.559620762816653,8.339466054347087,2.592980440196374
5687,training,0,0.006497073918581016,0.011511496662323463,19.525525886148984,8.360076124762255,2.6028791793527852
5688,training,0,0.044899484841153026,0.011511496662323463,19.491207414262025,8.380308997860244,2.614622334443401
5689,training,0,0.028169525787234306,0.011511496662323463,19.45657614356995,8.400223185037085,2.6237506156306565
5690,training,0,0.049917154014110565,0.011511496662323463,19.404419572144633,8.429477406622711,2.637861923221931
5691,training,0,0.03577113337814808,0.011511496662323463,19.386879505396713,8.439082052890457,2.643148913181065
5692,training,0.0027451734,0.06477214023470879,0.011511496662323463,19.33418525823553,8.467328790747985,2.656272349359782
5693,training,0.008758766,0.09268972277641296,0.007881962784021283,19.298781178732984,8.485690347524818,2.6707847167479795
5694,training,0.004336334,0.09735259029548615,0.007881962784021283,19.263196003664813,8.503465039656465,2.687222953801156
5695,training,0.039649397,0.09737155213952065,0.007881962784021283,19.227258990006842,8.52059053150005,2.7056614699430424
5696,training,0,0.04307912290096283,0.007881962784021283,19.190997277122257,8.537174539597988,2.7165616494926472
5697,training,0,0.034565702080726624,0.007881962784021283,19.154516196621767,8.553610461695433,2.719489038865901
5698,training,0.0015365165,0.09853135235607624,0.007881962784021283,19.118056252170533,8.569913855110899,2.7221367752529755
5699,training,0.0056942273,0.05673707090318203,0.012186788086498226,19.081648189224914,8.586167763391282,2.720372626044339
5700,training,0.003004151,0.05308867059648037,0.012186788086498226,19.026905083658942,8.61080398446731,2.71687590378055
5701,training,0.00582502,0.11416496150195599,0.012186788086498226,18.9723957624404,8.635623396948002,2.7116651099778193
5702,training,0.0083218925,0.09657623991370201,0.012186788086498226,18.93605733931138,8.65216711460752,2.7179986270141545
5703,training,0.007939808,0.10547805577516557,0.012186788086498226,18.917928734187328,8.660294867393786,2.720793375856421
5704,training,0.0075248177,0.07228645496070385,0.024630706228330194,18.881443074589498,8.676574359646809,2.720297710935874
5705,training,0,0.02216341346502304,0.024630706228330194,18.863152341273125,8.684794821517157,2.7170865811793785
5706,training,0,0.026697732508182526,0.024630706228330194,18.82676802276232,8.701441059385324,2.7056393349984442
5707,training,0,0.01510467380285263,0.024630706228330194,18.790629155891025,8.71862521391932,2.6900908231841925
5708,training,0,0.022137455642223372,0.024630706228330194,18.75468303970999,8.736314480107527,2.679394409893328
5709,training,0,0.030046934261918068,0.024630706228330194,18.736767031206536,8.745284440577503,2.6756580848028126
5710,training,0.006506072,0.05378376506268978,0.024630706228330194,18.683350178151525,8.772569565596688,2.6639066468000654
5711,training,0.0025956768,0.07641054317355156,0.04408679377875902,18.647873451871597,8.790994261693251,2.66156171468093
5712,training,0.0011717186,0.09397956170141697,0.04408679377875902,18.612503859317272,8.80946542489652,2.658843857710316
5713,training,0.009877069,0.10535846650600433,0.04408679377875902,18.559297916863677,8.837149327959319,2.6685454959438664
5714,training,0.0079897875,0.11022860556840897,0.04408679377875902,18.50588394527372,8.863962713722811,2.6859201035696794
5715,training,0.010156622,0.0874234065413475,0.04408679377875902,18.45197574418933,8.889687769993804,2.7050569161169995
5716,training,0.0038386239,0.06702240370213985,0.044569949821876835,18.415742614061582,8.90644276808716,2.711714358807278
5717,training,0.0021381464,0.08107841014862059,0.044569949821876835,18.397618467869748,8.914711325212307,2.7135489691698877
5718,training,0.0060366425,0.08531718701124191,0.044569949821876835,18.361336463936794,8.93129252855094,2.7106857069508727
5719,training,0,0.025025336071848862,0.044569949821876835,18.343239441697577,8.939641678439708,2.707472886132942
5720,training,0,0.0035414434969425167,0.044569949821876835,18.3250766204394,8.948099849898622,2.704100287399987
5721,training,0.0032657366,0.08771432004868984,0.044569949821876835,18.28886939079792,8.965140421040392,2.6996727183339004
5722,training,0.0036821165,0.05378153547644615,0.044569949821876835,18.234808072777803,8.990912462743466,2.6935631900070196
5723,training,0.0038869688,0.11871230415999888,0.06759153389636953,18.19877824022327,9.008270149986815,2.6926097733884
5724,training,0.0024838941,0.1496235616505146,0.06759153389636953,18.1629444073955,9.025491495189332,2.6945632734399476
5725,training,0.001279113,0.08029302954673767,0.06759153389636953,18.108783360797332,9.051121021837282,2.7057432188548396
5726,training,0.0051377183,0.1132563054561615,0.06759153389636953,18.090676190908315,9.0595082423352,2.709563366536377
5727,training,0.0075901723,0.0879299808293581,0.06759153389636953,18.036258813270205,9.08447290903264,2.711745423126775
5728,training,0,0.028259679675102248,0.08134501990229491,18.01810635674333,9.092784401733443,2.7122868416875847
5729,training,0.009106854,0.10411514341831207,0.08134501990229491,17.98184872001374,9.109426690062955,2.707586059802019
5730,training,0,0.04809977114200592,0.08134501990229491,17.963726137154655,9.117872105515843,2.702916186617952
5731,training,0,0.04001155495643616,0.08134501990229491,17.927525445104212,9.135069909157576,2.693661125735834
5732,training,0.0025454974,0.0951350424438715,0.08134501990229491,17.891528802743625,9.15251231309441,2.6867945636939985
5733,training,0,0.03874579630792141,0.08134501990229491,17.85568391754706,9.170228383148702,2.6784298470783297
5734,training,0,0.014533938840031617,0.08134501990229491,17.837808813830975,9.179183539336899,2.6757672284116514
5735,training,0.006255836,0.05082785338163377,0.08674990347570811,17.766554025461907,9.215473590070454,2.6637327560912283
5736,training,0,0.01587522029876709,0.08674990347570811,17.7488027579115,9.224711876290106,2.659361281719818
5737,training,0.0044399076,0.05395575240254402,0.08674990347570811,17.713410509255556,9.243493798859086,2.6468134094888387
5738,training,0,0.017992295324802406,0.08674990347570811,17.678325253519926,9.262783460695806,2.6309126289796634
5739,training,0.011295629,0.052207933738827705,0.08674990347570811,17.64355196921528,9.282547835761628,2.619455016397299
5740,training,0.0032788618,0.061264390125870705,0.08674990347570811,17.608882261932518,9.302683669758544,2.6117387415982734
5741,training,0,0.028016280382871628,0.0421733037043422,17.5744991582978,9.32297353351247,2.606629523484409
5742,training,0.0026683768,0.07207688316702841,0.0421733037043422,17.540135413643867,9.343322252014955,2.6076571606773453
5743,training,0.0017723761,0.09211548045277596,0.0421733037043422,17.48851051609771,9.373835683639932,2.6066734354738808
5744,training,0.00549243,0.11930419504642488,0.0421733037043422,17.454169550768654,9.394199896531074,2.604751086072197
5745,training,0.0035474037,0.09529532119631769,0.0421733037043422,17.41980942692311,9.414745424335868,2.5993993878173898
5746,training,0.0016990176,0.12684528343379498,0.011821428683892177,17.385659892138356,9.435431757306697,2.5955766141550707
5747,training,0.0039807037,0.11785304546356201,0.011821428683892177,17.3685870078118,9.445806171498955,2.5953297102144584
5748,training,0.0013482922,0.162879204377532,0.011821428683892177,17.33439557439957,9.466600861718128,2.594280003399459
5749,training,0.0037888805,0.15743891336023808,0.011821428683892177,17.300327813268616,9.48736770254981,2.594238566188989
5750,training,0.0082772365,0.14050820469856262,0.011821428683892177,17.266165852158263,9.508150092001667,2.595778388401095
5751,training,0.0044589527,0.18104228377342224,0.011821428683892177,17.231997125721144,9.528875501739305,2.596543585300889
5752,training,0.009347163,0.14952682517468927,0.011821428683892177,17.19788037922379,9.549478531270918,2.600072937780115
5753,training,0.0039467923,0.14507641084492207,0.0481426628271375,17.163536601303544,9.57002486459288,2.604702021812943
5754,training,0.02836521,0.13709610328078273,0.0481426628271375,17.129255715292988,9.590322079754609,2.6097930726986327
5755,training,0.002753184,0.14755523949861524,0.0481426628271375,17.09479231522209,9.61043608433248,2.6168204743393537
5756,training,0.004299355,0.15632279589772222,0.0481426628271375,17.060177328529033,9.630343894266574,2.62161998795649
5757,training,0.0015471373,0.14528962783515453,0.0481426628271375,17.02552127324265,9.6500592405482,2.6269853580236933
5758,training,0.0033454625,0.14833986014127734,0.0481426628271375,16.990661311779096,9.669636603694807,2.6322629486501827
5759,training,0.00444392,0.17730900831520557,0.08151468644246009,16.955796783677922,9.689058009659494,2.634004505844903
5760,training,0.004479397,0.22745020873844624,0.08151468644246009,16.920895520110697,9.708406200806184,2.6357872217443825
5761,training,0.0016622683,0.2728006895631552,0.08151468644246009,16.885950273047868,9.727797970535146,2.6324497324648566
5762,training,0.004318417,0.292618690058589,0.08151468644246009,16.851096176557558,9.747363623774893,2.6274649465359485
5763,training,0.003714024,0.30066340416669846,0.08151468644246009,16.81628479659754,9.767137988459403,2.6219307275428405
5764,training,0.006439029,0.26651901565492153,0.08151468644246009,16.781641220455448,9.787163675945212,2.612347320883116
5765,training,0.004595806,0.29106131568551064,0.11318011894248584,16.74724301099477,9.807437320339607,2.606522984137753
5766,training,0.0065206885,0.3132789395749569,0.11318011894248584,16.712952866201622,9.827241924255228,2.6409423606594356
5767,training,0.005532156,0.31516157835721964,0.11318011894248584,16.677764636493897,9.845292997854884,2.696090546875294
5768,training,0.0045035183,0.2267738692462444,0.11318011894248584,16.64169027431145,9.861230566738563,2.754365437614344
5769,training,0.0016874523,0.18691394478082657,0.11318011894248584,16.604826264741614,9.875138639179111,2.8055557092678516
5770,training,0.0030013276,0.14942957274615765,0.11318011894248584,16.56693925117879,9.887529374152598,2.843098331128987
5771,training,0.00038845086,0.14186474680900574,0.12790319502903919,16.528864621718103,9.898596309969008,2.8738568647384777
5772,training,0.0024451632,0.0809772703796625,0.12790319502903919,16.470912959241044,9.913244488362158,2.9129438687406335
5773,training,0.01553085,0.06963280774652957,0.12790319502903919,16.412634289416967,9.92604777414526,2.9362429718656116
5774,training,0.007809215,0.10987361520528795,0.12790319502903919,16.373440302196975,9.933903300109524,2.9511733787486643
5775,training,0.018552918,0.14344993978738785,0.12790319502903919,16.314703704864854,9.944658590236797,2.9703373627127743
5776,training,0.0029127062,0.13335588946938515,0.09711470759003979,16.275308743949502,9.95117115833677,2.9849519368429482
5777,training,0.008606087,0.10178735852241516,0.09711470759003979,16.235927234257822,9.95712732566783,2.9984440227598874
5778,training,0,0.013119997456669807,0.09711470759003979,16.2162098866145,9.959884611141181,3.006419122263624
5779,training,0,0.0013228505849838222,0.09711470759003979,16.176429352314617,9.964960734320117,3.0219922108340382
5780,training,0,0.01157809235155582,0.09711470759003979,16.156515505548512,9.967367121665314,3.0200398041559926
5781,training,0,0.0017554871737957,0.09711470759003979,16.13662965291059,9.969823405244655,3.0171578673829478
5782,training,0,0.020512284711003304,0.09711470759003979,16.096956348894146,9.974878036313344,3.0132238232629054
5783,training,0,0.04559258930385113,0.096151612815112,16.057326534044048,9.980069821706062,3.0074928777702628
5784,training,0,0.03199469484388828,0.096151612815112,16.0176538209276,9.985625056426898,2.9968879041322634
5785,training,0,0.03955054096877575,0.096151612815112,15.99787187796606,9.98855240731237,2.9929087636632055
5786,training,0,0.0018762350082397426,0.096151612815112,15.958328336606092,9.994606732207327,2.9851773007874525
5787,training,0,0.037661646492779255,0.096151612815112,15.918768193436327,10.000989117936676,2.9808552574202385
5788,training,0.0076253605,0.06322450190782547,0.096151612815112,15.859585919855471,10.010478772997082,2.9814017952147065
5789,training,0.004259532,0.05919854901731014,0.06044116127810053,15.800447513838453,10.020272785563778,2.9729558250430945
5790,training,0.0036355339,0.08398442342877388,0.06044116127810053,15.74133314728659,10.030524898756076,2.9669610114073532
5791,training,0.0038377915,0.074019780382514,0.06044116127810053,15.702035603856817,10.037531835676354,2.962215274659046
5792,training,0.0062060524,0.06858863634988666,0.06044116127810053,15.643016455661247,10.048491872078412,2.9529988519065298
5793,training,0.0071528666,0.0811286736279726,0.004302480841081413,15.603769223366138,10.05607355890712,2.9496926042420526
5794,training,0.0024803479,0.08259060047566891,0.004302480841081413,15.56450312074076,10.06361946600955,2.95709743395789
5795,training,0.002306112,0.10435589589178562,0.004302480841081413,15.525290321309612,10.070701978359835,2.9688071307098043
5796,training,0.005647882,0.15000855922698975,0.004302480841081413,15.50567200704758,10.074047410660967,2.9762411479076696
5797,training,0.0031848138,0.09832923859357834,0.004302480841081413,15.44661766753718,10.083214778486326,2.997251998244534
5798,training,0,0.04133597016334534,0.004302480841081413,15.426837765645432,10.086066318970351,2.998589793170628
5799,training,0.003060928,0.055209994316101074,0.004302480841081413,15.387373965599547,10.091768408925585,2.9954757974736697
5800,training,0,0.03430146723985672,0.013994048029551828,15.347830689661114,10.097701954791539,2.988384229010722
5801,training,0,0.03000081330537796,0.013994048029551828,15.328063647962269,10.100794368632624,2.9845993216658355
5802,training,0.0026965037,0.05972323194146156,0.013994048029551828,15.288596239667116,10.107136413266877,2.98013755340097
5803,training,0.0029518618,0.0872782301157713,0.013994048029551828,15.229416682963091,10.116932454595217,2.9742235760754614
5804,training,0,0.02141549065709114,0.013994048029551828,15.209697904192602,10.120274780959662,2.9730159919670847
5805,training,0.0006254301,0.10044154897332191,0.013994048029551828,15.170306373518198,10.12701232723487,2.9703156441650864
5806,training,0,0.028992438688874245,0.013994048029551828,15.150555700425858,10.13045297622887,2.9674981260854985
5807,training,0,0.020658791065216064,0.017274528492325615,15.11122937200895,10.137527330000419,2.95969362334437
5808,training,0,0.015741974115371704,0.017274528492325615,15.071944301102526,10.144890234626866,2.9524842052998004
5809,training,0,0.01254427433013916,0.017274528492325615,15.032637561321337,10.152589490981345,2.942478458311406
5810,training,0,0.0029360689222812653,0.017274528492325615,14.993494266279551,10.160731214735533,2.9307522045415673
5811,training,0,0.031195424497127533,0.017274528492325615,14.97394106849319,10.164965283480596,2.9259650519880127
5812,training,0,0.006608802825212486,0.017274528492325615,14.934756477892888,10.173748227004387,2.9151668744785133
5813,training,0,0.04403999447822571,0.012739677222660877,14.895901989012268,10.182960629741661,2.902526382811372
5814,training,0,0.012402646243572235,0.012739677222660877,14.857010547638906,10.192694792094997,2.889391923263997
5815,training,0,0.01679842174053192,0.012739677222660877,14.818149452172015,10.20302795901259,2.872447012672163
5816,training,0,0.048580773174762726,0.012739677222660877,14.779738652006882,10.213994967215138,2.855030447797908
5817,training,0.004355184,0.06135544180870059,0.012739677222660877,14.722078247560912,10.231735325128025,2.8316992024361154
5818,training,0,0.00638224184513092,0.012739677222660877,14.684179499779816,10.244145604283785,2.818829702891604
5819,training,0,0.029431909322738634,0.0035133057649483043,14.646141073514222,10.257183867600162,2.803486736659807
5820,training,0.0037496442,0.056794404983520536,0.0035133057649483043,14.608482866547492,10.270784422324253,2.7860245085960047
5821,training,0,0.02292240411043167,0.0035133057649483043,14.589780652755179,10.277829719485064,2.7764191455584664
5822,training,0,0.017585627734661102,0.0035133057649483043,14.552351878138092,10.292564646058551,2.7556228530141604
5823,training,0,0.044648364186286954,0.0035133057649483043,14.515347077111828,10.308050487186668,2.7350257708559096
5824,training,0,0.04888595640659332,0.0035133057649483043,14.478761683987868,10.324268552323613,2.7137609570883536
5825,training,0,0.04228785634040835,0.055443430021334325,14.4423597875151,10.341303982463282,2.6943663753428995
5826,training,0,0.02775527536869049,0.055443430021334325,14.406410664441944,10.358950087671074,2.6748727333095568
5827,training,0,0.037281595170497894,0.055443430021334325,14.370736025534073,10.377423719024167,2.6523168219225473
5828,training,0.0028041345,0.10770148038864136,0.055443430021334325,14.318041588110475,10.406461562809218,2.624941337455049
5829,training,0,0.02803924679756163,0.055443430021334325,14.283423908242668,10.42649890951275,2.6101814695258874
5830,training,0.0037741242,0.07275001704692843,0.055443430021334325,14.249064887823161,10.446944064301226,2.5992212370879884
5831,training,0.013585235,0.09693287685513496,0.09111967802819088,14.214850556240117,10.467815370584908,2.587567498600537
5832,training,0.0030003702,0.09044876694679257,0.09111967802819088,14.18097815127021,10.489015034955084,2.57786600107147
5833,training,0.045505587,0.11443845182657242,0.09111967802819088,14.147200503465967,10.51057082647357,2.5689342238197996
5834,training,0.006645994,0.05203015357255936,0.09111967802819088,14.113647621002867,10.532463055908474,2.557437255046678
5835,training,0.012872103,0.0994541347026825,0.09111967802819088,14.08047702351477,10.554660810706496,2.5455940967472084
5836,training,0,0.024298682808876038,0.09111967802819088,14.047345705176195,10.577457564427592,2.531659532200596
5837,training,0.0018854386,0.09061862528324124,0.05803298779073214,14.014753985677057,10.6006602644278,2.5141067050981207
5838,training,0.0059847194,0.05598501861095431,0.05803298779073214,13.982515501523014,10.62449777395786,2.4952247087247534
5839,training,0,0.047509580850601196,0.05803298779073214,13.966471517931977,10.636732258313147,2.484688862834117
5840,training,0.008155465,0.05765683948993683,0.05803298779073214,13.919518165118339,10.674205225480964,2.4508099876416685
5841,training,0,0.032740842550992966,0.05803298779073214,13.888767988253353,10.700151487488098,2.431337026233447
5842,training,0,0.006436090916395194,0.05803298779073214,13.85859708824162,10.72643544357387,2.418348544354829
5843,training,0,0.031064290553331375,0.05803298779073214,13.843681601165992,10.739669631701183,2.413515278612668
5844,training,0,0.006186328828334801,0.02646720273927259,13.813856867223631,10.766488513100517,2.4049230920016678
5845,training,0,0.019814453087747097,0.02646720273927259,13.784322217433568,10.793448498300455,2.3981010197517008
5846,training,0,0.02161913551390171,0.02646720273927259,13.755044131902217,10.820546072618287,2.3935161328976653
5847,training,0,0.017049280926585197,0.02646720273927259,13.72564620148713,10.84778825839324,2.396684616356783
5848,training,0,0.04054265469312668,0.02646720273927259,13.696288837393089,10.87468081768219,2.4004839882755693
5849,training,0,0.0037790127098560333,0.02646720273927259,13.666790564917413,10.901740441822643,2.396069340570053
5850,training,0,0.006826110649853944,0.02646720273927259,13.637449333115446,10.929027464471762,2.389100755601057
5851,training,0,0.03607708215713501,0.004705910342800124,13.608449235769621,10.956371480800604,2.382889092152219
5852,training,0.031816278,0.050060249865055084,0.004705910342800124,13.550659495117937,11.011689703650594,2.3713556501896558
5853,training,0,0.015570494811981916,0.004705910342800124,13.536352614505713,11.025628490848465,2.366148723684463
5854,training,0,0.018854007124900818,0.004705910342800124,13.507846341325953,11.05385358212771,2.3581054131286603
5855,training,0,0.03309047222137451,0.004705910342800124,13.479509123160824,11.081812827623704,2.371445050475701
5856,training,0,0.004969000816345229,0.004705910342800124,13.465211162952029,11.095539418392052,2.382546745620044
5857,training,0,0.01591268926858902,0.004705910342800124,13.421074106238036,11.136023866161459,2.4130440312060895
5858,training,0,0.03908686526119709,0.008545273578725523,13.406246046325517,11.14916701161672,2.417823932919162
5859,training,0,0.03719199821352959,0.008545273578725523,13.376289163465133,11.175461651765918,2.423655093529444
5860,training,0,0.0391005575656891,0.008545273578725523,13.346023210155373,11.201783138828123,2.4284892279254455
5861,training,0,0.02834569662809372,0.008545273578725523,13.315861339917012,11.227700114086405,2.434613779039187
5862,training,0,0.040619414299726486,0.008545273578725523,13.285381896329403,11.253554975246736,2.44221430354282
5863,training,0,0.032573401927948,0.008545273578725523,13.254634598747137,11.279180049435356,2.4528626048933235
5864,training,0.001232703,0.09151387214660645,0.008545273578725523,13.208154214792714,11.316689999602568,2.472877283640015
5865,training,0.010461593,0.13203324377536774,0.014282595205091467,13.176583502268548,11.341309234586685,2.486770803046153
5866,training,0,0.026087887585163103,0.014282595205091467,13.144918259528376,11.365267121694554,2.500549994939608
5867,training,0,0.04285892099142076,0.014282595205091467,13.112674262374682,11.388930308878864,2.5169497806177703
5868,training,0.002810763,0.108888179063797,0.014282595205091467,13.080188953296641,11.411976387940165,2.532474848695932
5869,training,0.0025942908,0.0919658616185188,0.014282595205091467,13.047359050837384,11.434475826620924,2.5487021879935576
5870,training,0.0071166223,0.09335983544588086,0.014282595205091467,13.01405218052885,11.45655578502857,2.5635788546044753
5871,training,0.003950616,0.0716705396771431,0.014282595205091467,12.980572344527333,11.477997037675848,2.5811957615989027
5872,training,0.0063801478,0.08222769200801847,0.021698297681570288,12.946584723590652,11.498891825729512,2.599020048583733
5873,training,0,0.04751451313495633,0.021698297681570288,12.912320448131739,11.519177025422561,2.615159731279514
5874,training,0,0.006911508738994598,0.021698297681570288,12.877740231415716,11.538801875719038,2.635995688401171
5875,training,0,0.016246065497398363,0.021698297681570288,12.86025017402181,11.548361687848478,2.6468653846836876
5876,training,0.0025863745,0.0590532496571541,0.021698297681570288,12.807281264675462,11.576007505771788,2.672805901643822
5877,training,0.007669337,0.06808093935251233,0.021698297681570288,12.771593775777275,11.59369790365786,2.6892620990437823
5878,training,0,0.0339544340968132,0.0027209407703052556,12.735706079665842,11.610845511007271,2.70247977999083
5879,training,0,0.016139328479766846,0.0027209407703052556,12.699423802243453,11.627565287471965,2.7175047683994538
5880,training,0.005502076,0.053979095071554184,0.0027209407703052556,12.663088971639084,11.643662332972017,2.7303102137056783
5881,training,0.0025493293,0.0634676069021225,0.0027209407703052556,12.626380328455523,11.659435309443033,2.741037853968425
5882,training,0,0.029817342758178725,0.0027209407703052556,12.589510300093247,11.674798856386666,2.7525406504575693
5883,training,0,0.012811925262212753,0.0027209407703052556,12.571140983105398,11.682275211750854,2.7572378119140506
5884,training,0,0.043296828866004944,0.039783905099791246,12.534042588335433,11.697080265140078,2.7662612914309554
5885,training,0.015009934,0.06604640930891036,0.039783905099791246,12.47821549595157,11.71865515410347,2.7787410493067184
5886,training,0,0.04202330857515334,0.039783905099791246,12.459575553149802,11.725691717621002,2.7823426219955265
5887,training,0.0045326035,0.06370724178850651,0.039783905099791246,12.365812801165962,11.759945344106413,2.799997922221084
5888,training,0.0026677647,0.06367430835962296,0.039783905099791246,12.328024947372661,11.773259966197518,2.8057103924974385
5889,training,0.0009256884,0.08816409483551979,0.06537497135619937,12.271457228865664,11.792813039925683,2.80981959730436
5890,training,0,0.0430182795971632,0.06537497135619937,12.252542826931245,11.799330785896741,2.808576009446667
5891,training,0.008138739,0.09215624071657656,0.06537497135619937,12.195819242626177,11.819224548006503,2.7995060545594126
5892,training,0.003277351,0.08343667909502983,0.06537497135619937,12.158245409259184,11.832721472223538,2.7938961770481545
5893,training,0,0.010868586599826813,0.06537497135619937,12.139389939329352,11.839556290150032,2.7941879478224867
5894,training,0,0.006584934890270233,0.06537497135619937,12.120507915514041,11.846379330698777,2.797253064827588
5895,training,0,0.005854975432157523,0.05556137338153888,12.101776741716082,11.853034677687125,2.8027207333449833
5896,training,0,0.01846940442919731,0.05556137338153888,12.064170013257574,11.86605897404975,2.8131617299232
5897,training,0.0041663847,0.052094874903559685,0.05556137338153888,12.026160320268277,11.878837651188492,2.8215750214243553
5898,training,0,0.0017761923372745514,0.05556137338153888,11.988323515273391,11.891218832110027,2.8289996159751856
5899,training,0,0.01923707500100136,0.05556137338153888,11.950272402815823,11.903347862816862,2.8373253926161492
5900,training,0,0.023210749961435795,0.05556137338153888,11.912013201829193,11.91521627234697,2.844597320866421
5901,training,0,0.005880430340766907,0.05556137338153888,11.89300658732246,11.920990593929528,2.8483187582359073
5902,training,0,0.027918686158955097,0.0677458647013097,11.835492648041669,11.938010982077172,2.859751608099545
5903,training,0,0.023405348882079128,0.0677458647013097,11.816273132344815,11.943543697022438,2.863416067574901
5904,training,0,0.007967337965965271,0.0677458647013097,11.777991127301306,11.954284394319231,2.872476520895613
5905,training,0,0.036557119339704514,0.0677458647013097,11.739361269866281,11.964743773851989,2.8822330257903164
5906,training,0,0.04109000787138939,0.0677458647013097,11.700740131644027,11.974811397658542,2.8906462696021062
5907,training,0,0.015661887824535366,0.0677458647013097,11.662095633232024,11.984524897964876,2.899685523984979
5908,training,0,0.0030148755759000744,0.06523496498714966,11.623191151852108,11.993964264096608,2.9068239133659413
5909,training,0,0.01821698248386383,0.06523496498714966,11.584426158828892,12.003110085154015,2.9126130736296654
5910,training,0,0.013134345412254333,0.06523496498714966,11.545456003045697,12.012079521797604,2.9177143620914063
5911,training,0,0.043442755937576294,0.06523496498714966,11.506478192685835,12.020896489482864,2.919612380104588
5912,training,0,0.037706270813941956,0.06523496498714966,11.467573738821251,12.029613146329444,2.9224390246665166
5913,training,0,0.00932370766531676,0.06523496498714966,11.428461431160773,12.038272615944843,2.924499938939925
5914,training,0,0.04102308861911297,0.023986417378923694,11.389522225247504,12.046846104270035,2.925365256957206
5915,training,0.0014801738,0.07086886093020439,0.023986417378923694,11.330896043390773,12.05960054191143,2.929135538128585
5916,training,0.025896214,0.07006151601672173,0.023986417378923694,11.272419814485549,12.072146588752107,2.932207043775251
5917,training,0.001973753,0.06857233680784702,0.023986417378923694,11.233245407483587,12.08038189563069,2.937091226279421
5918,training,0.0021477318,0.09596035070717335,0.023986417378923694,11.194170443071435,12.088409070204772,2.9405519898551415
5919,training,0,0.026296414434909824,0.010168336991163771,11.174650090938654,12.0923568811383,2.9429454132224158
5920,training,0,0.024287186563014984,0.010168336991163771,11.135403170137879,12.100221651540787,2.943940901855269
5921,training,0,0.03574984520673752,0.010168336991163771,11.096245102356209,12.108107575933728,2.941216520917464
5922,training,0,0.027188331820070744,0.010168336991163771,11.076704695322325,12.112069442416647,2.941795966412163
5923,training,0,0.023284141905605793,0.010168336991163771,11.037485535838362,12.11996859597459,2.9440421646279327
5924,training,0,0.01543823629617691,0.010168336991163771,10.998328404433012,12.127779087792932,2.9448931268471936
5925,training,0.0022475822,0.06485716626048088,0.010168336991163771,10.939543275542547,12.139342570319771,2.9500247531059336
5926,training,0,0.03697165660560132,0.02407752888777143,10.900328442361255,12.146908234316385,2.9507985184986034
5927,training,0,0.016757885925471783,0.02407752888777143,10.861135785496172,12.154462435688187,2.9509032043859897
5928,training,0,0.034080659970641136,0.02407752888777143,10.821833835261256,12.162043509641032,2.9507964327897636
5929,training,0,0.009329967200756073,0.02407752888777143,10.782647397263021,12.169619278510444,2.950740007320889
5930,training,0,0.010474465787410736,0.02407752888777143,10.763068050656027,12.173386520269704,2.9523924378133617
5931,training,0,0.01817606994882226,0.02407752888777143,10.723753758275048,12.180825302044031,2.9564560721562123
5932,training,0,0.0231001740321517,0.0483666663447027,10.684523283963788,12.188131062966939,2.9580527668132452
5933,training,0,0.019368259701877832,0.0483666663447027,10.645264278405879,12.195354334477729,2.961243356519009
5934,training,0,0.02023887820541859,0.0483666663447027,10.6059632429204,12.2024658905422,2.962782037811638
5935,training,0,0.00909722177311778,0.0483666663447027,10.566658014113145,12.209531195408493,2.96476585755228
5936,training,0,0.003365524113178255,0.0483666663447027,10.527276957655298,12.216501604337312,2.968082198598251
5937,training,0,0.015385592356324196,0.0483666663447027,10.487963880189506,12.22335874871428,2.9692980853745237
5938,training,0,0.032286444678902626,0.048798180752874905,10.44862823753538,12.230138360776657,2.972672228694134
5939,training,0,0.029158389195799835,0.048798180752874905,10.389530303632503,12.24008516943946,2.9756665418560404
5940,training,0,0.02533787302672863,0.048798180752874905,10.35014451242601,12.246625985237019,2.9783704591415465
5941,training,0,0.027604917064309113,0.048798180752874905,10.330401577931314,12.249859899495265,2.980102821031192
5942,training,0,0.02926014922559262,0.048798180752874905,10.291012372394876,12.256237326688165,2.981363061008948
5943,training,0,0.029744679108262062,0.048798180752874905,10.25157737356278,12.262550815243728,2.984712872589587
5944,training,0,0.03029176406562329,0.016432890056567888,10.21212835006711,12.268694344674786,2.98846781254953
5945,training,0,0.03766765259206294,0.016432890056567888,10.17263159264641,12.274739129731765,2.990666869677873
5946,training,0,0.00014701485633850098,0.016432890056567888,10.133140506758473,12.280665134903009,2.99473817912351
5947,training,0,0.01707297749817371,0.016432890056567888,10.093673785936783,12.286442721030786,2.9965975712799815
5948,training,0,0.009337350726127625,0.016432890056567888,10.054106294379112,12.292174838517003,2.999019825640189
5949,training,0,0.025674464181065552,0.016432890056567888,10.014549071031464,12.297766338904584,3.0028774547086607
5950,training,0,0.032166531309485435,0.01489634022188722,9.975028919757387,12.303248100799811,3.00459825521999
5951,training,0,0.003913097083568573,0.01489634022188722,9.935443463890639,12.308631641042762,3.008565313259024
5952,training,0,0.04850487597286701,0.01489634022188722,9.89590910187459,12.313840609737486,3.0111691144256114
5953,training,0,0.007519178092479706,0.01489634022188722,9.856233167859054,12.319005313949678,3.0132642968452785
5954,training,0,0.014852222055196762,0.01489634022188722,9.81661050978042,12.324024948281416,3.0175887459029545
5955,training,0,0.0328709464520216,0.01489634022188722,9.777053855133921,12.32891817701263,3.0189941991154083
5956,training,0,0.017770680133253336,0.005639004396289861,9.737356075750082,12.333757895341629,3.021908212885653
5957,training,0.0045067165,0.07148047722876072,0.005639004396289861,9.658049750191552,12.34306506639876,3.026595901501184
5958,training,0,0.025491979904472828,0.005639004396289861,9.638196637822627,12.34533750857689,3.0283667369183576
5959,training,0.0063669854,0.11457595229148866,0.005639004396289861,9.598595129512738,12.34976271514306,3.0309322483302945
5960,training,0.009146126,0.11741911619901658,0.005639004396289861,9.558846699086615,12.354142612704383,3.032726890891127
5961,training,0.0030678667,0.05069098621606827,0.005639004396289861,9.49933890240882,12.360408419789199,3.04052437996575
5962,training,0,0.04975389689207077,0.014019768701303377,9.479515002759994,12.362391084048078,3.0437456819548867
5963,training,0.0026578973,0.052875816822052,0.014019768701303377,9.439679386057197,12.366118414301884,3.053118367672302
5964,training,0,0.04928915947675705,0.014019768701303377,9.400015756139993,12.369404021974505,3.06352710623188
5965,training,0.0031209362,0.05223603546619415,0.014019768701303377,9.340236462824675,12.373725233564544,3.075049427675647
5966,training,0,0.04489858075976373,0.014019768701303377,9.320295067264034,12.375012859036453,3.0792796648673764
5967,training,0,0.042818356305360794,0.014019768701303377,9.280610095752166,12.37734991589203,3.085435052770938
5968,training,0.0022727815,0.05682925507426262,0.02709764382650517,9.240634162200585,12.379489788732442,3.0908402037543246
5969,training,0.00046225794,0.06552638113498689,0.02709764382650517,9.180907616542575,12.382253983337636,3.0985126143320434
5970,training,0.0064634224,0.14132026210427284,0.02709764382650517,9.140906708236727,12.383941932842705,3.100050778665765
5971,training,0.00674326,0.1584769077599049,0.02709764382650517,9.120852470142822,12.384790388335587,3.0979913092122207
5972,training,0.0061626676,0.17064560391008854,0.02709764382650517,9.081033924316483,12.386635923586917,3.0912052784838924
5973,training,0.0034599314,0.14354173466563225,0.02709764382650517,9.041026108278407,12.388810820377591,3.083720873133889
5974,training,0.0024017384,0.0704060960561037,0.04453523252016603,8.98123031816932,12.39241338335375,3.0803598713775315
5975,training,0.0073306523,0.12409539520740509,0.04453523252016603,8.96131716607623,12.393628821140123,3.0813688010181535
5976,training,0.0033258637,0.12009097635746,0.04453523252016603,8.921317707056625,12.395925919111212,3.0888897846342886
5977,training,0.005577363,0.09357731044292453,0.04453523252016603,8.88163245116956,12.397761121492715,3.1015769932657657
5978,training,0.03880997,0.10197821259498596,0.04453523252016603,8.841789854998945,12.399075678865367,3.1158419342392594
5979,training,0.009857195,0.08199462294578552,0.04453523252016603,8.80174922198599,12.399817251612642,3.1312974679442256
5980,training,0.008156306,0.07858855277299881,0.06090874051030088,8.762038664934437,12.39994856720226,-3.1389857097740914
5981,training,0.009797726,0.07816692814230919,0.06090874051030088,8.722007006233612,12.399642726354381,-3.129095328634643
5982,training,0.0053545265,0.05049239844083786,0.06090874051030088,8.682088659375895,12.398979150579255,-3.12101198399428
5983,training,0,0.044385954737663255,0.06090874051030088,8.642239486413827,12.397996415112855,-3.1129206518035497
5984,training,0,0.032019197940826416,0.06090874051030088,8.602131516560988,12.396707843905817,-3.105086075529673
5985,training,0,0.020421721041202545,0.06090874051030088,8.582245038823794,12.395938157459025,-3.1004413818670518
5986,training,0,0.009790044277906425,0.05422018136990108,8.542477840027518,12.39410255843124,-3.090424575826314
5987,training,0,0.014838326722383503,0.05422018136990108,8.502441339224852,12.391856440376925,-3.079776869482877
5988,training,0,0.011727496981620792,0.05422018136990108,8.46275941527518,12.389189215770173,-3.0696074748820315
5989,training,0,0.025449829176068306,0.05422018136990108,8.422922566989417,12.38614511623856,-3.0615746019140575
5990,training,0,0.04398997686803341,0.05422018136990108,8.38299364190105,12.38282632832618,-3.055992304371616
5991,training,0.0036345187,0.050978198647499084,0.05422018136990108,8.323457219538351,12.377449834985107,-3.0474162060157854
5992,training,0,0.04500793293118476,0.04261625187908298,8.283555126518216,12.373604728009465,-3.0441541539017347
5993,training,0.0018630876,0.053150519728660583,0.04261625187908298,8.224079337639292,12.367702310963232,-3.0420246812025225
5994,training,0.0023496721,0.05945373512804508,0.04261625187908298,8.184154475552024,12.363720295614769,-3.0428049093546856
5995,training,0.0021274374,0.06393096037209034,0.04261625187908298,8.164361190781031,12.361753974113874,-3.0425098939250317
5996,training,0.004875348,0.07480723410844803,0.04261625187908298,8.124652827250042,12.357757407622092,-3.039658684682529
5997,training,0,0.0004762783646583557,0.04261625187908298,8.084763892901837,12.353613296927906,-3.0376243735686765
5998,training,0,0.008718769997358322,0.02586309140742424,8.045220999543837,12.349511971769907,-3.0399153708496836
5999,training,0,0.007078656926751137,0.02586309140742424,8.005360354316794,12.345514654754579,-3.0436336392453924
6000,training,0,0.012500116601586342,0.02586309140742424,7.9853580415388405,12.343568871103487,-3.045733617324298
6001,training,0,0.007894905284047127,0.02586309140742424,7.945682834292624,12.33982798363957,-3.0493785634911177
6002,training,0,0.008415969088673595,0.02586309140742424,7.885795375913388,12.334425735947189,-3.0540066259348433
6003,training,0,0.01170056872069836,0.02586309140742424,7.865876669643159,12.33268743797351,-3.055648333017081
6004,training,0,0.02466138079762458,0.005726547848701924,7.8261815738291105,12.329301581185174,-3.0575661376473255
6005,training,0,0.030524335801601417,0.005726547848701924,7.786189432006915,12.325968169328652,-3.059385279515688
6006,training,0,0.025577418506145477,0.005726547848701924,7.746412657984882,12.32272115198469,-3.0608149525199337
6007,training,0,0.042294327169656754,0.005726547848701924,7.706578191146914,12.319502399417564,-3.061209022533674
6008,training,0,0.04470408707857132,0.005726547848701924,7.666562971938321,12.316284520437442,-3.0614285354281385
6009,training,0,0.04092708230018616,0.005726547848701924,7.626899393412962,12.313073519028475,-3.0605866390468135
6010,training,0.0047143498,0.05794626101851463,0.011387880430010003,7.56695087231629,12.308166107855538,-3.0592780922195426
6011,training,0.008566885,0.056864289566874504,0.011387880430010003,7.527300354113778,12.304858767779205,-3.0576731006789877
6012,training,0.009654048,0.05036178231239319,0.011387880430010003,7.487398941648028,12.301466714018762,-3.05611175684512
6013,training,0.0036141484,0.05027300491929055,0.011387880430010003,7.427709754665504,12.296328688031469,-3.0558729224693715
6014,training,0.0037746578,0.055498845875263214,0.011387880430010003,7.407805820881381,12.294616605482238,-3.0559925671035955
6015,training,0,0.03680045157670975,0.011387880430010003,7.367808039505985,12.291193307680981,-3.0566452185278608
6016,training,0,0.04434508085250854,0.019708328846285192,7.3280870794202695,12.287861541503464,-3.0599753945169965
6017,training,0.0053689834,0.06150158867239951,0.019708328846285192,7.288198025474346,12.284663151918013,-3.0632550476128064
6018,training,0,0.032962366938590996,0.019708328846285192,7.248178020474144,12.281599226798068,-3.067513759889776
6019,training,0,0.0450766421854496,0.019708328846285192,7.208432146979327,12.278734904874522,-3.0721488099323677
6020,training,0,0.04225556552410126,0.019708328846285192,7.18844300858359,12.27736170327778,-3.074106588453844
6021,training,0,0.04408980533480644,0.019708328846285192,7.148347422611514,12.274736168286815,-3.0778669842654396
6022,training,0.0055429894,0.058527152985334396,0.02631853223666682,7.088624192511082,12.271038310583144,-3.0817541281186966
6023,training,0.0025832518,0.06624755822122097,0.02631853223666682,7.0485153661645095,12.268679920551042,-3.0833631975256215
6024,training,0,0.0262838052585721,0.02631853223666682,7.008789556207212,12.266340517138318,-3.082071875316694
6025,training,0,0.03763916902244091,0.02631853223666682,6.968805296164008,12.263914895016796,-3.0798533439713753
6026,training,0,0.03432953543961048,0.02631853223666682,6.928898749149236,12.261415495613502,-3.0779271084570823
6027,training,0,0.03827914036810398,0.02631853223666682,6.909029498979405,12.260142202097768,-3.0775462656396027
6028,training,0,0.038901904597878456,0.03235284249579766,6.86907128110068,12.257567334497704,-3.077206155376883
6029,training,0,0.03161466866731644,0.03235284249579766,6.829117930703772,12.254995141067482,-3.077074276640322
6030,training,0,0.04264400340616703,0.03235284249579766,6.789321061000868,12.252418025058892,-3.077021236466115
6031,training,0,0.04599294997751713,0.03235284249579766,6.749265081256478,12.249825181384686,-3.0768151170541023
6032,training,0.004541186,0.0617771428078413,0.03235284249579766,6.689573331682926,12.245904591731614,-3.074977966709428
6033,training,0,0.03521947469562292,0.038100547879969304,6.649552725217179,12.24320069549968,-3.0727158298532133
6034,training,0,0.04104925040155649,0.038100547879969304,6.609759643874415,12.240379615057293,-3.0681876562389054
6035,training,0,0.043114349246025085,0.038100547879969304,6.569958295468666,12.237327488761471,-3.0618543424791946
6036,training,0.035826642,0.059343816712498665,0.038100547879969304,6.529990211422844,12.234008019939367,-3.0551257110027223
6037,training,0,0.0017650900408625603,0.038100547879969304,6.490407456973624,12.230432139401588,-3.0487372409832387
6038,training,0,0.01026551192626357,0.038100547879969304,6.450534066694325,12.226642829328886,-3.045497482263212
6039,training,0,0.022574443370103836,0.038100547879969304,6.410795307605006,12.222763717128396,-3.042887643845742
6040,training,0,0.02623242698609829,0.04827437442198614,6.37112301064632,12.218734983280147,-3.0379795548881816
6041,training,0,0.04413246363401413,0.04827437442198614,6.3511879552508335,12.216638594661527,-3.0352433800144603
6042,training,0.0011244385,0.05996123515069485,0.04827437442198614,6.271906537083446,12.207724308148029,-3.02323119974601
6043,training,0,0.00997375138103962,0.04827437442198614,6.252022285030728,12.205329909418008,-3.0199753696339537
6044,training,0,0.0057903333799913526,0.04827437442198614,6.212287958081348,12.200377935964116,-3.0162413495980402
6045,training,0,0.0036589130759239197,0.04827437442198614,6.172812193923397,12.195329202954175,-3.013372988725791
6046,training,0,0.0005509504117071624,0.06578955445392667,6.1330541154261775,12.190170075334253,-3.0121686942847554
6047,training,0,0.000651240348815918,0.06578955445392667,6.113215461570256,12.18759300214241,-3.0129147465045594
6048,training,0,0.018226219341158867,0.06578955445392667,6.073735975438277,12.18246772575768,-3.0123509528890864
6049,training,0,0.008079602383077145,0.06578955445392667,6.033986679321426,12.177289228000493,-3.0120621769140916
6050,training,0,0.027098610997200005,0.06578955445392667,5.9944221142902645,12.17215076208648,-3.0127728416955812
6051,training,0,0.012902216985821724,0.06578955445392667,5.954815917310192,12.16700703022743,-3.0119888660801672
6052,training,0,0.0029641720466315755,0.06817766092661597,5.8953325630946205,12.159212509556296,-3.0109701435505034
6053,training,0,0.0009340569376945496,0.06817766092661597,5.875587540747164,12.156607893382038,-3.0103140624300027
6054,training,0,0.005531744100153446,0.06817766092661597,5.835892886530221,12.15134167551372,-3.0093649278211783
6055,training,0,0.00680485088378191,0.06817766092661597,5.796250454917571,12.146072970445301,-3.0098788904413314
6056,training,0,0.002997457515448331,0.06817766092661597,5.756740230975994,12.140812338674444,-3.009090655022724
6057,training,0,0.031076528131961836,0.06817766092661597,5.71698556516194,12.135507808738245,-3.0093282236011487
6058,training,0,0.04186718165874481,0.030189992748109528,5.677480766453846,12.13026043544277,-3.0093441720786926
6059,training,0,0.02384352870285511,0.030189992748109528,5.637843755484471,12.124953931470586,-3.0076831376247
6060,training,0,0.0010967394337058067,0.030189992748109528,5.598161089123454,12.119582424219267,-3.006691506753234
6061,training,0,0.0015005990862846392,0.030189992748109528,5.558733487795541,12.114161123544257,-3.003471675376736
6062,training,0,0.007534449512604624,0.030189992748109528,5.519056045812064,12.108580597645501,-3.00058589662137
6063,training,0,0.013592380564659834,0.030189992748109528,5.479582815691312,12.102946802010418,-2.999043665175545
6064,training,0,0.021822919137775898,0.010547228200175306,5.440056008554557,12.097226918494021,-2.9969642114657824
6065,training,0,0.03831116855144501,0.010547228200175306,5.400415307839572,12.091422302688109,-2.9960566083504427
6066,training,0,0.025582008063793182,0.010547228200175306,5.361027397474296,12.0856057105304,-2.9935296192987764
6067,training,0,0.005784960463643074,0.010547228200175306,5.321450607537097,12.07962922171288,-2.98974185650973
6068,training,0,0.026980530936270952,0.010547228200175306,5.28196021146866,12.073521873343138,-2.986746818667603
6069,training,0,0.021359968930482864,0.010547228200175306,5.2426273881108605,12.067266828434994,-2.9812878879212654
6070,training,0,0.0343531733378768,0.012596908897708974,5.20312313062242,12.060781082082464,-2.977019788481158
6071,training,0,0.03260297514498234,0.012596908897708974,5.16383152966114,12.054173912096351,-2.9727449977331695
6072,training,0.012216378,0.05618901178240776,0.012596908897708974,5.104748113708127,12.043888419488875,-2.9668903649787066
6073,training,0,0.021185632795095444,0.012596908897708974,5.065488623498093,12.036910088201552,-2.964216093728163
6074,training,0,0.027751041110605,0.012596908897708974,5.026182272203031,12.029778096249265,-2.959639708843033
6075,training,0,0.03255362482741475,0.012596908897708974,5.006513001036246,12.026132798309943,-2.9576330966590434
6076,training,0.0039463113,0.05438053049147129,0.013521508417270732,4.928129087079437,12.011182266310746,-2.947351529238129
6077,training,0.007627802,0.0779212024062872,0.013521508417270732,4.888942587483859,12.003351291977443,-2.94174095717134
6078,training,0.0030908936,0.08363968133926392,0.013521508417270732,4.849966563147729,11.99524451255185,-2.9299728350759437
6079,training,0.0012775958,0.051105307415127754,0.013521508417270732,4.811069136500642,11.986512659501185,-2.911702630537656
6080,training,0.0048243115,0.06938145495951176,0.013521508417270732,4.772306712046241,11.977126713280331,-2.8968014029342695
6081,training,0,0.02796523459255695,0.011883858769495853,4.7337694918719695,11.967181564997368,-2.8818682780437177
6082,training,0,0.03947806637734175,0.011883858769495853,4.7145280544845445,11.961996389176111,-2.876055886019155
6083,training,0,0.011695835739374168,0.011883858769495853,4.676065799938719,11.951343264096161,-2.8668109632688576
6084,training,0,0.024115372449159622,0.011883858769495853,4.6377126676032745,11.940317974386646,-2.8561316543276565
6085,training,0,0.017397660762071603,0.011883858769495853,4.599554754371768,11.928906645795282,-2.8469939044239854
6086,training,0,0.02882272563874721,0.011883858769495853,4.580438919399184,11.92307328230568,-2.843755012468584
6087,training,0.0028576576,0.05816512554883958,0.011883858769495853,4.523309198177298,11.905196463126286,-2.8333248421221437
6088,training,0,0.039153479970991605,0.053542146971216356,4.4853157206151595,11.89300901996221,-2.8297967083091984
6089,training,0,0.01991901360452175,0.053542146971216356,4.44726080083705,11.880681092033269,-2.826098087410665
6090,training,0.003829028,0.09579155221581458,0.053542146971216356,4.409414598085625,11.868219424711214,-2.821876589890937
6091,training,0.0022955074,0.08284105733036996,0.053542146971216356,4.371465781620017,11.855561195771998,-2.8171340017649116
6092,training,0.0013053736,0.07166281715035437,0.053542146971216356,4.333675566265071,11.842693660139103,-2.8095518803911292
6093,training,0.0047094314,0.08086264505982399,0.053542146971216356,4.296070892025418,11.829586037884265,-2.8030629743813056
6094,training,0.005204194,0.11214636266231537,0.07577767214350174,4.258321439425809,11.8161321590298,-2.79464300480865
6095,training,0.00064189744,0.06660053879022598,0.07577767214350174,4.220994204258215,11.802374876869456,-2.78304116100705
6096,training,0.003465931,0.08952337503433228,0.07577767214350174,4.183728297537535,11.788144036953526,-2.7704684343907107
6097,training,0,0.04178076982498172,0.07577767214350174,4.14654139001098,11.773367336423625,-2.7543505802676895
6098,training,0.0034747464,0.06989453732967377,0.07577767214350174,4.109953635030124,11.758035842545013,-2.7353494591421175
6099,training,0.003213124,0.05725811421871185,0.07577767214350174,4.073440187998026,11.741853911181751,-2.7131282483263415
6100,training,0,0.03218492865562439,0.058301888513964284,4.055275875168999,11.733447909358746,-2.7010137366920954
6101,training,0,0.023979447782039615,0.058301888513964284,4.019690055945185,11.716112433076182,-2.6757948043477158
6102,training,0,0.002145431935787201,0.058301888513964284,3.98428050311352,11.697760310975282,-2.6516823954749422
6103,training,0,0.04338689148426057,0.058301888513964284,3.9493031378467056,11.678652923107885,-2.6328493766233234
6104,training,0,0.0038672201335430215,0.058301888513964284,3.9147555024994536,11.658992835045789,-2.6171009183789695
6105,training,0.0032553785,0.05605684220790863,0.058301888513964284,3.8291238775936556,11.60788814195514,-2.5902140212052447
6106,training,0,0.02374108880758287,0.029512587677683028,3.8121175056622167,11.597372325479064,-2.5853073838400977
6107,training,0.002395622,0.05073635280132295,0.029512587677683028,3.761494278890187,11.565490983113326,-2.5737402202637547
6108,training,0.005549507,0.052063085138797774,0.029512587677683028,3.711320585148511,11.532921356687671,-2.5585696061734757
6109,training,0,0.04671080410480499,0.029512587677683028,3.6946718821161206,11.521900625407342,-2.555228374658183
6110,training,0,0.020520377904176712,0.029512587677683028,3.661559383396577,11.499721514268204,-2.5478811840852247
6111,training,0,0.01986165344715117,0.01922514887356065,3.6450518968861503,11.488513369357756,-2.542007752196128
6112,training,0,0.0237220525741577,0.01922514887356065,3.62869078853038,11.477250605142338,-2.5361268561590076
6113,training,0,0.04615113139152527,0.01922514887356065,3.5960228219353834,11.454314379398376,-2.52290305371273
6114,training,0,0.034138575196266174,0.01922514887356065,3.563739366734213,11.431019871267594,-2.5113805472886077
6115,training,0,0.00620813574641943,0.01922514887356065,3.5475844771099316,11.419212706593372,-2.5111930523831125
6116,training,0,0.02055499516427517,0.01922514887356065,3.5152352798347906,11.395661744484814,-2.5127824509283747
6117,training,0,0.02004055678844452,0.01922514887356065,3.4829566717784943,11.372147035459456,-2.511824738084223
6118,training,0,0.03740803897380829,0.01922514887356065,3.450676962267571,11.348678154443679,-2.515644168358916
6119,training,0,0.0010922127403318882,0.010875953424891296,3.4181626608343407,11.325314675224442,-2.5211032041053922
6120,training,0.0042251674,0.05302559211850166,0.010875953424891296,3.3693718110044113,11.290583444674557,-2.524653699813228
6121,training,0,0.023020857479423285,0.010875953424891296,3.3366946366504084,11.267465651067399,-2.527225762930451
6122,training,0,0.004139091819524772,0.010875953424891296,3.320418396579769,11.255994459234383,-2.5289177110513674
6123,training,0,0.03854052349925041,0.010875953424891296,3.287630507458864,11.233085257741868,-2.536043748574147
6124,training,0,0.02476586028933525,0.010875953424891296,3.2545823356298267,11.210437521967204,-2.5449193571516275
6125,training,0.0031937384,0.07635288685560226,0.010875953424891296,3.204889052115024,11.176935268800124,-2.5521035454243437
6126,training,0.003739284,0.1096499506384134,0.02221218733614676,3.1715561872617735,11.154771311240282,-2.557400537779042
6127,training,0,0.04205483943223953,0.02221218733614676,3.1382013237477677,11.132806343882152,-2.561938133331485
6128,training,0.004248155,0.12434727326035501,0.02221218733614676,3.1046814490130004,11.110982456559313,-2.567657584197195
6129,training,0.004221524,0.1324729099869728,0.02221218733614676,3.0711181972426425,11.08934529623605,-2.569150602049244
6130,training,0.002354137,0.1495045367628336,0.02221218733614676,3.0374667537904982,11.06768496613304,-2.571208961372257
6131,training,0.002541237,0.1269765254110098,0.02221218733614676,3.0037880795158123,11.046157685604877,-2.5741258471921857
6132,training,0.0048233466,0.1775481142103672,0.03817126912301222,2.970171333730318,11.024686351666926,-2.571908005224023
6133,training,0.00490879,0.16423936001956466,0.03817126912301222,2.9365707866495048,11.003074489079829,-2.568582090411473
6134,training,0.0022941623,0.17943592369556424,0.03817126912301222,2.903092460482596,10.9813692674586,-2.5635232856548775
6135,training,0.0036413174,0.17920297384262085,0.03817126912301222,2.8697340965068845,10.959425766065767,-2.5559360449925075
6136,training,0.00708298,0.1855456493794918,0.03817126912301222,2.8365900715889247,10.937274246452725,-2.54850953541645
6137,training,0.0027433378,0.2063561975955963,0.03817126912301222,2.8036526121505174,10.914824469919688,-2.538026017389956
6138,training,0.009308224,0.24547607451677322,0.005276583468490949,2.7709849057858977,10.892003397466542,-2.5262777744422076
6139,training,0.042492248,0.22230828553438187,0.005276583468490949,2.7385077943310825,10.868765550599928,-2.5140389811115993
6140,training,0.009197308,0.2116115838289261,0.005276583468490949,2.7064541723432036,10.845121920002088,-2.498229985939949
6141,training,0.002280895,0.17675696685910225,0.005276583468490949,2.6747579084133415,10.82104817263639,-2.4872020745378705
6142,training,0.0029142583,0.14176039397716522,0.005276583468490949,2.6431319578891412,10.796571389498633,-2.478827559667232
6143,training,0.002978595,0.20950691401958466,0.005276583468490949,2.611849839750291,10.771949619561827,-2.4724114214412953
6144,training,0.0041951174,0.0724315345287323,0.005276583468490949,2.5649279952307777,10.734562362511518,-2.4646594173888885
6145,training,0,0.028320740908384323,0.09080273346127372,2.549423395614096,10.722049588151243,-2.4602670526344173
6146,training,0.004066114,0.08437613397836685,0.09080273346127372,2.5186637823593223,10.696868306051659,-2.450523251973704
6147,training,0.0064311055,0.17003583908081055,0.09080273346127372,2.4728706780653193,10.65818860964872,-2.426337640341793
6148,training,0.0028012134,0.1285427026450634,0.09080273346127372,2.443257799998544,10.631866658079495,-2.401693681768636
6149,training,0.03542729,0.1475047953426838,0.09080273346127372,2.414284541406382,10.604557144337418,-2.3678129249275024
6150,training,0.0104604475,0.17350835911929607,0.09080273346127372,2.3728716600249005,10.561844726608696,-2.3131921286794843
6151,training,0.0058228914,0.2062272597104311,0.20272955476422244,2.3595791921493277,10.547104486508436,-2.296274374060545
6152,training,0.0067442427,0.19291840121150017,0.20272955476422244,2.333253523394252,10.516541557072633,-2.275315960144896
6153,training,0.0026316748,0.2763305604457855,0.20272955476422244,2.3202682386219156,10.501285895888593,-2.275433591977286
6154,training,0.0027979063,0.25076816231012344,0.20272955476422244,2.294563212371239,10.470820451548786,-2.2699864979575586
6155,training,0.008847965,0.20781801268458366,0.20272955476422244,2.2560217284199418,10.424844584787717,-2.265829259821497
6156,training,0.00496112,0.14756223931908607,0.20272955476422244,2.2306613857707123,10.394169889934577,-2.2570975464175906
6157,training,0.0028101653,0.13353269174695015,0.20272955476422244,2.205442510918239,10.363121188033134,-2.249519442863225
6158,training,0.003022409,0.10232298076152802,0.2515431836574039,2.192946627220114,10.34758068119798,-2.24585516067536
6159,training,0.0070400634,0.05148102343082428,0.2515431836574039,2.168323780818088,10.316368128591947,-2.2283056907790786
6160,training,0.0038555013,0.08876899629831315,0.2515431836574039,2.132976393126879,10.268418978763997,-2.180808714726687
6161,training,0.010234687,0.09800849854946138,0.2515431836574039,2.12170751041254,10.252015681705874,-2.1660402827979675
6162,training,0.0060010115,0.1136840358376503,0.2515431836574039,2.0998078222210332,10.218813621784335,-2.1426813630721018
6163,training,0.0075440365,0.17356513813138008,0.2515431836574039,2.0683409174863585,10.168163352359423,-2.1099763644326464
6164,training,0.009727564,0.1370745785534382,0.2515431836574039,2.0481961830071356,10.133796054606261,-2.0940979246937705
6165,training,0.0074175857,0.05583862960338594,0.2515431836574039,2.0383407916882357,10.116596878946874,-2.088855055000516
6166,training,0,0.04783424735069272,0.15641074757347562,2.0188070580895157,10.081834048943398,-2.07459566248468
6167,training,0,0.003031760454177884,0.15641074757347562,1.9998910123955669,10.046650324912218,-2.0510419356541276
6168,training,0,0.022291809320449857,0.15641074757347562,1.9821176550031583,10.011305117477026,-2.02211462137453
6169,training,0.0026055542,0.05994262546300888,0.15641074757347562,1.9651721012178862,9.975171440350511,-1.9967382946182384
6170,training,0.003931892,0.05261354893445967,0.15641074757347562,1.9491231261716464,9.938739487367263,-1.9759590566524698
6171,training,0,0.048219092190265656,0.15641074757347562,1.933747264139148,9.902033964467067,-1.9596163783697085
6172,training,0,0.02906133979558946,0.07567950805763939,1.918842739154021,9.86488870552492,-1.9447975282955203
6173,training,0,0.020589984953403473,0.07567950805763939,1.9046382357196934,9.827800395879791,-1.928259785922793
6174,training,0,0.02995508909225464,0.07567950805763939,1.8977589106865378,9.809114824829425,-1.9189321899352558
6175,training,0.0041742413,0.05500834435224533,0.07567950805763939,1.8718515124154333,9.73373414269125,-1.8853618933344842
6176,training,0,0.048426851630210876,0.07567950805763939,1.8657737628193656,9.714777687181732,-1.8773002353791757
6177,training,0,0.028911717236042023,0.07567950805763939,1.8539880249438336,9.676676806788128,-1.8662077720694612
6178,training,0,0.005630157887935645,0.03397879188670539,1.8425248780461652,9.63845692433546,-1.8582003936573248
6179,training,0,0.01937714405357837,0.03397879188670539,1.831415215569967,9.60012925046653,-1.8472256452543434
6180,training,0,0.02721238322556019,0.03397879188670539,1.8260264698407533,9.580988695565194,-1.84481525211718
6181,training,0.00442064,0.050486138090491295,0.03397879188670539,1.8100103748872245,9.523276665818473,-1.8382187828774605
6182,training,0,0.041578223928809166,0.03397879188670539,1.799553602870559,9.484756895745425,-1.834983459538809
6183,training,0,0.03594258986413478,0.03397879188670539,1.78911245052153,9.446162017493403,-1.8356567198996525
6184,training,0,0.04698929004371166,0.00544886329677132,1.7786708882377613,9.407601086087025,-1.8350832346615722
6185,training,0.005450976,0.08747745864093302,0.00544886329677132,1.7682364163791329,9.36908323117077,-1.83660094434944
6186,training,0.0071934066,0.08621241338551044,0.00544886329677132,1.7523920566893543,9.311231095875119,-1.8395840907769576
6187,training,0.0021897047,0.11190088093280792,0.00544886329677132,1.7417182617014262,9.272743090669064,-1.844504189450689
6188,training,0.005170645,0.09691925160586835,0.00544886329677132,1.7308302304138967,9.234260577920411,-1.8474845123296546
6189,training,0.0119689675,0.08636916056275366,0.023776400819183238,1.7253807327177486,9.215049313266658,-1.8464618140224613
6190,training,0,0.028037466108798988,0.023776400819183238,1.714589300785926,9.176642692325482,-1.8439289322144052
6191,training,0,0.04607943445444107,0.023776400819183238,1.703881467433317,9.138148803984077,-1.8399834788232523
6192,training,0.00038627634,0.05084075406193733,0.023776400819183238,1.6933948858857126,9.099620497875934,-1.832947766657689
6193,training,0.004016963,0.06499034911394118,0.023776400819183238,1.6831553654237446,9.061095267662362,-1.8287197077230548
6194,training,0.002753262,0.08296624571084978,0.023776400819183238,1.6730741834263692,9.022453946232753,-1.8232275019570505
6195,training,0,0.025294922292232513,0.023776400819183238,1.6632574956597306,8.983840540288577,-1.8169572722960692
6196,training,0,0.03431189805269241,0.04963018061869661,1.6536861218518473,8.945055187009515,-1.8079496140754614
6197,training,0.0031069291,0.06760936602950095,0.04963018061869661,1.6445476164114794,8.906226671145248,-1.7958200934087756
6198,training,0.0066131367,0.07547133788466454,0.04963018061869661,1.6314683609795964,8.847825160016333,-1.7889734969491915
6199,training,0.0014531398,0.07035622373223305,0.04963018061869661,1.6228924207703515,8.808796851800194,-1.7853623937458483
6200,training,0.0067277243,0.07128284685313703,0.04963018061869661,1.6186742682875874,8.789355974795386,-1.784963775842057
6201,training,0.0027285803,0.10834618844091892,0.05778453474440574,1.60165389579719,8.711206385023521,-1.7854488942630498
6202,training,0.0041245823,0.0839567519724369,0.05778453474440574,1.5931358410162377,8.672253278372569,-1.7879005807635366
6203,training,0.003628051,0.0926571637392044,0.05778453474440574,1.5844498106811322,8.63313811146678,-1.7908163560766468
6204,training,0.002105392,0.06948311626911163,0.05778453474440574,1.5713834856968656,8.574755420110602,-1.7922331345464713
6205,training,0,0.03315386176109314,0.05778453474440574,1.5670094529990088,8.555257608256728,-1.7902216248962641
6206,training,0,0.02993042767047882,0.05778453474440574,1.5626879612079903,8.535705876462425,-1.7859731751259074
6207,training,0,0.034522391855716705,0.0650940044147953,1.5584926620329618,8.516205607407004,-1.7792388552823073
6208,training,0,0.008694455027580247,0.0650940044147953,1.5505506384135261,8.477260160111786,-1.7659529395896276
6209,training,0,0.002413693815469742,0.0650940044147953,1.5430247728266844,8.438013403087758,-1.7548415654316465
6210,training,0,0.0032605454325676103,0.0650940044147953,1.5359582002846583,8.39871943598215,-1.7426459026468548
6211,training,0,0.01413327828049659,0.0650940044147953,1.532633115981098,8.379212560723618,-1.7367391266522927
6212,training,0,0.0020404662936925853,0.0650940044147953,1.5232139263979214,8.319959144739224,-1.721623513989282
6213,training,0,0.0037299077957868576,0.0650940044147953,1.5202506759382453,8.300240940962388,-1.7192130558673269
6214,training,0,0.0038689859211444855,0.0617384797157263,1.5144065014692814,8.260876454617062,-1.7171794316650881
6215,training,0,0.0038305632770061562,0.0617384797157263,1.508614659985006,8.221200753738252,-1.7135120659710448
6216,training,0,0.0002232976257801056,0.0617384797157263,1.5030761135425046,8.181779977863462,-1.7078575996082737
6217,training,0,0.022694727405905724,0.0617384797157263,1.4977418111684444,8.142211498197085,-1.7015337375897595
6218,training,0,0.03528156317770481,0.0617384797157263,1.4926403583893628,8.10243414719923,-1.6954610200428695
6219,training,0,0.02696429379284382,0.0617384797157263,1.487758496635425,8.062948942853076,-1.6937307057004127
6220,training,0,0.03783227130770683,0.0514191121886188,1.4828364492810897,8.023168602563175,-1.6942292883969423
6221,training,0,0.039709679782390594,0.0514191121886188,1.4755195358795217,7.963807164083783,-1.6924113325994643
6222,training,0,0.029725022614002228,0.0514191121886188,1.4731307907996884,7.94398191548473,-1.6886547152816505
6223,training,0,0.028974857181310654,0.0514191121886188,1.468579809047013,7.904129292003633,-1.679121186333995
6224,training,0.0022086918,0.05157874524593353,0.0514191121886188,1.4625965936590573,7.844736561764732,-1.6638442467160488
6225,training,0,0.022755421698093414,0.0514191121886188,1.4590422077143759,7.8047869491284585,-1.6546421302760694
6226,training,0,0.008398361504077925,0.011060917944808924,1.455914839569642,7.765143515658044,-1.6435018010734643
6227,training,0,0.014928810298442854,0.011060917944808924,1.4545440273452426,7.745282990637286,-1.6359615232702456
6228,training,0,0.035081394016742706,0.011060917944808924,1.45223672439483,7.70530585690512,-1.619979462080987
6229,training,0,0.04333081841468811,0.011060917944808924,1.4506022774205785,7.665570955107283,-1.6032376817604925
6230,training,0.0053086886,0.052344394847750664,0.011060917944808924,1.4494468793807855,7.605709994032525,-1.5778534435035028
6231,training,0.0074286982,0.06557107716798782,0.011060917944808924,1.449646271474918,7.5460024384519375,-1.5567458732431283
6232,training,0.0059465375,0.05574788898229599,0.008285050958214834,1.4504507618394518,7.506020277117867,-1.5448910404816205
6233,training,0,0.04277732130140066,0.008285050958214834,1.451008179062048,7.486099388098132,-1.5407827705535082
6234,training,0,0.034764054231345654,0.008285050958214834,1.4523729542925674,7.446312780370626,-1.5328653878213574
6235,training,0,0.04234933480620384,0.008285050958214834,1.4539970113474703,7.406345192548272,-1.5278470923023617
6236,training,0,0.027149597182869915,0.008285050958214834,1.4557487880390982,7.366380733337526,-1.526639412198263
6237,training,0,0.031289117410779,0.008285050958214834,1.4566463352972505,7.346528125144931,-1.5253654836364434
6238,training,0,0.032864222303032875,0.010390864620832743,1.4584992184555357,7.3065656421567065,-1.5239614947723152
6239,training,0,0.02209682390093804,0.010390864620832743,1.4603607463420185,7.266589562369666,-1.525426525042722
6240,training,0,0.016213852912187576,0.010390864620832743,1.4621656592735384,7.2267675857172256,-1.5261464374697302
6241,training,0,0.030254218727350235,0.010390864620832743,1.4639265937608381,7.186726351163164,-1.5283528236177863
6242,training,0,0.02162654325366021,0.010390864620832743,1.4655495215812322,7.146852494524562,-1.5313969724223215
6243,training,0,0.021364651620388038,0.010390864620832743,1.4670902210411672,7.106884345093282,-1.533320989434
6244,training,0,0.027128782123327255,0.008631955227283565,1.4685394590745218,7.0668412635575635,-1.5365864092868222
6245,training,0,0.017252732068300247,0.008631955227283565,1.4698631558873483,7.027004721822034,-1.538755002920484
6246,training,0,0.007444659247994423,0.008631955227283565,1.4711018200212331,6.98693239326859,-1.5415002162840925
6247,training,0,0.019786108285188675,0.008631955227283565,1.4721834664902766,6.9469913346558405,-1.5458160715818279
6248,training,0,0.005300974473357201,0.008631955227283565,1.4731234887796059,6.9070565864616915,-1.548916612945284
6249,training,0,0.01451747864484787,0.008631955227283565,1.4739374796743692,6.866946996237382,-1.5527263233484294
6250,training,0,0.0020606238394975628,0.00873746601546918,1.4745908968885266,6.827098199407647,-1.5559504124593166
6251,training,0,0.00229917652904987,0.00873746601546918,1.475129270536045,6.787037777298689,-1.559094144225899
6252,training,0,0.0018061082810163498,0.00873746601546918,1.4755052411278837,6.746991235469898,-1.5642250970274223
6253,training,0,0.00827375240623951,0.00873746601546918,1.4756921777607128,6.707118214941903,-1.5682949357371767
6254,training,0,0.004492362961173061,0.00873746601546918,1.475713419303342,6.666965520849938,-1.5724409029704693
6255,training,0,0.008943760767579079,0.006987607975368671,1.4755691680459067,6.627084737689832,-1.5759372195244445
6256,training,0,0.0069742221385240555,0.006987607975368671,1.4753301549027278,6.587082314644799,-1.5777654359426498
6257,training,0,0.00952116132248193,0.006987607975368671,1.4750096883188275,6.546979611019461,-1.5801049668400506
6258,training,0,0.010077030921820551,0.006987607975368671,1.474617112763707,6.507121714982098,-1.5817470309202535
6259,training,0,0.0003333846107125291,0.006987607975368671,1.4741449357042797,6.467021810317753,-1.583726194010157
6260,training,0,0.002878829836845398,0.006987607975368671,1.4735741361281098,6.427053372052598,-1.5864535178021735
6261,training,0,0.001178983598947525,0.0069824962911261895,1.4729361090216324,6.38710480690896,-1.5871199009172259
6262,training,0,0.0010437257587909698,0.0069824962911261895,1.4722718786640936,6.3470445646946265,-1.5882804237174557
6263,training,0,0.0035470519214868546,0.0069824962911261895,1.4715725887781808,6.3071593362097635,-1.5886073729284858
6264,training,0,0.004838205873966217,0.0069824962911261895,1.4708647783568123,6.267107272514804,-1.588716590310608
6265,training,0,0.00202750600874424,0.0069824962911261895,1.4701193367602219,6.227122965807696,-1.5907277782383908
6266,training,0,0.0011949725449085236,0.0069824962911261895,1.4693195119276807,6.1872237392601885,-1.5910763949021085
6267,training,0,0.0032744500786066055,0.002055297167345879,1.4685052109507606,6.147120242268751,-1.5915922288602864
6268,training,0,0.0015133507549762726,0.002055297167345879,1.4676592518303806,6.1072578623678915,-1.5921300492614137
6269,training,0,0.0015031211078166962,0.002055297167345879,1.466829758603326,6.067260490879202,-1.5912748359146254
6270,training,0,0.004423193167895079,0.002055297167345879,1.4660108841783175,6.027230056877546,-1.5922615468624854
6271,training,0,0.008361615240573881,0.002055297167345879,1.4651541778120276,5.9873559007107655,-1.5923677181425684
6272,training,0,0.014357075095176697,0.010316502958742478,1.4642910526877386,5.947263767104693,-1.5924558167352934
6273,training,0,0.007721991278231144,0.010316502958742478,1.462978205448082,5.887421750493576,-1.592349461606897
6274,training,0,0.012415500357747078,0.010316502958742478,1.4625572215592468,5.86741476494046,-1.5914401073337636
6275,training,0,0.005507500376552343,0.010316502958742478,1.4617552772140747,5.827371858711419,-1.5909554880566354
6276,training,0,0.014682363718748091,0.010316502958742478,1.4609727070182565,5.787498535955565,-1.5903520896404026
6277,training,0,0.021006241440773007,0.010316502958742478,1.460201035308855,5.747439680184904,-1.5902416839664932
6278,training,0,0.01802631840109825,0.022174908541234384,1.4593965808449134,5.707475198473484,-1.5919366150769108
6279,training,0,0.007863476872444153,0.022174908541234384,1.4581606229214363,5.647522996111225,-1.5905780089203276
6280,training,0,0.007281631231307983,0.022174908541234384,1.4577706336696652,5.627488106709247,-1.5902944968317323
6281,training,0,0.011688662692904472,0.022174908541234384,1.456663957949901,5.567663540445341,-1.5878269817436594
6282,training,0,0.013789569959044456,0.022174908541234384,1.456333924699353,5.547626779526385,-1.5867285335502546
6283,training,0,0.004029456526041031,0.022174908541234384,1.4557229518212251,5.507617737572799,-1.5864278153846365
6284,training,0,0.01270598731935024,0.02542841425381816,1.4551251607344742,5.467741859477215,-1.585197910154199
6285,training,0,0.017801284790039062,0.02542841425381816,1.454574788414766,5.427652111727843,-1.5842310998670752
6286,training,0,0.009462684392929077,0.02542841425381816,1.454030030759722,5.387764314077809,-1.5847978278126202
6287,training,0,0.010836385190486908,0.02542841425381816,1.453490222809051,5.347800375819766,-1.5840013707858998
6288,training,0,0.021466460078954697,0.02542841425381816,1.4529671671780597,5.307760390104399,-1.5844989815573307
6289,training,0,0.009187167510390282,0.02834033281049091,1.4524302231676103,5.267881114518523,-1.5843761672938033
6290,training,0,0.022832635790109634,0.02834033281049091,1.4518953274555053,5.227815771508577,-1.5841219952596137
6291,training,0,0.02029064670205116,0.02834033281049091,1.4513469597104693,5.187870533551106,-1.5852924871192462
6292,training,0,0.010559174232184887,0.02834033281049091,1.4507850001452225,5.147951753804388,-1.5844152258803097
6293,training,0,0.014913313090801239,0.02834033281049091,1.45026412271931,5.107895676270877,-1.5839458739904513
6294,training,0,0.012440955266356468,0.02834033281049091,1.4497533408195775,5.068014945215401,-1.5833275558413666
6295,training,0,0.030246237292885784,0.035180844260780164,1.449282806480678,5.027994824861206,-1.5820774132703428
6296,training,0,0.02242423593997955,0.035180844260780164,1.4488321438568375,4.987992828574776,-1.5830630725646513
6297,training,0,0.031113259494304657,0.035180844260780164,1.4483456464262614,4.948102676006603,-1.5830677026674018
6298,training,0,0.03065268322825432,0.035180844260780164,1.4478539965717587,4.90800532042978,-1.5837102512508434
6299,training,0,0.0375201441347599,0.035180844260780164,1.4472993230632343,4.86809552547097,-1.5857264981930574
6300,training,0,0.029310006648302078,0.035180844260780164,1.446695211907537,4.828117626807956,-1.586063047661432
6301,test,0,0.03814941272139549,0.04150847211590351,1.4457465839889683,4.768134123482891,-1.5878476605788903
6302,test,0,0.0386894904077053,0.04150847211590351,1.4450619603080437,4.728180332518344,-1.5883878337023511
6303,test,0,0.031165316700935357,0.04150847211590351,1.4443438404454074,4.6881338770828895,-1.589668928631405
6304,test,0,0.03716972470283509,0.04150847211590351,1.4439741012976879,4.668178078363218,-1.5895832600113968
6305,test,0,0.017895404249429703,0.04150847211590351,1.4432604088411334,4.6282576204723584,-1.5876872078518136
6306,test,0,0.008701596409082413,0.04150847211590351,1.4426315071363813,4.588215251041441,-1.5855079381498807
6307,test,0,0.021580003201961517,0.04118508225369939,1.442125747775181,4.548359892163237,-1.5810330985960337
6308,test,0,0.014959288761019707,0.04118508225369939,1.4418355070201543,4.508353431722024,-1.5755615766134052
6309,test,0,0.01810835674405098,0.04118508225369939,1.4417027601515726,4.468393345817683,-1.5736984488956685
6310,test,0,0.002157006412744522,0.04118508225369939,1.4416496118284505,4.4285107522674805,-1.5704210765771764
6311,test,0,0.01250704191625118,0.04118508225369939,1.441847980775951,4.368523628257974,-1.5649448166550843
6312,test,0,0.013454513624310493,0.04118508225369939,1.4419940718023236,4.348594232079561,-1.5622693894755502
6313,test,0,0.04444025829434395,0.048145746509790414,1.4424633228472732,4.308649886850314,-1.5553509299236532
6314,test,0,0.030480520566925406,0.048145746509790414,1.4432158118105702,4.268709164652788,-1.5486935746070614
6315,test,0,0.015087768435478212,0.048145746509790414,1.444263872759101,4.228861886347993,-1.5410974876184684
6316,test,0,0.004176065325736996,0.048145746509790414,1.4455654471235238,4.188849758835763,-1.5368254034719329
6317,test,0,0.01508474163711071,0.048145746509790414,1.4469150141784202,4.148930320369137,-1.5381388412033656
6318,test,0,0.014492778107523918,0.048145746509790414,1.4481707138708366,4.109011810611777,-1.5415179619106045
6319,test,0,0.06746553629636765,0.042864493136852026,1.4492394949914142,4.068906213492906,-1.547623554272577
6320,test,0,0.08096007630228996,0.042864493136852026,1.4500407480942565,4.02903118711674,-1.5534470622273617
6321,test,0,0.07897697389125824,0.042864493136852026,1.4506283477506376,3.9889501821713296,-1.5591447244941294
6322,test,0,0.08818286284804344,0.042864493136852026,1.4509456688885456,3.9488872003672495,-1.5669874192538384
6323,test,0,0.08747287467122078,0.042864493136852026,1.4509669904121225,3.908989431953011,-1.5739813758025432
6324,test,0,0.09795988723635674,0.04268554118153738,1.4506924387498923,3.8688080020290214,-1.5812967305666241
6325,test,0,0.09087231382727623,0.04268554118153738,1.4501345585388152,3.828924962972338,-1.5878828502879023
6326,test,0,0.1040113978087902,0.04268554118153738,1.44934354111455,3.7888984587148817,-1.5933865412774484
6327,test,0,0.10056577250361443,0.04268554118153738,1.4483231457546748,3.7487788892209646,-1.5995498970449655
6328,test,0,0.10783540457487106,0.04268554118153738,1.4470780338120304,3.7088979938067084,-1.6042647569529513
6329,test,0,0.09206859394907951,0.05175415277198596,1.4456516429050623,3.668790507987371,-1.6086780511361882
6330,test,0,0.12909433990716934,0.05175415277198596,1.4440322621805477,3.6288848990743086,-1.6144717646686655
6331,test,0,0.15182513371109962,0.05175415277198596,1.4421819560206381,3.588949738248542,-1.620139100222414
6332,test,0,0.15919997170567513,0.05175415277198596,1.4400622307957498,3.5488364315048426,-1.628052034540388
6333,test,0,0.1742161475121975,0.05175415277198596,1.437602372522744,3.5090234367650197,-1.6375104473858557
6334,test,0,0.18834399059414864,0.05175415277198596,1.4347249357866927,3.468984468485978,-1.6479189505496046
6335,test,0,0.20586460456252098,0.0630978747569693,1.431416089196878,3.4290439426495674,-1.6589787380429908
6336,test,0,0.2095159403979778,0.0630978747569693,1.4276870870693255,3.389261697471806,-1.6695913725070344
6337,test,0,0.21178959310054776,0.0630978747569693,1.423511904726452,3.3492500971508807,-1.6793160275765897
6338,test,0,0.23350659757852552,0.0630978747569693,1.419036350679891,3.3096189552166644,-1.6868620433091641
6339,test,0,0.2500632256269455,0.0630978747569693,1.4142799865007312,3.2698517891610304,-1.692887266994915
6340,test,0,0.15910536795854568,0.0630978747569693,1.409296891240815,3.2300581350532562,-1.6978952262754186
6341,test,0,0.20985057577490807,0.08898121147392919,1.4041501927004372,3.1905344083734786,-1.7024275317108382
6342,test,0,0.16264677420258522,0.08898121147392919,1.3988208782594205,3.150756912279238,-1.70512176258134
6343,test,0,0.1552966833114624,0.08898121147392919,1.3934806555964938,3.1112709788438755,-1.7056559339785995
6344,test,0,0.17882186360657215,0.08898121147392919,1.3881354647825521,3.0716793913272786,-1.7037679532859125
6345,test,0,0.16023607924580574,0.08898121147392919,1.3828839974298734,3.031917525376509,-1.7003800539718277
6346,test,0,0.038340225815773024,0.08898121147392919,1.377800811741208,2.9924645055359806,-1.6974335658546575
6347,test,0,0.023098688572645187,0.030541636435663388,1.3728401730359925,2.9527217490803035,-1.691344035970707
6348,test,0,0.0083177015185356,0.030541636435663388,1.3682208125717623,2.913128609024849,-1.6818838328777599
6349,test,0,0.013488583266735077,0.030541636435663388,1.3640502158823813,2.873535003177269,-1.6690666919538928
6350,test,0,0.03300522267818451,0.030541636435663388,1.3603898442076077,2.8336174829686605,-1.6541025976200656
6351,test,0,0.04559837654232979,0.030541636435663388,1.3573632443182564,2.7939868281116564,-1.6411174974640448
6352,test,0,0.04751692712306976,0.030541636435663388,1.3547439388534517,2.7540968003839135,-1.6325725160947666
6353,test,0,0.10946044698357582,0.0133762711620035,1.3523802176892388,2.7141423968169556,-1.6276155033455462
6354,test,0,0.08508224412798882,0.0133762711620035,1.350221268767436,2.6743656045797466,-1.6227702976438478
6355,test,0,0.09452243894338608,0.0133762711620035,1.3472628497477674,2.614361598996461,-1.6187919852255914
6356,test,0,0.09109294787049294,0.0133762711620035,1.346316513300135,2.5944819436438715,-1.6182645343488418
6357,test,0,0.08937567099928855,0.0133762711620035,1.3444446356727595,2.5545566451129287,-1.6172413579889873
6358,test,0,0.08179900422692299,0.0133762711620035,1.3425976111814981,2.5145287576289337,-1.6169400394800693
6359,test,0,0.08840672299265862,0.006103450134088789,1.3399245781277263,2.454732802601703,-1.6140853921971026
6360,test,0,0.08699659630656242,0.006103450134088789,1.339067702365763,2.434685044812244,-1.612749330639192
6361,test,0,0.07652910798788069,0.006103450134088789,1.337435773998022,2.394778166638324,-1.6109011181604032
6362,test,0,0.1941561996936798,0.006103450134088789,1.3359047450211254,2.354901822981304,-1.6076960743465991
6363,test,0,0.17587489262223244,0.006103450134088789,1.3344778512835977,2.3148399902804426,-1.6057484340645447
6364,test,0,0.18867954984307286,0.006103450134088789,1.3331185043509999,2.275007238507107,-1.6041023324285963
6365,test,0,0.19110376015305516,0.028965681239265517,1.3318376199380375,2.2350048507769626,-1.6014979410292094
6366,test,0,0.19721484929323196,0.028965681239265517,1.3306481023023815,2.195018860197417,-1.6002915730991938
6367,test,0,0.1887376680970192,0.028965681239265517,1.329530595327081,2.1551668220183666,-1.597183625745473
6368,test,0,0.1695811077952385,0.028965681239265517,1.3285505359415315,2.11509086464556,-1.5933305803890028
6369,test,0,0.14864687621593475,0.028965681239265517,1.3277177743328272,2.0752435560885605,-1.5896355229720136
6370,test,0,0.13800663501024246,0.028965681239265517,1.327091017884978,2.035304900561802,-1.5828537769706295
6371,test,0,0.13518074527382853,0.06354398141101875,1.3267460824630295,1.9953359810484756,-1.5763870869266476
6372,test,0,0.14126920700073242,0.06354398141101875,1.3266856759243324,1.9554988813086789,-1.568440381232745
6373,test,0,0.18438410013914106,0.06354398141101875,1.326941792361644,1.9154761646347886,-1.5603023085744034
6374,test,0,0.22778909653425217,0.06354398141101875,1.3274847698817518,1.875596657838154,-1.5542750063815634
6375,test,0,0.23375238850712782,0.06354398141101875,1.3283051655520244,1.8357215900041974,-1.5463285342375748
6376,test,0,0.22910092398524284,0.06354398141101875,1.329421195145767,1.7956997487517325,-1.540380000699224
6377,test,0,0.2532479576766491,0.08354716482071108,1.3307354386558066,1.7558870725987687,-1.5349090876763403
6378,test,0,0.2388201467692852,0.08354716482071108,1.3323032773367367,1.7159464807396625,-1.5279764544129482
6379,test,0,0.2606075555086136,0.08354716482071108,1.3341414590900837,1.6760348282952449,-1.5210424691744222
6380,test,0,0.20836952328681946,0.08354716482071108,1.3363611144196672,1.6363093353769,-1.5081244793670296
6381,test,0,0.22738865017890936,0.08354716482071108,1.340864018504574,1.576757338075854,-1.4809680594631796
6382,test,0,0.25090393424034124,0.08354716482071108,1.3427774867219422,1.5568896953300542,-1.4690511876876549
6383,test,0,0.22498147189617157,0.09866672048231954,1.3473445514490943,1.5173790826168876,-1.4420111815646701
6384,test,0,0.2698692381381989,0.09866672048231954,1.3529614997932928,1.4780551115244973,-1.4154470113560997
6385,test,0,0.23735404014587408,0.09866672048231954,1.3596913338816115,1.4387879461869166,-1.3852108761733222
6386,test,0,0.334740549325943,0.09866672048231954,1.3676306320450542,1.3999646710443228,-1.354862893518389
6387,test,0,0.37414215505123144,0.09866672048231954,1.3766668414445589,1.3611597479821176,-1.3308202648665326
6388,test,0,0.3229125253856182,0.09866672048231954,1.3865042066102489,1.3224862627627223,-1.3123543339452304
6389,test,0,0.26548149809241295,0.0942144914379875,1.396852009223693,1.2840539400696738,-1.304306996168431
6390,test,0,0.2965672761201858,0.0942144914379875,1.407531426942769,1.2454014743098742,-1.2964528355033718
6391,test,0,0.2744358330965042,0.0942144914379875,1.4185221334068578,1.207170448875631,-1.28376124651783
6392,test,0,0.2139119803905487,0.0942144914379875,1.4301197320310688,1.1690723749830956,-1.2647030618203203
6393,test,0,0.2123871147632599,0.0942144914379875,1.442576067159132,1.1312218576380046,-1.238093141981932
6394,test,0,0.3021244555711746,0.0942144914379875,1.456243737676529,1.0942169885914443,-1.191963653022346
6395,test,0,0.2815895825624466,0.10565978820508226,1.471877793435768,1.0578373961433873,-1.1410154686442722
6396,test,0,0.1664845049381255,0.10565978820508226,1.4891467268505798,1.0221667975916617,-1.0982042560733742
6397,test,0,0.20275914669036865,0.10565978820508226,1.5080285776432925,0.9874318973446804,-1.0398887370201562
6398,test,0,0.2436245083808899,0.10565978820508226,1.5291101974595174,0.9543385574710845,-0.9712663117969805
6399,test,0,0.1977863907814026,0.1441773105673957,1.5524263917198955,0.9222879006882739,-0.9134283123558574
6400,test,0,0.2611424922943115,0.1441773105673957,1.5774011516929842,0.8916936497429105,-0.8583071184547326
6401,test,0,0.248474732041359,0.15583278681165852,1.7739459005175549,0.7276162518393648,-0.5374836449124151
6402,test,0,0.10293439030647278,0.15583278681165852,1.808443080954812,0.7081714774080548,-0.49427019176209425
6403,test,0,0.04918837547302246,0.1586356518260202,1.8258705475982453,0.698958555764756,-0.4741981801065355
6404,test,0,0.08224454522132874,0.1586356518260202,1.8613685126336914,0.6820517536405013,-0.41444878565963755
6405,test,0,0.00043785572052001953,0.1586356518260202,1.8979200827327243,0.6672536589719494,-0.3572019026259262
6406,test,0,0.04788023233413696,0.1586356518260202,1.9351319211189448,0.6544688102393068,-0.30440747582341654
6407,test,0,0.08369813859462738,0.14902213125622235,1.9733081189760568,0.6434479369995334,-0.26070101151250286
6408,test,0,0.08950617909431455,0.14902213125622235,2.0118179369782974,0.6338755101768654,-0.22905242141854262
6409,test,0,0.06954365968704224,0.14902213125622235,2.050664679720833,0.6253155530444641,-0.205688812773741
6410,test,0,0.11160729825496676,0.14902213125622235,2.089881550158981,0.6175706359295132,-0.18345945207366096
6411,test,0,0.08628378808498383,0.14902213125622235,2.128962248187982,0.610780376750016,-0.16125272647801248
6412,test,0,0.07362914085388184,0.14902213125622235,2.1684292077964193,0.6047819001004267,-0.14082144218548512
6413,test,0,0.08169692754745483,0.12249245536540046,2.207941043926898,0.5995142149043018,-0.12495670624036667
6414,test,0,0.09384343400597572,0.12249245536540046,2.247472773170266,0.5948608081447293,-0.1102061965495283
6415,test,0,0.09224608540534973,0.12249245536540046,2.2871692869410243,0.5906931635359712,-0.10027481327260551
6416,test,0,0.09604851529002192,0.12249245536540046,2.3268762486750014,0.586877203900969,-0.09152753554536142
6417,test,0,0.07551222667098045,0.12249245536540046,2.366662948538243,0.5834406351852511,-0.08066519490158017
6418,test,0,0.07552602142095569,0.12249245536540046,2.4063947265263748,0.5804068783910803,-0.07187634958627426
6419,test,0,0.06141019985079764,0.009668697378389966,2.4461916873980853,0.5777763408602319,-0.05986379228593597
6420,test,0,0.054530769586563096,0.009668697378389966,2.485973146532807,0.5756429308533055,-0.04831570963363684
6421,test,0,0.044965438544750214,0.009668697378389966,2.5258822553187916,0.5739384527510737,-0.03713448415512497
6422,test,0,0.028498724102973938,0.009668697378389966,2.5657391438131993,0.5727414535368275,-0.022640481868561477
6423,test,0,0.01844821125268936,0.009668697378389966,2.605505353076103,0.5720934215497101,-0.010086912281761245
6424,test,0,0.015073534101247787,0.009668697378389966,2.6454793948391693,0.5719628917428154,0.0037087500518142233
6425,test,0,0.016347151249647127,0.06011171011421537,2.6852340978883604,0.5723935017557138,0.0164558425540759
6426,test,0,0.003342021256685257,0.06011171011421537,2.7251627099428455,0.5732532530546421,0.026603033814315138
6427,test,0,0.004948548972606659,0.06011171011421537,2.765126946897944,0.5745394192925088,0.03794455031892757
6428,test,0,0.0050221942365169525,0.06011171011421537,2.8048600817106326,0.5762606890528373,0.04832752143800321
6429,test,0,0.00028440728783607483,0.06011171011421537,2.844854946668225,0.5783836537790056,0.05806176572218217
6430,test,0,0.003291133791208267,0.06011171011421537,2.8845740788703047,0.5809072470371284,0.06756590146352107
6431,test,0,0.003658115863800049,0.06685377405388532,2.92440212467641,0.5837154109324951,0.0726886976770661
6432,test,0,0.0045207086950540525,0.06685377405388532,2.964335931160704,0.5867020987173258,0.07728588005691396
6433,test,0,0.013059044256806374,0.06685377405388532,3.0040545782857664,0.589866494873533,0.0806933817702542
6434,test,0,0.042513666674494736,0.06685377405388532,3.0439816301354767,0.5931464186192041,0.08318347934850293
6435,test,0,0.02602950669825077,0.06685377405388532,3.0837782947129497,0.5965320327697976,0.08624237776962378
6436,test,0,0.026672009378671646,0.06685377405388532,3.123532359797985,0.5999981348658794,0.0872344623813639
6437,test,0,0.03082466870546341,0.05271451093978142,3.1635104956397675,0.6035030306873373,0.08785014283190572
6438,test,0,0.010344024281948805,0.05271451093978142,3.2031996436401413,0.6070219191335366,0.0878530059422876
6439,test,0,0.01099408557638526,0.05271451093978142,3.2430802957536025,0.6105081090171937,0.08617314743309865
6440,test,0,0.013377558439970016,0.05271451093978142,3.282976294342887,0.613928797090043,0.08489478354620872
6441,test,0,0.010457427240908146,0.05271451093978142,3.322716557504252,0.6172594804953876,0.08206304009131062
6442,test,0,0.008352478966116907,0.05271451093978142,3.3627267970519545,0.6204850127475091,0.07872195819776037
6443,test,0,0.0015412922948598896,0.032921101943279726,3.4025101313465527,0.6235890792514371,0.07608174990861138
6444,test,0,0.005687447264790535,0.032921101943279726,3.4423897176834246,0.6265536733990199,0.07212999818333082
6445,test,0,0.0043342132121324504,0.032921101943279726,3.4823587777991802,0.6293767732551032,0.06954835203132978
6446,test,0,0.0030759628862142563,0.032921101943279726,3.5221663468202022,0.6321001746554239,0.06625085229732607
6447,test,0,0.05605709180235863,0.032921101943279726,3.562189544171166,0.6346755828004054,0.06205341445713915
6448,test,0,0.004014475271105763,0.032921101943279726,3.6020606942841105,0.6371026945701438,0.058924155620034044
6449,test,0,0.007920952513813972,0.02186964134730289,3.6419500465189043,0.6393604668868582,0.05395385468128821
6450,test,0,0.001529807224869728,0.02186964134730289,3.6819739144124832,0.6414263125068843,0.04973365024405471
6451,test,0,0.00758981890976429,0.02186964134730289,3.721835930674705,0.6433346738278823,0.04504189130851449
6452,test,0,0.0040526483207941055,0.02186964134730289,3.7618719177643385,0.6450226855883145,0.03904369310603042
6453,test,0,0.008910721167922016,0.02186964134730289,3.8018329112733307,0.646504590198696,0.03515044880356421
6454,test,0,0.019695148337632418,0.02186964134730289,3.8417469619051143,0.6477988620642633,0.02919426392618328
6455,test,0,0.018526524771004915,0.0359957957525752,3.8818219363319715,0.6488537012036832,0.023860331111132612
6456,test,0,0.012694129720330238,0.0359957957525752,3.921736690722807,0.6497512876775556,0.02033113182791899
6457,test,0,0.016064558760263026,0.0359957957525752,3.9617477700417125,0.6504672326264668,0.01527959713813316
6458,test,0,0.008227496407926083,0.0359957957525752,4.001721539134469,0.651022166606656,0.012903600581771498
6459,test,0,0.003479817882180214,0.0359957957525752,4.041653125518702,0.6514886850523051,0.009762055032547288
6460,test,0,0.00013049179688096046,0.0359957957525752,4.08172308268886,0.6518143365544902,0.006802554451822537
6461,test,0,0.005187362432479858,0.035198536607670305,4.121634488630788,0.6520979597639698,0.006757643076705108
6462,test,0,0.002593038138002157,0.035198536607670305,4.161591159628283,0.652336761114411,0.004910446242350663
6463,test,0,0.005605434998869896,0.035198536607670305,4.201592830839221,0.652521406046801,0.004670259436093658
6464,test,0,0.006236856337636709,0.035198536607670305,4.241530743031162,0.6527147641737814,0.004048158822048885
6465,test,0,0.0020697240252047777,0.035198536607670305,4.281572998224737,0.6528353147855852,0.0018917807977548158
6466,test,0,0.005476601421833038,0.035198536607670305,4.321524263596396,0.6529153190114618,0.001992896473762954
6467,test,0,0.0030771843157708645,0.011553570653715704,4.361469638610994,0.6529773115529711,0.00040220121014680857
6468,test,0,0.0023470744490623474,0.011553570653715704,4.401491008657226,0.6529715356236664,-0.00041668300596939387
6469,test,0,0.0050436644814908504,0.011553570653715704,4.441406661802716,0.6529790388958866,0.00011650837394269514
6470,test,0,0.004930490627884865,0.011553570653715704,4.4814017088753015,0.6529822654745912,-0.00020937631151476805
6471,test,0,0.0026434026658535004,0.011553570653715704,4.521416223822026,0.6529987170246182,0.0012553576543395837
6472,test,0,0.009544510394334793,0.011553570653715704,4.561317205457801,0.6530699724413057,0.001499491704153133
6473,test,0,0.01790720713324845,0.01019421684081826,4.601374921117942,0.6531473518777438,0.0024760908168461595
6474,test,0,0.025470540393143892,0.01019421684081826,4.641284063364478,0.6533244236128133,0.006031739781561514
6475,test,0,0.015500694047659636,0.01019421684081826,4.68119231609418,0.6536280489360903,0.009225830363832666
6476,test,0,0.02402921114116907,0.01019421684081826,4.721187606055113,0.6540623265892631,0.012137030106814151
6477,test,0,0.004614877514541149,0.01019421684081826,4.761078620156075,0.6546118997982617,0.014726871864175477
6478,test,0,0.02962744329124689,0.01019421684081826,4.801129912384765,0.6551667156665799,0.011806236006797631
6479,test,0,0.04782437905669212,0.013131543553850846,4.841037496786029,0.6555516647170169,0.006178648575046385
6480,test,0,0.01748809590935707,0.013131543553850846,4.881043557760573,0.655614139448948,-0.003728286127985341
6481,test,0,0.014772932045161724,0.013131543553850846,4.921078404119739,0.6553405976218,-0.008466788449689028
6482,test,0,0.02431055624037981,0.013131543553850846,4.961003861401105,0.6549836956639953,-0.01006312544534126
6483,test,0,0.04037926625460386,0.013131543553850846,5.001021402441554,0.6545306578314406,-0.012923668317853411
6484,test,0,0.0452033132314682,0.013131543553850846,5.040989951484104,0.6539494424896939,-0.016856522454839467
6485,test,0,0.018783235922455788,0.011005973283749278,5.080991832568621,0.6531642736978917,-0.02304663933526774
6486,test,0,0.01035944372415543,0.011005973283749278,5.121036303755605,0.652182550474168,-0.024560320421903196
6487,test,0,0.02903652004897594,0.011005973283749278,5.160967092463401,0.6512696778644634,-0.021381916355186135
6488,test,0,0.04286602512001991,0.011005973283749278,5.200855391783672,0.6504103631178619,-0.022275149399615057
6489,test,0,0.058380547910928726,0.011005973283749278,5.24085696225492,0.6495063080773273,-0.023206840257612604
6490,test,0,0.04982256144285202,0.011005973283749278,5.2807802407187365,0.6485333881689896,-0.026962403414496277
6491,test,0,0.04981773532927037,0.019177938348115296,5.3208201798778685,0.6473608264851849,-0.03153426759575416
6492,test,0,0.03829470463097096,0.019177938348115296,5.360776650060948,0.6460955431202119,-0.031283149573290016
6493,test,0,0.031789204105734825,0.019177938348115296,5.400607505916197,0.6448536041549053,-0.03125459676666496
6494,test,0,0.04248985648155213,0.019177938348115296,5.440591849836983,0.6436481995514376,-0.028666909192784848
6495,test,0,0.051711421459913254,0.019177938348115296,5.480445916475621,0.6425809266205043,-0.02625217449559952
6496,test,0,0.049067266285419464,0.019177938348115296,5.52042651783996,0.6415416783152569,-0.026157190770176038
6497,test,0,0.04004586115479469,0.02531932531031037,5.560391564471998,0.6405334723827749,-0.02416562415755083
6498,test,0,0.03573922254145146,0.02531932531031037,5.600206339465431,0.6396067239914258,-0.022990374725451335
6499,test,0,0.02699654921889305,0.02531932531031037,5.6402216491626245,0.6387465573739327,-0.019630513401124178
6500,test,0,0.02266199328005314,0.02531932531031037,5.680100051521725,0.6381039718208272,-0.013054593784012403
6501,test,0,0.06187969073653222,0.02531932531031037,5.719990558072641,0.6376545869369935,-0.009806925497826953
6502,test,0,0.06476671993732452,0.02531932531031037,5.760021240798377,0.637289493132106,-0.009484940438631538
6503,test,0,0.0618552677333355,0.036070965698985984,5.799943654166143,0.6368870204466198,-0.011604392267370848
6504,test,0,0.030900921672582626,0.036070965698985984,5.839999827414907,0.6363780113239469,-0.013755469655773385
6505,test,0,0.030054138973355293,0.036070965698985984,5.879952578167504,0.6358810938176692,-0.01061401487167899
6506,test,0,0.0833500325679779,0.036070965698985984,5.919786038567657,0.6354993510857441,-0.008649561446628101
6507,test,0,0.10954955965280533,0.036070965698985984,5.959766080333249,0.6351236208291161,-0.011660925125662922
6508,test,0,0.09344584867358209,0.036070965698985984,5.999804085479745,0.6344914195785565,-0.021794849419359965
6509,test,0,0.053703442215919495,0.041155215216636176,6.039864064678175,0.633422365932171,-0.03020554680165796
6510,test,0,0.052144806832075105,0.041155215216636176,6.079844495021258,0.6322165445084409,-0.028090838775849815
6511,test,0,0.08639046177268028,0.041155215216636176,6.119621255981145,0.6311869243156591,-0.02403092846890153
6512,test,0,0.09123377129435539,0.041155215216636176,6.159640573021949,0.6302443908207113,-0.024784108513425614
6513,test,0,0.042956877499818795,0.041155215216636176,6.199578711498489,0.629224441805531,-0.027163782749113425
6514,test,0,0.035520244389772415,0.041155215216636176,6.239505646703603,0.6280998575171993,-0.028579456268211414
6515,test,0,0.01683194190263748,0.048849705456536996,6.279550665142067,0.6270654983929197,-0.020567390273883122
6516,test,0,0.005803488194942474,0.048849705456536996,6.319306018617957,0.6264971341856743,-0.008627262531395886
6517,test,0,0.009881749749183655,0.048849705456536996,6.359280727144765,0.6264018162351832,0.0039866183076694706
6518,test,0,0.042767638340592384,0.048849705456536996,6.3991609520231885,0.6267711045667217,0.012480042946564032
6519,test,0,0.057639431208372116,0.048849705456536996,6.439064184965073,0.627266434541541,0.010655435313630127
6520,test,0,0.04857319965958595,0.048849705456536996,6.479071779574273,0.6276287611874146,0.007776077959432821
6521,test,0,0.04838358610868453,0.05551415080661679,6.519008345137327,0.6279173166705913,0.006184536146994201
6522,test,0,0.042268095538020134,0.05551415080661679,6.5590374698161895,0.628147078055176,0.0055962065339390035
6523,test,0,0.013832094147801403,0.05551415080661679,6.599000727069426,0.6284346164318614,0.008957009928446447
6524,test,0,0.04640706256031991,0.05551415080661679,6.638864458266401,0.6288429739911203,0.01108535965969233
6525,test,0,0.05899066478013992,0.05551415080661679,6.678891332564206,0.6293200159097379,0.012598836781835068
6526,test,0,0.011790905147790902,0.05551415080661679,6.718822614370891,0.6298309975231596,0.011567274190043499
6527,test,0,0.0059568751603364944,0.05627469372936803,6.758839500952828,0.6302075791055247,0.006763897789596911
6528,test,0,0.008757378906011581,0.05627469372936803,6.798820654082306,0.6304055195064845,0.0032890170599015685
6529,test,0,0.026908989995718002,0.05627469372936803,6.838825680902191,0.6304242524952228,-0.003624828676112522
6530,test,0,0.03316928446292877,0.05627469372936803,6.878932451918835,0.6300897473497786,-0.01306449658453811
6531,test,0,0.01026033703237772,0.05627469372936803,6.918918016503111,0.6294307384989237,-0.020164554750943132
6532,test,0,0.011537097860127687,0.062109852100206045,6.958915564424264,0.628496650248267,-0.02622761652022378
6533,test,0,0.0033512203954160213,0.062109852100206045,6.998932116668098,0.6273814210618339,-0.029082779160659867
6534,test,0,0.003279920667409897,0.062109852100206045,7.038810364656936,0.6262007232110024,-0.03099353716566603
6535,test,0,0.018008913844823837,0.062109852100206045,7.078819720640196,0.6249253697396698,-0.03271444582686154
6536,test,0,0.011200768873095512,0.062109852100206045,7.118777576255517,0.62363013583101,-0.03225940942461727
6537,test,0,0.010862113442271948,0.062109852100206045,7.158623145386918,0.622332203826436,-0.03341624590603207
6538,test,0,0.026432760059833527,0.06744701589738222,7.198627258823732,0.620983032841281,-0.03416065613735959
6539,test,0,0.023761287331581116,0.06744701589738222,7.238524567547081,0.6196279549389112,-0.03477407626493434
6540,test,0,0.012292709201574326,0.06744701589738222,7.278479485331805,0.6182035004192971,-0.036604468649311356
6541,test,0,0.005214737728238106,0.06744701589738222,7.3184410019750645,0.6167553719769974,-0.035548506450956203
6542,test,0,0.0046263523399829865,0.06744701589738222,7.358286313308401,0.6153738333609182,-0.03448780027067875
6543,test,0,0.007416015490889546,0.06744701589738222,7.398289006381597,0.6140335095421459,-0.03234513931354637
6544,test,0,0.013363642618060112,0.055125368052096245,7.438209442788471,0.6128248362879355,-0.028877909534130983
6545,test,0,6.678886711597443e-05,0.055125368052096245,7.478068857173091,0.611688967425837,-0.028183178556566768
6546,test,0,0.007986916229128838,0.055125368052096245,7.518052691992689,0.6106114807758403,-0.02537980185355642
6547,test,0,0.003010196611285213,0.055125368052096245,7.557884692115322,0.6096737946339674,-0.022864253468923568
6548,test,0,0.0022641215473413467,0.055125368052096245,7.597888266738945,0.608803932115572,-0.020666704480526037
6549,test,0,0.0010479893535375595,0.055125368052096245,7.637839377378559,0.6080628063469891,-0.016443229625547187
6550,test,0,0.0013021733611822163,0.0453536831928431,7.677672995268691,0.6074503038827763,-0.014804648474806226
6551,test,0,0.038556132465600974,0.0453536831928431,7.717703942549746,0.6069112322245586,-0.01186496220195162
6552,test,0,0.029969215393066406,0.0453536831928431,7.7575323110841765,0.6065294331679016,-0.008549251110033596
6553,test,0,0.023790966719388962,0.0453536831928431,7.797513340379711,0.6062428163746215,-0.0058213104245674755
6554,test,0,0.03299517929553985,0.0453536831928431,7.837512942636544,0.6061028631054963,-0.0006356260596970525
6555,test,0,0.019868694245815277,0.0453536831928431,7.877307096654326,0.6061665155577416,0.003034803757319514
6556,test,0,0.024582881946116686,0.053208964571916664,7.917358970260696,0.6063705306906598,0.007227790647449258
6557,test,0,0.014381904155015938,0.053208964571916664,7.957227096222648,0.6067713010191406,0.012019281884555946
6558,test,0,0.01925393566489219,0.053208964571916664,7.997162087959284,0.6073211247332696,0.015327013198306932
6559,test,0,0.009550454095005993,0.053208964571916664,8.037198670591172,0.6080190917259064,0.019897252835570374
6560,test,0,0.04519164375960827,0.053208964571916664,8.077052872196369,0.6089150997858139,0.024231802877734198
6561,test,0,0.04043973423540592,0.053208964571916664,8.117075038660621,0.6099551987987603,0.027971423569109515
6562,test,0,0.043037496507167816,0.04964444002247246,8.156954792394258,0.6111860737539281,0.03325652690338683
6563,test,0,0.04055465944111347,0.04964444002247246,8.196829127190174,0.6125638577785993,0.03521141571055965
6564,test,0,0.03858619183301926,0.04964444002247246,8.23685072474664,0.6140038539773474,0.03712929953235204
6565,test,0,0.03763355500996113,0.04964444002247246,8.276683622842459,0.6155407042384735,0.038792107834548124
6566,test,0,0.042548848316073425,0.04964444002247246,8.316668166245654,0.6170959468890578,0.03869028699402311
6567,test,0,0.03785461373627186,0.04964444002247246,8.356612395726701,0.6186672107090245,0.04008442390767926
6568,test,0,0.03848203644156456,0.04277192818213166,8.396469557010363,0.6202701429501712,0.03967809887629271
6569,test,0,0.04429213516414166,0.04277192818213166,8.4365381121393,0.6218371392201577,0.0384495655938921
6570,test,0,0.03234286420047283,0.04277192818213166,8.476383004308513,0.6233940728074753,0.038580588098344075
6571,test,0,0.02836887165904045,0.04277192818213166,8.516331315736052,0.6249023575128753,0.03656909464675025
6572,test,0,0.03581538423895836,0.04277192818213166,8.556322150064924,0.6263454950640223,0.03608665514513068
6573,test,0,0.039537183940410614,0.04277192818213166,8.596190002876696,0.6277734342082878,0.034717098634864524
6574,test,0,0.02555627003312111,0.03902345829610506,8.63624540192537,0.6291227463545076,0.03250160383876226
6575,test,0,0.03423648327589036,0.03902345829610506,8.676148615898322,0.6304191051399504,0.03183625261896829
6576,test,0,0.027336176484823227,0.03902345829610506,8.71606668582986,0.6316429754210879,0.029153376640052305
6577,test,0,0.04043007269501686,0.03902345829610506,8.756081871418303,0.6327665609943836,0.02759513383534028
6578,test,0,0.04012710973620415,0.03902345829610506,8.795982986895615,0.6338538861288373,0.025960414914575482
6579,test,0,0.030601222068071365,0.03902345829610506,8.836011341980958,0.6348396509402127,0.02312685491957874
6580,test,0,0.02763183042407036,0.02375955499370063,8.875965851573872,0.6357506039632762,0.022667069831058893
6581,test,0,0.026150017976760864,0.02375955499370063,8.915871453411743,0.6366279563422803,0.02067272225737793
6582,test,0,0.028429416939616203,0.02375955499370063,8.955935749318183,0.637413877186791,0.018735273259278918
6583,test,0,0.03467976674437523,0.02375955499370063,8.995822053575939,0.6381706821470586,0.018241575158583066
6584,test,0,0.03168070688843727,0.02375955499370063,9.035809271156785,0.6388585001506725,0.015869655995673512
6585,test,0,0.027202570810914047,0.02375955499370063,9.075780706172335,0.6394815665337426,0.015775773566473313
6586,test,0,0.04239914380013943,0.00831720516922194,9.115689823364386,0.64010609939916,0.014631294302917373
6587,test,0,0.026688756421208375,0.00831720516922194,9.155755385681399,0.6406570781274481,0.012967082262993878
6588,test,0,0.03381228819489479,0.00831720516922194,9.195663081073553,0.6411944690548457,0.013137915785419837
6589,test,0,0.03018891252577305,0.00831720516922194,9.23560706041633,0.6416856851111706,0.011124998862497614
6590,test,0,0.04022558778524399,0.00831720516922194,9.275600889711104,0.6421117294563058,0.010760937358660913
6591,test,0,0.037642939016222954,0.00831720516922194,9.315521057774838,0.6425528660963868,0.010437080594103655
6592,test,0,0.02867071330547332,0.0051381119409747876,9.355557297399367,0.6429394504821948,0.008702730859864009
6593,test,0,0.031905945390462875,0.0051381119409747876,9.395495568971866,0.6432955880750246,0.00903349702566469
6594,test,0,0.03028052672743798,0.0051381119409747876,9.435428948083004,0.6436314384968685,0.006950227213249752
6595,test,0,0.02713384106755256,0.0051381119409747876,9.475455077110963,0.6438729626205295,0.005568338177624334
6596,test,0,0.03085632622241974,0.0051381119409747876,9.515395900642018,0.6441022500855338,0.00520608464889028
6597,test,0,0.031121043488383293,0.0051381119409747876,9.555401080369748,0.6442696732714849,0.0028171181044539914
6598,test,0,0.028924724087119096,0.006163547216268152,9.595382933313736,0.6443699886910291,0.002454438086310514
6599,test,0,0.02208284754306078,0.006163547216268152,9.635318364810665,0.6444569206103415,0.001050786315648363
6600,test,0,0.02216769382357597,0.006163547216268152,9.67537752681742,0.6444594151867055,-0.000785840619825563
6601,test,0,0.03128569573163986,0.006163547216268152,9.715328765848314,0.6444394327368381,-0.0008069840020407933
6602,test,0,0.03623783215880394,0.006163547216268152,9.755291461130895,0.64437469195062,-0.0027950924148603335
6603,test,0,0.03177017718553543,0.006163547216268152,9.795312095386999,0.6442455852988367,-0.0035873585617401922
6604,test,0,0.024067040532827377,0.016623725217253228,9.835225290353833,0.6441027283504819,-0.0043360512787698
6605,test,0,0.03711953945457936,0.016623725217253228,9.875263219787279,0.6438994382437866,-0.006001642998135188
6606,test,0,0.03264451585710049,0.016623725217253228,9.915260726137959,0.6436587949132605,-0.006221878612617672
6607,test,0,0.033693647012114525,0.016623725217253228,9.955174309556718,0.6433815881126022,-0.008228638799211107
6608,test,0,0.037910982966423035,0.016623725217253228,9.995229394844227,0.643029103927622,-0.009241192595257049
6609,test,0,0.04518397152423858,0.016623725217253228,10.035129479070546,0.6426754623144455,-0.009434452989021047
6610,test,0,0.034215835854411125,0.025094132933996247,10.07513150150335,0.642275383840249,-0.010884460487153346
6611,test,0,0.030730992555618286,0.025094132933996247,10.115140934632187,0.6418445888203509,-0.010558859032728055
6612,test,0,0.034330019727349274,0.025094132933996247,10.15500952075456,0.6414220624063343,-0.011471185863609588
6613,test,0,0.03423209860920906,0.025094132933996247,10.195067324279176,0.6409481396869823,-0.012305709079814348
6614,test,0,0.0471173319965601,0.025094132933996247,10.235000746404959,0.6404887674932942,-0.011324529946544972
6615,test,0,0.03212621994316578,0.025094132933996247,10.27490149962727,0.6400203109692446,-0.012277911053362345
6616,test,0,0.042117346078157425,0.02337449481704167,10.31492048788362,0.6395457018640982,-0.011118646592854156
6617,test,0,0.029434838332235813,0.02337449481704167,10.354761267143166,0.6391373807394681,-0.010528605152827459
6618,test,0,0.03647327423095703,0.02337449481704167,10.394788467033809,0.6387268922787882,-0.009971077087988578
6619,test,0,0.032116878777742386,0.02337449481704167,10.43475834869066,0.6383802154368077,-0.007570472694027168
6620,test,0,0.03383638896048068,0.02337449481704167,10.474605387890229,0.6380871615318436,-0.007586370156791646
6621,test,0,0.04034085012972355,0.02337449481704167,10.514650962135505,0.6378068466423629,-0.006210053915860662
6622,test,0,0.027686000801622868,0.03453157271534989,10.554502803111312,0.6376174014277416,-0.004410731176499826
6623,test,0,0.0350738624110818,0.03453157271534989,10.594497739258859,0.6374618916068125,-0.003633646777495708
6624,test,0,0.03339226637035609,0.03453157271534989,10.634501060551237,0.6373620550619304,-0.0011316399132421423
6625,test,0,0.025256898254156113,0.03453157271534989,10.674362368439741,0.6373516083644105,-0.00027097166990205777
6626,test,0,0.034880033694207675,0.03453157271534989,10.714427119539604,0.6373545558415573,0.00019683364756439348
6627,test,0,0.031790610402822495,0.03453157271534989,10.754326312019943,0.6374133998967939,0.0020688244193071102
6628,test,0,0.019819328561425206,0.04351188704489752,10.794284295489263,0.6375114822291109,0.0024527614985064778
6629,test,0,0.027324505150318146,0.04351188704489752,10.834319816231133,0.6376367197991549,0.003962969627307547
6630,test,0,0.018470440059900284,0.04351188704489752,10.874211727162487,0.6378302068984024,0.004914973293900739
6631,test,0,0.01962905004620552,0.04351188704489752,10.914255338237956,0.6380314005205989,0.005122323152374139
6632,test,0,0.01656678505241871,0.04351188704489752,10.954201615126363,0.6382875143874416,0.007251061792208741
6633,test,0,0.021610112860798836,0.04351188704489752,10.994122649865592,0.6385918216959059,0.007499070123560716
6634,test,0,0.025308508425951,0.05316896456390581,11.034142814600694,0.6389052356621528,0.00849206914556599
6635,test,0,0.06338923797011375,0.05316896456390581,11.07405706133797,0.6392869895461517,0.009664243100019027
6636,test,0,0.052438601851463325,0.05316896456390581,11.114071010402611,0.6396675840240247,0.009134596504361424
6637,test,0,0.04978569224476814,0.05316896456390581,11.154036408189846,0.6400578126149027,0.010574384735340111
6638,test,0,0.05449056252837181,0.05316896456390581,11.19394676360137,0.6404923682847921,0.010376600377991499
6639,test,0,0.054210167378187187,0.05316896456390581,11.23399778269284,0.6409013713011178,0.010212163387812912
6640,test,0,0.04935033433139324,0.05917309266902635,11.273902787733444,0.6413493031124986,0.011407530065502993
6641,test,0,0.05370097234845162,0.05917309266902635,11.313879266697182,0.6417958522314404,0.010554214233836415
6642,test,0,0.0517058577388525,0.05917309266902635,11.353864602717367,0.6422247282492968,0.01121360665096297
6643,test,0,0.0556061789393425,0.05917309266902635,11.393771124361743,0.642686556398677,0.011044678054332728
6644,test,0,0.051784299314022064,0.05917309266902635,11.433828307923715,0.6431090593831447,0.010033188916022638
6645,test,0,0.04605018347501755,0.05917309266902635,11.473750878868252,0.6435451142439169,0.011242046963752108
6646,test,0,0.05011143907904624,0.059278595141492564,11.513679649057684,0.6439925316892661,0.0109071521709553
6647,test,0,0.040676338598132133,0.059278595141492564,11.553694369012828,0.6444444882333682,0.012284098257622578
6648,test,0,0.04470631293952465,0.059278595141492564,11.59359497077645,0.644990438047424,0.014120932110918217
6649,test,0,0.0025085080415010452,0.059278595141492564,11.63360894857629,0.6455682395385859,0.014596662497829765
6650,test,0,0.000622166320681572,0.059278595141492564,11.673540081796737,0.6461936324024844,0.016638007260234608
6651,test,0,0.0019282642751932144,0.059278595141492564,11.713447110440717,0.6468671136093485,0.016272313815051852
6652,test,0,0.0030828360468149185,0.05731826819946513,11.75349359740031,0.6475073001330313,0.01591012344211907
6653,test,0,0.004013221710920334,0.05731826819946513,11.793377596049597,0.6481745974744977,0.016475892077743335
6654,test,0,0.003613789041992277,0.05731826819946513,11.833362949812653,0.6488079604904783,0.014868576818902676
6655,test,0,0.007245838176459074,0.05731826819946513,11.87333579175319,0.6494145728738819,0.016127063653903213
6656,test,0,0.006376778706908224,0.05731826819946513,11.91324029117612,0.6500817058268216,0.01627884854150921
6657,test,0,0.008410971611738205,0.05731826819946513,11.953301098121978,0.6507141136571724,0.015243012766600873
6658,test,0,0.0017588362097740173,0.05853764270666332,11.993199872806882,0.6513446725099097,0.01538393904422245
6659,test,0,0.003812770824879408,0.05853764270666332,12.03314373411578,0.6519228303582058,0.013260143289002725
6660,test,0,0.009662805125117302,0.05853764270666332,12.073134977087678,0.6524303667609201,0.012674990701443574
6661,test,0,0.0037772543728351593,0.05853764270666332,12.1130431016634,0.652974912621234,0.014248463202569988
6662,test,0,0.004070375114679338,0.05853764270666332,12.153064788981585,0.6535583437612388,0.0146137874400493
6663,test,0,0.007574024610221386,0.05853764270666332,12.192967700742061,0.6541749375995444,0.01583398895323605
6664,test,0,0.022584376391023397,0.05447216472703466,12.232895500241789,0.6547765887988813,0.013357979137433583
6665,test,0,0.030665759462863207,0.05447216472703466,12.272943235235921,0.6552154832145567,0.008395513883189383
6666,test,0,0.013003129977732897,0.05447216472703466,12.31292279162772,0.655448163581553,0.002270878887830991
6667,test,0,0.05640630982816218,0.05447216472703466,12.352953872505728,0.655414263584573,-0.0034927987322549412
6668,test,0,0.06182327680289745,0.05447216472703466,12.39296995370024,0.6552348625280358,-0.004974928173959916
6669,test,0,0.052625894546508796,0.05447216472703466,12.432879527608598,0.6550170987492795,-0.006529122204559213
6670,test,0,0.029294760897755623,0.03564148618416344,12.472944005047692,0.6547278976885046,-0.008077462693531367
6671,test,0,0.03321247920393944,0.03564148618416344,12.51287252800186,0.6544703147737368,-0.004539573480088749
6672,test,0,0.020793680101633072,0.03564148618416344,12.552734687943426,0.6543326461252362,-0.0023911437942350476
6673,test,0,0.003400186076760292,0.03564148618416344,12.592760286761287,0.654311183627718,0.0017824679678365267
6674,test,0,0.010204199701547623,0.03564148618416344,12.632684965765124,0.6544340768558384,0.0026214960015266946
6675,test,0,0.007875137031078339,0.03564148618416344,12.672731829301936,0.6544957332529467,0.00021012045616852125
6676,test,0,0.002869073301553726,0.032382362412251925,12.712686745951643,0.6545004119936695,-0.00011243548973697447
6677,test,0,0.00031565502285957336,0.032382362412251925,12.752628773400113,0.654479823486355,-0.001431508840186262
6678,test,0,0.0007135681807994843,0.032382362412251925,12.79269196039491,0.6544123844890143,-0.0018227771955738375
6679,test,0,0.004395481199026108,0.032382362412251925,12.832604911498736,0.654364666800237,-0.0013601268547851933
6680,test,0,0.013313484872924164,0.032382362412251925,12.872608334346765,0.6542892342021774,-0.0027847842287340614
6681,test,0,0.02545217052102089,0.032382362412251925,12.912571592741857,0.6541640501467981,-0.003848773967272493
6682,test,0,0.031189190223813057,0.04938549967780061,12.952560365379458,0.6539454739228298,-0.00830384916675793
6683,test,0,0.029426053166389462,0.04938549967780061,12.992617769168172,0.6535136576954823,-0.01285689077346176
6684,test,0,0.023322291672229767,0.04938549967780061,13.032566202332147,0.6529722710779623,-0.014660844845413062
6685,test,0,0.018819882534444332,0.04938549967780061,13.072511766761297,0.6523374480040183,-0.01727494195297711
6686,test,0,0.03280222788453102,0.04938549967780061,13.11252923376224,0.6516256635887889,-0.018201925326235387
6687,test,0,0.0490340031683445,0.04938549967780061,13.152427987556734,0.650878397031578,-0.020464426857916843
6688,test,0,0.05544027127325535,0.05402518755515457,13.192479958592635,0.649966206136333,-0.025637688523725326
6689,test,0,0.06122170761227608,0.05402518755515457,13.23247640327558,0.6488565556816577,-0.030062936505568887
6690,test,0,0.057937055826187134,0.05402518755515457,13.272381811212641,0.6475386761417796,-0.03634493853960935
6691,test,0,0.06661210209131241,0.05402518755515457,13.312388086125251,0.6460033974583339,-0.03985744576864485
6692,test,0,0.0766040086746216,0.05402518755515457,13.352288154224066,0.6443922289536466,-0.0416500797550337
6693,test,0,0.08702249452471732,0.05402518755515457,13.392249417748026,0.6426735815104188,-0.04436971024576771
6694,test,0,0.12150812894105911,0.05532747810476706,13.432194675216255,0.6408818272434628,-0.045566212542614275
6695,test,0,0.09347313269972801,0.05532747810476706,13.472085907492767,0.6389625004994075,-0.05238972796884377
6696,test,0,0.05392702668905258,0.05532747810476706,13.512056402397445,0.6367778678868954,-0.05544417766451523
6697,test,0,0.06954475678503513,0.05532747810476706,13.551942763304965,0.6346863387492765,-0.04773542976552707
6698,test,0,0.08978739380836485,0.05532747810476706,13.591770401141314,0.6328839505135909,-0.04343321551759197
6699,test,0,0.05272696353495121,0.05532747810476706,13.631673188581061,0.6312125385647744,-0.04134389944263064
6700,test,0,0.0789126418530941,0.06100007198564102,13.67152980980558,0.6295778296868203,-0.0420990930134611
6701,test,0,0.022794447839260094,0.06100007198564102,13.711506919957607,0.6279242345617486,-0.039790984881285525
6702,test,0,0.011670492589473724,0.06100007198564102,13.75140501498599,0.6264755636387392,-0.03232381379656693
6703,test,0,0.05799468606710434,0.06100007198564102,13.791205751981554,0.6253097541286515,-0.02637355052465758
6704,test,0,0.08258267119526863,0.06100007198564102,13.831189076330828,0.6243857699819206,-0.019873909908126715
6705,test,0,0.09413281828165054,0.06100007198564102,13.871026955371962,0.6236838075170821,-0.017656302001796343
6706,test,0,0.10674357414245604,0.04909943424532113,13.911046615640442,0.6229383213936837,-0.020440536352452625
6707,test,0,0.0744575671851635,0.04909943424532113,13.9510482469614,0.6220731060424113,-0.023132091315187044
6708,test,0,0.12234779074788095,0.04909943424532113,13.991000917209648,0.6210519587026874,-0.028999955155793837
6709,test,0,0.0720662847161293,0.04909943424532113,14.031059204388393,0.6197567969861772,-0.035512292041646
6710,test,0,0.06109803542494775,0.04909943424532113,14.071013605015315,0.618276757058921,-0.038582481102269285
6711,test,0,0.04889715090394019,0.04909943424532113,14.110904425240184,0.6166894456172579,-0.04036733998456812
6712,test,0,0.033943142741918564,0.05182409870420535,14.150885341070312,0.6151262369417293,-0.036647200367759286
6713,test,0,0.0345875546336174,0.05182409870420535,14.190690713809277,0.6137965043457496,-0.030722912862775245
6714,test,0,0.05379148945212363,0.05182409870420535,14.230674212632529,0.6126842950924639,-0.025177528348388087
6715,test,0,0.06418391317129135,0.05182409870420535,14.270606227819913,0.6117857894876378,-0.020686369113584506
6716,test,0,0.06368103623390198,0.05182409870420535,14.310482264135207,0.610956760349848,-0.021780639851829733
6717,test,0,0.047922544181346886,0.05182409870420535,14.35050621766691,0.6100824739494839,-0.02156520233673481
6718,test,0,0.07279645651578902,0.053505750954464026,14.390352408477678,0.6092717964771737,-0.019978511909165535
6719,test,0,0.08992866426706314,0.053505750954464026,14.430347848344267,0.6085026923968745,-0.018507664299766385
6720,test,0,0.11235618591308592,0.053505750954464026,14.470320463633783,0.6078183297062788,-0.015876955557066783
6721,test,0,0.10931385308504103,0.053505750954464026,14.51014527650834,0.60720854003729,-0.015406852718433811
6722,test,0,0.0532781444489956,0.053505750954464026,14.550192830089374,0.6066074922418713,-0.014805613735835072
6723,test,0,0.11017698794603349,0.053505750954464026,14.590061870575935,0.6060634970663592,-0.013543931316772671
6724,test,0,0.1237790584564209,0.056864482918014846,14.630016454007249,0.6055299750564729,-0.013344216795480856
6725,test,0,0.1277724802494049,0.056864482918014846,14.670029053443557,0.6050171851377538,-0.012414015711629594
6726,test,0,0.12133796140551567,0.056864482918014846,14.709860904665273,0.6045329439671279,-0.012812477024133262
6727,test,0,0.046369072049856186,0.056864482918014846,14.749908832944191,0.6040261214606746,-0.012521953411075853
6728,test,0,0.10463174059987068,0.056864482918014846,14.789846149203331,0.6035917601978343,-0.009471075204608319
6729,test,0,0.10216032341122627,0.056864482918014846,14.829682180789892,0.6032546316552954,-0.0070471740279398724
6730,test,0,0.10580453276634216,0.054099760105121575,14.86971622811683,0.6030524157566474,-0.0027930671362600976
6731,test,0,0.023836314678192146,0.054099760105121575,14.909516419454214,0.6030418457707637,0.001063874139087374
6732,test,0,0.020467922091484077,0.054099760105121575,14.949519588613226,0.6031574671754661,0.004957669348228217
6733,test,0,0.016936916857957833,0.054099760105121575,14.989493494147583,0.6034702399752636,0.010652983696726874
6734,test,0,0.024222515523433685,0.054099760105121575,15.029323160758338,0.6039732489698016,0.01413164965388848
6735,test,0,0.022118844091892242,0.054099760105121575,15.069372599286778,0.60460824442001,0.01769936372651189
6736,test,0,0.016048580408096313,0.05052758352130208,15.109247900079726,0.6054195506395998,0.02213913701905786
6737,test,0,0.023432835936546326,0.05052758352130208,15.149208854333287,0.6063599695330217,0.024802067884469
6738,test,0,0.021057970821857452,0.05052758352130208,15.189164295598877,0.6074216340379316,0.02881075149435893
6739,test,0,0.008955942466855046,0.05052758352130208,15.229017916292971,0.6086361121497402,0.031181907302271255
6740,test,0,0.057760898023843765,0.05052758352130208,15.269069916761126,0.6099137397960827,0.032570245179523206
6741,test,0,0.05021754652261734,0.05052758352130208,15.3089202810303,0.6112811974805616,0.03509519489680539
6742,test,0,0.05520972982048988,0.04957348673466992,15.34883749550367,0.6126950713524595,0.0353354019239551
6743,test,0,0.042531859129667275,0.04957348673466992,15.388829396263272,0.6141218780234132,0.03666153286836007
6744,test,0,0.03880717232823372,0.04957348673466992,15.428682677875505,0.6156181212065102,0.03745520746533601
6745,test,0,0.040224891155958176,0.04957348673466992,15.468699187337164,0.6171213121836495,0.037490055137420014
6746,test,0,0.04386906139552594,0.04957348673466992,15.508610949446242,0.6186562417033823,0.03914671692262043
6747,test,0,0.039165697991847985,0.04957348673466992,15.548484565640324,0.6202074210858178,0.03804626965656784
6748,test,0,0.040704820305109024,0.047094606403654864,15.588546251418936,0.6217078671443773,0.03707214416487509
6749,test,0,0.02798398584127426,0.047094606403654864,15.628379320114055,0.6232044430981133,0.036864230720301185
6750,test,0,0.03850608691573144,0.047094606403654864,15.668360946486679,0.6246470865950473,0.03505979474058483
6751,test,0,0.03969645872712135,0.047094606403654864,15.708330851063938,0.6260391860248078,0.03493880851512321
6752,test,0,0.03942525386810303,0.047094606403654864,15.748203845297173,0.6274136133963941,0.033191567037093334
6753,test,0,0.03710034862160683,0.047094606403654864,15.78827913063951,0.6287002197874969,0.03106500345695893
6754,test,0,0.02928142622113228,0.03362304413693673,15.828154286352424,0.6299510866038939,0.03074287477841792
6755,test,0,0.021463139913976192,0.03362304413693673,15.868102661735724,0.6311415101897648,0.028514307947490578
6756,test,0,0.027028776705265045,0.03362304413693673,15.90810324449147,0.632254766151113,0.027702482264143527
6757,test,0,0.007211366202682257,0.03362304413693673,15.94798942920538,0.633350568618703,0.026374359043041508
6758,test,0,0.018920942209661007,0.03362304413693673,15.98804090381429,0.6343651173378888,0.024136218776223288
6759,test,0,0.017011502757668495,0.03362304413693673,16.02797155817529,0.6353363318262975,0.024198079321095294
6760,test,0,0.021744740195572376,0.022051960229537163,16.067885847706137,0.6362670967190772,0.021988440756282254
6761,test,0,0.022814440540969372,0.022051960229537163,16.107915607277175,0.637106807967786,0.020482654829888453
6762,test,0,0.00720568373799324,0.022051960229537163,16.147820039191924,0.6379232496126601,0.019494870785683106
6763,test,0,0.0230944762006402,0.022051960229537163,16.187833251554416,0.6386634042672479,0.0173652846114616
6764,test,0,0.02547646500170231,0.022051960229537163,16.227794510973396,0.6393476224970587,0.01697998564349535
6765,test,0,0.023160354234278202,0.022051960229537163,16.26770449596721,0.6399996364666317,0.014955057132651448
6766,test,0,0.018115193583071232,0.018515648475243004,16.307779234646496,0.6405517578103552,0.012697207627905441
6767,test,0,0.018260184675455093,0.018515648475243004,16.34766724871304,0.6410725635778728,0.012545823171430208
6768,test,0,0.02975914254784584,0.018515648475243004,16.387642613385808,0.6415413139623337,0.010608419336350596
6769,test,0,0.033693600445985794,0.018515648475243004,16.427624613093396,0.6419553780780927,0.010545565174379854
6770,test,0,0.02779669314622879,0.018515648475243004,16.46753680025962,0.6423792319010335,0.009832646108805009
6771,test,0,0.029424116015434265,0.018515648475243004,16.507594193648277,0.6427421932071846,0.008265576658680883
6772,test,0,0.01765453070402145,0.010956675123444042,16.547523424156786,0.6430946946054702,0.00886829808330162
6773,test,0,0.02913267724215985,0.010956675123444042,16.587457084157062,0.6434311764287245,0.0076347710313743175
6774,test,0,0.040276266634464264,0.010956675123444042,16.627475671056906,0.6437254599878532,0.007544348345919596
6775,test,0,0.03699776716530324,0.010956675123444042,16.667401521077796,0.6440483540435998,0.00766190663357777
6776,test,0,0.02834329940378666,0.010956675123444042,16.70742288762906,0.6443321309526947,0.006364618422033064
6777,test,0,0.002933507319539787,0.010956675123444042,16.747387008864152,0.6445977082795068,0.006970576191177864
6778,test,0,0.042369682341814034,0.009746736691747592,16.787307938613644,0.6448735706407762,0.006101267994811146
6779,test,0,0.028118472546339035,0.009746736691747592,16.82735370651186,0.6450970153589742,0.005157448666953451
6780,test,0,0.03348171338438987,0.009746736691747592,16.86728207590559,0.6453228548230315,0.005463048605291683
6781,test,0,0.03172381967306137,0.009746736691747592,16.90726853388339,0.6455157326835341,0.003841584670084923
6782,test,0,0.004894315145747896,0.009746736691747592,16.94726366204787,0.6456707691429964,0.00414395636392193
6783,test,0,0.02680245414376258,0.009746736691747592,16.987193041760403,0.645840124024336,0.0034230208019280705
6784,test,0,0.027325239032506936,0.008601578896963431,17.027254212556223,0.64594071720306,0.001665894684751696
6785,test,0,0.03489169478416443,0.008601578896963431,17.067199735416747,0.6460197074198232,0.0016105923449042838
6786,test,0,0.028395529836416238,0.008601578896963431,17.107150098403682,0.6460530351019051,-0.000242842363751978
6787,test,0,0.005110934376716614,0.008601578896963431,17.147171172411593,0.6460252602148409,-0.001039317649296241
6788,test,0,0.03587237372994423,0.008601578896963431,17.18711120966026,0.6459859373739223,-0.001681621836193333
6789,test,0,0.02899301797151565,0.008601578896963431,17.227143293223172,0.6458808364864825,-0.0036952671863321796
6790,test,0,0.01666325144469738,0.012118189352434491,17.267120343191717,0.6457333777050798,-0.003975438845434961
6791,test,0,0.02938244864344597,0.012118189352434491,17.3070489514618,0.6455474029821512,-0.005991287472226353
6792,test,0,0.028168911114335067,0.012118189352434491,17.34712156811378,0.6452717009381764,-0.007797934201627336
6793,test,0,0.019771888852119446,0.012118189352434491,17.38703644082042,0.6449613424537871,-0.008514384804808343
6794,test,0,0.015803739428520203,0.012118189352434491,17.427033165764296,0.6445868051306104,-0.010667276932886745
6795,test,0,0.0181566197425127,0.012118189352434491,17.46705332879255,0.6441491993174137,-0.011061700910317851
6796,test,0,0.01626016572117805,0.008411503186604836,17.506937457620104,0.643699180262132,-0.012395604885063412
6797,test,0,0.01287858560681343,0.008411503186604836,17.546994622216964,0.6431738619147593,-0.014035337335638852
6798,test,0,0.020377544686198235,0.008411503186604836,17.586954454207984,0.6426254453632496,-0.013818804517526307
6799,test,0,0.04870000481605529,0.008411503186604836,17.62684249829777,0.6420403703998856,-0.01568114299835076
6800,test,0,0.03931458480656147,0.008411503186604836,17.666871058332777,0.6414091375430969,-0.015590037481455933
6801,test,0,0.024298671633005142,0.008411503186604836,17.70672264268244,0.6408118582779009,-0.015525331541866813
6802,test,0,0.0343624297529459,0.007516407117343547,17.74674203633217,0.6401792254217095,-0.01624281930794885
6803,test,0,0.047211088240146644,0.007516407117343547,17.78672186554479,0.6395539983811193,-0.0150687313829857
6804,test,0,0.017181215807795525,0.007516407117343547,17.82655892139209,0.6389514254222758,-0.01578382487123026
6805,test,0,0.021423380821943283,0.007516407117343547,17.866599103215584,0.6383319039305979,-0.014956748821123824
6806,test,0,0.029289567843079567,0.007516407117343547,17.906456269532313,0.6377898230837852,-0.01340385713587659
6807,test,0,0.01829148083925247,0.007516407117343547,17.94642693158632,0.6372668358437888,-0.013007414911900342
6808,test,0,0.04884109646081925,0.014257185038070797,17.986429527739528,0.6367847708492714,-0.010852533935575375
6809,test,0,0.029660077765583985,0.014257185038070797,18.026259684522167,0.6363847130930868,-0.01018480731091352
6810,test,0,0.020867444574832916,0.014257185038070797,18.066311505027574,0.6359957180474313,-0.009401667263976638
6811,test,0,0.016881529241800308,0.014257185038070797,18.106236190925234,0.6356761619416864,-0.007251974221526575
6812,test,0,0.015024494379758831,0.014257185038070797,18.146122284949833,0.6353858474023525,-0.007463504361164134
6813,test,0,0.02598720043897628,0.014257185038070797,18.186157121635766,0.6351161045713432,-0.0056086541738154735
6814,test,0,0.014625981450080872,0.016802096455784406,18.226000320090822,0.6349427021818828,-0.0042272713187555475
6815,test,0,0.0378284715116024,0.016802096455784406,18.266028507488528,0.6347892108829127,-0.003546021502036809
6816,test,0,0.035188894718885415,0.016802096455784406,18.306008454358153,0.6346944769404801,-0.0014077874475107166
6817,test,0,0.036109115928411484,0.016802096455784406,18.345888178804337,0.6346449675112613,-0.0016612134574316214
6818,test,0,0.03716476075351238,0.016802096455784406,18.385950471672867,0.6345851266263188,-0.0012722832079668743
6819,test,0,0.04334437288343907,0.016802096455784406,18.42583462788878,0.6345775312780831,-1.4504614720049476e-05
6820,test,0,0.033664632588624954,0.02305403673696456,18.46582743671709,0.6345840211995385,0.00010225554752349234
6821,test,0,0.03294515237212181,0.02305403673696456,18.50584355529365,0.634623323269777,0.002158534986259996
6822,test,0,0.025673663243651394,0.02305403673696456,18.545709153677137,0.6347404636660442,0.0030003763227851006
6823,test,0,0.030090205371379852,0.02305403673696456,18.585773499537353,0.6348780139260234,0.0036028588643966268
6824,test,0,0.036989107728004456,0.02305403673696456,18.62568254481703,0.6350737526722008,0.00564583134434975
6825,test,0,0.029560891911387444,0.02305403673696456,18.66563463974277,0.6353168349343346,0.0061221281270287566
6826,test,0,0.02757519297301769,0.030366981766575422,18.705657903861493,0.6355922387348152,0.007819739165752277
6827,test,0,0.04192384146153927,0.030366981766575422,18.745560508370296,0.6359473229683578,0.009087024351941995
6828,test,0,0.02982263267040253,0.030366981766575422,18.78560397647518,0.636313293256665,0.00904308812400851
6829,test,0,0.029995011165738106,0.030366981766575422,18.825543391986223,0.6367207982954407,0.011059705770884153
6830,test,0,0.026343364268541336,0.030366981766575422,18.865461458359825,0.6371692203275042,0.010888645910443103
6831,test,0,0.04188418202102184,0.030366981766575422,18.905478637803686,0.6376033124185261,0.01123858197054628
6832,test,0,0.03482991829514504,0.01799085837874624,18.94539430451956,0.6380827550447111,0.011837848588450989
6833,test,0,0.02737196534872055,0.01799085837874624,18.985405909033847,0.6385401004824783,0.010777255495639737
6834,test,0,0.024663561955094337,0.01799085837874624,19.025361964757067,0.6389822169581084,0.011462696098390495
6835,test,0,0.025557970628142357,0.01799085837874624,19.065273681691814,0.639433852920616,0.010334430782578358
6836,test,0,0.026828883215785027,0.01799085837874624,19.105342299947615,0.6398152646343384,0.008744420104117218
6837,test,0,0.0299168974161148,0.01799085837874624,19.14523619662127,0.6401801664967299,0.008539340832292368
6838,test,0,0.02798917517066002,0.002894999524935734,19.18522138759687,0.6404720127675468,0.005604798836329606
6839,test,0,0.014849454164505005,0.002894999524935734,19.225207968486846,0.6406589495656384,0.004081074397652113
6840,test,0,0.016831723041832447,0.002894999524935734,19.265141903562554,0.6407913343129726,0.0016994858438518046
6841,test,0,0.01540315430611372,0.002894999524935734,19.305205910258458,0.640803530640403,-0.0008499300222530044
6842,test,0,0.013541197404265404,0.002894999524935734,19.345153656045976,0.6407811086978816,-0.0006385836071108794
6843,test,0,0.03615362569689751,0.002894999524935734,19.385088664750384,0.6407412035676725,-0.0017671229370707826
6844,test,0,0.04138439707458019,0.00757409038521323,19.42515098300582,0.6406633160521867,-0.0020737438043339418
6845,test,0,0.048636190593242645,0.00757409038521323,19.465069072053332,0.6405933855582238,-0.0022657229480739964
6846,test,0,0.06521229445934296,0.00757409038521323,19.505104332347248,0.6404445428676454,-0.00576954445201371
6847,test,0,0.06449131295084953,0.00757409038521323,19.545028164855093,0.6401560313487538,-0.009270982802853565
6848,test,0,0.07014892250299454,0.00757409038521323,19.584999497098938,0.6396834401268968,-0.014952207213011997
6849,test,0,0.06957218423485756,0.00757409038521323,19.625054949542807,0.6389732416514912,-0.02029721592216821
6850,test,0,0.0022007469087839144,0.014919669287355174,19.665003854074,0.6380902176526007,-0.024499520114470083
6851,test,0,0.009445937350392342,0.014919669287355174,19.704984587332618,0.6370323050466479,-0.028343141496900637
6852,test,0,0.03347973292693496,0.014919669287355174,19.744977800981975,0.6358502976270176,-0.03103292228048281
6853,test,0,0.0318096277769655,0.014919669287355174,19.78491660995886,0.6345074880024532,-0.037774810192716904
6854,test,0,0.0172168982680887,0.014919669287355174,19.824966464165215,0.6328335386228515,-0.04552874662032844
6855,test,0,0.030103282071650028,0.014919669287355174,19.86492012707875,0.6309456491111258,-0.048460242826699626
6856,test,0,0.04604839161038399,0.02000144846374391,19.90478274501996,0.6289340943575812,-0.05279310366355989
6857,test,0,0.020530719310045242,0.02000144846374391,19.9447458695425,0.626738144573872,-0.057300305774252575
6858,test,0,0.024158041924238205,0.02000144846374391,19.984615142461443,0.6244203770724825,-0.05910665486832471
6859,test,0,0.02333302795886993,0.02000144846374391,20.024553323002102,0.6220333309678885,-0.06038740249318049
6860,test,0,0.023025833070278164,0.02000144846374391,20.064451445041904,0.6196285869009993,-0.06036464501083667
6861,test,0,0.034970514476299286,0.02000144846374391,20.104265877563215,0.6172119033280802,-0.061523121908068544
6862,test,0,0.01819095155224204,0.04312937354697515,20.144193886901004,0.6147299875641778,-0.0629099391232421
6863,test,0,0.01984243979677558,0.04312937354697515,20.184116945891585,0.6121811956412471,-0.06560459103582457
6864,test,0,0.025470223277807236,0.04312937354697515,20.22398389682317,0.6094327093081259,-0.07217993335624803
6865,test,0,0.02718948246911168,0.04312937354697515,20.263861308468858,0.606459488284034,-0.07669671375239427
6866,test,0,0.03506438806653023,0.04312937354697515,20.303696229468272,0.6033122683973521,-0.08202759581135025
6867,test,0,0.04697568342089653,0.04312937354697515,20.343561495604884,0.5999322387059208,-0.08687581088669515
6868,test,0,0.038537487387657166,0.057731991630629226,20.383417138400905,0.5964162599881594,-0.08907541734664871
6869,test,0,0.04750898852944374,0.057731991630629226,20.423170107074075,0.5928058302598388,-0.0923598580098132
6870,test,0,0.039971508085727685,0.057731991630629226,20.462956334468654,0.5891081520639143,-0.09276816450257186
6871,test,0,0.03981611877679825,0.057731991630629226,20.50276145249842,0.5854265060803266,-0.09251613166812395
6872,test,0,0.033982750028371804,0.057731991630629226,20.54255565513886,0.5817308276645599,-0.09267623604502874
6873,test,0,0.04302069172263146,0.057731991630629226,20.58233278203804,0.5780811409307514,-0.0904413125316303
6874,test,0,0.0344948098063469,0.06533367960122147,20.62210008136155,0.5745068060053913,-0.0896889489014238
6875,test,0,0.023554157465696328,0.06533367960122147,20.661888210130677,0.5709760838181867,-0.08694292863780669
6876,test,0,0.012151062488555901,0.06533367960122147,20.70171347023,0.5676309621962997,-0.08053676623557944
6877,test,0,0.014340311288833618,0.06533367960122147,20.741446626193962,0.5645522037280987,-0.0733534265563269
6878,test,0,0.0012953467667102814,0.06533367960122147,20.781244454368565,0.5618425898260242,-0.06237779121244937
6879,test,0,0.02176010608673095,0.06533367960122147,20.821014141767243,0.5595591240095296,-0.05348287989811708
6880,test,0,0.037913959473371506,0.051293283684439306,20.860957566026922,0.5575312447646523,-0.049055451200523945
6881,test,0,0.045264925807714455,0.051293283684439306,20.900867032911655,0.5556376555574892,-0.046888629269371034
6882,test,0,0.027513857930898666,0.051293283684439306,20.940708827541524,0.5537535257884232,-0.04776723532424487
6883,test,0,0.0170799307525158,0.051293283684439306,20.98062438332923,0.551916092225795,-0.04297692331016186
6884,test,0,0.051721561700105674,0.051293283684439306,21.020419908505882,0.5503619461895046,-0.035893563924485235
6885,test,0,0.04983322322368622,0.051293283684439306,21.060409564426205,0.5489664884759363,-0.03561951657549986
6886,test,0,0.042114850133657455,0.03866199465159939,21.10036701490072,0.547551467599242,-0.0353010264940761
6887,test,0,0.07409748807549477,0.03866199465159939,21.140194040778276,0.5461316189892137,-0.03637792061212582
6888,test,0,0.09446555003523827,0.03866199465159939,21.18021312719155,0.5446337739354197,-0.03924004718964594
6889,test,0,0.07872318476438522,0.03866199465159939,21.220132627297055,0.5429659270987842,-0.04603297128013158
6890,test,0,0.06471357122063637,0.03866199465159939,21.26009597441782,0.5410164504271819,-0.05036028776135153
6891,test,0,0.05032131448388098,0.03866199465159939,21.30002892125898,0.5390275158516054,-0.04834415717065238
6892,test,0,0.04624335095286369,0.042104354459234314,21.339766682604626,0.5372074837251205,-0.04306763675211323
6893,test,0,0.08802270144224165,0.042104354459234314,21.37973871404993,0.5356102237705156,-0.03710339133629676
6894,test,0,0.11109170690178871,0.042104354459234314,21.419643145367047,0.5342079270137593,-0.035183374520188944
6895,test,0,0.12454088404774664,0.042104354459234314,21.459550989068976,0.5326881423259635,-0.042040462116387116
6896,test,0,0.122224822640419,0.042104354459234314,21.499565626942754,0.5308547639101546,-0.049657203191551445
6897,test,0,0.12434419617056848,0.042104354459234314,21.53943343309089,0.5287741419394931,-0.05487330258665791
6898,test,0,0.12899237871170047,0.05671184026693937,21.57940773371349,0.5265163086351468,-0.05756226303134187
6899,test,0,0.12667696923017502,0.05671184026693937,21.619312545599,0.5242320172780662,-0.05669981354956516
6900,test,0,0.12344209104776382,0.05671184026693937,21.659120803517954,0.5219663189884548,-0.057582460173494374
6901,test,0,0.10710182785987854,0.05671184026693937,21.699054099265677,0.5196988012610001,-0.055167061946686975
6902,test,0,0.0938086770474911,0.05671184026693937,21.738862430383147,0.5176209965238626,-0.04977547313257371
6903,test,0,0.06238415837287903,0.05671184026693937,21.77875550378689,0.5157660187947688,-0.04253960416551621
6904,test,0,0.06090244650840762,0.059891028347080856,21.81865575864995,0.5143103958597233,-0.029356091495973586
6905,test,0,0.0452473610639572,0.059891028347080856,21.858401455530682,0.5134113019492086,-0.016704373141676054
6906,test,0,0.05566714331507683,0.059891028347080856,21.89840598283892,0.5129782861554544,-0.005231827121301658
6907,test,0,0.0416346564888954,0.059891028347080856,21.938195022270392,0.5130246016096636,0.006501868984342593
6908,test,0,0.05735501274466516,0.059891028347080856,21.978089720685464,0.5134652612178673,0.01522540338124122
6909,test,0,0.08805987238883971,0.059891028347080856,22.018132016260065,0.5142080325100448,0.021396111232115277
6910,test,0,0.13932320103049278,0.04950678594119819,22.057940323537984,0.5151767874662374,0.02667516613288012
6911,test,0,0.13370991125702858,0.04950678594119819,22.097948634600453,0.5163752272465821,0.034086739491096696
6912,test,0,0.09024082124233246,0.04950678594119819,22.137848562872428,0.517930504596988,0.04382719785190824
6913,test,0,0.037012651562690735,0.04950678594119819,22.177640852744634,0.519866572253732,0.05332851454503852
6914,test,0,0.0792563259601593,0.04950678594119819,22.21765907438276,0.5221920732996923,0.06368449703735239
6915,test,0,0.07015025988221169,0.04950678594119819,22.257331815267737,0.5249462002819251,0.07391273983208121
6916,test,0,0.059420149773359285,0.06723951726564115,22.29719448818358,0.5280411864613413,0.08065901602922392
6917,test,0,0.05721748247742653,0.06723951726564115,22.337080896003847,0.5313827535693394,0.08733115300018632
6918,test,0,0.046772211790084846,0.06723951726564115,22.376752170956323,0.5349461939154144,0.09107148435145794
6919,test,0,0.0617699734866619,0.06723951726564115,22.416698949491344,0.5386396538362841,0.09325901484296878
6920,test,0,0.0408187098801136,0.06723951726564115,22.456398917339985,0.5423997387208752,0.09538386467484442
6921,test,0,0.0411449484527111,0.06723951726564115,22.4961794836575,0.546231076721417,0.09646760673358598
6922,test,0,0.0434952974319458,0.08339896685053179,22.53610696047579,0.5501072467400036,0.09808352109861478
6923,test,0,0.10843343660235405,0.08339896685053179,22.57573443996695,0.5540460840131181,0.09925919462246754
6924,test,0,0.025651801377534863,0.08339896685053179,22.615618945545833,0.5580322422631765,0.09977475826683918
6925,test,0,0.01106974296271801,0.08339896685053179,22.655384964543476,0.5620276064202514,0.10082348620762803
6926,test,0,0.010069893207401037,0.08339896685053179,22.69510068608304,0.5660470890215953,0.10053816326309732
6927,test,0,0.002345975488424301,0.08339896685053179,22.735059526312124,0.5700594875404795,0.0999008223806503
6928,test,0,0.001443374902009964,0.07679877222563643,22.774693920902,0.5740445960487116,0.1000224402421227
6929,test,0,0.0014905817806720734,0.07679877222563643,22.814530388839454,0.5780388741511131,0.09964735273387819
6930,test,0,0.0025490233674645424,0.07679877222563643,22.854377566537575,0.5820202216050308,0.1001123655378334
6931,test,0,0.0032467264682054537,0.07679877222563643,22.8940540853351,0.5859985797728532,0.09944508682318705
6932,test,0,0.008138941600918766,0.07679877222563643,22.934006685120004,0.5899567895308944,0.09785168172892969
6933,test,0,0.005609372630715367,0.07679877222563643,22.97371239021949,0.593835357705175,0.0967694074872293
6934,test,0,0.04143952950835228,0.06280166507642838,23.01352365798269,0.5976562595414173,0.09419993499436143
6935,test,0,0.02863720152527094,0.06280166507642838,23.05347149189934,0.6013692326487515,0.09207757638059742
6936,test,0,0.026055206079035997,0.06280166507642838,23.093178776015055,0.6049844292912404,0.08897785720151474
6937,test,0,0.020892854779958725,0.06280166507642838,23.13314545788298,0.6084794390401688,0.08524221059387486
6938,test,0,0.02431391552090645,0.06280166507642838,23.1729752950836,0.6118207237659118,0.08207881442182241
6939,test,0,0.02658544050063938,0.06280166507642838,23.21280309905495,0.6150054081337137,0.07723803931461448
6940,test,0,0.030115727335214615,0.05089298626363569,23.252854090499326,0.6179973682754629,0.07226683234821908
6941,test,0,0.02825298486277461,0.05089298626363569,23.292628593361428,0.6207859585991099,0.0668484527748037
6942,test,0,0.03644707426428795,0.05089298626363569,23.33263756025866,0.6233312385174394,0.05982058868888371
6943,test,0,0.04382045194506645,0.05089298626363569,23.372624023136094,0.6256063709478547,0.053901008915684244
6944,test,0,0.046070944517850876,0.05089298626363569,23.412507937655416,0.6275943838163084,0.04521095237648026
6945,test,0,0.05967477988451719,0.05089298626363569,23.4526421271571,0.629225578987201,0.036150249331346786
6946,test,0,0.053221250884234905,0.04389332198460053,23.492537933399458,0.6305162251971169,0.027508622934084053
6947,test,0,0.06807163171470165,0.04389332198460053,23.53258273140089,0.6314286762248061,0.01822493366714499
6948,test,0,0.08131332322955132,0.04389332198460053,23.57260837503788,0.632017149418302,0.011610595337734833
6949,test,0,0.09407687187194824,0.04389332198460053,23.61257154433947,0.632321492155194,0.002785151707857543
6950,test,0,0.09243879839777946,0.04389332198460053,23.652706522590805,0.632226729396347,-0.007546112494482933
6951,test,0,0.08131963759660721,0.050199314636541884,23.692685122659313,0.6317888650138143,-0.014497335700817413
6952,test,0,0.0724954754114151,0.050199314636541884,23.732678238458195,0.6310762352000397,-0.02084262600781853
6953,test,0,0.07951007038354872,0.050199314636541884,23.77271734633835,0.6301797847904353,-0.02336939633916101
6954,test,0,0.07582169212400915,0.050199314636541884,23.812558935480666,0.6292465441323424,-0.024166344028960157
6955,test,0,0.06671389751136304,0.050199314636541884,23.852573763138402,0.6282858901354508,-0.02362731788110522
6956,test,0,0.06568701006472112,0.050199314636541884,23.892531625673918,0.6274034672706841,-0.020577910074290974
6957,test,0,0.06386590562760829,0.051452958741685574,23.932362690929423,0.626608000444505,-0.01983080940897676
6958,test,0,0.020839326083660126,0.051452958741685574,23.9723960758297,0.6258577533659588,-0.017261358469357224
6959,test,0,0.056875189766287804,0.051452958741685574,24.01221662235435,0.6252596644980237,-0.013988770640934236
6960,test,0,0.048316955566406236,0.051452958741685574,24.052192605129804,0.6247589152732789,-0.011031596687729737
6961,test,0,0.05417762137949468,0.051452958741685574,24.09219174146697,0.6244133929689755,-0.005725106494938748
6962,test,0,0.029214334208518267,0.051452958741685574,24.13199099877612,0.6242698166699415,-0.0024175376972138877
6963,test,0,0.04591258615255356,0.012532959985419865,24.172046760136883,0.6242465513229606,0.0013802653301282072
6964,test,0,0.03079480491578579,0.012532959985419865,24.211892784558025,0.6244198794308204,0.006361437021671652
6965,test,0,0.043225012719631195,0.012532959985419865,24.25180597331146,0.6247420462947276,0.009554092449497729
6966,test,0,0.03657223470509052,0.012532959985419865,24.291857260861054,0.625196499006746,0.013395676030977403
6967,test,0,0.04060949198901653,0.012532959985419865,24.331719630020253,0.6258081576674671,0.016394882424887326
6968,test,0,0.04229094460606575,0.012532959985419865,24.371758602787278,0.6265003518075137,0.01808393679939289
6969,test,0,0.03218788094818592,0.0033872969092837114,24.41168145948555,0.6272937135420702,0.021299685942506794
6970,test,0,0.0028263190761208534,0.0033872969092837114,24.45157714676681,0.6281715895040786,0.022273274157540223
6971,test,0,0.004594022408127785,0.0033872969092837114,24.491607480241758,0.629091711202613,0.024368366603240703
6972,test,0,0.00443749874830246,0.0033872969092837114,24.531453300078493,0.6301434516597639,0.02742084327422649
6973,test,0,0.005745908245444298,0.0033872969092837114,24.571445990967348,0.631263384172121,0.02814051013742056
6974,test,0,0.013169889687560499,0.0033872969092837114,24.61139416496721,0.6324292168353457,0.030502363657428665
6975,test,0,0.017479145899415016,0.010386836469127823,24.65124737212978,0.6336891193623254,0.03235027051300543
6976,test,0,0.03747324738651514,0.010386836469127823,24.691307338570233,0.635033848546222,0.03532138918976297
6977,test,0,0.02800459787249565,0.010386836469127823,24.731117554537096,0.6365788264527026,0.041623103482626836
6978,test,0,0.0061429738998413155,0.010386836469127823,24.771023176681716,0.6383139969380431,0.044693288847392626
6979,test,0,0.03205394744873047,0.010386836469127823,24.81098573403157,0.6401911997132154,0.05087395947241787
6980,test,0,0.012430630624294281,0.010386836469127823,24.85073703427509,0.6423834021968641,0.05877391217862211
6981,test,0,0.00942238047719001,0.002330245652226516,24.890679173437846,0.6449080838025384,0.06827940413964446
6982,test,0,0.007422268390655518,0.002330245652226516,24.930448564275377,0.6478837539874245,0.08202407965759373
6983,test,0,0.014729499816894531,0.002330245652226516,24.970070996538514,0.6514436871264071,0.09755191407115499
6984,test,0,0.01627299189567566,0.002330245652226516,25.009919668250806,0.655661701661848,0.11474365367295127
6985,test,0,0.02235907316207887,0.002330245652226516,25.049307558242774,0.6605684247999879,0.13389313221507512
6986,test,0,0.011811040341854082,0.002330245652226516,25.088753327461276,0.6663019882780364,0.15524495012422238
6987,test,0,0.036053240299224854,0.018770518218686187,25.12813547508313,0.6729365112496604,0.17964654391772658
6988,test,0,0.004671372473239885,0.018770518218686187,25.166987682187482,0.6805514016913295,0.20751001913982406
6989,test,0,0.029545150697231293,0.018770518218686187,25.205924035295126,0.6892811927177948,0.23281794038478185
6990,test,0,0.055237941443920135,0.018770518218686187,25.244507459955727,0.6988727942260343,0.25465639020448927
6991,test,0,0.02648167312145236,0.018770518218686187,25.282859497673776,0.7093528808619082,0.27899593541836015
6992,test,0,0.011598847806453691,0.018770518218686187,25.321046998275833,0.7207531607395762,0.30009367288122624
6993,test,0,0.019541636109352112,0.057651533726181516,25.3589649322518,0.7329041495086834,0.3202045299822911
6994,test,0,0.08349103480577469,0.057651533726181516,25.39665669198054,0.7457658080330866,0.33562267292024855
6995,test,0,0.12037329748272896,0.057651533726181516,25.43432747751208,0.7590739480548112,0.34221451387898916
6996,test,0,0.10619122907519342,0.057651533726181516,25.471833568671006,0.7725482581990681,0.34691386857315376
6997,test,0,0.2069647777825594,0.057651533726181516,25.509327690708627,0.7861566763400222,0.348496098538303
6998,test,0,0.1982374768704176,0.057651533726181516,25.54694554700437,0.7998423190093602,0.349268594290636
6999,test,0,0.2821672745049,0.057223870827136876,25.584383238233194,0.8135504809081052,0.3518345218794428
7000,test,0,0.27548607997596264,0.057223870827136876,25.621864968714274,0.8273510193654389,0.35385137102707326
7001,test,0,0.318437896668911,0.057223870827136876,25.659308858072347,0.8412755194922718,0.3590595081557839
7002,test,0,0.2965977340936661,0.057223870827136876,25.69657304162943,0.8554077854054986,0.36519241536249014
7003,test,0,0.3127312436699867,0.057223870827136876,25.733909529731278,0.8697972151026321,0.370785682213337
7004,test,0,0.3216207101941108,0.057223870827136876,25.771013545250803,0.8844047567932286,0.3789549463063946
7005,test,0,0.31555234640836716,0.020726964638625455,25.80797735257398,0.8992760144489849,0.38616297884772927
7006,test,0,0.3204916790127754,0.020726964638625455,25.84499053476188,0.9144917981149878,0.3947057835399558
7007,test,0,0.31434576958417887,0.020726964638625455,25.881644812408563,0.9299739524288716,0.40343157039229577
7008,test,0,0.28634457290172577,0.020726964638625455,25.918340382604043,0.945800190470968,0.41118267287259497
7009,test,0,0.28384748101234436,0.020726964638625455,25.95487890236654,0.9619623820169323,0.42282162732943585
7010,test,0,0.2743339538574218,0.020726964638625455,25.991026830768728,0.9785027596091805,0.4356199433907655
7011,test,0,0.3188364431262016,0.041418855708216344,26.02720329543449,0.9956489647093404,0.4506224787942384
7012,test,0,0.318392101675272,0.041418855708216344,26.062874258481923,1.0132662020220506,0.4669870591979898
7013,test,0,0.3129844665527344,0.041418855708216344,26.098339837323007,1.0314576543571101,0.4801141484439184
7014,test,0,0.2940348088741303,0.041418855708216344,26.133790377608882,1.0501800920587,0.4934753283285228
7015,test,0,0.3072372227907181,0.041418855708216344,26.168570504842243,1.0692367672310288,0.5088041285976024
7016,test,0,0.3242839127779007,0.041418855708216344,26.203334117440207,1.0889731796609554,0.5240187343103431
7017,test,0,0.314441978931427,0.12403658016978514,26.23772245694691,1.1091576909498504,0.5379314584277841
7018,test,0,0.3297556452453136,0.12403658016978514,26.271745498770542,1.1297945217265113,0.5522041554627058
7019,test,0,0.30842249467968935,0.12403658016978514,26.305682276748122,1.1509994366632335,0.5645034027179473
7020,test,0,0.3047245852649212,0.12403658016978514,26.339168685740102,1.172467176585851,0.5754929992598127
7021,test,0,0.28584663569927216,0.12403658016978514,26.372529823466795,1.1944010548501318,0.5880493804398913
7022,test,0,0.29845413565635676,0.12403658016978514,26.405549410680315,1.2167348908025377,0.6017562332860733
7023,test,0,0.32257454097270966,0.26371928356974095,26.43809502381005,1.2395290378847263,0.6204379827442632
7024,test,0,0.29940408468246466,0.26371928356974095,26.470296629646217,1.263018295023207,0.6393687157716402
7025,test,0,0.26264140009880066,0.26371928356974095,26.50202724423124,1.2871211073590023,0.6607513651483127
7026,test,0,0.33239866793155676,0.26371928356974095,26.533004026451383,1.311928362433561,0.6908758069603729
7027,test,0,0.3151272237300873,0.26371928356974095,26.56320486294338,1.3376535399986114,0.7194864125264658
7028,test,0,0.31766124069690704,0.26371928356974095,26.592817536528653,1.3643523793110575,0.7483269327384114
7029,test,0,0.3094223588705063,0.26371928356974095,26.621444441326684,1.3917572096647686,0.7779757775273052
7030,test,0,0.33807994425296783,0.4404870582271905,26.649350037124528,1.4200786528548854,0.8079996117847134
7031,test,0,0.3526792377233505,0.4404870582271905,26.676537309298705,1.4493125924843429,0.8361876452239378
7032,test,0,0.29576119780540466,0.4404870582271905,26.702765272030096,1.4790432056392875,0.85822434198245
7033,test,0,0.3056694567203522,0.4404870582271905,26.72857262847929,1.5095569029085438,0.879873804342424
7034,test,0,0.2813277542591095,0.4404870582271905,26.753558209547602,1.5404690572760737,0.9032923959591304
7035,test,0,0.33195313811302185,0.4404870582271905,26.777669272969575,1.5719932939365968,0.9335226359396301
7036,test,0,0.3316920697689057,0.4404870582271905,26.800869259159974,1.6043265983747141,0.9623795166658117
7037,test,0,0.31796926259994507,0.6129448369161944,26.823123965013163,1.6372107271011729,0.9889062250557012
7038,test,0,0.3020124286413193,0.6129448369161944,26.844519888541058,1.6707327151017561,1.0162718429185544
7039,test,0,0.31638842821121216,0.6129448369161944,26.86495967263338,1.704776349677022,1.0449298721160094
7040,test,0,0.32906596362590784,0.6129448369161944,26.884373258110138,1.739462943544298,1.0763552833850007
7041,test,0,0.2963656038045884,0.6129448369161944,26.902675544314537,1.774622728101463,1.1040602588896924
7042,test,0,0.32209719717502594,0.6129448369161944,26.920183591581242,1.8104854930877552,1.1291077028424703
7043,test,0,0.35328252613544464,0.7327503768247849,26.93674084507504,1.846615566701081,1.1517407247223785
7044,test,0,0.29195198416709905,0.7327503768247849,26.952614864932745,1.8831124011575346,1.1682295588638754
7045,test,0,0.30354979634284973,0.7327503768247849,26.968065835243728,1.9200979354832675,1.182785363202124
7046,test,0,0.3002275675535202,0.7327503768247849,26.982817430906316,1.9569519991209556,1.1970227793795183
7047,test,0,0.325044296681881,0.7327503768247849,26.997137205069894,1.9942481854063974,1.2115402446846932
7048,test,0,0.32899218425154686,0.7327503768247849,27.010938529468838,2.031734685249108,1.2249802582836122
7049,test,0,0.337729625403881,0.8329600342306972,27.024191510848393,2.0692499548379146,1.2367997070622339
7050,test,0,0.32263674959540367,0.8329600342306972,27.037170483360836,2.107178844486063,1.2452241170774712
7051,test,0,0.33477658964693546,0.8329600342306972,27.04981811377664,2.144961216568358,1.2495074143581713
7052,test,0,0.31530307233333593,0.8329600342306972,27.062384368036728,2.1829111165883472,1.2518793910445056
7053,test,0,0.3066578023135662,0.8329600342306972,27.074941720192232,2.2209511189181135,1.2509453381715787
7054,test,0,0.3148651961237192,0.8329600342306972,27.087452376907546,2.258784027112151,1.2519190485660967
7055,test,0,0.29326490778476,0.9227854588981373,27.09997792838256,2.296860182906873,1.2542937381835826
7056,test,0,0.31084307096898556,0.9227854588981373,27.112371344384652,2.3347977619440066,1.2553683486073364
7057,test,0,0.33667565137147903,0.9227854588981373,27.124745334640433,2.3727706215578896,1.2554554627211405
7058,test,0,0.332491833716631,0.9227854588981373,27.137232958003278,2.4108845025878853,1.2517125731484435
7059,test,0,0.3369271270930767,0.9227854588981373,27.14984025142703,2.448712375156088,1.2457454056149362
7060,test,0,0.3077117092907429,0.9227854588981373,27.162799432569035,2.4866751327598577,1.2370757392797271
7061,test,0,0.2615724913775921,1.0059526893195785,27.176114862273494,2.5244603355085546,1.2265044339904285
7062,test,0,0.3260001540184021,1.0059526893195785,27.189784439698702,2.561990997519979,1.216438195327677
7063,test,0,0.28224118053913116,1.0059526893195785,27.203992012921454,2.599657394685719,1.2028758265381185
7064,test,0,0.2920835576951504,1.0059526893195785,27.218623060739937,2.6368039644561563,1.1888804098331565
7065,test,0,0.28972886130213743,1.0059526893195785,27.233784925834556,2.6739117990881747,1.1769978572544062
7066,test,0,0.29552633315324783,1.0059526893195785,27.249320066534583,2.710904194344933,1.1704677986632885
7067,test,0,0.31436328589916235,1.1193768680973937,27.26493449145061,2.7475781545130857,1.1663765664420305
7068,test,0,0.3003297597169876,1.1193768680973937,27.280777849557794,2.7844475530537047,1.1635073578819197
7069,test,0,0.28980494290590286,1.1193768680973937,27.296611063003443,2.8210703540485595,1.1614708154967428
7070,test,0,0.31164320185780525,1.1193768680973937,27.312529304910363,2.857715383986028,1.1606703871141104
7071,test,0,0.32151637971401215,1.1193768680973937,27.328509200682042,2.8945015865090795,1.1619435864228391
7072,test,0,0.2822751486673951,1.1193768680973937,27.34430089004416,2.9310294793553506,1.1628686150854364
7073,test,0,0.29661315586417913,1.2645439596219086,27.3601677159485,2.967814673649661,1.1643165592844076
7074,test,0,0.327509244903922,1.2645439596219086,27.375902838792562,3.0045194260548764,1.1672442550910986
7075,test,0,0.3174184486269951,1.2645439596219086,27.391510263960942,3.0412232225759164,1.1700114468032095
7076,test,0,0.28779430035501724,1.2645439596219086,27.407116617454232,3.0781942057136584,1.1732103477966176
7077,test,0,0.29875027760863304,1.2645439596219086,27.422461894060113,3.114924018304835,1.1763384152566314
7078,test,0,0.31809220276772976,1.2645439596219086,27.43777147862882,3.1518784811254856,1.1798760401155572
7079,test,0,0.3213737476617098,1.4195297252818482,27.45295547199131,3.1889153736698734,1.1840291013918167
7080,test,0,0.288414653390646,1.4195297252818482,27.46790238681069,3.2258375651672924,1.1879470368612504
7081,test,0,0.3081672228872776,1.4195297252818482,27.482821225978796,3.263066581477796,1.1915399668006432
7082,test,0,0.00688956119120121,1.4195297252818482,27.49752636660022,3.3001218999253368,1.1944337669060634
7083,test,0,0.3218763694167137,1.4195297252818482,27.512173241206366,3.337295802660491,1.1960490698101773
7084,test,0,0.31811734288930893,1.4195297252818482,27.526850202387497,3.3746397170327334,1.197019809330086
7085,test,0,0.31587222591042513,0.16817790762613255,27.541354892768567,3.4117046211698403,1.1981301410343352
7086,test,0,0.3133549317717552,0.16817790762613255,27.555912840570702,3.4490376731999377,1.1999377012101202
7087,test,0,0.28212643787264824,0.16817790762613255,27.57034511086899,3.486280352321958,1.2027210420344594
7088,test,0,0.16854587569832802,0.16817790762613255,27.58458941504841,3.5235193422347466,1.2086399787638697
7089,test,0,0.3249695710837841,0.16817790762613255,27.598665336957392,3.5610810436858666,1.2171668945094811
7090,test,0,0.32438263297080994,0.16817790762613255,27.612258208397122,3.598440663728736,1.2267359583931117
7091,test,0,0.2770993262529373,0.4055092690453378,27.625536468662045,3.636128504338495,1.237599451870343
7092,test,0,0.263036534190178,0.4055092690453378,27.63840009737738,3.6739818903513726,1.249280420689831
7093,test,0,0.2624168395996094,0.4055092690453378,27.6506601656582,3.7117726889620886,1.2652866937131264
7094,test,0,0.06637077033519745,0.4055092690453378,27.662348700476205,3.7500079334321623,1.283341740665419
7095,test,0,0.11605887115001678,0.4055092690453378,27.673282175646936,3.7882294460377093,1.3017470053966438
7096,test,0,0.14118729531764984,0.4055092690453378,27.683420147542993,3.8266979344905065,1.3249550931408773
7097,test,0,0.16805393993854523,0.06035144929462514,27.69260566998697,3.8653562676207,1.3504040161437758
7098,test,0,0.20842008292675018,0.06035144929462514,27.700701744814268,3.904268156133566,1.3823005296708066
7099,test,0,0.22583803534507751,0.06035144929462514,27.707391132110978,3.9432540750498037,1.4205385180776535
7100,test,0,0.20553678274154663,0.06035144929462514,27.712492450482255,3.9825739036835475,1.463693622096878
7101,test,0,0.1802210807800293,0.06035144929462514,27.715902212593864,4.0221902482502445,1.5058061072408386
7102,test,0,0.17229300737380981,0.06035144929462514,27.718351660825874,4.059217603234062,1.5682032212489907
7103,test,0,0.27819696068763733,0.04468464233236226,27.718444002554325,4.057257870088423,1.5706341876869454
7104,test,0,0.2802448570728302,0.04468464233236226,27.718448253659485,4.057382472747589,1.5711271250478078
7105,test,0,0.27701565623283386,0.04468464233236226,27.718436164892147,4.057381806823711,1.5707930259401017
7106,test,0,0.28730957210063934,0.04468464233236226,27.718437676083532,4.057378032748903,1.5707962197037637
7107,test,0,0.28670428693294525,0.04468464233236226,27.71838892649581,4.057373571658808,1.5712780202101913
7108,test,0,0.30384980142116547,0.04468464233236226,27.71838327330259,4.057376584852826,1.570793302138849
7109,test,0,0.28668683767318726,0.04468464233236226,27.718356808321378,4.0573760700501,1.5708310023937895
7110,test,0,0.29830171167850494,0.04468464233236226,27.718309459683176,4.057369333850465,1.5713453254863547
7111,test,0,0.2868790030479431,0.04468464233236226,27.718292445975237,4.057382250614936,1.5707968172213378
7112,test,0,0.28786930441856384,0.04468464233236226,27.718270106094472,4.0573740025242016,1.570979305763693
7113,test,0,0.28187674283981323,0.04468464233236226,27.718245529111936,4.057380747913931,1.5707961733930393
7114,test,0,0.2879224419593811,0.04468464233236226,27.718226943923824,4.057382219603501,1.5708005521802275
7115,test,0,0.28782978653907776,0.04468464233236226,27.718244843271293,4.057371942565919,1.5707996594437246
7116,test,0,0.2878945916891098,0.04468464233236226,27.718194409242557,4.057383114222793,1.570800288231325
7117,test,0,0.2875763922929764,0.04468464233236226,27.718196521222044,4.057377270183648,1.5707963841013814
7118,test,0,0.2870563417673111,0.04468464233236226,27.718176376702345,4.057369844680261,1.5711722163279704
7119,test,0,0.3010856509208679,0.04468464233236226,27.718151009963155,4.057382164210962,1.5707981574283592
7120,test,0,0.28733307123184204,0.04468464233236226,27.7181537595712,4.057378526202957,1.570795719335373
7121,test,0,0.3120870888233185,0.04468464233236226,27.718115955511518,4.057359461478804,1.5716377521671165
7122,test,0,0.2774348258972168,0.04468464233236226,27.718087464831743,4.057378034969878,1.5707957880471444
7123,test,0,0.2865884304046631,0.04468464233236226,27.718075394816516,4.057381112140502,1.5708011622559959
7124,test,0,0.2984028160572052,0.04468464233236226,27.71803533042596,4.057353345764054,1.571823485062007
7125,test,0,0.28733260929584503,0.04468464233236226,27.71800641613811,4.057380603421596,1.5708040380727737
7126,test,0,0.28786592185497284,0.04468464233236226,27.717991761081272,4.05737850878836,1.5708038579819563
7127,test,0,0.30176831781864166,0.04468464233236226,27.717963162008605,4.05738214454948,1.5708104770754936
7128,test,0,0.2873362749814987,0.04468464233236226,27.717938424266954,4.057383617825987,1.5707999977878069
7129,test,0,0.2872845381498337,0.04468464233236226,27.717946464259537,4.057374388803089,1.5707964201320517
7130,test,0,0.30342215299606323,0.04468464233236226,27.717906813604024,4.057381835304976,1.5708005722168843
7131,test,0,0.28757792711257935,0.04468464233236226,27.71790046117643,4.057379687249417,1.5707970962558642
7132,test,0,0.28729961812496185,0.04468464233236226,27.717913028370177,4.057377720038178,1.5708031685619601
7133,test,0,0.30517853796482086,0.04468464233236226,27.71785658656621,4.0573790334498065,1.570971679397025
7134,test,0,0.29412928223609924,0.04468464233236226,27.717855235072342,4.0573775745126985,1.5707954403691837
7135,test,0,0.2873377054929733,0.04468464233236226,27.71782153298738,4.057368645863655,1.5710912786860107
7136,test,0,0.3033880591392517,0.04468464233236226,27.71779162284678,4.057376182033322,1.5709003757500482
7137,test,0,0.28701119124889374,0.04468464233236226,27.717781638271347,4.057381653004321,1.5707970594676548
7138,test,0,0.30161309242248535,0.04468464233236226,27.717752498016498,4.057361240737401,1.5714498372991013
7139,test,0,0.27989476919174194,0.04468464233236226,27.71771915597517,4.057380544802695,1.570796199537439
7140,test,0,0.287872776389122,0.04468464233236226,27.71770318535181,4.057381226532041,1.570801217240746
7141,test,0,0.2997809797525406,0.04468464233236226,27.71769666569343,4.0573716426106365,1.5711562234373841
7142,test,0,0.2873314321041107,0.04468464233236226,27.71765471347845,4.0573834709022405,1.5707990579495916
7143,test,0,0.30352503061294556,0.04468464233236226,27.717654357244715,4.057376716289628,1.5707982696270653
7144,test,0,0.28769300878047943,0.04468464233236226,27.717633047066812,4.057374257982362,1.5710624829778925
7145,test,0,0.28700952231884,0.04468464233236226,27.71761696652881,4.057382428902526,1.570798604673834
7146,test,0,0.2771916538476944,0.04468464233236226,27.717624166360473,4.057378100301592,1.570795360011013
7147,test,0,0.3023312985897064,0.04468464233236226,27.71757314723534,4.057369884269101,1.5713160950355276
7148,test,0,0.28549887239933014,0.04468464233236226,27.717565049139722,4.0573793544465,1.5707961964733272
7149,test,0,0.28812475502491,0.04468464233236226,27.717549249437187,4.057378547178451,1.5708086247971162
7150,test,0,0.2791491150856018,0.04468464233236226,27.717500636346575,4.057377737591023,1.5714889334230489
7151,test,0,0.28732892870903015,0.04468464233236226,27.71748560943671,4.057380786952577,1.5707960016370799
7152,test,0,0.28733041882514954,0.04468464233236226,27.717459769038744,4.057376151481797,1.5709306914132612
7153,test,0,0.3030802458524704,0.04468464233236226,27.71742247549159,4.057375701883896,1.570796197859306
7154,test,0,0.3095441460609436,0.04468464233236226,27.71740081605401,4.057383253979182,1.5707996884097775
7155,test,0,0.2867974042892456,0.04468464233236226,27.71740012909932,4.057373400937475,1.5708446477991842
7156,test,0,0.2744158059358597,0.04468464233236226,27.717364367837465,4.057382899472278,1.5707986587164626
7157,test,0,0.2877223342657089,0.04468464233236226,27.717356922847678,4.057380033597027,1.5707960051703016
7158,test,0,0.28732916712760925,0.04468464233236226,27.71736732887672,4.0573751439104795,1.570903092964741
7159,test,0,0.2882443517446518,0.04468464233236226,27.717323844534747,4.057382904448254,1.5707994497180577
7160,test,0,0.2877276688814163,0.04468464233236226,27.71732883148664,4.057375221630596,1.5707958873458756
7161,test,0,0.28561897575855255,0.04468464233236226,27.717292259478235,4.057377208622506,1.5712291234825062
7162,test,0,0.259641632437706,0.04468464233236226,27.717275093615687,4.05738132581162,1.570795801271154
7163,test,0,0.28733621537685394,0.04468464233236226,27.717269794377042,4.057379577597672,1.5707961328211908
7164,test,0,0.307030588388443,0.04468464233236226,27.717230176217463,4.057346636640543,1.5718704012638602
7165,test,0,0.280044823884964,0.04468464233236226,27.717210891414922,4.057381249760046,1.570796269688864
7166,test,0,0.2879377603530884,0.04468464233236226,27.7171903579713,4.057380128344007,1.5708032673550008
7167,test,0,0.3102109581232071,0.04468464233236226,27.717158959106985,4.057372054112232,1.571192505694176
7168,test,0,0.27523355185985565,0.04468464233236226,27.717132523182066,4.057383846271715,1.5707991569610429
7169,test,0,0.28762252628803253,0.04468464233236226,27.717129558723876,4.057375890842749,1.5707979246108303
7170,test,0,0.30611996352672577,0.04468464233236226,27.717112931493133,4.057380905914289,1.5707961603182319
7171,test,0,0.3032108098268509,0.04468464233236226,27.717095566516292,4.057381753657416,1.570799142660602
7172,test,0,0.30430884659290314,0.04468464233236226,27.717117174445757,4.057375447062996,1.5707960010250337
7173,test,0,0.3022272437810898,0.04468464233236226,27.717062575995307,4.057380152904119,1.5709496952340534
7174,test,0,0.2782597094774246,0.04468464233236226,27.71706058718786,4.057377633198912,1.570795954198212
7175,test,0,0.28729742765426636,0.04468464233236226,27.7170378439994,4.057374620141374,1.570912706102525
7176,test,0,0.2708147019147873,0.04468464233236226,27.7170001738968,4.057375451763021,1.5710149849480823
7177,test,0,0.2871658205986023,0.04468464233236226,27.716997169255535,4.057379929604367,1.5708001362403243
7178,test,0,0.2714335322380066,0.04468464233236226,27.71696142901305,4.057364707037056,1.571323230831288
7179,test,0,0.2683510035276413,0.04468464233236226,27.716939198211495,4.057377403739473,1.5707962121428816
7180,test,0,0.2752131521701813,0.04468464233236226,27.716917836735668,4.057382646681925,1.570800607071676
7181,test,0,0.2985510230064392,0.04468464233236226,27.71689999893961,4.057372335976224,1.571290079986881
7182,test,0,0.28662747144699097,0.04468464233236226,27.71685591338475,4.057382636313462,1.5707960066644133
7183,test,0,0.30331966280937195,0.04468464233236226,27.716848097014513,4.057379527007234,1.5707979927326072
7184,test,0,0.27216100692749023,0.04468464233236226,27.7168485599267,4.057380233303677,1.570800273671415
7185,test,0,0.27166879177093506,0.04468464233236226,27.716812771144756,4.057382739515417,1.5707999818629081
7186,test,0,0.2848679721355438,0.04468464233236226,27.716828179162707,4.057374714176508,1.5707957561513022
7187,test,0,0.27870284020900726,0.04468464233236226,27.71678610067274,4.057384108631663,1.5711453597772367
7188,test,0,0.30716627836227417,0.04468464233236226,27.71677463505682,4.057380031026095,1.5707873503752598
7189,test,0,0.28701916337013245,0.04468464233236226,27.716772705763763,4.057379052747121,1.5707987124030414
7190,test,0,0.28147704899311066,0.04468464233236226,27.71671917967915,4.057375284228968,1.5714066113663923
7191,test,0,0.2861851751804352,0.04468464233236226,27.716711383570527,4.057380577329035,1.5707961488412412
7192,test,0,0.27159038186073303,0.04468464233236226,27.716687447453015,4.057375953399994,1.5708322801043693
7193,test,0,0.3152722418308258,0.04468464233236226,27.716640219315494,4.057372282180654,1.5711850666498595
7194,test,0,0.27022573351860046,0.04468464233236226,27.716621424831565,4.057383239263014,1.5707983412195656
7195,test,0,0.2866390347480774,0.04468464233236226,27.716606125635515,4.0573736852043885,1.5709063306116253
7196,test,0,0.31981413066387177,0.04468464233236226,27.716569004950085,4.057380354662827,1.5707965773186692
7197,test,0,0.30319127440452576,0.04468464233236226,27.716553922296313,4.057381622394387,1.5707998269846386
7198,test,0,0.2709023058414459,0.04468464233236226,27.716576461853705,4.05737173381666,1.5707962284844477
7199,test,0,0.27179525792598724,0.04468464233236226,27.716516193874895,4.0573819604572146,1.570800302171697
7200,test,0,0.271133616566658,0.04468464233236226,27.716521193648603,4.057376557343094,1.5707952430641434
7201,test,0,0.27154339849948883,0.04468464233236226,27.71649579025519,4.057369572175707,1.5712677695618114
7202,test,0,0.30281969904899597,0.04468464233236226,27.716463499150876,4.057381615482809,1.5707989130924966
7203,test,0,0.3023136854171753,0.04468464233236226,27.716464141937116,4.057378785568574,1.5707962334627479
7204,test,0,0.3115719109773636,0.04468464233236226,27.71642738323695,4.05735767190933,1.571671424485429
7205,test,0,0.3158811032772064,0.04468464233236226,27.71640362004872,4.057377780844482,1.5707962238926187
7206,test,0,0.31568220257759094,0.04468464233236226,27.716384071431296,4.057381513487367,1.5708013508714298
7207,test,0,0.2645936459302902,0.04468464233236226,27.71634968628854,4.057363102246958,1.5716126198786804
7208,test,0,0.3017512410879135,0.04468464233236226,27.71631660559314,4.057381250707412,1.5707822216845388
7209,test,0,0.3032395541667938,0.04468464233236226,27.71630647247157,4.057378030210872,1.5708017710354227
7210,test,0,0.30822543799877167,0.04468464233236226,27.716276602998295,4.057380553739099,1.5707962930243002
7211,test,0,0.27152658998966217,0.04468464233236226,27.716252103202486,4.05738346075943,1.5707999748096766
7212,test,0,0.28707805275917053,0.04468464233236226,27.71626584201175,4.0573743325853435,1.5707958112094456
7213,test,0,0.27327990531921387,0.04468464233236226,27.716219874306447,4.05738043049317,1.5708470262233738
7214,test,0,0.2712719291448593,0.04468464233236226,27.716215397271224,4.057380662037801,1.5707956543834651
7215,test,0,0.28572945296764374,0.04468464233236226,27.7162174343682,4.05737761031915,1.5708025300241455
7216,test,0,0.31781528890132904,0.04468464233236226,27.71615757229887,4.057383011158172,1.5711189125943612
7217,test,0,0.2714090198278427,0.04468464233236226,27.716159291478412,4.057376487116915,1.570795597271978
7218,test,0,0.27161698043346405,0.04468464233236226,27.71611824540982,4.057370347943246,1.5711029912752865
7219,test,0,0.2862555682659149,0.04468464233236226,27.716085505596787,4.05738004123891,1.570795602935278
7220,test,0,0.2709311842918396,0.04468464233236226,27.716073778619638,4.057380848708504,1.5707962561421878
7221,test,0,0.270771861076355,0.04468464233236226,27.716047456378167,4.057375434774444,1.5714045993357209
7222,test,0,0.3134997487068176,0.04468464233236226,27.71601522706933,4.057380838895632,1.5707901742522827
7223,test,0,0.27149955928325653,0.04468464233236226,27.715996995319948,4.057381412825924,1.5708009374652683
7224,test,0,0.2710835188627243,0.04468464233236226,27.7160041065654,4.057371544437464,1.57089865263093
7225,test,0,0.27132804691791534,0.04468464233236226,27.715956741239673,4.057383865023249,1.570799827087512
7226,test,0,0.271181583404541,0.04468464233236226,27.715960830397762,4.057375894073605,1.5707957459241226
7227,test,0,0.27146071195602417,0.04468464233236226,27.715946501491832,4.057376613908805,1.5711613901421375
7228,test,0,0.27564534544944763,0.04468464233236226,27.715929450584305,4.057382139830759,1.5707956765699793
7229,test,0,0.2707663029432297,0.04468464233236226,27.715934381063636,4.057377485886707,1.570796205550845
7230,test,0,0.2812913954257965,0.04468464233236226,27.71588469858784,4.057382256716908,1.571178384716817
7231,test,0,0.2717326134443283,0.04468464233236226,27.71587793329827,4.057377412884375,1.5707961801742336
7232,test,0,0.27092456817626953,0.04468464233236226,27.71585691992666,4.057378445491766,1.5708112688810842
7233,test,0,0.2876282036304474,0.04468464233236226,27.715810847741775,4.0573710674464545,1.5713541264941053
7234,test,0,0.30396929383277893,0.04468464233236226,27.715790390523875,4.057381183714891,1.5708054221129335
7235,test,0,0.3195566236972809,0.04468464233236226,27.71576978861069,4.057373641155084,1.570887608645605
7236,test,0,0.30851438641548157,0.04468464233236226,27.71574496952394,4.057380177774026,1.5707961562905703
7237,test,0,0.27112019062042236,0.04468464233236226,27.715722241700146,4.057382883417715,1.5708001172711363
7238,test,0,0.2711632549762726,0.04468464233236226,27.715728134436038,4.057373004561594,1.570797336624002
7239,test,0,0.3205186724662781,0.04468464233236226,27.715689641765128,4.057382706606443,1.5707990100071383
7240,test,0,0.3198600560426712,0.04468464233236226,27.715685815559237,4.0573787983840734,1.5707997449691546
7241,test,0,0.304625540971756,0.04468464233236226,27.715685219186625,4.057374025804028,1.5709685699026392
7242,test,0,0.3185393661260605,0.04468464233236226,27.715652748074856,4.057382727638667,1.5707972763765639
7243,test,0,0.3203539401292801,0.04468464233236226,27.71565452187201,4.057374860451627,1.570793475404765
7244,test,0,0.27155056595802307,0.04468464233236226,27.715618377568596,4.057365082817995,1.5713962389906093
7245,test,0,0.271592378616333,0.04468464233236226,27.71559171202579,4.057379170096773,1.5707904350465398
7246,test,0,0.27092964947223663,0.04468464233236226,27.715582086075738,4.057379994454749,1.5707961483551658
7247,test,0,0.3129456788301468,0.04468464233236226,27.715541561257982,4.057371858859644,1.5717385901043626
7248,test,0,0.2700534909963608,0.04468464233236226,27.715514403240704,4.05738025751586,1.5707962223299934
7249,test,0,0.2715275436639786,0.04468464233236226,27.71549436549852,4.057380005563056,1.5708027266883962
7250,test,0,0.2770998328924179,0.04468464233236226,27.715463108353774,4.0573742818577125,1.5709710487203066
7251,test,0,0.2709469646215439,0.04468464233236226,27.715443295192276,4.057383436849056,1.5707989243603793
7252,test,0,0.1314401626586914,0.04468464233236226,27.715445410113052,4.057375179227122,1.570792322042278
7253,test,0,0.27140314877033234,0.04468464233236226,27.715420685451697,4.057381417400941,1.5707990403911174
7254,test,0,0.2714223116636276,0.04468464233236226,27.715408654217732,4.05738082265513,1.5707977593540834
7255,test,0,0.2703467458486557,0.04468464233236226,27.71542880273137,4.057377114587029,1.5707964586565943
7256,test,0,0.322501003742218,0.04468464233236226,27.71537428591242,4.057378726586035,1.5709210126546416
7257,test,0,0.265617236495018,0.04468464233236226,27.715372828180783,4.057377265802495,1.5707958030250226
7258,test,0,0.2711591422557831,0.04468464233236226,27.715343634277367,4.0573729056189665,1.570930707298049
7259,test,0,0.3175053298473358,0.04468464233236226,27.7153052878697,4.057373650210245,1.5710313917633638
7260,test,0,0.2708534896373749,0.04468464233236226,27.715297808812096,4.057380478281429,1.5707967647753642
7261,test,0,0.3184228092432022,0.04468464233236226,27.71526765078563,4.057363823991784,1.5713089056134846
7262,test,0,0.2764004319906235,0.04468464233236226,27.7152346402331,4.057378114902857,1.570795511683188
7263,test,0,0.3252287805080414,0.04468464233236226,27.715214051929973,4.057382435041723,1.5708001089528993
7264,test,0,0.31882570683956146,0.04468464233236226,27.715200893961725,4.057370194219368,1.5712290537984668
7265,test,0,0.27093611657619476,0.04468464233236226,27.71515842841163,4.057383271158297,1.5707984345995265
7266,test,0,0.27128268778324127,0.04468464233236226,27.715153449239,4.057378308159122,1.5707955975150933
7267,test,0,0.3203587532043457,0.04468464233236226,27.715151975638005,4.057378992382279,1.5707982389251223
7268,test,0,0.2715934067964554,0.04468464233236226,27.715124421085978,4.057381543795719,1.5707995046770316
7269,test,0,0.30871716141700745,0.04468464233236226,27.715136309038876,4.0573749624481374,1.57079542473961
7270,test,0,0.3229515105485916,0.04468464233236226,27.715095251960012,4.05737821512418,1.571198532535095
7271,test,0,0.2718234211206436,0.04468464233236226,27.715084730592967,4.057380082422815,1.5707933060642285
7272,test,0,0.2704177647829056,0.04468464233236226,27.71507585692516,4.0573796794930495,1.5708003325092932
7273,test,0,0.13198739290237427,0.04468464233236226,27.71502335520429,4.057370874135649,1.5714519498656703
7274,test,0,0.27002759277820587,0.04468464233236226,27.715012911860924,4.057380753628524,1.5707938394986178
7275,test,0,0.2715423256158829,0.04468464233236226,27.714988603035195,4.05737567974079,1.5708305452986409
7276,test,0,0.31758616864681244,0.04468464233236226,27.714942946534673,4.0573740599435535,1.5708441179218693
7277,test,0,0.2701711803674698,0.04468464233236226,27.71493175960732,4.0573835111407055,1.5707988331027851
7278,test,0,0.3196971267461777,0.04468464233236226,27.714925719844565,4.05737250626735,1.5708311874639218
7279,test,0,0.3123661130666733,0.04468464233236226,27.714895162299804,4.05738108602549,1.5707960579452376
7280,test,0,0.3196357488632202,0.04468464233236226,27.714883378621494,4.057381133180263,1.5707985916307978
7281,test,0,0.2717346101999283,0.04468464233236226,27.71492234426867,4.05737551421331,1.5708109953973457
7282,test,0,0.3197246640920639,0.04468464233236226,27.7148580524163,4.057382482649832,1.570798984865822
7283,test,0,0.31963032484054565,0.04468464233236226,27.71486095451974,4.057376764411504,1.570795894863067
7284,test,0,0.2709089368581772,0.04468464233236226,27.714831131200526,4.057375262516903,1.5711714014811407
7285,test,0,0.27688969671726227,0.04468464233236226,27.71480799439465,4.057381523501482,1.5707955157011333
7286,test,0,0.2709001153707504,0.04468464233236226,27.714798923806594,4.05737975224662,1.5707960468379047
7287,test,0,0.32910624146461487,0.04468464233236226,27.71475919720672,4.057360102180864,1.5716514304622833
7288,test,0,0.27001842856407166,0.04468464233236226,27.714733401331173,4.057377215795144,1.5707931641340058
7289,test,0,0.27092668414115906,0.04468464233236226,27.714714166268486,4.057381059089156,1.570800751073716
7290,test,0,0.28004077076911926,0.04468464233236226,27.71468164166713,4.057367259390454,1.5714460526361105
7291,test,0,0.27063053846359253,0.04468464233236226,27.714648936391278,4.057382896093918,1.5707965471220124
7292,test,0,0.3197399526834488,0.04468464233236226,27.714642471912867,4.057377688558213,1.5708002883527954
7293,test,0,0.3178277015686035,0.04468464233236226,27.714627148209118,4.0573793862774385,1.570796194925313
7294,test,0,0.2715766727924347,0.04468464233236226,27.71460349062536,4.057382541067235,1.5707996735972045
7295,test,0,0.2761792689561844,0.04468464233236226,27.714619727771026,4.05737422711479,1.5707962598234035
7296,test,0,0.319253534078598,0.04468464233236226,27.714589450412564,4.0573784388827905,1.5709631885785167
7297,test,0,0.31994548439979553,0.04468464233236226,27.714586197064214,4.05738005857639,1.570795951921423
7298,test,0,0.32011672854423523,0.04468464233236226,27.71458044567987,4.057376271088404,1.5708165926229896
7299,test,0,0.32110632956027985,0.04468464233236226,27.71453237789892,4.057379658586639,1.5709183359848067
7300,test,0,0.26911285519599915,0.04468464233236226,27.71452842525333,4.057379951642349,1.57079621224911
7301,test,0,0.31895163655281067,0.04468464233236226,27.71448609674908,4.057369853037135,1.5710787637972219
7302,test,0,0.26535938680171967,0.04468464233236226,27.71445656673407,4.057376548950008,1.5707962243426947
7303,test,0,0.3266434967517853,0.04468464233236226,27.714438442473195,4.057382755832685,1.570798969571768
7304,test,0,0.31970398128032684,0.04468464233236226,27.714417983953094,4.057373627542664,1.5714542865839047
7305,test,0,0.2709219753742218,0.04468464233236226,27.714387474285772,4.057380738309368,1.5707962194025835
7306,test,0,0.2709253579378128,0.04468464233236226,27.7143718536183,4.057380483899009,1.570799683680713
7307,test,0,0.27054035663604736,0.04468464233236226,27.7143763972366,4.057378295071066,1.5707969281460914
7308,test,0,0.27163705229759216,0.04468464233236226,27.714329594974625,4.057383652893451,1.5707998678894284
7309,test,0,0.27141012251377106,0.04468464233236226,27.714336786991453,4.057375325651789,1.5707965070205718
7310,test,0,0.27042633295059204,0.04468464233236226,27.714309589125502,4.0573769652857985,1.5711706965957752
7311,test,0,0.2762065529823303,0.04468464233236226,27.714295670230175,4.0573814155353265,1.5707955087831227
7312,test,0,0.2709138095378876,0.04468464233236226,27.71429498451874,4.057378349247954,1.570796201008271
7313,test,0,0.26979315280914307,0.04468464233236226,27.714243152557756,4.0573697624129075,1.571501502696057
7314,test,0,0.2712584137916565,0.04468464233236226,27.71423301779166,4.057376656660814,1.5707924927598569
7315,test,0,0.3194265514612198,0.04468464233236226,27.71421280638282,4.057378095853254,1.5708097599976798
7316,test,0,0.3241983950138092,0.04468464233236226,27.71416966986181,4.057368520914033,1.5712581909814807
7317,test,0,0.27093687653541565,0.04468464233236226,27.71415194420063,4.057380776574914,1.5707961433827626
7318,test,0,0.3196607977151871,0.04468464233236226,27.714137035810527,4.057374339763544,1.5708390369202456
7319,test,0,0.27137166261672974,0.04468464233236226,27.714108991198007,4.057380637165254,1.5707951441506753
7320,test,0,0.3195086270570755,0.04468464233236226,27.71408878078398,4.057382588488641,1.5707996433220481
7321,test,0,0.2709084153175354,0.04468464233236226,27.714101986738907,4.057372717597258,1.570800610099498
7322,test,0,0.27128300070762634,0.04468464233236226,27.714056928307937,4.057381935359594,1.5707998921784747
7323,test,0,0.2711614817380905,0.04468464233236226,27.714056776772907,4.057377219724036,1.570799332800838
7324,test,0,0.3176901638507843,0.04468464233236226,27.71404372076796,4.057373383178448,1.5710394132820422
7325,test,0,0.27761073410511017,0.04468464233236226,27.71401420720931,4.057382753721412,1.5707965562577126
7326,test,0,0.27094215154647827,0.04468464233236226,27.714014204572255,4.057379030365007,1.5707962239432574
7327,test,0,0.33478476107120514,0.04468464233236226,27.713982365631345,4.057369870471491,1.5714309255387693
7328,test,0,0.325800359249115,0.04468464233236226,27.713955924924065,4.05737908327967,1.5707957164401027
7329,test,0,0.3207373470067978,0.04468464233236226,27.71393904394948,4.057381864017509,1.5708000292573174
7330,test,0,0.3330889046192169,0.04468464233236226,27.7139030572411,4.057372044628805,1.571824617439733
7331,test,0,0.3263429254293442,0.04468464233236226,27.713881327494473,4.057382180084394,1.5708033604972165
7332,test,0,0.2714783251285553,0.04468464233236226,27.71386621083679,4.057379805861142,1.5708019774186985
7333,test,0,0.3202957659959793,0.04468464233236226,27.71383508457518,4.057371888894397,1.5707558149732306
7334,test,0,0.32032930850982666,0.04468464233236226,27.7138082649727,4.05738366635171,1.5707990937098657
7335,test,0,0.32005786895751953,0.04468464233236226,27.713814168183887,4.057374884966833,1.570796175769966
7336,test,0,0.2755086421966553,0.04468464233236226,27.713776049922817,4.057379957906166,1.5707985311606762
7337,test,0,0.3197582811117172,0.04468464233236226,27.71376771486906,4.057379715840281,1.5707952952474629
7338,test,0,0.27090923488140106,0.04468464233236226,27.713779852212074,4.057377887189253,1.5707977891710567
7339,test,0,0.3189759701490402,0.04468464233236226,27.71371791537005,4.057385217963007,1.5710924734277372
7340,test,0,0.26920151710510254,0.04468464233236226,27.713718650981903,4.05737636392716,1.5707961167076303
7341,test,0,0.27136170864105225,0.04468464233236226,27.71368629179296,4.057373538693071,1.5709336192653887
7342,test,0,0.26942460238933563,0.04468464233236226,27.71364852828279,4.057374242977046,1.5709752015941223
7343,test,0,0.27093708515167236,0.04468464233236226,27.713642702635678,4.05738088312789,1.570796165687345
7344,test,0,0.33519473671913147,0.04468464233236226,27.71361281369059,4.057367607281065,1.5712513779579427
7345,test,0,0.3314800560474396,0.04468464233236226,27.713582215704175,4.0573805377173695,1.5707953932386962
7346,test,0,0.2713596075773239,0.04468464233236226,27.713560562754036,4.057382399004975,1.5708005029855916
7347,test,0,0.2709042727947235,0.04468464233236226,27.71356390963345,4.057368649546414,1.5711065872700856
7348,test,0,0.27095063030719757,0.04468464233236226,27.713526273884586,4.057383175714681,1.5707984397750254
7349,test,0,0.3199024796485901,0.04468464233236226,27.71352495045723,4.057377296286335,1.5707956595681543
7350,test,0,0.2711962163448334,0.04468464233236226,27.713508647028565,4.057375015751318,1.5711399777816886
7351,test,0,0.271089106798172,0.04468464233236226,27.713487749957853,4.057382855103745,1.570798748993815
7352,test,0,0.2708674669265747,0.04468464233236226,27.71349405582533,4.057375127478225,1.570795010396483
7353,test,0,0.26655521988868713,0.04468464233236226,27.71344928774799,4.057382896282821,1.5711320964138602
7354,test,0,0.13144053518772125,0.04468464233236226,27.713438309972695,4.057379714722477,1.5707939503665915
7355,test,0,0.13144053518772125,0.04468464233236226,27.713424923716985,4.057379915797018,1.5708003855692003
7356,test,0,0.27627579867839813,0.04468464233236226,27.71337196227309,4.057368975021456,1.5714720302190428
7357,test,0,0.3333475887775421,0.04468464233236226,27.713359082534172,4.057381166399486,1.5707961160696742
7358,test,0,0.27150313556194305,0.04468464233236226,27.713338017992477,4.057375876800863,1.5708236397000346
7359,test,0,0.2708002030849457,0.04468464233236226,27.713298907748005,4.05737605581563,1.5707961386719138
7360,test,0,0.27910780906677246,0.04468464233236226,27.713275800040027,4.057383549064368,1.5707990374309966
7361,test,0,0.31994785368442535,0.04468464233236226,27.713275611605514,4.05737299678295,1.5708093835188717
7362,test,0,0.2716216742992401,0.04468464233236226,27.71324249620488,4.057382694939033,1.570797773070351
7363,test,0,0.3361557871103287,0.04468464233236226,27.71323323072238,4.0573806145113185,1.5707969882857917
7364,test,0,0.2712784856557846,0.04468464233236226,27.713267876401247,4.057375489820854,1.5708103870754022
7365,test,0,0.2747834622859955,0.04468464233236226,27.71320990612761,4.057382604478611,1.570798934539616
7366,test,0,0.265962153673172,0.04468464233236226,27.713213226653338,4.057375863478935,1.5707960694246357
7367,test,0,0.32948915660381317,0.04468464233236226,27.71318383206233,4.057367912684271,1.571271244651051
7368,test,0,0.26660481095314026,0.04468464233236226,27.713153480420615,4.057380757033209,1.5708037465173639
7369,test,0,0.3371322602033615,0.04468464233236226,27.713147727933897,4.057379984822018,1.5707979310949272
7370,test,0,0.332237184047699,0.04468464233236226,27.71311041943357,4.057353947251973,1.5717472193734325
7371,test,0,0.3306323289871216,0.04468464233236226,27.71307978999456,4.057380563177872,1.5707961427072774
7372,test,0,0.2711253762245178,0.04468464233236226,27.71305993387737,4.057381331090934,1.5708012449188027
7373,test,0,0.33284321427345276,0.04468464233236226,27.7130412823306,4.057366182692469,1.5712008039335998
7374,test,0,0.2769794464111328,0.04468464233236226,27.713006176461057,4.057383801331009,1.5707984266556494
7375,test,0,0.27120593190193176,0.04468464233236226,27.713002052730282,4.0573770937512865,1.5707962355620537
7376,test,0,0.271310955286026,0.04468464233236226,27.712978048036888,4.057380121859073,1.5707981221006226
7377,test,0,0.27139852941036224,0.04468464233236226,27.71296022153039,4.057382098252056,1.5707993578206274
7378,test,0,0.336796298623085,0.04468464233236226,27.71297928895263,4.057373839739616,1.5707952928889526
7379,test,0,0.27040958404541016,0.04468464233236226,27.71293056516222,4.057377330741891,1.5709831830796297
7380,test,0,0.2689988762140274,0.04468464233236226,27.712928777540494,4.057379079299595,1.5707949659790383
7381,test,0,0.3357064723968506,0.04468464233236226,27.71291702427174,4.0573757761391205,1.5708177975437252
7382,test,0,0.3337916135787964,0.04468464233236226,27.712868271187798,4.057380028367472,1.5710742475581134
7383,test,0,0.2690901756286621,0.04468464233236226,27.712862224681757,4.057379893605026,1.5707961732400568
7384,test,0,0.33508454263210297,0.04468464233236226,27.712823152185152,4.057373674947666,1.5710865676979064
7385,test,0,0.3240679055452347,0.04468464233236226,27.712800976149545,4.0573781884481726,1.5707960236163043
7386,test,0,0.33873364329338074,0.04468464233236226,27.7127797840637,4.057382721717185,1.5707992098562773
7387,test,0,0.2701870799064636,0.04468464233236226,27.71276302265042,4.057366271075263,1.571292578162502
7388,test,0,0.3366355895996094,0.04468464233236226,27.712729321445035,4.057382871124115,1.5707987086965063
7389,test,0,0.2713753879070282,0.04468464233236226,27.71271938306796,4.057380329284908,1.5707986589473084
7390,test,0,0.27175019681453705,0.04468464233236226,27.712721803983076,4.057378654564343,1.5708374650859476
7391,test,0,0.33593083918094635,0.04468464233236226,27.71268396159325,4.057383074459285,1.5707993525192596
7392,test,0,0.27092887461185455,0.04468464233236226,27.712693763356764,4.057374659594627,1.5707956020122187
7393,test,0,0.267046719789505,0.04468464233236226,27.712644943988376,4.057370338081626,1.571261787620854
7394,test,0,0.2635611444711685,0.04468464233236226,27.71262803008197,4.05738126426741,1.5707951744943736
7395,test,0,0.2705470323562622,0.04468464233236226,27.712626627948545,4.057378661963869,1.5707967222447254
7396,test,0,0.3262829929590225,0.04468464233236226,27.7125747752182,4.057365109534332,1.5714008389900562
7397,test,0,0.3257094472646713,0.04468464233236226,27.712563586071425,4.057378653587241,1.570795727308817
7398,test,0,0.270929753780365,0.04468464233236226,27.712541911752385,4.057377781243828,1.5708120583604952
7399,test,0,0.2707701772451401,0.04468464233236226,27.712497298756166,4.057368783314777,1.5712096270278142
7400,test,0,0.33585770428180695,0.04468464233236226,27.712475469806318,4.05738378587895,1.5707977253381675
7401,test,0,0.27132585644721985,0.04468464233236226,27.712464591045705,4.0573738945136855,1.5708221155652995
7402,test,0,0.3420853763818741,0.04468464233236226,27.712435384304868,4.057380504902737,1.5707961636564687
7403,test,0,0.2714014947414398,0.04468464233236226,27.712417951727048,4.057382083569717,1.570799672193478
7404,test,0,0.2693405747413635,0.04468464233236226,27.712445176023735,4.057371857797904,1.5707988472743766
7405,test,0,0.27394774556159973,0.04468464233236226,27.712399347376216,4.057381478071149,1.5707991441859614
7406,test,0,0.33643658459186554,0.04468464233236226,27.71240155056442,4.057377707247733,1.5708050083979752
7407,test,0,0.3364333063364029,0.04468464233236226,27.712374256715435,4.057372126061349,1.5710705871689663
7408,test,0,0.33693279325962067,0.04468464233236226,27.71234183095184,4.057381460137717,1.5707972176104708
7409,test,0,0.27041611075401306,0.04468464233236226,27.712342765219574,4.0573794041585405,1.570796229196815
7410,test,0,0.3435022085905075,0.04468464233236226,27.712309019818374,4.057370717654175,1.5715197237287661
7411,test,0,0.2621109038591385,0.04468464233236226,27.71227463055568,4.0573782173340955,1.570796103361702
7412,test,0,0.27092476189136505,0.04468464233236226,27.712262893756858,4.057381368860218,1.5708002301350834
7413,test,0,0.33904626965522766,0.04468464233236226,27.712234555890923,4.057365712000507,1.5716214263454575
7414,test,0,0.33499787747859955,0.04468464233236226,27.712199233039392,4.057381550326935,1.5707991057755513
7415,test,0,0.33603818714618683,0.04468464233236226,27.712188033483837,4.0573792807077655,1.570801072396645
7416,test,0,0.3392735421657562,0.04468464233236226,27.712165957216573,4.057379945895413,1.5707955342093538
7417,test,0,0.3359190672636032,0.04468464233236226,27.712138228506372,4.057383177841769,1.5707991333241655
7418,test,0,0.3388092964887619,0.04468464233236226,27.712145667965157,4.0573744715125795,1.5707956716683493
7419,test,0,0.34714868664741516,0.04468464233236226,27.712117902080358,4.057378628848193,1.5709309338672488
7420,test,0,0.2713107168674469,0.04468464233236226,27.71211174873861,4.057380739705634,1.5708028651568946
7421,test,0,0.2707139253616333,0.04468464233236226,27.71211538104248,4.05737860591691,1.5707967395076616
7422,test,0,0.3332648128271103,0.04468464233236226,27.712054959265508,4.05738160521138,1.571132148352168
7423,test,0,0.26650163531303406,0.04468464233236226,27.71205470472891,4.0573761305726,1.5707925188803662
7424,test,0,0.3348781019449234,0.04468464233236226,27.712023504691057,4.05737446694135,1.5709175536722657
7425,test,0,0.3334610015153885,0.04468464233236226,27.71198710791355,4.057380899327781,1.570791453442822
7426,test,0,0.27092620730400085,0.04468464233236226,27.711974058278628,4.057382720555206,1.5707976470853453
7427,test,0,0.3355129510164261,0.04468464233236226,27.711948512633633,4.057369339287275,1.5712229998903375
7428,test,0,0.26281699538230896,0.04468464233236226,27.711916130152662,4.057381669771679,1.5707807031747647
7429,test,0,0.3359448164701462,0.04468464233236226,27.71189740045793,4.05738172956506,1.5707999296453505
7430,test,0,0.2711233049631119,0.04468464233236226,27.71190691430224,4.0573758216606866,1.5708640705035675
7431,test,0,0.27153828740119934,0.04468464233236226,27.711862764446373,4.057383762102024,1.5707994753325265
7432,test,0,0.2711878716945648,0.04468464233236226,27.71186509047751,4.05737665694188,1.5707957090212104
7433,test,0,0.3592595309019089,0.04468464233236226,27.711850609482344,4.057374951093457,1.5711714184092311
7434,test,0,0.27363812923431396,0.04468464233236226,27.711831335516596,4.0573826147865955,1.5707981920506946
7435,test,0,0.3372109532356262,0.04468464233236226,27.71183614136771,4.057377664225474,1.570795133309287
7436,test,0,0.3350098431110382,0.04468464233236226,27.71178931289226,4.057374758969079,1.5713024632947241
7437,test,0,0.2710510492324829,0.04468464233236226,27.71177623441725,4.057379955017931,1.5707961063781402
7438,test,0,0.34368796646595,0.04468464233236226,27.711758556781795,4.057380042380171,1.5708029193909405
7439,test,0,0.2643483430147171,0.04468464233236226,27.711708508224774,4.057367525170286,1.571362862707054
7440,test,0,0.3393804430961609,0.04468464233236226,27.711687235875615,4.057380530271882,1.5708015550155234
7441,test,0,0.33595792949199677,0.04468464233236226,27.711668773188297,4.057376036462946,1.5708137779035778
7442,test,0,0.3512052595615387,0.04468464233236226,27.71163933234468,4.057378888672583,1.5707902208176288
7443,test,0,0.33621469140052795,0.04468464233236226,27.711615016653475,4.05738328534335,1.5707991382550088
7444,test,0,0.3364778161048889,0.04468464233236226,27.711619332556605,4.057373477098824,1.570796833419815
7445,test,0,0.2716307044029236,0.04468464233236226,27.71157807689614,4.057382564247195,1.570798638837291
7446,test,0,0.3362235277891159,0.04468464233236226,27.711572678220204,4.057379098021238,1.5708024885450698
7447,test,0,0.2691822350025177,0.04468464233236226,27.711585460729985,4.057375008985487,1.570832909441266
7448,test,0,0.2733636796474457,0.04468464233236226,27.711528123253473,4.057382960575704,1.570796917441911
7449,test,0,0.2705359309911728,0.04468464233236226,27.71153039693728,4.057375887357461,1.5707961826978338
7450,test,0,0.33562396466732025,0.04468464233236226,27.711500489402944,4.057364189125235,1.5713169797916615
7451,test,0,0.33729352056980133,0.04468464233236226,27.71147115755246,4.057380065874321,1.5707956507852974
7452,test,0,0.2705160081386566,0.04468464233236226,27.71145639564187,4.057380732593605,1.5707980025035089
7453,test,0,0.3488076776266098,0.04468464233236226,27.71142147782275,4.0573598783223455,1.5715302640860116
7454,test,0,0.27208496630191803,0.04468464233236226,27.711389627916187,4.057381096155337,1.5707954339098549
7455,test,0,0.27153007686138153,0.04468464233236226,27.711369665854463,4.057381140093919,1.5708010279892382
7456,test,0,0.2644818425178528,0.04468464233236226,27.71134094882992,4.0573724339167265,1.5711004397562485
7457,test,0,0.3365294635295868,0.04468464233236226,27.711306931586464,4.057384122307983,1.5707990554424085
7458,test,0,0.3365294635295868,0.04468464233236226,27.71130669953453,4.0573760566524815,1.5707975781319556
7459,test,0,0.33653198182582855,0.04468464233236226,27.71127866226382,4.057380576508846,1.5707976816299694
7460,test,0,0.33616624772548676,0.04468464233236226,27.711263805252692,4.05738089160544,1.5707981120230718
7461,test,0,0.27019287645816803,0.04468464233236226,27.711279104722546,4.057378089352614,1.5707957736389992
7462,test,0,0.3388645648956299,0.04468464233236226,27.71122626881965,4.057381707701013,1.5710084711425294
7463,test,0,0.33657804131507874,0.04468464233236226,27.711224425842584,4.057378521887448,1.5707957797970507
7464,test,0,0.3329956531524658,0.04468464233236226,27.711207260473977,4.057376053343901,1.5708195272643597
7465,test,0,0.3344634920358658,0.04468464233236226,27.71115802189213,4.057380812567486,1.5711375408574608
7466,test,0,0.2709282487630844,0.04468464233236226,27.711149302686355,4.057380277673905,1.5707961425367702
7467,test,0,0.3511064350605011,0.04468464233236226,27.71111374584683,4.057369853212209,1.5710879022456006
7468,test,0,0.34503424167633057,0.04468464233236226,27.711082233240155,4.057376366375272,1.5707929777461074
7469,test,0,0.2709282487630844,0.04468464233236226,27.71106244134282,4.057382931887884,1.5707998732043518
7470,test,0,0.2712228149175644,0.04468464233236226,27.71105325337285,4.057368553848499,1.5711677761082143
7471,test,0,0.27027441561222076,0.04468464233236226,27.711007702167972,4.05738260554957,1.5707976636883125
7472,test,0,0.2713099420070648,0.04468464233236226,27.710999974873534,4.057379815612101,1.57079619935286
7473,test,0,0.33729757368564606,0.04468464233236226,27.710991965787063,4.057377511831494,1.5709390966174743
7474,test,0,0.33598144352436066,0.04468464233236226,27.710963943067007,4.057381639389069,1.5707987036252862
7475,test,0,0.27143487334251404,0.04468464233236226,27.710973543985645,4.05737369246311,1.5707960713887674
7476,test,0,0.34782569110393524,0.04468464233236226,27.71093696482595,4.057384074993895,1.571108468253026
7477,test,0,0.33687320351600647,0.04468464233236226,27.710923707856004,4.057380726521051,1.5707963229982647
7478,test,0,0.34032994508743286,0.04468464233236226,27.710917773330994,4.0573798708950095,1.5707971694255523
7479,test,0,0.33857040107250214,0.04468464233236226,27.710866137730708,4.057376026855484,1.5715644617074405
7480,test,0,0.27094902098178864,0.04468464233236226,27.71085351244859,4.057380524051052,1.5707961477945636
7481,test,0,0.271662637591362,0.04468464233236226,27.710829934454857,4.057377938807119,1.5708089181252256
7482,test,0,0.2675776928663254,0.04468464233236226,27.71078557596205,4.0573858670130365,1.5709280751336936
7483,test,0,0.35252630710601807,0.04468464233236226,27.710767078437485,4.057383612879924,1.5707982279197026
7484,test,0,0.33623717725276947,0.04468464233236226,27.71076111521163,4.057374247583505,1.5708105033705564
7485,test,0,0.270950123667717,0.04468464233236226,27.710739638748795,4.057379637884241,1.5707961994935034
7486,test,0,0.27133697271347046,0.04468464233236226,27.710718938978935,4.057381016776072,1.57079908783428
7487,test,0,0.34027767181396484,0.04468464233236226,27.710759541972898,4.057374620897534,1.570770837869418
7488,test,0,0.33872242271900177,0.04468464233236226,27.710707985516454,4.057383190331839,1.5707988626082778
7489,test,0,0.2710186392068863,0.04468464233236226,27.710709769933548,4.057377582198875,1.5707972695394794
7490,test,0,0.3521324396133423,0.04468464233236226,27.71067920789424,4.057370741416386,1.5710814750434954
7491,test,0,0.26300953328609467,0.04468464233236226,27.710653847335145,4.057381882462042,1.5707956265891603
7492,test,0,0.2707487642765045,0.04468464233236226,27.71065365233043,4.057379323912334,1.5707962187233986
7493,test,0,0.35095931589603424,0.04468464233236226,27.710621051838647,4.057363455636352,1.571508753940355
7494,test,0,0.34243863821029663,0.04468464233236226,27.710597526108106,4.057377020795923,1.5707953358877886
7495,test,0,0.2709213197231293,0.04468464233236226,27.710582437208622,4.057381141592656,1.5707997404539922
7496,test,0,0.33651532232761383,0.04468464233236226,27.710559942286082,4.05735571674726,1.5714092091582097
7497,test,0,0.27093759179115295,0.04468464233236226,27.7105276937894,4.057381800651412,1.5707961137987678
7498,test,0,0.3526545912027359,0.04468464233236226,27.71051951101032,4.0573785676754985,1.5707983727006958
7499,test,0,0.3556163161993027,0.04468464233236226,27.710513284651892,4.057380040497574,1.5707963658199748
7500,test,0,0.3522729426622391,0.04468464233236226,27.710485480283758,4.057382850398027,1.5707990644882333
7501,test,0,0.2666892111301422,0.04468464233236226,27.710500387246892,4.05737379486322,1.5707959840976604
7502,test,0,0.2710161954164505,0.04468464233236226,27.710458446836906,4.057376324488749,1.5709685803525735
7503,test,0,0.27124959230422974,0.04468464233236226,27.71045396436556,4.057379884638486,1.5707958372388202
7504,test,0,0.35788001120090485,0.04468464233236226,27.710450753147892,4.057378709565026,1.5707997609660393
7505,test,0,0.34949932992458344,0.04468464233236226,27.71039351355614,4.057379212391064,1.57113948927677
7506,test,0,0.2705382853746414,0.04468464233236226,27.710391437553156,4.057380625336604,1.5707930998408366
7507,test,0,0.35222184658050537,0.04468464233236226,27.710354787772133,4.057374227178287,1.5709218448641469
7508,test,0,0.3510551452636719,0.04468464233236226,27.71031659857248,4.057379442861437,1.570795148174291
7509,test,0,0.35078662633895874,0.04468464233236226,27.710299529784162,4.057382787388986,1.5707982423386333
7510,test,0,0.351992130279541,0.04468464233236226,27.710278130755455,4.057372661156187,1.5711748356384154
7511,test,0,0.27048973739147186,0.04468464233236226,27.71024230911499,4.0573806415784395,1.570796023791688
7512,test,0,0.27146463096141815,0.04468464233236226,27.71023005048317,4.057381275277756,1.5707998483589554
7513,test,0,0.271400049328804,0.04468464233236226,27.710247000537656,4.0573760051688765,1.5707964100172533
7514,test,0,0.35220420360565186,0.04468464233236226,27.710194923993175,4.05738327263713,1.5707990235952392
7515,test,0,0.35287994146347046,0.04468464233236226,27.710198784338196,4.057376474176387,1.5707888716284057
7516,test,0,0.27122218906879425,0.04468464233236226,27.71017099343171,4.0573756642445025,1.5711491689795436
7517,test,0,0.35515302419662476,0.04468464233236226,27.710154477500343,4.057382504662309,1.5707968446634286
7518,test,0,0.27054212987422943,0.04468464233236226,27.71015435019006,4.057378883416383,1.5707962370800974
7519,test,0,0.2674596905708313,0.04468464233236226,27.710109259934285,4.05736552564784,1.5714637386706383
7520,test,0,0.35363721847534185,0.04468464233236226,27.71009491502436,4.057376726053983,1.5707961490240023
7521,test,0,0.2701110541820526,0.04468464233236226,27.7100753307852,4.057379998858137,1.5708029994452966
7522,test,0,0.3484993577003479,0.04468464233236226,27.710029767466064,4.057370464090757,1.5713093178902635
7523,test,0,0.35296475887298584,0.04468464233236226,27.710007538389014,4.057380566999446,1.5708027568794236
7524,test,0,0.352449506521225,0.04468464233236226,27.709992990714472,4.057376083410942,1.5708096858326668
7525,test,0,0.2716539055109024,0.04468464233236226,27.709963131018718,4.057380528741969,1.5707955471572363
7526,test,0,0.35353507101535797,0.04468464233236226,27.70993736127873,4.057383336020039,1.570799550294763
7527,test,0,0.27115339040756226,0.04468464233236226,27.709948746509546,4.057373233700833,1.5707959210007763
7528,test,0,0.35361047089099884,0.04468464233236226,27.70990517541897,4.057382230061922,1.570799625238519
7529,test,0,0.27120083570480347,0.04468464233236226,27.709902699119976,4.057378081159115,1.5708009944092458
7530,test,0,0.3544139713048935,0.04468464233236226,27.70990080310562,4.057375032312718,1.5708738922106804
7531,test,0,0.35085754096508026,0.04468464233236226,27.709854731770825,4.057382820169339,1.570797163356127
7532,test,0,0.27092036604881287,0.04468464233236226,27.70985578679645,4.057375735347763,1.5707959471060724
7533,test,0,0.35126112401485443,0.04468464233236226,27.709817931805933,4.057375285761588,1.5712872863991498
7534,test,0,0.3525385707616806,0.04468464233236226,27.709789102348996,4.057379024924659,1.5707772008455205
7535,test,0,0.2709251344203949,0.04468464233236226,27.70977747532432,4.057381420913978,1.5707991517542594
7536,test,0,0.34620411694049835,0.04468464233236226,27.70974665947872,4.057373864489121,1.5715942010491377
7537,test,0,0.35449689626693726,0.04468464233236226,27.70971747737942,4.057381119718772,1.5707961389120693
7538,test,0,0.35236501693725586,0.04468464233236226,27.70969865210908,4.0573804276398135,1.5708003686117218
7539,test,0,0.3443523049354553,0.04468464233236226,27.70967422125666,4.057373985393285,1.5708851685676493
7540,test,0,0.35309693217277527,0.04468464233236226,27.70964762359366,4.0573837626958955,1.5707986634417672
7541,test,0,0.35321885347366333,0.04468464233236226,27.709651696101698,4.057375694939505,1.5707964991840564
7542,test,0,0.36071082949638367,0.04468464233236226,27.709616633916415,4.057378460302487,1.5708530312462083
7543,test,0,0.35344599187374115,0.04468464233236226,27.709606428710142,4.057381075004614,1.5707968411194468
7544,test,0,0.269540473818779,0.04468464233236226,27.709617687076292,4.057377550857051,1.5707964514746824
7545,test,0,0.34891411662101746,0.04468464233236226,27.70955730731048,4.057382803895143,1.5710926861387784
7546,test,0,0.26510000228881836,0.04468464233236226,27.709555214667024,4.057377694099927,1.570796203653272
7547,test,0,0.3538105934858322,0.04468464233236226,27.70953795783703,4.057376107954884,1.570822333221606
7548,test,0,0.35424643754959106,0.04468464233236226,27.70948709868586,4.057379447034749,1.5710017244212018
7549,test,0,0.3527783900499344,0.04468464233236226,27.70947667312129,4.057380599799908,1.5707962088792906
7550,test,0,0.35404184460639954,0.04468464233236226,27.70944830427384,4.057371469966329,1.5710739156667182
7551,test,0,0.35571013391017914,0.04468464233236226,27.709417711990373,4.0573803298446025,1.5707900817209175
7552,test,0,0.35273149609565735,0.04468464233236226,27.70939585998552,4.057382683226345,1.5707994020326541
7553,test,0,0.35229988396167755,0.04468464233236226,27.709395364955885,4.057374064937991,1.5710109647890067
7554,test,0,0.3522322475910187,0.04468464233236226,27.70935214452188,4.057383507373716,1.5707982205242048
7555,test,0,0.3526822477579117,0.04468464233236226,27.709347520699968,4.05737801073275,1.5707963189391727
7556,test,0,0.268653929233551,0.04468464233236226,27.709342611749125,4.057373676562011,1.5711308235189634
7557,test,0,0.3541327267885208,0.04468464233236226,27.70931627522856,4.057382779207024,1.570798645479522
7558,test,0,0.35607366263866425,0.04468464233236226,27.709320988169374,4.057373957396432,1.5707961978457563
7559,test,0,0.36553312838077545,0.04468464233236226,27.709279745618876,4.057377443589439,1.5711851580324177
7560,test,0,0.3652471601963043,0.04468464233236226,27.709264771894134,4.05738011733339,1.5707960538101866
7561,test,0,0.35298529267311096,0.04468464233236226,27.709261666395328,4.057379439900144,1.570796168681766
7562,test,0,0.3591500222682953,0.04468464233236226,27.70921159257546,4.057371910630363,1.571486270752924
7563,test,0,0.26808446645736694,0.04468464233236226,27.70919520519971,4.057380606599842,1.5707954213002122
7564,test,0,0.3521968871355057,0.04468464233236226,27.709175504133498,4.057378469550847,1.570802556282862
7565,test,0,0.34266115725040436,0.04468464233236226,27.709142137302994,4.057376749347141,1.5707997829343188
7566,test,0,0.3563350588083267,0.04468464233236226,27.709120062479247,4.057383936975269,1.5707990616723242
7567,test,0,0.35325901210308075,0.04468464233236226,27.709119647050283,4.057374747027166,1.5708012694384323
7568,test,0,0.36607077717781067,0.04468464233236226,27.70909690653917,4.0573817366782,1.5707968858307668
7569,test,0,0.3525194972753525,0.04468464233236226,27.709085327301832,4.057380726966939,1.5707977923563683
7570,test,0,0.3538774996995926,0.04468464233236226,27.709115858923674,4.057376365093157,1.5707975915298102
7571,test,0,0.35718274116516113,0.04468464233236226,27.709055396824937,4.057383023371005,1.5707986192188468
7572,test,0,0.3533049076795578,0.04468464233236226,27.709058465500398,4.057377190834367,1.5707961280347267
7573,test,0,0.3532257378101349,0.04468464233236226,27.709024419788406,4.057374901294171,1.5711188236576104
7574,test,0,0.3531098812818527,0.04468464233236226,27.70900292063415,4.057382450407305,1.570791948906475
7575,test,0,0.3529370427131653,0.04468464233236226,27.708989285700117,4.057380030205189,1.5707962085831544
7576,test,0,0.3513139635324478,0.04468464233236226,27.708955568544752,4.0573693679138305,1.5714770194830383
7577,test,0,0.3526642471551895,0.04468464233236226,27.708921701737378,4.057378554998476,1.5707957559976238
7578,test,0,0.3535769283771515,0.04468464233236226,27.708900963397213,4.057381903792589,1.5708003733873246
7579,test,0,0.3627694398164749,0.04468464233236226,27.70888227010807,4.057370417932485,1.571227451825065
7580,test,0,0.36836470663547516,0.04468464233236226,27.708846311974085,4.057381846867434,1.570796199164226
7581,test,0,0.35333941876888275,0.04468464233236226,27.708838094950274,4.057377850220426,1.570795745994309
7582,test,0,0.35292984545230865,0.04468464233236226,27.708837631942536,4.057380381344097,1.5707885776327375
7583,test,0,0.35373593866825104,0.04468464233236226,27.708812877131468,4.057382396776861,1.5707991876135308
7584,test,0,0.35288360714912415,0.04468464233236226,27.708827886230168,4.057373908661525,1.5707947870267744
7585,test,0,0.26695767045021057,0.04468464233236226,27.708779891814334,4.057387679111951,1.5710633735258535
7586,test,0,0.35284723341464996,0.04468464233236226,27.70877719827601,4.057378376116661,1.5707953936850165
7587,test,0,0.35293062031269073,0.04468464233236226,27.708768950679637,4.05737847068425,1.5708041479567072
7588,test,0,0.3615180253982544,0.04468464233236226,27.708713396372506,4.057379012106932,1.5711603598253738
7589,test,0,0.3689584285020828,0.04468464233236226,27.70870518512625,4.057380508595822,1.5707954969652602
7590,test,0,0.3522215634584427,0.04468464233236226,27.708670091428413,4.057374476058165,1.5709180547873771
7591,test,0,0.3567055016756058,0.04468464233236226,27.708635351084602,4.057376877292496,1.5707967085046042
7592,test,0,0.35294209420681,0.04468464233236226,27.708613350548006,4.057383455049343,1.57079917239282
7593,test,0,0.37031887471675873,0.04468464233236226,27.708592363735438,4.0573687087011905,1.5710489792427116
7594,test,0,0.3519783169031143,0.04468464233236226,27.7085528538493,4.057381781873109,1.5707950949024958
7595,test,0,0.3698708862066269,0.04468464233236226,27.708541850349796,4.057381015502476,1.5707989647686946
7596,test,0,0.3693786710500717,0.04468464233236226,27.708557232241407,4.057378544831432,1.5708161541278058
7597,test,0,0.3521026223897934,0.04468464233236226,27.708503558348365,4.057382807921353,1.5707990241745722
7598,test,0,0.2630937993526459,0.04468464233236226,27.70851150902455,4.057376087904444,1.570796021913159
7599,test,0,0.37019674479961395,0.04468464233236226,27.708480302734717,4.057377775973711,1.5711935294151007
7600,test,0,0.3581172823905945,0.04468464233236226,27.708463652457084,4.057381582011632,1.5707938540036042
7601,test,0,0.36937911808490753,0.04468464233236226,27.708459709261444,4.057379256476904,1.570797065910539
7602,test,0,0.35627609491348267,0.04468464233236226,27.70841137133879,4.0573692095875336,1.5714512205994975
7603,test,0,0.2668415457010269,0.04468464233236226,27.708393194280287,4.057376641585741,1.5707961644035329
7604,test,0,0.36958959698677063,0.04468464233236226,27.70837213122191,4.057379731648603,1.5708022214957804
7605,test,0,0.353321835398674,0.04468464233236226,27.708331426597887,4.057362741502294,1.5712629552405055
7606,test,0,0.36848461627960205,0.04468464233236226,27.708312222565038,4.057383755462648,1.5707972541673858
7607,test,0,0.3698170930147171,0.04468464233236226,27.70830060108693,4.057376201985656,1.5708060980114942
7608,test,0,0.37006494402885437,0.04468464233236226,27.708270305909252,4.057380564757943,1.5707965028115094
7609,test,0,0.37000851333141327,0.04468464233236226,27.708246756342103,4.0573828013721815,1.5707993872568837
7610,test,0,0.3716471940279007,0.04468464233236226,27.708268819119187,4.057373104175381,1.5707964356574926
7611,test,0,0.13169032335281372,0.04468464233236226,27.70821207570619,4.057382343205118,1.570798896541182
7612,test,0,0.13144128024578094,0.04468464233236226,27.708211181875775,4.0573781299024505,1.570801465122199
7613,test,0,0.13143976032733917,0.04468464233236226,27.70819267279666,4.05737339860848,1.5709223209465697
7614,test,0,0.13169832527637482,0.04468464233236226,27.708149668951133,4.05738159117504,1.5707984668540207
7615,test,0,0.13144026696681976,0.04468464233236226,27.708147788202957,4.05737917561272,1.5707967275034596
7616,test,0,0.3705363869667053,0.04468464233236226,27.708112905339405,4.05737726213923,1.5713288483798538
7617,test,0,0.35319122672080994,0.04468464233236226,27.708079132511624,4.057377639101301,1.5707962459229994
7618,test,0,0.3775382786989212,0.04468464233236226,27.708065453960053,4.057381915961282,1.570799538077883
7619,test,0,0.3570900410413742,0.04468464233236226,27.708038420004623,4.057365133134485,1.5715813709648494
7620,test,0,0.36938077211380005,0.04468464233236226,27.70799901279607,4.057380757092596,1.5708043884210838
7621,test,0,0.3688351958990097,0.04468464233236226,27.707986694986797,4.05738007309183,1.5707998990943912
7622,test,0,0.3624269664287567,0.04468464233236226,27.70797625177272,4.057378259316891,1.5707555106724984
7623,test,0,0.3698480576276779,0.04468464233236226,27.707944164895157,4.057383777306785,1.5707992370744872
7624,test,0,0.37038157880306244,0.04468464233236226,27.707952444094243,4.0573750995101765,1.570796359992519
7625,test,0,0.36184224486351013,0.04468464233236226,27.70792431741764,4.057386179513492,1.571016439211131
7626,test,0,0.3691319674253464,0.04468464233236226,27.707913627080067,4.057380697736188,1.5707998694516814
7627,test,0,0.36929626762866974,0.04468464233236226,27.70791777606861,4.057378230537824,1.5707961706547393
7628,test,0,0.36179427802562714,0.04468464233236226,27.70785926423857,4.057381799940088,1.5711321092482027
7629,test,0,0.3691927194595337,0.04468464233236226,27.707856045636376,4.057375736401121,1.5707959644546945
7630,test,0,0.3693776875734329,0.04468464233236226,27.707833719708738,4.057375654263332,1.5708403406732532
7631,test,0,0.3676573783159256,0.04468464233236226,27.70778526291552,4.057374559382745,1.570894621823826
7632,test,0,0.36939194798469543,0.04468464233236226,27.70777037223865,4.0573807151633545,1.5707958466239538
7633,test,0,0.3700855225324631,0.04468464233236226,27.707741789719705,4.057371289413652,1.5709917068964359
7634,test,0,0.25095274299383163,0.04468464233236226,27.707711373296778,4.057380490422133,1.5707961701718731
7635,test,0,0.36992232501506805,0.04468464233236226,27.7076896485827,4.057382506482845,1.5707997368504814
7636,test,0,0.3696761280298233,0.04468464233236226,27.707699485306616,4.057376277529505,1.5708261129876164
7637,test,0,0.3690822571516037,0.04468464233236226,27.70765492992358,4.0573832835521975,1.5707985114144203
7638,test,0,0.3691603094339371,0.04468464233236226,27.707655034801302,4.057377762580869,1.570796356520908
7639,test,0,0.3699641227722168,0.04468464233236226,27.70764239879516,4.057371585147889,1.5711289546183635
7640,test,0,0.3691035360097885,0.04468464233236226,27.70761965317718,4.057382718751861,1.5707981044618546
7641,test,0,0.36941368877887726,0.04468464233236226,27.707622216877205,4.057377657840302,1.570796044758522
7642,test,0,0.3703097701072693,0.04468464233236226,27.70757643146345,4.057374262353602,1.5714031193761728
7643,test,0,0.3695081025362015,0.04468464233236226,27.70755736083927,4.057379095934118,1.5707960476637843
7644,test,0,0.3694881349802017,0.04468464233236226,27.70754239701775,4.057380826459303,1.5707992558247061
7645,test,0,0.36921219527721405,0.04468464233236226,27.707493825425423,4.057367118417084,1.5714062379272058
7646,test,0,0.3693966716527939,0.04468464233236226,27.707471170498042,4.0573811426311535,1.5708042519914274
7647,test,0,0.3698931783437729,0.04468464233236226,27.707451914624038,4.057378310264678,1.570802056502451
7648,test,0,0.3701404482126236,0.04468464233236226,27.707426020293827,4.057376753393418,1.5707961738207807
7649,test,0,0.3688169866800308,0.04468464233236226,27.70740163215331,4.057382966038207,1.5707986210059282
7650,test,0,0.3692351430654526,0.04468464233236226,27.70740698235636,4.0573740691396525,1.5707964811963429
7651,test,0,0.36930252611637115,0.04468464233236226,27.707371687128997,4.057382533510192,1.5707990149709687
7652,test,0,0.3696763664484024,0.04468464233236226,27.707363358840045,4.0573801690189315,1.5707917877294069
7653,test,0,0.36934150755405426,0.04468464233236226,27.70738640219203,4.057376702426989,1.5707989374833935
7654,test,0,0.36947008967399597,0.04468464233236226,27.70732459706877,4.057382022406913,1.5707968753880854
7655,test,0,0.3682870715856552,0.04468464233236226,27.707325823380632,4.057376070818228,1.5707960939584829
7656,test,0,0.3691665679216385,0.04468464233236226,27.70729431935155,4.05737395582606,1.571134409668304
7657,test,0,0.24841395020484924,0.04468464233236226,27.70726900416676,4.057380390701273,1.5707956505295317
7658,test,0,0.3692617565393448,0.04468464233236226,27.70725767059851,4.057380538977464,1.5707965944078437
7659,test,0,0.3681703954935074,0.04468464233236226,27.707224798740054,4.05737102682768,1.5713953560148404
7660,test,0,0.255366787314415,0.04468464233236226,27.707191171755944,4.057381032934536,1.570796260587722
7661,test,0,0.36959175765514374,0.04468464233236226,27.707169218584728,4.057381726948221,1.5708002782507335
7662,test,0,0.36904343962669367,0.04468464233236226,27.70715119509129,4.05737293854522,1.5710870384199411
7663,test,0,0.36666031181812286,0.04468464233236226,27.70711331707555,4.0573835085008,1.5707985401018232
7664,test,0,0.36967121064662933,0.04468464233236226,27.70711143095569,4.057376914587566,1.5707886795230515
7665,test,0,0.3696442097425461,0.04468464233236226,27.707090847265917,4.057380259683397,1.5707979244960717
7666,test,0,0.3699750453233719,0.04468464233236226,27.707072469173767,4.0573814506751065,1.5707986488903014
7667,test,0,0.36996790766716003,0.04468464233236226,27.707088298634698,4.057377062015299,1.5707937861422092
7668,test,0,0.3678823858499527,0.04468464233236226,27.707029435380456,4.057378558537856,1.5711339294741116
7669,test,0,0.37441159784793854,0.04468464233236226,27.707025693524646,4.05737879037455,1.570796065497114
7670,test,0,0.36930061876773834,0.04468464233236226,27.707013269292492,4.057378165524473,1.5708056321869615
7671,test,0,0.37186601758003235,0.04468464233236226,27.70696115427703,4.057383759600403,1.5711011530693701
7672,test,0,0.3726969212293625,0.04468464233236226,27.706950884672953,4.057381220952057,1.5707952403446948
7673,test,0,0.37034839391708374,0.04468464233236226,27.706922231151722,4.057373380049776,1.5709036823235378
7674,test,0,0.34693992137908936,0.04468464233236226,27.70688535109137,4.057376525570557,1.570795625359481
7675,test,0,0.369664803147316,0.04468464233236226,27.706862190974817,4.057383115186291,1.5707987334328493
7676,test,0,0.3685814440250397,0.04468464233236226,27.70685065510484,4.057370173821851,1.5709589765632979
7677,test,0,0.3694015145301819,0.04468464233236226,27.70681067448984,4.057383278596911,1.5707973771446293
7678,test,0,0.36980605125427246,0.04468464233236226,27.70680155424618,4.057380491636909,1.570797231740732
7679,test,0,0.36703377962112427,0.04468464233236226,27.706817382906525,4.057379976816446,1.570796853330491
7680,test,0,0.37003621459007263,0.04468464233236226,27.706772991455765,4.0573818538559525,1.5707989276289722
7681,test,0,0.36916786432266235,0.04468464233236226,27.706780132837196,4.0573750816304806,1.5707956493404214
7682,test,0,0.3704602122306824,0.04468464233236226,27.70674430456188,4.057378431414694,1.5711891139523195
7683,test,0,0.3695611357688904,0.04468464233236226,27.706725638984672,4.05738088238894,1.570796163048907
7684,test,0,0.3681069612503052,0.04468464233236226,27.706722393332043,4.05737943452238,1.5707961811972166
7685,test,0,0.366552010178566,0.04468464233236226,27.706677766238478,4.0573658935048735,1.5714992404218442
7686,test,0,0.36905857920646673,0.04468464233236226,27.70665961078571,4.057380644155361,1.5707900849595284
7687,test,0,0.37073230743408203,0.04468464233236226,27.70664015760513,4.057379523820221,1.5708018110693283
7688,test,0,0.26281704008579254,0.04468464233236226,27.706600567569378,4.057375490172914,1.571150926521335
7689,test,0,0.36939653754234314,0.04468464233236226,27.706579606387027,4.057383249050134,1.5707976062799822
7690,test,0,0.3690492510795593,0.04468464233236226,27.706576594502437,4.057376038823161,1.5708001230429007
7691,test,0,0.2620551884174347,0.04468464233236226,27.706552550416603,4.057380846277138,1.570800710805777
7692,test,0,0.3688155710697174,0.04468464233236226,27.706533717424232,4.057382159368717,1.5707988446702628
7693,test,0,0.36936289072036743,0.04468464233236226,27.706558054689534,4.057373342652639,1.5707936764291452
7694,test,0,0.24663132429122925,0.04468464233236226,27.706503187287122,4.05738188946835,1.5707966527495782
7695,test,0,0.3692529499530792,0.04468464233236226,27.70650424270396,4.057377848284636,1.570797170659725
7696,test,0,0.36892950534820557,0.04468464233236226,27.70648284265536,4.057374083516944,1.5708940886773097
7697,test,0,0.3702193796634674,0.04468464233236226,27.706449328124734,4.057382706750367,1.5707961656263991
7698,test,0,0.36902131140232086,0.04468464233236226,27.706445263400077,4.057379331808266,1.5707962118854815
7699,test,0,0.3674841970205307,0.04468464233236226,27.7064132691905,4.057374808012943,1.5712669248195763
7700,test,0,0.37035155296325684,0.04468464233236226,27.70638027245062,4.057376617264138,1.5707961541707678
7701,test,0,0.3689107447862625,0.04468464233236226,27.706364533086536,4.057381823885215,1.570798981959683
7702,test,0,0.36686408519744873,0.04468464233236226,27.706344158707093,4.0573749337111416,1.5712011246867754
7703,test,0,0.3742949962615967,0.04468464233236226,27.70630912358952,4.0573811576290835,1.570796080686282
7704,test,0,0.3689224272966385,0.04468464233236226,27.706298146187287,4.057379488060334,1.570798401633679
7705,test,0,0.36969342827796936,0.04468464233236226,27.706288382211092,4.057378318459025,1.5708083440847775
7706,test,0,0.37012214958667755,0.04468464233236226,27.706261670751307,4.057383505155757,1.5707992030219566
7707,test,0,0.3700435012578964,0.04468464233236226,27.70627468825155,4.057374895460646,1.5707953970093953
7708,test,0,0.375459685921669,0.04468464233236226,27.706239998243714,4.0573874175137785,1.5710161363906179
7709,test,0,0.3696047514677048,0.04468464233236226,27.706230606259453,4.0573799017285,1.5708054629276798
7710,test,0,0.3693376034498214,0.04468464233236226,27.706231101248644,4.057378873818057,1.570796151967686
7711,test,0,0.36984848976135254,0.04468464233236226,27.706180078062015,4.0573804309611186,1.5709657971557074
7712,test,0,0.3694127947092056,0.04468464233236226,27.706175776148942,4.0573769765407794,1.5707918719344856
7713,test,0,0.37001246213912964,0.04468464233236226,27.706146920907607,4.057375463046391,1.570822478315689
7714,test,0,0.37376563251018524,0.04468464233236226,27.7060997130061,4.057375535082117,1.5709218937782885
7715,test,0,0.3684825897216797,0.04468464233236226,27.70608290195398,4.057383155186325,1.5707973423935309
7716,test,0,0.36841022968292236,0.04468464233236226,27.70606022179488,4.057373244906203,1.570945391316801
7717,test,0,0.2599826455116272,0.04468464233236226,27.70602761041878,4.057381099157001,1.5708023475150947
7718,test,0,0.25999246537685394,0.04468464233236226,27.70601063285959,4.0573817339562614,1.57079923457879
7719,test,0,0.3696683794260025,0.04468464233236226,27.70602898644966,4.057376205932847,1.5708121137388564
7720,test,0,0.36858727037906647,0.04468464233236226,27.70598981043937,4.057382329048485,1.570798601027513
7721,test,0,0.3692738860845566,0.04468464233236226,27.705992997310144,4.057377365813294,1.5707949880942083
7722,test,0,0.36655230820178986,0.04468464233236226,27.70597116780911,4.057375170574538,1.5711910260432935
7723,test,0,0.3729717433452606,0.04468464233236226,27.70595146563629,4.057383086760891,1.570797791152376
7724,test,0,0.3694264888763428,0.04468464233236226,27.70594995568766,4.0573791012430345,1.5707957653173803
7725,test,0,0.37847697734832764,0.04468464233236226,27.705909867986232,4.0573755784857495,1.5713357265528198
7726,test,0,0.3769371509552002,0.04468464233236226,27.70589064050688,4.0573776906893295,1.5707961164643969
7727,test,0,0.36938782036304474,0.04468464233236226,27.705875830697636,4.057380870995876,1.5707995352063149
7728,test,0,0.254362590610981,0.04468464233236226,27.705831284890174,4.057370302249866,1.5713458995095786
7729,test,0,0.3688652366399765,0.04468464233236226,27.705804691037788,4.057381250956056,1.5707952531636618
7730,test,0,0.3688371032476425,0.04468464233236226,27.705790882927438,4.057377874935469,1.570800579863187
7731,test,0,0.37016206979751587,0.04468464233236226,27.705757938237465,4.057379535722275,1.570796156916553
7732,test,0,0.36892567574977875,0.04468464233236226,27.705729924992053,4.057383307073599,1.5707987302885411
7733,test,0,0.36837196350097656,0.04468464233236226,27.70573619728256,4.057374702315678,1.570791570630492
7734,test,0,0.36843277513980865,0.04468464233236226,27.705715318136626,4.057381017910569,1.5707985039903207
7735,test,0,0.3692226707935333,0.04468464233236226,27.705710132495632,4.057378947373261,1.570796221057218
7736,test,0,0.3690543472766876,0.04468464233236226,27.70571709930019,4.0573770086139005,1.570803569534774
7737,test,0,0.36695222556591034,0.04468464233236226,27.705664956566235,4.057381649763112,1.5708031831822966
7738,test,0,0.3693959414958954,0.04468464233236226,27.70566573478136,4.057376145474694,1.5707950705220006
7739,test,0,0.37000226974487305,0.04468464233236226,27.705627004389576,4.057370466310932,1.571143906053243
7740,test,0,0.369455948472023,0.04468464233236226,27.705597291240366,4.05737978594987,1.5707952286810054
7741,test,0,0.3682042360305786,0.04468464233236226,27.705584549484833,4.057381717184733,1.570797692419435
7742,test,0,0.36485493183135986,0.04468464233236226,27.705555383846423,4.057372319277389,1.5715203577445684
7743,test,0,0.36762966215610504,0.04468464233236226,27.705519325476114,4.057380463929036,1.5707960982938192
7744,test,0,0.36990831792354584,0.04468464233236226,27.705500772405205,4.057381295952308,1.570800091880061
7745,test,0,0.367794930934906,0.04468464233236226,27.705485819990738,4.057373913057144,1.5710248742437865
7746,test,0,0.36985255777835846,0.04468464233236226,27.705449464348423,4.05738373273356,1.5707988606697538
7747,test,0,0.369614914059639,0.04468464233236226,27.70545153804118,4.057376293403079,1.5707958169283345
7748,test,0,0.3633577674627304,0.04468464233236226,27.705425669124498,4.057379262412297,1.570849648654627
7749,test,0,0.3688553422689438,0.04468464233236226,27.705411355019244,4.0573823898888595,1.5707975105503882
7750,test,0,0.3693495839834213,0.04468464233236226,27.705416910211465,4.057378111676821,1.5707956685041686
7751,test,0,0.3594248294830322,0.04468464233236226,27.70536204608197,4.057381458777351,1.5711155703526165
7752,test,0,0.36984412372112274,0.04468464233236226,27.705356956129894,4.0573779418589915,1.5707934071571765
7753,test,0,0.3693924695253372,0.04468464233236226,27.705342884767425,4.05737809351827,1.570805892298648
7754,test,0,0.37564651668071747,0.04468464233236226,27.705288791330005,4.057380925100603,1.5710968938701333
7755,test,0,0.3693878948688507,0.04468464233236226,27.705282141612045,4.057380226666145,1.5707961525862888
7756,test,0,0.3699335306882858,0.04468464233236226,27.705255097992584,4.057374260323024,1.5708895576996624
7757,test,0,0.36973609030246735,0.04468464233236226,27.705221796549722,4.057376781870017,1.570796024699573
7758,test,0,0.3693894296884537,0.04468464233236226,27.70519881886926,4.057383251573295,1.570799326097175
7759,test,0,0.36994725465774536,0.04468464233236226,27.70519900572026,4.057373192573619,1.5708557093769153
7760,test,0,0.37053148448467255,0.04468464233236226,27.705163812291186,4.057383230382031,1.5707977959432329
7761,test,0,0.3690476715564728,0.04468464233236226,27.70515832371705,4.057378940612949,1.570797623488476
7762,test,0,0.3725648671388626,0.04468464233236226,27.705160934127576,4.0573722456915595,1.571005807911107
7763,test,0,0.37508824467658997,0.04468464233236226,27.705125463106928,4.057382963087802,1.570798534410699
7764,test,0,0.3693218231201172,0.04468464233236226,27.705129963844996,4.057375931381956,1.57079619058812
7765,test,0,0.3669176697731018,0.04468464233236226,27.705092725542706,4.05737980093473,1.5711614409388062
7766,test,0,0.3748464584350586,0.04468464233236226,27.705076163007906,4.057380847077867,1.5707832550894008
7767,test,0,0.3693743944168091,0.04468464233236226,27.705065199055603,4.057380180440074,1.5707984289677592
7768,test,0,0.3646897077560425,0.04468464233236226,27.705018053476863,4.057373065653876,1.5714936110886066
7769,test,0,0.3641572743654251,0.04468464233236226,27.7049957712552,4.057380591483578,1.5707961284925642
7770,test,0,0.36997368931770325,0.04468464233236226,27.704974009337977,4.057379428512661,1.5708015491473095
7771,test,0,0.3637308031320572,0.04468464233236226,27.704935246980178,4.057375042058451,1.5708786083103985
7772,test,0,0.369400292634964,0.04468464233236226,27.70491323698263,4.057383541938613,1.5707980331976452
7773,test,0,0.3691163957118988,0.04468464233236226,27.70491134984825,4.057375382944608,1.570797678391014
7774,test,0,0.3708246648311615,0.04468464233236226,27.70489157035589,4.0573814371471055,1.5707971606691684
7775,test,0,0.36978375911712646,0.04468464233236226,27.704878009517987,4.057381061902886,1.5707983142183104
7776,test,0,0.3693756014108658,0.04468464233236226,27.70490695519564,4.057376989680415,1.5707966447295834
7777,test,0,0.36819732189178467,0.04468464233236226,27.704847844065185,4.057382484676054,1.5707980433016684
7778,test,0,0.3693753629922867,0.04468464233236226,27.704848216304605,4.057378185425028,1.5707960272725188
7779,test,0,0.3692174553871155,0.04468464233236226,27.704822051659608,4.0573715950391005,1.5709257321080594
7780,test,0,0.36488106846809387,0.04468464233236226,27.704788188251708,4.057380166387886,1.570800152975747
7781,test,0,0.3732347935438156,0.04468464233236226,27.704780602251336,4.057379597694455,1.5707948577121262
7782,test,0,0.36578701436519623,0.04468464233236226,27.704748948431842,4.057376616238035,1.5712540098037568
7783,test,0,0.3624207079410553,0.04468464233236226,27.704716416308322,4.057376663896381,1.5707961859997681
7784,test,0,0.36937469244003296,0.04468464233236226,27.70469514217144,4.057382150100944,1.5707991236813754
7785,test,0,0.3671917915344239,0.04468464233236226,27.704680405379,4.057367519847455,1.5712390623426715
7786,test,0,0.3685178756713867,0.04468464233236226,27.70464751101034,4.057381306569056,1.5707953531375425
7787,test,0,0.3690011501312256,0.04468464233236226,27.70463638500341,4.05737840221247,1.5707967208986904
7788,test,0,0.3694037199020386,0.04468464233236226,27.704625304106372,4.0573807876186025,1.5707968608483567
7789,test,0,0.36993837356567383,0.04468464233236226,27.704596438231153,4.0573830472950645,1.5707990410170822
7790,test,0,0.3717489242553711,0.04468464233236226,27.70461047668769,4.057373670792546,1.5707957285463081
7791,test,0,0.3693486899137497,0.04468464233236226,27.70456571259831,4.057381225638177,1.5709951442756867
7792,test,0,0.36913812160491943,0.04468464233236226,27.704559197963743,4.057380688163258,1.5707957989100432
7793,test,0,0.36793968081474304,0.04468464233236226,27.704554454543455,4.057379111590979,1.5707983419038187
7794,test,0,0.25050459057092667,0.04468464233236226,27.70449902386215,4.057378757170136,1.5711383283620066
7795,test,0,0.3715710788965225,0.04468464233236226,27.70449474695097,4.057380932972553,1.5707954733630123
7796,test,0,0.368777260184288,0.04468464233236226,27.70446775628019,4.0573755104987805,1.570817928066111
7797,test,0,0.36951929330825806,0.04468464233236226,27.704431406808823,4.057380928907131,1.570797270334414
7798,test,0,0.37010589241981506,0.04468464233236226,27.7044075247546,4.05738310972465,1.570798592691939
7799,test,0,0.3700762242078781,0.04468464233236226,27.704395330335576,4.057373279123601,1.5708774920650477
7800,test,0,0.36875322461128235,0.04468464233236226,27.704353628867935,4.057381499476484,1.5707960161329757
7801,test,0,0.3699067384004593,0.04468464233236226,27.704340220185113,4.057381663877172,1.5707990379718275
7802,test,0,0.3703613132238388,0.04468464233236226,27.704364729509827,4.057371657869145,1.5707957481173924
7803,test,0,0.3684447258710861,0.04468464233236226,27.70430520541534,4.057382221545321,1.5707987093723306
7804,test,0,0.37205030024051666,0.04468464233236226,27.704311319442233,4.057376401111812,1.5707990852758393
7805,test,0,0.36954058706760406,0.04468464233236226,27.704280376905974,4.057375904022291,1.5711859843595126
7806,test,0,0.36942605674266815,0.04468464233236226,27.704260345369093,4.05738231818882,1.570796148855544
7807,test,0,0.3693947345018387,0.04468464233236226,27.704255180143683,4.0573786559659935,1.5707994655978341
7808,test,0,0.3767349570989609,0.04468464233236226,27.704213925794143,4.057365801778959,1.5714581462651516
7809,test,0,0.3691156953573227,0.04468464233236226,27.704192316248307,4.057376811228178,1.5707962327525367
7810,test,0,0.36799807846546173,0.04468464233236226,27.70417054489685,4.057381221609641,1.5708009361114257
7811,test,0,0.36557532846927643,0.04468464233236226,27.704129566616672,4.057367521858946,1.5713436629595536
7812,test,0,0.3693975955247879,0.04468464233236226,27.70410133102349,4.057382694680645,1.5707966672736544
7813,test,0,0.3698359876871109,0.04468464233236226,27.70409178675422,4.05737767367619,1.5708008479675917
7814,test,0,0.36980268359184265,0.04468464233236226,27.704066276689726,4.057380260010697,1.5707955717042221
7815,test,0,0.3699330985546112,0.04468464233236226,27.704042243422176,4.057382933782038,1.5707990532038172
7816,test,0,0.3700592815876007,0.04468464233236226,27.704058713342228,4.057373521866854,1.570798529012537
7817,test,0,0.3706064969301224,0.04468464233236226,27.70401126505397,4.057382966790884,1.570798679741616
7818,test,0,0.3696969896554947,0.04468464233236226,27.7040067835171,4.057379305979495,1.5707951557203519
7819,test,0,0.3716682195663452,0.04468464233236226,27.704004507174247,4.05737664458814,1.5708107471403199
7820,test,0,0.3719996064901352,0.04468464233236226,27.7039614249374,4.057382313260804,1.570799184237271
7821,test,0,0.36938388645648956,0.04468464233236226,27.703959981085923,4.057379696035016,1.5707954015127963
7822,test,0,0.37017714977264404,0.04468464233236226,27.70392616193867,4.057373879140527,1.5711491244703328
7823,test,0,0.3685116618871689,0.04468464233236226,27.703895737776975,4.057378055843401,1.5707963472272746
7824,test,0,0.36939267814159393,0.04468464233236226,27.703880209417026,4.057382099410067,1.5707981261608355
7825,test,0,0.36759407818317413,0.04468464233236226,27.703855591299313,4.057371520666209,1.571195621466214
7826,test,0,0.3693860322237015,0.04468464233236226,27.703820826184405,4.057380476391052,1.5707961410391817
7827,test,0,0.36993156373500824,0.04468464233236226,27.703806586206355,4.0573808179487365,1.570799811679448
7828,test,0,0.36966902017593384,0.04468464233236226,27.70381702127942,4.0573772973677755,1.570794746032183
7829,test,0,0.3688869029283523,0.04468464233236226,27.703774301900538,4.057383672478594,1.5707984564433801
7830,test,0,0.3692919909954071,0.04468464233236226,27.7037799182616,4.057375586775615,1.5707963667583438
7831,test,0,0.367699533700943,0.04468464233236226,27.703755841467355,4.057380141650144,1.5710549116182668
7832,test,0,0.36897699534893036,0.04468464233236226,27.70374111396631,4.0573818266707615,1.5707964596846236
7833,test,0,0.37044186890125275,0.04468464233236226,27.703744371959345,4.0573784958051995,1.5707943297343692
7834,test,0,0.37857428193092346,0.04468464233236226,27.703682004579672,4.057378852308339,1.571141376961343
7835,test,0,0.3693080097436905,0.04468464233236226,27.70367930090767,4.057376742992555,1.5707959375104372
7836,test,0,0.36938874423503876,0.04468464233236226,27.703663168164738,4.057378203389788,1.5708092541222987
7837,test,0,0.3621912896633148,0.04468464233236226,27.70361413777467,4.057385488316534,1.5710191229615431
7838,test,0,0.36867325007915497,0.04468464233236226,27.703596661402123,4.05738070737676,1.5707980492525175
7839,test,0,0.37004995346069336,0.04468464233236226,27.703575974275726,4.057374543985532,1.5708556554842568
7840,test,0,0.37170323729515076,0.04468464233236226,27.70354456019065,4.057381048525369,1.5707959603590012
7841,test,0,0.36899901926517487,0.04468464233236226,27.703523710822605,4.057382423908331,1.570798863910932
7842,test,0,0.3692590445280075,0.04468464233236226,27.703529568056723,4.057372913688857,1.570797752094915
7843,test,0,0.36975060403347015,0.04468464233236226,27.703487971656727,4.057383455644079,1.5707989446082675
7844,test,0,0.36966218054294586,0.04468464233236226,27.703485971782108,4.057378158733951,1.5708011858961743
7845,test,0,0.3709588050842285,0.04468464233236226,27.70347833157006,4.057370872232425,1.5710529016784802
7846,test,0,0.3717477023601532,0.04468464233236226,27.703450787455527,4.0573831469970365,1.5707982971222203
7847,test,0,0.3692464381456375,0.04468464233236226,27.703451192637996,4.057375509047221,1.5707961140809419
7848,test,0,0.3675738722085953,0.04468464233236226,27.703412450219638,4.057365624944907,1.5713697006619256
7849,test,0,0.3663395494222641,0.04468464233236226,27.703386851217125,4.057379340619804,1.5707961222339195
7850,test,0,0.3742341697216034,0.04468464233236226,27.703371911410418,4.057381292003942,1.5707990565693795
7851,test,0,0.3653337210416794,0.04468464233236226,27.703329551783675,4.057375134406011,1.571445290838029
7852,test,0,0.3693525493144989,0.04468464233236226,27.703304222510994,4.057382247754644,1.570796129173639
7853,test,0,0.3699118196964264,0.04468464233236226,27.70328482840656,4.057379323730516,1.570801185428572
7854,test,0,0.3769948184490204,0.04468464233236226,27.703256426435544,4.057375801933147,1.5707983398175587
7855,test,0,0.369378998875618,0.04468464233236226,27.70322780767022,4.057383863841393,1.570798868876163
7856,test,0,0.36806242167949677,0.04468464233236226,27.703231150716206,4.05737478447968,1.570796163140547
7857,test,0,0.3567229360342026,0.04468464233236226,27.703202694330813,4.057381795521812,1.5707977654313479
7858,test,0,0.36894816160202026,0.04468464233236226,27.70319215285373,4.057380533093201,1.5707968641885557
7859,test,0,0.3689347356557846,0.04468464233236226,27.703214290793365,4.057377007291714,1.5707969450509334
7860,test,0,0.3700585663318634,0.04468464233236226,27.703156803424143,4.057381757222234,1.5707968888954391
7861,test,0,0.3695410192012787,0.04468464233236226,27.70315629931897,4.057376686558513,1.5707960531888814
7862,test,0,0.3698984384536743,0.04468464233236226,27.70312585699034,4.057373037135114,1.5709313200252608
7863,test,0,0.3686119467020035,0.04468464233236226,27.70309040753943,4.057380326811305,1.5708015873544694
7864,test,0,0.3694015145301819,0.04468464233236226,27.703078553204517,4.0573809544614114,1.570796098340363
7865,test,0,0.36788396537303925,0.04468464233236226,27.703047072089927,4.057371349703079,1.5712445618607882
7866,test,0,0.36895935237407684,0.04468464233236226,27.703012430069997,4.057382140679028,1.570797929578423
7867,test,0,0.36875151097774506,0.04468464233236226,27.702992326115705,4.057381963792672,1.5707991764231581
7868,test,0,0.3652724027633667,0.04468464233236226,27.702979997860496,4.057372935972877,1.5711155282596796
7869,test,0,0.3692728132009506,0.04468464233236226,27.70293605709281,4.05738339623984,1.5707979496568183
7870,test,0,0.36965350806713104,0.04468464233236226,27.702932725102386,4.057377680856848,1.570797190984479
7871,test,0,0.13164804875850677,0.04468464233236226,27.702923594291303,4.057379194863102,1.570797068411567
7872,test,0,0.13143977522850037,0.04468464233236226,27.702901435681394,4.057381300157097,1.570798416671606
7873,test,0,0.13143977522850037,0.04468464233236226,27.702914225018546,4.057373302238614,1.5707958926279786
7874,test,0,0.13196702301502228,0.04468464233236226,27.702871819470868,4.057376406438526,1.5709676735898754
7875,test,0,0.13143977522850037,0.04468464233236226,27.7028655816156,4.057381699597005,1.5707960980593627
7876,test,0,0.36938759684562683,0.04468464233236226,27.702853184826832,4.057379365195145,1.5707990009557573
7877,test,0,0.36504943668842316,0.04468464233236226,27.702797190724375,4.057372742623586,1.5711635735974399
7878,test,0,0.3681470602750778,0.04468464233236226,27.70279019304066,4.057380751709523,1.5707954777631403
7879,test,0,0.36867083609104156,0.04468464233236226,27.702761335148004,4.057375562123106,1.570815710970751
7880,test,0,0.23681608587503433,0.04468464233236226,27.702728677106528,4.057377697111973,1.5707945615183774
7881,test,0,0.369550421833992,0.04468464233236226,27.702704542235395,4.05738314206565,1.5707982273536738
7882,test,0,0.3688654750585556,0.04468464233236226,27.702699082317533,4.057374015544087,1.570839320471197
7883,test,0,0.37172767519950867,0.04468464233236226,27.702664122025308,4.057381068925928,1.570796175114982
7884,test,0,0.3697274178266525,0.04468464233236226,27.702651455812244,4.05738103455754,1.5707977598849663
7885,test,0,0.3708062767982483,0.04468464233236226,27.702670209227385,4.057377386479562,1.5708384031794158
7886,test,0,0.37005408108234406,0.04468464233236226,27.70261297927406,4.057383727421505,1.5707985715449093
7887,test,0,0.3675418049097061,0.04468464233236226,27.702614647926524,4.057375943069547,1.5707960062155304
7888,test,0,0.36499445140361786,0.04468464233236226,27.702585137405848,4.057371925268028,1.5712073843802137
7889,test,0,0.3695247620344162,0.04468464233236226,27.702558871346007,4.057381165503416,1.570782835565628
7890,test,0,0.3674442917108536,0.04468464233236226,27.70255050534566,4.057378867049457,1.570796180392466
7891,test,0,0.361641526222229,0.04468464233236226,27.70250410112754,4.057367182168459,1.5714064071662117
7892,test,0,0.35905425250530243,0.04468464233236226,27.702480944261985,4.057377544804123,1.5707921699852552
7893,test,0,0.36938776075839996,0.04468464233236226,27.702463259581577,4.0573808054550256,1.5707996733523077
7894,test,0,0.3670761287212372,0.04468464233236226,27.702432436463575,4.057375265678197,1.5710749566657962
7895,test,0,0.3694043308496475,0.04468464233236226,27.702401058723318,4.057383994456197,1.5707976648647946
7896,test,0,0.36967267096042633,0.04468464233236226,27.702394746542065,4.057377068266882,1.570800237940804
7897,test,0,0.36431723833084106,0.04468464233236226,27.70237073539925,4.057380380642081,1.570795541538108
7898,test,0,0.36876432597637177,0.04468464233236226,27.702350767708275,4.057382631186459,1.5707986607678568
7899,test,0,0.36908650398254395,0.04468464233236226,27.70237239922188,4.057373391274776,1.5707960538876222
7900,test,0,0.3718697875738144,0.04468464233236226,27.70232835678801,4.057382136375987,1.5708132817194649
7901,test,0,0.3695889413356781,0.04468464233236226,27.70232676451588,4.057377821839361,1.570794316543317
7902,test,0,0.3692075163125992,0.04468464233236226,27.7023176779387,4.057375172983792,1.5708151805323214
7903,test,0,0.36804258823394775,0.04468464233236226,27.702274649875925,4.057381508838874,1.5708004218952027
7904,test,0,0.36743611097335815,0.04468464233236226,27.702269925164256,4.057380012791857,1.5707961984984693
7905,test,0,0.3693750947713852,0.04468464233236226,27.702234144050983,4.057376258902053,1.5711390654834156
7906,test,0,0.3686872571706772,0.04468464233236226,27.702210760694136,4.057379303383775,1.5707962172827734
7907,test,0,0.37017314136028284,0.04468464233236226,27.702188510678393,4.05738262489514,1.5707990005933288
7908,test,0,0.369881808757782,0.04468464233236226,27.702164517261913,4.057374677839247,1.5711789659062685
7909,test,0,0.36940570175647736,0.04468464233236226,27.702123780434878,4.057381634111172,1.5707996856322617
7910,test,0,0.3688739091157913,0.04468464233236226,27.702112746108224,4.057380313256334,1.5707988325757303
7911,test,0,0.36995700001716614,0.04468464233236226,27.702111723055452,4.057380687536738,1.5708356259740786
7912,test,0,0.37010739743709564,0.04468464233236226,27.702074282163117,4.057383512455577,1.5707989627523358
7913,test,0,0.3693719953298569,0.04468464233236226,27.702082153813,4.05737505643621,1.5707961617543291
7914,test,0,0.36663244664669037,0.04468464233236226,27.7020497462335,4.057380588371055,1.5710852729245983
7915,test,0,0.3690232187509537,0.04468464233236226,27.702036882328034,4.057381658337581,1.5707882337252261
7916,test,0,0.3693413883447647,0.04468464233236226,27.702036591068655,4.057379010998411,1.5707961989375474
7917,test,0,0.36510179936885834,0.04468464233236226,27.701990470734863,4.057386048669463,1.5710380555560564
7918,test,0,0.3691750019788742,0.04468464233236226,27.70198216113764,4.05737725312853,1.5707923641643529
7919,test,0,0.3700663596391678,0.04468464233236226,27.701954218326577,4.057377846994011,1.5708062963624492
7920,test,0,0.3702365309000015,0.04468464233236226,27.7019063255482,4.057385884448455,1.571024814811293
7921,test,0,0.3717808872461319,0.04468464233236226,27.701889570942274,4.057381033772069,1.5707961753252289
7922,test,0,0.3704010397195816,0.04468464233236226,27.701874996920345,4.0573745175617315,1.570837228431163
7923,test,0,0.3705390989780426,0.04468464233236226,27.701848004118855,4.0573795543907005,1.5707961702074362
7924,test,0,0.3699699491262436,0.04468464233236226,27.70182466668278,4.057382278037797,1.5707991404514288
7925,test,0,0.3693520277738571,0.04468464233236226,27.70184026680706,4.057373030739783,1.5707974951311126
7926,test,0,0.36857087910175323,0.04468464233236226,27.701800069880065,4.057382333696429,1.5707983501552027
7927,test,0,0.3685706555843353,0.04468464233236226,27.70180122208024,4.057377357570215,1.5707910506288212
7928,test,0,0.3689657896757126,0.04468464233236226,27.70178054441611,4.0573709096166155,1.5710991800854386
7929,test,0,0.3540908545255661,0.04468464233236226,27.701743826964474,4.057382725316643,1.5707977696815871
7930,test,0,0.3693702965974808,0.04468464233236226,27.7017443807476,4.0573793073659745,1.5707962120637866
7931,test,0,0.369700089097023,0.04468464233236226,27.701709544635182,4.057367521724303,1.571374100702301
7932,test,0,0.36373448371887207,0.04468464233236226,27.701681792351078,4.057377811527595,1.5707960712328408
7933,test,0,0.36938366293907166,0.04468464233236226,27.70167096705819,4.057380560441066,1.5707961312950436
7934,test,0,0.3620528429746628,0.04468464233236226,27.701627930653704,4.057369469533062,1.5713261788918702
7935,test,0,0.3693901300430298,0.04468464233236226,27.701603173341795,4.057380576145656,1.570796163869912
7936,test,0,0.36981602013111115,0.04468464233236226,27.701590366166496,4.057379340463303,1.5708007650238058
7937,test,0,0.3689216524362564,0.04468464233236226,27.701555966763575,4.057376532110387,1.5707984267310724
7938,test,0,0.3699709475040436,0.04468464233236226,27.70152799336087,4.057383619764606,1.570798823380414
7939,test,0,0.3695845305919647,0.04468464233236226,27.70153413929565,4.057374154496099,1.570788500894708
7940,test,0,0.3537021577358246,0.04468464233236226,27.701496892388754,4.057380972929274,1.570799126047378
7941,test,0,0.369613915681839,0.04468464233236226,27.70148997054301,4.05737877227814,1.5707998165177965
7942,test,0,0.3693140000104904,0.04468464233236226,27.701502348748743,4.057378223301124,1.5707962976698113
7943,test,0,0.3722107708454132,0.04468464233236226,27.70143444498267,4.057380679425475,1.5707983484641124
7944,test,0,0.36937887966632843,0.04468464233236226,27.701436662828087,4.057376174886015,1.5707961513540327
7945,test,0,0.3693865090608597,0.04468464233236226,27.701405712773003,4.0573730626163735,1.5709251611449453
7946,test,0,0.347922682762146,0.04468464233236226,27.701372534750185,4.057379833412076,1.5707872754169967
7947,test,0,0.35538487136363983,0.04468464233236226,27.701363468714955,4.057380725721031,1.5707961783941353
7948,test,0,0.36249764263629913,0.04468464233236226,27.701338833574304,4.057377018495902,1.5713411894307847
7949,test,0,0.018765516579151154,0.04468464233236226,27.70130219038516,4.057380706075355,1.5707961302474065
7950,test,0,0.3688102811574936,0.04468464233236226,27.701284657446653,4.057381393205534,1.570799152936008
7951,test,0,0.36703041195869446,0.04468464233236226,27.70128266343916,4.057371594085413,1.5710828751743136
7952,test,0,0.36940085887908936,0.04468464233236226,27.701238759428104,4.057383061275264,1.5707979252522692
7953,test,0,0.3693126291036606,0.04468464233236226,27.701239160661313,4.057376767877991,1.5707965813348452
7954,test,0,0.3702920824289322,0.04468464233236226,27.70121933900317,4.057378058446916,1.5709137063689642
7955,test,0,0.3698539733886719,0.04468464233236226,27.701201885300094,4.0573830256997425,1.570797905114928
7956,test,0,0.3709585666656494,0.04468464233236226,27.701207268608023,4.057377475681077,1.570796128563092
7957,test,0,0.36739034950733185,0.04468464233236226,27.701153031229175,4.057380338390995,1.5711271353773222
7958,test,0,0.36947232484817505,0.04468464233236226,27.70114465150894,4.0573782299092365,1.5707960983624965
7959,test,0,0.36938807368278503,0.04468464233236226,27.70113743972526,4.0573795241297494,1.5708009415054929
7960,test,0,0.3464386761188507,0.04468464233236226,27.70108070426137,4.057376671810252,1.5711505735159013
7961,test,0,0.36938121914863586,0.04468464233236226,27.70107021755627,4.057380800870519,1.5707947137672884
7962,test,0,0.35358327627182007,0.04468464233236226,27.70104326734084,4.057376114309114,1.570811170632791
7963,test,0,0.36861149966716766,0.04468464233236226,27.70100935424692,4.057376432172842,1.5707910271383987
7964,test,0,0.37018653750419617,0.04468464233236226,27.700982231956452,4.057383367588071,1.5707983741294154
7965,test,0,0.3690299689769745,0.04468464233236226,27.70098260528549,4.057372800130152,1.5708058952659403
7966,test,0,0.35297057032585144,0.04468464233236226,27.700948764534328,4.057382929514279,1.5707979205097142
7967,test,0,0.35336777567863464,0.04468464233236226,27.700940729713068,4.0573800717961355,1.5707960147403137
7968,test,0,0.35380518436431885,0.04468464233236226,27.700972812007294,4.057378298543287,1.5708493365019116
7969,test,0,0.3690125197172165,0.04468464233236226,27.700923433373458,4.057383036598445,1.5707980273599815
7970,test,0,0.3533827215433121,0.04468464233236226,27.70092555084336,4.05737507339121,1.5707960501809208
7971,test,0,0.3534616529941559,0.04468464233236226,27.700890868891367,4.057377013904266,1.5711297584946216
7972,test,0,0.3704943358898163,0.04468464233236226,27.700873194507416,4.057380538437736,1.5708061374958024
7973,test,0,0.3667794018983841,0.04468464233236226,27.70086221617592,4.057380535865192,1.5707975200742295
7974,test,0,0.3624022454023361,0.04468464233236226,27.70081762621292,4.057377688555138,1.5713875375293622
7975,test,0,0.3573646694421768,0.04468464233236226,27.700791566903177,4.0573806226165186,1.570796124142708
7976,test,0,0.3686869293451309,0.04468464233236226,27.700771752385524,4.057380675626573,1.5707996214442046
7977,test,0,0.3644309639930725,0.04468464233236226,27.700743750245756,4.057375138149281,1.571032844081862
7978,test,0,0.36398904025554657,0.04468464233236226,27.700717841535067,4.057382541899068,1.5707962224172822
7979,test,0,0.353257104754448,0.04468464233236226,27.700713632086547,4.057376662617543,1.5707967436520558
7980,test,0,0.13143979012966156,0.04468464233236226,27.700689789045548,4.057381231498075,1.5707971231416786
7981,test,0,0.35352933406829834,0.04468464233236226,27.700672136850898,4.057382396958799,1.570798471014799
7982,test,0,0.3662566691637039,0.04468464233236226,27.700691778784925,4.0573744014683255,1.5707963855406772
7983,test,0,0.36888979375362396,0.04468464233236226,27.700639862316617,4.057382746477093,1.5708222293689016
7984,test,0,0.3585117757320404,0.04468464233236226,27.70063944996338,4.057378581556665,1.5707962098149444
7985,test,0,0.35350871086120605,0.04468464233236226,27.700623522188426,4.057375603903385,1.5708146787916668
7986,test,0,0.368868812918663,0.04468464233236226,27.70057498874299,4.057381359648576,1.570796621992967
7987,test,0,0.35298340022563934,0.04468464233236226,27.700568776335974,4.0573808335004165,1.57079611836606
7988,test,0,0.3538793474435806,0.04468464233236226,27.700527970781195,4.057371798747807,1.5710787727778752
7989,test,0,0.35605306923389435,0.04468464233236226,27.700498822971788,4.057376968219351,1.5707962483203277
7990,test,0,0.35294580459594727,0.04468464233236226,27.700477013821406,4.057382862975928,1.5707991327840884
7991,test,0,0.35257093608379364,0.04468464233236226,27.70045869195395,4.057372588708225,1.571148657771117
7992,test,0,0.35298410058021545,0.04468464233236226,27.700415581812376,4.057382831077809,1.5707913713592137
7993,test,0,0.353401243686676,0.04468464233236226,27.700407216739578,4.057379954096124,1.5707975425437661
7994,test,0,0.36864079535007477,0.04468464233236226,27.700419225484037,4.057380569688604,1.5707961051531103
7995,test,0,0.36863498389720917,0.04468464233236226,27.70038143443424,4.057381940596102,1.5707984283006038
7996,test,0,0.3696471154689789,0.04468464233236226,27.700390304416864,4.057375011583264,1.5707960140932287
7997,test,0,0.13291270763147622,0.04468464233236226,27.70035611268565,4.057384498722589,1.5710440505832999
7998,test,0,0.3692183643579483,0.04468464233236226,27.700344207601898,4.057381418663986,1.570788243313885
7999,test,0,0.3531986027956009,0.04468464233236226,27.70033928564659,4.057379031196696,1.5707978202630495
8000,test,0,0.3609120845794678,0.04468464233236226,27.700285148956056,4.057373093660615,1.571166498015134
8001,test,0,0.3529777079820633,0.04468464233236226,27.700277550160465,4.057381281971491,1.5707953951395621
8002,test,0,0.3686629384756088,0.04468464233236226,27.70025300116686,4.0573777068169905,1.570803984399302
8003,test,0,0.3525850176811218,0.04468464233236226,27.7002076955554,4.05737916219435,1.5709242095362914
8004,test,0,0.13239868253003806,0.04468464233236226,27.700188109245424,4.0573834567086955,1.5707979458098034
8005,test,0,0.3538110554218292,0.04468464233236226,27.700176657430085,4.057373707380161,1.5708156029626648
8006,test,0,0.13143308460712433,0.04468464233236226,27.700138431868474,4.057381682860735,1.5707952350956793
8007,test,0,0.13143888115882874,0.04468464233236226,27.700120277789765,4.057381965034877,1.5707987054115968
8008,test,0,0.35186173021793365,0.04468464233236226,27.700148268790308,4.0573735342444435,1.5707921982514121
8009,test,0,0.13143888115882874,0.04468464233236226,27.700090522620194,4.057381559796003,1.5707983137216308
8010,test,0,0.36929643154144287,0.04468464233236226,27.700092314117914,4.057376342043001,1.5707959131288485
8011,test,0,0.36879728734493256,0.04468464233236226,27.70006975225986,4.057369703523157,1.5710778604288749
8012,test,0,0.13164736330509186,0.04468464233236226,27.700046815693568,4.057382404520419,1.5707962917265208
8013,test,0,0.13143935799598694,0.04468464233236226,27.70004549013024,4.057378415022484,1.5707958682927554
8014,test,0,0.13167068362236023,0.04468464233236226,27.700009869330827,4.057363389575833,1.571402871313414
8015,test,0,0.13143981993198395,0.04468464233236226,27.69998125227764,4.0573769341837425,1.5707961638911123
8016,test,0,0.13143935799598694,0.04468464233236226,27.699963075030244,4.057381665478844,1.5707994833175623
8017,test,0,0.13420210522599518,0.04468464233236226,27.69993058602109,4.0573850253563,1.5710331814557885
8018,test,0,0.131439670920372,0.04468464233236226,27.69989599572064,4.057380934643946,1.5707926074581553
8019,test,0,0.131439670920372,0.04468464233236226,27.699887267651153,4.057378847873528,1.5708001201161472
8020,test,0,0.13166069984436035,0.04468464233236226,27.699867805000604,4.05737981985932,1.5707935897866667
8021,test,0,0.131439670920372,0.04468464233236226,27.69984114715749,4.057383280913898,1.5707984240646997
8022,test,0,0.1314392387866974,0.04468464233236226,27.699854381066682,4.057374112867775,1.5707979008122663
8023,test,0,0.13164235651493073,0.04468464233236226,27.699817646467544,4.057382471195265,1.5707978681075208
8024,test,0,0.1314392387866974,0.04468464233236226,27.699811850597786,4.057380046623851,1.5708001333471107
8025,test,0,0.1314392387866974,0.04468464233236226,27.699813712681788,4.057378086477772,1.5707975187528416
8026,test,0,0.1319386065006256,0.04468464233236226,27.699758058936933,4.057380698770611,1.5707966175275938
8027,test,0,0.13143907487392426,0.04468464233236226,27.699756687871023,4.057376527399166,1.570795281526978
8028,test,0,0.13143907487392426,0.04468464233236226,27.699727269035765,4.05737411561051,1.5709226381038257
8029,test,0,0.13140906393527985,0.04468464233236226,27.69968991400476,4.057378921542244,1.5707807105278697
8030,test,0,0.13143907487392426,0.04468464233236226,27.69967258961603,4.057382389802851,1.5707975063967212
8031,test,0,0.131436288356781,0.04468464233236226,27.699645454762077,4.057369442434006,1.5712241310081894
8032,test,0,0.1314408779144287,0.04468464233236226,27.699615822162478,4.057381250940499,1.5707947227848773
8033,test,0,0.1314391940832138,0.04468464233236226,27.699594841847105,4.057381418273464,1.5707990809856522
8034,test,0,0.13143323361873627,0.04468464233236226,27.699604728546458,4.057376263272873,1.5708036209757212
8035,test,0,0.1314392387866974,0.04468464233236226,27.699559943853284,4.0573834399720905,1.570798161861298
8036,test,0,0.1314392387866974,0.04468464233236226,27.699563070109843,4.057376642056142,1.5707944636721105
8037,test,0,0.13142800331115723,0.04468464233236226,27.69955272836874,4.057378042519091,1.5710605099032322
8038,test,0,0.13143914937973022,0.04468464233236226,27.699535060572828,4.057382299773195,1.570797082875461
8039,test,0,0.13143868744373322,0.04468464233236226,27.6995383984062,4.0573782985606694,1.570795910788498
8040,test,0,0.13158077001571655,0.04468464233236226,27.69948514406785,4.0573761452447865,1.5711549476436435
8041,test,0,0.13143914937973022,0.04468464233236226,27.699475701601404,4.057378679436875,1.5707957704695006
8042,test,0,0.13143901526927948,0.04468464233236226,27.699456463177597,4.057379280368487,1.5707997527518713
8043,test,0,0.13214506208896637,0.04468464233236226,27.699402627362744,4.057377463807924,1.5711214770620365
8044,test,0,0.13143901526927948,0.04468464233236226,27.699387500577537,4.0573808177696895,1.5707965739759207
8045,test,0,0.13143901526927948,0.04468464233236226,27.699368007734428,4.057375641616541,1.5708086522599956
8046,test,0,0.13169221580028534,0.04468464233236226,27.699336758587375,4.057381980412697,1.5707961975617615
8047,test,0,0.13143938779830933,0.04468464233236226,27.699314668106854,4.057382895949517,1.5707984549838963
8048,test,0,0.13143938779830933,0.04468464233236226,27.69931961221288,4.057373164423938,1.570796589357845
8049,test,0,0.13143938779830933,0.04468464233236226,27.69927868516063,4.0573832444250915,1.570798706798369
8050,test,0,0.13143938779830933,0.04468464233236226,27.69927432554873,4.057378989955251,1.5707963888447236
8051,test,0,0.13144056499004364,0.04468464233236226,27.69927583450882,4.057375018465254,1.5708924622661624
8052,test,0,0.1316864788532257,0.04468464233236226,27.69923743331126,4.0573830165507125,1.570797915071182
8053,test,0,0.13143938779830933,0.04468464233236226,27.699237732120206,4.057374966651563,1.5707954860897153
8054,test,0,0.1314288079738617,0.04468464233236226,27.699204700247705,4.057365205936188,1.5712529511648308
8055,test,0,0.13386182254180312,0.04468464233236226,27.699175836006784,4.057379507831708,1.5707889081365296
8056,test,0,0.13143973052501678,0.04468464233236226,27.699164979531172,4.057380056909233,1.5707961603177814
8057,test,0,0.13164164125919342,0.04468464233236226,27.699122499372884,4.057365933990867,1.571320578075336
8058,test,0,0.13143973052501678,0.04468464233236226,27.699093665644202,4.057381670895388,1.5707953781867516
8059,test,0,0.13143973052501678,0.04468464233236226,27.699076857107404,4.057380434260468,1.5707994718073441
8060,test,0,0.13170278072357178,0.04468464233236226,27.69904216509557,4.0573723463475995,1.570798233234538
8061,test,0,0.13143928349018097,0.04468464233236226,27.699014207760985,4.057384062314167,1.5707984862346478
8062,test,0,0.13143928349018097,0.04468464233236226,27.69901569756811,4.057376314778767,1.570795776338668
8063,test,0,0.13994894735515118,0.04468464233236226,27.698992542860392,4.057380813972345,1.5707973573044904
8064,test,0,0.13143938779830933,0.04468464233236226,27.69897959397862,4.057380699452126,1.5707971934728395
8065,test,0,0.13143189251422882,0.04468464233236226,27.698996017087612,4.057377613628357,1.570796294467985
8066,test,0,0.13197287917137146,0.04468464233236226,27.698940145901265,4.057382419175572,1.5708267112134817
8067,test,0,0.13143938779830933,0.04468464233236226,27.69893857886223,4.057377737311812,1.5707954901510583
8068,test,0,0.13143938779830933,0.04468464233236226,27.698918215643886,4.057374931502622,1.5708180509559362
8069,test,0,0.13731029396876693,0.04468464233236226,27.69886765527644,4.057379711003831,1.570792770835703
8070,test,0,0.13143931329250336,0.04468464233236226,27.698856827317204,4.05737942585532,1.5708017442337079
8071,test,0,0.13143931329250336,0.04468464233236226,27.69882227237661,4.057371385398754,1.571067243475259
8072,test,0,0.13169175386428833,0.04468464233236226,27.69880035330743,4.057377254938504,1.5707946697459596
8073,test,0,0.13143931329250336,0.04468464233236226,27.6987807647751,4.057382204922175,1.5707991283146308
8074,test,0,0.1314401775598526,0.04468464233236226,27.698773175204124,4.05736798431427,1.57113317396557
8075,test,0,0.13942643720656633,0.04468464233236226,27.698728207716034,4.057383287851278,1.5707970251238053
8076,test,0,0.13143913447856903,0.04468464233236226,27.69872168912933,4.057378903848485,1.5707964092056665
8077,test,0,0.13143174350261688,0.04468464233236226,27.698711249448905,4.057379461006972,1.5708264797980216
8078,test,0,0.13143913447856903,0.04468464233236226,27.698684759094608,4.057381662121903,1.5707983749156011
8079,test,0,0.13142907619476318,0.04468464233236226,27.698695063448323,4.057373618845429,1.5707961212750368
8080,test,0,0.13171078264713287,0.04468464233236226,27.69864844488024,4.057375927485259,1.57113761869123
8081,test,0,0.13143932819366455,0.04468464233236226,27.698636618250017,4.057380299579253,1.5707955108928304
8082,test,0,0.13143932819366455,0.04468464233236226,27.69862690006841,4.057379516412116,1.570798367333734
8083,test,0,0.13519912725314498,0.04468464233236226,27.698569932144135,4.057378313264183,1.5711556604712253
8084,test,0,0.13143950700759888,0.04468464233236226,27.6985580225232,4.057380841696194,1.570795285212801
8085,test,0,0.13891392713412642,0.04468464233236226,27.69853243853371,4.057377653694989,1.570801247408154
8086,test,0,0.13195668160915375,0.04468464233236226,27.698499518508182,4.057377338790522,1.5707953832852422
8087,test,0,0.13836472993716598,0.04468464233236226,27.698471565665685,4.05738380252235,1.5707978171713919
8088,test,0,0.1392874252051115,0.04468464233236226,27.698465085495066,4.05737413922577,1.5708064683879135
8089,test,0,0.13959149830043316,0.04468464233236226,27.698429289915122,4.057381269478089,1.5708035263615017
8090,test,0,0.13143987953662872,0.04468464233236226,27.69841591985784,4.05738169948913,1.5707982423112434
8091,test,0,0.13143250346183777,0.04468464233236226,27.698448792520566,4.057375835032547,1.5707631666844708
8092,test,0,0.13944308226928115,0.04468464233236226,27.698383629827244,4.05738282009774,1.5707978773270617
8093,test,0,0.13728870218619704,0.04468464233236226,27.698383619185698,4.0573782180388775,1.57079601344386
8094,test,0,0.1397132109850645,0.04468464233236226,27.69835513560397,4.057371793722398,1.5711445923338028
8095,test,0,0.13993285316973925,0.04468464233236226,27.698324604698097,4.057381780202399,1.5707966260114719
8096,test,0,0.13956673257052898,0.04468464233236226,27.698318976980573,4.057379302993962,1.570798683639624
8097,test,0,0.13232123624766245,0.04468464233236226,27.698278810750033,4.057370567108463,1.5714517762138627
8098,test,0,0.13946938328444958,0.04468464233236226,27.698250090967417,4.057377737432679,1.5707962316141544
8099,test,0,0.13964904565364122,0.04468464233236226,27.698234662640406,4.05738153299156,1.5707999563003265
8100,test,0,0.13417190057225525,0.04468464233236226,27.698206112637767,4.057376256283392,1.5711562142566389
8101,test,0,0.142868441529572,0.04468464233236226,27.6981715138852,4.057383403881051,1.5707971986063192
8102,test,0,0.1400573831051588,0.04468464233236226,27.69816450264596,4.0573783431217425,1.5707983633118972
8103,test,0,0.13991413824260235,0.04468464233236226,27.69815395788913,4.057380103911089,1.5707927196736136
8104,test,0,0.13897931342944503,0.04468464233236226,27.698129070753186,4.057382733642458,1.5707983801157472
8105,test,0,0.13967490009963512,0.04468464233236226,27.69814676801989,4.057372964993809,1.5708010678106386
8106,test,0,0.13165849447250366,0.04468464233236226,27.698107708507553,4.057379639020133,1.5708306567033816
8107,test,0,0.13939866237342358,0.04468464233236226,27.698104153403794,4.057378203810191,1.5707949927730034
8108,test,0,0.13964593224227428,0.04468464233236226,27.698101005893793,4.057378029330431,1.5707981279663479
8109,test,0,0.13912451034411788,0.04468464233236226,27.698052483516587,4.057381653163663,1.5707916438371854
8110,test,0,0.13143953680992126,0.04468464233236226,27.698046356667746,4.057380364968054,1.570793705791228
8111,test,0,0.1396774034947157,0.04468464233236226,27.698014968624797,4.057371988566791,1.5710085484766527
8112,test,0,0.14004981704056263,0.04468464233236226,27.69799248014804,4.057379295135478,1.5707950084570685
8113,test,0,0.13797053461894393,0.04468464233236226,27.69796904871342,4.057382876360175,1.5707984852998416
8114,test,0,0.14079341106116772,0.04468464233236226,27.69794786283935,4.057371145713428,1.5712047195209984
8115,test,0,0.14029565174132586,0.04468464233236226,27.697918044097776,4.057380732476971,1.5707961556034562
8116,test,0,0.1391142583452165,0.04468464233236226,27.697900749105496,4.057380729730705,1.5707986586021514
8117,test,0,0.14001215808093548,0.04468464233236226,27.697911176447388,4.057376478845659,1.5707905997508436
8118,test,0,0.14035028032958508,0.04468464233236226,27.69786174658148,4.057383745474728,1.5707987738504166
8119,test,0,0.14001196436583996,0.04468464233236226,27.69786856253046,4.057375780388029,1.5707960733024184
8120,test,0,0.13527039950713515,0.04468464233236226,27.697845074797286,4.057379216915404,1.5710506372074402
8121,test,0,0.1393308024853468,0.04468464233236226,27.697829339639974,4.0573823430963625,1.5707962192320257
8122,test,0,0.13941561989486217,0.04468464233236226,27.697829052999413,4.057378369293096,1.5707962312387411
8123,test,0,0.1320413053035736,0.04468464233236226,27.697771708012734,4.0573743157567925,1.5711514550106387
8124,test,0,0.13957480806857347,0.04468464233236226,27.69776386777621,4.057376662254928,1.570796048244815
8125,test,0,0.1396429669111967,0.04468464233236226,27.69774370080019,4.057379056356606,1.5707994989505385
8126,test,0,0.13173134624958038,0.04468464233236226,27.697695127306552,4.057382410857089,1.571018743961878
8127,test,0,0.13884888356551528,0.04468464233236226,27.697673432723807,4.057382637852793,1.5707965146991725
8128,test,0,0.13874338334426284,0.04468464233236226,27.69765898579934,4.057375649612245,1.5708054213864353
8129,test,0,0.14062206260859966,0.04468464233236226,27.697623640395314,4.057380704642772,1.570796236969298
8130,test,0,0.1401985716074705,0.04468464233236226,27.697600400982424,4.057383121889547,1.5707988563050495
8131,test,0,0.1314326822757721,0.04468464233236226,27.697613924904342,4.057373079687794,1.5707960682047752
8132,test,0,0.13143980503082275,0.04468464233236226,27.697571698442726,4.057381579625211,1.5707980596347697
8133,test,0,0.13143980503082275,0.04468464233236226,27.69757043281036,4.05737890988341,1.5707957525905374
8134,test,0,0.13144004344940186,0.04468464233236226,27.697561733659242,4.057374013019028,1.5709064312417782
8135,test,0,0.1314907968044281,0.04468464233236226,27.697529266751403,4.0573832072557625,1.5707977444512244
8136,test,0,0.13976353220641613,0.04468464233236226,27.697529033796854,4.057378264775954,1.5707961967850865
8137,test,0,0.13813158636912704,0.04468464233236226,27.697496791100612,4.057374153199445,1.571291063101546
8138,test,0,0.13143979012966156,0.04468464233236226,27.69746430858125,4.057378412727353,1.5707960222322694
8139,test,0,0.13964417297393084,0.04468464233236226,27.697453985189853,4.057379518685482,1.5707961072623187
8140,test,0,0.13179409503936768,0.04468464233236226,27.697416040256126,4.057373635436099,1.5711959741847632
8141,test,0,0.1394191812723875,0.04468464233236226,27.6973859967429,4.057381300715817,1.5707919841721216
8142,test,0,0.13963728863745928,0.04468464233236226,27.697375318491286,4.057380119269097,1.5707993205740842
8143,test,0,0.13986611180007458,0.04468464233236226,27.697349978270573,4.05737555022736,1.5708088877231874
8144,test,0,0.13965545408427715,0.04468464233236226,27.697318542576454,4.057383527759288,1.5707985354506966
8145,test,0,0.13986499421298504,0.04468464233236226,27.697321213093893,4.057376244728654,1.5707960438322544
8146,test,0,0.1532253548502922,0.04468464233236226,27.697293961836902,4.057380298519063,1.5707976810683901
8147,test,0,0.1392159885726869,0.04468464233236226,27.69728333374673,4.057380288310774,1.570796259126043
8148,test,0,0.14077906124293804,0.04468464233236226,27.697296199712948,4.05737791824755,1.5707962805240323
8149,test,0,0.13569208746775985,0.04468464233236226,27.697231313974406,4.057379548516593,1.5708222164791656
8150,test,0,0.13930135779082775,0.04468464233236226,27.697232268433602,4.057376867801372,1.5707958259686625
8151,test,0,0.1396681945770979,0.04468464233236226,27.697211567255234,4.057374912506093,1.5708196375762473
8152,test,0,0.1362180388532579,0.04468464233236226,27.69716817952015,4.0573782131059675,1.570804841656186
8153,test,0,0.13936197571456432,0.04468464233236226,27.697152925314192,4.057380836832012,1.5707961207532222
8154,test,0,0.14056560210883617,0.04468464233236226,27.69712073420557,4.057373351517755,1.5710542910022751
8155,test,0,0.14007766358554363,0.04468464233236226,27.697095257036516,4.0573816780813665,1.5707956883519096
8156,test,0,0.13904498284682631,0.04468464233236226,27.69707416955925,4.057382046226767,1.5707986885793186
8157,test,0,0.13837536936625838,0.04468464233236226,27.697076807933595,4.057371260462883,1.5709964276233734
8158,test,0,0.14098195545375347,0.04468464233236226,27.697036887872258,4.057383568425914,1.5707977150084556
8159,test,0,0.1393760573118925,0.04468464233236226,27.697033981170563,4.0573779175981475,1.5707961073479022
8160,test,0,0.13842028100043535,0.04468464233236226,27.697027752604296,4.057373909110084,1.5710126629055714
8161,test,0,0.13900632923468947,0.04468464233236226,27.697007371782057,4.057383203123764,1.5707976089051146
8162,test,0,0.1455135317519307,0.04468464233236226,27.697012162749036,4.057373846854157,1.5707958281971737
8163,test,0,0.15096650272607803,0.04468464233236226,27.69696321648234,4.05737974933924,1.5711437826114059
8164,test,0,0.13958377949893475,0.04468464233236226,27.696948039410906,4.057379217056211,1.5707962858376627
8165,test,0,0.13964216224849224,0.04468464233236226,27.696941061858467,4.05737971774371,1.5707983553244886
8166,test,0,0.1387473321519792,0.04468464233236226,27.696897596161843,4.057381583980285,1.5710693512726301
8167,test,0,0.14264759235084057,0.04468464233236226,27.696878979133817,4.057381576699413,1.570795901623655
8168,test,0,0.1401923280209303,0.04468464233236226,27.696858574828536,4.057377611540991,1.5708010832529153
8169,test,0,0.13912114268168807,0.04468464233236226,27.696825493513796,4.057376285576985,1.5707962314499235
8170,test,0,0.14004668314009905,0.04468464233236226,27.69679850547489,4.057383573796751,1.570798518373313
8171,test,0,0.1399219911545515,0.04468464233236226,27.696798692330663,4.057374183655986,1.570801509065026
8172,test,0,0.142385957762599,0.04468464233236226,27.696769276193983,4.0573825924905185,1.5707970869161774
8173,test,0,0.1392106539569795,0.04468464233236226,27.696758956967766,4.057380979216373,1.5707968638434076
8174,test,0,0.1427671890705824,0.04468464233236226,27.696790807015592,4.057376066415042,1.570797658186646
8175,test,0,0.14709935896098614,0.04468464233236226,27.69673310146652,4.057383005063182,1.5707978645409122
8176,test,0,0.14406908862292767,0.04468464233236226,27.69673347219883,4.057375779152238,1.5707965812056308
8177,test,0,0.1388592547737062,0.04468464233236226,27.69669941992583,4.057370725153208,1.5711426942279554
8178,test,0,0.13968531601130962,0.04468464233236226,27.696669779322747,4.0573813181918466,1.570782669491617
8179,test,0,0.13959555141627789,0.04468464233236226,27.696665256355708,4.05737956191844,1.5707961925038367
8180,test,0,0.1413789177313447,0.04468464233236226,27.696627777549335,4.0573689618943645,1.5713160995938569
8181,test,0,0.13959298841655254,0.04468464233236226,27.696599940356034,4.057380811880011,1.5707957865512907
8182,test,0,0.13896526163443923,0.04468464233236226,27.696585629705137,4.057380845576321,1.5707990281582476
8183,test,0,0.1404562722891569,0.04468464233236226,27.69655999418575,4.057378235140891,1.5710122673902522
8184,test,0,0.13849557703360915,0.04468464233236226,27.696526115711414,4.057383579060345,1.5707971403512475
8185,test,0,0.13940451852977276,0.04468464233236226,27.696521937362046,4.057376952514841,1.5708004913565379
8186,test,0,0.140821797773242,0.04468464233236226,27.696505338990292,4.057379682225237,1.5707962617376088
8187,test,0,0.14057415537536144,0.04468464233236226,27.69648546755967,4.057382420092354,1.5707982973066672
8188,test,0,0.14554132334887981,0.04468464233236226,27.696503437127546,4.057373847883738,1.570795172663812
8189,test,0,0.13855419773608446,0.04468464233236226,27.696456668080934,4.057380844353719,1.5708345134027846
8190,test,0,0.1394703220576048,0.04468464233236226,27.69645437728332,4.057378865638729,1.5707960693027248
8191,test,0,0.13998441211879253,0.04468464233236226,27.696444257678742,4.057378047702132,1.5707985514497262
8192,test,0,0.14996887557208538,0.04468464233236226,27.696400194121004,4.057381699526162,1.5707970962561397
8193,test,0,0.1391322142444551,0.04468464233236226,27.696390924491716,4.057379777314901,1.5707960969602397
8194,test,0,0.13815210526809096,0.04468464233236226,27.696354302030688,4.057373543086072,1.5709180589639087
8195,test,0,0.14040586166083813,0.04468464233236226,27.696320048010733,4.057376586338419,1.5707961306387666
8196,test,0,0.1402504127472639,0.04468464233236226,27.696302827922214,4.057381923624088,1.5707994864144375
8197,test,0,0.1407459806650877,0.04468464233236226,27.69628583420035,4.057371841762394,1.5711148118703548
8198,test,0,0.14629138819873333,0.04468464233236226,27.696244080866514,4.057381692566222,1.570795126436091
8199,test,0,0.13916991418227553,0.04468464233236226,27.69623340277875,4.0573804092570604,1.570797868509827
8200,test,0,0.13964861445128918,0.04468464233236226,27.69624447102334,4.057380601126952,1.57079735011346
8201,test,0,0.14039023034274578,0.04468464233236226,27.696207166355467,4.057381949386746,1.570798541627374
8202,test,0,0.1397142242640257,0.04468464233236226,27.69621637058079,4.05737453840901,1.570795996984372
8203,test,0,0.14261069241911173,0.04468464233236226,27.696184464630917,4.057380457005983,1.5710844626456655
8204,test,0,0.1393520962446928,0.04468464233236226,27.69617081024903,4.057381720240171,1.570797405806494
8205,test,0,0.1373644000850618,0.04468464233236226,27.696165841695006,4.05737944708004,1.5707961669722155
8206,test,0,0.15084350854158401,0.04468464233236226,27.69610983849726,4.057374856837696,1.571183656581399
8207,test,0,0.13939824514091015,0.04468464233236226,27.696100139637117,4.057377108156274,1.5707918015170843
8208,test,0,0.14017283730208874,0.04468464233236226,27.69607637677078,4.057378981088177,1.5708009317403304
8209,test,0,0.1394682051613927,0.04468464233236226,27.696034943211394,4.057371929426444,1.5708573367983878
8210,test,0,0.1396601926535368,0.04468464233236226,27.696013475251846,4.057381623984095,1.5707977184559663
8211,test,0,0.1390355653129518,0.04468464233236226,27.696002952244516,4.057375751872937,1.570801555460508
8212,test,0,0.14667965285480022,0.04468464233236226,27.69596613592246,4.057380925835835,1.5708007566703956
8213,test,0,0.14025084488093853,0.04468464233236226,27.69594641633447,4.057382724569403,1.5707987455099723
8214,test,0,0.14039283711463213,0.04468464233236226,27.695970157218248,4.057373117375222,1.5707960071109117
8215,test,0,0.14057339541614056,0.04468464233236226,27.695921311224232,4.057381702180762,1.570798509000387
8216,test,0,0.1395519943907857,0.04468464233236226,27.695920622217017,4.057377916756631,1.5707960321023529
8217,test,0,0.14010022394359112,0.04468464233236226,27.695903789899344,4.057375223416961,1.5709507002788576
8218,test,0,0.13953563291579485,0.04468464233236226,27.695875881206863,4.0573834667340405,1.5707977419421522
8219,test,0,0.139633996412158,0.04468464233236226,27.695870532647998,4.057379479907474,1.5707961924471479
8220,test,0,0.14095261506736279,0.04468464233236226,27.695837558443227,4.0573679598506915,1.571281317492841
8221,test,0,0.14050139300525188,0.04468464233236226,27.695808950807496,4.057379298925997,1.5707961042204885
8222,test,0,0.1442124079912901,0.04468464233236226,27.69578961857121,4.057382002746771,1.5707982435368086
8223,test,0,0.14770769327878952,0.04468464233236226,27.695757661418625,4.057380368977162,1.5710805562538583
8224,test,0,0.1396558852866292,0.04468464233236226,27.695725226938627,4.057380977005297,1.570796022544882
8225,test,0,0.1391080147586763,0.04468464233236226,27.69571348408806,4.057379597161098,1.570799158583507
8226,test,0,0.15067002922296524,0.04468464233236226,27.695695369470773,4.057381047431737,1.570814870600031
8227,test,0,0.14015604369342327,0.04468464233236226,27.69566647492109,4.057383395453338,1.5707985652891403
8228,test,0,0.14013050310313702,0.04468464233236226,27.695674791376167,4.05737495384473,1.5707960297675891
8229,test,0,0.16374187171459198,0.04468464233236226,27.69564293480338,4.057380905854032,1.5708308319175541
8230,test,0,0.13926186971366405,0.04468464233236226,27.695636809867754,4.0573799802931045,1.570804115881268
8231,test,0,0.13969817571341991,0.04468464233236226,27.69564098359503,4.057378312641338,1.570796203063098
8232,test,0,0.14930684119462967,0.04468464233236226,27.695580521879297,4.057378411969714,1.570856180020074
8233,test,0,0.1396580170840025,0.04468464233236226,27.695580580572912,4.057376233137462,1.5707953985052892
8234,test,0,0.155441053211689,0.04468464233236226,27.69555138094581,4.057374974304552,1.5708167492554386
8235,test,0,0.1548590585589409,0.04468464233236226,27.695513905587795,4.0573793861176055,1.5707970581012751
8236,test,0,0.1540985032916069,0.04468464233236226,27.695495144216864,4.057381862464495,1.570796112277861
8237,test,0,0.15436077862977982,0.04468464233236226,27.695464773243497,4.057369567727904,1.5710061401481983
8238,test,0,0.15436147898435593,0.04468464233236226,27.69543711393299,4.057381363417616,1.570796192499388
8239,test,0,0.14016389660537243,0.04468464233236226,27.695418888714897,4.0573819885396905,1.570799036187863
8240,test,0,0.13998201210051775,0.04468464233236226,27.695431967606666,4.057375893229068,1.5708259387635692
8241,test,0,0.1563962772488594,0.04468464233236226,27.695388675466052,4.0573839119436705,1.570798530396097
8242,test,0,0.13989351503551006,0.04468464233236226,27.695389346432023,4.0573772420804355,1.570789047736447
8243,test,0,0.14282480720430613,0.04468464233236226,27.695382630139274,4.057373938649678,1.5710913292924966
8244,test,0,0.14014427177608013,0.04468464233236226,27.695361899166933,4.057382769114926,1.5707975894995123
8245,test,0,0.15605954080820084,0.04468464233236226,27.695365396787317,4.05737799010061,1.5707955354559548
8246,test,0,0.15120092779397964,0.04468464233236226,27.69531591962574,4.057376560601023,1.5711424028968768
8247,test,0,0.15599919110536575,0.04468464233236226,27.695302358209442,4.057378704400735,1.5707961550814185
8248,test,0,0.15605267137289047,0.04468464233236226,27.695289876413586,4.057380211424537,1.570799600073827
8249,test,0,0.1473882719874382,0.04468464233236226,27.69524255312305,4.0573800515811635,1.5710684874974263
8250,test,0,0.15604475885629654,0.04468464233236226,27.695225919408816,4.05738062924169,1.5707960881944167
8251,test,0,0.1560555174946785,0.04468464233236226,27.69521487157816,4.05737792956121,1.5707998772893161
8252,test,0,0.14344601146876812,0.04468464233236226,27.695181319565343,4.05737616891922,1.5707948774397709
8253,test,0,0.15549615770578384,0.04468464233236226,27.695153782709422,4.057383471507975,1.5707981042620391
8254,test,0,0.1559353545308113,0.04468464233236226,27.6951563605341,4.0573738995856665,1.5707964016304288
8255,test,0,0.15589775890111923,0.04468464233236226,27.69511944548343,4.057382204711742,1.5707976086964952
8256,test,0,0.15568939596414566,0.04468464233236226,27.695112555055623,4.057379306531554,1.5707952455508658
8257,test,0,0.15602008253335953,0.04468464233236226,27.695127824470212,4.0573764910544,1.5708038866478164
8258,test,0,0.14868849329650402,0.04468464233236226,27.695070842640646,4.057383088929996,1.5707977922095002
8259,test,0,0.15006217174232006,0.04468464233236226,27.69507114446364,4.057375421924994,1.5707961213854966
8260,test,0,0.1550145223736763,0.04468464233236226,27.6950354268217,4.057375905368504,1.5711114408433082
8261,test,0,0.1561860367655754,0.04468464233236226,27.695020794324197,4.057380735527018,1.5707965713596337
8262,test,0,0.15375245362520218,0.04468464233236226,27.69500388781344,4.057380303071019,1.5707977787999547
8263,test,0,0.15687913447618484,0.04468464233236226,27.694969011833933,4.057367482566223,1.5712663058170737
8264,test,0,0.15586703270673752,0.04468464233236226,27.694935533081438,4.057381312077975,1.5707960924603666
8265,test,0,0.15541034191846848,0.04468464233236226,27.694917618112957,4.057381072998878,1.5707990234808202
8266,test,0,0.14851156622171402,0.04468464233236226,27.694893196156716,4.057376987071036,1.5708852407318472
8267,test,0,0.15606697648763657,0.04468464233236226,27.69485828232631,4.057383466761152,1.5707981798177304
8268,test,0,0.15633460134267807,0.04468464233236226,27.69485779213673,4.057376665388593,1.5707962889673743
8269,test,0,0.15541739016771317,0.04468464233236226,27.694838708084585,4.057381108434683,1.5707971270833678
8270,test,0,0.15551166981458664,0.04468464233236226,27.69482246948606,4.057381780112872,1.5707978538193086
8271,test,0,0.15498154610395432,0.04468464233236226,27.6948381783886,4.057377149197258,1.5707962448341999
8272,test,0,0.15641600638628006,0.04468464233236226,27.694789575892212,4.057380046448706,1.5708512082988397
8273,test,0,0.15594471246004105,0.04468464233236226,27.69478592711327,4.057378275622761,1.5707959360081913
8274,test,0,0.15605748444795609,0.04468464233236226,27.694773353088394,4.0573781209716975,1.5708048791688396
8275,test,0,0.15639544278383255,0.04468464233236226,27.69471980912266,4.05737985022383,1.5707961085909197
8276,test,0,0.1558784916996956,0.04468464233236226,27.69471368269559,4.057380287405735,1.5707891051906049
8277,test,0,0.15504182130098343,0.04468464233236226,27.694681636454987,4.057374531887915,1.5708928614067919
8278,test,0,0.15628287941217422,0.04468464233236226,27.69464775303263,4.057377110340734,1.5707962724904767
8279,test,0,0.14685293845832348,0.04468464233236226,27.694623336505085,4.057382831636485,1.5707981856604267
8280,test,0,0.15466975420713425,0.04468464233236226,27.69461614172748,4.0573742947625515,1.5710291655803912
8281,test,0,0.15606824308633804,0.04468464233236226,27.694568034516028,4.057383384229148,1.5707972663413554
8282,test,0,0.15633543580770493,0.04468464233236226,27.694559717071492,4.057380118607926,1.5707964291039036
8283,test,0,0.14918643981218338,0.04468464233236226,27.694556155744753,4.057378770841881,1.5708492929726974
8284,test,0,0.15666574984788895,0.04468464233236226,27.694523666212216,4.057381979187281,1.5707980909303245
8285,test,0,0.15604672580957413,0.04468464233236226,27.694532139604053,4.05737470352678,1.5707945917468749
8286,test,0,0.15442105382680893,0.04468464233236226,27.694489656010944,4.057373792309557,1.5711480350523066
8287,test,0,0.1558646783232689,0.04468464233236226,27.694472641650187,4.057380009492999,1.570796161199148
8288,test,0,0.1531694307923317,0.04468464233236226,27.69446701655897,4.057379792827645,1.5707974290043654
8289,test,0,0.15365197509527206,0.04468464233236226,27.694409749719362,4.057368673070155,1.5711902081154858
8290,test,0,0.15607521682977676,0.04468464233236226,27.694396999057055,4.057381782611051,1.570796133581936
8291,test,0,0.15531141310930252,0.04468464233236226,27.694372085569597,4.057378621503923,1.570799375256458
8292,test,0,0.15386415272951126,0.04468464233236226,27.694338862383617,4.057377979718728,1.5707965233097494
8293,test,0,0.15849661082029343,0.04468464233236226,27.694309582905646,4.057383309683611,1.5707961378834472
8294,test,0,0.15571004897356033,0.04468464233236226,27.694303959836812,4.057375481603286,1.5707996282393426
8295,test,0,0.15412897616624832,0.04468464233236226,27.694273772805428,4.0573807282235075,1.570796006534905
8296,test,0,0.15648356825113297,0.04468464233236226,27.694257020497158,4.057382209402199,1.5707984203775283
8297,test,0,0.15155983716249466,0.04468464233236226,27.69428357647599,4.057372888988041,1.5707942792643215
8298,test,0,0.156352199614048,0.04468464233236226,27.694225810813528,4.057383119602163,1.57079823331411
8299,test,0,0.15598299354314804,0.04468464233236226,27.694226077939735,4.057378757864135,1.5707952789768926
8300,test,0,0.15616396814584732,0.04468464233236226,27.694200310203595,4.057372248346203,1.5709606488865762
