step,mode,loss,angle_error(rad),distance(m),x(m),y(m),the(rad)
1,training,0.09228442,0.303783506155014,0.0,0.00017580442461019499,0.0005212513575904474,0.003169216561256295
2,training,0.07552765,0.27482582442462444,0.0,0.009959621493714616,0.0005585376069561874,0.003399430160552643
3,training,0.056029003,0.2287183627486229,0.0,0.02682241991015767,0.0006216783968290324,0.004034352076712053
4,training,0.045137577,0.2417031973600387,0.0,0.06666415900971791,0.001021339280230619,0.01804548532175445
5,training,0.030119311,0.18884970247745514,0.0,0.10639432915609286,0.0021552282888834913,0.040648587034915556
6,training,0.023704156,0.2346949428319931,0.0,0.1462000168324086,0.004346873257738694,0.0710842297868582
7,training,0.0152282715,0.1417098492383957,0.0,0.185711503652833,0.0078654342790953,0.10866290328561633
8,training,0,0.045511871576309204,0.031173029716786985,0.22498835114417184,0.013041022010533738,0.15510948922040924
9,training,0,0.007970660924911499,0.031173029716786985,0.26389480021359046,0.020066160273046064,0.2020295775478823
10,training,0,0.022203505039215032,0.031173029716786985,0.3024359517407865,0.028953524297662236,0.2523260967192025
11,training,0.0077902363,0.05789002776145935,0.031173029716786985,0.3403720588978669,0.03975991617213849,0.30183181126281056
12,training,0.005169845,0.14963364601135254,0.031173029716786985,0.377918392913163,0.05249517027981047,0.35397375350614235
13,training,0.007312295,0.2753738686442375,0.014990857171632257,0.43234799189186524,0.07537501294024809,0.445676550651557
14,training,0.051245492,0.33971328660845757,0.014990857171632257,0.46732956743906284,0.0935636763812708,0.5139587474511398
15,training,0.09726873,0.3358161272481084,0.014990857171632257,0.5172072357526479,0.1252480478177334,0.6200107185191462
16,training,0.068146184,0.24240205809473991,0.03661022564926458,0.548244919387056,0.14910494135882077,0.6889135876236024
17,training,0.026784891,0.19242740888148546,0.03661022564926458,0.5778888732898275,0.17509094121592275,0.7470080637585091
18,training,0.03852827,0.19335031136870384,0.03661022564926458,0.6065640294384778,0.2028406138858866,0.7862448691974689
19,training,0.042319506,0.22524187713861465,0.08495979237188013,0.6340547114107933,0.23131282391873403,0.8167254486942161
20,training,0.016588904,0.2681516595184803,0.08495979237188013,0.6476105673656314,0.24589988724852915,0.8259746082803184
21,training,0.035476435,0.30507660284638405,0.08495979237188013,0.6611357873387909,0.2606540952257096,0.8317664849500783
22,training,0.041583434,0.3271426670253276,0.08495979237188013,0.6878918198775389,0.29026175649084246,0.8393274981800899
23,training,0.043833733,0.3149825055152178,0.08495979237188013,0.714370714513848,0.32001118798038264,0.847087316705554
24,training,0.054646913,0.32828815653920174,0.08495979237188013,0.7407419069336711,0.3500392617224076,0.8519841061663158
25,training,0.0526072,0.3097177743911743,0.08495979237188013,0.7799981874194931,0.3951759765531903,0.8579492692299727
26,training,0.0542019,0.3084304230287671,0.08495979237188013,0.8060900723806522,0.42545872847487554,0.859972963584369
27,training,0.03448292,0.31898325483780354,0.20852674780881308,0.8321370030875519,0.4557188894403072,0.8600351084286324
28,training,0.031774286,0.3076602788642049,0.20852674780881308,0.8585645634386939,0.4858645912420516,0.8265611718417564
29,training,0.040154703,0.5395659171044827,0.20852674780881308,0.8869584334054804,0.5148187067757699,0.762841135465662
30,training,0.08233111,0.5098793171346188,0.20852674780881308,0.9172546795096183,0.541520038385272,0.670396615578951
31,training,0.09045542,0.44623193889856344,0.20852674780881308,0.9506284601800236,0.5652087877709967,0.5639154488471697
32,training,0.107525855,0.38156150653958326,0.27884171300987104,0.9861082266702873,0.5852950966293989,0.46762491706717124
33,training,0.10223424,0.31980154663324356,0.27884171300987104,1.0232420616608948,0.6020416513857556,0.3811776561790726
34,training,0.073318645,0.2675016485154628,0.27884171300987104,1.0613423021930066,0.6156367622273675,0.305502049578814
35,training,0.07090506,0.21561704576015472,0.28559635988675813,1.1004740114775433,0.6265240622042043,0.23860146160598825
36,training,0.057677373,0.10490895062685013,0.28559635988675813,1.1400215868133259,0.6349486371141859,0.18218116694565964
37,training,0.07505633,0.07647256553173065,0.28559635988675813,1.1800340928182542,0.6412143196113547,0.13454180059576712
38,training,0.051557288,0.05498087406158447,0.28559635988675813,1.2198590567877012,0.6459989883554569,0.10478229320956713
39,training,0,0.03967279940843582,0.24801667211351464,1.2399120883765742,0.6479750587564725,0.09166750593410164
40,training,0,0.022559717297554016,0.24801667211351464,1.280046467478076,0.6511370442868746,0.06589468621973618
41,training,0,0.003409489989280687,0.24801667211351464,1.3199480824454703,0.6533378707858208,0.044876160849209146
42,training,0,0.00932367891073227,0.24801667211351464,1.36018801355494,0.6547835014329585,0.028039968500359436
43,training,0,0.017737057060003274,0.24801667211351464,1.4001882467957203,0.6556223952721142,0.014691004288657779
44,training,0,0.04252258688211441,0.1800264130098538,1.440221341542666,0.6559719522093518,0.002999730375907684
45,training,0,0.028027303516864777,0.1800264130098538,1.4804220252122484,0.6558976159241456,-0.004638579993585139
46,training,0,0.036174628883600235,0.1800264130098538,1.5202976246950601,0.6555943439310284,-0.011846281101451667
47,training,0,0.04365760646760464,0.1800264130098538,1.5604306439046938,0.6549536305205562,-0.019897101985865872
48,training,0,0.04965413175523281,0.1800264130098538,1.6004257009705518,0.6540351036260875,-0.02591879580096288
49,training,0.05835898,0.0728328675031662,0.09125730421687729,1.6403432128833968,0.65289138204733,-0.031243500798823258
50,training,0.08052374,0.07472523534670472,0.09125730421687729,1.7202652943639103,0.6502117974052436,-0.03435773384838144
51,training,0.030112367,0.06687184609472752,0.09125730421687729,1.740233361906713,0.6495219102930322,-0.03511718101035416
52,training,0.05622065,0.07650849781930447,0.09125730421687729,1.800314093346468,0.6472989337166258,-0.03965584149397267
53,training,0.06462005,0.07477751141414046,0.09125730421687729,1.8601379192221756,0.6447893754923656,-0.04411433458531803
54,training,0.08795489,0.06062482018023729,0.03452513736396207,1.920034972863144,0.6420758187700792,-0.046503953605458906
55,training,0,0.049532514065504074,0.03452513736396207,1.959995553893294,0.6401608078986996,-0.052154492936553914
56,training,0.06513177,0.05725150462239981,0.03452513736396207,2.0001014015206686,0.6378662730242641,-0.061865698164708084
57,training,0.05462476,0.05767214950174093,0.03452513736396207,2.0398548269397137,0.63520011761394,-0.07226041130009553
58,training,0.023577044,0.08541760593652725,0.03452513736396207,2.079879375576102,0.6321061941065348,-0.08184608457153783
59,training,0.038775783,0.08808083459734917,0.012205602961405947,2.11970610092309,0.6286878235941223,-0.09034217153130095
60,training,0.03451718,0.1016170009970665,0.012205602961405947,2.159483797086598,0.6248773978118568,-0.10089506404126079
61,training,0.01945928,0.11606693267822266,0.012205602961405947,2.1993982700865637,0.6206351541650195,-0.11083805199382737
62,training,0.033059966,0.12376761436462401,0.012205602961405947,2.2588838199640913,0.6135804193518419,-0.12550152865495112
63,training,0.039394766,0.12364177778363228,0.012205602961405947,2.2787929586818043,0.611024968406047,-0.12945593319965928
64,training,0.041568704,0.14514305256307125,0.012205602961405947,2.338162148626437,0.6031487773433818,-0.1343107424358026
65,training,0.06678613,0.1149017927236855,0.021652272591767895,2.3778143128849245,0.5977454348025724,-0.13661035810919003
66,training,0.03566374,0.1217390582896769,0.021652272591767895,2.397635495885609,0.5950217992962135,-0.1368418081611642
67,training,0.033305198,0.11699839180801064,0.021652272591767895,2.4371601533113707,0.5895986669117085,-0.13675844426467587
68,training,0.046451807,0.11294338712468745,0.021652272591767895,2.476754353670074,0.5841531443283138,-0.1365964495756934
69,training,0.019175284,0.11183476448059082,0.021652272591767895,2.4965844141897295,0.5814411123797788,-0.13528975793752604
70,training,0.023519771,0.1064819972962141,0.021652272591767895,2.536117819759737,0.5761567990288016,-0.13110872218771188
71,training,0.037991483,0.10451627150177956,0.021652272591767895,2.5558451917963163,0.5735715516882968,-0.1294949739126971
72,training,0.07774184,0.09778624027967456,0.04334438482549161,2.5955452777955768,0.5685004096989804,-0.12436441162787254
73,training,0.021134716,0.09704819694161415,0.04334438482549161,2.635143422774543,0.563704765033429,-0.11737456954543166
74,training,0.051141016,0.10224095545709133,0.04334438482549161,2.654876807681997,0.5614009030881294,-0.11528612691117343
75,training,0.06466136,0.10210396349430087,0.04334438482549161,2.6946417720588642,0.5568931646466236,-0.11040693416309323
76,training,0.050135642,0.11434796266257763,0.04334438482549161,2.7343374948184045,0.552625207203829,-0.10426984539577795
77,training,0.06800857,0.11826160922646523,0.04334438482549161,2.7739539048197113,0.5485471692815761,-0.1009202030061135
78,training,0.080117345,0.12224361300468445,0.04334438482549161,2.813815602922979,0.5445809836654343,-0.09716936466068928
79,training,0.02983712,0.10978568159043789,0.06687953618354271,2.853429230612979,0.5408077275585816,-0.09401470301203436
80,training,0.024543272,0.1684904396533966,0.06687953618354271,2.893257672183603,0.5371036463788198,-0.0914712791764557
81,training,0.022717146,0.22994345054030418,0.06687953618354271,2.933100049299941,0.5335333929825354,-0.08709623914735053
82,training,0.054602988,0.2489794511348009,0.06687953618354271,2.952847810708344,0.5318301565886049,-0.08564525883421792
83,training,0.057669897,0.234898155555129,0.06687953618354271,2.9926732446836635,0.5284934726381444,-0.08128106866031735
84,training,0.033729263,0.22165869921445847,0.06687953618354271,3.032578902277632,0.5253615372425136,-0.07474939480788145
85,training,0.036338843,0.21819069236516953,0.10583813450645108,3.0722383344173343,0.5225166659489623,-0.06869040085143148
86,training,0.020848362,0.21840836852788925,0.10583813450645108,3.112231869109975,0.5199178615133402,-0.05581018777386927
87,training,0.10492003,0.16066706553101537,0.10583813450645108,3.1517695216585557,0.518710563696951,-0.004836270627352319
88,training,0.02360133,0.12203600630164149,0.10583813450645108,3.191291171281065,0.5195049826068225,0.04218456046290802
89,training,0.031998362,0.05986579693853855,0.10583813450645108,3.2508292450410847,0.5236357053074623,0.09288357402225368
90,training,0,0.03156978450715542,0.10583813450645108,3.2705008349587747,0.5255948814356012,0.10417181910401214
91,training,0,0.005671339109539982,0.11412053965511446,3.310182486512471,0.5300733886866213,0.11885452873872773
92,training,0.020377204,0.11547200754284859,0.11412053965511446,3.349834738999015,0.534975759068606,0.12560373804497146
93,training,0.025237046,0.05475318059325218,0.11412053965511446,3.4090263930128515,0.5432220380394758,0.15914766751000847
94,training,0,0.04614086076617242,0.11412053965511446,3.448287562309383,0.550001339335162,0.17996469846972463
95,training,0.06243542,0.07408871129155159,0.11412053965511446,3.4873771636788358,0.5574713868084128,0.19766987304894243
96,training,0.05382008,0.10579731315374374,0.11412053965511446,3.5266991044103966,0.5656171592532115,0.20420595283440685
97,training,0.019534772,0.12841631099581718,0.009639815980896882,3.5660108297568898,0.5735388240314827,0.19288802739835836
98,training,0.023145603,0.10913456603884697,0.009639815980896882,3.6052244811481655,0.5810728748350311,0.19250395071464052
99,training,0.025706649,0.1338779777288437,0.009639815980896882,3.6638770116088204,0.5930315400436823,0.20997875191487284
100,training,0.015862312,0.14912887662649155,0.009639815980896882,3.7027744525946495,0.6016167395158459,0.22405283228125336
101,training,0.021627145,0.13729489594697952,0.009639815980896882,3.741598428347176,0.6106604784421341,0.23216355995240812
102,training,0.012669804,0.15094514191150665,0.011923474629904307,3.761073289516452,0.6152904064586391,0.23469889654617093
103,training,0.021048479,0.1638797782361507,0.011923474629904307,3.7998499004250177,0.6246898616413596,0.24072343628039988
104,training,0.037247077,0.1782574411481619,0.011923474629904307,3.8385576600651343,0.6342690845589493,0.24348136094768788
105,training,0.009892201,0.1729818359017372,0.011923474629904307,3.8774155192565707,0.64396521779079,0.24548194724271216
106,training,0.035519633,0.17874822288285938,0.011923474629904307,3.9160541407884706,0.6537199238283643,0.2476406004360331
107,training,0.011967913,0.1457513477653265,0.011923474629904307,3.9548020102855554,0.6635188287579531,0.24741893952552807
108,training,0.028309675,0.16261399956420064,0.011923474629904307,3.993551035527805,0.6733314684423357,0.24912723873295398
109,training,0.031731643,0.21550626144744456,0.025274001215411093,4.0321904428666375,0.6831943926704688,0.2497795843871012
110,training,0.020860095,0.2022029561921954,0.025274001215411093,4.071012559682433,0.6930733422706599,0.24840261032418107
111,training,0.024144888,0.16346717998385427,0.025274001215411093,4.0903171997191246,0.6979737139502233,0.24843353705500598
112,training,0.01651193,0.17848991230130196,0.025274001215411093,4.129009537964329,0.7077561069415566,0.24559244714608972
113,training,0.02954818,0.2168118990957737,0.025274001215411093,4.18726697187282,0.7221606862041675,0.2398924126337276
114,training,0.009364812,0.21590736508369446,0.025274001215411093,4.226094676177784,0.7315721413977975,0.23470349025201687
115,training,0.017771823,0.20472327992320064,0.0707886001012784,4.265103388824209,0.7407338203523436,0.22647672043252354
116,training,0.026679885,0.21220190823078156,0.0707886001012784,4.304080432047937,0.7495822303136291,0.219689244321915
117,training,0.036951482,0.20602897182106966,0.0707886001012784,4.343152643849803,0.7581282363299736,0.21015824841486264
118,training,0.027760616,0.2034567072987556,0.0707886001012784,4.382348614136813,0.7662814916653637,0.20049776846501316
119,training,0.03169651,0.20972499623894691,0.0707886001012784,4.421636218082717,0.774093641376751,0.19173760631609907
120,training,0.020009749,0.19048280268907547,0.11130885800581289,4.460999612327003,0.7815116279121488,0.1805438604370976
121,training,0.029640736,0.23452458903193474,0.11130885800581289,4.500209644898758,0.7883480745198045,0.15552391524466017
122,training,0.015723195,0.2151506282389164,0.11130885800581289,4.540412059846347,0.7935714218203278,0.10004193203798613
123,training,0.01853251,0.13917188346385959,0.11130885800581289,4.58054669058788,0.7964732217714553,0.04564970017640892
124,training,0.020135723,0.09828092902898786,0.11130885800581289,4.6208676594858025,0.7974578448066313,0.006071763039472112
125,training,0.026738321,0.051125179976224885,0.11130885800581289,4.661237504425131,0.7970388560013668,-0.02534784863786639
126,training,0,0.04318458586931227,0.12875882347141585,4.701233838330476,0.7954636232570795,-0.051525176415539664
127,training,0,0.03435654565691948,0.12875882347141585,4.741430264407726,0.7929527247573629,-0.07296414195988342
128,training,0,0.04636784456670284,0.12875882347141585,4.7614481530180734,0.7914106689729896,-0.08100293043484069
129,training,0,0.04569110507145524,0.12875882347141585,4.801181461775044,0.7878620429074564,-0.09690976595130527
130,training,0,0.044873202219605446,0.12875882347141585,4.841127422598656,0.78371807343352,-0.1088426857973065
131,training,0,0.02925720671191812,0.12875882347141585,4.880873994470194,0.7792241093355383,-0.1163475508788746
132,training,0,0.022893995512276884,0.10480006467598504,4.92045894713104,0.7744974283752574,-0.11840788606003289
133,training,0,0.019281302113085985,0.10480006467598504,4.960258221624786,0.7697938374311077,-0.11904448676365692
134,training,0,0.018783964682370424,0.10480006467598504,4.999786892874395,0.7650041911623973,-0.12246560954239227
135,training,0,0.017503537237644196,0.10480006467598504,5.039515144261232,0.7600754105398838,-0.1243772067510104
136,training,0,0.029771169647574425,0.10480006467598504,5.07919681836921,0.755123607697779,-0.12383624383814332
137,training,0,0.010318700224161148,0.10480006467598504,5.118678158202053,0.7502394924851978,-0.12076530769254211
138,training,0,0.004964977502822876,0.08101885822190046,5.1584425639812554,0.7455160643195782,-0.11766495618914831
139,training,0,0.0086156465113163,0.08101885822190046,5.197992703383294,0.7408858936456568,-0.11602490765241688
140,training,0,0.004458387382328509,0.08101885822190046,5.23769552493931,0.7363083987848704,-0.11349229976390897
141,training,0,0.04012278281152248,0.08101885822190046,5.277446860758401,0.7318474534799948,-0.11028365027807278
142,training,0,0.00849744863808155,0.08101885822190046,5.316898371336474,0.7275531333823116,-0.10513553537652057
143,training,0,0.0021961871534585953,0.08101885822190046,5.3567252983902955,0.7235073259833795,-0.09860881504174682
144,training,0,0.00651242770254612,0.05434159282557091,5.396404281808352,0.719692018532072,-0.09433216350677145
145,training,0,0.02743191458284855,0.05434159282557091,5.4361313118923364,0.7159927887624233,-0.09133182757656776
146,training,0,0.014160009101033214,0.05434159282557091,5.476041883328821,0.7124026498953745,-0.08832014281274542
147,training,0,0.01736288797110319,0.05434159282557091,5.515641409756195,0.7089582391503753,-0.08549195312605437
148,training,0,0.045499034225940704,0.05434159282557091,5.555526282765066,0.7056084178270529,-0.08265709311312298
149,training,0.018993475,0.05062610283493994,0.05434159282557091,5.615164512886746,0.701041472065293,-0.06727997133097559
150,training,0.016666887,0.06827570963650942,0.03388943071777696,5.655026503336319,0.6986090753532297,-0.05446968583223865
151,training,0.015148417,0.09084780514240265,0.03388943071777696,5.694824207624537,0.6966232981404117,-0.04957648375290964
152,training,0.016185192,0.09329626336693764,0.03388943071777696,5.734636952682841,0.6945328286382435,-0.056315298336270185
153,training,0.013328893,0.06637431122362614,0.03388943071777696,5.774735285661056,0.692114852141237,-0.06423559775051375
154,training,0.019597324,0.0795566737651825,0.03388943071777696,5.814516851734795,0.6894569776814485,-0.0688129909563246
155,training,0.01580768,0.0664094090461731,0.03388943071777696,5.854380832053428,0.686683658149199,-0.06841054264759411
156,training,0.019838227,0.06325089931488038,0.01758830984246351,5.894348791563822,0.6840751600708151,-0.06012386929391012
157,training,0.029428713,0.0762248020619154,0.01758830984246351,5.934030904681997,0.6818801554503316,-0.05136596836510292
158,training,0.025269268,0.10703953634947538,0.01758830984246351,5.994062929748423,0.6790872623029192,-0.043200351615339985
159,training,0.019854147,0.11686604097485542,0.01758830984246351,6.033817301774114,0.6773997199892444,-0.04385950349062048
160,training,0.022064552,0.06119138328358531,0.01758830984246351,6.093924195938814,0.6745787330465093,-0.050180997447743694
161,training,0.014810447,0.10721280984580517,0.012213962986468348,6.133647178094822,0.6725272769426381,-0.05327505051126793
162,training,0.025145963,0.12022630125284195,0.012213962986468348,6.173646508343018,0.6703221854022937,-0.058284821937575844
163,training,0.007530223,0.0976827023550868,0.012213962986468348,6.213661422910127,0.6678485499027748,-0.06575373214525666
164,training,0.0057062577,0.061260366812348366,0.012213962986468348,6.2534065917055415,0.6650951792248835,-0.07081395542907924
165,training,0,0.03791475668549538,0.012213962986468348,6.293413678008495,0.6622506659686341,-0.06914866808949077
166,training,0,0.03281717374920845,0.012213962986468348,6.313325035114073,0.6609190416885108,-0.06398663080023541
167,training,0,0.04502057656645775,0.021626465702071197,6.333099391425897,0.6597126382016187,-0.05832936682019316
168,training,0,0.0042346566915512085,0.021626465702071197,6.372950469025215,0.6576050034370554,-0.04782162332220778
169,training,0,0.008427947759628296,0.021626465702071197,6.392996159414224,0.6566841103777286,-0.04339300593127859
170,training,0,0.0053662508726119995,0.021626465702071197,6.432797330074922,0.655144873228507,-0.034473159378294815
171,training,0,0.004186892881989479,0.021626465702071197,6.47267656220928,0.6539378090721575,-0.026388506945640964
172,training,0,0.005101123824715618,0.021626465702071197,6.512784319915686,0.6530170771938438,-0.019055363372567774
173,training,0,0.014561468735337257,0.021626465702071197,6.5525394291621355,0.6523976652389011,-0.012699889146402956
174,training,0,0.03041549865156412,0.028035824950758768,6.592574511505752,0.652015786926357,-0.005836515933138265
175,training,0,0.039539437741041183,0.028035824950758768,6.632532107234005,0.6519260728498599,0.001852592377332051
176,training,0,0.02406903705559671,0.028035824950758768,6.67237413697654,0.6521676508046094,0.009929447457107133
177,training,0,0.023424033541232347,0.028035824950758768,6.712493141027749,0.6526884427356638,0.015699770508225734
178,training,0,0.018807866144925356,0.028035824950758768,6.752283802580529,0.6533903592685362,0.01952931140301247
179,training,0,0.01000300142914057,0.028035824950758768,6.79227690848342,0.6542381892926566,0.02252810922455401
180,training,0,0.005966174416244028,0.026899299607139278,6.832331283483113,0.6551655694280664,0.023532023829427436
181,training,0,0.005091352388262749,0.026899299607139278,6.872173984732667,0.656103774116151,0.02313165340831133
182,training,0,0.01563170552253723,0.026899299607139278,6.912298556763676,0.6570165854233307,0.022116694499381293
183,training,0,0.003003282472491266,0.026899299607139278,6.952207261779075,0.6578833831060993,0.021826296714813218
184,training,0,0.02630989160388708,0.026899299607139278,6.992154088530843,0.6587792067697033,0.023449379162108427
185,training,0,0.03903849795460701,0.026899299607139278,7.032288624362861,0.6597629885139542,0.026321838798278933
186,training,0,0.039624517783522606,0.023019924761823688,7.072043372206791,0.6608856564997111,0.029598684992870966
187,training,0,0.03799227811396122,0.023019924761823688,7.112090442143567,0.6621297355087395,0.032543298719828403
188,training,0,0.039563022553920746,0.023019924761823688,7.152040933594109,0.6634778116983119,0.03495630493200848
189,training,0,0.0428643599152565,0.023019924761823688,7.191909525329379,0.6649227639720606,0.037296019667090376
190,training,0.028550185,0.07890441082417965,0.023019924761823688,7.251909766256234,0.6672667825490463,0.0411766325507333
191,training,0.0046397615,0.08796755783259869,0.023019924761823688,7.291734658709151,0.6689904629668497,0.04523750808106985
192,training,0,0.03575599705800414,0.015835003741376082,7.331812028614678,0.6708717337893298,0.048652053078933735
193,training,0,0.04976211208850146,0.015835003741376082,7.351761376188602,0.6718500355316169,0.04860526906684143
194,training,0,0.023354200180619955,0.015835003741376082,7.391567345980216,0.6737801420306595,0.04780978139625827
195,training,0,0.04605887597426772,0.015835003741376082,7.431659696150327,0.6756732420428904,0.04643520338032795
196,training,0.0061701788,0.0586487598484382,0.015835003741376082,7.49145065463617,0.678408742175957,0.04517733667758053
197,training,0,0.013018995523452759,0.015835003741376082,7.531536808273627,0.6801875945471085,0.04317664386462575
198,training,0,0.026054978370666504,0.011292159843534742,7.551614832251046,0.681021086556441,0.03979839545320772
199,training,0,0.014261592179536826,0.011292159843534742,7.591435249102657,0.6824681053923741,0.03293788749126566
200,training,0,0.03294035978615284,0.011292159843534742,7.6315462516293655,0.6836765952019136,0.02744254329843165
201,training,0,0.027535710483789444,0.011292159843534742,7.671539021213813,0.6846802060979457,0.023393814621880664
202,training,0,0.02890082821249962,0.011292159843534742,7.711466303104513,0.6855575683829108,0.020585916861425052
203,training,0,0.039807615801692016,0.028314556804935234,7.751636921638863,0.686335021232247,0.01864324563087632
204,training,0,0.042770313215442,0.028314556804935234,7.79145590546129,0.6870703322531554,0.01806199077265617
205,training,0,0.041876614210195846,0.028314556804935234,7.831492995912509,0.6877883697436149,0.017701585345143087
206,training,0,0.04043979768175632,0.028314556804935234,7.871520897867689,0.6884910553868799,0.018048416295600393
207,training,0,0.03968248434830457,0.028314556804935234,7.911392064566912,0.6892192864990639,0.018257263362366355
208,training,0,0.04120867804158478,0.028314556804935234,7.951528182723739,0.6899564034666396,0.018398241469117456
209,training,0,0.040575025719590485,0.037846315250379126,7.991390515778771,0.6906999435150976,0.018993324894481273
210,training,0.008823409,0.057427083258517087,0.037846315250379126,8.051461162498148,0.6918583299793141,0.019423678551944074
211,training,0,0.04015702195465564,0.037846315250379126,8.091371498833329,0.6926288826345197,0.019035572768520533
212,training,0,0.042487447150051594,0.037846315250379126,8.111318288250287,0.6929978957224936,0.017671326149703834
213,training,0,0.04781526979058981,0.037846315250379126,8.15143608585038,0.693650435468552,0.014764801729805875
214,training,0.0076224124,0.09555437858216465,0.037846315250379126,8.211335154904209,0.6944479517775721,0.012382502902689661
215,training,0.006851624,0.11885619722306728,0.044275024556439856,8.25141329596538,0.6949354308239144,0.012050408642538606
216,training,0.025670212,0.14507053792476654,0.044275024556439856,8.291383541180313,0.6954736065003768,0.016240070250614552
217,training,0.007179517,0.18140029162168503,0.044275024556439856,8.331194856884121,0.6963287318585935,0.027892013419997398
218,training,0.018595304,0.18010902777314186,0.044275024556439856,8.371242070508485,0.6977200239699477,0.04344926709390104
219,training,0.005900544,0.18008026853203773,0.044275024556439856,8.410905522114449,0.699754472169662,0.058512717457145744
220,training,0.034727696,0.1760061550885439,0.044275024556439856,8.45075611584897,0.7023519372965327,0.07114693804208674
221,training,0.025307437,0.16606243420392272,0.050904609204562225,8.490662549530876,0.7053513512580417,0.07759915931038609
222,training,0.005637494,0.14766140258871022,0.050904609204562225,8.510402889724274,0.7069124798252475,0.07920650388534337
223,training,0.0052511794,0.13498614914715293,0.050904609204562225,8.550271160135603,0.710091774480789,0.07877186649117536
224,training,0.011072437,0.12771198898553848,0.050904609204562225,8.590286756279905,0.7131746283670702,0.07382882987958332
225,training,0.00276632,0.10805317386984825,0.050904609204562225,8.630041241284625,0.7159910194497662,0.06694333807405274
226,training,0.029506542,0.10894149914383885,0.050904609204562225,8.670128817203459,0.7185206582922858,0.05858407913284743
227,training,0.024230972,0.11924558877944949,0.057265954629428094,8.729990630789557,0.7216168017610395,0.04518699513045559
228,training,0.0073320623,0.12265722081065178,0.057265954629428094,8.750003747249165,0.7224860909614821,0.041399314490830987
229,training,0.0072841514,0.12440312467515471,0.057265954629428094,8.810096909873472,0.7246482496575636,0.030982397313080244
230,training,0.002113982,0.11858839541673663,0.057265954629428094,8.850025743516072,0.7257799246889106,0.025687471115148987
231,training,0.014730821,0.11810560524463654,0.057265954629428094,8.890217186346677,0.7267069162186466,0.020771412110699168
232,training,0.03697606,0.11607352178543806,0.06576359042946489,8.930065551525695,0.7274593787332834,0.016834964720493423
233,training,0.013389977,0.13116122549399734,0.06576359042946489,8.970109053422975,0.7280853791497056,0.014761202998500235
234,training,0.023106847,0.13756797835230827,0.06576359042946489,9.010138600999847,0.7286853521915118,0.016629458035996556
235,training,0.0072732083,0.14370264112949374,0.06576359042946489,9.049977933384147,0.7294239143400224,0.02055284505630785
236,training,0.012323331,0.14450274594128135,0.06576359042946489,9.090083258194543,0.7303441293305326,0.02588601385700588
237,training,0.02167575,0.14211779274046418,0.06576359042946489,9.129923235581849,0.7314714050688783,0.03073233102600883
238,training,0.007404982,0.1441016658209264,0.0797262443608923,9.16986642494064,0.7327708628583738,0.03406683699877513
239,training,0.029052451,0.11886570858769119,0.0797262443608923,9.189942918805237,0.7334628608617326,0.03485427863546098
240,training,0.016635977,0.15121785900555554,0.0797262443608923,9.22981886134314,0.7348743787930634,0.035799659038145464
241,training,0.0095877405,0.13926795090083033,0.0797262443608923,9.26975010894719,0.7363104229693143,0.035724411587525845
242,training,0.008738263,0.14073958178050813,0.0797262443608923,9.309893678452756,0.7377290269421967,0.035373850385997684
243,training,0.03401771,0.13793625868856907,0.0797262443608923,9.36966224017642,0.7398431177340014,0.03449636027870308
244,training,0.017444259,0.12694388441741467,0.08646752749827524,9.40983376612801,0.7411606107854598,0.031090979386977614
245,training,0.029649505,0.1299899471923709,0.08646752749827524,9.449649808088779,0.7423301655627078,0.027313031979321504
246,training,0.005852418,0.1307910867035389,0.08646752749827524,9.489717551864313,0.7433314925737042,0.02232927901172145
247,training,0.008305417,0.11300455406308174,0.08646752749827524,9.529793055870377,0.7440995793288181,0.01635855100455193
248,training,0.011880673,0.11470936983823776,0.08646752749827524,9.569703136564105,0.7446250184385377,0.009978839835259412
249,training,0.0038887947,0.12324078101664782,0.08454754666563237,9.609891685764092,0.7449137666902294,0.004683213083428549
250,training,0,0.044031616300344474,0.08454754666563237,9.649788905764726,0.745029102861901,0.0014396105509429816
251,training,0.008532258,0.12934778444468975,0.08454754666563237,9.689799650420552,0.7450318114197072,-0.001361331164100741
252,training,0,0.04305386682972311,0.08454754666563237,9.709901228077428,0.7449963596842892,-0.00189715756997443
253,training,0,0.04175654565915465,0.08454754666563237,9.749805913405542,0.7449112337357422,-0.0023618477478126346
254,training,0,0.04184954194352031,0.08454754666563237,9.789778474507415,0.7448145615775904,-0.002782768607247228
255,training,0,0.04295702604576945,0.048344694031948215,9.82992184951701,0.7446900194746301,-0.0031466045775359877
256,training,0,0.04076126730069518,0.048344694031948215,9.869743493229013,0.7445626813879263,-0.003636530959397429
257,training,0,0.04065969539806246,0.048344694031948215,9.909830734510425,0.744411371486779,-0.004179738330815286
258,training,0,0.04206286324188113,0.048344694031948215,9.949810078254318,0.7442332009656845,-0.004827447191303888
259,training,0,0.04273008136078715,0.048344694031948215,9.989731680568049,0.7440309597129612,-0.005513540062770478
260,training,0.008239386,0.05843426426872611,0.052197030330755075,10.069722598246075,0.7435519730758268,-0.00656440298481818
261,training,0.004724224,0.08831801079213619,0.052197030330755075,10.10975331302438,0.7433031078661643,-0.005976392366298174
262,training,0.018193675,0.0829728078097105,0.052197030330755075,10.16962583670585,0.7431127113908106,0.0015358451544984263
263,training,0.02145344,0.05312414327636361,0.052197030330755075,10.229687769872111,0.7434473340371983,0.009360619675288864
264,training,0,0.0009711794555187156,0.06378270384293244,10.249656814679426,0.7436486481748731,0.011038084015004654
265,training,0,0.005553223192691796,0.06378270384293244,10.269559177059623,0.743857107687935,0.009194671372531332
266,training,0,0.009497657418251038,0.06378270384293244,10.309598321816676,0.7440375340149535,-0.0004515828959616977
267,training,0,0.01414704695343972,0.06378270384293244,10.329731423924004,0.7439812027151864,-0.005081019984749499
268,training,0,0.013588290661573417,0.06378270384293244,10.369726267949233,0.7436154692379111,-0.012967634814949752
269,training,0,0.01339060440659523,0.06378270384293244,10.389682617644043,0.7433171959106873,-0.016772558017188945
270,training,0,0.03351286612451076,0.06378270384293244,10.429821038970656,0.7425013314666666,-0.023806074988047383
271,training,0,0.03969922661781311,0.06557235153237743,10.46979055348776,0.7414418955416178,-0.029262567286414628
272,training,0.0048812963,0.0503507386893034,0.06557235153237743,10.52978376543239,0.7394961884101791,-0.035318470982187364
273,training,0,0.013060703873634338,0.06557235153237743,10.549859620496372,0.7387652898171059,-0.03759136413290963
274,training,0,0.0070662833750247955,0.06557235153237743,10.58968320998212,0.7371248459918958,-0.04688384595383954
275,training,0,0.004706151783466339,0.06557235153237743,10.629746001771409,0.735020003673416,-0.05765424125825446
276,training,0,0.003637281246483326,0.06557235153237743,10.669739985164103,0.7325687921933591,-0.06425800869572124
277,training,0,0.02288979757577181,0.04509996345626073,10.709500791974719,0.7299067207941112,-0.06863604486411587
278,training,0,0.0105161820538342,0.04509996345626073,10.749518988048116,0.7271273829994309,-0.06957094330059582
279,training,0,0.009115379769355059,0.04509996345626073,10.789232794890056,0.7243904446293276,-0.06889308239607828
280,training,0,0.009826589841395617,0.04509996345626073,10.829124138296015,0.7216518131920726,-0.06848882398394164
281,training,0,0.013857459649443626,0.04509996345626073,10.869088153966993,0.7189328681563948,-0.0672603252481913
282,training,0,0.0037668892182409755,0.04509996345626073,10.908793160093495,0.7162613670308661,-0.0677172866055633
283,training,0,0.011443560011684895,0.02122324366058736,10.948789341154205,0.7135468412432601,-0.06781029633176942
284,training,0,0.0036332784220576286,0.02122324366058736,10.988566379842377,0.7108783401583583,-0.06714476673396572
285,training,0,0.006875679828226566,0.02122324366058736,11.028416137364088,0.7082082387861329,-0.06699244081559093
286,training,0,0.007390678860247135,0.02122324366058736,11.068419210687654,0.7055420861797652,-0.06573754672774007
287,training,0,0.038085234351456165,0.02122324366058736,11.108120159942143,0.702961601921345,-0.06485143905741245
288,training,0,0.005737922154366968,0.02122324366058736,11.148082504557147,0.7003875681523839,-0.06394091869231809
289,training,0,0.0018292437307536602,0.00612106550214659,11.187969705412282,0.6978778240509501,-0.062186553798562964
290,training,0,0.005240707192569971,0.00612106550214659,11.227748289456413,0.6954100178734384,-0.062155397089352644
291,training,0,0.013982214033603666,0.00612106550214659,11.267788548213996,0.6929231954058012,-0.061944931814671304
292,training,0,0.023583744652569297,0.00612106550214659,11.307538747041113,0.6904778260046517,-0.061986455944511555
293,training,0,0.03599363844841718,0.00612106550214659,11.347464994386874,0.6879868104158132,-0.06297269262782597
294,training,0,0.011809671297669412,0.00612106550214659,11.387453117262245,0.6854636772580587,-0.06284350896549867
295,training,0,0.017642215825617313,0.006359815486858769,11.427176726087193,0.682954377736155,-0.06346389363255603
296,training,0,0.01873352099210024,0.006359815486858769,11.467190644985008,0.6804219120941322,-0.06272893165355115
297,training,0,0.014896110631525513,0.006359815486858769,11.506972234363447,0.6779784153010585,-0.06072834672384745
298,training,0,0.02290437836199999,0.006359815486858769,11.546841396798298,0.6755917414208051,-0.05921198364579018
299,training,0,0.014794926159083843,0.006359815486858769,11.586867605107528,0.6732530544146628,-0.057249677099437325
300,training,0,0.01664425898343325,0.006359815486858769,11.626587944067637,0.6710145890003022,-0.05599468057215725
301,training,0,0.019200161099433906,0.01919360789479836,11.66657996463793,0.668808997914315,-0.053958276957078
302,training,0,0.012882957234978676,0.01919360789479836,11.706460310655478,0.6667306317724553,-0.05055555967871376
303,training,0,0.02337285224348306,0.01919360789479836,11.746288452086729,0.6647789558524292,-0.04775193643311689
304,training,0,0.01710518542677164,0.01919360789479836,11.786366266261727,0.6629192583397883,-0.04481003432726916
305,training,0,0.030752073042094707,0.01919360789479836,11.82614370019905,0.6611977566015347,-0.04289260013696229
306,training,0.015755223,0.09163995552808046,0.01919360789479836,11.886185935543699,0.6586301953084736,-0.043087410037418596
307,training,0.008395646,0.05520682409405708,0.02688606471613792,11.925991234055115,0.6568768219921726,-0.04610109661043099
308,training,0,0.021207770332694054,0.02688606471613792,11.965948546706212,0.6549614591145992,-0.05003512166669899
309,training,0,0.03817913867533207,0.02688606471613792,12.00598563289212,0.6529610355327041,-0.04813808722223299
310,training,0.0075625326,0.052053425926715136,0.02688606471613792,12.04573041388266,0.6511090575029341,-0.045484745386576174
311,training,0,0.0022350847721099854,0.02688606471613792,12.0857742349773,0.6493391090272174,-0.04282536949158017
312,training,0,0.02144264429807663,0.02688606471613792,12.105811895257974,0.6485119904447444,-0.038282422628079474
313,training,0.009641072,0.05145695433020592,0.03430835464960633,12.165474657717665,0.6467143532261648,-0.021948893939368726
314,training,0.0068078316,0.0512101501226425,0.03430835464960633,12.225445721679263,0.6458401468785728,-0.007731479640238602
315,training,0.035889417,0.051295590586960316,0.03430835464960633,12.285375975161896,0.6456057932945907,-0.0013032715404715913
316,training,0.0051474813,0.08339910581707954,0.03430835464960633,12.32539439293838,0.6455814198423447,-0.00035254007473037774
317,training,0.021040685,0.13449112325906754,0.03430835464960633,12.385378459040318,0.6453980442125146,-0.008268662825246622
318,training,0.021432934,0.13590768724679947,0.041723590946026574,12.425566091561912,0.6448238051722822,-0.021575198768142945
319,training,0.005264475,0.0810962338000536,0.041723590946026574,12.465476640062986,0.6436813551793515,-0.0345494028186616
320,training,0.02979972,0.06622921675443649,0.041723590946026574,12.525599589580766,0.6413414044542953,-0.03977431659832446
321,training,0,0.03596326708793639,0.041723590946026574,12.54536474668183,0.640568276457406,-0.0380175011990201
322,training,0,0.03207981213927269,0.041723590946026574,12.56526833421627,0.6398491105380696,-0.0339155694037798
323,training,0,0.045032206922769547,0.041723590946026574,12.585248670941377,0.6392222480977473,-0.028624189552074047
324,training,0,0.02465634047985077,0.05576620354864459,12.625332545825719,0.6382782930584517,-0.01801532087077307
325,training,0,0.01819182559847833,0.05576620354864459,12.645158476251618,0.6379769454798316,-0.012927092573046084
326,training,0,0.02452310547232628,0.05576620354864459,12.66505059287456,0.637774516100466,-0.007538391441522836
327,training,0,0.008155204355716712,0.05576620354864459,12.705074953324061,0.637703649305385,0.003941597827603239
328,training,0,0.011078540235757814,0.05576620354864459,12.744988887550882,0.6380544116701007,0.013967827114452361
329,training,0,0.009860582649707794,0.05576620354864459,12.784824462056662,0.638822857270858,0.02444229438542097
330,training,0,0.018176266923546784,0.05576620354864459,12.824929041131375,0.6399717265118857,0.03288222847990795
331,training,0,0.011145649477839477,0.05508199952799275,12.864673296404291,0.6414159737224314,0.03901684213127566
332,training,0,0.01744096726179123,0.05508199952799275,12.90464706699629,0.643077200508084,0.0440507422062696
333,training,0,0.020633392035961148,0.05508199952799275,12.9446338996167,0.6449184121984536,0.04784677671211931
334,training,0,0.03439150005578995,0.05508199952799275,12.984432299794133,0.6468850301815722,0.05003426775622755
335,training,0.004993446,0.05455433018505573,0.05508199952799275,13.044526508683232,0.6498304889012411,0.04612722011838477
336,training,0,0.041000260040163994,0.05508199952799275,13.064387491509219,0.6507298353275222,0.044075458194168
337,training,0,0.04590661637485027,0.04940743680101903,13.104358286887345,0.6524058544843321,0.039615262127095686
338,training,0.0046012597,0.05885421112179756,0.04940743680101903,13.164382247816427,0.654567807398574,0.0322802506190197
339,training,0.004649726,0.07254290953278542,0.04940743680101903,13.224447105611365,0.6562797965109488,0.02447957441557677
340,training,0.0015968868,0.10948372446000576,0.04940743680101903,13.284448162953042,0.6573721118950421,0.011187979452068496
341,training,0.018517867,0.07663152739405632,0.049116218348632085,13.324642218855208,0.6575505737833047,-0.004035261625029744
342,training,0,0.046588219702243805,0.049116218348632085,13.364774652586432,0.65705284727555,-0.020292101305661073
343,training,0,0.04881361499428749,0.049116218348632085,13.384706784478274,0.6565838148185368,-0.025781240176417513
344,training,0,0.04192797839641571,0.049116218348632085,13.40471076285733,0.6560296588535418,-0.029597061882339643
345,training,0,0.030026071704924107,0.049116218348632085,13.424778647221428,0.6554104432934689,-0.03211495104560831
346,training,0,0.02523848321288824,0.049116218348632085,13.464804070204165,0.6540636640953463,-0.03453133821216774
347,training,0,0.01891306415200235,0.04836045429862159,13.504656781239127,0.6527040647634045,-0.0332011797103094
348,training,0,0.04670849908143282,0.04836045429862159,13.544757583665158,0.6514286262162932,-0.029850932192620028
349,training,0.013085622,0.06477013975381851,0.04836045429862159,13.604555201691124,0.6497218651920572,-0.02927425961340208
350,training,0,0.041013824753463275,0.04836045429862159,13.624589649665877,0.6491283274438719,-0.03077490174745706
351,training,0.019854754,0.05381630989722908,0.04836045429862159,13.684538535420979,0.647159293952558,-0.03422376081451423
352,training,0,0.02120312675833702,0.04836045429862159,13.724479647681427,0.6457845498524486,-0.034087986490384636
353,training,0,0.014485381543636322,0.055717564185665674,13.764560894666037,0.6444872020746885,-0.029356447641416098
354,training,0,0.02227824181318283,0.055717564185665674,13.784395330801727,0.6439413637597563,-0.026416050580916502
355,training,0,0.019378390163183212,0.055717564185665674,13.824286687304822,0.6430125086096068,-0.02054872687623883
356,training,0,0.017298940569162362,0.055717564185665674,13.864406674705842,0.6422883376325013,-0.014748201513118288
357,training,0,0.025291785597801215,0.055717564185665674,13.904178117127904,0.6418186808426618,-0.00963523193138489
358,training,0,0.0072024110704660416,0.055717564185665674,13.944216868777325,0.6415182843727536,-0.005396049780392148
359,training,0,0.006968984380364418,0.05389198123297215,13.984200969867151,0.6413780121748266,-0.001478728567850261
360,training,0,0.004957100376486778,0.05389198123297215,14.024067215481056,0.6414032660612528,0.0025116675208489854
361,training,0,0.005993944592773914,0.05389198123297215,14.064194694465732,0.6415783947916444,0.006747806446645142
362,training,0,0.002279197797179222,0.05389198123297215,14.104024288813607,0.6419202611098082,0.010404461095007325
363,training,0,0.02002967055886984,0.05389198123297215,14.144015621204604,0.6423994030112081,0.012919441680347213
364,training,0.019303925,0.06402318645268679,0.05042418299766473,14.203992334095025,0.6431991173043446,0.013356524082175462
365,training,0.004866791,0.06353089213371277,0.05042418299766473,14.243977689320241,0.6437091341799678,0.011809483563750146
366,training,0.004875373,0.08824523352086544,0.05042418299766473,14.284139293837297,0.6441218094450033,0.009507580384838244
367,training,0.00069518585,0.05298323184251785,0.05042418299766473,14.32397694027368,0.6444215713928109,0.004504587719801532
368,training,0.026517406,0.05196164548397064,0.05042418299766473,14.36412877652437,0.6444728528904855,-0.002725358291095195
369,training,0.009255305,0.12311484664678574,0.041101027828769045,14.404155474819394,0.6442035403848829,-0.01059358978147696
370,training,0.0127418,0.08612297475337982,0.041101027828769045,14.46424334931913,0.6431321778047266,-0.02558961684716283
371,training,0.0066640615,0.08795800968073308,0.041101027828769045,14.504269320982859,0.6419582630316927,-0.03316144235761798
372,training,0,0.04897713288664818,0.041101027828769045,14.524182546336833,0.6412598856317852,-0.03645495044319667
373,training,0,0.047240544110536575,0.04620704855050263,14.564179701029747,0.6398654254509036,-0.031908047554311834
374,training,0.0057014776,0.0521765537559986,0.04620704855050263,14.604134961041757,0.6387482577075344,-0.023688837701723
375,training,0.0033982382,0.06342846527695656,0.04620704855050263,14.663978578581872,0.6376879270641738,-0.012215542065580438
376,training,0.010910423,0.08741780463606119,0.04620704855050263,14.704015231771049,0.6372759429304812,-0.00874129600707341
377,training,0.006375286,0.0945504792034626,0.04620704855050263,14.763913142115655,0.6367628333413089,-0.010413247996937056
378,training,0.009178452,0.1035187430679798,0.04620704855050263,14.804040709904486,0.6362503385249945,-0.014701692621246919
379,training,0.002872935,0.08158138347789645,0.056875264949302756,14.843913653281016,0.6355693013496148,-0.01966161146474747
380,training,0.015038447,0.08261050563305616,0.056875264949302756,14.884013675386434,0.634742670369831,-0.020711844033978934
381,training,0.004388864,0.05835600011050701,0.056875264949302756,14.963845013159865,0.6331782470356746,-0.018287800496939507
382,training,0,0.04929089546203613,0.056875264949302756,15.003971249143136,0.6324953153633904,-0.014329262934102298
383,training,0.0031246727,0.05720453895628451,0.056875264949302756,15.043722576416767,0.6320543964929402,-0.007833676481335426
384,training,0,0.042818594723939896,0.06536302404782178,15.063694644884228,0.6319341155289572,-0.004408490344169544
385,training,0,0.0449465848505497,0.06536302404782178,15.083744365507313,0.631873541363242,-0.0010896408999254662
386,training,0,0.049001481384038925,0.06536302404782178,15.123729450177931,0.6319485538410136,0.00497116155092543
387,training,0,0.04132620990276337,0.06536302404782178,15.143617819246982,0.6320762590981791,0.00762171049689116
388,training,0,0.04912751540541649,0.06536302404782178,15.16358267763974,0.6322549897656463,0.010000430921082718
389,training,0,0.04435855709016323,0.06536302404782178,15.203710106799393,0.6327244623985513,0.013559892434596314
390,training,0,0.046859856694936745,0.06536302404782178,15.243535611436927,0.633326079244219,0.016519724075780444
391,training,0.004473794,0.0624859221279621,0.06536302404782178,15.303615289279811,0.6343948489779028,0.01889060902662117
392,training,0.0030148444,0.07281252276152372,0.06913960574373623,15.343499294675128,0.6351608742784273,0.019530893385587306
393,training,0.0033207485,0.0805556159466505,0.06913960574373623,15.403582123614905,0.6362707647955385,0.01614776275131229
394,training,0.0032792147,0.06730883661657572,0.06913960574373623,15.443545573826317,0.63683923072534,0.012311363646425443
395,training,0,0.04116827994585037,0.06913960574373623,15.463493588172913,0.637062253348055,0.010227081176201042
396,training,0.0031848121,0.05192914418876171,0.06913960574373623,15.503585592635508,0.6374582705493345,0.010202484378161226
397,training,0.002775544,0.051571971736848354,0.07042783172466742,15.543540170127722,0.6379056785347851,0.012687496739887649
398,training,0.002458903,0.05471326690167189,0.07042783172466742,15.58343988901222,0.6384753927615997,0.01576549332252858
399,training,0.014534604,0.07490992546081543,0.07042783172466742,15.623601324132947,0.6391163355191697,0.015748539916146765
400,training,0.005533658,0.08059302903711796,0.07042783172466742,15.66341303787867,0.6397046520061769,0.012750222833547256
401,training,0.002958782,0.0539881878066808,0.07042783172466742,15.703475131801149,0.640139652774532,0.008901920215476176
402,training,0,0.03604055382311344,0.07042783172466742,15.723572465745443,0.6403112473763156,0.00906877019133992
403,training,0,0.04131118766963482,0.07042783172466742,15.763406213232628,0.6407326117189011,0.012412920604078705
404,training,0.0035053953,0.05073266942054034,0.06957012024677225,15.803399806678128,0.6413054605267714,0.01622040041387639
405,training,0,0.03220074623823166,0.06957012024677225,15.84344965005879,0.6420132680249795,0.01945786206574101
406,training,0,0.047509104013442986,0.06957012024677225,15.863328846476032,0.6424151092719387,0.02074876862970418
407,training,0,0.046294287545606494,0.06957012024677225,15.903295887500281,0.6432952629423051,0.022823831122537944
408,training,0,0.04260844993405044,0.06957012024677225,15.943415760826513,0.6442230568280001,0.023800120961413037
409,training,0,0.04420342552475631,0.06957012024677225,15.983208231189945,0.6451921691921478,0.02427997156295771
410,training,0,0.042968677124008536,0.0663719033141046,16.02330203226311,0.6461680092582107,0.024153761404710768
411,training,0,0.044603616697713726,0.0663719033141046,16.063230677746674,0.6471265066192482,0.024071644732135897
412,training,0,0.03993660560809076,0.0663719033141046,16.103156510885714,0.6480846940354178,0.023685165624732978
413,training,0,0.03885687771253288,0.0663719033141046,16.143312708780122,0.6490226127379648,0.023496644737598903
414,training,0,0.04461130942218005,0.0663719033141046,16.183106430699514,0.6499779327862932,0.024097598135031314
415,training,0,0.04233072302304208,0.0663719033141046,16.223148495054495,0.6509521815595407,0.024240095772097948
416,training,0,0.047583892941474915,0.06287459403331015,16.263156697049357,0.6519166313979727,0.024387592197338114
417,training,0,0.03819544310681521,0.06287459403331015,16.30303424732491,0.6528877882950115,0.023907858733160463
418,training,0,0.04073741543106735,0.06287459403331015,16.343175216746648,0.6538356799148225,0.023469344413281672
419,training,0,0.04036703589372337,0.06287459403331015,16.38302013030948,0.6547786274588185,0.02386485148141993
420,training,0,0.025937467580661178,0.06287459403331015,16.42300993099246,0.6557391589036639,0.023894481539824947
421,training,0,0.02439715317450464,0.06287459403331015,16.46310886324437,0.656689858999327,0.02400221492005408
422,training,0,0.026188122807070613,0.05870069517540292,16.502925325402696,0.6576530126848902,0.024004582389495557
423,training,0,0.02453904482536018,0.05870069517540292,16.543030244571703,0.6586144437467882,0.023764400905878818
424,training,0,0.03195434040389955,0.05870069517540292,16.582943492589433,0.6595603437460286,0.023917973980679803
425,training,0,0.023719331948086616,0.05870069517540292,16.6228801271938,0.6605182236517207,0.023746131351086813
426,training,0,0.024408041266724467,0.05870069517540292,16.66303618409917,0.6614588059726987,0.023703283540792066
427,training,0.01704403,0.05968798580579459,0.05870069517540292,16.72281518461191,0.662908174315926,0.024161597438153996
428,training,0.0029982422,0.052469081245362766,0.06080504664171923,16.782865516447064,0.6643704711569229,0.02489118032319357
429,training,0,0.04021715559065342,0.06080504664171923,16.80275992111785,0.6648773242144012,0.02612566551876509
430,training,0,0.03041982278227806,0.06080504664171923,16.842762033662574,0.665999435664955,0.030398069970216088
431,training,0,0.04238156974315644,0.06080504664171923,16.86283976894502,0.6666233771439376,0.03228117529328607
432,training,0,0.049396207788959146,0.06080504664171923,16.90262881759501,0.6679768341690138,0.035030386984109284
433,training,0,0.04483895003795623,0.06080504664171923,16.942611469342538,0.6694054741913968,0.03582366795233412
434,training,0,0.03852869034744799,0.055886222726159784,16.982681035827664,0.6708285881503695,0.035379136652333804
435,training,0,0.040331231663003564,0.055886222726159784,17.02250030501763,0.672236712560487,0.035074981913762626
436,training,0,0.02571545378305018,0.055886222726159784,17.06259854625095,0.6736429619163613,0.03501774701859379
437,training,0,0.017254801699891686,0.055886222726159784,17.10248519903888,0.6750426016905215,0.03532385695274175
438,training,0,0.023958372185006734,0.055886222726159784,17.142416478326197,0.6764637577299129,0.035608783828826936
439,training,0,0.0020431203301995993,0.055886222726159784,17.182554166712883,0.6778916329869793,0.0360550394221874
440,training,0,0.009864179650321603,0.03677161253237149,17.222320496195987,0.6793529200951841,0.03687647225637863
441,training,0,0.010058274725452065,0.03677161253237149,17.26236611069647,0.680844888857599,0.03744388764150077
442,training,0,0.0012811084743589163,0.03677161253237149,17.30232813428934,0.6823473926511927,0.03795359666604327
443,training,0,0.0029370298143476248,0.03677161253237149,17.342201318708995,0.6838756961358055,0.03843307884141322
444,training,0,0.00813443143852055,0.03677161253237149,17.382325201425108,0.6854244315432406,0.03894244930683478
445,training,0,0.0044112366158515215,0.03677161253237149,17.42212675350128,0.6869988486884239,0.03994793225860448
446,training,0,0.006527240155264735,0.019073563042824513,17.46211478404577,0.6886161828434516,0.04058099805572826
447,training,0,0.006305708782747387,0.019073563042824513,17.502148935864557,0.690242745026082,0.040923830490800985
448,training,0,0.006960849976167083,0.019073563042824513,17.541970677458544,0.6918845585702839,0.04110965906503284
449,training,0,0.02674125297926366,0.019073563042824513,17.582067433080937,0.6935339973419351,0.04102672629200597
450,training,0,0.022207885747775435,0.019073563042824513,17.621934173845844,0.6951736665998637,0.0414440446969303
451,training,0,0.023990276968106627,0.019073563042824513,17.6618651946341,0.6968472846221528,0.04203453125530615
452,training,0,0.027168875327333808,0.008307197936478355,17.701984976269966,0.6985348870107922,0.04242342617379343
453,training,0,0.02153114764951169,0.008307197936478355,17.741739858830403,0.7002500473366907,0.043371602444586925
454,training,0,0.023548362543806434,0.008307197936478355,17.781784107539945,0.7020062290665107,0.04408185926976056
455,training,0,0.028786169132217765,0.008307197936478355,17.82171367979592,0.7037751261610474,0.044656553414877634
456,training,0,0.039432663237676024,0.008307197936478355,17.861584363901354,0.7055772469663457,0.045504883278150485
457,training,0,0.04188562906347215,0.008307197936478355,17.901697923141672,0.7074156252753017,0.04619673562891768
458,training,0,0.03793524927459657,0.0073063187410931235,17.941472316160148,0.7092792956241246,0.047262333454277786
459,training,0,0.038686629151925445,0.0073063187410931235,17.981456903520982,0.7111932613052134,0.0481535496337616
460,training,0,0.03964942670427262,0.0073063187410931235,18.02145441601124,0.7131277552314756,0.048695872190384334
461,training,0,0.03824698715470732,0.0073063187410931235,18.06127248007233,0.7150847697086145,0.049196858765819494
462,training,0,0.04011329798959196,0.0073063187410931235,18.10135967749984,0.7170629817449468,0.04926053750038263
463,training,0,0.04907990037463606,0.0073063187410931235,18.141194460797198,0.7190277622302313,0.04931581076414202
464,training,0,0.03933411440812051,0.016154066747174352,18.181127308181136,0.7210029630416379,0.049136700728001234
465,training,0,0.044686853652819984,0.016154066747174352,18.221227120894042,0.722957179809599,0.048386664392759945
466,training,0.0029360687,0.05626047379337251,0.016154066747174352,18.260989602900963,0.7248893509650394,0.04833430729509248
467,training,0,0.023661987856030464,0.016154066747174352,18.301041584552397,0.7268267648222554,0.04804738070320709
468,training,0,0.03861014358699322,0.016154066747174352,18.34097646901586,0.7287115341540173,0.045471351693568404
469,training,0.003834133,0.05116501776501536,0.016154066747174352,18.40094412262642,0.731289700999843,0.04069486194630109
470,training,0,0.02365223690867424,0.026516846333833898,18.44094431673276,0.732852903027554,0.03754235465092017
471,training,0,0.03506956994533538,0.026516846333833898,18.460860479353133,0.7335731832388716,0.03461714405462602
472,training,0.004312435,0.08315794728696345,0.026516846333833898,18.52103028301012,0.7354003784865131,0.026879302489164283
473,training,0.0056895446,0.08957446739077567,0.026516846333833898,18.58085960343813,0.7368612680177133,0.021892410842480548
474,training,0.001803719,0.11416817270219326,0.026516846333833898,18.620994522300585,0.7377382338507797,0.022196276076241164
475,training,0.0043903086,0.13188767060637474,0.04361732829774959,18.660821608762504,0.7386749935847295,0.026293673167762776
476,training,0.0028635194,0.14020977914333344,0.04361732829774959,18.700742558642283,0.7398764355404304,0.03484551699144471
477,training,0.014623646,0.1939958855509758,0.04361732829774959,18.720797822435205,0.7406195957874878,0.040929816300267576
478,training,0.0019357641,0.1628856360912323,0.04361732829774959,18.76047777597913,0.7424687356540274,0.050477033388974225
479,training,0.0038510973,0.08741420623846352,0.04361732829774959,18.820427618519528,0.7456248074908242,0.05291564105589879
480,training,0.002980496,0.15231807716190818,0.04361732829774959,18.860301361864632,0.7477212638379674,0.05155817525878096
481,training,0.0032416228,0.1491447202861309,0.06583913711232013,18.90020777242985,0.7497133710492898,0.04763921427555887
482,training,0.008627896,0.08471707068383694,0.06583913711232013,18.940359395240584,0.7515506413564211,0.044129048808021876
483,training,0.0024718712,0.12048035534098743,0.06583913711232013,18.980153652073273,0.7532698480538494,0.042260217804081256
484,training,0.0044535506,0.1908403243869543,0.06583913711232013,19.020167151352698,0.7549791180769482,0.04400574595143693
485,training,0.0037794167,0.19357955083251,0.06583913711232013,19.040232914275645,0.755870236403739,0.04571245350050093
486,training,0.003132584,0.15348446741700175,0.06583913711232013,19.079979511706895,0.757785512193192,0.05042072870980161
487,training,0.0048144246,0.14611499849706888,0.06583913711232013,19.119932504162005,0.7598879509075398,0.05444328739622322
488,training,0.021862332,0.13205068523529917,0.08622157506684225,19.159911628627174,0.7621097776682076,0.05647864799561443
489,training,0.0030960748,0.1428867825306952,0.08622157506684225,19.19971049541071,0.7643659251878334,0.05629810692230792
490,training,0.015530062,0.13819982856512067,0.08622157506684225,19.239796282141405,0.7665927798426758,0.05441899008426183
491,training,0.0032892178,0.13855840917676687,0.08622157506684225,19.259799069179216,0.7676666023856719,0.052885343880536444
492,training,0.0053397636,0.12468385696411136,0.08622157506684225,19.299590130842038,0.7697214248052469,0.050067534850433866
493,training,0.003105341,0.126108355820179,0.08622157506684225,19.339673309806642,0.771681267202496,0.04782888575545921
494,training,0.009811976,0.20713683031499383,0.11765733580679595,19.39948114573973,0.774477785721276,0.045436687423524795
495,training,0.0021244772,0.17647279240190983,0.11765733580679595,19.43987005853279,0.775633107669657,0.005993048338132175
496,training,0.0037191915,0.2010118067264557,0.11765733580679595,19.48013314270808,0.7750540140552377,-0.03449796502484599
497,training,0.0049421513,0.13999878242611885,0.11765733580679595,19.52033869559477,0.7728486196218207,-0.07558325541441635
498,training,0.011833836,0.1411624290049076,0.11765733580679595,19.560451545019163,0.7692457616785526,-0.1012085513166131
499,training,0.0034848945,0.12475259974598885,0.11296768842256649,19.600209869218272,0.7648119223263607,-0.12164914087518491
500,training,0,0.03007490001618862,0.11296768842256649,19.640008947550292,0.759594956367129,-0.1375534473284451
501,training,0.012052517,0.05210098437964916,0.11296768842256649,19.679689078351263,0.7540528636786491,-0.1386165748395859
502,training,0.0028451516,0.07195111736655235,0.11296768842256649,19.719255914489857,0.7484575504060303,-0.14445916567042036
503,training,0.0038994695,0.05596703104674816,0.11296768842256649,19.778643127534863,0.7395706504774866,-0.15154698886157245
504,training,0,0.025710130110383034,0.07661169230186876,19.798382322286386,0.7365406057332498,-0.1536139892210788
505,training,0,0.018156937789171934,0.07661169230186876,19.837854768629178,0.7303421256809101,-0.1575855301741678
506,training,0,0.005710048601031303,0.07661169230186876,19.857602225472526,0.7272017865516057,-0.15816821313646473
507,training,0,0.027357626822777096,0.07661169230186876,19.897091039878788,0.7209086856746714,-0.15812659862063239
508,training,0,0.02568952739238739,0.07661169230186876,19.93648584824403,0.7146280491861268,-0.15682438773762458
509,training,0,0.026421932619996365,0.07661169230186876,19.975947637410663,0.708505547724839,-0.15055679165620722
510,training,0,0.01608058996498585,0.07661169230186876,20.015373036253465,0.7026568596824745,-0.1453986400966799
511,training,0,0.010171172674745321,0.03430636912025874,20.054972869601617,0.6968881385527239,-0.14653594649155421
512,training,0,0.031982325948774815,0.03430636912025874,20.09451353597033,0.6910229064706468,-0.1467094361101818
513,training,0,0.04888803232461214,0.03430636912025874,20.133943693178253,0.6852212374879644,-0.14523308214985017
514,training,0,0.03692318079993129,0.03430636912025874,20.173540034328788,0.6795280308617098,-0.13919894289304052
515,training,0,0.04613810405135155,0.03430636912025874,20.213004763479514,0.674167227527622,-0.13244824239247716
516,training,0,0.03154809447005391,0.03430636912025874,20.252638206715712,0.6689998783937254,-0.1265687328061673
517,training,0,0.048478029668331146,0.003392460397398632,20.292272883572924,0.6641253301594107,-0.11794819793967942
518,training,0.0074565858,0.06301230192184448,0.003392460397398632,20.351667810379446,0.6574287396928055,-0.1062196899996179
519,training,0.011118255,0.07327629067003727,0.003392460397398632,20.411182066976345,0.651601881140625,-0.08924245099051963
520,training,0.01683913,0.09496131166815758,0.003392460397398632,20.450932536677783,0.6482735404838925,-0.07762831377073127
521,training,0.008167114,0.10654624551534653,0.003392460397398632,20.49083934844003,0.6454097171010028,-0.06519601532725257
522,training,0.007183655,0.12605687603354454,0.007007988463792982,20.530477630390262,0.6430760938279864,-0.05204297872406427
523,training,0.005031046,0.18389925360679626,0.007007988463792982,20.590430362684298,0.6406961264900412,-0.025912445360505944
524,training,0.0019463594,0.13217173516750336,0.007007988463792982,20.630060079760906,0.6400593642885877,-0.0067977038150728655
525,training,0.0024665196,0.09024940058588983,0.007007988463792982,20.67003060682722,0.6401127881135493,0.007698507220318
526,training,0.0056381323,0.08628470450639725,0.007007988463792982,20.710007025336438,0.6403648196422504,0.004520798799198266
527,training,0,0.03572693467140198,0.007007988463792982,20.729939568800734,0.6404159520724197,0.0004071233639532381
528,training,0,0.03800730407238008,0.03685721774652642,20.74994817228313,0.6403818768114414,-0.004054166357776636
529,training,0,0.04397414997220041,0.03685721774652642,20.790149592962276,0.6400582034089781,-0.011377341816131219
530,training,0.006011376,0.05586986057460308,0.03685721774652642,20.830031945947017,0.6395241663747004,-0.015704391646675524
531,training,0,0.006576117128133774,0.03685721774652642,20.87007490257411,0.6387827959469996,-0.02187394929073278
532,training,0,0.012655347585678094,0.03685721774652642,20.89018687520188,0.6383020547768915,-0.02582629086556224
533,training,0.001797233,0.060941752046346664,0.03685721774652642,20.950088072219437,0.636408725259434,-0.03848734144501023
534,training,0,0.017386870458722115,0.055617741601101375,20.970125437781533,0.6356014624695272,-0.0421832878352226
535,training,0,0.008463149890303612,0.055617741601101375,21.01021145281055,0.6337941165213694,-0.04740305101585307
536,training,0,0.01610429398715496,0.055617741601101375,21.04997797842541,0.631805776176048,-0.0526607768060596
537,training,0,0.0029372163116931915,0.055617741601101375,21.09002747717486,0.6296099752476704,-0.056709757741256445
538,training,0,0.0370780136436224,0.055617741601101375,21.129866908350234,0.6272882872188918,-0.06133050994592723
539,training,0,0.039864230901002884,0.055617741601101375,21.169764150816007,0.6246820758261781,-0.07058586120514979
540,training,0,0.019403059035539627,0.045162642014289746,21.209811993039562,0.6216349233080353,-0.08132639850000845
541,training,0,0.005683741066604853,0.045162642014289746,21.249413331839794,0.6182279989653418,-0.08948600509937704
542,training,0,0.0066054631024599075,0.045162642014289746,21.28929189036793,0.6145948310514708,-0.09099084871264046
543,training,0,0.010137734934687614,0.045162642014289746,21.329104693907396,0.6110276152390767,-0.0873279827194222
544,training,0,0.008261528797447683,0.045162642014289746,21.368755744616763,0.6076196676261602,-0.08383914879477669
545,training,0,0.0071663623675704,0.045162642014289746,21.40869000225178,0.6043578367522081,-0.07910989714352835
546,training,0,0.01176143996417522,0.03329271695452428,21.448363161692374,0.6013258847438508,-0.07486384255260502
547,training,0,0.00913777761161327,0.03329271695452428,21.488231417888898,0.5983941010373194,-0.0723938618719404
548,training,0,0.014703985303640362,0.03329271695452428,21.52815658484276,0.5955510470805746,-0.06972575961606636
549,training,0,0.0021343035623431206,0.03329271695452428,21.567849973857253,0.5928056140646186,-0.06895582980309117
550,training,0,0.0025912113487720455,0.03329271695452428,21.60783353580036,0.5900755926402864,-0.06693685053730496
551,training,0,0.006350519135594368,0.03329271695452428,21.64759633811428,0.5874989491111262,-0.06342872156064452
552,training,0,0.005166286602616314,0.016445848194518164,21.687442439113955,0.5850353284389607,-0.060100252679103704
553,training,0,0.014207256957888603,0.016445848194518164,21.727448637089275,0.5827187858145624,-0.05452299565865704
554,training,0,0.02148164063692093,0.016445848194518164,21.767138152553045,0.5806903876025219,-0.04810266168130292
555,training,0,0.028609432280063636,0.016445848194518164,21.80711406752055,0.5789009288743343,-0.04102877245225798
556,training,0,0.035008639097213745,0.016445848194518164,21.847015748153833,0.5774197417915586,-0.033888237709113214
557,training,0,0.042119357734918594,0.016445848194518164,21.886846521877953,0.576186311591118,-0.02845440448854688
558,training,0.010841739,0.06217776983976364,0.010333367135258531,21.94686715930133,0.5747094548448011,-0.02084715506038066
559,training,0.0029001394,0.0597707349807024,0.010333367135258531,21.986691054530795,0.5739688858311597,-0.016753012085751442
560,training,0.008455174,0.0516244200989604,0.010333367135258531,22.026799043472288,0.5733716211049271,-0.012783732933570898
561,training,0,0.04870975948870181,0.010333367135258531,22.066664006769148,0.5729383187714132,-0.010037491453068781
562,training,0.026138041,0.0690152496099472,0.010333367135258531,22.146740030969685,0.5723269113570381,-0.0049468640582369635
563,training,0.003458845,0.06812916789203882,0.012896092671470637,22.16661158109619,0.5722426208553155,-0.004148727492301322
564,training,0.0028943254,0.08216201514005661,0.012896092671470637,22.206558024020683,0.5721095526327397,-0.0029255892510274533
565,training,0.0024065536,0.06286847218871118,0.012896092671470637,22.266595898704892,0.571924869633742,-0.0038677511654957816
566,training,0,0.01398397609591484,0.012896092671470637,22.28652615200694,0.5718415329680158,-0.00447945292362347
567,training,0,0.013970762491226196,0.012896092671470637,22.306518578905695,0.5717660814642042,-0.0028339530694567465
568,training,0,0.009295545518398285,0.012896092671470637,22.34663366510705,0.5718185515531705,0.00697287717309663
569,training,0,0.014013130217790604,0.012896092671470637,22.366497677153994,0.5720137690239806,0.012483534184354154
570,training,0,0.027848392724990845,0.02292686336961816,22.406295899988553,0.5727563103170269,0.02488594191038143
571,training,0,0.037014301866292953,0.02292686336961816,22.446364501433393,0.5739986843026783,0.038149137129826705
572,training,0,0.04389800038188696,0.02292686336961816,22.486089268245692,0.575766261033999,0.050752014008786844
573,training,0,0.037360780872404575,0.02292686336961816,22.52596322287427,0.578031508752503,0.062182463121086204
574,training,0,0.04571591131389141,0.02292686336961816,22.565935171413418,0.5806853399613497,0.06980170267796552
575,training,0,0.04623664915561675,0.02292686336961816,22.605609701120443,0.5835861964632553,0.07512293501754573
576,training,0,0.036905620247125626,0.036482146103734354,22.645587311505952,0.5866574589263925,0.07787738982884977
577,training,0,0.0407295860350132,0.036482146103734354,22.685341617726454,0.5897944366891513,0.07934448747438455
578,training,0.0017525298,0.05495691485702992,0.036482146103734354,22.74516136522589,0.5946372564666094,0.08205535293176157
579,training,0.0073758606,0.07417406141757965,0.036482146103734354,22.784900486273095,0.5979606802472601,0.08503088779323371
580,training,0,0.0418317262083292,0.036482146103734354,22.824656064213972,0.6014328783888725,0.08900850158546647
581,training,0,0.03896113671362401,0.036482146103734354,22.84464660961607,0.6032172782831228,0.08851618920812238
582,training,0,0.0492038894444704,0.035132921020419046,22.884462879910245,0.606694282385733,0.08554332300142826
583,training,0.007024772,0.05890895938500762,0.035132921020419046,22.944234484980303,0.6117390047991916,0.0830289265640672
584,training,0.003655909,0.06854317290708423,0.035132921020419046,22.98411121727044,0.6150219049076866,0.081152495898921
585,training,0.0019394748,0.08058004826307297,0.035132921020419046,23.023846953820108,0.6182612724569765,0.08198679018705732
586,training,0.00349404,0.09699884615838528,0.035132921020419046,23.06381534316031,0.6216027038129611,0.0856830917173145
587,training,0,0.04029521346092224,0.035132921020419046,23.10343693019105,0.6250958377452691,0.0893022921080456
588,training,0.003851965,0.0502263344824314,0.018978420730657596,23.143298515230427,0.6286227734695999,0.08561452856746055
589,training,0,0.04820690676569939,0.018978420730657596,23.183322912149343,0.6319262171520307,0.07794306658489301
590,training,0.0045398287,0.05792529508471489,0.018978420730657596,23.24306124649,0.636262680264472,0.06709329947684116
591,training,0.0034972713,0.11880340799689294,0.018978420730657596,23.302979041009706,0.6400875434040858,0.062083651353571336
592,training,0.00812355,0.15336668491363525,0.018978420730657596,23.34278626999944,0.6426667056283151,0.06959882840159527
593,training,0.0040278146,0.12223900109529495,0.0019609428125494377,23.382744938601263,0.6456714504347826,0.08196614693384992
594,training,0.00061782147,0.09545824117958547,0.0019609428125494377,23.40243179501109,0.6473585168115222,0.08779543625429369
595,training,0.004553606,0.07963208295404911,0.0019609428125494377,23.44215988482285,0.6509313127966233,0.08902623277685995
596,training,0.0028242497,0.06803935393691063,0.0019609428125494377,23.46216807250254,0.6526931293111025,0.08616635737441704
597,training,0.001301665,0.07352310046553612,0.0019609428125494377,23.502061491597225,0.6559907379889446,0.0786255998056725
598,training,0.010035079,0.0746585987508297,0.0019609428125494377,23.541877980672016,0.6589903545632662,0.0717056819812594
599,training,0.01363338,0.12774726375937462,0.0019609428125494377,23.581967536441276,0.6617701674485842,0.06674848632472685
600,training,0.0016774565,0.09931918419897555,0.017961908097971734,23.6018700344945,0.6630831917763119,0.06497652917932376
601,training,0.011504879,0.10758453095331787,0.017961908097971734,23.641666109640298,0.6656264373896684,0.06302545287567256
602,training,0.018080099,0.1687296759337187,0.017961908097971734,23.681709791580523,0.6681653999539868,0.06463288019768268
603,training,0.0122419195,0.17748314794152975,0.017961908097971734,23.721461389907414,0.6708103555173949,0.06850831380259724
604,training,0.0074374108,0.17620174284093082,0.017961908097971734,23.781338029312867,0.6751127810221058,0.0742999317806762
605,training,0.00370625,0.16316734766587612,0.017961908097971734,23.821102391715204,0.6781238852776748,0.07671360851507229
606,training,0.009353829,0.16410981211811304,0.02663524846054937,23.860932078028767,0.6812091363215553,0.07742022255267689
607,training,0.008228991,0.17021025065332648,0.02663524846054937,23.900963820894,0.6842821626589405,0.07537673559167563
608,training,0.0040066154,0.15711335651576516,0.02663524846054937,23.920756678814353,0.6857714408363884,0.07399775541021564
609,training,0.001641544,0.15553463622927666,0.02663524846054937,23.96059708658149,0.6886550056975701,0.07030858442494546
610,training,0.005637926,0.06303296238183975,0.02663524846054937,24.040437116834873,0.6939844700093152,0.06318550461842418
611,training,0.00092170294,0.05183178931474686,0.024410831818958027,24.080434577158126,0.6964451012622842,0.059400283856448376
612,training,0,0.045066896826028824,0.024410831818958027,24.10051695539303,0.6976112152524082,0.056777615011282166
613,training,0,0.04167485609650612,0.024410831818958027,24.12042519638611,0.6987180369917403,0.05411463813391883
614,training,0,0.04217914119362831,0.024410831818958027,24.16028860557005,0.7007602055765186,0.04827692853521559
615,training,0,0.03428487479686737,0.024410831818958027,24.200437082198516,0.7025899074574351,0.042838673853582344
616,training,0,0.04271302372217178,0.024410831818958027,24.24029246692853,0.7041921028595367,0.03734161842609586
617,training,0,0.03978607803583145,0.024410831818958027,24.280302741664197,0.7055641904711671,0.031024017595030734
618,training,0,0.045851338654756546,0.0309305954972341,24.320446168496005,0.7066734398207136,0.0251814927644638
619,training,0,0.04544179514050482,0.0309305954972341,24.36030632731822,0.7075575945140004,0.019336789993000796
620,training,0,0.041378626599907875,0.0309305954972341,24.400447934630428,0.7082353388829833,0.014495918873830477
621,training,0,0.03812340460717678,0.0309305954972341,24.440411485867454,0.7087384208169193,0.010896731575565437
622,training,0,0.04637559875845909,0.0309305954972341,24.480375685325384,0.7090943771493534,0.006924692356580841
623,training,0.0021349604,0.05573278455995023,0.02409279158601533,24.540458901710714,0.7093843609942515,0.003494798554934033
624,training,0.021314876,0.06510015949606895,0.02409279158601533,24.58038504591851,0.7095034932924115,0.002799095842360325
625,training,0.0023434956,0.09706627577543259,0.02409279158601533,24.620526062346276,0.7096373401742476,0.004626229000823899
626,training,0.0038366984,0.05984081234782934,0.02409279158601533,24.660242520268984,0.7099350572819253,0.011418509592238071
627,training,0.0010727624,0.05325712077319622,0.02409279158601533,24.72030206939003,0.7109901288830651,0.023989649438774092
628,training,0,0.047642048448324203,0.02542596667592525,24.740226653044008,0.7115055114461439,0.027718813763415024
629,training,0,0.008045865222811699,0.02542596667592525,24.780027635596117,0.7127472653648593,0.03432337287031028
630,training,0,0.019371567759662867,0.02542596667592525,24.800041533157174,0.7134627233424597,0.037492327350598494
631,training,0,0.014661906752735376,0.02542596667592525,24.840076851701227,0.7150765302944421,0.04370023561201294
632,training,0,0.025544097647070885,0.02542596667592525,24.87983386552,0.7169250244154026,0.048701925610832704
633,training,0,0.02866202034056186,0.02542596667592525,24.919880725597945,0.7189606146346608,0.053138077050710705
634,training,0.004381283,0.06744259037077427,0.02542596667592525,24.97958665391362,0.7223257478552787,0.059364286212062405
635,training,0.005060115,0.1176159349270165,0.038920816415089945,25.019589474690886,0.7247749817037317,0.06296141587149814
636,training,0.008871062,0.1338811847381294,0.038920816415089945,25.059459404346324,0.7273325953611799,0.06489967104888318
637,training,0.0023065116,0.10459616873413324,0.038920816415089945,25.099288877315338,0.7299621544284286,0.0669718111704192
638,training,0.0012612471,0.10794078838080168,0.038920816415089945,25.139335669674377,0.7326961156454396,0.06973277451719406
639,training,0.015741322,0.1429960262030363,0.038920816415089945,25.17901450036184,0.7355430884396483,0.07339827309989531
640,training,0.004537671,0.192947244271636,0.038920816415089945,25.21892594499215,0.7385521307521683,0.07706605123485918
641,training,0.0070366124,0.23438995331525803,0.05234146442959648,25.258788323748437,0.7416947278252396,0.08041701968089941
642,training,0.00214945,0.22212021891027686,0.05234146442959648,25.298495229029193,0.7449756221554142,0.0839471143409427
643,training,0.005490536,0.23463782109320164,0.05234146442959648,25.318462084019842,0.7466691308107747,0.0850827011823625
644,training,0.007422957,0.27914798539131885,0.05234146442959648,25.35837964702961,0.7500938057543857,0.08564197001010214
645,training,0.0073601333,0.2892897138372064,0.05234146442959648,25.418015897270394,0.7552472953918513,0.0853729460119248
646,training,0.010445069,0.3037341870367527,0.05234146442959648,25.458000538480327,0.7586150541745168,0.08234301121908243
647,training,0.004160556,0.31053445115685463,0.048990484894141685,25.477810033266476,0.7602517897707357,0.08187161210503884
648,training,0.0047246064,0.32140475930646056,0.048990484894141685,25.51764380215403,0.7635086722304228,0.08096207937494995
649,training,0.008569299,0.32267872244119644,0.048990484894141685,25.55765462301594,0.7667272896005365,0.07944746662908884
650,training,0.002841516,0.31644961901474744,0.048990484894141685,25.597326172004163,0.7698898695844036,0.07939698069958644
651,training,0.003115836,0.31717953458428383,0.048990484894141685,25.65726901205076,0.774708129041296,0.08154782143751849
652,training,0.005349246,0.32211021520197386,0.048990484894141685,25.696915771489426,0.7780279579299267,0.08548813899332493
653,training,0.004785474,0.3184925280511379,0.03805482136488495,25.736788774534983,0.7815372773474493,0.09022004140512602
654,training,0.0106651755,0.3062051571905613,0.03805482136488495,25.776588267297445,0.7852165367865369,0.09411701422608981
655,training,0.018116284,0.2772584594786167,0.03805482136488495,25.79637632430326,0.7871160596461416,0.09698777424739854
656,training,0.011131041,0.31672195345163345,0.03805482136488495,25.856104954020516,0.7932161010416356,0.1071526076342782
657,training,0.0032048582,0.30951188504695887,0.03805482136488495,25.895619070668715,0.7976667761968856,0.11772960063102207
658,training,0.0035167048,0.29248107224702835,0.03805482136488495,25.915379731592235,0.8000727550859575,0.12463023201864648
659,training,0.0014034323,0.2928977087140084,0.14308340795740862,25.95503291166088,0.8053251449098646,0.13904502773661592
660,training,0.012860443,0.29059283435344696,0.14308340795740862,25.99501928962926,0.8112768898876934,0.1643520328598297
661,training,0.004370006,0.5937499403953552,0.14308340795740862,26.052806401144057,0.8240973538151517,0.27429401552854477
662,training,0.0051796166,0.6417233906686306,0.14308340795740862,26.08957392619441,0.8367592984935638,0.39909949252244314
663,training,0.0069656866,0.6845996379852295,0.21801663102099836,26.10726022932563,0.8449296464144341,0.4673720520760783
664,training,0.012819837,0.512112483382225,0.21801663102099836,26.140777795795685,0.8648328821384895,0.607595941397358
665,training,0.010505118,0.4971717596054077,0.238739477140347,26.184533515946068,0.9029419658533908,0.8227987689994216
666,training,0.007722506,0.4730002284049988,0.238739477140347,26.209029071725606,0.9330273917182113,0.9514150301220634
667,training,0.0019812332,0.45581045653671026,0.2368888219937105,26.229809147253953,0.9660520076826452,1.0642688203042137
668,training,0.0036752708,0.4536114726215601,0.2368888219937105,26.247193382398642,1.0013012030879025,1.1584701931511179
669,training,0.011479119,0.3756978325545788,0.21520714253410972,26.26126260071648,1.0376892644290057,1.244598868711629
670,training,0.010564438,0.41078957542777056,0.21520714253410972,26.272424218596658,1.0753531920330939,1.316683053802237
671,training,0.0066442215,0.3867936246097088,0.21520714253410972,26.281014251793593,1.1138179916098334,1.3866742007805208
672,training,0.0018703224,0.30918510258197784,0.17552417962602884,26.284311179241865,1.13334603497211,1.4207894064567792
673,training,0.02208648,0.2186633492819965,0.17552417962602884,26.288941639475468,1.172426983541335,1.48099759355195
674,training,0.012223723,0.1527867531403899,0.17552417962602884,26.292201481616004,1.23181495465204,1.548501741675335
675,training,0.010931414,0.08024250157177448,0.17552417962602884,26.292425862354285,1.2715221579775582,1.5789198160701134
676,training,0.0126682855,0.15329927578568459,0.17552417962602884,26.291601455510072,1.311281140139816,1.6027628209829499
677,training,0,0.009471409022808075,0.10744137956390666,26.289768208612543,1.3505328488859796,1.6343391490955366
678,training,0.046125345,0.08319951966404915,0.10744137956390666,26.288395855053643,1.3704041499563389,1.6427948885972814
679,training,0,0.006564415991306305,0.10744137956390666,26.28524212672695,1.4100616666955095,1.6607894845673394
680,training,0,0.01593130826950072,0.10744137956390666,26.281210642999312,1.449590924867905,1.6815391685799796
681,training,0,0.04109407216310501,0.10744137956390666,26.276467064677938,1.489254233796828,1.697897764887326
682,training,0.02652709,0.05005355179309845,0.10744137956390666,26.268263576495094,1.5483981666090794,1.7162048108548553
683,training,0.0063413074,0.1567392535507679,0.05034366037347087,26.25923297531295,1.6076781257570192,1.7277551503565063
684,training,0.0036794113,0.13556212186813354,0.05034366037347087,26.252967128501496,1.6471420884575403,1.7267715867106053
685,training,0.0148377335,0.07286321744322777,0.05034366037347087,26.246825062633672,1.6867830213311932,1.721094765478444
686,training,0.0034740237,0.1128629557788372,0.05034366037347087,26.238121219370722,1.7460502197832977,1.7107454594891478
687,training,0.030406674,0.12840536236763,0.05034366037347087,26.23272897830558,1.7858149555294964,1.6997604234666892
688,training,0.008004472,0.14649930410087109,0.02534638427270679,26.227724574503924,1.8254703022533358,1.6943162359562856
689,training,0.004851035,0.07529295422136784,0.02534638427270679,26.22273640620566,1.8648764893591498,1.7055031360585875
690,training,0,0.011364936828613281,0.02534638427270679,26.219957110521673,1.8846753024066532,1.7134287631584844
691,training,0,0.017494462430477142,0.02534638427270679,26.217085004082282,1.9044314819572377,1.717330013569587
692,training,0,0.009722953662276268,0.02534638427270679,26.211191244556506,1.94380239480245,1.7200994313626217
693,training,0,0.005636461079120636,0.02534638427270679,26.205212547397807,1.983353563805689,1.7214533989153662
694,training,0,0.03179976681713015,0.02534638427270679,26.202197406870784,2.0031670508781367,1.7221412619533591
695,training,0,0.021052784868516028,0.008496120650207157,26.19613262971045,2.042556965108555,1.7236018886532303
696,training,0,0.014111833181232214,0.008496120650207157,26.190056132801587,2.0820799119203115,1.7229229663428218
697,training,0,0.04298733919858932,0.008496120650207157,26.1839762669881,2.121619900128089,1.7247027202171896
698,training,0,0.029724398627877235,0.008496120650207157,26.177813925592236,2.161001229284116,1.7270145707234288
699,training,0.0039301566,0.0550120249390602,0.008496120650207157,26.168313820691516,2.2202447851881564,1.7341971538087984
700,training,0,0.0068050771951675415,0.008496120650207157,26.16502799543049,2.2398664557483046,1.738506286575943
701,training,0,0.0044496506452560425,0.03050694808821884,26.158186704611012,2.279129174596206,1.7493654891941166
702,training,0,0.004616059362888336,0.03050694808821884,26.15079543005339,2.3184670820737874,1.765047081818938
703,training,0,0.028362464159727097,0.03050694808821884,26.142807747438024,2.357362694017105,1.7806887611256184
704,training,0,0.012305408716201782,0.03050694808821884,26.134217444057388,2.3963903660918686,1.7937236113229142
705,training,0,0.0057427361607551575,0.03050694808821884,26.125139097311195,2.4352721413906693,1.8098759056161138
706,training,0,0.02637612074613572,0.03050694808821884,26.115402646141668,2.473801086560402,1.8259281155495755
707,training,0.005772705,0.06051986292004585,0.01392691089906289,26.099700058609116,2.531712712812828,1.8449472327024379
708,training,0.0015297529,0.07014274597167969,0.01392691089906289,26.088672390784364,2.56987888411489,1.8592297990548605
709,training,0.0056368085,0.09842818882316351,0.01392691089906289,26.07075817478206,2.6270525207566764,1.8915144813801332
710,training,0.0034682194,0.08308359235525131,0.01392691089906289,26.057813078174348,2.6644960478212947,1.9152894913831904
711,training,0.0110773,0.05408439040184021,0.01392691089906289,26.043962926285303,2.7019676831220663,1.9325235680408703
712,training,0,0.02992212679237127,0.04537843383652929,26.036851743505036,2.7206122546521927,1.9368494508421776
713,training,0.0048647807,0.06361746694892645,0.04537843383652929,26.01531151559945,2.776364099114622,1.940268196456949
714,training,0.0195578,0.06383127253502607,0.04537843383652929,26.0008522930529,2.81369162854261,1.93965379062374
715,training,0.029851954,0.08006579056382179,0.04537843383652929,25.986445293959328,2.8508107895030155,1.9435679030748176
716,training,0,0.04478416033089161,0.04537843383652929,25.979149413740192,2.8693908012230223,1.9467112284471424
717,training,0.013781516,0.05803714692592621,0.04537843383652929,25.956827860803863,2.925039001543076,1.9564749228682752
718,training,0.018153494,0.07660382147878408,0.06404830468190331,25.93398789233592,2.980320905503349,1.968749670664772
719,training,0.0033865327,0.10066480096429586,0.06404830468190331,25.91837350935713,3.016977764039207,1.9786301921622063
720,training,0.008871161,0.14338157325983047,0.06404830468190331,25.902279369961512,3.053421341750063,1.996022600432154
721,training,0.008929122,0.10384062305092812,0.06404830468190331,25.885478071194942,3.0895087629166844,2.016719347571779
722,training,0.033777192,0.06711762584745884,0.06404830468190331,25.867993870764483,3.1254178935538097,2.029157163293546
723,training,0.0058177263,0.0933556854724884,0.06404830468190331,25.85014979770603,3.1610460711971644,2.0402937132006636
724,training,0.0056753308,0.0812777909450233,0.07049421331114537,25.83196976864478,3.196482895253271,2.0503410947981946
725,training,0.0016094455,0.13366125524044037,0.07049421331114537,25.813296126389076,3.2317699258137687,2.065741833035072
726,training,0.03220961,0.16497603058815002,0.07049421331114537,25.794079265071243,3.2665524644945636,2.0851681739119754
727,training,0.0055985833,0.19827834516763687,0.07049421331114537,25.784204803970688,3.283793691752536,2.097066848788842
728,training,0.0050522042,0.11539946496486664,0.07049421331114537,25.75329336583155,3.3350768610836545,2.1283678728317486
729,training,0.008077037,0.12135265767574309,0.07049421331114537,25.721185616495884,3.385466621314443,2.1445406393447066
730,training,0.0053112796,0.14619875699281693,0.09470610781278596,25.699300414399197,3.4189956567275304,2.1556870205401655
731,training,0.0017497116,0.1662430465221405,0.09470610781278596,25.654371015401775,3.484839700704555,2.1854380224493184
732,training,0.0050677927,0.23551581054925919,0.09470610781278596,25.631101396304437,3.517138067245354,2.2060986201369666
733,training,0.0059189685,0.28894178569316864,0.09470610781278596,25.619245207353543,3.533019765598568,2.2182535719852097
734,training,0.0035221868,0.2419841215014458,0.09470610781278596,25.594797823508195,3.5645304412938215,2.242675466304873
735,training,0.02188435,0.2140267454087734,0.09470610781278596,25.569669186098274,3.5955127787114716,2.260508997717787
736,training,0.007524962,0.15778175462037325,0.1475930243755977,25.544202792347466,3.6261064757102712,2.266267639792393
737,training,0.0060549835,0.12652686424553397,0.1475930243755977,25.518584029557022,3.6572809342401817,2.242949143315923
738,training,0.0050976044,0.1798599734902382,0.1475930243755977,25.494172756442016,3.689023209935432,2.2112095363020123
739,training,0.0055361525,0.15246164426207542,0.1475930243755977,25.470594181230847,3.7216532235727593,2.181192745460937
740,training,0.006348063,0.1532396823167801,0.1475930243755977,25.447984997223696,3.75494094195289,2.1561880073234
741,training,0.0078889225,0.234768345952034,0.1475930243755977,25.41546143142561,3.8053930746739657,2.1332492941480425
742,training,0.011950225,0.16487631294876337,0.16345304335502808,25.394280472011214,3.8395233695092665,2.1186985705587107
743,training,0.005391207,0.11306129582226276,0.16345304335502808,25.3737162532259,3.87367967793712,2.1102410909793488
744,training,0.0047912346,0.06598286982625723,0.16345304335502808,25.342942676022062,3.925276246060159,2.106687582839082
745,training,0.0020606713,0.06095249950885773,0.16345304335502808,25.322625455452698,3.959535327034996,2.1064364092907026
746,training,0.0058877813,0.09257822483778,0.16345304335502808,25.302130945159874,3.9939495583566686,2.1106061655322113
747,training,0,0.029278207570314414,0.16345304335502808,25.281487155295444,4.028111677857835,2.1161819415371097
748,training,0.016437942,0.10980904474854469,0.12711090430140473,25.271145392751095,4.045105529195557,2.119240920929841
749,training,0,0.026194650679826736,0.12711090430140473,25.250265451193105,4.0791705095263335,2.1152616345441837
750,training,0,0.04863882623612881,0.12711090430140473,25.2398495598772,4.096421774039861,2.1143525871850186
751,training,0,0.025858201086521156,0.12711090430140473,25.219098502949784,4.130393187698542,2.1222813737096033
752,training,0,0.030061062425374985,0.12711090430140473,25.198020507958386,4.164361512724633,2.1311246231694096
753,training,0,0.008446317166090012,0.12711090430140473,25.176621422798092,4.19809958977375,2.1408524344499757
754,training,0,0.01245955377817154,0.12711090430140473,25.165867786575376,4.214764851829689,2.1469894498179336
755,training,0,0.03501075133681297,0.09004137662687585,25.143907756613565,4.24811627550154,2.1571197748909845
756,training,0,0.007060199975967407,0.09004137662687585,25.121693119225263,4.281442710023199,2.1598960553378204
757,training,0,0.03519647195935249,0.09004137662687585,25.099531666621328,4.314531559038292,2.162968283202616
758,training,0,0.009103663265705109,0.09004137662687585,25.077753835903685,4.347006695160456,2.1584581234136353
759,training,0,0.02576354146003723,0.09004137662687585,25.055747318343712,4.380057819639851,2.1594366336563273
760,training,0,0.025131359696388245,0.09004137662687585,25.033529631420766,4.413236580361081,2.1611830950255193
761,training,0,0.011831212788820267,0.09004137662687585,25.011173616505918,4.446589846426767,2.164621414834726
762,training,0,0.037414200603961945,0.04794360400608331,24.989324121416765,4.47846825133561,2.179136185719867
763,training,0,0.03976857848465443,0.04794360400608331,24.96635586822813,4.5113190528226355,2.182594242374716
764,training,0,0.00849208515137434,0.04794360400608331,24.94333604628695,4.544059393387671,2.1851033947203082
765,training,0,0.037801254540681846,0.04794360400608331,24.920299745727704,4.5766269258587995,2.1863728941157903
766,training,0,0.01490313932299614,0.04794360400608331,24.897120727553222,4.609456358946885,2.1852027985923272
767,training,0,0.026137756183743477,0.04794360400608331,24.874183419981755,4.6420390032242596,2.182456455624257
768,training,0,0.02959138248115778,0.04794360400608331,24.851240245557282,4.674882096142458,2.1776259264600712
769,training,0,0.044664706103503704,0.010385999873655452,24.82848819808199,4.707913829137922,2.170369082230206
770,training,0,0.007035277783870697,0.010385999873655452,24.806097746057063,4.740936679681746,2.16275895065081
771,training,0,0.03129889536648989,0.010385999873655452,24.783797888008042,4.77435851462392,2.155459549901294
772,training,0,0.034135535068344325,0.010385999873655452,24.761872475598064,4.807726240831887,2.148382758239523
773,training,0,0.025179017335176468,0.010385999873655452,24.740162438203583,4.841331022531476,2.1404947831050736
774,training,0,0.013834064360707998,0.010385999873655452,24.718635068600005,4.875186743006559,2.1349078611576777
775,training,0,0.04013723507523537,0.02589586717917924,24.697390683406983,4.908924636790847,2.1302507180915997
776,training,0,0.021456532180309296,0.02589586717917924,24.676175719883737,4.942952305178847,2.126098448575234
777,training,0,0.048823218792676926,0.02589586717917924,24.655157217756226,4.97692716175622,2.1229615221630653
778,training,0.020942736,0.08315365761518478,0.02589586717917924,24.623835347347207,5.028112512194626,2.116964543680741
779,training,0.0027678825,0.0648706154897809,0.02589586717917924,24.603095313358306,5.062287873968053,2.115624271973198
780,training,0.00299975,0.12189646624028683,0.02589586717917924,24.58245038604513,5.096435375806338,2.113130587224972
781,training,0.0041321833,0.10497283935546875,0.021772385431691008,24.56180794542149,5.130849904517545,2.107895524999495
782,training,0.0032007287,0.12507461197674274,0.021772385431691008,24.541514518074344,5.165167660625343,2.1007057061513086
783,training,0.0070206607,0.10104296449571847,0.021772385431691008,24.511373976461098,5.217152910014144,2.0934291738069395
784,training,0.0030578729,0.11026032269001007,0.021772385431691008,24.501408998100604,5.234437656195667,2.094059202541839
785,training,0.0033269818,0.08575877733528614,0.021772385431691008,24.48147094081326,5.268920278106401,2.0967676983360795
786,training,0.004888664,0.10329819656908512,0.021772385431691008,24.46127368349037,5.303517437831171,2.1020518830811326
787,training,0.003409007,0.1331727113574743,0.016687590121084468,24.440975638385417,5.337769796455269,2.1082982976377047
788,training,0.001462442,0.12476081540808082,0.016687590121084468,24.420475509394244,5.3720380818921845,2.110840385837595
789,training,0.026044145,0.1739476064685732,0.016687590121084468,24.399874354401764,5.406360384341106,2.1119854386081074
790,training,0.022035513,0.19701873138546946,0.016687590121084468,24.379355342934204,5.440565267765549,2.1086489115376055
791,training,0.025580846,0.24376193434000015,0.016687590121084468,24.35892781890236,5.475087506722288,2.1005969292708664
792,training,0.0060349996,0.2459806352853775,0.016687590121084468,24.33884256990866,5.509656268126727,2.0933480966826754
793,training,0.007773626,0.2820954751223326,0.03410974530100236,24.319046898485137,5.544337262571352,2.0857672194044916
794,training,0.0027520875,0.2955664787441492,0.03410974530100236,24.299422788953134,5.579261633449325,2.080496776658972
795,training,0.031869486,0.3097052779048681,0.03410974530100236,24.28001106363187,5.614116008839543,2.0766884167218795
796,training,0.012835845,0.31215389911085367,0.03410974530100236,24.26068334714301,5.649171059570806,2.0727270149098254
797,training,0.008088319,0.27626503957435494,0.03410974530100236,24.241474206583074,5.684222025222537,2.071950515292531
798,training,0.0013446261,0.3085464760661125,0.08371888158705917,24.222329539631584,5.719192070671857,2.0713420813363577
799,training,0.013818275,0.3171144053339958,0.08371888158705917,24.203084900297796,5.754314800009105,2.073250998167374
800,training,0.005935762,0.32857679203152657,0.08371888158705917,24.183805861703842,5.789151969783425,2.0785306731080313
801,training,0.0032616889,0.31374532356858253,0.08371888158705917,24.164306948368786,5.823999746775739,2.083438794280565
802,training,0.01643333,0.3202762342989445,0.08371888158705917,24.144590636717055,5.858776669974396,2.0905217196151025
803,training,0.0045785788,0.2993834614753723,0.08371888158705917,24.124693608351816,5.893242112410937,2.097601341042809
804,training,0.0031486456,0.3034737594425678,0.14823794613049823,24.10444167272121,5.9277533143296965,2.106214369086454
805,training,0.0034055407,0.312467698007822,0.14823794613049823,24.084029539934946,5.961357519020427,2.139769593934952
806,training,0.0019147826,0.4113014249596745,0.14823794613049823,24.061709278634503,5.993622636012691,2.2129067880727584
807,training,0.0037880866,0.3414291157387197,0.14823794613049823,24.036909610813563,6.024232852307478,2.2921761359476744
808,training,0.0063389177,0.29332110565155745,0.1754029440931964,24.00988267938654,6.052694072771564,2.365707218188309
809,training,0.03448621,0.2190186344087124,0.1754029440931964,23.980930631409798,6.079373409299326,2.4256160517706555
810,training,0.0024950835,0.10620164126157763,0.1754029440931964,23.95046584446241,6.10446609454279,2.4786768835260684
811,training,0.0030184756,0.09046722203493118,0.1754029440931964,23.918558561702437,6.128182320182988,2.523115180284074
812,training,0.015534627,0.06880393624305725,0.1754029440931964,23.885952942876695,6.15047034442519,2.560735391719684
813,training,0.0024571153,0.06553155928850174,0.1754029440931964,23.852323535572225,6.171751617225422,2.59236218735046
814,training,0,0.010416358709335341,0.16393585623573284,23.818066596759422,6.192084646898781,2.6193536558501753
815,training,0,0.01335239410400392,0.16393585623573284,23.800888691718423,6.201834990850944,2.629896623792832
816,training,0.005790489,0.06402455642819405,0.16393585623573284,23.730645822922376,6.239430002440995,2.671397205411618
817,training,0,0.021005969494581223,0.16393585623573284,23.7130372528061,6.248265606987068,2.679499035752533
818,training,0.0030360455,0.07342428714036942,0.16393585623573284,23.677243982629882,6.265881738688559,2.690031737977376
819,training,0.016618162,0.059405350126326084,0.16393585623573284,23.641268324826434,6.283175591191491,2.69353369025092
820,training,0,0.04196246713399887,0.12675800161171424,23.60527800275626,6.3004497941903255,2.6953802581241026
821,training,0,0.014890231192111962,0.12675800161171424,23.587234970344845,6.30905178088653,2.6984777288053228
822,training,0.034399536,0.06917469203472137,0.12675800161171424,23.53304758262182,6.334425452573754,2.710392297728465
823,training,0.019342542,0.1108511034399271,0.12675800161171424,23.496758937389572,6.3509657673269135,2.714855143174553
824,training,0.021355793,0.17901071161031723,0.12675800161171424,23.442226573730842,6.375754156170491,2.715363250564705
825,training,0.008426895,0.0710071325302124,0.08226246398423848,23.424153691198132,6.383956378741242,2.714009634198799
826,training,0,0.002923652995377778,0.08226246398423848,23.387781689051266,6.400609980495706,2.7116166625107883
827,training,0,0.03752797096967697,0.08226246398423848,23.351499415817752,6.4172943416737755,2.709386710037984
828,training,0,0.009703875053673983,0.08226246398423848,23.33331393947309,6.4256661700956075,2.7114124179339414
829,training,0,0.031033992767333984,0.08226246398423848,23.29694640200535,6.442219235376141,2.7155889305706773
830,training,0,0.01648274809122085,0.08226246398423848,23.26060982795892,6.458750770445686,2.7136386380452846
831,training,0,0.0086941011250019,0.08226246398423848,23.224262413245636,6.475346596872769,2.7107506522226896
832,training,0,0.03223090432584286,0.06515609290507544,23.1879892972031,6.49218331296438,2.7030011694455336
833,training,0,0.032822448760271065,0.06515609290507544,23.151815618745687,6.509241967979614,2.7015090642276602
834,training,0,0.0264577604830265,0.06515609290507544,23.115641955637802,6.526241824067671,2.70028504726498
835,training,0,0.029309803619980812,0.06515609290507544,23.07957544992219,6.543437502850796,2.693015068184328
836,training,0,0.0005406392738223059,0.06515609290507544,23.04361017866571,6.560840993148335,2.6890213480376666
837,training,0,0.01708744838833809,0.06515609290507544,23.00764477861328,6.578373214994135,2.6878046150716566
838,training,0.012552619,0.054589688777923584,0.04764286587945114,22.953833311936645,6.604619739338735,2.687808298841434
839,training,0,0.01269093481823802,0.04764286587945114,22.91786334961317,6.622118165138462,2.6896574795085186
840,training,0,0.022093581035733223,0.04764286587945114,22.881954258834128,6.639526779109002,2.6910815952925367
841,training,0.014926834,0.055905550718307495,0.04764286587945114,22.84599601951534,6.656804214957177,2.6963449362658083
842,training,0.005900215,0.10754123236984015,0.04764286587945114,22.791843026181933,6.682304725402264,2.706658048689029
843,training,0.007696875,0.13547205552458763,0.03601238572446249,22.755536733856303,6.698837980264899,2.7245027710275544
844,training,0.010231337,0.11730268970131874,0.03601238572446249,22.71901068771041,6.7145670976943075,2.7438856522820463
845,training,0.0029920274,0.0552243129350245,0.03601238572446249,22.663574537944974,6.737235808011524,2.7606846564710863
846,training,0.004835982,0.06594105437397957,0.03601238572446249,22.626601202529926,6.751955562720283,2.761357084353713
847,training,0,0.03602009266614914,0.03601238572446249,22.608032016978534,6.759393747475942,2.7589891126265127
848,training,0,0.04583988897502422,0.03601238572446249,22.57091928356871,6.77446561572239,2.7527427786859247
849,training,0.0001049758,0.07983469776809214,0.016007183149384922,22.53403358013888,6.789694771685445,2.7465237954971817
850,training,0.003642043,0.08721844479441641,0.016007183149384922,22.51558727187471,6.797419587362818,2.743508604437985
851,training,0.007811199,0.0700751063413918,0.016007183149384922,22.47872570714321,6.812999694916282,2.740625208405276
852,training,0.0044035963,0.15047287940979004,0.016007183149384922,22.441997502391388,6.828560688457329,2.7408091201840636
853,training,0.0032236078,0.1093023344874382,0.016007183149384922,22.405187517494305,6.844086672156114,2.746257349707316
854,training,0.007665807,0.19984495639801025,0.016007183149384922,22.36827653493978,6.8592251832371645,2.7595338318333344
855,training,0.006172855,0.19513107463717463,0.016007183149384922,22.33128298731579,6.873799946042218,2.7720011147033166
856,training,0.008356939,0.16592418402433395,0.017390718255472386,22.293901997667493,6.888067834390339,2.781313834512109
857,training,0.0037750695,0.17996438033878803,0.017390718255472386,22.256580310622553,6.901939733186304,2.7878410824542046
858,training,0.0077164844,0.22365158586762846,0.017390718255472386,22.219109211064083,6.915747550539869,2.7882969967009155
859,training,0.015617685,0.16980381309986112,0.017390718255472386,22.181538613802715,6.929622017585699,2.7869584733363233
860,training,0.0076322774,0.1662677302956581,0.017390718255472386,22.14419823732778,6.943505452250586,2.7832869859918614
861,training,0.00957852,0.18106980621814728,0.017390718255472386,22.106699133585302,6.9576512163335655,2.7783241786098256
862,training,0.012873278,0.1373477764427662,0.05131258128023966,22.069358572354325,6.97192943216501,2.773795661118607
863,training,0.003731645,0.21928131580352786,0.05131258128023966,22.032184181099755,6.986405759157078,2.766521873114679
864,training,0.012727678,0.20143400784581897,0.05131258128023966,21.994940920304565,7.001185060599387,2.7614220769682327
865,training,0.011349506,0.196872865781188,0.05131258128023966,21.957928678332475,7.015996407821109,2.759642370299275
866,training,0.0068476144,0.2818333767354488,0.05131258128023966,21.92080953046102,7.030900283061117,2.7599657081866527
867,training,0.0023116511,0.21447839494794607,0.08600757999229305,21.883701020770356,7.045736223727226,2.7628650634487086
868,training,0.026763227,0.1858191592618823,0.08600757999229305,21.846688590933763,7.0604258969209654,2.763880901388863
869,training,0.003954063,0.29359530005604034,0.08600757999229305,21.80946105438774,7.0751820013236735,2.764236576884074
870,training,0.0012450516,0.23687711660750213,0.08600757999229305,21.77238286663534,7.0898558286936835,2.7638513976793706
871,training,0.0033010005,0.1857446325011551,0.08600757999229305,21.735259015535714,7.104640016394185,2.760950692900334
872,training,0.004014721,0.2989952389616519,0.08600757999229305,21.69812138409984,7.119534088755919,2.7596818011428828
873,training,0.0066056866,0.21708285971544686,0.11757839986092433,21.66115822907279,7.134396585236409,2.7581103080488734
874,training,0.0023984462,0.19688897719606757,0.11757839986092433,21.624040404588232,7.149593197406525,2.7374548441307205
875,training,0.004291324,0.2525930106639862,0.11757839986092433,21.58732389374548,7.166152543730132,2.6987519524715187
876,training,0.0055704974,0.2134448066353798,0.11757839986092433,21.55129078120533,7.184173302802905,2.654650888467123
877,training,0.006261974,0.24916856363415715,0.11757839986092433,21.51612401255254,7.203697045946254,2.617101600907228
878,training,0.0051171537,0.1345365270972252,0.11757839986092433,21.481523101027335,7.224550070859282,2.580029389852893
879,training,0.0037726888,0.10057913139462471,0.12076699607987261,21.431418823722368,7.257805719663432,2.5394608087071027
880,training,0.0033469049,0.1374601572751999,0.12076699607987261,21.382080968924516,7.2924240558315345,2.523822955568791
881,training,0.001618363,0.12237172573804855,0.12076699607987261,21.34969312635236,7.315652260639678,2.5138850209956827
882,training,0,0.013945387676358223,0.12076699607987261,21.317341940770532,7.339409480880509,2.5020709110235524
883,training,0,0.000503189861774448,0.12076699607987261,21.301259173234058,7.351412431996295,2.5008834386704084
884,training,0,0.00020371377468109478,0.12076699607987261,21.28530975573982,7.363269760065811,2.5032053510052372
885,training,0,0.022595461923629045,0.12076699607987261,21.253240344492163,7.386916254048787,2.5090090882874994
886,training,0,0.012849522754549982,0.12076699607987261,21.220840372641646,7.410594045435923,2.5112085249534575
887,training,0,0.008641667664051056,0.08894488950008697,21.204717443422485,7.4223448503696146,2.512453161640261
888,training,0,0.0034975502640008926,0.08894488950008697,21.172469253634954,7.445737770612648,2.5162199383708126
889,training,0,0.013177834916859865,0.08894488950008697,21.13989127571736,7.469129856483086,2.5214874895824697
890,training,0.007753438,0.06613822281360625,0.08894488950008697,21.091167076836985,7.503802826570807,2.523021321247074
891,training,0,0.02990218997001648,0.08894488950008697,21.058508036572636,7.52697775378792,2.529924317055793
892,training,0.007411698,0.06967588886618614,0.08894488950008697,21.00934984829709,7.561059706231423,2.5376051204183527
893,training,0.0027091077,0.06124166212975979,0.046437249301991335,20.976333077570438,7.5837553094867705,2.5431051187238616
894,training,0,0.019733112305402756,0.046437249301991335,20.959757232668043,7.595030221890233,2.5456519582598895
895,training,0,0.010376669466495514,0.046437249301991335,20.926802268746005,7.617311581525909,2.548225351312973
896,training,0.004771215,0.05948168411850929,0.046437249301991335,20.89356977765092,7.639665321816932,2.55058799083803
897,training,0,0.0014080181717872585,0.046437249301991335,20.860355822733293,7.661907319334244,2.552713389675144
898,training,0,0.028419893234968185,0.046437249301991335,20.827160537988984,7.683992405086644,2.5563297611662636
899,training,0,0.04577123560011387,0.046437249301991335,20.81044229012582,7.695052305134323,2.5580935587192384
900,training,0.0074996427,0.06347374245524406,0.046437249301991335,20.760388708915205,7.727961067672113,2.561686660465129
901,training,0.0035389208,0.0959184095263481,0.017316682476257644,20.726908834619834,7.749857603372127,2.5623768350684655
902,training,0.0033406653,0.10902996174991131,0.017316682476257644,20.676777039259676,7.782772901397285,2.5576067817169283
903,training,0.0025531817,0.07803134154528381,0.017316682476257644,20.64343905021852,7.804865602358701,2.5552413511542666
904,training,0.0030270277,0.05954378098249437,0.017316682476257644,20.61004650823617,7.82704388955796,2.556236267987964
905,training,0.003809941,0.057317353785037994,0.017316682476257644,20.576831084231646,7.848975539602131,2.5599302039108034
906,training,0,0.031545910984277725,0.010021929755268626,20.56010610146489,7.859943113027722,2.5628213675788554
907,training,0.0032877056,0.06866198033094408,0.010021929755268626,20.526468568021826,7.881683772508782,2.573027014554021
908,training,0.017211774,0.06979428976774216,0.010021929755268626,20.492862162962137,7.902910038047608,2.5827480090704626
909,training,0,0.04696494713425636,0.010021929755268626,20.458848230782575,7.924017973038978,2.58887783966262
910,training,0.04644969,0.09542423486709595,0.010021929755268626,20.424828547006502,7.944921457873461,2.592092310869655
911,training,0.004224294,0.07651155348867177,0.010021929755268626,20.37363506446153,7.976088774601193,2.5971096079719937
912,training,0.015614885,0.06651303730905056,0.032017999633703866,20.322399975245947,8.00709569485561,2.5974582828865977
913,training,0.002532839,0.10342719033360481,0.032017999633703866,20.288151657368587,8.027769803028518,2.5997818399556984
914,training,0.0026852528,0.10301541211083531,0.032017999633703866,20.253817218516993,8.048415605342031,2.59891924698074
915,training,0.005097308,0.058722991961985826,0.032017999633703866,20.219685509305684,8.068981671593077,2.600276458156646
916,training,0.0067865993,0.10356196900829671,0.032017999633703866,20.185306178424355,8.08960278710431,2.6020568268833673
917,training,0.014878174,0.14158758614212275,0.032017999633703866,20.16816967949477,8.09986257779763,2.6013214593640273
918,training,0.017528825,0.15026450715959072,0.055139764695953795,20.11686012537312,8.130758417694082,2.5958519412837053
919,training,0.002793358,0.15938600525259972,0.055139764695953795,20.09969257041122,8.141232237671076,2.591246425269832
920,training,0.009275869,0.1922352947294712,0.055139764695953795,20.065735260762857,8.162347778411425,2.5785502379968093
921,training,0.0029841587,0.20646809041500092,0.055139764695953795,20.048884488621052,8.17305942624926,2.57216787003904
922,training,0.0024033033,0.18633335456252098,0.055139764695953795,20.015186116639942,8.194922720097324,2.5602641497036123
923,training,0.0069574,0.25871841982007027,0.055139764695953795,19.981843559869656,8.217089623269349,2.549814354229392
924,training,0.0024828776,0.26366037502884865,0.08682070091095503,19.9487782629009,8.239541304303367,2.5399250089918173
925,training,0.0063872505,0.27536388114094734,0.08682070091095503,19.915728190468258,8.26250780298166,2.528402368994391
926,training,0.003964665,0.25752200931310654,0.08682070091095503,19.883246334472755,8.28565120583392,2.5170913972304128
927,training,0.009501579,0.2667415589094162,0.08682070091095503,19.850834179312855,8.309243331463708,2.508296806956848
928,training,0.001983552,0.21260926313698292,0.08682070091095503,19.818594434230185,8.33299569611589,2.5063997193725345
929,training,0.019263713,0.2242890987545252,0.08682070091095503,19.786488115273297,8.356590184279563,2.510135854877834
930,training,0.0068603377,0.2629544623196125,0.08682070091095503,19.754052076713133,8.380179154180482,2.5162277276409264
931,training,0.008985268,0.24810093641281128,0.08682070091095503,19.721671708542676,8.403355618471874,2.524773855419428
932,training,0.007518822,0.2303732931613922,0.14316568258232287,19.68900758539267,8.426309160538398,2.5332657491869104
933,training,0.006296031,0.2762249577790499,0.14316568258232287,19.655934723714385,8.448404755506028,2.5783451928599104
934,training,0.020635769,0.2829681523144245,0.14316568258232287,19.62204989750272,8.468494451266816,2.63508810567012
935,training,0.0068902588,0.29795314371585846,0.14316568258232287,19.5869611162558,8.486706653519045,2.689312420720674
936,training,0.011263201,0.25568530708551407,0.16677559378700302,19.550951215419325,8.503158611827704,2.7343163751662503
937,training,0.0017754337,0.16037051379680634,0.16677559378700302,19.514266350407375,8.518147299530042,2.7702188384482396
938,training,0.026615134,0.13856177031993866,0.16677559378700302,19.477140228438902,8.532078747936037,2.791520187254187
939,training,0.004005051,0.135725200176239,0.16677559378700302,19.43945703947139,8.5455073095234,2.806267336105033
940,training,0,0.04941949062049389,0.16677559378700302,19.40184420665588,8.558320937485224,2.819876228029246
941,training,0,0.017020083963870995,0.16677559378700302,19.36394732168026,8.570654292768726,2.8339400370324737
942,training,0,0.03636554256081581,0.16677559378700302,19.34482099229709,8.576682819300471,2.8388687827240258
943,training,0.009938389,0.07777909934520721,0.14764599855105143,19.2876931302911,8.59405497380048,2.853926077517667
944,training,0.0037803238,0.09065502136945724,0.14764599855105143,19.24925952423068,8.605246872826454,2.861436379379316
945,training,0.008431861,0.053201861679553986,0.14764599855105143,19.191692196509557,8.62154957032877,2.869597167331936
946,training,0,0.0031783655285835266,0.14764599855105143,19.1724407638223,8.626895079418299,2.8709587459189305
947,training,0.010200074,0.05638369359076023,0.14764599855105143,19.114555368165252,8.642877264847568,2.8747093220344
948,training,0.0020791832,0.08164705336093903,0.12324706308272391,19.07608085194541,8.653449841917451,2.8696244141792007
949,training,0.003085712,0.10296891629695892,0.12324706308272391,19.0182142031594,8.669880665762575,2.8613520169024937
950,training,0.00543789,0.058903854340314865,0.12324706308272391,18.99908534227439,8.67540507348306,2.8594630396009815
951,training,0,0.04839243367314339,0.12324706308272391,18.96068013329736,8.686585897784347,2.8588445667651077
952,training,0.008457316,0.09147072955965996,0.12324706308272391,18.922189768989355,8.697679576757414,2.863526078213257
953,training,0,0.02918868511915207,0.12324706308272391,18.88388281874746,8.708550686563887,2.8643537585933427
954,training,0,0.048918794840574265,0.09013809746532456,18.864626775317642,8.714042253626701,2.864014653698377
955,training,0,0.024294808506965637,0.09013809746532456,18.826033689287794,8.724994824174097,2.8657537273683977
956,training,0.055145968,0.0819101631641388,0.09013809746532456,18.768469841605857,8.741131250256142,2.8716567174025442
957,training,0.0020037005,0.1168803796172142,0.09013809746532456,18.729754897303675,8.751935604132196,2.8663499556540266
958,training,0.0036544958,0.10854992270469666,0.09013809746532456,18.672228857704116,8.768486602909848,2.856316574630899
959,training,0.023016375,0.19870629534125328,0.09013809746532456,18.633710181565668,8.77981214095246,2.8556660834771006
960,training,0.017640835,0.21816858276724815,0.04501684436454251,18.614571286501427,8.785449976269296,2.853255562121674
961,training,0.004846281,0.162787813693285,0.04501684436454251,18.557338021785444,8.802090596986192,2.879646325399448
962,training,0.01402018,0.15774553641676903,0.04501684436454251,18.518667112437782,8.811940203792233,2.902318700200979
963,training,0.038266294,0.1973598748445511,0.04501684436454251,18.46049127938441,8.825227447062648,2.9317057939303095
964,training,0.009312054,0.2879388630390167,0.04501684436454251,18.440908949343633,8.829285373190496,2.9439602300933814
965,training,0.039133463,0.3226027190685272,0.010338701324862065,18.401833035998965,8.836592385572539,2.97196217582932
966,training,0.022483699,0.3235188126564026,0.010338701324862065,18.38229225698226,8.839758089813724,2.990015634904389
967,training,0.0063365586,0.31825026869773865,0.010338701324862065,18.34294040454795,8.845052545223972,3.0244848267864235
968,training,0.039162878,0.34050896763801575,0.010338701324862065,18.3232233156373,8.847214862457324,3.040090027560192
969,training,0.009130953,0.33413486182689667,0.010338701324862065,18.28359745270752,8.850631489175116,3.0719598984851544
970,training,0.004827312,0.2833516150712967,0.010338701324862065,18.244050128053054,8.852724012844652,3.104020337204828
971,training,0.008498548,0.32124604284763336,0.010338701324862065,18.204251026447185,8.85368244805524,3.1299477964733797
972,training,0.0040633413,0.3243321627378464,0.010338701324862065,18.164362416085805,8.853642701334328,-3.127753384551886
973,training,0.0034986846,0.3148133009672165,0.07196513180889791,18.12477227621467,8.852579534683846,-3.1013711778453192
974,training,0.008800086,0.30353620648384094,0.07196513180889791,18.084888879953265,8.850445162807576,-3.074986620286716
975,training,0.015295656,0.32439061999320984,0.07196513180889791,18.04524860632183,8.847341149173973,-3.052449659991832
976,training,0.0021762413,0.3305179178714752,0.07196513180889791,18.005653694521108,8.843384391548014,-3.0317149670272676
977,training,0.0055584316,0.2980763018131256,0.07196513180889791,17.965899770707583,8.838600133960643,-3.010769214578077
978,training,0.008463984,0.27307409793138504,0.07196513180889791,17.926695666054478,8.833052545932178,-2.992779292382309
979,training,0.01774274,0.29300220496952534,0.15305891637569832,17.887156567979453,8.8269105131004,-2.98405307672953
980,training,0.01799617,0.5131984949111938,0.15305891637569832,17.84652247367664,8.820859408640958,-3.0162206682396975
981,training,0.007923598,0.5899101272225381,0.15305891637569832,17.806041889729865,8.817572904560391,-3.1123145394535374
982,training,0.0044535324,0.5758030638098716,0.15305891637569832,17.765195498631424,8.818510297293459,3.0658947357571957
983,training,0.025266442,0.42850676737725735,0.24724382249743568,17.724532435899,8.823796578840705,2.957519859914827
984,training,0.010775027,0.29314108937978745,0.24724382249743568,17.68520751573402,8.833051909491058,2.8660508024945455
985,training,0.008053239,0.23038478195667272,0.27345540433527443,17.64663470117187,8.84548172972936,2.794333718702369
986,training,0.03298441,0.20895842462778091,0.27345540433527443,17.608974678062864,8.86048058373495,2.73303074667542
987,training,0.011413597,0.08560486137866974,0.27345540433527443,17.572388383421774,8.877587792797893,2.673474361967017
988,training,0.0029933376,0.0784524492919445,0.27345540433527443,17.53690927258437,8.89666011295601,2.627981603847438
989,training,0.0049149855,0.1060401126742363,0.2667717677873498,17.50221572480007,8.916910349152507,2.6009865971540855
990,training,0.003293036,0.1429114956408739,0.2667717677873498,17.467954743087855,8.938114523764192,2.572761230362329
991,training,0.0059999363,0.2524983510375023,0.2667717677873498,17.434575359986447,8.960201584870484,2.5403377434751455
992,training,0.027100172,0.16509166359901428,0.2667717677873498,17.401687899473103,8.983787166420855,2.49553497426648
993,training,0.009848919,0.08781116083264351,0.2667717677873498,17.369921013171,9.008531974321158,2.4675723496056134
994,training,0,0.02319425344467163,0.2667717677873498,17.33888391757443,9.033796635675085,2.4537500867224304
995,training,0,0.033752696588635445,0.2667717677873498,17.30790515281262,9.059220974784996,2.457870325308771
996,training,0,0.017007358372211463,0.20629128546054668,17.276959199052907,9.0842578663266,2.46357144270635
997,training,0,0.015994787216186523,0.20629128546054668,17.245717781601126,9.109201408501912,2.4727595044041
998,training,0,0.026259314268827445,0.20629128546054668,17.229944704088417,9.121586102292053,2.480895295135676
999,training,0,0.024904832243919386,0.20629128546054668,17.198379410923003,9.14567058991694,2.496513442240294
1000,training,0.0022119968,0.09800936095416546,0.20629128546054668,17.150118274248317,9.181285749863358,2.5172586107291384
1001,training,0,0.010396935045719133,0.20629128546054668,17.11769140500856,9.20435556471126,2.526794425479087
1002,training,0,0.03431789577007294,0.20629128546054668,17.084966130471994,9.227138027410273,2.541006705541222
1003,training,0,0.04980291426181793,0.13482386136029292,17.06838588022857,9.2384318917672,2.5467201995528095
1004,training,0,0.02665190026164055,0.13482386136029292,17.035303175979436,9.260596657575583,2.555009899546895
1005,training,0,0.002991430461406701,0.13482386136029292,17.002005415289045,9.282549070918094,2.565013396083918
1006,training,0,0.02682298980653286,0.13482386136029292,16.968296156315446,9.304117465452343,2.578105234264967
1007,training,0.0011828385,0.05370097467675805,0.13482386136029292,16.900458185556552,9.346101877162372,2.596881957747536
1008,training,0.0041143913,0.15992658957839012,0.0811946601106198,16.866238578676835,9.366600792428162,2.6070037735600917
1009,training,0.014001904,0.20419758930802345,0.0811946601106198,16.83186127647353,9.38668444411326,2.618371785524256
1010,training,0.039125346,0.17752443626523018,0.0811946601106198,16.797132765298347,9.406482204135738,2.6278983651077468
1011,training,0.0013534772,0.07403237372636795,0.0811946601106198,16.762355089609944,9.425894770120156,2.6370563905194446
1012,training,0.0073340717,0.08182764425873756,0.0811946601106198,16.727302308706953,9.44509095421913,2.6428246114439555
1013,training,0.007090291,0.06236202456057072,0.0811946601106198,16.692180184783503,9.46407214360134,2.649549054689686
1014,training,0.03955715,0.14629391953349113,0.038491631672182954,16.656998092082272,9.482764124120838,2.6550229993509706
1015,training,0.012163861,0.2042935322970152,0.038491631672182954,16.621496327020733,9.501668777842124,2.642020143304501
1016,training,0.014017299,0.31419041007757187,0.038491631672182954,16.586831353321077,9.521217739917088,2.6109696850468835
1017,training,0.003430115,0.2192997932434082,0.038491631672182954,16.53555016952637,9.553312475744795,2.5547422493064174
1018,training,0.005415198,0.10026821866631505,0.038491631672182954,16.51888320075802,9.564607729154043,2.537535924327965
1019,training,0.007992879,0.07180477678775787,0.038491631672182954,16.48626088179234,9.587609363466003,2.5264555111858904
1020,training,0.0030540926,0.16272564232349399,0.028202940333619107,16.453455133536604,9.61053607552759,2.5372073568045637
1021,training,0.004168554,0.10169284418225288,0.028202940333619107,16.436934963490046,9.621899143882914,2.542534378029199
1022,training,0.055080727,0.08501119911670685,0.028202940333619107,16.40401148285647,9.644088257333204,2.554921438992026
1023,training,0.0035103965,0.149013627320528,0.028202940333619107,16.37058025436505,9.66595496618335,2.5707183815962846
1024,training,0.005240103,0.13012480735778809,0.028202940333619107,16.33684948092476,9.687270535455593,2.5851396254103154
1025,training,0.017789174,0.1555513022467494,0.028202940333619107,16.302925547801298,9.708088587681663,2.595885753027537
1026,training,0.002772395,0.21923141553997996,0.028202940333619107,16.268635966457378,9.728895168305328,2.594948359020251
1027,training,0.06024928,0.16194992139935493,0.06603856596361948,16.234616270592998,9.749714777712734,2.5891910195897245
1028,training,0.009524198,0.19447473436594007,0.06603856596361948,16.200593295721507,9.770795408396399,2.584446486521594
1029,training,0.019782038,0.24263905733823776,0.06603856596361948,16.166617737385724,9.792083657599301,2.578467638309513
1030,training,0.0054247207,0.2447396144270897,0.06603856596361948,16.13298383210269,9.81349332387575,2.5706306122649245
1031,training,0.006210261,0.23198290541768074,0.06603856596361948,16.099281311454845,9.835395498336831,2.5594221558507835
1032,training,0.0077689104,0.2964940518140793,0.06603856596361948,16.066031542299427,9.857596375411342,2.546389674988733
1033,training,0.0072019408,0.314507856965065,0.11560333349937797,16.03302463441477,9.880222773177401,2.534816170885177
1034,training,0.0068724174,0.2686193138360977,0.11560333349937797,16.000083678538115,9.902755502293562,2.5634207746847584
1035,training,0.0044877166,0.3059404045343399,0.11560333349937797,15.966555825240487,9.923470823905769,2.6109768924335564
1036,training,0.00416847,0.3221501260995865,0.11560333349937797,15.931911714551282,9.942795864674718,2.6540742761149536
1037,training,0.008979716,0.37777671217918396,0.11560333349937797,15.896544236843718,9.960684182930265,2.6915858456284876
1038,training,0.0049722465,0.28932276368141174,0.11560333349937797,15.860512526354979,9.977256609723204,2.7296452774614277
1039,training,0.010332763,0.19400910288095474,0.14877334437213954,15.823829264085727,9.992607268429069,2.7574043578392304
1040,training,0.0054454464,0.1957128793001175,0.14877334437213954,15.786648692234754,10.007203523545604,2.777512220555765
1041,training,0.01804708,0.1280057728290558,0.14877334437213954,15.74936896959192,10.020894945483462,2.80288468327249
1042,training,0.009241618,0.0772891491651535,0.14877334437213954,15.692663585068168,10.039713637128605,2.8366575161697223
1043,training,0.0050896835,0.0724114254117012,0.14877334437213954,15.635414666800939,10.056893799075832,2.8605626711098457
1044,training,0.009714984,0.15858754515647888,0.13219890048627625,15.596933449875861,10.067805755507434,2.869362359229619
1045,training,0.0032452904,0.16091153770685196,0.13219890048627625,15.539201893539543,10.083429286958863,2.8873416509102117
1046,training,0.013567844,0.08962706103920937,0.13219890048627625,15.51989301604524,10.088385502318626,2.892840543864227
1047,training,0,0.02481380943208933,0.13219890048627625,15.500476941227328,10.093267587129882,2.8976855688748318
1048,training,0,0.025429309345781803,0.13219890048627625,15.461617685297334,10.102841205750595,2.9025671090096834
1049,training,0,0.013969920226372778,0.13219890048627625,15.442301893332004,10.107513829697682,2.9059261516416046
1050,training,0,0.014183370862156153,0.13219890048627625,15.403411666775233,10.116780310924412,2.9077525606416246
1051,training,0,0.02054920606315136,0.09742387208867816,15.383872265286259,10.121431186659004,2.908312897970495
1052,training,0,0.020900050178170204,0.09742387208867816,15.345072006629453,10.13062352263918,2.9098634247110677
1053,training,0,0.016197912395000458,0.09742387208867816,15.306174479726288,10.139729311521624,2.9137492678015726
1054,training,0,0.02228729799389839,0.09742387208867816,15.267126370549873,10.148691498709097,2.9186669316938736
1055,training,0.0034342904,0.07932964316569269,0.09742387208867816,15.208763150418894,10.161585087897205,2.9296618999298163
1056,training,0.0050347894,0.08814612030982971,0.05990526230575001,15.150059987786772,10.174068702298271,2.9315930185962857
1057,training,0.012171822,0.096755251288414,0.05990526230575001,15.091399822436406,10.186470772388443,2.9361516933990917
1058,training,0.009011498,0.05689815990626812,0.05990526230575001,15.032753249450604,10.19869173112497,2.935783030533407
1059,training,0,0.043112996965646744,0.05990526230575001,15.013197998696743,10.202761548426269,2.937024480138584
1060,training,0.042664476,0.08229818567633629,0.05990526230575001,14.954379479744594,10.21492599238969,2.936829717038383
1061,training,0,0.047454964369535446,0.028876715973328616,14.934899286980773,10.21899333251005,2.933748116919323
1062,training,0,0.04384993389248848,0.028876715973328616,14.915353772166739,10.223150865387005,2.9305064560672696
1063,training,0.0043285713,0.05319094285368918,0.028876715973328616,14.876099465722831,10.23167480801414,2.9241467593810038
1064,training,0.009458071,0.06662985868752004,0.028876715973328616,14.837163436657418,10.240447741661848,2.9154954893542113
1065,training,0.0018980227,0.10966243967413902,0.028876715973328616,14.79820962668403,10.249528576069922,2.91106931210876
1066,training,0.0045726327,0.0893007330596447,0.028876715973328616,14.759189567672166,10.258678132715334,2.9120063370605362
1067,training,0.010711144,0.1712933843955398,0.028876715973328616,14.73981347987331,10.263193813796017,2.912253912797918
1068,training,0.0055687916,0.1271543651819229,0.03315153128762252,14.681347648643934,10.276872988228828,2.9102513717473237
1069,training,0.020297011,0.1671946570277214,0.03315153128762252,14.66182977565922,10.281501860547518,2.906803384818698
1070,training,0.0011199219,0.15076956897974012,0.03315153128762252,14.623085483386824,10.290914689851295,2.8992522432541197
1071,training,0.015473966,0.16590751707553864,0.03315153128762252,14.58416700840366,10.300699906265125,2.890575217243793
1072,training,0.007628523,0.2008417695760727,0.03315153128762252,14.545400378485185,10.310863064252626,2.879551377105884
1073,training,0.011352729,0.16820957511663434,0.03315153128762252,14.506854277708596,10.321459607760689,2.8665626590772657
1074,training,0.009988655,0.15191766619682315,0.03315153128762252,14.468182354119406,10.332657295304642,2.85300557495659
1075,training,0.014846827,0.17893166840076447,0.059768164300125756,14.430010055278315,10.344259666589071,2.839869219316388
1076,training,0.024922552,0.20132588595151896,0.059768164300125756,14.391781710043293,10.356461606943904,2.8244746259948537
1077,training,0.0059496197,0.19188819825649261,0.059768164300125756,14.353700133863686,10.369361395532922,2.804480549182461
1078,training,0.0018913293,0.16201810538768768,0.059768164300125756,14.316116502183105,10.383081017521306,2.777545434322315
1079,training,0.015957518,0.11737704277038574,0.059768164300125756,14.278662063701347,10.397980271442703,2.7473125266929452
1080,training,0.017008282,0.1316524893045426,0.03894411446594427,14.241802355994347,10.41397271074958,2.7161758104348057
1081,training,0,0.037732407450675964,0.03894411446594427,14.223622992091691,10.422396743566384,2.6991119150910645
1082,training,0,0.019556209444999667,0.03894411446594427,14.187619629345242,10.440187346611356,2.6646185396195765
1083,training,0,0.021883070468902643,0.03894411446594427,14.152160119243339,10.459377756092556,2.6253197121620224
1084,training,0.0077453232,0.09584997594356537,0.03894411446594427,14.100684621035356,10.490998326926993,2.5523768729477307
1085,training,0.0014578074,0.11512048542499542,0.03894411446594427,14.067670591381816,10.514330584509203,2.4996801427713695
1086,training,0.0033080354,0.16793157905340195,0.007343887722224418,14.020620331935984,10.552549608374965,2.4174142081657806
1087,training,0.009802026,0.05862679332494736,0.007343887722224418,14.00568737509582,10.566115072748039,2.390715092584922
1088,training,0,0.02123226225376129,0.007343887722224418,13.97654133676385,10.59437777003587,2.3645547925279864
1089,training,0,0.009886775165796273,0.007343887722224418,13.948561119345715,10.622547805254904,2.3427614641424284
1090,training,0,0.019231042824685574,0.007343887722224418,13.920878119052466,10.651437124669231,2.328098402850302
1091,training,0,0.020774368196725845,0.007343887722224418,13.89351365396008,10.68055358397593,2.322864587360916
1092,training,0,0.04560501920059323,0.007343887722224418,13.879845269415087,10.69515432070397,2.3244066956882152
1093,training,0,0.009326305240392685,0.004893662944051558,13.852494670990916,10.724189648039347,2.3288220636332406
1094,training,0.0011425636,0.05586809921078384,0.004893662944051558,13.811046094486949,10.767357527744444,2.3442354650833956
1095,training,0,0.010832145810127258,0.004893662944051558,13.783083578761632,10.795703498817563,2.3543677604667583
1096,training,0,3.3013056963682175e-06,0.004893662944051558,13.768934205849114,10.809844377789995,2.358149723421664
1097,training,0,0.0020191334187984467,0.004893662944051558,13.740553726268878,10.837893677214252,2.363962503163279
1098,training,0,0.03481023386120797,0.004893662944051558,13.712151976092658,10.865841804151968,2.3659929228224867
1099,training,0,0.02101787179708481,0.004893662944051558,13.683516489861871,10.893666159105981,2.377382156418359
1100,training,0.0037652403,0.07306413352489471,0.004893662944051558,13.639937091279574,10.93438169909643,2.401793377120759
1101,training,0,0.015052028000354767,0.01742041703549006,13.610203934628204,10.961148072257092,2.41519885841605
1102,training,0,0.002617303282022476,0.01742041703549006,13.595295999665998,10.974314905295957,2.420637763754473
1103,training,0.025225332,0.0786600774154067,0.01742041703549006,13.550177935123894,11.013479847115063,2.433428628585307
1104,training,0.0013414869,0.07526405528187752,0.01742041703549006,13.519650269187126,11.039341459867016,2.446076707448442
1105,training,0.0055793156,0.06890803575515747,0.01742041703549006,13.473418155766797,11.077041218157923,2.4696262151458925
1106,training,0.028026298,0.10903019458055496,0.01742041703549006,13.441851045010859,11.101688920853947,2.4897109284769
1107,training,0.0040577077,0.07521123439073563,0.013060688799734875,13.41007802050018,11.12539438395542,2.51114191464141
1108,training,0.003407562,0.05417225696146488,0.013060688799734875,13.377619356135552,11.148625150930483,2.5286629151383235
1109,training,0.005163282,0.09624502062797546,0.013060688799734875,13.32834347309018,11.18244219284593,2.5522059936753574
1110,training,0.0012397071,0.14213277865201235,0.013060688799734875,13.294998827195085,11.204290561257453,2.5716212058791044
1111,training,0.011602802,0.10595730878412724,0.013060688799734875,13.26118352771609,11.225453054245524,2.593835438951991
1112,training,0,0.04068807512521743,0.013060688799734875,13.244201053479328,11.23566270248337,2.606605120748126
1113,training,0.0030552524,0.12746934965252876,0.013060688799734875,13.209727523617484,11.255595815877511,2.6261994120582366
1114,training,0.0031016378,0.14740998670458794,0.05242707206088913,13.174902268662926,11.274964188204136,2.6418086950604476
1115,training,0.0072687482,0.05623173713684082,0.05242707206088913,13.139805300636874,11.293690737430921,2.662099593416152
1116,training,0.0058508073,0.08193833753466605,0.05242707206088913,13.10428310728467,11.31168441713917,2.6797515340730964
1117,training,0,0.03568884171545505,0.05242707206088913,13.068463285582684,11.329401759416617,2.6815893437918557
1118,training,0,0.032437341287732124,0.05242707206088913,13.05059517425422,11.338264749123084,2.67978673702031
1119,training,0,0.024188397452235222,0.05242707206088913,13.014817753872329,11.356164044828292,2.674917444242056
1120,training,0,0.021002350375056267,0.05242707206088913,12.979171746489865,11.3742715509244,2.6685399402196803
1121,training,0,0.007319251075387001,0.08922181775433635,12.961405257424916,11.383377000598415,2.666859865004462
1122,training,0,0.03103379160165787,0.08922181775433635,12.925836383288924,11.401712803705728,2.664407218449106
1123,training,0,0.04279304156079889,0.08922181775433635,12.890387508604018,11.4201277897302,2.6602718324177763
1124,training,0,0.026571461465209726,0.08922181775433635,12.855008256576383,11.438644065064942,2.6589391153255546
1125,training,0,0.027926279231905937,0.08922181775433635,12.819630305494359,11.457181033584318,2.657987779403541
1126,training,0,0.019875330850481987,0.08922181775433635,12.784261333051456,11.475754950258404,2.6588642739749284
1127,training,0,0.013054519891738892,0.0838863422535239,12.748835869978278,11.494239000757519,2.662688077974431
1128,training,0,0.03131808154284954,0.0838863422535239,12.713401380972144,11.512577315302497,2.6647403073974183
1129,training,0,0.0007270239293575287,0.0838863422535239,12.677906642565572,11.530828683064225,2.668819019151841
1130,training,0,0.042513856664299965,0.0838863422535239,12.642333108103928,11.548911386715877,2.672588472975687
1131,training,0.0049515273,0.07251686044037342,0.0838863422535239,12.588844558207159,11.575887874127247,2.6765569168780248
1132,training,0,0.011759955435991287,0.0838863422535239,12.553125346829663,11.593737186825972,2.6785821191086314
1133,training,0,0.04822245799005032,0.03701968536724205,12.535273602622015,11.602650230312722,2.6779450643373925
1134,training,0.0026449026,0.06429745070636271,0.03701968536724205,12.481647463632717,11.629457491879556,2.678842943904869
1135,training,0,0.04554519802331924,0.03701968536724205,12.445939741549523,11.647255033363535,2.6786097682544607
1136,training,0,0.043594889342784875,0.03701968536724205,12.410168167018057,11.665077347134368,2.6808799810179784
1137,training,0,0.031995502300560474,0.03701968536724205,12.374341976661505,11.682755303472305,2.685061784370172
1138,training,0.0065851724,0.06544575560837984,0.03701968536724205,12.338521500023543,11.700312101017916,2.6866045798654095
1139,training,0.046346933,0.07060952484607695,0.016139233465976857,12.302608769914674,11.717792730790412,2.691046407411754
1140,training,0,0.0236521502956748,0.016139233465976857,12.266682437411134,11.735062681958613,2.694742142281316
1141,training,0.027425632,0.06350948195904493,0.016139233465976857,12.230590347972678,11.752307817784578,2.696484997321878
1142,training,0.0058317743,0.10502315685153006,0.016139233465976857,12.176543177343975,11.777943237818391,2.6992968789529894
1143,training,0.0029099123,0.11373797804117201,0.016139233465976857,12.122382803374245,11.803787359298502,2.6923793479551668
1144,training,0.005832548,0.17407572269439697,0.03907317354742653,12.086437584159585,11.82128393272271,2.6834555877057134
1145,training,0.009766135,0.13309845700860023,0.03907317354742653,12.032811397334946,11.848312500970668,2.666421341050873
1146,training,0.0018855166,0.14606687799096107,0.03907317354742653,11.99726103752183,11.866749283128497,2.659821773000515
1147,training,0.008954939,0.07874230295419693,0.03907317354742653,11.979706607973009,11.87594500831233,2.659134900577791
1148,training,0.0025816243,0.11592278629541394,0.03907317354742653,11.944311150381068,11.894360068264742,2.6656348443914486
1149,training,0.001435274,0.08518006280064586,0.03907317354742653,11.908738643191997,11.912461063320379,2.676075741919016
1150,training,0.0013451731,0.09073860943317413,0.05713274418551527,11.890972984933969,11.92134010604752,2.680357031641339
1151,training,0.0044666235,0.11623696237802505,0.05713274418551527,11.855126377610885,11.938931386072143,2.6904083475752945
1152,training,0.0027288417,0.10206755250692368,0.05713274418551527,11.837165562602,11.947570246016285,2.696285122249922
1153,training,0.023189189,0.07815660536289216,0.05713274418551527,11.801129698639519,11.964538505362281,2.7052513872570905
1154,training,0.0071804198,0.13850487396121028,0.05713274418551527,11.764834776816208,11.981344012652235,2.7099310769055593
1155,training,0.009667782,0.13302952982485292,0.05713274418551527,11.728535000309323,11.997971960797374,2.713103413887805
1156,training,0.015747638,0.16112074069678783,0.05713274418551527,11.692264978916873,12.014581854961877,2.710197668046549
1157,training,0.011460053,0.19283439125865698,0.08465681416034193,11.655937066941458,12.03135177630541,2.7082892542548627
1158,training,0.00446007,0.1787738730199635,0.08465681416034193,11.619745685027087,12.04808169831123,2.708320195436586
1159,training,0.0027232915,0.18297367356717587,0.08465681416034193,11.58343254365365,12.064839147918653,2.7107837364341427
1160,training,0.0037868524,0.1515298262238503,0.08465681416034193,11.547099764799427,12.081392393840181,2.7179393024001803
1161,training,0.0041309884,0.1732683144509792,0.08465681416034193,11.51078248195333,12.097621446134012,2.724479971421551
1162,training,0.003130184,0.1535979621112347,0.08465681416034193,11.47414774489038,12.113683460802918,2.732725149632001
1163,training,0.0028113313,0.17163558304309845,0.12092163550594034,11.437561793960423,12.129320885565257,2.741148688126935
1164,training,0.011059202,0.1774161793291569,0.12092163550594034,11.400791534347203,12.144491635727194,2.767279215074989
1165,training,0.002091828,0.19081231951713562,0.12092163550594034,11.363470234521335,12.158289525844156,2.8084929470866022
1166,training,0.002794813,0.19446700811386106,0.12092163550594034,11.325895303992745,12.170483841365721,2.8453479509662274
1167,training,0.008342087,0.16165200620889664,0.12092163550594034,11.287608877752861,12.181469071147365,2.878432564058857
1168,training,0.0023895355,0.17235533893108368,0.12092163550594034,11.248950708432815,12.19134562187715,2.9023414283242674
1169,training,0.007974781,0.14822525531053543,0.11771579734678013,11.190701616502896,12.204585974571234,2.933684021330891
1170,training,0.0023442588,0.05407289229333401,0.11771579734678013,11.171181476224985,12.208615675255837,2.942555423918433
1171,training,0,0.045888775959610946,0.11771579734678013,11.132162313673016,12.2161398296013,2.956646589006357
1172,training,0,0.037605962716042995,0.11771579734678013,11.092835236303154,12.223364837534545,2.963186728936125
1173,training,0,0.04586367402225733,0.11771579734678013,11.053520164644645,12.23036543343143,2.9667816109484355
1174,training,0.006115853,0.05806084070354701,0.11771579734678013,11.014236734385891,12.237171695562974,2.9734031756038264
1175,training,0.006199691,0.0938725620508194,0.09426939902204587,10.974820398344265,12.243700791564368,2.981213336070031
1176,training,0.0041742604,0.09248282387852669,0.09426939902204587,10.93542904909483,12.24989846170279,2.9906917736604317
1177,training,0.01005266,0.07459111139178276,0.09426939902204587,10.895962569649516,12.255634756387623,3.0042056426913994
1178,training,0,0.04227006249129772,0.09426939902204587,10.856440532219183,12.260865345483293,3.014854440779266
1179,training,0,0.0009753424674272537,0.09426939902204587,10.816810563791584,12.26576120042595,3.0210450499632557
1180,training,0,0.00956045277416706,0.09426939902204587,10.777143946034935,12.270546911926795,3.0191169736852497
1181,training,0,0.014968303032219408,0.06412135853107845,10.757322556179417,12.273020028457667,3.015495530686561
1182,training,0,0.01788288913667202,0.06412135853107845,10.717648251395003,12.278164576154637,3.0108414633318037
1183,training,0,0.0026635490357875824,0.06412135853107845,10.67797613520362,12.283406416736467,3.008930437768762
1184,training,0,0.03629786893725395,0.06412135853107845,10.6383840437552,12.288794889563995,3.002767615228519
1185,training,0,0.0495768990367651,0.06412135853107845,10.598822683447503,12.294402763779937,3.0003318390739344
1186,training,0.009881459,0.05499889329075813,0.06412135853107845,10.539517522077514,12.302813819451842,3.001063676629392
1187,training,0,0.04595239274203777,0.031017574284895974,10.499981133625516,12.308332713656753,3.004904275786939
1188,training,0.0021832287,0.056990692391991615,0.031017574284895974,10.460410268444333,12.313778161670697,3.0018087671765237
1189,training,0.003687572,0.06032679229974747,0.031017574284895974,10.420808917062985,12.319461668916073,2.9964215196023387
1190,training,0,0.041289160959422595,0.031017574284895974,10.38122834985873,12.325315915117633,2.9931146172121226
1191,training,0.003974471,0.05414957460016012,0.031017574284895974,10.341713854291903,12.331260111226468,2.9910679211804956
1192,training,0.006570665,0.050430122762918486,0.031017574284895974,10.302211203655004,12.337237979807977,2.9923318453925307
1193,training,0.0014200597,0.051791498437523835,0.004306770112445909,10.262663505164216,12.343117338822724,2.9954474708115173
1194,training,0.006528978,0.057446880266070366,0.004306770112445909,10.203414594866855,12.351774240946504,2.9969341967752836
1195,training,0.02718206,0.0719599537551403,0.004306770112445909,10.163808857966622,12.357563261837374,2.994486253575344
1196,training,0,0.01663315715268254,0.004306770112445909,10.12431378378385,12.363521282088318,2.9901645392311313
1197,training,0,0.028505770955234766,0.004306770112445909,10.104589792196608,12.366522251474636,2.990965486983381
1198,training,0,0.04704592609778046,0.004306770112445909,10.065031463620219,12.372477810584995,2.9929952406787073
1199,training,0.006266157,0.05466898018494248,0.015694615547455177,10.025556379074526,12.37839421329986,2.9924334165078723
1200,training,0,0.0015311185270547867,0.015694615547455177,9.986069271415511,12.384279279550334,2.995002246427319
1201,training,0,0.00026409514248371124,0.015694615547455177,9.9662675801849,12.387177777161085,2.997611852703761
1202,training,0,0.021381352096796036,0.015694615547455177,9.926777348717465,12.392831123177457,3.0006112772906626
1203,training,0,0.033907923847436905,0.015694615547455177,9.88724218962709,12.398355330270842,3.004772707228298
1204,training,0,0.04672475531697273,0.015694615547455177,9.847680683960075,12.403721471944497,3.007423381225563
1205,training,0,0.011193754617124796,0.03922746828321112,9.808047782992391,12.409036947814013,3.008881115148619
1206,training,0,0.03002454014495015,0.03922746828321112,9.768440086964047,12.414264153017658,3.0115859706132553
1207,training,0,0.03813931392505765,0.03922746828321112,9.728867879280779,12.419420722321014,3.011534365185555
1208,training,0,0.033827696461230516,0.03922746828321112,9.68923787432106,12.424585631334853,3.012382763265251
1209,training,0,0.0010345596820116034,0.03922746828321112,9.649602631169985,12.429707992807723,3.0126356165446615
1210,training,0,0.006068404793040827,0.03922746828321112,9.609974420381493,12.434888432865373,3.0104369154233117
1211,training,0,0.0328338872641325,0.059890518715900495,9.57035743309845,12.44011737867624,3.0100262651511467
1212,training,0.005396802,0.0545097440481186,0.059890518715900495,9.510926583881503,12.44807690591024,3.0059578165252363
1213,training,0.0011816997,0.1733777225017548,0.059890518715900495,9.471337133131753,12.453497043017002,3.0049578041476175
1214,training,0.025286201,0.15892027318477628,0.059890518715900495,9.431760507619112,12.45901030744779,2.999336825280304
1215,training,0.0020087392,0.1774595603346825,0.059890518715900495,9.392156242116291,12.464872151432129,2.9892210420055667
1216,training,0.007930265,0.20772301778197286,0.059890518715900495,9.35257386370184,12.471166056579664,2.9781199947987216
1217,training,0.00573756,0.21236750110983846,0.02153000772902328,9.313112814819156,12.47796203723541,2.9634355519510036
1218,training,0.035097424,0.22387177869677546,0.02153000772902328,9.27380678077253,12.485295954297518,2.951203063539313
1219,training,0.015004214,0.24123286083340642,0.02153000772902328,9.234426922457454,12.493090074776466,2.9415605993894114
1220,training,0.017373709,0.26640981808304787,0.02153000772902328,9.19532821373258,12.50121220158721,2.9324584338321387
1221,training,0.023004878,0.289849478751421,0.02153000772902328,9.156230969224932,12.509632646985002,2.9266474975882035
1222,training,0.004137299,0.25260384380817413,0.02153000772902328,9.117110134416594,12.518285011260875,2.920559097563234
1223,training,0.013492376,0.25428407825529575,0.06587593709328125,9.078203838215353,12.527104378464294,2.917012856450284
1224,training,0.0017690989,0.25167410261929035,0.06587593709328125,9.039147509272382,12.536036628855777,2.9170189326944422
1225,training,0.00651787,0.241386279463768,0.06587593709328125,9.019666863015004,12.540474966230711,2.9181054778635325
1226,training,0.0049317256,0.24344837665557856,0.06587593709328125,8.96129285408275,12.553517446411856,2.925741805338379
1227,training,0.008411801,0.2544493433088064,0.06587593709328125,8.92217966083176,12.56200385636166,2.9293787102540163
1228,training,0.0066060335,0.27483054250478745,0.06587593709328125,8.883189135802008,12.570360719308804,2.9312949987734815
1229,training,0.011767187,0.28844393417239195,0.11872629916831742,8.844051469493026,12.578694583507561,2.931809339344588
1230,training,0.014035715,0.307440897449851,0.11872629916831742,8.806120752356593,12.586189627583389,2.9703294449496824
1231,training,0.003639894,0.31597274914383894,0.11872629916831742,8.7670262171442,12.591770472232666,3.0304814113242444
1232,training,0.0073865848,0.31881652772426605,0.11872629916831742,8.727737198664958,12.595039989424539,3.0839484381575755
1233,training,0.0044209915,0.24195004254579544,0.11872629916831742,8.688064961074497,12.59642274213825,3.128128693128709
1234,training,0.010003067,0.26292751729488373,0.11872629916831742,8.648294502827275,12.596254384367349,-3.1202356348122136
1235,training,0.008234953,0.2523771971464157,0.14659509911694973,8.60867319104082,12.594822227136795,-3.0913262208766605
1236,training,0.0038833509,0.21540481597185135,0.14659509911694973,8.54892952014632,12.590718809519352,-3.0557830021701347
1237,training,0.009057935,0.14781998097896576,0.14659509911694973,8.509418588136272,12.586897616552614,-3.0356685892333988
1238,training,0.0077582262,0.1549101546406746,0.14659509911694973,8.469645223975377,12.58237032125271,-3.020959298949086
1239,training,0.0069158017,0.1699492521584034,0.14659509911694973,8.430228608940213,12.577276489512546,-3.004521599575662
1240,training,0.0051542455,0.1407554019242525,0.1277170335720623,8.351330288652402,12.565174544864066,-2.977461586259231
1241,training,0.012249877,0.07485219184309244,0.1277170335720623,8.31220672419329,12.558490440696744,-2.968731105222891
1242,training,0,0.012739939615130424,0.1277170335720623,8.292520851990172,12.555025964127562,-2.966882642381927
1243,training,0,0.0077217780053615535,0.1277170335720623,8.272772049406429,12.551536919263215,-2.9673622891153335
1244,training,0,0.005131704732775692,0.1277170335720623,8.233347315179635,12.544708791950136,-2.9729410864334773
1245,training,0,9.003281593322754e-05,0.1277170335720623,8.213721624904046,12.541383694395021,-2.9751940790602265
1246,training,0,0.00472819060087204,0.1277170335720623,8.174161503097482,12.53486062018676,-2.9816570671588924
1247,training,0,0.018352106213569648,0.08648425863838874,8.134604402671982,12.528658292252407,-2.990657987221105
1248,training,0,0.03751215152442455,0.08648425863838874,8.114920757157694,12.525695458413876,-2.9941492088549313
1249,training,0.0025087423,0.07370757637545466,0.08648425863838874,8.055382624608013,12.51714647954732,-3.003594016972758
1250,training,0,0.04981105029582977,0.08648425863838874,8.015825495644677,12.511735135115126,-3.0058481782759263
1251,training,0,0.04942856961861253,0.08648425863838874,7.996043830246712,12.50902570553875,-3.005400809898881
1252,training,0,0.035232849419116974,0.08648425863838874,7.9563097741189495,12.503572382359518,-3.0055892517420193
1253,training,0,0.033486323431134224,0.054536821180573014,7.916825110523119,12.498215200865884,-3.0086036202848025
1254,training,0,0.03740936703979969,0.054536821180573014,7.877159371666952,12.492986322738565,-3.0128452684887868
1255,training,0,0.029834974557161324,0.054536821180573014,7.8373551062900475,12.487942336308445,-3.0188002533067633
1256,training,0,0.027331363409757614,0.054536821180573014,7.797803816115973,12.483167200827515,-3.024948407191303
1257,training,0,0.026959609240293503,0.054536821180573014,7.757905865134813,12.4786407219856,-3.0327726078208546
1258,training,0,0.035941530019044876,0.054536821180573014,7.718145502374137,12.474480059545149,-3.0418767260603907
1259,training,0,0.028828080743551247,0.030750149220618302,7.678348274000703,12.470662827608354,-3.049916500271679
1260,training,0,0.04162735119462013,0.030750149220618302,7.638254244848987,12.46715757979851,-3.060878524024753
1261,training,0.0055032275,0.0812770389020443,0.030750149220618302,7.5784405376203265,12.463052417320386,-3.0861127474917334
1262,training,0.0084826015,0.12804805673658848,0.030750149220618302,7.538142952290745,12.461226348591977,-3.1072381936434583
1263,training,0.0128822345,0.16036288533359766,0.030750149220618302,7.4981193644427675,12.460331187682472,-3.133145032156505
1264,training,0.0051867724,0.16522525250911713,0.0260927082078525,7.4578464739127375,12.460576967504979,3.120211700784418
1265,training,0.0030966164,0.20800792425870895,0.0260927082078525,7.39763120204645,12.463104355397476,3.0796612626778264
1266,training,0.0016474876,0.23998722434043884,0.0260927082078525,7.357506776120501,12.46615864400352,3.0510538128852653
1267,training,0.007002505,0.22515836358070374,0.0260927082078525,7.337496954166852,12.468105709913424,3.0381374200327196
1268,training,0.0004870893,0.24873778969049454,0.0260927082078525,7.297657847590223,12.472623402941958,3.0189389135284745
1269,training,0.003214354,0.25025974959135056,0.047089723998113626,7.258001229116958,12.477853051251861,3.0028770507899893
1270,training,0.0040940423,0.2668273560702801,0.047089723998113626,7.218330460052475,12.483555509660365,2.9957898906962424
1271,training,0.0022404364,0.2643591267988086,0.047089723998113626,7.178816515175871,12.489423303341136,2.991811603843031
1272,training,0.0039340113,0.2842508787289262,0.047089723998113626,7.139274488916702,12.495436201201375,2.9898690568531747
1273,training,0.0034505615,0.27667085733264685,0.047089723998113626,7.099748185184467,12.501460942643979,2.9909147555565467
1274,training,0.0070362906,0.2959989653900265,0.047089723998113626,7.060310940088782,12.507442176957262,2.9907746909291557
1275,training,0.008141071,0.31249668542295694,0.09444457035421804,7.020809640071103,12.513409234482573,2.992684417592126
1276,training,0.011903119,0.3265571519732475,0.09444457035421804,6.981315772429545,12.519308093556715,2.992236124522593
1277,training,0.0119079845,0.25567992590367794,0.09444457035421804,6.941750878684452,12.525345939112361,2.987189528042888
1278,training,0.0064327577,0.29123679921031,0.09444457035421804,6.902237862185126,12.531627821774503,2.9797162377730797
1279,training,0.002756172,0.2677011154592037,0.09444457035421804,6.862780284291336,12.53831687649069,2.966513094589327
1280,training,0.013920919,0.27956528961658483,0.09444457035421804,6.823422196679118,12.545508635355665,2.9557360674431807
1281,training,0.025471762,0.27966055087745195,0.13816040323523998,6.784049828742985,12.553075370620645,2.948015480257462
1282,training,0.025855385,0.46064541768282646,0.13816040323523998,6.745555397589804,12.560399034813935,2.9721441109149573
1283,training,0.0035128768,0.4497296269983054,0.13816040323523998,6.706066965993913,12.565827895906075,3.048482813819772
1284,training,0.012823045,0.465698704123497,0.13816040323523998,6.667037783592785,12.567755794937572,3.1340628738549063
1285,training,0.0068450104,0.47465601563453674,0.13816040323523998,6.627582952956947,12.56656967494246,-3.0790168289577533
1286,training,0.013844218,0.3153102733194828,0.17030402933614983,6.588335663698303,12.56285875712812,-3.0138748172026926
1287,training,0.006227881,0.19882093463093042,0.17030402933614983,6.54945254937297,12.55660836469873,-2.9532760266960456
1288,training,0.0073125875,0.2366622220724821,0.17030402933614983,6.510650329065267,12.548225232481872,-2.908619132223352
1289,training,0.0066756634,0.16343374643474817,0.17030402933614983,6.472226591097793,12.538236958602484,-2.863467890643033
1290,training,0.0058769323,0.09090726263821126,0.1515859628592332,6.434529448737373,12.5265813047381,-2.8243851978425125
1291,training,0.0045563974,0.08943372592329979,0.1515859628592332,6.377922324813987,12.507096782142947,-2.7994978999407345
1292,training,0.004287284,0.19466061890125275,0.1515859628592332,6.34044139684558,12.49357594751626,-2.792631758240529
1293,training,0.011737481,0.14545392617583275,0.1515859628592332,6.321766255795235,12.486740186097624,-2.7874195433206124
1294,training,0.008375017,0.11611515656113625,0.1515859628592332,6.265610589978756,12.465425409142787,-2.7726912219977455
1295,training,0,0.02953740581870079,0.09282639128120498,6.247109982478035,12.458218700384,-2.768095341480289
1296,training,0,0.00025399960577487946,0.09282639128120498,6.210002545984949,12.443581345791584,-2.765662312065154
1297,training,0,0.0460130013525486,0.09282639128120498,6.172596410392271,12.4288883871344,-2.7698282124899087
1298,training,0,0.028813964687287807,0.09282639128120498,6.154073982135663,12.421675594828045,-2.7700104560245125
1299,training,0,0.03486680518835783,0.09282639128120498,6.116929540650711,12.407159829978344,-2.7694789570792717
1300,training,0,0.014556068927049637,0.09282639128120498,6.0794960986495665,12.392602107835529,-2.7718833669452505
1301,training,0,0.009762581437826157,0.09282639128120498,6.042291614992718,12.378259122391572,-2.778113960090869
1302,training,0,0.046587228775024414,0.05534745549496839,6.004734439689774,12.364241386096186,-2.790156745661609
1303,training,0.0061898683,0.05777966231107712,0.05534745549496839,5.9481863725808495,12.343917886903407,-2.80129553439085
1304,training,0,0.012666121125221239,0.05534745549496839,5.910436956617186,12.330667790329082,-2.8067237348862477
1305,training,0,0.03260582685470581,0.05534745549496839,5.891426987035582,12.324088474086702,-2.8110730646611946
1306,training,0,0.03510765731334688,0.05534745549496839,5.85350279574851,12.311332714480852,-2.8247221160063622
1307,training,0,0.048161525279283524,0.05534745549496839,5.815318975558611,12.299175351484214,-2.841882293683011
1308,training,0.0052681593,0.055358286947011934,0.05165726344603166,5.75766152051671,12.282076562470817,-2.8645548536961365
1309,training,0,0.0036933496594429016,0.05165726344603166,5.719041651611902,12.271442507676571,-2.8815806868736855
1310,training,0,0.001265915110707283,0.05165726344603166,5.699662913521919,12.266297219413705,-2.8813699206867383
1311,training,0,0.00796534493565559,0.05165726344603166,5.6610440429186495,12.256036278150782,-2.882988729908068
1312,training,0,0.027586791664361954,0.05165726344603166,5.622403669648367,12.245904989827409,-2.8882311590503416
1313,training,0,0.03675465378910303,0.05165726344603166,5.583688913147859,12.23600671603849,-2.8944876519054787
1314,training,0,0.04189328569918871,0.03623720113663376,5.544850807149464,12.226376649941113,-2.9035403640079003
1315,training,0,0.03992511425167322,0.03623720113663376,5.505870301516734,12.217124567576247,-2.911466957121543
1316,training,0.0032963913,0.05875403527170419,0.03623720113663376,5.4475580386645515,12.203480002163642,-2.912739768479522
1317,training,0.006404737,0.06818303279578686,0.03623720113663376,5.408588007328731,12.19443828508281,-2.914524925558703
1318,training,0.0043497626,0.050472404807806,0.03623720113663376,5.36972493052372,12.185466240532916,-2.9159800053248555
1319,training,0.02797671,0.06173860654234886,0.03623720113663376,5.330706020484523,12.176616930331434,-2.9226964608196324
1320,training,0.00454596,0.05342030804604292,0.02685141478416113,5.272106494836035,12.163896402369796,-2.9309042448161717
1321,training,0.02040695,0.10011390969157219,0.02685141478416113,5.233050167866672,12.155512328382605,-2.9280621112273177
1322,training,0.020526962,0.05840987013652921,0.02685141478416113,5.194042757777413,12.146891128895653,-2.9187204563913256
1323,training,0.0010558135,0.07710397988557816,0.02685141478416113,5.135914114207024,12.133113854863495,-2.9007549164146607
1324,training,0.009717195,0.0756199061870575,0.02685141478416113,5.116532029045711,12.128318939345071,-2.8975818656954555
1325,training,0.009691447,0.1083640605211258,0.01008422911846908,5.0778157181144445,12.11854665620704,-2.890574349100085
1326,training,0.0072520543,0.07543540187180042,0.01008422911846908,5.0199907885479345,12.103323520521863,-2.877926119315664
1327,training,0,0.04682675376534462,0.01008422911846908,5.00067908199951,12.098070222043688,-2.8736406668484133
1328,training,0,0.04901333898305893,0.01008422911846908,4.981448946890108,12.0927382514508,-2.8683930045151835
1329,training,0.0052159745,0.0649006012827158,0.01008422911846908,4.9240451005069765,12.076160039807208,-2.8536056905504332
1330,training,0.0021166785,0.08036409318447113,0.01008422911846908,4.885698245737177,12.06462552819128,-2.8450826834734517
1331,training,0,0.037140573374927044,0.03517745961276089,4.866674911423234,12.05875819544663,-2.8400014652044465
1332,training,0,0.04195477347820997,0.03517745961276089,4.828678705998774,12.046824433343444,-2.836038433568403
1333,training,0,0.006763004697859287,0.03517745961276089,4.790467326047924,12.03472765589331,-2.833818469767824
1334,training,0,0.009888257831335068,0.03517745961276089,4.752522968884787,12.022585211727753,-2.8311004120218892
1335,training,0,0.011064077727496624,0.03517745961276089,4.7144788317555415,12.010385063904462,-2.8318522584523453
1336,training,0,0.018614813685417175,0.03517745961276089,4.695365239495369,12.00427137111922,-2.8321730227692687
1337,training,0,0.013292642775923014,0.03517745961276089,4.657372906124409,11.992100324996295,-2.8319712068172738
1338,training,0.008063711,0.058593973517417915,0.06778885181428557,4.581100017839696,11.967943775479776,-2.837562264829996
1339,training,0.0037980285,0.07426214963197708,0.06778885181428557,4.543020110541691,11.956048707555048,-2.841159137030789
1340,training,0.0051272577,0.10684037953615189,0.06778885181428557,4.485545268803457,11.938513230090015,-2.8499654197441795
1341,training,0.005102424,0.13944489508867264,0.06778885181428557,4.42806601222165,11.92160049337995,-2.8624512573310055
1342,training,0.0049895965,0.1795378737151623,0.0569796482724468,4.40874687112089,11.916118556357429,-2.868103120873344
1343,training,0.003565005,0.17767668142914772,0.0569796482724468,4.389441447871881,11.910755604544786,-2.8729920758066676
1344,training,0.0037342696,0.19161410257220268,0.0569796482724468,4.350905780376437,11.900281306400007,-2.8793958375461615
1345,training,0.009595827,0.1855458877980709,0.0569796482724468,4.312233774473514,11.890003267434023,-2.884032111504325
1346,training,0.0026092886,0.19609843753278255,0.0569796482724468,4.29286868419405,11.88491398876132,-2.8846528940997773
1347,training,0.0033833133,0.23863115720450878,0.0569796482724468,4.254296662783251,11.874719575045956,-2.88186667575981
1348,training,0.003939671,0.18830879032611844,0.0569796482724468,4.215713696702004,11.864395778235004,-2.878112541706743
1349,training,0.004031045,0.1987900361418724,0.025109739410553934,4.157969238507345,11.84845872037457,-2.8649405422639993
1350,training,0.005316497,0.23497955501079554,0.025109739410553934,4.11970589237697,11.837347617447383,-2.852794037755777
1351,training,0.0033768786,0.2060480043292045,0.025109739410553934,4.081492008531206,11.825697783601438,-2.837102778250907
1352,training,0.004795508,0.22137248516082758,0.025109739410553934,4.043683901730563,11.813464431226073,-2.82105007681912
1353,training,0.0018962738,0.19984909892082214,0.025109739410553934,4.02478905044963,11.807112533789812,-2.8137537781835342
1354,training,0.0028264408,0.22610471397638315,0.025109739410553934,3.9869536375947043,11.793951997192726,-2.799048357305462
1355,training,0.003756401,0.29045698791742325,0.025109739410553934,3.949657233766367,11.780326184843794,-2.7845611603673173
1356,training,0.003684684,0.31862179189920425,0.028661500821889115,3.9123249309964736,11.76613528470382,-2.7722800888793664
1357,training,0.0037053484,0.2992356270551682,0.028661500821889115,3.8751137241158014,11.751485947996029,-2.759099178721435
1358,training,0.016117197,0.2200582474470139,0.028661500821889115,3.8383322983899437,11.73640871803014,-2.746341827914488
1359,training,0.0037338287,0.23149024695158005,0.028661500821889115,3.8014537929797716,11.720761607463198,-2.7336855940825666
1360,training,0.002321296,0.25406675040721893,0.028661500821889115,3.7650399964681083,11.704744323894456,-2.7199211883967456
1361,training,0.0013279549,0.22513824701309199,0.028661500821889115,3.728801093621768,11.688163813987428,-2.705140699706235
1362,training,0.004223906,0.2712118029594422,0.049663664550327745,3.6926392727117356,11.67099769866164,-2.6911784436608217
1363,training,0.0057326043,0.21179906278848654,0.049663664550327745,3.657031604628655,11.653461920880495,-2.6776083060511953
1364,training,0.00083035545,0.2141406536102295,0.049663664550327745,3.6213739877762547,11.63535044828789,-2.6657537196786465
1365,training,0.0026464083,0.2110344097018242,0.049663664550327745,3.586035830478476,11.616900044994523,-2.6547923217311227
1366,training,0.0062876185,0.23476016148924828,0.049663664550327745,3.5509963961055124,11.598045685355082,-2.641251853734018
1367,training,0.0056192903,0.2271088808774948,0.049663664550327745,3.5160488680282054,11.578662306972236,-2.6298499679545606
1368,training,0.010720948,0.23160567879676813,0.1198723611080175,3.4814194768542923,11.558999389782572,-2.620557700909699
1369,training,0.00081673934,0.19267195835709572,0.1198723611080175,3.4475013761445603,11.538581356615186,-2.572276327807126
1370,training,0.00603972,0.07661139219999313,0.1198723611080175,3.4147692600435615,11.516431127952817,-2.522335022778512
1371,training,0.0072858725,0.08209677040576935,0.1198723611080175,3.3828120685542045,11.492830427634852,-2.48979935952157
1372,training,0,0.01712743192911148,0.1198723611080175,3.36719376231014,11.4806835295773,-2.4711251563831143
1373,training,0,0.012039046734571457,0.1198723611080175,3.336547118572983,11.455525143578798,-2.443378211163347
1374,training,0,0.0035573355853557656,0.1198723611080175,3.306046470840159,11.429550414998925,-2.4292551306167596
1375,training,0.011164782,0.05376254767179489,0.15417075188701926,3.2761381108422456,11.403410716570004,-2.4183720592340268
1376,training,0,0.03568547684699297,0.15417075188701926,3.246345189238556,11.376805643342372,-2.404299057980578
1377,training,0.0056097666,0.10092926025390625,0.15417075188701926,3.2025891737085592,11.33606265729461,-2.3846321041634635
1378,training,0.0037056895,0.08272747695446014,0.15417075188701926,3.1734241426472014,11.308612250170942,-2.3911783392073125
1379,training,0.057909742,0.12034108489751816,0.15417075188701926,3.1439558569995047,11.281374905790805,-2.3982837659124723
1380,training,0.007212583,0.10840529203414917,0.15417075188701926,3.114451314923837,11.254484747897962,-2.4095541547070045
1381,training,0,0.00864851847290992,0.15417075188701926,3.0843463488680434,11.227816186590879,-2.4226573436546808
1382,training,0.0010046721,0.13729868084192276,0.15577600101687814,3.0543713434596307,11.201626978501302,-2.4197238171312723
1383,training,0.002264918,0.20874787867069244,0.15577600101687814,3.0244249358890416,11.17516683889353,-2.421217508724835
1384,training,0.008358835,0.14443614333868027,0.15577600101687814,2.993955155535982,11.148868797738551,-2.4405597364594804
1385,training,0.005766011,0.2127581089735031,0.15577600101687814,2.9633811848727647,11.123507525268174,-2.4539972487073998
1386,training,0.007664098,0.2560192346572876,0.15577600101687814,2.9321962039932994,11.098188326779821,-2.4677181451252705
1387,training,0.08159724,0.22731031849980354,0.15577600101687814,2.8848087398277786,11.061373501977624,-2.4961013441505107
1388,training,0.012230476,0.2806275859475136,0.13125882914485873,2.8200164053420367,11.014140111191418,-2.522360521531922
1389,training,0.004129477,0.238087248057127,0.13125882914485873,2.787279509106741,10.991144376684149,-2.5375510462440865
1390,training,0.007917155,0.16173394955694675,0.13125882914485873,2.754066267067643,10.968599692312965,-2.551657630591936
1391,training,0.006872289,0.09035449475049973,0.13125882914485873,2.7207322253428408,10.946479805266385,-2.5588760547167655
1392,training,0.006161576,0.08932969812303782,0.13125882914485873,2.6872577265543742,10.92454615548764,-2.5630415174534633
1393,training,0,0.028816454112529755,0.13125882914485873,2.6538525054241076,10.902707670017547,-2.562702675692183
1394,training,0.0021302942,0.056465812027454376,0.07442870411226314,2.6207033502649386,10.880911455987945,-2.5540949411659613
1395,training,0.0041055847,0.11489783599972725,0.07442870411226314,2.5876378729286724,10.858545335349692,-2.5406100828074147
1396,training,0.017545935,0.07367818802595137,0.07442870411226314,2.538659405078963,10.824333782987217,-2.526233136484456
1397,training,0,0.0005065798759460449,0.07442870411226314,2.5224097764641624,10.812769709253866,-2.5187681712735173
1398,training,0.0057308343,0.06544151902198792,0.07442870411226314,2.47467790881802,10.776993525122332,-2.474639573549632
1399,training,0,0.04242394119501114,0.07442870411226314,2.4591643450352048,10.764625867187847,-2.4638899958766936
1400,training,0.0018421485,0.11919354647397995,0.07442870411226314,2.4283634816848565,10.739283186033553,-2.4411696227888156
1401,training,0.0024790682,0.05147466063499451,0.011551506676497028,2.3982888804720806,10.713359876129637,-2.421353386737819
1402,training,0,0.01115579903125763,0.011551506676497028,2.3834396364915795,10.700216024387768,-2.4103857275184017
1403,training,0.0010423181,0.07040641456842422,0.011551506676497028,2.3543475998365486,10.673149054103979,-2.3742914165227695
1404,training,0,0.016899630427360507,0.011551506676497028,2.340087816186485,10.659163053945226,-2.3566045106508997
1405,training,0,0.04454711079597473,0.011551506676497028,2.312573159811666,10.630692870189153,-2.320403802498781
1406,training,0,0.014280885457992554,0.011551506676497028,2.299234939197684,10.616075164684043,-2.3003935743053665
1407,training,0.0035082016,0.11467667296528816,0.011551506676497028,2.260790019013205,10.570580031633076,-2.2459763333168308
1408,training,0.01687598,0.06828191131353377,0.011551506676497028,2.236578048779929,10.539203426692056,-2.2099198051400086
1409,training,0.010899111,0.17291121557354927,0.09688316629797523,2.213578387056994,10.506995175618274,-2.1720394957954303
1410,training,0,0.0050256699323654175,0.09688316629797523,2.191706502514463,10.473821926258909,-2.135957750162715
1411,training,0.005836468,0.11506634578108788,0.09688316629797523,2.170915978905024,10.439898937681402,-2.105770045891917
1412,training,0,0.04435918852686881,0.09688316629797523,2.160964027819959,10.422824050254135,-2.091087322839414
1413,training,0,0.014163531363010406,0.09688316629797523,2.1416504705224977,10.388006354439622,-2.0662228521956263
1414,training,0.0073323213,0.05651775747537613,0.09688316629797523,2.1229211791981375,10.352690288431019,-2.0513154824200046
1415,training,0,0.01693916693329811,0.09688316629797523,2.104682602551537,10.3173213819283,-2.044275947428153
1416,training,0,0.04383066762238741,0.1284153286458984,2.0864632161413486,10.281595808910115,-2.040682547539845
1417,training,0.0031305891,0.08316025976091623,0.1284153286458984,2.059831740075013,10.228161679435152,-2.024673993032692
1418,training,0.0049382634,0.10191226098686458,0.1284153286458984,2.0425330689681442,10.192091441240613,-2.0091276520267587
1419,training,0.002677777,0.07159260660409929,0.1284153286458984,2.025954901942939,10.155888884102081,-1.9905806840604279
1420,training,0,0.02635824680328369,0.1284153286458984,2.0101442952614255,10.119422844735617,-1.9682934465785518
1421,training,0,0.0035994946956634383,0.0774358273221876,2.0024980681935483,10.100946853921728,-1.9581307299650939
1422,training,0,0.010180987417697906,0.0774358273221876,1.9877529093853497,10.06391602299266,-1.9421398837740367
1423,training,0.0028559424,0.05286327004432678,0.0774358273221876,1.973689533801622,10.0267435587258,-1.9220755413353523
1424,training,0.0026875488,0.08917614445090294,0.0774358273221876,1.9602752488728608,9.98918354620283,-1.9077248551150339
1425,training,0.0019551753,0.1276576817035675,0.0774358273221876,1.941035834974877,9.932592258469619,-1.889233577449646
1426,training,0.0027015128,0.15808889269828796,0.0774358273221876,1.9287947550986608,9.894650072383318,-1.876992075684986
1427,training,0.0036959406,0.13365501165390015,0.028628415735418782,1.9228365037733386,9.875605185266464,-1.8708593519332515
1428,training,0.0032443912,0.12238462269306183,0.028628415735418782,1.9061990225179999,9.818233764063729,-1.8259131818187224
1429,training,0.0033491633,0.1612649210728705,0.028628415735418782,1.8928088529348241,9.76029659290442,-1.7703290031184107
1430,training,0.002878387,0.1287167277187109,0.028628415735418782,1.8856388975433995,9.721253287068325,-1.7355737127536721
1431,training,0.0033435628,0.1956973411142826,0.028628415735418782,1.8770526263919272,9.662236251613217,-1.6983420926456254
1432,training,0.003640344,0.06747597642242908,0.020190373055286755,1.8705036189883655,9.602878244955763,-1.6608054806781394
1433,training,0.011940793,0.08657390251755714,0.020190373055286755,1.8672127315518812,9.563095945994013,-1.6521668217659062
1434,training,0.007882575,0.17716212943196297,0.020190373055286755,1.8655686676599412,9.543059842242696,-1.6536582675335139
1435,training,0.004670967,0.19418016634881496,0.020190373055286755,1.862195798381432,9.503293619459484,-1.655320082624801
1436,training,0.0030785864,0.21593717113137245,0.020190373055286755,1.858933547655709,9.463485252799273,-1.6489591011328217
1437,training,0.021311846,0.23527135327458384,0.020190373055286755,1.8560011967718295,9.423556738198938,-1.6384953492622942
1438,training,0.013687307,0.1811899458989501,0.047181523161760684,1.8547096333639137,9.40372875693046,-1.634624772831207
1439,training,0.004886181,0.16436325758695602,0.047181523161760684,1.8522703101455527,9.36387575535768,-1.6324028271497015
1440,training,0.006759611,0.10492400825023651,0.047181523161760684,1.8496286598097276,9.3237753015814,-1.6436557097068492
1441,training,0.0061154854,0.05134607851505282,0.047181523161760684,1.8481026057593566,9.303883799059616,-1.6524068564152794
1442,training,0.005039099,0.11344674229621887,0.047181523161760684,1.8444167417972754,9.263973426495781,-1.6747268231306882
1443,training,0.0023050085,0.08923229575157168,0.047181523161760684,1.8421950770871804,9.243911099396446,-1.6881629355362344
1444,training,0,0.037214890122413635,0.047181523161760684,1.836918035248329,9.204079755431136,-1.7173848492727704
1445,training,0,0.030364640057086917,0.047181523161760684,1.8305079000269233,9.16449530725412,-1.7449495878643864
1446,training,0,0.0060369595885276656,0.06421179365301045,1.826898448603864,9.144668384568424,-1.7567084959823507
1447,training,0,0.0032835230231285095,0.06421179365301045,1.819057899899853,9.105272388737351,-1.7769476467892362
1448,training,0,0.013610191643238054,0.06421179365301045,1.8104848735711425,9.066236052022589,-1.7967018139414002
1449,training,0,0.0191512331366539,0.06421179365301045,1.8011384472916203,9.0271510429106,-1.8138775357003305
1450,training,0,0.0030719488859176636,0.06421179365301045,1.7912231202617936,8.988400573473402,-1.829530736785234
1451,training,0.008066696,0.0598948672413826,0.06421179365301045,1.7751590347009674,8.930459991754377,-1.8516856810165645
1452,training,0,0.045696208253502846,0.055995685034651264,1.7638436892579972,8.892028311307113,-1.8625148749969511
1453,training,0.0017226085,0.05899291858077049,0.055995685034651264,1.7522224309174779,8.853882441710082,-1.869595584754037
1454,training,0,0.02751984260976315,0.055995685034651264,1.7403977171788276,8.815702372510355,-1.8724183957667222
1455,training,0.008630274,0.06653817556798458,0.055995685034651264,1.7225521308171368,8.758492133729018,-1.8743505838177783
1456,training,0.0098693175,0.06800886616110802,0.055995685034651264,1.7105405557457503,8.720359971007058,-1.8779294372127995
1457,training,0.0032351518,0.092867411673069,0.02771973226794102,1.6983810473741172,8.682286427546803,-1.8833896150792315
1458,training,0.0019698918,0.12288209050893784,0.02771973226794102,1.6859309160387055,8.644245882936469,-1.8911115340054279
1459,training,0.0027295924,0.14123645424842834,0.02771973226794102,1.6731689347076077,8.606310090146978,-1.9003918443975554
1460,training,0.00518421,0.1416616030037403,0.02771973226794102,1.6599605958968098,8.56851134851686,-1.914534004104558
1461,training,0.04393681,0.11967264860868454,0.02771973226794102,1.646291872265281,8.530950546096719,-1.924418821026078
1462,training,0.0035526687,0.11343814618885516,0.02771973226794102,1.6323322000157061,8.493386396746653,-1.9285725200399662
1463,training,0.011510989,0.17380604147911072,0.009206757532287271,1.6182366955897998,8.45601413268707,-1.9345681715449203
1464,training,0.0066520646,0.2060856968164444,0.009206757532287271,1.6038682407662175,8.418719389804593,-1.9441726467486082
1465,training,0.02697924,0.2843320369720459,0.009206757532287271,1.5964605134844239,8.400016559614201,-1.9524095935751398
1466,training,0.014321502,0.2864631935954094,0.009206757532287271,1.5811662508067563,8.362972609866425,-1.9732097610649373
1467,training,0.0038135159,0.2847197651863098,0.009206757532287271,1.5651187670027789,8.32630832412725,-1.9934601879914742
1468,training,0.001304992,0.26398058980703354,0.009206757532287271,1.5482646229367256,8.289728200886966,-2.0104947677265
1469,training,0.02079678,0.302280530333519,0.009206757532287271,1.5309938644425665,8.253728012817414,-2.0255239505285525
1470,training,0.03610747,0.31151868402957916,0.052174524458554694,1.513133475880269,8.217827283490061,-2.03952843318327
1471,training,0.01599556,0.3357422575354576,0.052174524458554694,1.4947177072012656,8.182104265917278,-2.0540597763445554
1472,training,0.005302906,0.31114412099123,0.052174524458554694,1.4758999132564128,8.146886351546978,-2.068960393454208
1473,training,0.004686347,0.25521738082170486,0.052174524458554694,1.4564612761574771,8.111691196350781,-2.0812971081178833
1474,training,0.012976244,0.27889231406152243,0.052174524458554694,1.4368343295956807,8.076878550461116,-2.0865851478418334
1475,training,0.046224006,0.28889336436986923,0.052174524458554694,1.41721411240973,8.04212557463752,-2.081908093044176
1476,training,0.0073819025,0.26973275840282435,0.11521820283151238,1.3977367146618573,8.007084880176937,-2.071609230974103
1477,training,0.014167494,0.33256129920482635,0.11521820283151238,1.370783433446043,7.954534665910434,-1.9993850624562295
1478,training,0.00066228915,0.26580360531806946,0.11521820283151238,1.3628907758411946,7.9364218667458974,-1.963271623701874
1479,training,0.0019097314,0.12537600100040436,0.11521820283151238,1.349112079989367,7.899523415631966,-1.8946000850562028
1480,training,0,0.04141256213188174,0.004323461006012486,1.3377755653560135,7.861812284424495,-1.8331905075499686
1481,training,0.0047477847,0.06734196841716766,0.004323461006012486,1.3284142138292734,7.823298701472032,-1.789846513172406
1482,training,0.0013731442,0.07342356443405149,0.004323461006012486,1.3205742555234206,7.784346833299914,-1.7452245285555068
1483,training,0.0038674325,0.10418712347745895,0.004323461006012486,1.3146937129249916,7.7452103742279705,-1.6949318497989323
1484,training,0.008570013,0.07156988233327866,0.004323461006012486,1.3107282004309122,7.705885670716096,-1.648431213527921
1485,training,0.0013679916,0.07014116644859314,0.004323461006012486,1.3078104556032253,7.646296169910818,-1.5938420450322115
1486,training,0.0032414873,0.12133897840976715,0.029717826752327373,1.3075167020395915,7.606639815912712,-1.5646807612134541
1487,training,0.03371279,0.07008059602230787,0.029717826752327373,1.308268222183627,7.566863684546053,-1.5401818132231517
1488,training,0,0.045037103816866875,0.029717826752327373,1.3089924315916461,7.546959423257088,-1.528779378652678
1489,training,0.0040544164,0.05350177735090256,0.029717826752327373,1.3109008602087708,7.507322378879405,-1.5191655429439939
1490,training,0,0.04772492544725537,0.029717826752327373,1.3130730244258157,7.467426919752662,-1.5142487358458256
1491,training,0,0.04303809301927686,0.029717826752327373,1.3154440493904764,7.4275661689679735,-1.5075162705687895
1492,training,0,0.02410535141825676,0.02832149274310632,1.316753716524166,7.407707733407746,-1.5024919440812528
1493,training,0,0.039004841819405556,0.02832149274310632,1.3196610888125602,7.367883045388403,-1.4945818304288063
1494,training,0,0.0413068775087595,0.02832149274310632,1.322812715993227,7.328031468951543,-1.4893319334555455
1495,training,0,0.04795791767537594,0.02832149274310632,1.3261990039911036,7.288308671325217,-1.4826104939963523
1496,training,0.0048426255,0.06222215294837952,0.02832149274310632,1.3316668421146742,7.228620803711697,-1.4768122448232786
1497,training,0.0047227014,0.1317543275654316,0.02832149274310632,1.335569869014557,7.188927253788896,-1.4679930509504442
1498,training,0.0055961916,0.14274336397647858,0.01256426823902332,1.3422446309867355,7.129506287060472,-1.447883042869149
1499,training,0.007871737,0.12430129572749138,0.01256426823902332,1.3503214529637744,7.070324049381254,-1.4233556259449436
1500,training,0.022174226,0.0912882499396801,0.01256426823902332,1.356363209608479,7.030858468532473,-1.416415136013276
1501,training,0.100360475,0.0891708992421627,0.01256426823902332,1.362579330972006,6.99147678631391,-1.4131888835988498
1502,training,0.0037946631,0.14347463473677635,0.01256426823902332,1.3688083715119057,6.952101160460741,-1.413793154870991
1503,training,0.003348879,0.18268615007400513,0.009988397035829004,1.3751853895460695,6.912576994446646,-1.405810165175442
1504,training,0.031108148,0.21482317149639127,0.009988397035829004,1.37853045621365,6.892877610686776,-1.3980098441623245
1505,training,0.007699183,0.24940232187509537,0.009988397035829004,1.385693099084534,6.853795480054788,-1.3815257448507965
1506,training,0.007661022,0.29173917323350906,0.009988397035829004,1.3935175194605682,6.814606156789557,-1.3662575253111542
1507,training,0.004665289,0.3096672147512436,0.009988397035829004,1.397642340734591,6.794988117367551,-1.3598933880202477
1508,training,0.039130583,0.28947966545820236,0.009988397035829004,1.406200004795274,6.756186742551063,-1.3484916770715865
1509,training,0.002900119,0.27935680188238615,0.05527604316670408,1.4151740512896407,6.717208409713774,-1.3420569568270109
1510,training,0.0047033746,0.21035123988986015,0.05527604316670408,1.4242927750741603,6.67821808881107,-1.3411847262561147
1511,training,0.0073129786,0.18263744935393336,0.05527604316670408,1.4332873517966866,6.63933583305849,-1.3475572016320612
1512,training,0.0062841726,0.19743544608354568,0.05527604316670408,1.4419932705487701,6.600069654976346,-1.3582112421153472
1513,training,0.004199628,0.19884931296110153,0.05527604316670408,1.4502205349058939,6.560999232695468,-1.368186535896412
1514,training,0.0055015585,0.1981010511517525,0.05527604316670408,1.4581067180593956,6.521748007760013,-1.3766441314495623
1515,training,0.0037919134,0.1879588216543198,0.05527604316670408,1.465675869028956,6.482352107386497,-1.3853512741581286
1516,training,0.009847414,0.17488525062799457,0.09814444692067394,1.4728243503702352,6.443057911143469,-1.3972318180558354
1517,training,0.0021717483,0.2123487144708633,0.09814444692067394,1.4794907863571107,6.403419442342811,-1.4115632471915927
1518,training,0.009352619,0.19205234944820404,0.09814444692067394,1.4855753503435025,6.363894718428898,-1.4252256314381193
1519,training,0.001995165,0.14190242439508435,0.09814444692067394,1.4910551326971953,6.324205673485244,-1.4423291938367209
1520,training,0.0036791603,0.20363327860832214,0.09814444692067394,1.4958853673344912,6.284397458164523,-1.4571285949514607
1521,training,0.0041115233,0.18246673792600637,0.09814444692067394,1.5001453517560739,6.244566838095755,-1.472053375692881
1522,training,0.0021467963,0.19420817494392395,0.1267339110117447,1.5037592138297164,6.2045783782436965,-1.4892035921810005
1523,training,0.008308229,0.15969595685601234,0.1267339110117447,1.506574500752166,6.164581482848185,-1.5213242223984933
1524,training,0.0021329836,0.1231069378554821,0.1267339110117447,1.5076294982076162,6.124259752335849,-1.5669786175749718
1525,training,0.003598738,0.1614389643073082,0.1267339110117447,1.5070566615927214,6.0840680411524986,-1.6004765352657822
1526,training,0.0034554256,0.16789472848176956,0.1267339110117447,1.5053059755581117,6.043803575914897,-1.627856551992154
1527,training,0.010072271,0.15178286284208298,0.1321869439629704,1.5008349734983828,5.983898150919965,-1.6611848421635615
1528,training,0.0037463775,0.1343313753604889,0.1321869439629704,1.496900136240711,5.9439246284701275,-1.6764195167152645
1529,training,0.0028194122,0.15597951412200928,0.1321869439629704,1.4923969335709,5.904064607353346,-1.689793018282918
1530,training,0.003126875,0.1579880565404892,0.1321869439629704,1.4845370735377257,5.844465607759899,-1.7163652320428253
1531,training,0.004262228,0.18849650770425797,0.1321869439629704,1.4751293395428031,5.785145402105165,-1.7390932316218484
1532,training,0.004646491,0.18571781180799007,0.10698499970488645,1.4607808918044507,5.706237974295583,-1.759479133212185
1533,training,0.011877058,0.08672459051012993,0.10698499970488645,1.4531445159212184,5.667141183238659,-1.7675290698886021
1534,training,0,0.0462314710021019,0.10698499970488645,1.4491959514423682,5.647503697719292,-1.772078787513368
1535,training,0.0029383553,0.06533122807741165,0.10698499970488645,1.433590180773347,5.569060703333587,-1.7536396838999335
1536,training,0.0064024115,0.054448336362838745,0.059271364920768434,1.426581552795876,5.529678479320375,-1.7397889679193281
1537,training,0.0015582961,0.06944865733385086,0.059271364920768434,1.420178970738672,5.490354606348369,-1.72465832885133
1538,training,0.004116318,0.07614070177078247,0.059271364920768434,1.4143562593811811,5.450965058403969,-1.7112360925555548
1539,training,0.0039849025,0.050282690674066544,0.059271364920768434,1.408976244758995,5.411227593259459,-1.6983768339860557
1540,training,0,0.023294020444154746,0.059271364920768434,1.404165152608045,5.371787521319282,-1.6867267277844131
1541,training,0,0.03457142785191536,0.059271364920768434,1.4019146086008565,5.351969220865823,-1.6812037575637815
1542,training,0,0.034243855625391006,0.027127317344984636,1.3997563517507214,5.3320566125168805,-1.676130684493086
1543,training,0,0.04983389750123024,0.027127317344984636,1.395758048184531,5.292276337004264,-1.663855344555537
1544,training,0.01610719,0.06758502498269081,0.027127317344984636,1.3924050400441388,5.2526888111286825,-1.6464487157166572
1545,training,0.011311087,0.07371365278959274,0.027127317344984636,1.3897340365151725,5.212762114871129,-1.628042796317864
1546,training,0.0037867948,0.15494908392429352,0.027127317344984636,1.3871819820325269,5.153198540423838,-1.5971270116779817
1547,training,0.015008783,0.1589133609086275,0.027127317344984636,1.3868037651947496,5.113431228810149,-1.562620407180762
1548,training,0,0.04283610545098782,0.004016283652336092,1.3870983313190237,5.093574127500343,-1.5498084731635868
1549,training,0,0.04185253009200096,0.004016283652336092,1.388302468118234,5.054079682144664,-1.536477483950578
1550,training,0.0052280016,0.06974268704652786,0.004016283652336092,1.3897049828857435,5.014072857899447,-1.536147450081606
1551,training,0,0.005474351346492767,0.004016283652336092,1.391030205639051,4.97409783936575,-1.5398159613478326
1552,training,0,0.02610424160957337,0.004016283652336092,1.3921787411387743,4.934184646503709,-1.546345092894954
1553,training,0,0.03800572641193867,0.004016283652336092,1.393004624556964,4.894083466194032,-1.553900754675014
1554,training,0,0.04480571672320366,0.004016283652336092,1.3935853488011622,4.85419874395814,-1.5575705034171725
1555,training,0,0.025986824184656143,0.010629005651565842,1.3941134339352026,4.814179063399794,-1.5570298121162853
1556,training,0,0.0475032520480454,0.010629005651565842,1.3947154352729612,4.774199500141701,-1.5540830377751995
1557,training,0.0070997295,0.05227785184979439,0.010629005651565842,1.3955315230053904,4.734328141223801,-1.5459424944437066
1558,training,0.00064361386,0.06274473993107677,0.010629005651565842,1.3967024076787193,4.694385195702371,-1.5375571661627458
1559,training,0.0042003705,0.11362318322062492,0.010629005651565842,1.3991296208035855,4.634594298446563,-1.5203572653360606
1560,training,0.0059751887,0.16908390820026398,0.004804393535650039,1.40154511208719,4.594900530598205,-1.4999660975930857
1561,training,0.0018031165,0.14900818094611168,0.004804393535650039,1.4048152837729861,4.555167542479384,-1.4771938326425555
1562,training,0.008545033,0.0965846013277769,0.004804393535650039,1.408969992349032,4.515564811097785,-1.4563709394520068
1563,training,0,0.03355441242456436,0.004804393535650039,1.4113340025208243,4.4957960823940395,-1.4486440917643595
1564,training,0,0.03379392623901366,0.004804393535650039,1.416094759868168,4.455966072965755,-1.4598190250796073
1565,training,0,0.028531089425086975,0.004804393535650039,1.4200752889124033,4.416047160160492,-1.4828830319041426
1566,training,0,0.026970356702804565,0.02915251778978113,1.423154942439865,4.376060412198467,-1.5048648133671438
1567,training,0.0018789035,0.05749956797808409,0.02915251778978113,1.4255079207859709,4.3361210495287965,-1.5162502637826771
1568,training,0,0.022060394287109382,0.02915251778978113,1.4275689254691184,4.296112522977061,-1.5218534137906774
1569,training,0,0.018713202327489853,0.02915251778978113,1.4293812950260887,4.256101013514442,-1.5298129065513373
1570,training,0,0.02838379144668579,0.02915251778978113,1.4309034194209147,4.216206666300169,-1.5355987482432245
1571,training,0,0.024095214903354645,0.02915251778978113,1.4322120220509336,4.1761367275045504,-1.5411325598177172
1572,training,0,0.012964937835931785,0.02915251778978113,1.433280498218038,4.136224259693297,-1.5462359497592417
1573,training,0,0.018786236643791206,0.03525368514493832,1.4341883257051198,4.09620839308856,-1.5501854760174503
1574,training,0,0.01964758336544037,0.03525368514493832,1.4349116070111585,4.056139601222067,-1.5558712457686361
1575,training,0,0.019680875353515148,0.03525368514493832,1.4354403258711173,4.016263768249935,-1.5589717108924408
1576,training,0,0.021395738236606128,0.03525368514493832,1.4358740354504416,3.9761709366517697,-1.5612208495202753
1577,training,0,0.016731114126741883,0.03525368514493832,1.4361917246487808,3.936247001518222,-1.5640336814614135
1578,training,0,0.024516531266272065,0.03849999920394734,1.4364406477255267,3.8962891333703307,-1.5653323424700842
1579,training,0,0.02248612884432077,0.03849999920394734,1.4366364438107668,3.856206898531877,-1.5670314013135194
1580,training,0,0.008801467716693878,0.03849999920394734,1.4367675832153692,3.8163559202530823,-1.5680048954147547
1581,training,0,0.005034731701016426,0.03849999920394734,1.4368494845370283,3.7762923719093595,-1.5700453847261249
1582,training,0,0.010834729298949245,0.03849999920394734,1.4367872498712044,3.7362628826147524,-1.5752048040306559
1583,training,0,0.010389888659119606,0.03849999920394734,1.4365164187633204,3.6963604414466893,-1.5807565660699805
1584,training,0,0.0048253778368234634,0.036830321664347944,1.4359917948565133,3.6561984679356128,-1.587391301622706
1585,training,0,0.016389381606131792,0.036830321664347944,1.4352021084685618,3.616301815278589,-1.5933375340255713
1586,training,0,0.013890450820326803,0.036830321664347944,1.4342229536589233,3.576278747699754,-1.5971190029121622
1587,training,0,0.015639036428183317,0.036830321664347944,1.4330778081485052,3.536248886398504,-1.602556875235858
1588,training,0,0.023987453430891037,0.036830321664347944,1.4317304455853674,3.4963645549336975,-1.6065451115180485
1589,training,0,0.02229182794690132,0.036830321664347944,1.4302157575062682,3.4562630356954647,-1.611011825355783
1590,training,0,0.032782649621367455,0.021803949521115525,1.4284970683703568,3.41637639049257,-1.616624899200788
1591,training,0,0.041110388934612274,0.021803949521115525,1.4265951530559708,3.37643828545796,-1.620266502444804
1592,training,0,0.036156359128654,0.021803949521115525,1.424535273076928,3.3364016392344347,-1.6246878248741208
1593,training,0,0.025364327244460586,0.021803949521115525,1.4223324209061232,3.2965723264870928,-1.6276147187033279
1594,training,0,0.01450392697006464,0.021803949521115525,1.4200454817061814,3.2565629757123222,-1.6277948716488517
1595,training,0,0.02755616325885058,0.021803949521115525,1.4177913270229145,3.216706639193427,-1.6267620418567206
1596,training,0.0071895584,0.0686984583735466,0.021803949521115525,1.415618480426729,3.176862567038352,-1.6241875232511493
1597,training,0.008081847,0.07823886722326279,0.015861353981250305,1.4123457772675734,3.116868209500412,-1.6292951132326159
1598,training,0.004042898,0.05371530354022981,0.015861353981250305,1.409033242202473,3.057059202274808,-1.6219690857078064
1599,training,0.0024555963,0.07587731443345547,0.015861353981250305,1.407088434849124,3.0171101652897487,-1.6174098695797832
1600,training,0.004155361,0.11101385205984116,0.015861353981250305,1.4044179967492747,2.9572705054890562,-1.615758295493542
1601,training,0.015107698,0.06008567102253437,0.039635445219549585,1.4024560981768666,2.917208062630529,-1.6254463645284645
1602,training,0.00248956,0.09040460735559464,0.039635445219549585,1.3971991703669357,2.8372496935747566,-1.648896803462736
1603,training,0.016209237,0.07738717645406724,0.039635445219549585,1.3921475843545756,2.7775983715541814,-1.6588975951310474
1604,training,0.0065408642,0.0951415915042162,0.039635445219549585,1.3867282467640112,2.717679940772424,-1.662579818519556
1605,training,0.00082435645,0.11322342604398727,0.019123154525691577,1.3811748938262798,2.6580859373323853,-1.665062701509794
1606,training,0.004520366,0.13543148711323738,0.019123154525691577,1.3773013503543239,2.618085260706359,-1.6698603731718022
1607,training,0.006293246,0.21003744751214978,0.019123154525691577,1.3752972989854546,2.598258083307915,-1.6739525498801682
1608,training,0.0030662175,0.21691169217228887,0.019123154525691577,1.3710173021806613,2.558545130076891,-1.6822889060320854
1609,training,0.0035459015,0.20321217365562919,0.019123154525691577,1.3687454064504452,2.538587752292155,-1.6861798936149464
1610,training,0.00706959,0.2139638289809227,0.019123154525691577,1.364004332368832,2.4988031366795393,-1.691445325101805
1611,training,0.055730563,0.2165288683027029,0.019123154525691577,1.3592022251220772,2.4592217388931843,-1.6906223842933807
1612,training,0.0038627598,0.2232181113213301,0.010431580620512287,1.3568162728583082,2.439323732847951,-1.6897926995114372
1613,training,0.0032087748,0.2558268327265978,0.010431580620512287,1.3520819713126462,2.3995635502672124,-1.6890681290007032
1614,training,0.0060248272,0.27268471941351885,0.010431580620512287,1.3450088281865142,2.3400815362235936,-1.69009596857675
1615,training,0.0043439623,0.2730348575860262,0.010431580620512287,1.340206851683367,2.3002579451822047,-1.6912563124286737
1616,training,0.01013522,0.2888209745287895,0.010431580620512287,1.3353902989065913,2.2607079667648193,-1.6929904392662811
1617,training,0.010518221,0.319546140730381,0.010431580620512287,1.332942203943721,2.2408334403746757,-1.6943240423145196
1618,training,0.0059861555,0.32885904237627983,0.046000626318526076,1.3279170728135417,2.200980044707122,-1.6976327626175312
1619,training,0.006987179,0.24736952222883704,0.046000626318526076,1.322823003677702,2.161476870954065,-1.7007141883746606
1620,training,0.0093264915,0.26599167101085186,0.046000626318526076,1.3175729277910584,2.1217250957969473,-1.7037237493416737
1621,training,0.016681837,0.2642635777592659,0.046000626318526076,1.3122191632117184,2.0820896714857846,-1.70655442286725
1622,training,0.0087800305,0.309171125292778,0.046000626318526076,1.3067729618902815,2.042543833980162,-1.7084674407768095
1623,training,0.00975442,0.3004702646285296,0.046000626318526076,1.3012392429474624,2.002769229680568,-1.709529493649453
1624,training,0.012962328,0.32049059495329857,0.10743608377692486,1.2957095897948798,1.9633221320058245,-1.711262268972857
1625,training,0.0006397378,0.4034729525446891,0.10743608377692486,1.2901774630747485,1.9237778566379768,-1.6966386189568023
1626,training,0.023163065,0.35468888655304903,0.10743608377692486,1.2864292818218375,1.8844358035271669,-1.6319236089296527
1627,training,0.004670988,0.36395147629082203,0.10743608377692486,1.28552244229387,1.8452157740438404,-1.558180073998092
1628,training,0.00739563,0.2833493184298277,0.10743608377692486,1.287421161249454,1.8059433773585796,-1.4849472608711844
1629,training,0.0022357064,0.3197873681783676,0.13762859126765264,1.2921902076554612,1.7667899471844073,-1.418648604815174
1630,training,0.0060175727,0.319016695022583,0.13762859126765264,1.2992953942895924,1.7278402982169025,-1.3637606546884669
1631,training,0.008616477,0.3158274441957474,0.13762859126765264,1.3083455957360577,1.689431370590893,-1.3155825728951063
1632,training,0.006250702,0.30322103202342987,0.13762859126765264,1.3192545289644246,1.65113006471455,-1.2727825669652129
1633,training,0.0061621806,0.23389492183923724,0.13762859126765264,1.3316089353416416,1.6135227684239224,-1.2330255943182462
1634,training,0.002955553,0.2754366099834442,0.11584181809330407,1.3529798869681797,1.5579613413986948,-1.1775124369312948
1635,training,0.0069097327,0.2239373475313187,0.11584181809330407,1.3688640682257749,1.521577251181342,-1.1401079197854582
1636,training,0.05428175,0.2141302525997162,0.11584181809330407,1.3860451422312805,1.485893517734925,-1.106315174561327
1637,training,0.0039630258,0.22359254583716393,0.11584181809330407,1.4043272661522612,1.4506678810484754,-1.0783178253986236
1638,training,0.008546373,0.26700206100940704,0.11584181809330407,1.4138811029731304,1.4331779334691386,-1.0627925181004427
1639,training,0.0032329909,0.30676373839378357,0.11584181809330407,1.4337953647369446,1.398776586704293,-1.028729879730194
1640,training,0.0049249083,0.20086197555065155,0.03988295536500069,1.4547846763469545,1.3652378437069723,-0.9940223073575033
1641,training,0.0025161211,0.23203428834676745,0.03988295536500069,1.4770037112876968,1.3320296666732558,-0.9806192229784998
1642,training,0.024208907,0.30961741507053375,0.03988295536500069,1.4989742763316607,1.2986357891448705,-0.9966626798536241
1643,training,0.008633215,0.3335859328508377,0.03988295536500069,1.520481481585711,1.2647815194904977,-1.0138431607570306
1644,training,0.024174036,0.3442145437002182,0.03988295536500069,1.5414349291114402,1.2304996418308647,-1.0297239592842957
1645,training,0.0050958507,0.3399139642715454,0.03988295536500069,1.5617334879381612,1.1960905516915903,-1.0465690667673997
1646,training,0.0072575863,0.3513091504573822,0.027072121712381134,1.5815363301479453,1.161055459600059,-1.0676298004254026
1647,training,0.006844417,0.2977461740374565,0.027072121712381134,1.6095834606352601,1.1078744582047075,-1.1067285071531012
1648,training,0.0065014893,0.2863377183675766,0.027072121712381134,1.618464781693191,1.0898280008810077,-1.120091465636522
1649,training,0.0057550943,0.3605622202157974,0.027072121712381134,1.6355369715210777,1.05348504898607,-1.1417649353346393
1650,training,0.0058339695,0.3311760872602463,0.027072121712381134,1.6519006257702773,1.016754586369436,-1.1637530412878232
1651,training,0.014483007,0.2825831398367882,0.027072121712381134,1.667262455791536,0.9796207738442214,-1.194327337690919
1652,training,0.006434062,0.3061468154191971,0.04958188366816519,1.6814878675062832,0.9420658751671906,-1.2216916105210756
1653,training,0.009419708,0.3008451461791992,0.04958188366816519,1.694767665452211,0.9040296973478795,-1.2495744607776575
1654,training,0.0014588806,0.256472609937191,0.04958188366816519,1.7068847886596425,0.8659066494676231,-1.275347533711594
1655,training,0.010534927,0.2670625373721123,0.04958188366816519,1.718172991178798,0.8272785267270544,-1.295949774636458
1656,training,0.010007061,0.3405159264802933,0.04958188366816519,1.7338255430592082,0.7693011429850003,-1.3166700685531374
1657,training,0.029029742,0.30822576582431793,0.18749737493086385,1.743684891836343,0.730385904629336,-1.3289874647815165
1658,training,0.008900667,0.3767744265496731,0.18749737493086385,1.7531109172458617,0.6914256260959517,-1.3289312269061415
1659,training,0.0022086548,0.6508813817054032,0.18749737493086385,1.76360852658856,0.6534973861651718,-1.2692788006375444
1660,training,0.0032132347,0.6786441542208194,0.18749737493086385,1.7767654567773759,0.6168683313697778,-1.1680319878867094
1661,training,0.04069172,1.0064142644405365,0.18749737493086385,1.7849464159286001,0.5992212256525727,-1.104926946833436
1662,training,0.006653642,1.0808508768677711,0.296581008053909,1.8047417204281089,0.5654637892496106,-0.9660972680443872
1663,training,0.01029449,0.9868078231811523,0.296581008053909,1.8438399745160565,0.5224555477238134,-0.6906962937915316
1664,training,0.048364744,0.771102510392666,0.32233448748640386,1.8752770757719208,0.5008153425971746,-0.516830483678198
1665,training,0.009462744,0.5800331681966782,0.32233448748640386,1.910124467405004,0.48466877716066314,-0.35264863748432135
1666,training,0.0026604752,0.4000303596258164,0.3240481824690711,1.9473653436156575,0.4741035697342243,-0.20406567911659093
1667,training,0.004392893,0.34964013099670416,0.3240481824690711,1.985958649183419,0.46870230162701354,-0.08445236092569272
1668,training,0.012185748,0.3095744214951992,0.31808291496340313,2.0252147949270065,0.4671740276599795,0.004271522066334596
1669,training,0.009309068,0.2332209348678589,0.31808291496340313,2.0644062286135436,0.4688317669158617,0.07848680809813803
1670,training,0.011397417,0.17512817680835724,0.31808291496340313,2.084021544051635,0.47075692051113394,0.11445820974304563
1671,training,0.0069720363,0.17744853906333447,0.2749573991784448,2.12345600909989,0.4763090375797446,0.161431152630654
1672,training,0.007880711,0.16593211889266968,0.2749573991784448,2.181808608174465,0.4873197750212326,0.21039616815791415
1673,training,0.0028963787,0.11216486245393753,0.2749573991784448,2.220724245611837,0.49608554555923806,0.2310484364813393
1674,training,0,0.04751470871269703,0.2749573991784448,2.2594394144727503,0.5054575716887418,0.2424222130382688
1675,training,0,0.01136626303195954,0.2749573991784448,2.2787858954783773,0.5102824017271269,0.24462788356146967
1676,training,0,0.0024207495152950356,0.2749573991784448,2.3176905795465097,0.5199232355227387,0.23964098714721563
1677,training,0,0.04853642825037241,0.17779378726371997,2.3565860227168605,0.5292302225511575,0.2299250576446284
1678,training,0,0.003744453191757216,0.17779378726371997,2.3955589264215633,0.5382443922432765,0.22595715533009322
1679,training,0,0.013447761535644531,0.17779378726371997,2.4346719090033733,0.5471083574811295,0.2165037153872575
1680,training,0,0.0438126064836979,0.17779378726371997,2.4737431696727525,0.555437256732273,0.20376018153738734
1681,training,0,0.046568844467401505,0.17779378726371997,2.5131127612236646,0.5633377491623575,0.19274653453574472
1682,training,0,0.048145238310098655,0.17779378726371997,2.5524109751519757,0.5707546915548931,0.1804502134883301
1683,training,0,0.03403268381953239,0.01217696259562443,2.5917980398164278,0.5777216174331814,0.1696873095421097
1684,training,0.0021328172,0.06376961339265108,0.01217696259562443,2.6512544943491774,0.5871580559034982,0.1432336579041054
1685,training,0.023198616,0.05420933850109577,0.01217696259562443,2.690920238597067,0.5925220974289782,0.12546918535255397
1686,training,0.01422071,0.06353501230478287,0.01217696259562443,2.730932699415119,0.5972375164581013,0.10976461208705211
1687,training,0,0.048725493252277374,0.01217696259562443,2.750801608383575,0.5993541169352729,0.10260956193771514
1688,training,0.010639546,0.052022344432771206,0.01217696259562443,2.8105596659752505,0.6050075076405224,0.08684954827852526
1689,training,0,0.014457248616963625,0.023461249262547345,2.8306196663884147,0.6067114259031016,0.08305890918089655
1690,training,0,0.012802859768271446,0.023461249262547345,2.8703631751736136,0.6099236642166119,0.08084546772425444
1691,training,0,0.02105994150042534,0.023461249262547345,2.910200260256116,0.6132384006398545,0.08540436900471711
1692,training,0,0.04016389325261116,0.023461249262547345,2.9501224107967867,0.6167360518793633,0.09044548014686946
1693,training,0,0.03336123004555702,0.023461249262547345,2.9897546281582192,0.6204173203216161,0.09425040424579931
1694,training,0.0028553354,0.05225228518247605,0.023461249262547345,3.0296724102114316,0.6242475720506029,0.09679861369954508
1695,training,0.01001212,0.07788600772619247,0.02264265841511886,3.0891814112706952,0.6301917524995453,0.10393798644944177
1696,training,0,0.021579988300800317,0.02264265841511886,3.129011834249313,0.6344647957920899,0.10971778145491687
1697,training,0,0.030655261129140854,0.02264265841511886,3.149051218899558,0.636681565454823,0.11010475206918797
1698,training,0,0.021943468600511565,0.02264265841511886,3.188717091868018,0.640927082467426,0.10284841700070246
1699,training,0,0.024348687380552292,0.02264265841511886,3.2286405345188123,0.6448915285844605,0.09478036501698178
1700,training,0,0.025767937302589403,0.02264265841511886,3.2685461364944555,0.6485188853601629,0.08702259263708878
1701,training,0,0.010133631527423859,0.012877363001540274,3.3083440346917685,0.6518288750088288,0.07903425111262073
1702,training,0,0.0031053423881530692,0.012877363001540274,3.34844339165964,0.6548480102961786,0.0714966272806166
1703,training,0,0.006244368851184838,0.012877363001540274,3.3882568751433437,0.6575658269992385,0.0644121849869113
1704,training,0,0.00365583598613739,0.012877363001540274,3.428248784448608,0.6599816657042621,0.05591406423858439
1705,training,0,0.017303973436355598,0.012877363001540274,3.4683269390450855,0.662055870314952,0.047539067046259945
1706,training,0,0.02128453180193901,0.012877363001540274,3.5082069117304266,0.6637529131646815,0.03712589208115332
1707,training,0,0.020309235900640488,0.0038011174103642553,3.5483775416317225,0.6650267068053662,0.02639745623279276
1708,training,0,0.018905874341726303,0.0038011174103642553,3.588326266509672,0.665922764720936,0.018042719298139148
1709,training,0,0.011330250650644302,0.0038011174103642553,3.628335558512642,0.6664633380068437,0.009158797038585745
1710,training,0,0.008420618250966074,0.0038011174103642553,3.668401080879762,0.6667025981896832,0.003746545782051272
1711,training,0,0.017942484468221664,0.0038011174103642553,3.708304114630457,0.666768952981635,-0.0007875831401970001
1712,training,0,0.0005255248397588713,0.013290810618070832,3.748393454935627,0.6666508322921714,-0.0050180628785767055
1713,training,0,0.004340415383921936,0.013290810618070832,3.7883434601251618,0.6664217544307495,-0.006591368267517937
1714,training,0,0.000952293659793213,0.013290810618070832,3.8282639669858605,0.666122136752225,-0.008624003837595219
1715,training,0,0.007383156102150679,0.013290810618070832,3.868355037011889,0.6657618737786112,-0.009110867961203053
1716,training,0,0.00659085251390934,0.013290810618070832,3.9081543947308885,0.6654159431427412,-0.009080099038554303
1717,training,0,0.011656561400741339,0.013290810618070832,3.9481645027593983,0.6650645904926946,-0.008580088298767446
1718,training,0,0.010435761883854866,0.01787871041725886,3.9881823327736363,0.66476052397757,-0.006531412562865167
1719,training,0,0.017713555600494146,0.01787871041725886,4.027979231825478,0.6645180407331575,-0.005840682226958057
1720,training,0,0.028546583373099566,0.01787871041725886,4.068064023791736,0.6643236916666463,-0.0035204402697212984
1721,training,0,0.03656249213963747,0.01787871041725886,4.107883908133571,0.6642755864986115,0.00030498028466536636
1722,training,0,0.03053956525400281,0.01787871041725886,4.147827956862745,0.664365703669449,0.004330610647268976
1723,training,0,0.03954179910942912,0.01787871041725886,4.187883711731597,0.664641961429865,0.010122540299570484
1724,training,0,0.03645971231162548,0.012481633478629389,4.22763571641242,0.6651635790494371,0.01563638839981944
1725,training,0,0.017970064654946327,0.012481633478629389,4.26767886168886,0.665895089021728,0.020889725149397763
1726,training,0,0.008721653372049332,0.012481633478629389,4.307638661547094,0.6668255914680482,0.024243039660365298
1727,training,0,0.010870622470974922,0.012481633478629389,4.347560261203842,0.6677773257759927,0.022325970428705003
1728,training,0,0.014633985236287114,0.012481633478629389,4.3876523217253816,0.6686119420231569,0.0198254896022218
1729,training,0,0.006345728412270549,0.012481633478629389,4.427521817520294,0.6693834612960161,0.018071248846056574
1730,training,0,0.002369405701756481,0.013502640786853533,4.467566196042279,0.6700545799408019,0.015049189918052649
1731,training,0,0.004569133743643761,0.013502640786853533,4.5075770360599305,0.6706067428535811,0.012212091931049043
1732,training,0,0.00817064382135868,0.013502640786853533,4.547489461390081,0.6710063448864327,0.007637855286449403
1733,training,0,0.004169845022261141,0.013502640786853533,4.587602435852781,0.6712417211764912,0.00499502023239547
1734,training,0,0.015598589554429054,0.013502640786853533,4.627493839790369,0.6714555341491896,0.004730391153699377
1735,training,0,0.02379615046083927,0.013502640786853533,4.667478762204874,0.671627161516773,0.0038985829828746487
1736,training,0.0047070803,0.053314102813601494,0.007657827958981614,4.727451043967512,0.6719339623065393,0.006845014997123368
1737,training,0,0.04672277998179197,0.007657827958981614,4.767405517538656,0.6722186260440322,0.006600663693219877
1738,training,0,0.04616433195769787,0.007657827958981614,4.7875055244417135,0.6723131705160129,0.0018563948992258667
1739,training,0.0110018505,0.05864699442827259,0.007657827958981614,4.8474657097199225,0.6719655278071102,-0.014560699943843331
1740,training,0.019868534,0.05690933018922806,0.007657827958981614,4.887625885578869,0.671096147990516,-0.029378881050993108
1741,training,0,0.003619900904595852,0.0030181224437861713,4.927629448371996,0.6696680678271913,-0.04119629797273129
1742,training,0,0.004961863160133362,0.0030181224437861713,4.9674940394651825,0.6679324455077613,-0.043726450478146245
1743,training,0,0.007151225581765175,0.0030181224437861713,4.987510308518739,0.6670718273176169,-0.0418397287868656
1744,training,0,0.026883305981755257,0.0030181224437861713,5.027438731624706,0.6655190866492274,-0.03589597974673755
1745,training,0,0.03937700390815735,0.0030181224437861713,5.06719841446214,0.6641938883277155,-0.029877030375415902
1746,training,0,0.03838607668876648,0.0030181224437861713,5.107217325408563,0.663183661624605,-0.01992827426314569
1747,training,0.0044237725,0.053063780069351196,0.005099294222810939,5.166891782759883,0.6625182533062047,-0.003626254458114788
1748,training,0.12350851,0.12332900776527822,0.005099294222810939,5.206919998904901,0.6626181161320421,0.00962029796981773
1749,training,0.010945255,0.1923319734632969,0.005099294222810939,5.246390673537423,0.6633910177855356,0.03263658594482589
1750,training,0.0105003845,0.16759097203612328,0.005099294222810939,5.305957271551581,0.6667414847432624,0.08108642180577424
1751,training,0.0065576583,0.13855793327093124,0.005099294222810939,5.345554275872513,0.6704282137765065,0.1043311776333205
1752,training,0.0046457076,0.07146402634680273,0.010386109325467463,5.385117882544763,0.6749024625173027,0.1186328277175331
1753,training,0.009618513,0.07150221057236196,0.010386109325467463,5.444669761609636,0.6823024439186702,0.1241890968339812
1754,training,0.003279538,0.07471989095211028,0.010386109325467463,5.484301338287808,0.6871861654662722,0.12004681759379682
1755,training,0.009865293,0.05592244118452072,0.010386109325467463,5.504251815997448,0.6895605967470709,0.11646699610924385
1756,training,0,0.031705312430858584,0.010386109325467463,5.544121984050912,0.6940434323780403,0.10688016371627222
1757,training,0,0.017127804458141327,0.010386109325467463,5.563961675863316,0.6960991984428235,0.09932866981562306
1758,training,0,0.005686022341251373,0.010386109325467463,5.583908708064921,0.698006509542853,0.09063309932509574
1759,training,0,0.005885280668735518,0.04723289407989942,5.62408421289924,0.7012787412732855,0.07182236465086654
1760,training,0,0.023739561438560486,0.04723289407989942,5.663995744299351,0.7037824569918012,0.053415809491857924
1761,training,0.011228293,0.058865174651145935,0.04723289407989942,5.704104018828292,0.7055462350386262,0.03416934533465277
1762,training,0,0.03464162349700926,0.04723289407989942,5.744233632582632,0.7065398027594207,0.014627747697570003
1763,training,0,0.03571041859686375,0.04723289407989942,5.78426942851477,0.706671962777261,-0.007506924502526017
1764,training,0,0.011792607605457306,0.04857784268950532,5.8244733195294405,0.7059965194495844,-0.0242382610793728
1765,training,0,0.04551185853779316,0.04857784268950532,5.86433361435454,0.7049064717771805,-0.030009850408457175
1766,training,0.01280288,0.052873686887323856,0.04857784268950532,5.904233511539591,0.7036942525117851,-0.02934429917416519
1767,training,0.0067281937,0.08855288103222847,0.04857784268950532,5.964167354554035,0.7022281672919933,-0.01704083849370466
1768,training,0.0083532315,0.07869633287191391,0.04857784268950532,6.003953282985313,0.7017795215357117,-0.005192661346922131
1769,training,0,0.002094794064760208,0.04857784268950532,6.023976268989841,0.701739396408769,0.0017272635164120003
1770,training,0,0.012886479496955872,0.0340751244793845,6.064018813042949,0.7021268219463113,0.015473443874622012
1771,training,0,0.009260509163141244,0.0340751244793845,6.1039527181308895,0.7026934875481995,0.01028648428080548
1772,training,0,0.045225340873003006,0.0340751244793845,6.14408983720188,0.7029254837275201,0.0016404715496813021
1773,training,0.0070758834,0.0828617699444294,0.0340751244793845,6.203846462592167,0.70286475085157,-0.0017037849518895553
1774,training,0.013385972,0.08740000054240227,0.0340751244793845,6.263870888838108,0.7031145662176902,0.013183734287875878
1775,training,0.0065263403,0.074883583933115,0.025818064673067485,6.303602015720202,0.7038506348442983,0.023486626870412215
1776,training,0.003920514,0.11331431195139885,0.025818064673067485,6.343660671039115,0.7049477831867859,0.03120294120604286
1777,training,0.0027840475,0.1362394392490387,0.025818064673067485,6.383442702251153,0.7063865169638648,0.04072184767251359
1778,training,0.0016751392,0.1504056602716446,0.025818064673067485,6.423272702480045,0.7082362354577759,0.052523852808886946
1779,training,0.003716968,0.1679491028189659,0.025818064673067485,6.48306842143083,0.7119992986313234,0.07465502563477215
1780,training,0.0064446987,0.16366026550531387,0.025818064673067485,6.50286455389465,0.7135610238825844,0.08275448184095152
1781,training,0.003877454,0.20767264068126678,0.031778607661377016,6.542694672785171,0.7171625272813186,0.09557898461932353
1782,training,0.006773143,0.19537346996366978,0.031778607661377016,6.582433177293272,0.7210766349663831,0.10065511114178871
1783,training,0.009332387,0.17823628522455695,0.031778607661377016,6.602242244560715,0.7230885930817875,0.10130058056489248
1784,training,0.0051386636,0.17153079621493816,0.031778607661377016,6.642100453562997,0.7271322425100707,0.09980487236357082
1785,training,0.00937155,0.1809375360608101,0.031778607661377016,6.68196062640395,0.7310402985982069,0.09597520871042264
1786,training,0.0055430653,0.18554269708693027,0.031778607661377016,6.721683539339788,0.7348014563391105,0.09281493296470238
1787,training,0.0087037515,0.18132287450134751,0.031778607661377016,6.741648662066212,0.7366556134379575,0.09238832679646565
1788,training,0.007676199,0.22207339294254783,0.054275948702044025,6.781532833122393,0.7403375151309947,0.0924055245277701
1789,training,0.0036734405,0.22949124686419964,0.054275948702044025,6.821237597670938,0.7440071239396717,0.09145912371975602
1790,training,0.034057975,0.19704748317599297,0.054275948702044025,6.861209837451718,0.7476535117101568,0.09063007163836302
1791,training,0.002798714,0.21396068111062047,0.054275948702044025,6.900935613700244,0.7512624626763298,0.09082107809025569
1792,training,0.009430491,0.25267215445637703,0.054275948702044025,6.940743204592968,0.7548898013599707,0.09074366219607329
1793,training,0.027140073,0.2587368097156286,0.054275948702044025,6.980724554090756,0.7585138018374965,0.09112473161636686
1794,training,0.002710831,0.2443025372922421,0.07779358576365214,7.020366103802443,0.7621466535471555,0.09044414354855344
1795,training,0.0039789155,0.18235570192337033,0.07779358576365214,7.060324414704722,0.7657149960318727,0.08659947716283795
1796,training,0.0017092427,0.1386536099016666,0.07779358576365214,7.1001857086037745,0.7690625155782174,0.08074448327259598
1797,training,0.0010633233,0.22033309936523438,0.07779358576365214,7.140039624970695,0.7721074007048041,0.0713182800107505
1798,training,0.0012115701,0.20097570121288297,0.07779358576365214,7.1801806708154485,0.7747675921162422,0.06190350935389244
1799,training,0.007183552,0.12713216245174405,0.07779358576365214,7.22000356088348,0.7770838811052319,0.05336439914834572
1800,training,0.0025387325,0.11764375865459442,0.10234742545153212,7.260086211255613,0.7789973907580969,0.04095764825410691
1801,training,0.009820184,0.10435444861650467,0.10234742545153212,7.299929632524331,0.7803090650893434,0.019248250161889927
1802,training,0.0027296925,0.120950547978282,0.10234742545153212,7.340087838092545,0.7803220903361281,-0.01800102864182441
1803,training,0.02180288,0.15215551108121872,0.10234742545153212,7.380332972143313,0.7789353849964213,-0.049565537189198226
1804,training,0.0021940293,0.17028556019067764,0.10234742545153212,7.440464260555752,0.7747667863882085,-0.08753074190458207
1805,training,0.0011813114,0.17957855015993118,0.11330445664468032,7.480429870287004,0.7708210956331446,-0.108894592472006
1806,training,0.003089717,0.1953606680035591,0.11330445664468032,7.5202883906551286,0.7661144839847386,-0.1256072000970419
1807,training,0.045174137,0.1374029815196991,0.11330445664468032,7.5599595347927515,0.7607470299457385,-0.142996664426397
1808,training,0.008459609,0.20225026458501816,0.11330445664468032,7.599500685291823,0.754879185964277,-0.14838951631666591
1809,training,0.0022073,0.14674007520079613,0.11330445664468032,7.6588384380900125,0.7458793747134459,-0.1555452176793791
1810,training,0.0070217634,0.15252890437841415,0.09283566191228364,7.698369294349719,0.7397513556046392,-0.14971249094108408
1811,training,0.005950546,0.13274043425917625,0.09283566191228364,7.7379267104102425,0.7339662442982748,-0.1413820994109114
1812,training,0.009159333,0.12522894516587257,0.09283566191228364,7.797174031074437,0.7258395401223444,-0.13050582192795465
1813,training,0.0055894465,0.16463936492800713,0.09283566191228364,7.836813487986104,0.7208199783459526,-0.12194678729601864
1814,training,0.0061562546,0.18608039990067482,0.09283566191228364,7.896224092325697,0.7138250396213224,-0.11199203807221592
1815,training,0.07608341,0.18964294716715813,0.06628259727630693,7.935928701898617,0.7095448767392777,-0.10306343682999305
1816,training,0.015699886,0.1648589801043272,0.06628259727630693,7.995482360830454,0.703666240698148,-0.09368006990392465
1817,training,0.016618533,0.10350009612739086,0.06628259727630693,8.035253650374212,0.7000784982665221,-0.08705587456488116
1818,training,0.008021907,0.09650271944701672,0.06628259727630693,8.074983072569454,0.6966788053231762,-0.08352547519936812
1819,training,0.0052849744,0.10618526441976428,0.06628259727630693,8.094922383978755,0.6950344082304066,-0.08177838706012638
1820,training,0.009319772,0.10992328030988574,0.06628259727630693,8.134747991175965,0.6918515632141714,-0.07917173368666022
1821,training,0.0039221453,0.09603848308324814,0.031107786795974413,8.154579480819656,0.6902713040690158,-0.08054927098409322
1822,training,0.0019477968,0.09874385083094239,0.031107786795974413,8.19446877826794,0.6871350838165683,-0.07143604439400328
1823,training,0.0053048073,0.08699321001768112,0.031107786795974413,8.23420467997339,0.6846946029054347,-0.051195894341898564
1824,training,0.0067020827,0.07418124377727509,0.031107786795974413,8.273903233169655,0.6829983740499923,-0.03458691843631894
1825,training,0,0.044777173548936844,0.031107786795974413,8.313885114702163,0.6818952637045741,-0.02111336797126192
1826,training,0.0047131046,0.051886539906263345,0.031107786795974413,8.353658974209642,0.6811928398418104,-0.016324109939326367
1827,training,0,0.01410672627389431,0.013146145874011545,8.39366356893586,0.6805993437659983,-0.01414475395106006
1828,training,0,0.025411101058125496,0.013146145874011545,8.413678088423081,0.6803246532454043,-0.014024142886450848
1829,training,0,0.029108291491866105,0.013146145874011545,8.433651226930717,0.6800454788095199,-0.014519134283881333
1830,training,0,0.0014372803270816803,0.013146145874011545,8.473519190339742,0.6794057318438522,-0.018002440549500995
1831,training,0,0.034667540341615684,0.013146145874011545,8.493563060419051,0.6790295192204944,-0.01969510184252509
1832,training,0,0.005598828196525574,0.013146145874011545,8.533603885033594,0.6782026080866034,-0.021217686253780066
1833,training,0,0.03284478187561035,0.013146145874011545,8.573407831846769,0.677326229176548,-0.02320758033611453
1834,training,0,0.029050916433334354,0.013146145874011545,8.613480662663662,0.6763802703048404,-0.023943506818041416
1835,training,0,0.02206633426249027,0.009110342530055694,8.653330429432545,0.6754603028008448,-0.023054991817920596
1836,training,0,0.027493348345160484,0.009110342530055694,8.693257480699522,0.6745485141742824,-0.02291042441091021
1837,training,0,0.04004432633519173,0.009110342530055694,8.73330581031097,0.6736509205892074,-0.021779201501701914
1838,training,0,0.045406224206089967,0.009110342530055694,8.773097676809526,0.6728045138539889,-0.02171080005307008
1839,training,0,0.043719856068491936,0.009110342530055694,8.813139546326468,0.6719375404741202,-0.0216852474786098
1840,training,0,0.04270711168646813,0.009110342530055694,8.853094466354236,0.6711100429497049,-0.02018124310580795
1841,training,0,0.04498893581330776,0.004005910809145455,8.892925338209464,0.6703021315487655,-0.020443921211832514
1842,training,0,0.006170855835080147,0.004005910809145455,8.933000035646216,0.669498133513144,-0.019600408807861146
1843,training,0.0043641906,0.051706556230783456,0.004005910809145455,8.99276575930458,0.6683897910636982,-0.018457484380717717
1844,training,0.0056812833,0.055484708398580544,0.004005910809145455,9.03284923556115,0.6676727044155953,-0.017182450830581637
1845,training,0.006664772,0.0837099626660347,0.004005910809145455,9.07264268677449,0.6670914195439764,-0.012408965153687487
1846,training,0.008891242,0.10487522929906845,0.004005910809145455,9.112577757214805,0.666723722912089,-0.004725989722393019
1847,training,0.0032964756,0.056433117017149925,0.011507307616975954,9.152594177692322,0.6667659772171308,0.007833275513619195
1848,training,0,0.01064484752714634,0.011507307616975954,9.192353942487546,0.6672829174300678,0.016757044242281447
1849,training,0,0.00566168874502182,0.011507307616975954,9.212356037512183,0.6676464201325957,0.01838938337245146
1850,training,0,0.0035496316850185394,0.011507307616975954,9.252390084582705,0.6683504058111971,0.016614710182409335
1851,training,0,0.00015670433640480042,0.011507307616975954,9.292296199796375,0.6689452334255123,0.012539483381373756
1852,training,0,0.0004519149661064148,0.011507307616975954,9.3323906186169,0.6693678067416429,0.008582884917101963
1853,training,0,0.009264914318919182,0.018852707499888478,9.372343779191617,0.6696880153507367,0.007370869367794147
1854,training,0,0.011198010295629501,0.018852707499888478,9.412273701807301,0.6699449212251709,0.005295839456103386
1855,training,0,0.013117508962750435,0.018852707499888478,9.452354253227092,0.6701279140448858,0.004198251514747475
1856,training,0,0.009286466985940933,0.018852707499888478,9.49224660559005,0.6702947308845268,0.003447119301773129
1857,training,0,0.013992097228765488,0.018852707499888478,9.532282112707822,0.6704016936535576,0.0016524648894362705
1858,training,0,0.010904984548687935,0.018852707499888478,9.572295997902678,0.6704667781912911,0.0017039110358626796
1859,training,0,0.011509202420711517,0.01878745435671441,9.61219211956117,0.6705178566027118,0.00026310574587489605
1860,training,0,0.004338269121944904,0.01878745435671441,9.652297886457028,0.6704972357151594,-0.0011034947215946005
1861,training,0,0.005786392837762834,0.01878745435671441,9.692197215344722,0.6704646397295169,-0.0015029029032441524
1862,training,0,0.005014023976400495,0.01878745435671441,9.732182303190045,0.6703724215791431,-0.0034496957306448567
1863,training,0,0.0051296427845954895,0.01878745435671441,9.772250712253454,0.6702106052350439,-0.004522796839954141
1864,training,0,0.008108926936984062,0.01878745435671441,9.812117411055779,0.6700123241210729,-0.005893228418699015
1865,training,0,0.00393628841266036,0.010156632602681234,9.85220254401054,0.6697433654432847,-0.007791904142198058
1866,training,0,0.0018904465250670901,0.010156632602681234,9.892137797310053,0.6694243604122593,-0.008650840332751496
1867,training,0,0.004087637644261122,0.010156632602681234,9.932073516822825,0.6690526104863634,-0.010581387088389847
1868,training,0,0.003308303188532591,0.010156632602681234,9.972171394295279,0.6685986273460672,-0.011927044019036732
1869,training,0,0.0020783189684152603,0.010156632602681234,10.011998455737388,0.6681129580197975,-0.013214766374906529
1870,training,0,0.0020668189972639084,0.010156632602681234,10.052030651324909,0.6675622045779657,-0.014414260245057556
1871,training,0,0.001732444390654564,0.012650426861418526,10.092041812410054,0.6669939319894117,-0.014157243397603185
1872,training,0,0.00034886784851551056,0.012650426861418526,10.131853203857188,0.6664038667236523,-0.015651380770444305
1873,training,0,0.0003496091812849045,0.012650426861418526,10.171948368320178,0.6657679835948551,-0.016109265494820526
1874,training,0,0.0023660119622945786,0.012650426861418526,10.211766634149662,0.6651465301377791,-0.016242574114137518
1875,training,0,0.00043776072561740875,0.012650426861418526,10.251746892700554,0.6644848972913028,-0.01724096724930777
1876,training,0,0.014723062515258789,0.012650426861418526,10.29179578406406,0.6637960233916987,-0.016952768106256486
1877,training,0,0.0032948623411357403,0.007572664877143874,10.331584833595294,0.6631142225784697,-0.017950880303995827
1878,training,0,0.007159218192100527,0.007572664877143874,10.371656221919206,0.6623853321461081,-0.01843631947346978
1879,training,0,0.014103728346526623,0.007572664877143874,10.411541410339774,0.66167903496179,-0.017935593666134095
1880,training,0,0.020223304629325867,0.007572664877143874,10.451452416664154,0.6609524722085042,-0.018939382059679887
1881,training,0,0.014048784971237181,0.007572664877143874,10.491528469383447,0.6601841164546907,-0.019242654442396662
1882,training,0,0.020903432741761204,0.007572664877143874,10.531320481806402,0.6594222662197508,-0.019899078813843413
1883,training,0,0.019614318385720253,0.01813239607938239,10.571353553880614,0.6586168669894238,-0.020512189450008118
1884,training,0,0.009121188893914223,0.01813239607938239,10.611344661532984,0.6578221420738123,-0.019399880880095064
1885,training,0,0.021357433870434758,0.01813239607938239,10.651154424686869,0.6570412248326122,-0.019893526077386394
1886,training,0,0.006645858287811279,0.01813239607938239,10.691242132726881,0.6562528284086009,-0.01945784683248482
1887,training,0,0.007158519700169565,0.01813239607938239,10.731050189515203,0.6555194062039619,-0.018408006380056414
1888,training,0,0.0022176727652549726,0.01813239607938239,10.77103000418751,0.6548019564685396,-0.017670499618855286
1889,training,0,0.0018128613010048866,0.03105596970891276,10.8110705287473,0.6541316115457242,-0.015408950837334992
1890,training,0,0.001719105988740921,0.03105596970891276,10.850850072596174,0.6535509375206333,-0.014368925513473404
1891,training,0,0.005618913099169735,0.03105596970891276,10.890923113424222,0.6530095818478463,-0.012436309474338492
1892,training,0,0.0016216263175010698,0.03105596970891276,10.930772183814012,0.6525874549977303,-0.00986389749580817
1893,training,0,0.007416769862174991,0.03105596970891276,10.970702095601382,0.6522326646483795,-0.008176268748236185
1894,training,0,0.001433614641427992,0.03105596970891276,11.010785361622032,0.6519444387592487,-0.0060146045705427005
1895,training,0,0.0063147274777293205,0.037757007364825054,11.050568251162094,0.6517497834861046,-0.004534577202597971
1896,training,0,0.005246615037322044,0.037757007364825054,11.090612384561025,0.6516013670820119,-0.002958835925071669
1897,training,0,0.0121338851749897,0.037757007364825054,11.130575267728789,0.6515427399815584,-0.0003511395826707062
1898,training,0,0.012478388845920563,0.037757007364825054,11.17043002309131,0.6515639426034342,0.001239824619781769
1899,training,0,0.01395181380212307,0.037757007364825054,11.210540743705426,0.6516562974056012,0.0035084064468606842
1900,training,0,0.018105365335941315,0.037757007364825054,11.25036674314632,0.6518671082062326,0.006243888384267367
1901,training,0,0.019125277176499367,0.02893026253440289,11.290356183656092,0.6521671726429158,0.008936053290660993
1902,training,0,0.019569434691220522,0.02893026253440289,11.33040462300122,0.6526033843481386,0.0130489393690897
1903,training,0,0.024185783229768276,0.02893026253440289,11.370220077263758,0.6531852023024096,0.015733204881350264
1904,training,0,0.020303471013903618,0.02893026253440289,11.410310174981554,0.6538618574129523,0.018106764891119714
1905,training,0,0.01899348758161068,0.02893026253440289,11.45020950903219,0.6546624992354931,0.021153679653356156
1906,training,0,0.013729950413107872,0.02893026253440289,11.490150193326304,0.6555313696410479,0.021850925663458
1907,training,0,0.030528648756444454,0.011139086662931749,11.530204887786557,0.6564246884440136,0.0236092929537542
1908,training,0,0.029444318264722824,0.011139086662931749,11.570044964009789,0.657420520145224,0.025698962521574546
1909,training,0,0.042733099311590195,0.011139086662931749,11.610087287135014,0.6584950528880139,0.028153520981403085
1910,training,0,0.033327448181807995,0.011139086662931749,11.650016237420592,0.6597011701447897,0.03221970943056832
1911,training,0,0.03155437670648098,0.011139086662931749,11.689886572615055,0.6610373707772539,0.03405951445154521
1912,training,0,0.010245325043797493,0.011139086662931749,11.7300005896415,0.6624116563222395,0.034250227078982565
1913,training,0,0.0015463866293430328,0.013267503653469837,11.769826411870756,0.6637766583938943,0.03290646513261232
1914,training,0,0.020921161398291588,0.013267503653469837,11.809848807557364,0.6650258723970408,0.0288960567214424
1915,training,0,0.020495757460594177,0.013267503653469837,11.849901745761606,0.6661228670393338,0.026733768621852453
1916,training,0,0.007052429020404816,0.013267503653469837,11.889767694796383,0.6671529044491286,0.024806725808175785
1917,training,0,0.012030832469463352,0.013267503653469837,11.929886157658137,0.6681030924398077,0.02233667945057356
1918,training,0,0.04283427074551582,0.013267503653469837,11.969783851376802,0.6689908710426591,0.02153629103349416
1919,training,0,0.04293921776115894,0.01144818045811929,12.00973614196982,0.6698450199324473,0.02221556745236213
1920,training,0,0.02606860548257828,0.01144818045811929,12.049772839967723,0.6707912063561213,0.025929543013545914
1921,training,0,0.01780241914093494,0.01144818045811929,12.08961867496537,0.6718828250933657,0.027072726848058195
1922,training,0,0.02214493043720723,0.01144818045811929,12.129693142319287,0.672945823168711,0.025411357991844654
1923,training,0,0.018210509791970253,0.01144818045811929,12.169642591555695,0.6739424740003649,0.02398629040573883
1924,training,0,0.024744490161538117,0.007284394830250099,12.209571902545216,0.674827158890774,0.019710262404895682
1925,training,0,0.004332704469561577,0.007284394830250099,12.249689649592112,0.675546946906907,0.017252875330876792
1926,training,0,0.03411055915057659,0.007284394830250099,12.289572358981529,0.6762154213294481,0.014368321446601584
1927,training,0,0.03430786542594433,0.007284394830250099,12.329660488022837,0.6766444798000472,0.005468024606971112
1928,training,0,0.04896390065550804,0.007284394830250099,12.369719461588195,0.6766685391564669,-0.004121327337651474
1929,training,0,0.03546956065110862,0.007611061438079864,12.409675624398703,0.676281434662526,-0.015645775811645515
1930,training,0,0.01763180084526539,0.007611061438079864,12.449811381985722,0.675444667542694,-0.0249950050186062
1931,training,0,0.01875394396483898,0.007611061438079864,12.489647245338018,0.6743687640327827,-0.02945621841843956
1932,training,0,0.030427915509790182,0.007611061438079864,12.529604596298721,0.6731572127454452,-0.029629027774473713
1933,training,0,0.0090003851801157,0.007611061438079864,12.569651169683748,0.6720625498497852,-0.023555875150658493
1934,training,0,0.015222796704620123,0.007611061438079864,12.609441865416667,0.6712410273610194,-0.019951894060682457
1935,training,0,0.022066503763198853,0.00467925006111457,12.64949810149153,0.6704712787260805,-0.018290987534400865
1936,training,0,0.02789330998348305,0.00467925006111457,12.689379015103931,0.6698268894161866,-0.014407404116873159
1937,training,0,0.029197153286077082,0.00467925006111457,12.729250386863997,0.669331187497585,-0.010265048168364191
1938,training,0,0.030091871973127127,0.00467925006111457,12.769327306903342,0.6690229102797809,-0.004617320058343531
1939,training,0,0.01747629279270768,0.00467925006111457,12.809108388016096,0.6689608919034595,0.00031511717158237213
1940,training,0,0.013261745683848856,0.00467925006111457,12.849130064852707,0.6690356656756368,0.002975807783664961
1941,training,0,0.006101550534367561,0.009972269143488444,12.889148491745,0.6692025689400767,0.004877497415213464
1942,training,0,0.013148184400051832,0.009972269143488444,12.929045192149607,0.6693813433943853,0.0031383822466919216
1943,training,0,0.019514757674187422,0.009972269143488444,12.969170786593596,0.6694440234817228,-0.00013512596493533806
1944,training,0,0.021691849920898676,0.009972269143488444,13.009069478948614,0.6693990062913219,-0.0034659545133895056
1945,training,0,0.016438609454780817,0.009972269143488444,13.049089395387268,0.669153828642304,-0.008868724202779527
1946,training,0,0.0005885213613510132,0.009972269143488444,13.089157918417877,0.6687208883255993,-0.012367561441286723
1947,training,0,0.011058434844017029,0.005277477732326483,13.129046772812702,0.6681552463478706,-0.016621885916589942
1948,training,0,0.02043274650350213,0.005277477732326483,13.169157617465935,0.6673821930486289,-0.02216072222280607
1949,training,0,0.011824144050478935,0.005277477732326483,13.209090430648958,0.6664160636948889,-0.026706917215918297
1950,training,0,0.006474502384662628,0.005277477732326483,13.249028559010634,0.6652759586199717,-0.03035719074284834
1951,training,0,0.015128995757550001,0.005277477732326483,13.28908017852548,0.6640507913754632,-0.029881697916837764
1952,training,0,0.03912166506052017,0.005277477732326483,13.328853055189928,0.6629272434699199,-0.02711294409576976
1953,training,0.012688486,0.05608205497264862,0.010985460534535387,13.388885286593354,0.661427511976521,-0.022608212057536232
1954,training,0.002185857,0.06110129877924919,0.010985460534535387,13.448618568557109,0.6602336447801016,-0.01812689426974854
1955,training,0.002466443,0.08141850680112839,0.010985460534535387,13.468650367624996,0.6598887011624638,-0.016041381067308496
1956,training,0.0026361167,0.0989462360739708,0.010985460534535387,13.528482100064773,0.6592892565388898,-0.0031096677125756326
1957,training,0.0015514093,0.05086187832057477,0.010985460534535387,13.568378171107355,0.6594336162464819,0.010898805302455841
1958,training,0,0.004088863730430603,0.00986210365525764,13.588420039271377,0.6596921650332823,0.013507696630913469
1959,training,0,0.028486907482147217,0.00986210365525764,13.608386220510868,0.6599704791657582,0.013497986305882588
1960,training,0,0.04652434401214123,0.00986210365525764,13.648381737269872,0.6603371411919542,0.00525453548863135
1961,training,0.0043998105,0.05046909861266613,0.00986210365525764,13.688501052223513,0.6604522822991595,0.0015132400305589455
1962,training,0,0.03338541835546494,0.00986210365525764,13.72843636560309,0.6605116950238344,0.0006155122489236303
1963,training,0,0.037272527813911445,0.00986210365525764,13.768451290013763,0.6604077147097022,-0.009051645999491686
1964,training,0,0.03600961156189442,0.017898365604249417,13.8085943490114,0.6597445753215999,-0.02435184105813804
1965,training,0,0.029054403305053714,0.017898365604249417,13.848566156063342,0.6584749516766591,-0.03814760208847627
1966,training,0,0.031031809747219086,0.017898365604249417,13.888662744411553,0.6567092010801248,-0.0495453744404446
1967,training,0,0.04345756769180298,0.017898365604249417,13.928654783914764,0.6545578724990708,-0.057582653524460195
1968,training,0,0.03414729959331453,0.017898365604249417,13.968491009653741,0.652072913834206,-0.06735531473169444
1969,training,0.007925613,0.0564242247492075,0.017898365604249417,14.008476909988367,0.6492059045805726,-0.07531219659515545
1970,training,0,0.0326963122934103,0.010269774885050816,14.048285930881253,0.6460799557912341,-0.08236379709003568
1971,training,0,0.025038817897439003,0.010269774885050816,14.088166299465055,0.6426660199201991,-0.08708724022938029
1972,training,0,0.023177599534392357,0.010269774885050816,14.127991463739491,0.6391969409438079,-0.0861109793623314
1973,training,0,0.02363128587603569,0.010269774885050816,14.16768924265165,0.6358000442684609,-0.08520668106809372
1974,training,0,0.003665890544652939,0.010269774885050816,14.207562543586274,0.6324489125185339,-0.08182494752018529
1975,training,0,0.006927568465471268,0.010269774885050816,14.247335721761768,0.6293357216386466,-0.07434889285811544
1976,training,0,0.011364109814167016,0.01771859538217015,14.287089080504217,0.6264915308713879,-0.0684155579592316
1977,training,0,0.00522980093955994,0.01771859538217015,14.326999712295791,0.6238826264208587,-0.06217464560066673
1978,training,0,0.013455616310238838,0.01771859538217015,14.366732014500311,0.6215160806653186,-0.05824122516068609
1979,training,0,0.028843320906162262,0.01771859538217015,14.406693262547114,0.6192451203089038,-0.05568936442985035
1980,training,0,0.03265431337058545,0.01771859538217015,14.446592146865319,0.617092226590024,-0.052702643413730293
1981,training,0,0.0324372872710228,0.01771859538217015,14.486381890878645,0.6149879249083098,-0.053413771614767874
1982,training,0,0.026500023901462555,0.03451641177441109,14.52637756026638,0.6128595607346405,-0.052606438911602355
1983,training,0,0.019970608875155442,0.03451641177441109,14.566163865240277,0.6108136500262618,-0.051070503111589845
1984,training,0,0.042252501472830765,0.03451641177441109,14.606111908060129,0.6088038037470398,-0.04944703102170733
1985,training,0,0.023869365453720093,0.03451641177441109,14.646054766412176,0.6068842184228125,-0.04663699284622394
1986,training,0,0.029813716188073158,0.03451641177441109,14.685811107683568,0.605059708454635,-0.04539090804794729
1987,training,0,0.020421944558620453,0.03451641177441109,14.725835589846055,0.6033033833283712,-0.0419539514816218
1988,training,0,0.0038527585566043854,0.041410126069061935,14.76562141333083,0.6017529235116668,-0.036889880289193176
1989,training,0,0.0036250241100788116,0.041410126069061935,14.80552683791346,0.6003776237917591,-0.03172158764094523
1990,training,0,0.010141115635633469,0.041410126069061935,14.845546879271875,0.5992453867125572,-0.023877064310744708
1991,training,0,0.01581188663840294,0.041410126069061935,14.885261516607486,0.5984707375520251,-0.015515967963596874
1992,training,0,0.023271780461072922,0.041410126069061935,14.925275115673418,0.5980359106613938,-0.005790686365243015
1993,training,0,0.0428384467959404,0.041410126069061935,14.96514136508784,0.5980258488668594,0.004665578994426893
1994,training,0,0.032740578055381775,0.04215265492558936,15.004992541096353,0.5983916900130621,0.013180122465458157
1995,training,0,0.03139816178008914,0.04215265492558936,15.045096640574576,0.599058667759765,0.020106583050403835
1996,training,0,0.03468224033713341,0.04215265492558936,15.084874704007284,0.5999909877686936,0.02573590047455193
1997,training,0,0.022827540524303913,0.04215265492558936,15.124868091534115,0.6011018848131896,0.029408519328219158
1998,training,0,0.029539024457335472,0.04215265492558936,15.164863488508988,0.6023478935100063,0.03316619385277217
1999,training,0,0.020562218502163884,0.04215265492558936,15.204696286114544,0.6037175747747271,0.034989890550114325
2000,training,0,0.021592428907752037,0.03228892281304219,15.2447961220575,0.6051362532859457,0.03564707057075454
2001,training,0,0.023620408028364185,0.03228892281304219,15.284642511528844,0.6065826133925549,0.03637591011889572
2002,training,0,0.023475419729948047,0.03228892281304219,15.32459929414481,0.6080281684639974,0.035631844232428364
2003,training,0,0.02442944049835205,0.03228892281304219,15.364656781447382,0.609436299236863,0.0354553029940461
2004,training,0,0.026382630690932274,0.03228892281304219,15.404498717890325,0.6108375425313055,0.03415660243308163
2005,training,0,0.027848323807120323,0.03228892281304219,15.444575250128567,0.6121795234460564,0.03267267388194911
2006,training,0,0.022763973101973534,0.014643517091661612,15.484502413634486,0.6134836542921037,0.03254636478218871
2007,training,0,0.027884285897016525,0.014643517091661612,15.52441495149948,0.6147644984925263,0.031325145350646025
2008,training,0,0.033679798245429986,0.014643517091661612,15.564529794550099,0.6159979206317598,0.030701247104290882
2009,training,0,0.026365106925368306,0.014643517091661612,15.604347420508061,0.6172329288920622,0.03038037516133453
2010,training,0,0.02965974248945713,0.014643517091661612,15.644376297470085,0.6184330585220712,0.02936976103983704
2011,training,0,0.034874545410275466,0.014643517091661612,15.684381955825957,0.6196123264132968,0.0299922145617949
2012,training,0,0.023868108168244365,0.0023801138741687267,15.724243445261203,0.6208098341184235,0.02972786157309951
2013,training,0,0.03913958184421063,0.0023801138741687267,15.764356601164575,0.6219958470567202,0.02946662362476368
2014,training,0,0.03938146494328976,0.0023801138741687267,15.804200316584687,0.623195118888755,0.029956663693091027
2015,training,0,0.040473947301506996,0.0023801138741687267,15.84417514908732,0.6243851296606692,0.029156254268377084
2016,training,0,0.034151054918766015,0.0023801138741687267,15.884222011899995,0.6255400328664145,0.0292608103629739
2017,training,0,0.04324643500149249,0.0023801138741687267,15.924067862070086,0.6267104509418079,0.028726283595796865
2018,training,0,0.04277926869690419,0.017812339685882563,15.964151844928896,0.6278531918697473,0.02821865356577617
2019,training,0,0.039293700829148286,0.017812339685882563,16.004057601080255,0.6290012657434614,0.028824926641543656
2020,training,0,0.04233572632074356,0.017812339685882563,16.043981576352103,0.6301415476869202,0.027995589483283484
2021,training,0,0.030951177701354027,0.017812339685882563,16.08407690583317,0.6312501995223143,0.027788607941664944
2022,training,0,0.0403122752904892,0.017812339685882563,16.12390761785511,0.6323692173507491,0.027480515649331117
2023,training,0,0.04520689509809017,0.017812339685882563,16.163952102219614,0.6334524701845827,0.026260183845925586
2024,training,0,0.03581891395151615,0.017210218825928693,16.20394398780377,0.6345028610205881,0.026362473857232855
2025,training,0,0.04336581379175186,0.017210218825928693,16.243824134955112,0.6355376147553254,0.02518040954515005
2026,training,0,0.04388221912086009,0.017210218825928693,16.28394522387707,0.6365261768572551,0.024337695041604438
2027,training,0,0.039344651624560356,0.017210218825928693,16.323788657096525,0.6375190776910215,0.024511930391186577
2028,training,0,0.04216610640287399,0.017210218825928693,16.363782743560108,0.6384820445607658,0.023260671592551338
2029,training,0,0.03765046410262584,0.017210218825928693,16.403825029748102,0.6394013687881642,0.023009307504229668
2030,training,0,0.04061701893806457,0.0225797980368491,16.44369156206333,0.6403064459452885,0.021835930284578003
2031,training,0,0.024646544829010963,0.0225797980368491,16.48379414711278,0.6411546294571621,0.020327446467319953
2032,training,0,0.04713008366525173,0.0225797980368491,16.52370810857409,0.6419750529767367,0.0201312723772053
2033,training,0,0.041155451908707626,0.0225797980368491,16.563655717918294,0.6427518278556458,0.018483149426152708
2034,training,0,0.04086069017648696,0.0225797980368491,16.60372532200088,0.6434639479252326,0.0176118569325166
2035,training,0,0.04315856657922267,0.0225797980368491,16.64361062806234,0.644156467548098,0.01622349292523406
2036,training,0,0.027523500844836228,0.02051215420465143,16.68367810484104,0.6447708667230422,0.014276614878260672
2037,training,0,0.0346363466233015,0.02051215420465143,16.72366205205322,0.645341601817014,0.014220990577626533
2038,training,0,0.04481569118797779,0.02051215420465143,16.76356979730729,0.6458787623179488,0.012372416766390257
2039,training,0,0.03483428433537483,0.02051215420465143,16.803685335508355,0.6463426495139372,0.011117356181977914
2040,training,0,0.04082661308348179,0.02051215420465143,16.843548169825173,0.6468021104995806,0.010933485081007261
2041,training,0,0.028020361438393593,0.02051215420465143,16.883566880026308,0.6472116734407967,0.009232170412888716
2042,training,0,0.03623070381581783,0.012995489719955854,16.923588502701204,0.6475718010132974,0.009089734912215885
2043,training,0,0.04219082184135914,0.012995489719955854,16.963477700001846,0.6479216360886273,0.008151512762524783
2044,training,0,0.04024600051343441,0.012995489719955854,17.00358272404714,0.6482313958225887,0.0073269020501075
2045,training,0,0.006454456597566603,0.012995489719955854,17.043487274128864,0.648550345842722,0.007857752096358845
2046,training,0,0.028103971853852272,0.012995489719955854,17.08345269199032,0.6488486735904075,0.006755158046400705
2047,training,0,0.030633904039859765,0.012995489719955854,17.123513819638326,0.6491067999913408,0.006721830366288426
2048,training,0,0.004774304106831551,0.01507733298601906,17.16339712650052,0.6493812115045173,0.006122184644646776
2049,training,0,0.003430768847465515,0.01507733298601906,17.203472132009548,0.6496036167761824,0.004830612112171313
2050,training,0,0.0060515329241752625,0.01507733298601906,17.243434715077576,0.6498088176660599,0.005179228357921106
2051,training,0,0.0034862212269217707,0.01507733298601906,17.283357998306396,0.6499942851737507,0.003706836918403813
2052,training,0,0.002079135272651911,0.01507733298601906,17.323450684450403,0.6501216166284455,0.003009560309853067
2053,training,0,0.005802638828754425,0.01507733298601906,17.36333868220874,0.6502531887154335,0.0027032826888682858
2054,training,0,0.004542268812656403,0.008373083206349502,17.40336922438623,0.6503356303644051,0.0011744739212281327
2055,training,0,0.002624550834298134,0.008373083206349502,17.443387840090196,0.6503798044188506,0.0011109141383653578
2056,training,0,0.0022948142141103745,0.008373083206349502,17.48328112980993,0.6504131328463907,0.00015378075981645393
2057,training,0,0.007771022152155639,0.008373083206349502,17.52338800645304,0.6504042509387957,-0.0005549408267878287
2058,training,0,0.0016248095780611038,0.008373083206349502,17.56327961929651,0.650401559178466,-0.0003452570059276091
2059,training,0,0.004853651858866216,0.008373083206349502,17.603251968095762,0.6503801370745242,-0.0010444909357086205
2060,training,0,0.016133899800479412,0.012124882968104052,17.643341306580005,0.6503374138860941,-0.0009245904054452143
2061,training,0,0.0030550207011401653,0.012124882968104052,17.68319098570545,0.6502999606527279,-0.0016229353301604767
2062,training,0,0.00803654594346881,0.012124882968104052,17.723267713058092,0.6502215642927546,-0.0023561912379132153
2063,training,0,0.020583873614668843,0.012124882968104052,17.76321188335999,0.6501432461559831,-0.0021468581556053586
2064,training,0,0.019318202510476116,0.012124882968104052,17.803144522875755,0.6500454405618927,-0.00321490278206994
2065,training,0,0.013276182115077972,0.012124882968104052,17.843254607273742,0.6499055713589162,-0.0035853901831998337
2066,training,0,0.02091241627931595,0.022948566907448037,17.883099848795936,0.6497771343054103,-0.0037412833267991136
2067,training,0,0.021498048678040504,0.022948566907448037,17.923131961603676,0.6496167144309457,-0.004451798101479931
2068,training,0,0.011352549307048319,0.022948566907448037,17.96315512557341,0.6494533543901948,-0.003866512528852164
2069,training,0,0.021040858700871468,0.022948566907448037,18.003012658501696,0.6492913141732817,-0.00463132931586957
2070,training,0,0.007130008190870283,0.022948566907448037,18.0431208320568,0.6491000859802283,-0.0049909124700991915
2071,training,0,0.009890366345643997,0.022948566907448037,18.082983342352087,0.6489277378574249,-0.004444181001553815
2072,training,0,0.019326945766806602,0.021779707506741623,18.12296455055596,0.648743340967616,-0.005224752717968164
2073,training,0,0.01630974467843771,0.021779707506741623,18.163039409447613,0.6485338208857685,-0.0049448513794548695
2074,training,0,0.019658165052533153,0.021779707506741623,18.202872360016343,0.6483377942111865,-0.0056789848144012545
2075,training,0,0.023751357570290565,0.021779707506741623,18.242955372286232,0.6480959512304927,-0.006396042506568962
2076,training,0,0.017235161736607548,0.021779707506741623,18.28287075276922,0.6478611637980111,-0.006162767077806912
2077,training,0,0.022331021726131436,0.021779707506741623,18.32280637508466,0.6476098469868339,-0.006823627072935647
2078,training,0,0.022410972043871883,0.03134546236101312,18.362906047875274,0.6473328640378259,-0.006916117403271682
2079,training,0,0.023809557780623433,0.03134546236101312,18.40273608201186,0.6470668273761011,-0.00721813006267059
2080,training,0,0.019425852224230763,0.03134546236101312,18.44277761619834,0.6467675626279393,-0.008058806825996311
2081,training,0,0.027031034231185913,0.03134546236101312,18.482785896105543,0.6464563266020488,-0.007663485980495721
2082,training,0,0.022298133000731468,0.03134546236101312,18.522636147536037,0.6461376904912408,-0.008613082487692396
2083,training,0,0.02334862388670444,0.03134546236101312,18.56274671435619,0.6457819079408774,-0.00925801342284691
2084,training,0,0.023582370951771733,0.006343217186117232,18.60258016966532,0.6454283378925161,-0.009345011777075855
2085,training,0,0.03985317237675191,0.006343217186117232,18.64256906977433,0.6450477603375756,-0.010002388191904051
2086,training,0,0.03221732750535011,0.006343217186117232,18.682627461148286,0.6446494617642541,-0.009830114654978475
2087,training,0,0.03732205368578435,0.006343217186117232,18.722449072383515,0.6442440029681876,-0.011177238049172153
2088,training,0,0.04129205457866192,0.006343217186117232,18.762538196673514,0.6437725255113389,-0.012378859960623696
2089,training,0,0.04254130460321903,0.006343217186117232,18.802423994134504,0.6432878606845392,-0.012960509610310995
2090,training,0,0.03692818619310856,0.012214425928743814,18.842364291754848,0.6427588180944389,-0.0137187083740269
2091,training,0,0.033922814764082425,0.012214425928743814,18.88244850695096,0.642213489217447,-0.013311039013959854
2092,training,0,0.03361532837152481,0.012214425928743814,18.9222258231789,0.6417026648673679,-0.012953351275872802
2093,training,0,0.018922924995422356,0.012214425928743814,18.962263466831097,0.6412082694458591,-0.011628045801865657
2094,training,0,0.023798491805791855,0.012214425928743814,19.002231867042223,0.6408100682860339,-0.008455991980034184
2095,training,0,0.02134521305561065,0.012214425928743814,19.04205942005519,0.6405121933042819,-0.006674166601178423
2096,training,0,0.02325712889432907,0.012251624937633935,19.082162415690178,0.6402921884296896,-0.004077742252840247
2097,training,0,0.006099177524447445,0.012251624937633935,19.121959053718342,0.6402122609091013,-0.0008232160606604874
2098,training,0,0.001339958980679512,0.012251624937633935,19.161938908110418,0.6402492431316255,0.002862170209711625
2099,training,0,0.00975903682410717,0.012251624937633935,19.20198884952931,0.6404620573466754,0.008275177129711068
2100,training,0,0.004372535273432732,0.012251624937633935,19.241749564975027,0.6409007090289721,0.013807109659650707
2101,training,0.003538264,0.05503605119884014,0.012251624937633935,19.281824236367775,0.6415587284404726,0.019160312442408657
2102,training,0.004760223,0.12278512492775917,0.015527310244192386,19.34154766236653,0.6430025042704313,0.02948648494966603
2103,training,0.0036270837,0.09943428263068199,0.015527310244192386,19.381543630676518,0.6443835766723299,0.04209766445712686
2104,training,0,0.003695536404848092,0.015527310244192386,19.421434517573427,0.6463545052391068,0.05495873637169469
2105,training,0,0.018654990941286087,0.015527310244192386,19.441317227387053,0.6474725243822708,0.05528205716952701
2106,training,0,0.008424591273069382,0.015527310244192386,19.481412318354433,0.6495064093518271,0.0446116640702952
2107,training,0,0.04363093152642251,0.015527310244192386,19.52151953657151,0.6510744744589813,0.0352989631540396
2108,training,0,0.003013571724295616,0.012837579399874725,19.56142581475723,0.6523661782652818,0.030273430225876554
2109,training,0,0.020246305502951145,0.012837579399874725,19.601571602550145,0.6535049242506697,0.02642351251825845
2110,training,0,0.007879424374550581,0.012837579399874725,19.641435565593774,0.6544930911888579,0.02190186543624392
2111,training,0,0.0008239061571657658,0.012837579399874725,19.681465532630224,0.655270893150243,0.01748523227251133
2112,training,0,0.006784278899431232,0.012837579399874725,19.721504223025505,0.6559488780524314,0.01684856204853706
2113,training,0,0.004236703738570217,0.012837579399874725,19.761391162271654,0.6565792348676195,0.014082805549637126
2114,training,0,0.04323464445769787,0.005529318332024134,19.801531048036253,0.6570591874601903,0.009188932275301155
2115,training,0,0.02310107275843619,0.005529318332024134,19.841495925448136,0.6573096645836032,0.0011069419183884909
2116,training,0.00089963706,0.07560084760189056,0.005529318332024134,19.90169255452453,0.6567034518042678,-0.02186183864802642
2117,training,0.0030000824,0.09852220676839352,0.005529318332024134,19.941704293057196,0.655535803112062,-0.03746714223704196
2118,training,0.011117974,0.1247318685054779,0.005529318332024134,19.981787187432364,0.6535973619362244,-0.06177284082429983
2119,training,0.0029777922,0.07167673110961914,0.009804862955194676,20.02187203226301,0.6505808901764749,-0.0874442739200902
2120,training,0,0.041153471916913986,0.009804862955194676,20.06167260198018,0.646688288214728,-0.10554772967669922
2121,training,0,0.04998018033802509,0.009804862955194676,20.08156367875337,0.6445420356682778,-0.10890441470093658
2122,training,0,0.03642190434038639,0.009804862955194676,20.121341055871138,0.6401352576489565,-0.11073334106635832
2123,training,0,0.0368447881191969,0.009804862955194676,20.16101328130648,0.6357744215712594,-0.10800625826198314
2124,training,0,0.04233643598854542,0.009804862955194676,20.20074902010399,0.6315273519131778,-0.10571473669758888
2125,training,0,0.01005423069000244,0.024763348113234163,20.24048948240694,0.6273623110192476,-0.10375153172448015
2126,training,0,0.014388317242264748,0.024763348113234163,20.280156569992943,0.623235067727656,-0.10442411797228683
2127,training,0,0.008169550448656082,0.024763348113234163,20.31994069372805,0.6190759511097059,-0.10359887116206797
2128,training,0,0.037761034443974495,0.024763348113234163,20.3596860833408,0.615007213659862,-0.1008236627645733
2129,training,0,0.04886630363762379,0.024763348113234163,20.399384108947576,0.6110089785216006,-0.09990288250537513
2130,training,0,0.011422567069530484,0.024763348113234163,20.43915183343979,0.607086043287593,-0.09639504829246627
2131,training,0,0.016711292788386345,0.04341634783935252,20.478823302077075,0.6033273759603591,-0.09357210625058063
2132,training,0,0.001294847577810284,0.04341634783935252,20.518662992160046,0.5996525857745738,-0.09035767109868213
2133,training,0,0.025436297059059143,0.04341634783935252,20.558437342812553,0.5961723307595361,-0.08399461054659949
2134,training,0,0.028912415727972984,0.04341634783935252,20.598146563946273,0.5929027651141825,-0.0812328322112858
2135,training,0,0.03161795996129513,0.04341634783935252,20.638012837397042,0.5897077227398483,-0.07910261603134017
2136,training,0,0.019490061327815056,0.04341634783935252,20.677747450748313,0.5865997383061144,-0.07832454334740295
2137,training,0,0.019360328093171113,0.04401703318116704,20.717631300074807,0.5834907353495176,-0.076634813366836
2138,training,0,0.029123973101377487,0.04401703318116704,20.757477581211543,0.5805291424351461,-0.07151178458016945
2139,training,0,0.04910543747246266,0.04401703318116704,20.797221400950107,0.5777409594597811,-0.07005664151009222
2140,training,0,0.03840875811874867,0.04401703318116704,20.837170551192486,0.5749417544229795,-0.07056376599837967
2141,training,0,0.01963784359395504,0.04401703318116704,20.87695881243085,0.5721395481896552,-0.07072572375967406
2142,training,0,0.004349701106548309,0.04401703318116704,20.91680956650736,0.569351524910749,-0.06819492841549411
2143,training,0,0.04390911012887955,0.03202155465969797,20.956712437494428,0.5667553777256271,-0.060101292533075105
2144,training,0,0.015891727060079575,0.03202155465969797,20.99634428015229,0.5645964780238955,-0.048595151648546865
2145,training,0,0.04077385365962982,0.03202155465969797,21.036306596810793,0.5628960376232065,-0.03779488913838136
2146,training,0,0.02629753202199936,0.03202155465969797,21.07612217057147,0.5616235767774665,-0.02612946389310666
2147,training,0,0.026017745956778526,0.03202155465969797,21.115958173979642,0.5607746010325719,-0.016958445497312038
2148,training,0.08436825,0.05890276096761227,0.03202155465969797,21.17596117461466,0.5598639829359237,-0.016052107445909233
2149,training,0,0.020289425738155842,0.04100850493504527,21.19586281126271,0.5595345209509395,-0.01763549672046564
2150,training,0,0.003900040872395037,0.04100850493504527,21.23593212001064,0.5586868821149258,-0.023651135818893023
2151,training,0,0.0035751033574342728,0.04100850493504527,21.27593328873067,0.5577363168446918,-0.023261199647591387
2152,training,0,0.04264918155968189,0.04100850493504527,21.315732882131613,0.5568329720283489,-0.021540782197914502
2153,training,0.0053227684,0.05869057774543762,0.04100850493504527,21.355839529065022,0.5559943872077681,-0.022171055514584558
2154,training,0.009404834,0.09073847532272339,0.04100850493504527,21.415783999385717,0.5544358062862048,-0.032002211019336445
2155,training,0.0024279472,0.16517578810453415,0.03736187978166531,21.455933759909,0.552873254173856,-0.046197802533118865
2156,training,0.002920063,0.15641844272613525,0.03736187978166531,21.49593950585022,0.5507292572230518,-0.06210686359569315
2157,training,0.0047659148,0.12786398455500603,0.03736187978166531,21.53592424551573,0.5479023478904297,-0.07746499523649149
2158,training,0.0033886945,0.10561555065214631,0.03736187978166531,21.57588370642462,0.5446176708379262,-0.08479432018525263
2159,training,0.0030818353,0.07838578522205354,0.03736187978166531,21.615431788594925,0.5412142380863794,-0.08569876028535052
2160,training,0.021416243,0.07310030609369278,0.03736187978166531,21.65528425620651,0.5379342977717345,-0.07771043917862695
2161,training,0.05349979,0.06293438374996185,0.04804906327788765,21.69506037002992,0.535094841785822,-0.06455407763349201
2162,training,0,0.04951917380094528,0.04804906327788765,21.714843840731515,0.5338748534911993,-0.05887135422911112
2163,training,0,0.022715188562870026,0.04804906327788765,21.754746134972294,0.531769987472854,-0.046263305313091516
2164,training,0,0.011702023446559906,0.04804906327788765,21.794607009343213,0.5302388872396571,-0.029897547096124976
2165,training,0,0.04395162314176558,0.04804906327788765,21.8343015214087,0.5293930636369427,-0.011738415872018638
2166,training,0,0.03519051522016525,0.04804906327788765,21.874298981047623,0.5293495023463028,0.010624205995581776
2167,training,0.008930809,0.0928336903452873,0.03693676134180115,21.91399672361145,0.5302359357286385,0.032391785202278436
2168,training,0.058160476,0.10622060485184193,0.03693676134180115,21.953877937448116,0.5318362716733644,0.04504072302862255
2169,training,0.007828651,0.08765882626175882,0.03693676134180115,22.013763796865224,0.534751108919476,0.050731731950977965
2170,training,0.0030687887,0.09292891249060631,0.03693676134180115,22.0536834338357,0.5368060742669144,0.05190452178143579
2171,training,0.007941633,0.10419605299830437,0.03693676134180115,22.113613002907456,0.5399583143353027,0.053078543914281275
2172,training,0.0019000011,0.09502239711582659,0.024816732895494593,22.153518037668036,0.5420543452517289,0.05121695808513474
2173,training,0.003870665,0.07018066942691802,0.024816732895494593,22.2134977081772,0.5450679809795391,0.05040386343691069
2174,training,0,0.02620050311088562,0.024816732895494593,22.233383831832054,0.5460799116585738,0.05201866628416864
2175,training,0.0053572548,0.05653379112482071,0.024816732895494593,22.273350561515652,0.548304555469053,0.0600451041501478
2176,training,0,0.021844219416379936,0.024816732895494593,22.293383546414987,0.5495405969072817,0.06458836192265797
2177,training,0,0.02632879465818405,0.024816732895494593,22.33305087098405,0.5522763158607616,0.072516761204726
2178,training,0,0.019826874136924744,0.024816732895494593,22.3529639102976,0.5537535778919229,0.075287441438482
2179,training,0,0.03410512953996658,0.04691251179929343,22.392977795786045,0.5568591145843739,0.07961634285454529
2180,training,0,0.03274272568523884,0.04691251179929343,22.4326555591007,0.5600859849534215,0.08201360829782979
2181,training,0,0.030254879966378215,0.04691251179929343,22.4725343959101,0.5633820540167427,0.0823315164991554
2182,training,0,0.029896464198827744,0.04691251179929343,22.512477910671873,0.5666601917884235,0.08169133094595094
2183,training,0,0.026015775278210636,0.04691251179929343,22.552206491852075,0.5698945777971554,0.08051487207130033
2184,training,0,0.024231161922216415,0.04691251179929343,22.592213414844945,0.5730993804146646,0.07921143436840326
2185,training,0,0.02523181214928627,0.05287652998716325,22.631997461515773,0.5762354783005635,0.07831875051036147
2186,training,0,0.02363896556198597,0.05287652998716325,22.671844797509454,0.5793439064462955,0.07715226922116461
2187,training,0,0.02679423615336418,0.05287652998716325,22.71189337617245,0.5824070006887502,0.07634843703043052
2188,training,0,0.02451849542558193,0.05287652998716325,22.75158010296032,0.585443901520192,0.07559727701152613
2189,training,0,0.008791245054453611,0.05287652998716325,22.791554289977775,0.5884519508913607,0.0744484167808346
2190,training,0,0.007348146289587021,0.05287652998716325,22.83143083008622,0.5914022603456801,0.0736744154606566
2191,training,0,0.007251882925629616,0.05782486739180925,22.871241585782627,0.5943184826166125,0.07234011433017683
2192,training,0,0.006614550948143005,0.05782486739180925,22.911307888323094,0.5971902733553539,0.07097687152229733
2193,training,0,0.04750913009047508,0.05782486739180925,22.951048688678966,0.6000036599485336,0.0701626525355913
2194,training,0,0.009775796439498663,0.05782486739180925,22.990991870471294,0.6027824023843067,0.0681870332482634
2195,training,0,0.013036579824984074,0.05782486739180925,23.030976694569777,0.6054560048016012,0.06610925383068851
2196,training,0,0.008004398085176945,0.05782486739180925,23.070779576569233,0.6080359261419059,0.06299699427304029
2197,training,0,0.04278026521205902,0.04905624281824439,23.110862837764216,0.6104982377250677,0.059632322287026154
2198,training,0,0.0307200588285923,0.04905624281824439,23.15071169418916,0.6128214314856265,0.05690827074502642
2199,training,0,0.044461091980338104,0.04905624281824439,23.19063804938329,0.6150422422680454,0.05424651687699457
2200,training,0,0.04184629023075104,0.04905624281824439,23.230711015552117,0.6171687566073805,0.05292157091174773
2201,training,0,0.04236198961734772,0.04905624281824439,23.27050911360796,0.619259026909609,0.05138110468953046
2202,training,0,0.041716404259204865,0.04905624281824439,23.31055923892582,0.6212848570091069,0.04956847176480766
2203,training,0,0.04029930755496025,0.046809872118936446,23.350486247636756,0.6232470640679362,0.04886810015963189
2204,training,0,0.04544054716825485,0.046809872118936446,23.390371864268218,0.6251703588448612,0.04728158330061217
2205,training,0.10422361,0.059694258496165276,0.046809872118936446,23.43048320957558,0.6270358952230322,0.04635839995382267
2206,training,0.0050362665,0.05210428498685359,0.046809872118936446,23.49023410034452,0.6298477246877717,0.04740254444609475
2207,training,0,0.021511312574148178,0.046809872118936446,23.530345202534054,0.6317447333026391,0.04659265483535215
2208,training,0,0.02296410128474235,0.046809872118936446,23.550261816275626,0.6326613153505971,0.04491900007413445
2209,training,0,0.03883905708789825,0.03451888625682851,23.590134331805938,0.6343297707043397,0.038811914969684884
2210,training,0.0028920118,0.05265865847468376,0.03451888625682851,23.65023174298873,0.6364677689419236,0.03366755256309364
2211,training,0,0.0381696317344904,0.03451888625682851,23.670134650167142,0.6371258537884209,0.032227347572154
2212,training,0,0.02868547849357128,0.03451888625682851,23.710120248686195,0.6383559894079358,0.028869719853961837
2213,training,0,0.03217832930386066,0.03451888625682851,23.75018664091686,0.6394467153079947,0.026365300100501202
2214,training,0,0.029644997790455825,0.03451888625682851,23.790054437605836,0.64045023501306,0.023173437826246052
2215,training,0,0.049542635679245,0.0285256060488582,23.830158150622946,0.6413173250367816,0.0201307671175091
2216,training,0,0.04645007289946079,0.0285256060488582,23.870107922307053,0.6421161507382153,0.019807411544649007
2217,training,0,0.0472467802464962,0.0285256060488582,23.9100385825015,0.6428963888090274,0.01922536586742694
2218,training,0,0.04401562549173832,0.0285256060488582,23.950118673512236,0.6436742810795432,0.020326974116785045
2219,training,0.002385567,0.05055660940706729,0.0285256060488582,24.00994790726069,0.6449675381857494,0.02185579779724724
2220,training,0,0.038780441507697105,0.0285256060488582,24.050064337566212,0.6458420248665867,0.02137539107597872
2221,training,0,0.03588812239468098,0.008293699638082706,24.069991163998836,0.6462712065443259,0.020713046919488765
2222,training,0,0.033971220254898064,0.008293699638082706,24.109886207312545,0.6470306459063971,0.017066497121826542
2223,training,0,0.04280593805015087,0.008293699638082706,24.150018148383424,0.6476532534252698,0.014559595252483225
2224,training,0,0.04086688905954361,0.008293699638082706,24.18987920052603,0.6482452312753683,0.014331952230884008
2225,training,0.004659324,0.050928598269820206,0.008293699638082706,24.2499578774651,0.6490537454136879,0.01257070165237555
2226,training,0.03681313,0.05142555944621562,0.008293699638082706,24.289853466666894,0.6496049002671248,0.014392282036864431
2227,training,0.0069609173,0.0676422044634819,0.0067833260677626316,24.329815878745933,0.6502028951146394,0.015470063400690385
2228,training,0,0.034169385209679604,0.0067833260677626316,24.369865160677975,0.6508634139465006,0.0184244149131508
2229,training,0,0.009100645314902067,0.0067833260677626316,24.389838541447407,0.6512481465074075,0.018503923733016944
2230,training,0,0.0025909063406288632,0.0067833260677626316,24.429790253470244,0.6519445034431979,0.01607124589325581
2231,training,0,0.03562912065535784,0.0067833260677626316,24.469856070156663,0.6525567335484491,0.015582107786865897
2232,training,0,0.04093121050391346,0.0067833260677626316,24.509701966587784,0.6532294233808108,0.0184844613569475
2233,training,0.003962735,0.0606650784611702,0.010958745679031127,24.569775846711984,0.6546072064730978,0.028677266695044952
2234,training,0,0.024784173816442486,0.010958745679031127,24.589677532581728,0.6552230912031503,0.032331257220411934
2235,training,0,0.024812104180455208,0.010958745679031127,24.629521866324342,0.6566058665668093,0.03587964441821693
2236,training,0,5.735084414482117e-06,0.010958745679031127,24.66962710159341,0.6580705533086845,0.03743842831896921
2237,training,0,0.03273875080049038,0.010958745679031127,24.70941119425184,0.6596327483214747,0.040816586639006565
2238,training,0,0.0031154192984104156,0.010958745679031127,24.74935058732449,0.6613615109887386,0.046913932762336845
2239,training,0,0.0014189258217811584,0.013385117310754499,24.7893342265243,0.6634056493244841,0.05719694690572466
2240,training,0,0.03678106516599655,0.013385117310754499,24.829017010527217,0.6658961136818387,0.06788701344903635
2241,training,0,0.011171892285346999,0.013385117310754499,24.868966258967024,0.6688335540283074,0.08009517628637335
2242,training,0,0.04763701558113098,0.013385117310754499,24.908639148037082,0.67229494730189,0.09579244559178644
2243,training,0.0049869507,0.09712293744087219,0.013385117310754499,24.968072656826397,0.6788930754160897,0.1268399943421738
2244,training,0.008304287,0.06210508197546005,0.013385117310754499,25.007479612438043,0.6843903806423418,0.15138968507360404
2245,training,0.0020685466,0.15187035873532295,0.03368702407550089,25.0662300411968,0.6945989289241381,0.19417411698047807
2246,training,0.009368731,0.1690879873931408,0.03368702407550089,25.10501750466997,0.70292818367639,0.2314015162154699
2247,training,0.005887007,0.21253393962979317,0.03368702407550089,25.143245106211157,0.7128511699682637,0.2776196211813504
2248,training,0.06203687,0.11691677384078503,0.03368702407550089,25.199741685393235,0.7310811470421794,0.34517530512109984
2249,training,0,0.0071936543099582195,0.03368702407550089,25.21836194812876,0.7380032676139847,0.3666016226162225
2250,training,0,0.01110770646482706,0.08368674838515631,25.2365137814751,0.7450977240269567,0.37928592642528214
2251,training,0,0.035859204828739166,0.08368674838515631,25.27349270252758,0.7599397948127177,0.3799412335969034
2252,training,0,0.019969978369772434,0.08368674838515631,25.292103781266615,0.7673371378274719,0.3763043710118421
2253,training,0.0070141144,0.05992277339100838,0.08368674838515631,25.34805258708652,0.7891298944699876,0.3668780167812258
2254,training,0.003134082,0.1538091767579317,0.08368674838515631,25.38541465485405,0.8033168966339932,0.35855057865543616
2255,training,0.005932487,0.10652334615588188,0.08368674838515631,25.422931189461007,0.8173062392484266,0.3563753523866861
2256,training,0.00519393,0.13384957052767277,0.08368674838515631,25.46023432823382,0.8312997129160387,0.36105675180890817
2257,training,0.0018651912,0.1775387078523636,0.11878039606188694,25.4788959300544,0.8383737671756187,0.3637205008017634
2258,training,0.0018965849,0.1828311625868082,0.11878039606188694,25.534594761778838,0.8602930175562811,0.39852271721538757
2259,training,0.0054242443,0.2758553475141525,0.11878039606188694,25.57075867750597,0.876294631579588,0.43440615496072393
2260,training,0.008410652,0.3087709918618202,0.11878039606188694,25.58867985810964,0.8848420276588558,0.4566947086064173
2261,training,0.010645777,0.233009347692132,0.11878039606188694,25.641008759614383,0.9129301640550034,0.5309623923754004
2262,training,0.031044746,0.1571643576025963,0.11878039606188694,25.67466089654173,0.9337386093421335,0.5757759115947894
2263,training,0.010611873,0.21713139861822123,0.11642965681470638,25.691177504175684,0.9447242473728904,0.5981641442043119
2264,training,0.007395926,0.1883683055639267,0.11642965681470638,25.723378952072096,0.9677502788482318,0.6461988719201361
2265,training,0.0032133453,0.1406067833304405,0.11642965681470638,25.754184779954517,0.9923744999352212,0.7011431844740962
2266,training,0.001702561,0.08067552745342252,0.11642965681470638,25.798098244067113,1.0322150270690778,0.7710055837208162
2267,training,0,0.04647351801395419,0.11642965681470638,25.812232434503343,1.0462488673649906,0.7929893589088841
2268,training,0.002270016,0.13064762949943542,0.13112148717395142,25.839382386819782,1.0750213474708556,0.8373633168113651
2269,training,0.0032010097,0.14732059836387634,0.13112148717395142,25.865173177645023,1.105018834272641,0.8851809690488762
2270,training,0.0015532013,0.1343177855014801,0.13112148717395142,25.889565197681062,1.1363309551721208,0.9313786958732132
2271,training,0.0024393813,0.13677847385406494,0.13112148717395142,25.912447418352546,1.1685498103551264,0.9740394129701295
2272,training,0.007892411,0.13638264685869217,0.13112148717395142,25.93405932679587,1.2017376396068862,1.0122343931393671
2273,training,0.003021577,0.1467468813061714,0.15741762961517913,25.954493653330914,1.235785732888166,1.0477528189537453
2274,training,0.0045353603,0.12969280779361725,0.15741762961517913,25.97372886536454,1.2705576444071152,1.0839612827856424
2275,training,0.005078816,0.12437399476766586,0.15741762961517913,25.991604475771016,1.3058296071166158,1.118718478050351
2276,training,0.0035004593,0.17278291285037994,0.15741762961517913,26.008394964678978,1.341967198485532,1.153469468027335
2277,training,0.0031457366,0.0696348920464516,0.15741762961517913,26.02380882705113,1.3784756629489805,1.191894395013615
2278,training,0.0018860991,0.06330115348100661,0.15741762961517913,26.03773486594961,1.4155637084793435,1.2259007656370648
2279,training,0.100166894,0.054393827915191664,0.1398191130732073,26.050789515316517,1.4532931740061041,1.2491982486239166
2280,training,0,0.047748357057571425,0.1398191130732073,26.06289519057178,1.4910903032233849,1.2721361892081569
2281,training,0,0.038963899016380296,0.1398191130732073,26.074190238795648,1.529329668978003,1.2947066841185524
2282,training,0,0.024009406566619873,0.1398191130732073,26.08467702596357,1.5677417637034101,1.3132656484449763
2283,training,0,0.0007105916738510132,0.1398191130732073,26.094401064273626,1.606302931474916,1.3343713690401067
2284,training,0,0.012589238584041595,0.1398191130732073,26.103328306744466,1.645065522047419,1.35343673631096
2285,training,0,0.03325584530830383,0.0854909231997431,26.11158217998581,1.684105323942612,1.3712310641469354
2286,training,0,0.025559194386005388,0.0854909231997431,26.119028848544424,1.723150977129239,1.395045507117911
2287,training,0,0.0044683292508125305,0.0854909231997431,26.125493757377704,1.762317906388504,1.418883377432251
2288,training,0,0.039547599852085114,0.0854909231997431,26.131085652893777,1.8018620453002914,1.4416215098530556
2289,training,0,0.046269312500953674,0.0854909231997431,26.135710478714284,1.8411597540490354,1.4664412080949674
2290,training,0,0.026563920080661788,0.0854909231997431,26.13933963829083,1.8808506366445576,1.4923584362964684
2291,training,0,0.016107924282550798,0.04880863691482589,26.141989778479655,1.9206091611911802,1.5153470389913235
2292,training,0,0.03817306458950043,0.04880863691482589,26.14381721574547,1.960309759591835,1.5328502527416032
2293,training,0,0.023761957883834825,0.04880863691482589,26.14504032528122,2.0003565687400107,1.54857100608322
2294,training,0,0.03701639175415039,0.04880863691482589,26.145601840311954,2.040100521168027,1.5658534741482517
2295,training,0,0.028875254094600705,0.04880863691482589,26.1453611304291,2.079924160078479,1.588503744941676
2296,training,0,0.015107430517673492,0.04880863691482589,26.14420881637278,2.119813192290566,1.6104579769197696
2297,training,0,0.015220440924167633,0.04136609828104179,26.14221198899849,2.159489836286024,1.6311956522323274
2298,training,0.00852173,0.061624467372894315,0.04136609828104179,26.139437123556,2.199355843781526,1.648511147702072
2299,training,0,0.02402298897504808,0.04136609828104179,26.13605426279191,2.2390544261810637,1.6635167794787042
2300,training,0,0.019948720932006836,0.04136609828104179,26.13201262346951,2.2786256204481115,1.6817638846884284
2301,training,0,0.02035750076174736,0.04136609828104179,26.127250550988038,2.3182394346832638,1.6980968483437775
2302,training,0,0.03139590099453926,0.04136609828104179,26.12190660878995,2.3577110694302332,1.712017828953989
2303,training,0.0032419872,0.06516684591770172,0.012677383904790793,26.11606090416282,2.3971859855182,1.7223826007944507
2304,training,0.00519203,0.055850725620985045,0.012677383904790793,26.10670589804911,2.4563110012103877,1.733411698146472
2305,training,0.0029740843,0.0622812882065773,0.012677383904790793,26.10010220538961,2.495673301392273,1.73976610600704
2306,training,0,0.048727331683039665,0.012677383904790793,26.09332001357502,2.5350311543174198,1.7427272075329077
2307,training,0.0033524742,0.07857953943312168,0.012677383904790793,26.0863983949743,2.574341369792723,1.7479412979236792
2308,training,0,0.040130533277988434,0.012677383904790793,26.082843842567083,2.5939904609680284,1.7509219383219348
2309,training,0,0.002146415412425995,0.04449167920527317,26.075585985312376,2.633214788019429,1.758245488382113
2310,training,0.0056931386,0.05358944088220596,0.04449167920527317,26.067885218211927,2.6723398033804244,1.7734384282229354
2311,training,0,0.00036793947219848633,0.04449167920527317,26.05953443783554,2.7111973081824043,1.7911776751290378
2312,training,0,0.023005623370409012,0.04449167920527317,26.05048024587569,2.7500839529466474,1.807564166385952
2313,training,0,0.015443306416273117,0.04449167920527317,26.040824694260387,2.788745151389434,1.8230636140309433
2314,training,0,0.024138055741786957,0.04449167920527317,26.03067658484895,2.827233491634017,1.8328596287907233
2315,training,0,0.0004036128520965715,0.03517359031667411,26.020125391773078,2.8659006486018783,1.843164448298273
2316,training,0,0.03843960538506508,0.03517359031667411,26.009172416320133,2.9041026694386995,1.8564466556261314
2317,training,0,0.02489642053842543,0.03517359031667411,25.997701318503662,2.942333034062369,1.8673817001915547
2318,training,0.002771333,0.05741215497255327,0.03517359031667411,25.985830433480174,2.9805813847753493,1.8776203449132274
2319,training,0,0.0018109604716300826,0.03517359031667411,25.973615316568125,3.018394016584661,1.8896344171610577
2320,training,0,0.0002887472510337691,0.03517359031667411,25.960805941200313,3.0563074926011944,1.9043314610763722
2321,training,0,0.007367469370365143,0.01797574724272115,25.947480965310017,3.093851838257996,1.9204095526700429
2322,training,0,0.006272546947002404,0.01797574724272115,25.933533537890685,3.1311317590452243,1.9367101347320754
2323,training,0,0.024091780185699463,0.01797574724272115,25.918961040568345,3.16844418329902,1.9493453828230476
2324,training,0,0.0022675395011901786,0.01797574724272115,25.90406860614778,3.205263769011592,1.9604347803795479
2325,training,0,0.026346147060394287,0.01797574724272115,25.88868880387946,3.242167406961945,1.970907512992208
2326,training,0,0.0063706934452056885,0.01797574724272115,25.872967494293512,3.278880021824739,1.9796942296128879
2327,training,0,0.02213562652468681,0.01993901931659905,25.85695178053203,3.315281943070706,1.9905324582451365
2328,training,0,0.01022806391119957,0.01993901931659905,25.84046277783366,3.3517265973614254,2.000574329689216
2329,training,0,0.04049718007445334,0.01993901931659905,25.82369535966927,3.387831581410687,2.010844706849511
2330,training,0,0.01735341548919679,0.01993901931659905,25.806486968368347,3.423830367054929,2.022792126516403
2331,training,0,0.0073381029069423676,0.01993901931659905,25.788861185169008,3.459672480596015,2.0322208471768097
2332,training,0,0.0036961697041988373,0.01993901931659905,25.770959804249703,3.4952064934720397,2.0422527465007345
2333,training,0,0.03630684316158295,0.029495621480032853,25.752658068143937,3.530704816982339,2.050393677230386
2334,training,0,0.048187982290983186,0.029495621480032853,25.73412585520312,3.5660884093992635,2.0558111224907587
2335,training,0.009876376,0.05829963833093643,0.029495621480032853,25.705926508205962,3.6188407413761636,2.0667708670777922
2336,training,0.009016879,0.05312670022249222,0.029495621480032853,25.68680649821552,3.6538975484620195,2.073622875647587
2337,training,0.0078313425,0.08086159080266953,0.029495621480032853,25.667436119163266,3.6887209447023594,2.083105803219685
2338,training,0.004578341,0.05673287622630596,0.029495621480032853,25.647748358911684,3.7234799947246793,2.0873059093976263
2339,training,0.0061663245,0.1332628596574068,0.04047022172433983,25.627994851829115,3.7582093525782083,2.0885537152296267
2340,training,0.0014083353,0.09150166250765324,0.04047022172433983,25.608215882497138,3.792958400717711,2.0864418395468496
2341,training,0.005789107,0.11547168903052807,0.04047022172433983,25.588583149342984,3.827779681318258,2.0818431249139087
2342,training,0.0041517178,0.10612244717776773,0.04047022172433983,25.569060970264594,3.862646979285992,2.081313504094654
2343,training,0.018133039,0.18618605844676495,0.04047022172433983,25.549530132161056,3.897494422886008,2.0811108472805193
2344,training,0.005492555,0.13834273256361487,0.04047022172433983,25.53976125432709,3.914937395988722,2.0816849047720836
2345,training,0.002339858,0.13391979970037937,0.020148955900056043,25.51033966671313,3.967103256644898,2.087162941387647
2346,training,0.008133919,0.17083530314266682,0.020148955900056043,25.5004803942632,3.9844335005720004,2.087954444934646
2347,training,0.011543576,0.18006726913154125,0.020148955900056043,25.470800625357466,4.036480504591419,2.0904893319791094
2348,training,0.0013660579,0.17641236633062365,0.020148955900056043,25.460865558492035,4.053811938206603,2.0922590110210773
2349,training,0.003513177,0.14731871709227562,0.020148955900056043,25.430938731802904,4.105727225732354,2.094753853560416
2350,training,0.002550696,0.19248280301690102,0.020148955900056043,25.4109056761816,4.140230561386016,2.098896968771919
2351,training,0.016540524,0.15361630916595462,0.025995629068053486,25.390754918110318,4.174628057400196,2.102006924291288
2352,training,0.015073863,0.21463926881551743,0.025995629068053486,25.380604360929656,4.191870002141682,2.103920696948516
2353,training,0.0023626548,0.14455810934305188,0.025995629068053486,25.360219008309606,4.226167111152469,2.111112835577856
2354,training,0.0011983723,0.16994959861040113,0.025995629068053486,25.33958517001883,4.260234964859162,2.11902358887945
2355,training,0.0028834746,0.12247715517878532,0.025995629068053486,25.318600152446937,4.294282211371647,2.1274435932237408
2356,training,0.030526686,0.16662030667066574,0.025995629068053486,25.29737012359534,4.327962392633206,2.1384778802491935
2357,training,0.0078767575,0.16664425283670428,0.06923179141192982,25.276120086809385,4.361065856543954,2.141477578436362
2358,training,0.010075437,0.25972799770534044,0.06923179141192982,25.254452292586354,4.3946840730119066,2.1451146747577967
2359,training,0.0019612378,0.22745413891971109,0.06923179141192982,25.2327354858309,4.428152380515659,2.146440688500316
2360,training,0.007285197,0.19805817306041718,0.06923179141192982,25.210961537921417,4.461796487738905,2.1421398662007114
2361,training,0.0013001137,0.28703050687909126,0.06923179141192982,25.19023746030523,4.49382109260786,2.14616234027975
2362,training,0.037640207,0.2140463441610336,0.06923179141192982,25.168795255374643,4.52741785718545,2.130628920219103
2363,training,0.0021209458,0.23069150373339653,0.06923179141192982,25.147703776575316,4.561613538217715,2.1184508336660572
2364,training,0.0031901493,0.23824902623891833,0.11925436298789487,25.126957808444967,4.595772401204116,2.115423390428082
2365,training,0.003858176,0.12358831986784938,0.11925436298789487,25.10615454761333,4.6296878064308356,2.1390704568838883
2366,training,0.022851089,0.165937976911664,0.11925436298789487,25.08421327189368,4.662363854033724,2.1812457792846254
2367,training,0.05966463,0.13212765753269196,0.11925436298789487,25.06103184505133,4.694402804696162,2.213083418650033
2368,training,0.0059684375,0.1374509260058403,0.11925436298789487,25.02419357765317,4.741666113747267,2.2499970812562697
2369,training,0.009335434,0.07185658998787403,0.11925436298789487,24.998966570928875,4.77228216051056,2.2695811011452935
2370,training,0.005324191,0.08735659159719944,0.1472338828450591,24.959836809367694,4.817803443773882,2.2897923139598637
2371,training,0.0033068953,0.05299628898501397,0.1472338828450591,24.933494509880227,4.84748902382257,2.303833609572792
2372,training,0.00811871,0.0696008913218975,0.1472338828450591,24.89295231706068,4.891730185258556,2.3192343043623382
2373,training,0.007522438,0.05822119489312172,0.1472338828450591,24.86575566171789,4.92071688696564,2.330623003608387
2374,training,0,0.003988378681242466,0.1472338828450591,24.83805010753752,4.94949494233993,2.342552516875871
2375,training,0,0.021948395296931267,0.1472338828450591,24.82403544637181,4.963849169743552,2.3452843261422442
2376,training,0.0010910132,0.05085473507642746,0.1472338828450591,24.796203164886634,4.9922645334718885,2.345024647803899
2377,training,0.0018767121,0.053517555817961686,0.13274745314695469,24.768270313950033,5.020952893725269,2.33887490550007
2378,training,0.0028739406,0.05794531852006912,0.13274745314695469,24.71322580863544,5.078936069509519,2.322862304559825
2379,training,0.0017689808,0.1335681863129139,0.13274745314695469,24.685884380315308,5.10831010657002,2.3187893188403725
2380,training,0.0014773636,0.10897292848676443,0.13274745314695469,24.65881862912737,5.137608190703479,2.312916658181397
2381,training,0.036777373,0.10907217860221863,0.13274745314695469,24.631875082321407,5.1671170864856855,2.3110827663376363
2382,training,0.0029619872,0.06551430374383926,0.13274745314695469,24.618330468153214,5.181929152572467,2.311717950531857
2383,training,0.003206972,0.07555761933326721,0.13274745314695469,24.591390369298214,5.211385865012111,2.3112394272213006
2384,training,0.0015250485,0.05767972767353058,0.07641603113164182,24.55090097718319,5.2556529501105915,2.311768095450861
2385,training,0.0030798828,0.12306922674179077,0.07641603113164182,24.523971847373875,5.284988836185248,2.316700823925712
2386,training,0.0032771959,0.09920051321387291,0.07641603113164182,24.496864729641494,5.314250725008955,2.3180963938009453
2387,training,0.007622564,0.12785629648715258,0.07641603113164182,24.483226926273502,5.328935225959637,2.3214925034014224
2388,training,0.004519591,0.12182021141052246,0.07641603113164182,24.455883783016528,5.3580677041819555,2.325299389828234
2389,training,0.0064069387,0.15416496992111206,0.07641603113164182,24.41484515877947,5.401730908720148,2.3252533893485894
2390,training,0.0031126898,0.1933516561985016,0.034232174995291374,24.37382504632946,5.445390962423802,2.324778340298658
2391,training,0.0034620455,0.12070048600435257,0.034232174995291374,24.36012092875421,5.459814642302703,2.3403094250251635
2392,training,0.009670397,0.11779341846704483,0.034232174995291374,24.33191459593404,5.487889064214957,2.373734910717783
2393,training,0.0035381,0.16499976348131895,0.034232174995291374,24.28827922657386,5.528469520439611,2.411477557936078
2394,training,0.009448579,0.22147576697170734,0.034232174995291374,24.24294624664608,5.56698661081531,2.4631774747695543
2395,training,0.005236949,0.1602507382631302,0.034232174995291374,24.211551432890364,5.5913703516286635,2.500028062471629
2396,training,0.0046759113,0.17247799783945084,0.006663943692202433,24.19555731067975,5.60313996737568,2.51189121644853
2397,training,0.0054518594,0.14342970587313175,0.006663943692202433,24.16327455380389,5.626348921184346,2.5224004453311477
2398,training,0.024540111,0.10625891014933586,0.006663943692202433,24.130578311867314,5.64950366887464,2.5275278556915133
2399,training,0.07734024,0.15313374809920788,0.006663943692202433,24.098000797369178,5.672380740235788,2.5295316115291038
2400,training,0.007859601,0.16419680416584015,0.006663943692202433,24.065256826350847,5.695237920237396,2.5354663675944002
2401,training,0.002352763,0.1668299064040184,0.006663943692202433,24.032261566423873,5.71784719455944,2.5475558462173753
2402,training,0.004590826,0.2211992144584656,0.006663943692202433,23.999227119331362,5.739828868386999,2.5609685206389816
2403,training,0.005125084,0.2174564003944397,0.006663943692202433,23.96562919835037,5.761540743122554,2.5752748038470425
2404,training,0.031544738,0.2820037379860878,0.06164493986040519,23.93186305793989,5.782693131269162,2.5884353071369803
2405,training,0.0067561697,0.2208928018808365,0.06164493986040519,23.897842930464734,5.803389700320259,2.6015593288057017
2406,training,0.0053231567,0.25071121752262115,0.06164493986040519,23.863332034808398,5.823801045629661,2.614596696848863
2407,training,0.0066254977,0.256807304918766,0.06164493986040519,23.828886693508828,5.8435987367563405,2.624508791613263
2408,training,0.0040633827,0.24956655129790306,0.06164493986040519,23.811517787327116,5.853422780913375,2.628918287481923
2409,training,0.0024282038,0.2976921498775482,0.06164493986040519,23.77649083485927,5.87295832740812,2.6373830986736237
2410,training,0.0029033571,0.2663654685020447,0.11504183765153937,23.724038583629415,5.901496021464626,2.6490707666927205
2411,training,0.0016662276,0.23534316569566727,0.11504183765153937,23.688551089724076,5.920659460887031,2.6306221266375163
2412,training,0.003706023,0.28592415153980255,0.11504183765153937,23.653989496682126,5.941054330533988,2.5875612709811766
2413,training,0.011330954,0.20884320884943008,0.11504183765153937,23.62013146159497,5.9630010744358195,2.5429326439374114
2414,training,0.10407692,0.24891602247953412,0.11504183765153937,23.587054193042768,5.986589816934066,2.506203071673431
2415,training,0.0049035517,0.271529458463192,0.13918501838002276,23.555160798788492,6.010809917250805,2.4775503882123022
2416,training,0.009057185,0.2631654813885689,0.13918501838002276,23.52381648617572,6.036014152484388,2.452463002760721
2417,training,0.006216335,0.30788490176200867,0.13918501838002276,23.477971008958413,6.074839987344906,2.4271959212379026
2418,training,0.031364147,0.23634177446365356,0.13918501838002276,23.44790738263236,6.101343186966548,2.411105146983068
2419,training,0.010039438,0.29666370153427124,0.13918501838002276,23.41821003259013,6.1282086570089405,2.4017442983535444
2420,training,0.001770434,0.31981250271201134,0.13918501838002276,23.388837532550006,6.155431612197112,2.38556534924784
2421,training,0.006821472,0.1282031983137131,0.13918501838002276,23.37431185798419,6.16922761545748,2.3787466287237127
2422,training,0,0.021540850400924738,0.038780421239678155,23.345538505188,6.196887769055378,2.3814615741214227
2423,training,0.0033570123,0.08348479866981506,0.038780421239678155,23.316545626536225,6.223375591036177,2.425718833841874
2424,training,0.007978355,0.08490327000617978,0.038780421239678155,23.286036281387535,6.248505351518549,2.4802009820993516
2425,training,0.0038774374,0.05116117745637894,0.038780421239678155,23.25431065144708,6.271933452993003,2.528150909645678
2426,training,0.017819632,0.07940932549536227,0.038780421239678155,23.204772197538432,6.305535903310359,2.559454706527904
2427,training,0.009226103,0.22088976949453354,0.038780421239678155,23.171364907226163,6.327247978975191,2.5645330117175043
2428,training,0.0033039195,0.2200368046760559,0.038780421239678155,23.154618291671596,6.338245878563657,2.5538721886996587
2429,training,0.0038488228,0.20386891067028046,0.061122063265916286,23.12138632108772,6.361077059426278,2.525955422686077
2430,training,0.0073070102,0.08554833754897119,0.061122063265916286,23.088971847435303,6.384455695491786,2.511636602767445
2431,training,0.010495512,0.15220349468290806,0.061122063265916286,23.056726786249587,6.408058767112589,2.509666964739583
2432,training,0.0014436959,0.1744958832859993,0.061122063265916286,23.02444086431079,6.431707330153132,2.5065433843385656
2433,training,0.0028938008,0.18523893505334854,0.061122063265916286,22.992377954192786,6.45564452761368,2.491725227670975
2434,training,0.0020588562,0.2527030259370804,0.061122063265916286,22.96060959259477,6.480295609572782,2.4708914701032203
2435,training,0.0046716747,0.24294278025627136,0.061122063265916286,22.92943692690446,6.505535624211302,2.4507143951492627
2436,training,0.004081817,0.23284452408552173,0.061122063265916286,22.898849212984057,6.531371390981995,2.4304934901784505
2437,training,0.004649856,0.26422425732016563,0.08846811974155039,22.86868094033616,6.557780324983774,2.415784538159703
2438,training,0.0030727885,0.24193757027387622,0.08846811974155039,22.838844817151482,6.584533918820804,2.406157183575981
2439,training,0.0026515163,0.3044986091554165,0.08846811974155039,22.809304805999165,6.611525846631538,2.396473956524785
2440,training,0.0035348148,0.31855514645576477,0.08846811974155039,22.780031798955093,6.6387214782026005,2.3892194370683084
2441,training,0.0023960571,0.29587552696466446,0.08846811974155039,22.750901637017208,6.6662022270033505,2.380435973224858
2442,training,0.0037245504,0.31878757476806635,0.08846811974155039,22.722097211662973,6.6938629130239535,2.373123905968113
2443,training,0.0061648265,0.31901189684867864,0.08846811974155039,22.69336441446738,6.721755970047213,2.3693530887878684
2444,training,0.038510915,0.3181556425988674,0.15156815275833063,22.6647861013493,6.749709087351944,2.364994068140022
2445,training,0.0051469263,0.3714704886078834,0.15156815275833063,22.650160151559017,6.763968411650878,2.378303758151346
2446,training,0.004262913,0.40533211827278137,0.15156815275833063,22.605657555452396,6.802825697036803,2.4706641046144613
2447,training,0.10586779,0.2950648367404938,0.15156815275833063,22.573964694002214,6.826527810523545,2.5280217137688097
2448,training,0.0059955358,0.19363828375935557,0.15156815275833063,22.54120387701714,6.848326307829427,2.5783028787965905
2449,training,0.028577458,0.23428764939308167,0.17892420323766736,22.50733444214103,6.868783547610446,2.6161155649271928
2450,training,0.0066047367,0.2563842087984085,0.17892420323766736,22.472483956832694,6.888226704204943,2.6495020168332952
2451,training,0.018863963,0.17419403791427612,0.17892420323766736,22.437273428917887,6.906353771852103,2.68357330770306
2452,training,0.0065679858,0.12383144348859786,0.17892420323766736,22.40129393481679,6.923386069200114,2.7111265137545697
2453,training,0.043268386,0.10886190459132195,0.17892420323766736,22.346685998447178,6.947726521514414,2.732407193228823
2454,training,0.0016025095,0.18782884255051613,0.17892420323766736,22.32839135190607,6.955606374150582,2.736647737226913
2455,training,0.0015426757,0.21149924024939537,0.15773793207172815,22.29161951706777,6.971226410478252,2.7425866975325404
2456,training,0.005415281,0.1978597305715084,0.15773793207172815,22.236385615973163,6.994203795107637,2.753458766201633
2457,training,0.006249804,0.0842587910592556,0.15773793207172815,22.199369480555397,7.00912714253012,2.7626320344985738
2458,training,0.007907791,0.06363490782678127,0.15773793207172815,22.162205576070473,7.023798891377208,2.764429596977609
2459,training,0,0.014746487140655525,0.15773793207172815,22.125084947586814,7.038614476158733,2.760593110863727
2460,training,0,0.017817698419094093,0.11403313097969388,22.10650532493534,7.046084131361982,2.75679741425228
2461,training,0,0.041005637496709824,0.11403313097969388,22.06951628376527,7.061300183523383,2.746154821210148
2462,training,0,0.029443049803376198,0.11403313097969388,22.05109956448757,7.06900571828224,2.7445533635779524
2463,training,0,0.0073906853795051575,0.11403313097969388,22.014196676959667,7.084511126923674,2.7426115820577195
2464,training,0,0.03821672103367746,0.11403313097969388,21.977417057135405,7.100151020899463,2.735196723177893
2465,training,0,0.002745259553194046,0.11403313097969388,21.940778468529096,7.116017106753265,2.7321670073058226
2466,training,0,0.007077388465404514,0.11403313097969388,21.904097453380906,7.131985903605906,2.7268544722817447
2467,training,0,0.014715015888214104,0.07751313608081124,21.86757973234438,7.148240917185021,2.7194379856023674
2468,training,0,0.029131349176168442,0.07751313608081124,21.831102181408337,7.1647726849846975,2.711385156185219
2469,training,0,0.02455374225974083,0.07751313608081124,21.79490139986629,7.1815874156279955,2.7034482088958978
2470,training,0,0.031140580773353577,0.07751313608081124,21.758793571344068,7.198519260220205,2.703037881018144
2471,training,0,0.01566037535667419,0.07751313608081124,21.722499584335097,7.215599231337647,2.697262506389619
2472,training,0.007973963,0.05171109735965729,0.07751313608081124,21.668584098109893,7.241782253839239,2.6845438378216935
2473,training,0.0036507118,0.05586223304271698,0.05571753166516522,21.632629244051895,7.259602269358749,2.6770411322574827
2474,training,0,0.020118918269872662,0.05571753166516522,21.597047525479308,7.277569740544903,2.6754274535085925
2475,training,0,0.03888969123363495,0.05571753166516522,21.56139377320027,7.295511115726123,2.673722300312652
2476,training,0,0.03804486244916916,0.05571753166516522,21.543491895997636,7.304560417162084,2.673511382956634
2477,training,0,0.00011340901255607605,0.05571753166516522,21.5078524069835,7.322594438538382,2.6724828610615434
2478,training,0,0.02212762925773859,0.05571753166516522,21.472260307323484,7.340671319465026,2.6687275214346324
2479,training,0,0.0008147992193698883,0.034561264533389605,21.436585673414456,7.35904248255583,2.66411675376395
2480,training,0,0.0088766198605299,0.034561264533389605,21.401223595526922,7.37741651365348,2.6600024498683394
2481,training,0,0.007556545548141003,0.034561264533389605,21.36578242068808,7.396036805381228,2.655581133887854
2482,training,0,0.0027067065238952637,0.034561264533389605,21.33039864184854,7.414831930349923,2.6503913687612077
2483,training,0,0.011035691946744919,0.034561264533389605,21.295273426123995,7.433691804445872,2.647509785943627
2484,training,0,0.000314539996907115,0.034561264533389605,21.259970296054433,7.4527516291558396,2.6455253614704435
2485,training,0,0.004106324166059492,0.02462340076579979,21.224893803802495,7.471774770861201,2.643928889934977
2486,training,0,0.0042200759053230286,0.02462340076579979,21.189778141646222,7.49083906191042,2.644553008000726
2487,training,0,0.025282773189246655,0.02462340076579979,21.154543879559277,7.509931222444231,2.6453523677930457
2488,training,0,0.01759694330394268,0.02462340076579979,21.119497303336512,7.528843311536792,2.6478921964850133
2489,training,0,0.045452313497662544,0.02462340076579979,21.084194948098748,7.547764927441305,2.6514202024094424
2490,training,0.0007858444,0.05340090952813625,0.02462340076579979,21.031339686799818,7.575802885003593,2.656647177239707
2491,training,0,0.0007590306922793406,0.011890964275905363,20.995895578033736,7.594407637391586,2.6591693116863153
2492,training,0,0.019227925688028343,0.011890964275905363,20.978132899105052,7.603717540351419,2.657740451068436
2493,training,0,0.03009232133626938,0.011890964275905363,20.942870828046093,7.622315167520868,2.6548780201520787
2494,training,0.017996456,0.06040916964411735,0.011890964275905363,20.88977493213399,7.650472968583757,2.6530749002189746
2495,training,0,0.02531578578054905,0.011890964275905363,20.854594159793862,7.669244700602047,2.6491700023381286
2496,training,0,0.01685480959713459,0.011890964275905363,20.837005334011693,7.678703573447323,2.646891974522072
2497,training,0,0.0172276571393013,0.007158947833029369,20.801716528922064,7.697841970869214,2.642565072920357
2498,training,0,0.0213851947337389,0.007158947833029369,20.76671160336535,7.716996207309873,2.6394011888595488
2499,training,0,0.008774265646934513,0.007158947833029369,20.73168457413571,7.736265798076222,2.637523645573431
2500,training,0,0.0280434601008892,0.007158947833029369,20.69659450048898,7.755676959406973,2.6348299246430957
2501,training,0,0.006616121158003807,0.007158947833029369,20.661767254627826,7.775030849192308,2.6334085344889027
2502,training,0,0.026131121441721923,0.007158947833029369,20.626754360928633,7.794556212134872,2.6321402751454537
2503,training,0,0.022917008027434353,0.005705776609481857,20.59189526586028,7.814063582150902,2.630511572393245
2504,training,0,0.0032251570373773575,0.005705776609481857,20.55707858689983,7.833603365935686,2.6294419984715427
2505,training,0,0.014139249920845035,0.005705776609481857,20.522097523822275,7.853296328170606,2.6282340453745356
2506,training,0,0.02539071626961231,0.005705776609481857,20.487413735202452,7.872860363682528,2.6277089185699736
2507,training,0,0.004933669697493315,0.005705776609481857,20.452547136706567,7.892535224703385,2.6278412516850906
2508,training,0,0.02532772533595562,0.005705776609481857,20.41770199591414,7.912203674936266,2.6272787452252855
2509,training,0,0.025426497682929042,0.010156972306935425,20.38297928200227,7.931814898859021,2.627586392864902
2510,training,0,0.0005747247487306595,0.010156972306935425,20.348033725621526,7.951532629318553,2.6280742440302305
2511,training,0,0.007389228790998459,0.010156972306935425,20.31331800291701,7.971107125297083,2.6280855190198715
2512,training,0,0.004898840561509132,0.010156972306935425,20.278486272802247,7.99073391318529,2.6286958944376737
2513,training,0,0.0014033610932528973,0.010156972306935425,20.243561860082757,8.010391192193703,2.6289913856099485
2514,training,0,0.004268962191417813,0.010156972306935425,20.20883776215676,8.029892550180667,2.6302532327717847
2515,training,0,0.02407282218337059,0.004715573067302865,20.173866701171555,8.049490544649919,2.631027354045577
2516,training,0,0.020703054964542385,0.004715573067302865,20.13903771182514,8.068996497321532,2.6308657256453123
2517,training,0,0.0038661593571305275,0.004715573067302865,20.10419781760278,8.088504843240896,2.63103357928944
2518,training,0,0.027442501857876785,0.004715573067302865,20.069187667196765,8.10812700702036,2.6300392673085864
2519,training,0,0.006298612803220749,0.004715573067302865,20.034469343436957,8.12763918721304,2.628702424887959
2520,training,0,0.009156543761491774,0.004715573067302865,19.99958128958689,8.147310115154719,2.627491181787444
2521,training,0,0.019961757585406303,0.009999579847575909,19.96476334505992,8.167007139278496,2.6258865432348135
2522,training,0,0.02336268685758114,0.009999579847575909,19.93006496647752,8.186693655121054,2.6248607484128836
2523,training,0.0297922,0.07003181241452694,0.009999579847575909,19.87784109125232,8.216420564081597,2.623071709659364
2524,training,0,0.03618197049945593,0.009999579847575909,19.843217846392115,8.23618904307529,2.622296622996714
2525,training,0,0.009208125993609428,0.009999579847575909,19.80837966431444,8.25605782719802,2.625577227536211
2526,training,0,0.041053617373108864,0.009999579847575909,19.790997226572212,8.265895471970566,2.6274905829804207
2527,training,0,0.02241920167580247,0.02175509883349395,19.75629183320013,8.28537636071689,2.632262436083174
2528,training,0,0.007991854101419445,0.02175509883349395,19.72125889687748,8.30484770568252,2.6364616140924952
2529,training,0,0.025808849837630987,0.02175509883349395,19.686321284246393,8.324085137272396,2.6398782261901443
2530,training,0,0.038808705285191536,0.02175509883349395,19.651285246618578,8.34319850982439,2.6445056317481255
2531,training,0,0.016728060320019722,0.02175509883349395,19.616025280370607,8.362231807203859,2.648413902743814
2532,training,0,0.012835575733333826,0.02175509883349395,19.580909787872027,8.381005285581525,2.652304382227219
2533,training,0,0.014718040823936459,0.02778070749919895,19.5455406892551,8.399766383762723,2.654911042408766
2534,training,0,0.01611827313899994,0.02778070749919895,19.51020459360829,8.418448927587242,2.6549304809107053
2535,training,0,0.0143362688831985,0.02778070749919895,19.47493379729007,8.43709192374074,2.65525594242089
2536,training,0,0.04017258249223232,0.02778070749919895,19.43947148837355,8.455853779330727,2.6540192551574218
2537,training,0,0.04289234243333339,0.02778070749919895,19.40427457266151,8.474558867987351,2.652367471712653
2538,training,0,0.0020006876438856125,0.02778070749919895,19.368965385025593,8.493363858160313,2.6518090133294177
2539,training,0,0.034801313653588295,0.02563454294147318,19.333630330571342,8.512218933440204,2.6503821060212815
2540,training,0,0.023855945095419884,0.02563454294147318,19.29848916074859,8.53101093212626,2.650506875467311
2541,training,0,0.00986696407198906,0.02563454294147318,19.2631270140247,8.549915334378795,2.6506180375190733
2542,training,0,0.029389677569270137,0.02563454294147318,19.22794834478176,8.5687341631723,2.6499754004534366
2543,training,0,0.02959249727427959,0.02563454294147318,19.19272458374478,8.587581411352796,2.650166737618306
2544,training,0,0.007388820871710777,0.02563454294147318,19.157393584621115,8.60651008131562,2.648607365038049
2545,training,0,0.04233524389564991,0.018842653377818416,19.122289698538975,8.625384544715187,2.647432526583762
2546,training,0.009426709,0.059104738757014275,0.018842653377818416,19.0693907498918,8.653937279391467,2.6451993562277547
2547,training,0,0.046962227672338486,0.018842653377818416,19.051871536628298,8.663426337091934,2.6447304777705787
2548,training,0,0.021970268338918686,0.018842653377818416,19.016790479310348,8.682466567285472,2.6427399619071155
2549,training,0,0.0466852393001318,0.018842653377818416,18.981560889485415,8.701746729708551,2.6384527394203343
2550,training,0.00777116,0.0630219615995884,0.018842653377818416,18.929237931462833,8.730781107438892,2.631544394987662
2551,training,0,0.044033190002664924,0.027478506684070644,18.894226705145297,8.750520232887913,2.6238548439582137
2552,training,0.0028819263,0.08904639631509781,0.027478506684070644,18.84239884719027,8.780523057823313,2.609842988812664
2553,training,0.0078278305,0.0992316510528326,0.027478506684070644,18.80784294358965,8.801023114730482,2.6024499321732026
2554,training,0,0.03690968453884125,0.027478506684070644,18.79067268601923,8.811331040040592,2.600194578558214
2555,training,0.001072658,0.05151350423693657,0.027478506684070644,18.75653817207668,8.831838735113772,2.60196161104418
2556,training,0.008135348,0.0733607355505228,0.035428300273845824,18.704868403102726,8.862540080749659,2.610231622636524
2557,training,0,0.00581924244761467,0.035428300273845824,18.687731525829687,8.87257640072388,2.612494999851296
2558,training,0.0015920652,0.053817544132471085,0.035428300273845824,18.63585279754586,8.902649311036953,2.6207400823221585
2559,training,0,0.026544839143753052,0.035428300273845824,18.618454962382792,8.912602347149795,2.6239028266231528
2560,training,0,0.008528504520654685,0.035428300273845824,18.58383686774721,8.932127618334517,2.63235213833253
2561,training,0,0.04142695665359497,0.035428300273845824,18.566385062511234,8.941817936039099,2.6368632648134676
2562,training,0,0.016081711277365685,0.035428300273845824,18.53122092534109,8.96105641501451,2.645428329485315
2563,training,0,0.012525249272584922,0.04079568118751371,18.496164079171372,8.979838211990154,2.6541647642157797
2564,training,0,0.0019135437905788422,0.04079568118751371,18.46076656654706,8.99838989588901,2.66352555943579
2565,training,0,0.0384799987077713,0.04079568118751371,18.425208608883263,9.016638514070506,2.670689999486867
2566,training,0,0.008908588439226157,0.04079568118751371,18.38966361482568,9.034543165907504,2.6790196139343982
2567,training,0,0.018714085221290595,0.04079568118751371,18.353762692122864,9.052263878075296,2.6872060111717673
2568,training,0.0014952468,0.05518202390521765,0.04079568118751371,18.299942842375597,9.078177341700341,2.6992868813792774
2569,training,0,0.023829204961657524,0.04388320797910751,18.281856618424282,9.086697461990163,2.7036009050001253
2570,training,0,0.0056270211935043335,0.04388320797910751,18.245605941672324,9.10352347029843,2.709112418149738
2571,training,0,0.02213319204747677,0.04388320797910751,18.20937570167666,9.120145199349063,2.7135157740015057
2572,training,0,0.002892761956900358,0.04388320797910751,18.172933654164467,9.136685882250221,2.7166639944201827
2573,training,0,0.019183481112122532,0.04388320797910751,18.13657332826038,9.153138869847151,2.716231455588082
2574,training,0,0.01109527051448822,0.04388320797910751,18.100205608601673,9.169575036632107,2.7180299348932966
2575,training,0,0.04405090399086475,0.039530274013514416,18.06375647960537,9.185970929128102,2.718728344379895
2576,training,0,0.00614507868885994,0.039530274013514416,18.02735039235592,9.202323529258027,2.720536438633516
2577,training,0,0.018178334459662437,0.039530274013514416,17.990824070462914,9.218599100360178,2.7243382510097605
2578,training,0,0.015574680641293526,0.039530274013514416,17.95431494558856,9.234734134110054,2.726260341995568
2579,training,0,0.010222088545560837,0.039530274013514416,17.917790524218393,9.250739112576003,2.7309955920764764
2580,training,0,0.018378352746367455,0.039530274013514416,17.881135363632374,9.26657856873429,2.735754286739523
2581,training,0,0.017043604515492916,0.025757496821000342,17.844415500373348,9.28224405352364,2.741153725376649
2582,training,0,0.013598925434052944,0.025757496821000342,17.807594855840936,9.297672137614162,2.7485211107135754
2583,training,0,0.04526884853839874,0.025757496821000342,17.77070140828598,9.312858722728812,2.752608354377569
2584,training,0,0.028745628893375397,0.025757496821000342,17.733733230693854,9.327907924252367,2.7574335333171516
2585,training,0,0.03928459994494915,0.025757496821000342,17.696684550411895,9.342772095001528,2.7613312190755317
2586,training,0,0.012887294869869947,0.025757496821000342,17.65957148153202,9.35756503684259,2.7631775459770975
2587,training,0,0.03290766663849354,0.007934969871369655,17.622447807210687,9.372233209413139,2.7675469486358133
2588,training,0.0044311276,0.06153745390474796,0.007934969871369655,17.566652489508083,9.394004018424624,2.770741041411401
2589,training,0,0.022350782528519634,0.007934969871369655,17.548058381048076,9.401213802161172,2.771865283481287
2590,training,0,0.01096498966217041,0.007934969871369655,17.510780342201123,9.415616526127925,2.7725833472347476
2591,training,0,0.018270578235387802,0.007934969871369655,17.473561130552547,9.43007370874301,2.7697067170735648
2592,training,0.011933836,0.07149661146104336,0.007934969871369655,17.417699853370507,9.451853984248814,2.7701335962046727
2593,training,0.0072811656,0.06919072568416595,0.028073760439988747,17.36191203661094,9.473559842639785,2.7718151532587183
2594,training,0.01491028,0.07015465572476387,0.028073760439988747,17.32464473214013,9.487814313911867,2.7810841474346297
2595,training,0.008536743,0.12853479012846947,0.028073760439988747,17.287365124391886,9.501681535729336,2.7905242990976484
2596,training,0.0044615855,0.1418184321373701,0.028073760439988747,17.26856716931471,9.508498296264502,2.796244465170823
2597,training,0.045538623,0.06065104156732559,0.028073760439988747,17.212186881452457,9.528293959568575,2.806889863688142
2598,training,0.001398792,0.07259919494390488,0.04534358788513209,17.1743906504859,9.54142972254913,2.805916504001206
2599,training,0.022186369,0.15635903365910053,0.04534358788513209,17.136645847352206,9.554627480412343,2.8039029077335647
2600,training,0.0023221842,0.14553138241171837,0.04534358788513209,17.099113924914754,9.56785859894769,2.8027472409720646
2601,training,0.0031077317,0.07534749060869217,0.04534358788513209,17.04250008865359,9.587667960995704,2.807651810772955
2602,training,0.0049239243,0.16260085441172123,0.04534358788513209,17.00485922155637,9.600673501163504,2.8092741474075074
2603,training,0.0071742916,0.16159361228346827,0.04534358788513209,16.985943379050216,9.60718147969912,2.81163310103275
2604,training,0.00588377,0.12013268098235132,0.05820734455805205,16.948088703720273,9.62000906365925,2.817946261699856
2605,training,0.004933087,0.07564381882548334,0.05820734455805205,16.910286680778754,9.632619115302637,2.8192028067802797
2606,training,0.0036279731,0.09615006297826767,0.05820734455805205,16.87229121828988,9.64533815397256,2.816827512904935
2607,training,0.004762244,0.06668598204851153,0.05820734455805205,16.83441871625653,9.658174761672022,2.8101414228857644
2608,training,0,0.02987617999315262,0.05820734455805205,16.815597572623552,9.66473018131342,2.8021195462342745
2609,training,0,0.005339920520782457,0.05820734455805205,16.77784463641653,9.6784233580892,2.785028524376901
2610,training,0.0019255304,0.06261339783668518,0.05820734455805205,16.740394922360476,9.692695405144935,2.7698445322888126
2611,training,0,0.041325051337480545,0.06803726924729232,16.721867080665135,9.69999049622412,2.7624972750738834
2612,training,0,0.020728114992380142,0.06803726924729232,16.684736830252604,9.715034795518378,2.752674616548452
2613,training,0.004324289,0.08656255155801772,0.06803726924729232,16.62931079819425,9.737863128703408,2.7487871087037417
2614,training,0,0.044306136667728424,0.06803726924729232,16.59241159362933,9.753223795515867,2.745889591683762
2615,training,0,0.03449421748518944,0.06803726924729232,16.555561750938022,9.768592023334325,2.7476135163591953
2616,training,0,0.020169750787317753,0.06803726924729232,16.518693576770072,9.783873682915953,2.748618054396263
2617,training,0,0.002246154472231863,0.06687006629723864,16.481770982338563,9.799152219990532,2.7499322808164384
2618,training,0,0.04028371348977089,0.06687006629723864,16.463310183784056,9.80676113616444,2.751435336700629
2619,training,0,0.03534798789769411,0.06687006629723864,16.426392493348267,9.821889920373412,2.7530067275836396
2620,training,0,0.04114077240228653,0.06687006629723864,16.389396909137254,9.836969720363708,2.7568725207541402
2621,training,0,0.014995299279689789,0.06687006629723864,16.35233196058751,9.851813112215948,2.7649816901382103
2622,training,0.0014712263,0.0587394293397665,0.06687006629723864,16.29657980886962,9.873553122723733,2.774423216830319
2623,training,0.0017805842,0.06076309271156788,0.06470213086816787,16.259279181565137,9.887699966997747,2.7836847362256223
2624,training,0,0.010060856118798256,0.06470213086816787,16.22193278604653,9.901534354659653,2.789376882497599
2625,training,0,0.003541182726621621,0.06470213086816787,16.184373619880915,9.91522140134033,2.7948425617423958
2626,training,0,0.014857262372970581,0.06470213086816787,16.165589357464206,9.921968435995682,2.7986628471020376
2627,training,0,0.007977243512868881,0.06470213086816787,16.12806678056196,9.935235900566283,2.805261112442356
2628,training,0.0059863674,0.09186834469437599,0.06470213086816787,16.07135286806045,9.954544894178815,2.822981996043025
2629,training,0.012496073,0.06993557326495647,0.06663681646134312,16.033538694147598,9.96677964669906,2.8339125362457134
2630,training,0,0.01948091760277748,0.06663681646134312,15.9953258356461,9.978718009904439,2.842799967665385
2631,training,0,0.014415837824344635,0.06663681646134312,15.976247278218692,9.984550233838258,2.8471244253700476
2632,training,0,0.04382914863526821,0.06663681646134312,15.938157813873964,9.995968024655157,2.852903541685749
2633,training,0,0.03663131035864353,0.06663681646134312,15.899726049718245,10.007264433478316,2.8587432683541243
2634,training,0.005666655,0.061477312818169594,0.06663681646134312,15.842270526277272,10.023669376340298,2.8667374567686665
2635,training,0.006775495,0.08315108716487885,0.05051087261350124,15.80369757850387,10.034462753838435,2.87092153860344
2636,training,0.00091852987,0.06204451993107796,0.05051087261350124,15.76524938673938,10.044975315716197,2.879344301828137
2637,training,0.0084238695,0.11187491193413736,0.05051087261350124,15.72670950379584,10.055117604850501,2.8885855864265384
2638,training,0,0.04478943720459938,0.05051087261350124,15.687840825695773,10.065033844929284,2.8934378250582076
2639,training,0,0.025582879781723022,0.05051087261350124,15.649212062179187,10.074858051387983,2.889135344903478
2640,training,0,0.04083669185638426,0.05051087261350124,15.610441655130922,10.085009605417207,2.8816114212896387
2641,training,0.015451698,0.09427883476018906,0.02076413835176949,15.571757961356331,10.095384600324792,2.8774995080404207
2642,training,0,0.0499919131398201,0.02076413835176949,15.533305837899757,10.10587882155053,2.872802726307571
2643,training,0,0.0008635912090539932,0.02076413835176949,15.513974807577188,10.111230269352422,2.8698409310024435
2644,training,0,0.010950960218906403,0.02076413835176949,15.475384690007242,10.122088274863662,2.865141296899463
2645,training,0,0.011697652749717234,0.02076413835176949,15.437098266937577,10.133039838202517,2.861178907741213
2646,training,0,0.026493463665246964,0.02076413835176949,15.398573194745294,10.144180832733285,2.8594388390306658
2647,training,0,0.023617535829544067,0.0005848420462879771,15.360292618080935,10.155259107091783,2.8591007584306602
2648,training,0,0.02179907262325287,0.0005848420462879771,15.321920570487107,10.166434971951903,2.8563516626105243
2649,training,0.007283005,0.05737536400556564,0.0005848420462879771,15.264402925182232,10.183460260141455,2.8504690311274454
2650,training,0,0.030193651095032692,0.0005848420462879771,15.226165950532545,10.195008479544313,2.845875245724365
2651,training,0.004662757,0.09047847799956799,0.0005848420462879771,15.187841185383421,10.20668550461118,2.8465764199580423
2652,training,0.0066235084,0.07442065328359605,0.0005848420462879771,15.149772702945155,10.218192104766372,2.8490678982127946
2653,training,0.010634334,0.08969050645828247,0.023557304813239942,15.111448952222656,10.229581811653286,2.8583517331734396
2654,training,0,0.00024453550577163696,0.023557304813239942,15.07304150137363,10.240483402031819,2.8718700411912557
2655,training,0,0.0027261599898338457,0.023557304813239942,15.053917813492086,10.245700983891316,2.8784035677144675
2656,training,0,0.0017192140221595764,0.023557304813239942,15.0153009878973,10.25582285339834,2.8923414871351816
2657,training,0,0.03949405997991562,0.023557304813239942,14.9764831095228,10.265400932211158,2.9079397355420644
2658,training,0,0.0063760175835341215,0.023557304813239942,14.937752739600272,10.274319651731028,2.921034500209384
2659,training,0,0.013909175992012027,0.009983706238103377,14.898595680461435,10.282942716940681,2.9261301730927545
2660,training,0.006377061,0.05415092408657074,0.009983706238103377,14.840136014251224,10.295874208709812,2.9191742141761527
2661,training,0,0.002452503889799118,0.009983706238103377,14.800997995872267,10.304876270828395,2.9113975206669935
2662,training,0,0.007700454443693161,0.009983706238103377,14.76211832483355,10.314148845713403,2.9031750431962777
2663,training,0,0.048680782318115234,0.009983706238103377,14.7427441779531,10.318900706423788,2.8990722978474226
2664,training,0.0062234066,0.06012188084423542,0.009983706238103377,14.684382703406154,10.333685645109602,2.888504461792355
2665,training,0,0.03548555634915829,0.019180745898079943,14.645853913676811,10.343777676996417,2.881923708437259
2666,training,0,0.026421271264553056,0.019180745898079943,14.607118779789843,10.354268301407535,2.870701093552239
2667,training,0,0.020106583833694458,0.019180745898079943,14.587758106732954,10.359717446761769,2.863340254170071
2668,training,0,0.019201032817363767,0.019180745898079943,14.549461612786514,10.370991493173198,2.8457488222255742
2669,training,0,0.021430641412734985,0.019180745898079943,14.511129751475728,10.383130727374144,2.8225601468532666
2670,training,0,0.016574889421463013,0.019180745898079943,14.473118957415188,10.39620456265608,2.7965342755611946
2671,training,0.0015431829,0.12098868936300279,0.08817542820083862,14.416919769731672,10.418056446925176,2.7421781299343486
2672,training,0.015752936,0.09283055365085599,0.08817542820083862,14.380196313626259,10.434457868889496,2.699648347370197
2673,training,0.007460003,0.2011878564953804,0.08817542820083862,14.344061396303912,10.452629294269935,2.6486876766343292
2674,training,0.0072138594,0.18683093041181564,0.08817542820083862,14.309185791675985,10.472644521547902,2.5906700120036468
2675,training,0.004491497,0.07212593406438828,0.08817542820083862,14.275304390059826,10.494807763146515,2.5359239085647656
2676,training,0,0.016027385368943214,0.12913581542423574,14.242203055022365,10.518799383151743,2.500773214228112
2677,training,0,0.03505948185920715,0.12913581542423574,14.21034041966301,10.542822165573064,2.492198220036102
2678,training,0.010462128,0.05945928394794464,0.12913581542423574,14.178429338125206,10.567153233689863,2.4884212257003435
2679,training,0,0.014918791130185127,0.12913581542423574,14.146785362907877,10.59127317848242,2.4933133598558648
2680,training,0,0.03232077695429325,0.12913581542423574,14.130846633044433,10.603381960022759,2.489105866053006
2681,training,0,0.04720280505716801,0.12913581542423574,14.099038407187903,10.627824410264756,2.486366862208356
2682,training,0,0.030245671048760414,0.12913581542423574,14.06742000245352,10.652116287640336,2.4828472899246754
2683,training,0,0.02878620661795139,0.12055219289498705,14.035897844370952,10.676745472821,2.4744399955926277
2684,training,0,0.041753620840609074,0.12055219289498705,14.004456623951036,10.701594022171866,2.4744462717626967
2685,training,0.0007934902,0.10987461730837822,0.12055219289498705,13.957381486198102,10.73848710064285,2.4779263937267606
2686,training,0.0022592633,0.09056763723492622,0.12055219289498705,13.925763190034862,10.763024581059227,2.4870557854576
2687,training,0,0.00380127876996994,0.12055219289498705,13.89409218046428,10.787066915234787,2.4965204537579058
2688,training,0,0.014438655227422714,0.12055219289498705,13.862087453887243,10.811222036006088,2.4901959161737817
2689,training,0,0.026082973927259452,0.12055219289498705,13.830342415197775,10.835594773223727,2.483238351098357
2690,training,0,0.0376664251089096,0.06610738665450187,13.814625275084413,10.847807861721838,2.4785878411644044
2691,training,0,0.03667371720075609,0.06610738665450187,13.783154919595148,10.872610006263134,2.469973155876465
2692,training,0.013402161,0.058233484625816345,0.06610738665450187,13.736486695371662,10.910194057437165,2.454625165721314
2693,training,0.011059018,0.056953235529363155,0.06610738665450187,13.705651876571748,10.935740803906494,2.4460323811550846
2694,training,0,0.04970834217965603,0.06610738665450187,13.67497451303381,10.96145274164493,2.4431498825531817
2695,training,0,0.013980458723381162,0.06610738665450187,13.644535376192596,10.986991423554993,2.4444709716443107
2696,training,0,0.011173918843269348,0.06610738665450187,13.629187792765158,10.999837465608579,2.444299606350136
2697,training,0,0.029977669939398762,0.04022867418321502,13.598520144058675,11.025510504590365,2.446166613363096
2698,training,0.010286041,0.06418930739164352,0.04022867418321502,13.552514956588603,11.063554293442378,2.456320411929497
2699,training,0.003123236,0.06814441829919815,0.04022867418321502,13.505807771534407,11.10094542460894,2.4781005441473822
2700,training,0.0017999755,0.09663994237780571,0.04022867418321502,13.474277299678342,11.125213538657233,2.4930874342461475
2701,training,0,0.00046519748866558075,0.04022867418321502,13.458280682602554,11.137254601514604,2.4991809843381882
2702,training,0.0034701317,0.07256936840713024,0.04022867418321502,13.426280003562018,11.161012572103173,2.504385802215382
2703,training,0,0.015324174426496029,0.010143054379988515,13.394227929094772,11.184758905408765,2.5026101965940355
2704,training,0.006685921,0.0714141558855772,0.010143054379988515,13.362048782389468,11.208753311274632,2.4988549513760745
2705,training,0.004878385,0.05082976818084717,0.010143054379988515,13.314266590712503,11.244672545794108,2.494901696377554
2706,training,0,0.016556464135646813,0.010143054379988515,13.282273699989188,11.268861235537901,2.4951499902710874
2707,training,0,0.016787320375442498,0.010143054379988515,13.266339435678395,11.28083430468012,2.4997894101793525
2708,training,0,0.034100487828254714,0.010143054379988515,13.234370674615356,11.30440540051161,2.512629172867668
2709,training,0.003952628,0.07077398151159286,0.010143054379988515,13.201845176290947,11.32773657409074,2.5267303274012773
2710,training,0,0.014004409313201904,0.010143054379988515,13.169162375737228,11.3504841798637,2.5400347858085572
2711,training,0,0.025317467749118805,0.027181387976584776,13.15273076144258,11.361691320411609,2.5456616294526597
2712,training,0,0.01852263510227202,0.027181387976584776,13.119482953626427,11.383986048408591,2.556460540821833
2713,training,0,0.012099429965019226,0.027181387976584776,13.086128588052784,11.40582371557409,2.5690034170803218
2714,training,0.0075873043,0.11343726515769958,0.027181387976584776,13.035444085469953,11.437386129518218,2.60367839200365
2715,training,0.004320039,0.10831983387470244,0.027181387976584776,13.00104956454429,11.457213960322674,2.636197781813197
2716,training,0.0045243725,0.07023060694336891,0.045151689271069495,12.948240864371733,11.484548271070011,2.6909400269861723
2717,training,0,0.04362862370908262,0.045151689271069495,12.930292924901357,11.493053708084258,2.7053570358123364
2718,training,0.018113023,0.07655029557645322,0.045151689271069495,12.87607691688635,11.517708669316322,2.7197806692219846
2719,training,0,0.03896795585751532,0.045151689271069495,12.857814358053833,11.525873185501455,2.722025260199533
2720,training,0,0.02789564244449138,0.045151689271069495,12.821376066963412,11.542101793989602,2.723292718201769
2721,training,0,0.01687229983508587,0.045151689271069495,12.784863774440796,11.558226068922325,2.7285987489270678
2722,training,0,0.049965256825089455,0.045151689271069495,12.7665446174269,11.56622229622438,2.731502185906311
2723,training,0.022085274,0.05663514882326126,0.043254913414209964,12.711568834638578,11.589951712633466,2.736103715330691
2724,training,0.0046815695,0.09940616227686405,0.043254913414209964,12.674850581797456,11.605631122311905,2.739319953496942
2725,training,0,0.03770253993570805,0.043254913414209964,12.638123698389187,11.621238925849498,2.7390422980888696
2726,training,0,0.044732747599482536,0.043254913414209964,12.601343940298815,11.636865712023623,2.7414030912113225
2727,training,0.0019271554,0.0629765186458826,0.043254913414209964,12.564536002388778,11.6523238030489,2.7458142112250954
2728,training,0.021928476,0.05216842144727707,0.010750911278802285,12.509234688916957,11.675268614895582,2.7519754251879482
2729,training,0,0.0327167883515358,0.010750911278802285,12.472266638063717,11.690278490526968,2.7603793159812846
2730,training,0,0.0030154436826705933,0.010750911278802285,12.453815310401797,11.697622726533398,2.765774648688572
2731,training,0,0.009741559624671936,0.010750911278802285,12.416552530937473,11.712023896180568,2.779829870062878
2732,training,0,0.03982113301753998,0.010750911278802285,12.39789904944568,11.719002331717151,2.7874338362769127
2733,training,0,0.0001510865986347268,0.010750911278802285,12.36050900248126,11.732537870678643,2.799588552640298
2734,training,0,0.016090702265501022,0.010750911278802285,12.322767068001577,11.745746960376222,2.810605603887336
2735,training,0,0.020180828869342804,0.030508673730869185,12.285000862241152,11.758433212885913,2.8241188729907467
2736,training,0,0.012735571712255471,0.030508673730869185,12.247127142763857,11.770626766869668,2.836153146329195
2737,training,0,0.0026589222252368996,0.030508673730869185,12.20886539085261,11.782433104500509,2.849240789201583
2738,training,0,0.0004797540605068207,0.030508673730869185,12.17074396730067,11.793617030208518,2.862025906239056
2739,training,0,0.039627044927328825,0.030508673730869185,12.132274700114742,11.804432879288182,2.872654916323617
2740,training,0.0016778518,0.06251279823482037,0.030508673730869185,12.074489067410289,11.819893234700121,2.8871654955081327
2741,training,0.0042108637,0.06664387881755829,0.025879593009982587,12.016300597119304,11.834576207937438,2.902424795223503
2742,training,0.011680573,0.13911228254437447,0.025879593009982587,11.977559217849286,11.843718409639886,2.9180493339215574
2743,training,0.002558539,0.17552325874567032,0.025879593009982587,11.938651702532317,11.852137831811026,2.939260661760096
2744,training,0.0066273985,0.15753865614533424,0.025879593009982587,11.89940640031275,11.859767423767865,2.9606903398462103
2745,training,0.004461023,0.1963338553905487,0.025879593009982587,11.840606981995778,11.869589459762993,2.9904784047282322
2746,training,0.0061425767,0.28262367844581604,0.010312343212605503,11.82082952755427,11.872495964838075,3.0014348492674214
2747,training,0.0070001604,0.3037458211183548,0.010312343212605503,11.781387302131732,11.877603445913511,3.025973824078968
2748,training,0.011670889,0.3342714011669159,0.010312343212605503,11.741919493863819,11.881573736584155,3.056812433770332
2749,training,0.002701952,0.3275446891784668,0.010312343212605503,11.702321834307003,11.88432445326379,3.0870919161309454
2750,training,0.0055143577,0.3159168064594269,0.010312343212605503,11.662542623220059,11.88589254505094,3.1174871481997912
2751,training,0.01603558,0.28415877372026443,0.010312343212605503,11.642689456743648,11.886217890920227,3.132777900320052
2752,training,0.0030245644,0.26771752536296844,0.010312343212605503,11.602985984433875,11.886049196804352,-3.1271695956896663
2753,training,0.003530719,0.2910723015666008,0.030499278377002746,11.56302650279586,11.885133304298654,-3.110813337813025
2754,training,0.0033879313,0.24659210070967674,0.030499278377002746,11.523215721651939,11.883617591357579,-3.09770545809763
2755,training,0.009355665,0.29125902429223066,0.030499278377002746,11.48338226270504,11.88168840848548,-3.0894904846058813
2756,training,0.0019001147,0.2804441414773465,0.030499278377002746,11.44343068804494,11.879500191123066,-3.0836717201755963
2757,training,0.005040163,0.3031014576554298,0.030499278377002746,11.403647286163151,11.877081557889943,-3.079304602239315
2758,training,0.002043763,0.28135021962225437,0.030499278377002746,11.363702180524669,11.874524058595624,-3.0758404804203088
2759,training,0.0040755034,0.3155439533293247,0.10825534526021305,11.323843341538282,11.8717953782309,-3.070473865548396
2760,training,0.0048205126,0.3226102441549301,0.10825534526021305,11.283668396937529,11.869359173078852,-3.1066886094884505
2761,training,0.005029884,0.5318264514207841,0.10825534526021305,11.243187265654406,11.869147411252218,3.1170350603217245
2762,training,0.0073798164,0.42181943356990814,0.10825534526021305,11.202544665841948,11.871629778846307,3.036877161207766
2763,training,0.0021818816,0.37579245865345,0.10825534526021305,11.182638502321781,11.874126654294042,2.997740603530765
2764,training,0.0032220716,0.2774488627910614,0.17451806603538436,11.123208573862176,11.885565013855574,2.9091802929736086
2765,training,0.006784034,0.19480403512716293,0.17451806603538436,11.084006488881748,11.895833053556712,2.8637704467008906
2766,training,0.004144977,0.20910776406526566,0.17451806603538436,11.045942573758275,11.9074988424958,2.828261349644489
2767,training,0.004184,0.1683521494269371,0.17451806603538436,11.007826990293932,11.920414694489345,2.7999660126849255
2768,training,0.004601581,0.2378135770559311,0.17451806603538436,10.970086122106057,11.9343310149955,2.7788854252044204
2769,training,0.007894411,0.21974358707666397,0.17451806603538436,10.932747901458672,11.949031090646875,2.751146289583864
2770,training,0.003528392,0.17188799940049648,0.15245169038478995,10.895800156299462,11.964801995247042,2.727071347083492
2771,training,0.004455383,0.2130822241306305,0.15245169038478995,10.841106616432617,11.989590256422174,2.710289002019026
2772,training,0.0077453675,0.2374876458197832,0.15245169038478995,10.804817348048637,12.006294583025346,2.7106976847680033
2773,training,0.0072097993,0.17394739389419556,0.15245169038478995,10.786667712409406,12.014644446871996,2.709521626815332
2774,training,0.001845149,0.13923878595232964,0.15245169038478995,10.73234277284589,12.039857617079566,2.7050790106220686
2775,training,0.0037382285,0.2063023280352354,0.11163135101316542,10.678003733776531,12.065065233516323,2.7108820631283255
2776,training,0.0045376797,0.21951852552592754,0.11163135101316542,10.641672001953525,12.081757518077433,2.7087562870618274
2777,training,0.0028762948,0.1325153186917305,0.11163135101316542,10.605430063526281,12.09852476502785,2.7093968891196423
2778,training,0.002963477,0.09571387618780136,0.11163135101316542,10.56913986836195,12.11503916123692,2.7224581615320154
2779,training,0,0.028853267431259183,0.11163135101316542,10.550918062444516,12.123064181515838,2.731093941785527
2780,training,0.0034384667,0.05460830777883531,0.11163135101316542,10.514173452152221,12.138614180117067,2.75376627185504
2781,training,0,0.0469180718064308,0.07446715257999527,10.49571094096714,12.146013153774213,2.7667293158219755
2782,training,0.006263197,0.07806992158293724,0.07446715257999527,10.458595766546464,12.160179171106867,2.7863007200096748
2783,training,0,0.03378330543637275,0.07446715257999527,10.421017912385926,12.173840706767175,2.797615473621172
2784,training,0,0.02278180792927742,0.07446715257999527,10.383501857971574,12.187050248545592,2.807575556686968
2785,training,0,0.03619280457496643,0.07446715257999527,10.364668712436773,12.193529534166888,2.8128362532573843
2786,training,0,0.004468053579330458,0.07446715257999527,10.326720154866015,12.20621070495929,2.827974945649528
2787,training,0,0.0070935748517513275,0.07446715257999527,10.288724612732286,12.218062731384881,2.847783541124485
2788,training,0,0.0046063438057899475,0.04452135303911868,10.250493402211267,12.229375148788476,2.859613446353035
2789,training,0,0.006748281419277177,0.04452135303911868,10.211958352464325,12.240298684553165,2.872691863068008
2790,training,0,0.012605767697095878,0.04452135303911868,10.173612562400548,12.250573978352321,2.8862291009953007
2791,training,0,0.021058537065982805,0.04452135303911868,10.134854765053353,12.260413116830543,2.9001347613493684
2792,training,0,0.017533913254737854,0.04452135303911868,10.096036682104357,12.269688176159935,2.9146794350990555
2793,training,0,0.032877169549465166,0.04452135303911868,10.057197956652931,12.278364885429303,2.928210832529067
2794,training,0,0.01328238844871521,0.027553001709470115,10.017970026707342,12.286635166764844,2.9397555158230326
2795,training,0,0.01952332630753517,0.027553001709470115,9.978974769400045,12.294410363273476,2.949619169390001
2796,training,0,0.035068042576313005,0.027553001709470115,9.93970810958068,12.301857516654119,2.958269299717702
2797,training,0,0.010793851688504219,0.027553001709470115,9.90033632401432,12.309026470444909,2.9639192672704406
2798,training,0,0.0016840416938066483,0.027553001709470115,9.8611208197272,12.315945984876214,2.969625874089443
2799,training,0,0.009484769776463512,0.027553001709470115,9.821608510369364,12.322708545514827,2.9744731259799946
2800,training,0,0.011005831882357597,0.009069023511639462,9.782290118805063,12.329274856965991,2.977439502411048
2801,training,0,0.02933870628476143,0.009069023511639462,9.742870519814804,12.335723251985382,2.9813131471584553
2802,training,0,0.0419742688536644,0.009069023511639462,9.703339366087977,12.342054221033523,2.9835704211536322
2803,training,0,0.04197264835238457,0.009069023511639462,9.663976525396626,12.348261650158964,2.9865801354579458
2804,training,0.0044440245,0.059745289385318756,0.009069023511639462,9.584926033100817,12.360337137148775,2.9927727738524212
2805,training,0.0015542028,0.06299061700701714,0.04874540587180942,9.5454622110828,12.366160385893222,2.997312587607561
2806,training,0.0066297096,0.0673031136393547,0.04874540587180942,9.505861902441271,12.37177996947493,3.004537732816427
2807,training,0.0023958401,0.06551869213581085,0.04874540587180942,9.48609616800089,12.374449531526254,3.0096991668682236
2808,training,0.002177227,0.07084410637617114,0.04874540587180942,9.446604249136978,12.379425667307734,3.022732810841022
2809,training,0.009051007,0.057678848505020155,0.04874540587180942,9.406936691050575,12.383900875852868,3.035259688507119
2810,training,0.0036450822,0.053319841623306274,0.04874540587180942,9.367263924742327,12.387901921538386,3.0466047736763775
2811,training,0.0039760526,0.053765930235385895,0.04874540587180942,9.32751822682072,12.391437488977395,3.0591872768187582
2812,training,0.0046843085,0.1078372672200203,0.06090891392230974,9.287818284392317,12.394489685271186,3.070585380049029
2813,training,0.002972116,0.0878816768527031,0.06090891392230974,9.248011033380086,12.397010834744497,3.0868011154790294
2814,training,0.005917325,0.05172901600599289,0.06090891392230974,9.208298799880687,12.39879294027174,3.1063409291729625
2815,training,0,0.018171235918998718,0.06090891392230974,9.168447586808131,12.399771995675664,3.128424438419391
2816,training,0,0.002395913004875183,0.06090891392230974,9.148487368407151,12.399903841045392,-3.141567572829779
2817,training,0,0.009019210934638977,0.06090891392230974,9.108830819630436,12.39935647904344,-3.115606230471026
2818,training,0.0017605318,0.05593389272689819,0.0660107604730306,9.048997542514227,12.39685597085375,-3.08586811265792
2819,training,0,0.02147013321518898,0.0660107604730306,9.009304302572486,12.394296429776105,-3.069725450811226
2820,training,0,0.022356266155838966,0.0660107604730306,8.989457105953138,12.392799643441464,-3.0632600461892014
2821,training,0,0.027614012360572815,0.0660107604730306,8.949540014605095,12.389446951528257,-3.052813373591253
2822,training,0,0.03249707259237766,0.0660107604730306,8.90985571900193,12.38573075350389,-3.044627881346587
2823,training,0,0.03949044086039066,0.0660107604730306,8.870123377705822,12.381762202654896,-3.040011336857462
2824,training,0.0050009773,0.05133103020489216,0.051371400782741675,8.810456800926435,12.375515137540248,-3.034105464442093
2825,training,0.00513307,0.065853800624609,0.051371400782741675,8.770779140394792,12.371168980753977,-3.0311452810342474
2826,training,0,0.04939572885632515,0.051371400782741675,8.730888506947894,12.366710031509974,-3.0290660015633444
2827,training,0.008367249,0.060873474925756454,0.051371400782741675,8.691310232353384,12.362220637727521,-3.029627342015585
2828,training,0.0023294524,0.0610458441078663,0.051371400782741675,8.651494719108396,12.357782002893554,-3.031747447251457
2829,training,0.0073603233,0.07346768118441105,0.029668344678683362,8.611697063263772,12.35342113567463,-3.0324753073603614
2830,training,0.003312861,0.10398313403129579,0.029668344678683362,8.572046473958293,12.349085920374034,-3.0322105089879745
2831,training,0.005484191,0.1151617169380188,0.029668344678683362,8.512358922744498,12.342346378209978,-3.0239569090547644
2832,training,0.0048975293,0.11395686864852904,0.029668344678683362,8.472848592843281,12.33753134038937,-3.016861483815982
2833,training,0.0018095176,0.1281236819922924,0.029668344678683362,8.452988356343534,12.335010359885294,-3.013586512317199
2834,training,0.0050621526,0.13590008206665516,0.029668344678683362,8.413255332521949,12.32979904127692,-3.0079845179384055
2835,training,0.0010935009,0.13460287638008595,0.029668344678683362,8.373822385317835,12.324412832277286,-3.0041551982769694
2836,training,0.007890745,0.13434052467346191,0.0044236788980557135,8.334114166740932,12.318855641243909,-3.000790986528123
2837,training,0.005022396,0.1291304882615805,0.0044236788980557135,8.294619125005928,12.313200960184963,-2.9977303817898218
2838,training,0.003556089,0.15419100411236286,0.0044236788980557135,8.274900256984772,12.31033063010545,-2.9966716504222575
2839,training,0.00217362,0.15714401192963123,0.0044236788980557135,8.215391425584453,12.30155851593564,-2.993221615222294
2840,training,0.0034593767,0.16994731500744817,0.0044236788980557135,8.176067180671746,12.295602465144682,-2.9896115648105326
2841,training,0.0022580633,0.1456092782318592,0.0044236788980557135,8.136501973756538,12.289459416587714,-2.9851548201648943
2842,training,0.0039830045,0.15496537648141387,0.03008290952604936,8.097036157538689,12.28314549023056,-2.9802047087855486
2843,training,0.0048565352,0.15522772446274757,0.03008290952604936,8.057715644597653,12.276636385605093,-2.9751323125866
2844,training,0.005399808,0.158634502440691,0.03008290952604936,8.018156066124291,12.26992045332539,-2.971596866501561
2845,training,0.001420387,0.17533714696764946,0.03008290952604936,7.97894094015192,12.263125536012705,-2.9689191491570557
2846,training,0.0035128533,0.21177193522453308,0.03008290952604936,7.939545820257842,12.256215572939759,-2.9673989582621507
2847,training,0.0014585082,0.20816483348608014,0.03008290952604936,7.900050864016014,12.249278154651135,-2.9687570914850148
2848,training,0.009698914,0.19646335765719414,0.07045934034471028,7.860797505117483,12.242468121879487,-2.971516879341892
2849,training,0.0013477525,0.1911549884825945,0.07045934034471028,7.821207099016141,12.235760192175348,-2.9766234053455567
2850,training,0.003619626,0.14240188151597977,0.07045934034471028,7.781737346731651,12.229336454079125,-2.9841945380730572
2851,training,0.006737472,0.17960111796855927,0.07045934034471028,7.742200027176578,12.223235779217347,-2.993256231207085
2852,training,0.029851764,0.11745697632431984,0.07045934034471028,7.702368200182648,12.217497052857947,-3.0032932860732027
2853,training,0.014117669,0.11927374452352521,0.07045934034471028,7.662862036392964,12.212196952309824,-3.013630118044976
2854,training,0.001303441,0.13027887791395187,0.10204730998232885,7.623022684210955,12.207267259676168,-3.0232646680244
2855,training,0.0025904994,0.10553234070539474,0.10204730998232885,7.583200346173065,12.202832997163727,-3.043659612377339
2856,training,0.0036515598,0.19447440654039383,0.10204730998232885,7.543196524936383,12.19953025645114,-3.0746523561641443
2857,training,0.0019754968,0.22160553187131882,0.10204730998232885,7.52300941632983,12.198364567927882,-3.094455809335912
2858,training,0.003889835,0.14816538244485855,0.10204730998232885,7.462635459916732,12.197259432524305,3.1318226025511753
2859,training,0.0021708333,0.1456199660897255,0.11223126914349321,7.422440666513302,12.19823863163293,3.105831004953722
2860,training,0.0029872148,0.12109669670462608,0.11223126914349321,7.362409040491306,12.201085542637042,3.0841734781787093
2861,training,0.0018515111,0.13720008358359337,0.11223126914349321,7.3224386018608545,12.203619035918758,3.072846216085215
2862,training,0.0037127638,0.1319350078701973,0.11223126914349321,7.282534095123951,12.206552165561785,3.0634165625734533
2863,training,0.01665331,0.14794353395700455,0.09695092778988025,7.242661991001691,12.209826976623475,3.055611979315366
2864,training,0.005446461,0.11638452811166644,0.09695092778988025,7.182932940235631,12.215227758616011,3.0483129973894023
2865,training,0.002056439,0.10766525566577911,0.09695092778988025,7.143120594083519,12.218969609418355,3.046696274099036
2866,training,0.0023168575,0.11550309509038925,0.09695092778988025,7.10334280961545,12.222780368160796,3.0456264688591457
2867,training,0.014071271,0.09971258975565434,0.09695092778988025,7.063542342202674,12.22659182627727,3.04637415292814
2868,training,0.004474474,0.07756038196384907,0.09695092778988025,7.003928714632319,12.23227448055315,3.047148124618422
2869,training,0,0.04181107319891453,0.07238657369038039,6.984072250404746,12.23413857765258,3.0487070261066145
2870,training,0,0.038942137733101845,0.07238657369038039,6.964154297709477,12.235976662081994,3.050762159453499
2871,training,0,0.04152185283601284,0.07238657369038039,6.924391453618893,12.239515557466092,3.054140645606234
2872,training,0,0.029727505519986153,0.07238657369038039,6.904484445739357,12.24123750020173,3.05575849327028
2873,training,0,0.031377037987113,0.07238657369038039,6.8647145175215565,12.244555852107167,3.0612828128581557
2874,training,0,0.039099229499697685,0.07238657369038039,6.844771948488799,12.246128145119926,3.0636859164379278
2875,training,0,0.013143919408321394,0.07238657369038039,6.804986757354607,12.249186852364412,3.0654942420918094
2876,training,0,0.016737688332796104,0.0454454796758599,6.765193955957615,12.252129955291476,3.0726595092853017
2877,training,0,0.04218237847089768,0.0454454796758599,6.7253500590147555,12.254641706371606,3.082876695534308
2878,training,0,0.038491725921630866,0.0454454796758599,6.68545338224472,12.256854963738775,3.088275774460988
2879,training,0,0.047229062765836716,0.0454454796758599,6.645543126684281,12.258893695488036,3.0920771128122304
2880,training,0.0028856718,0.0513368621468544,0.0454454796758599,6.545790964220278,12.263760167206067,3.0944769534258576
2881,training,0,0.04021521098911762,0.019330470332862535,6.525900684651214,12.264692079576568,3.093943928396987
2882,training,0.022620372,0.09686001762747765,0.019330470332862535,6.485936823520083,12.266584079649565,3.094904013096771
2883,training,0.0052628852,0.07960787042975427,0.019330470332862535,6.466003963533287,12.267495324149497,3.0973095325123285
2884,training,0.0032786746,0.06558206304907797,0.019330470332862535,6.426210032659365,12.269128634398204,3.103000439354912
2885,training,0,0.04562097787857056,0.019330470332862535,6.386274608812894,12.270532091551598,3.110361216738827
2886,training,0.008464184,0.05930816382169726,0.019330470332862535,6.3463823614797565,12.271532050453429,3.1231069926100035
2887,training,0,0.02949054539203641,0.019330470332862535,6.306707275115741,12.271981250300811,3.1381253058907186
2888,training,0,0.02658911049366,0.009398962814242311,6.286736379789138,12.271962642750752,-3.135823840221413
2889,training,0,0.006714455783367171,0.009398962814242311,6.246843365763479,12.271331833365062,-3.115845382428207
2890,training,0,0.004389069974422441,0.009398962814242311,6.207181556427095,12.269948909430635,-3.0977558288368483
2891,training,0,0.007797606289386749,0.009398962814242311,6.167260931577082,12.267800836477967,-3.076982431035251
2892,training,0,0.03763377666473387,0.009398962814242311,6.127640506874073,12.264761171077353,-3.0535763266240004
2893,training,0.0056063277,0.07184989750385283,0.009398962814242311,6.0682150111471564,12.258442011923693,-3.0169070034055325
2894,training,0.015402328,0.09584252908825874,0.0024185020375280327,6.028842863825,12.252984048449573,-2.988059271957234
2895,training,0,0.04700024798512459,0.0024185020375280327,5.989713568884277,12.246348152203417,-2.959630406926155
2896,training,0.0046873055,0.08354073518421501,0.0024185020375280327,5.950472674098138,12.238656898516762,-2.9374613260771274
2897,training,0.003862114,0.06127706170082092,0.0024185020375280327,5.892327943375078,12.225807668432903,-2.9129894641088465
2898,training,0,0.007010118803009391,0.0024185020375280327,5.872843533844564,12.221213148789346,-2.907546469004293
2899,training,0,0.024215301498770714,0.0024185020375280327,5.833965595204273,12.211856919739398,-2.9050747913357404
2900,training,0,0.01831066608428955,0.02179004780982638,5.814660289601248,12.207190016884727,-2.9045043921416793
2901,training,0,0.020890740677714348,0.02179004780982638,5.775770897411873,12.197785187306817,-2.904467397572704
2902,training,0,0.031791990622878075,0.02179004780982638,5.736850577467601,12.188406776968133,-2.90631762572062
2903,training,0.0042379084,0.051545144990086555,0.02179004780982638,5.67863730865138,12.174437628452848,-2.906149960671826
2904,training,0.011036148,0.06897904351353645,0.02179004780982638,5.620351142628824,12.160487991282604,-2.907223523298182
2905,training,0.017771238,0.12955071404576302,0.009673552186808808,5.5815533882117805,12.151102012387383,-2.9005815287516308
2906,training,0.0115302,0.09765421412885188,0.009673552186808808,5.542772489197054,12.141368337347934,-2.890791640197509
2907,training,0.0052963337,0.06194763258099556,0.009673552186808808,5.485031660835292,12.126203235727989,-2.881203579264312
2908,training,0.023932371,0.0920341145247221,0.009673552186808808,5.427087765323898,12.110652608285868,-2.8788142324082915
2909,training,0.0056833117,0.12570353597402573,0.009673552186808808,5.369315655677296,12.09488717736759,-2.8717447061386996
2910,training,0.003320736,0.09233034774661064,0.00974415404954117,5.330821189591473,12.08417326663387,-2.8684303722795916
2911,training,0.005600353,0.0931987501680851,0.00974415404954117,5.292484791671547,12.073320562455669,-2.865822519275102
2912,training,0.0025732648,0.10900235921144483,0.00974415404954117,5.253898391204765,12.062500548764767,-2.8721093302210288
2913,training,0.0020469702,0.09903752431273463,0.00974415404954117,5.215362441635445,12.05203232703375,-2.880325040823315
2914,training,0.005730698,0.09917213767766953,0.00974415404954117,5.176628046525476,12.041837382841322,-2.8883386351541604
2915,training,0.005272943,0.09996253252029422,0.00974415404954117,5.157178424657492,12.036853784384094,-2.893751204423283
2916,training,0.0049843765,0.11074821650981903,0.028465737579317578,5.137744471933267,12.032000398040688,-2.8997191417944097
2917,training,0.004165416,0.1249680947512388,0.028465737579317578,5.098988234587762,12.02261760957766,-2.9079498485956248
2918,training,0.007316306,0.09329954348504543,0.028465737579317578,5.079480987410371,12.018005376353125,-2.910719321775089
2919,training,0.0018726632,0.11423010006546976,0.028465737579317578,5.040438711913508,12.008914917021738,-2.914760566959167
2920,training,0.0016024605,0.1441092286258936,0.028465737579317578,5.021052818700805,12.00443865077637,-2.9144302364997543
2921,training,0.0067880657,0.17104574665427208,0.028465737579317578,4.982186410065709,11.995361100487521,-2.908722832566877
2922,training,0.004315042,0.1459147334098816,0.028465737579317578,4.943285919395278,11.985972067677,-2.9002800572314404
2923,training,0.0065525942,0.17331505566835403,0.028465737579317578,4.904728597224013,11.976252054598188,-2.88870357454608
2924,training,0.0042465106,0.1316159889101982,0.04193699530738271,4.846869319920571,11.960718292252517,-2.8705975574440323
2925,training,0.0058042235,0.08339716307818891,0.04193699530738271,4.808563817414941,11.949858262442756,-2.860394592816547
2926,training,0.0027255109,0.05924512445926666,0.04193699530738271,4.770133758123362,11.938608636870473,-2.858249755610399
2927,training,0,0.012485988438129411,0.04193699530738271,4.750904299762299,11.9330297308409,-2.861556122577008
2928,training,0,0.02983560040593147,0.04193699530738271,4.7124115437976934,11.922242797307847,-2.8749154889329045
2929,training,0,0.005424320697784431,0.04193699530738271,4.673683711098144,11.911897793746034,-2.885826955421182
2930,training,0,0.016860986128449437,0.08248688142098476,4.6542530120010035,11.906858192675752,-2.889718664463323
2931,training,0,0.012189611792564392,0.08248688142098476,4.615528376959064,11.897033774862876,-2.895312061316954
2932,training,0,0.0021113939583301544,0.08248688142098476,4.576739094676635,11.88730845683965,-2.896286785451321
2933,training,0.0065162997,0.06804055161774158,0.08248688142098476,4.518591308135372,11.872790994339454,-2.8974624604513406
2934,training,0,0.047628929838538156,0.08248688142098476,4.479821300800024,11.86311953880286,-2.897036419296729
2935,training,0,0.01159742847084999,0.08248688142098476,4.460376896638697,11.858250789567375,-2.8946729141359637
2936,training,0.023970949,0.06358566880226135,0.1218119043658045,4.402491384832886,11.843376489091089,-2.884359136949207
2937,training,0,0.01516349613666533,0.1218119043658045,4.383242946931947,11.838226607804446,-2.8748602183509258
2938,training,0,0.029303573071956635,0.1218119043658045,4.34485654284917,11.8273151249226,-2.8559567844140523
2939,training,0,0.04212567210197447,0.1218119043658045,4.306768274861759,11.8157857192092,-2.838778245909321
2940,training,0.0075476477,0.06657996028661728,0.1218119043658045,4.268847520320305,11.803526896448595,-2.819105016950221
2941,training,0,0.011848226189613356,0.1218119043658045,4.231187185647219,11.790564178673886,-2.8003137708648964
2942,training,0,0.03925603628158568,0.12433207045434885,4.19384907873823,11.776845803104925,-2.779706531271376
2943,training,0,0.0378379300236702,0.12433207045434885,4.156831657660012,11.762436481504603,-2.7605001336450172
2944,training,0,0.03067655861377716,0.12433207045434885,4.119935174765278,11.74719781534572,-2.7391439462610663
2945,training,0,5.7250261306762695e-05,0.12433207045434885,4.08354907701468,11.731209585143839,-2.717216267432816
2946,training,0,0.021539732813835144,0.12433207045434885,4.047420102057666,11.714508056453372,-2.7017455811185096
2947,training,0,0.0009830966591835022,0.12433207045434885,4.011302788807439,11.69721104383177,-2.6859777729443666
2948,training,0,0.012510687112808228,0.10351227065199076,3.975806175347883,11.679438658716686,-2.670825698593174
2949,training,0,0.0206580962985754,0.10351227065199076,3.940272906950176,11.661121595893684,-2.6615135612549072
2950,training,0,0.015899293124675737,0.10351227065199076,3.904844370662955,11.642525336358673,-2.6546758395027883
2951,training,0,0.00760689377784729,0.10351227065199076,3.869738802287277,11.623781439731278,-2.645713940952623
2952,training,0,0.03959067910909653,0.10351227065199076,3.834612946200132,11.604495566863347,-2.6336316083665396
2953,training,0.0021641997,0.08706018142402173,0.10351227065199076,3.7827807662299278,11.574980399079738,-2.6126031442613784
2954,training,0.0050148387,0.05264074169099332,0.012274183358481901,3.7483941963314034,11.5545149577604,-2.59612790086957
2955,training,0.012492068,0.07672435790300369,0.012274183358481901,3.7144258222606745,11.533641873744727,-2.58699048409036
2956,training,0.005506326,0.09767524898052216,0.012274183358481901,3.6805165704326166,11.512550858714702,-2.584771250702025
2957,training,0.011915938,0.1577368602156639,0.012274183358481901,3.6463809007721872,11.491330999527978,-2.588721011470504
2958,training,0.004779094,0.13344166055321693,0.012274183358481901,3.6123121852262883,11.470580543462555,-2.6011656561852035
2959,training,0.0034248277,0.1715046465396881,0.012274183358481901,3.577761909523006,11.450128937100663,-2.611959426300939
2960,training,0.0019097459,0.11584623157978058,0.01617011748298381,3.543207901778544,11.429987654411002,-2.6136560884153544
2961,training,0.012659772,0.19251901283860207,0.01617011748298381,3.5087881952514484,11.409845840965362,-2.610278446064769
2962,training,0.004002189,0.17000270821154118,0.01617011748298381,3.4742249810342414,11.389458028586404,-2.6069819288001432
2963,training,0.004267421,0.12977373600006104,0.01617011748298381,3.4228283045024344,11.358987549900656,-2.6071197331702582
2964,training,0.009091514,0.18321327865123752,0.01617011748298381,3.3882089746846162,11.338590468410633,-2.6124653785928866
2965,training,0.0036791852,0.14100860804319382,0.023751660201941215,3.3709364285887244,11.328531686324236,-2.615867325733671
2966,training,0.0066055926,0.06375276856124401,0.023751660201941215,3.3189727807562743,11.298666330510002,-2.6235936280577783
2967,training,0.003792952,0.10102165862917899,0.023751660201941215,3.249369153682205,11.25928141181785,-2.6283636466301754
2968,training,0.0011353362,0.11305593699216843,0.023751660201941215,3.19673831619214,11.22998428020925,-2.6391376196175975
2969,training,0.0025618356,0.09787140041589737,0.023751660201941215,3.1261728634842663,11.192196363039614,-2.6630275741424927
2970,training,0.0058452287,0.1281830407679081,0.08522735706811028,3.090512425916157,11.173985319617637,-2.676096576244113
2971,training,0.0038114032,0.05993942334316671,0.08522735706811028,3.036505621181632,11.147572525835402,-2.6974866180669985
2972,training,0.020987367,0.20797307789325714,0.08522735706811028,3.000245826840955,11.130591028741927,-2.7091722160020786
2973,training,0.0028345566,0.15736627206206322,0.08522735706811028,2.945381931461305,11.10600876402484,-2.734136269294155
2974,training,0.004113839,0.20207832008600235,0.13898657400700273,2.908452367395862,11.09046059634901,-2.75282596490808
2975,training,0.016539643,0.21989979594945908,0.13898657400700273,2.8718769291584874,11.075568433283921,-2.7488195625542775
2976,training,0.0028609636,0.21150726824998856,0.13898657400700273,2.8534974264888064,11.0678309739617,-2.7366221609477983
2977,training,0.0062546907,0.13269393518567085,0.13898657400700273,2.79919673547881,11.04323038545484,-2.696133096902352
2978,training,0.004173915,0.0804586559534073,0.13898657400700273,2.7634014033836003,11.025707212823665,-2.680850430450974
2979,training,0.0049567716,0.08759381622076033,0.13898657400700273,2.7276322001424473,11.007735206358902,-2.6683901259219405
2980,training,0,0.03732643276453018,0.14377980395581427,2.6924324201340046,10.98936839429314,-2.6526826758432547
2981,training,0,0.021818678826093674,0.14377980395581427,2.6748524493056713,10.979923793475693,-2.644759288094154
2982,training,0,0.02569972723722458,0.14377980395581427,2.6572664095714384,10.970311928169503,-2.6371894797268842
2983,training,0,0.033377598971128464,0.14377980395581427,2.6397468173763987,10.960577676049644,-2.6296293366286574
2984,training,0,0.03290218859910965,0.14377980395581427,2.605334955949619,10.940873637463348,-2.613634728143386
2985,training,0,0.03265634551644324,0.14377980395581427,2.571006190184314,10.920454010598574,-2.595814330944613
2986,training,0,0.04579393193125725,0.14377980395581427,2.5371110592386636,10.899466124590475,-2.5779572295782875
2987,training,0.006471359,0.0694202296435833,0.0906231377549863,2.5037245862624937,10.877912217614641,-2.5588151649041526
2988,training,0,0.0153428688645363,0.0906231377549863,2.4706157384374374,10.855598861835572,-2.537278869889333
2989,training,0.005702774,0.06165765970945358,0.0906231377549863,2.438111410151321,10.83271239662112,-2.5207495155411586
2990,training,0,0.0049957409501075745,0.0906231377549863,2.4058960313444295,10.809252224615054,-2.501937154657184
2991,training,0.00248029,0.06909216940402985,0.0906231377549863,2.3740679348451406,10.785169538690738,-2.487620195964546
2992,training,0,0.02290867269039154,0.0906231377549863,2.342700589443519,10.760611614879817,-2.4627455695845435
2993,training,0,0.019398882985115024,0.0906231377549863,2.3120726746138165,10.735286103004151,-2.441951654910247
2994,training,0.0049772346,0.08450910449028015,0.011784137075197204,2.2818860506104444,10.709296939725576,-2.417553177429706
2995,training,0.004330674,0.0790533572435379,0.011784137075197204,2.2524999389823144,10.682542915661266,-2.3887006562012534
2996,training,0.00535768,0.09672983735799792,0.011784137075197204,2.223876235332627,10.655053784040042,-2.3652768986141854
2997,training,0.016378142,0.0719188451766968,0.011784137075197204,2.1956215338101397,10.626744345880699,-2.3453883547253174
2998,training,0,0.01955537497997284,0.011784137075197204,2.1682402901343143,10.598080577865726,-2.320650873208218
2999,training,0.0037012133,0.05212104320526123,0.011784137075197204,2.1415241097209328,10.56861314756083,-2.293519537746465
3000,training,0.0018147465,0.06897397339344025,0.011784137075197204,2.1154954815460756,10.538318195810684,-2.267211734301356
3001,training,0.0017524571,0.08525501191616056,0.011784137075197204,2.0905099496029917,10.507615890178533,-2.2393643662356144
3002,training,0,0.031869739294052124,0.058378269370274315,2.0663007865701375,10.47596259077264,-2.2079918255566793
3003,training,0,0.04537041485309601,0.058378269370274315,2.043164301286716,10.443684233749334,-2.176755150134442
3004,training,0,0.01792754232883456,0.058378269370274315,2.0211999956463926,10.41070882621092,-2.139031432848502
3005,training,0.015125487,0.05663019418716431,0.058378269370274315,2.0004442454855225,10.376886942616473,-2.1049287829609233
3006,training,0,0.00980028510093689,0.058378269370274315,1.9808405301470073,10.342350410208159,-2.0661940426127905
3007,training,0,0.02821636199951172,0.058378269370274315,1.9627974757078834,10.307195718830034,-2.025330332579383
3008,training,0,0.041348688304424286,0.05326210332899594,1.9459274450651871,10.271217979783838,-1.9958325651685715
3009,training,0,0.027540795505046844,0.05326210332899594,1.9298909971153884,10.234640683405772,-1.9717468197647434
3010,training,0,0.017381861805915833,0.05326210332899594,1.9148714430129095,10.19798106024856,-1.947860513952303
3011,training,0,0.04802840203046799,0.05326210332899594,1.9006866440833852,10.160707238643722,-1.920054779247153
3012,training,0,0.012069672346115112,0.05326210332899594,1.8875422354691433,10.123147978250017,-1.8949322197089253
3013,training,0,0.012172602117061615,0.05326210332899594,1.875301980695937,10.085333463797229,-1.8737518440322438
3014,training,0,0.017414972186088562,0.008465534480908678,1.8636963702378682,10.047053160570362,-1.8565092096096307
3015,training,0,0.023204199969768524,0.008465534480908678,1.8527940805840781,10.008873259695168,-1.8425485635161691
3016,training,0,0.03334330022335051,0.008465534480908678,1.8423085964003365,9.970325943203012,-1.8304350808021237
3017,training,0.005942798,0.05535513162612915,0.008465534480908678,1.8322445216160588,9.931687969197247,-1.821480699211071
3018,training,0.004399026,0.10089165531098843,0.008465534480908678,1.8225501339393197,9.893055879096675,-1.8127111217967724
3019,training,0.05582591,0.08386189863085747,0.008465534480908678,1.813081826311182,9.854194740635782,-1.8088931798611023
3020,training,0,0.03630919009447098,0.024133713841185598,1.8036901990304997,9.815420407504371,-1.8080605562338115
3021,training,0,0.01998466439545154,0.024133713841185598,1.7943831004112631,9.77657842167511,-1.8020923548210166
3022,training,0,0.030076541006565094,0.024133713841185598,1.785357001642456,9.737682417615368,-1.7966434614175246
3023,training,0,0.03780066967010498,0.024133713841185598,1.7765556963757525,9.69879201335767,-1.7900014035283442
3024,training,0,0.03985185921192169,0.024133713841185598,1.768018858759636,9.659738418959932,-1.7822913254928747
3025,training,0.0021892367,0.05794055759906769,0.024133713841185598,1.7597731901473037,9.620721959226737,-1.7756030215062715
3026,training,0.0043789065,0.07756764022633433,0.04064453053431451,1.7480815720673386,9.562040915625051,-1.7586377509869722
3027,training,0.0023065994,0.07616301625967026,0.04064453053431451,1.7409370175737915,9.522926875150675,-1.7433009511514326
3028,training,0,0.03967501409351826,0.04064453053431451,1.7376098650099192,9.503281777279788,-1.7344861835816496
3029,training,0,0.011329903034493327,0.04064453053431451,1.7314243712790784,9.463912255527742,-1.7209620757734394
3030,training,0,0.0031049256213009353,0.04064453053431451,1.7255416936033146,9.42445470896346,-1.7181509158871668
3031,training,0,0.007998455315828323,0.04064453053431451,1.7196967079728918,9.384918441265361,-1.7178269805438076
3032,training,0,0.017786662094295025,0.040040272678560584,1.7138342323101357,9.345478541968413,-1.7200537063910337
3033,training,0,0.034556372091174126,0.040040272678560584,1.7078537695614284,9.305885290691592,-1.721353131640007
3034,training,0,0.0030372340697795157,0.040040272678560584,1.701879858720503,9.266371731282195,-1.7205867407904094
3035,training,0,0.012623965740203856,0.040040272678560584,1.695910425751853,9.226956784991739,-1.721949873807895
3036,training,0,0.004571348428726196,0.040040272678560584,1.6898913628425352,9.187402959723016,-1.7214688416732744
3037,training,0,0.0021551661193370836,0.040040272678560584,1.6839197351306532,9.147977492460974,-1.7222675936961476
3038,training,0,0.009348461404442787,0.03041022203102943,1.6778296192453144,9.108412034447365,-1.7251437520506774
3039,training,0,0.016271899919956923,0.03041022203102943,1.671665525385126,9.068905151719953,-1.726215657990018
3040,training,0,0.011357573792338371,0.03041022203102943,1.6654399696091284,9.029499135614914,-1.7296164329148827
3041,training,0,0.006115145981311795,0.03041022203102943,1.6590234286818208,8.98997131632823,-1.7341797204439982
3042,training,0,0.007007755339145659,0.03041022203102943,1.6524429286795281,8.95053055902927,-1.7387782292015617
3043,training,0,0.005998598993755877,0.03041022203102943,1.6456427770675455,8.911150919867659,-1.74444904465683
3044,training,0,0.00027322955429553986,0.02559804283195801,1.638697100819343,8.871770500755309,-1.74587732960283
3045,training,0,0.011530264280736446,0.02559804283195801,1.6317441986605423,8.832485482494416,-1.746934159628279
3046,training,0,0.03864951059222222,0.02559804283195801,1.6247121333322125,8.793093458614926,-1.7480404300557106
3047,training,0,0.019081031903624538,0.02559804283195801,1.617669025297269,8.753740189579256,-1.7481779798105186
3048,training,0,0.005791012663394213,0.02559804283195801,1.61058477739822,8.71447015269063,-1.7508205489445003
3049,training,0,0.013251322787255049,0.02559804283195801,1.6034318127264224,8.675140434068705,-1.7502800939507699
3050,training,0,0.01610629260540009,0.02710031974732869,1.5963516108348468,8.635875000388616,-1.749288342609127
3051,training,0,0.00553796859458089,0.02710031974732869,1.589250630345896,8.596503846508972,-1.749563322587423
3052,training,0,0.0032820552587509155,0.02710031974732869,1.5821927506095887,8.557184522342322,-1.7469981383937152
3053,training,0,0.02056923881173134,0.02710031974732869,1.5752574202075982,8.517961197729312,-1.7449656603991157
3054,training,0.0063775284,0.08260706625878811,0.02710031974732869,1.5651439572900177,8.458901178120897,-1.734284867130122
3055,training,0.0040530995,0.07398342899978161,0.02710031974732869,1.5588307676186481,8.419636338508287,-1.726169582003896
3056,training,0,0.031121889129281044,0.028295933341831874,1.5557860798666907,8.399884147463332,-1.7214779994433818
3057,training,0,0.008425397798418999,0.028295933341831874,1.5499284247852467,8.360355905953165,-1.7156679214033868
3058,training,0.003996213,0.052335744723677635,0.028295933341831874,1.541269159888509,8.301086256391791,-1.7178517485416411
3059,training,0.0076285033,0.06462265783920884,0.028295933341831874,1.5354911388928907,8.26151728960128,-1.7124971428201847
3060,training,0,0.04570027254521847,0.028295933341831874,1.5327293096212211,8.241819883298232,-1.7078036395286351
3061,training,0.0064650895,0.08313440158963203,0.028295933341831874,1.5251226243333564,8.182533199082577,-1.6883457326900002
3062,training,0.0048402008,0.08607240207493305,0.01478322497088664,1.5207194184876207,8.142909933296064,-1.675836434795133
3063,training,0.018899437,0.06360337324440479,0.01478322497088664,1.514688107197504,8.083343250195137,-1.6698011190194226
3064,training,0.00435599,0.1403996329754591,0.01478322497088664,1.5127131284049897,8.063393420172849,-1.6697986261594469
3065,training,0.022694003,0.13833181373775005,0.01478322497088664,1.5088216645132835,8.023755386439479,-1.6676087846723273
3066,training,0.009652784,0.12914832308888435,0.01478322497088664,1.506911125247939,8.003885251240467,-1.66564142313531
3067,training,0.0068916916,0.09932743012905121,0.01478322497088664,1.5014845381610613,7.944107046977642,-1.6558136599070887
3068,training,0.010374139,0.14780709147453308,0.01114368187317389,1.499825726490573,7.924323754221715,-1.6537493532776157
3069,training,0,0.005740774795413014,0.01114368187317389,1.49661237466589,7.884490056118667,-1.6480972477239793
3070,training,0,0.0012801866978406906,0.01114368187317389,1.4936666281645339,7.844566719946312,-1.6405824581499955
3071,training,0,0.010286780074238777,0.01114368187317389,1.4910030502045382,7.8048783554186585,-1.6356747374353013
3072,training,0,0.0025789495557546616,0.01114368187317389,1.4884918310600967,7.764877080636087,-1.6310135175279845
3073,training,0,0.00208197720348835,0.01114368187317389,1.486189720592194,7.725089234874775,-1.6273086066328097
3074,training,0,0.00777214951813221,0.017843794883082117,1.4839886016165138,7.685220533923215,-1.6248301510336636
3075,training,0,0.006883075460791588,0.017843794883082117,1.4818698724664556,7.645160076100993,-1.6221742493109064
3076,training,0,0.015501016750931743,0.017843794883082117,1.479882493111703,7.605434503187385,-1.6201093779381408
3077,training,0,0.02603673189878464,0.017843794883082117,1.477919928305253,7.565423781979865,-1.6199112480350744
3078,training,0,0.029574077576398846,0.017843794883082117,1.475968225232547,7.52551021265728,-1.6201266399859053
3079,training,0,0.02373700961470604,0.017843794883082117,1.4739835594916522,7.485658286955517,-1.6213694624550596
3080,training,0,0.043518416583538055,0.007973656163583007,1.471929478698106,7.445564998739847,-1.6226389498292708
3081,training,0,0.0334910973906517,0.007973656163583007,1.4698445514621754,7.405780719233595,-1.6245242209454673
3082,training,0,0.038523104041814804,0.007973656163583007,1.467660114057124,7.365823731353762,-1.6264783211411433
3083,training,0,0.04399346560239792,0.007973656163583007,1.465411169299581,7.325810543096491,-1.6275717572445028
3084,training,0.008759134,0.0569927804172039,0.007973656163583007,1.4619213124655908,7.266056587703664,-1.6308007078148472
3085,training,0.0047062594,0.0744805559515953,0.007973656163583007,1.4594664192709572,7.226016871456056,-1.6332661708781606
3086,training,0.007753403,0.1214180737733841,0.0235544520546203,1.4555001104595833,7.166287037970054,-1.6429797247512257
3087,training,0.0017129796,0.1452709659934044,0.0235544520546203,1.448771660889677,7.086503416003202,-1.668768843081184
3088,training,0.02606727,0.12792441062629223,0.0235544520546203,1.4467424796596633,7.0665524633889545,-1.6758778663387182
3089,training,0.0048327725,0.12692797742784023,0.0235544520546203,1.4423209230183387,7.026658380130608,-1.6839608137148094
3090,training,0.006719509,0.13285441137850282,0.0235544520546203,1.437830768932802,6.987142651719387,-1.6834229039734674
3091,training,0.01776946,0.11416683718562129,0.04287399463204761,1.435603613060743,6.967298765927359,-1.6810888632411212
3092,training,0.002421986,0.06878702342510223,0.04287399463204761,1.4313528535513644,6.927484969447276,-1.6721720905289537
3093,training,0.006866769,0.05949037149548532,0.04287399463204761,1.4275614428348267,6.887915126222965,-1.6614292279764813
3094,training,0,0.02446378767490387,0.04287399463204761,1.4258084652474712,6.868058103690923,-1.6562309746336052
3095,training,0,0.04943958669900894,0.04287399463204761,1.4226054255584526,6.828122535644408,-1.6443786022268754
3096,training,0.0020055755,0.13245120085775852,0.04287399463204761,1.419894223771318,6.788447490695265,-1.6349112186647525
3097,training,0.0012993994,0.1335328295826912,0.04287399463204761,1.4186491823385565,6.768546734155491,-1.6321011760710478
3098,training,0.017218292,0.1361760385334492,0.06610954774837115,1.4151721946725302,6.708556740865225,-1.6256588429297554
3099,training,0.004167706,0.15416148491203785,0.06610954774837115,1.4140897176116032,6.688709183398892,-1.6255942620904245
3100,training,0.0023872266,0.16640175506472588,0.06610954774837115,1.4118783751446455,6.6487956174753515,-1.6277403514899456
3101,training,0.005412084,0.18007403053343296,0.06610954774837115,1.4095128907708765,6.608716064558163,-1.6322653651569246
3102,training,0.0032206215,0.20904786139726642,0.06610954774837115,1.4069291558747672,6.568967331012329,-1.640033466446996
3103,training,0.0064719953,0.21655458584427834,0.06610954774837115,1.4039811146158614,6.528935674405169,-1.6490078676182154
3104,training,0.0015981433,0.2192662414163351,0.0898658793004415,1.4007081765114304,6.4890994152034684,-1.6567271805653856
3105,training,0.015797297,0.18393839709460733,0.0898658793004415,1.397149828518265,6.44931951430231,-1.663008912799029
3106,training,0.0044182013,0.19966448284685612,0.0898658793004415,1.3933573345266719,6.409363530412471,-1.6677383285997012
3107,training,0.004831146,0.19589888863265514,0.0898658793004415,1.3894215807654653,6.369738300907173,-1.6725595264277608
3108,training,0.006623667,0.2043278869241476,0.0898658793004415,1.3852727734659274,6.32990640087905,-1.6763377760389806
3109,training,0.0028406663,0.19878260791301727,0.0898658793004415,1.37894238469461,6.270374953891507,-1.677379387212435
3110,training,0.0038876242,0.19845754280686378,0.1147102211726917,1.374698694920195,6.2306045571967905,-1.6768860018278435
3111,training,0.0038311672,0.20062273554503915,0.1147102211726917,1.3709892923957665,6.190651707976922,-1.643736577806231
3112,training,0.006622864,0.170369615778327,0.1147102211726917,1.3697562471046354,6.170995716966387,-1.623340451646779
3113,training,0.112144135,0.18731741607189178,0.1147102211726917,1.3684652053463537,6.131356165737618,-1.5855322041603135
3114,training,0.008360757,0.17320749163627622,0.1147102211726917,1.3684927889944727,6.091468715504585,-1.5556073065282807
3115,training,0.025791433,0.1777854859828949,0.1147102211726917,1.3706415533889431,6.031991798464985,-1.5138785862635245
3116,training,0.0044414885,0.21409162878990173,0.12704927432810023,1.371898252298556,6.012050733843618,-1.5019199306609443
3117,training,0.007675953,0.20862306654453278,0.12704927432810023,1.3750768329144065,5.972369598821841,-1.4790195360292002
3118,training,0.0033758758,0.2061290703713894,0.12704927432810023,1.3816462028790704,5.913027181258603,-1.4446331383397781
3119,training,0.002940707,0.18449353333562613,0.12704927432810023,1.3869205561889997,5.873457415475045,-1.4341771984184422
3120,training,0.004263819,0.15531303640455008,0.12704927432810023,1.3925096076654686,5.834022805690822,-1.4276801949495808
3121,training,0.0031892871,0.1121832961216569,0.12704927432810023,1.398280399817855,5.794457714018781,-1.4250020073006964
3122,training,0.007956141,0.11967331916093826,0.10007738899387165,1.4069676022650068,5.735200767093579,-1.4258533835486258
3123,training,0.0033607802,0.13454708643257618,0.10007738899387165,1.4127101800305375,5.695576974152469,-1.4288474887898488
3124,training,0.0047085485,0.15336568374186754,0.10007738899387165,1.4155219537245753,5.67576425263812,-1.4306934667356555
3125,training,0.0117635,0.12095417827367783,0.10007738899387165,1.4210638225559171,5.636266819952985,-1.4322146960424762
3126,training,0.009094976,0.07000168412923813,0.10007738899387165,1.4265553388463097,5.596593809922095,-1.4354012052876735
3127,training,0.0017261115,0.08547536842525005,0.10007738899387165,1.4343700858335344,5.537181443113805,-1.4443080264789532
3128,training,0.026926037,0.10368447378277779,0.07119531483285631,1.441773660111109,5.477551974526264,-1.4507150509636058
3129,training,0.005620897,0.1271343231201172,0.07119531483285631,1.448683993894077,5.418035780258762,-1.4596426147167731
3130,training,0.027885545,0.09988724393770099,0.07119531483285631,1.4552473614165615,5.358353438210058,-1.4621005228539747
3131,training,0.0055685677,0.06848632730543613,0.07119531483285631,1.4595913417339312,5.318730483982599,-1.4617564478669363
3132,training,0,0.03583965450525284,0.04596011493587813,1.4617703731976888,5.298800374395362,-1.462395952211549
3133,training,0,0.030152656137943264,0.04596011493587813,1.4659747430449093,5.258953629649241,-1.4714117427847644
3134,training,0,0.02974901348352432,0.04596011493587813,1.467905840271474,5.2391286739060385,-1.4764843657007873
3135,training,0,0.03173298388719559,0.04596011493587813,1.469739222844633,5.219204747556719,-1.481638784886645
3136,training,0,0.02741071581840515,0.04596011493587813,1.473103580304833,5.179150883358552,-1.4928227869512842
3137,training,0.005083549,0.05184721830300987,0.04596011493587813,1.4759769411436028,5.139336355370314,-1.5041325213503438
3138,training,0,0.0412633903324604,0.04596011493587813,1.477258046030627,5.119386732411882,-1.5091489885787295
3139,training,0,0.03280632523819804,0.04596011493587813,1.4795396048904654,5.079256411307485,-1.519119891576971
3140,training,0,0.015705907251685858,0.03820926934693766,1.480527505332683,5.059242553107864,-1.523860569380443
3141,training,0,0.001930059865117073,0.03820926934693766,1.4822807291506197,5.019441259854948,-1.529070478061023
3142,training,0,0.009134955704212189,0.03820926934693766,1.4839042447415005,4.979359892688556,-1.530805091027966
3143,training,0,0.009689750149846077,0.03820926934693766,1.4855155242941187,4.939493457263446,-1.5296311680748074
3144,training,0,0.01641086582094431,0.03820926934693766,1.4872098550791168,4.899600967858949,-1.5272440052664862
3145,training,0,0.014146540313959122,0.03820926934693766,1.4889843257125208,4.859511659543023,-1.5263345796877572
3146,training,0,0.0038426360115408897,0.030814704988004954,1.4907497256550486,4.819765111263939,-1.5271052636198224
3147,training,0,0.0035443780943751352,0.030814704988004954,1.4924758493824515,4.779734630128471,-1.5285717914021626
3148,training,0,0.011157028377056125,0.030814704988004954,1.4941202413505308,4.739771012166259,-1.5308507943516938
3149,training,0,0.007817424833774567,0.030814704988004954,1.495685657534954,4.699898221963427,-1.53244747042884
3150,training,0,0.006967268884181975,0.030814704988004954,1.4972004227622546,4.659773231025039,-1.5338729711370738
3151,training,0,0.0008323304355144483,0.030814704988004954,1.4986487361597898,4.619956401237007,-1.535147928673408
3152,training,0,0.007474366575479504,0.0278886472841767,1.5000382525494655,4.579958941819178,-1.5373637283135764
3153,training,0,0.020078573375940316,0.0278886472841767,1.5013295955061774,4.5398684273213075,-1.54001383207677
3154,training,0,0.0101487897336483,0.0278886472841767,1.5025506475689925,4.50004763160749,-1.5404490075945907
3155,training,0,0.027375621721148487,0.0278886472841767,1.5037735640605172,4.459951114550679,-1.540207873990112
3156,training,0,0.020776656456291676,0.0278886472841767,1.505007212978262,4.4200781511874405,-1.5393649848130422
3157,training,0,0.02600172907114029,0.0278886472841767,1.5062979086084631,4.380151272005131,-1.5377362318132008
3158,training,0,0.04314586706459523,0.01851993274448527,1.5076564525469671,4.340040906900599,-1.5360178376973443
3159,training,0,0.02274528332054615,0.01851993274448527,1.509098161363381,4.3002890213109755,-1.5334437622465689
3160,training,0,0.007818700745701786,0.01851993274448527,1.5106135778516498,4.2602458984378355,-1.533310657688673
3161,training,0,0.013283431529998776,0.01851993274448527,1.5120616423306308,4.220252348087774,-1.5363906277317143
3162,training,0,0.031067173928022385,0.01851993274448527,1.5133851154655997,4.180354524344281,-1.5387635575971301
3163,training,0,0.030747350305318832,0.01851993274448527,1.5146481516380796,4.140213420007564,-1.539767185304554
3164,training,0,0.021010596305131912,0.010183322116947493,1.5158997911955787,4.100414783779013,-1.5389588294637773
3165,training,0,0.01206226833164692,0.010183322116947493,1.5171868305826426,4.060413659911176,-1.5387409047725342
3166,training,0,0.01622653566300869,0.010183322116947493,1.5184408862221879,4.020345780299231,-1.5407594924729282
3167,training,0,0.00022473186254501343,0.010183322116947493,1.5195807954712908,3.980495760436775,-1.5441640133119041
3168,training,0,0.0018176697194576263,0.010183322116947493,1.520558423879504,3.9403396106797772,-1.5491801259385187
3169,training,0,0.01731940917670727,0.010183322116947493,1.5213021292722266,3.900402500050582,-1.5552490624309645
3170,training,0,0.03761202935129404,0.011834202182024883,1.5217835634908379,3.8603923869687082,-1.5628152466829879
3171,training,0,0.04390360042452812,0.011834202182024883,1.5218910093791365,3.820149432736037,-1.5728708627337578
3172,training,0,0.04235560819506645,0.011834202182024883,1.5216059665946398,3.7802922164444306,-1.5834518195523968
3173,training,0,0.04778062552213669,0.011834202182024883,1.5208811202280592,3.7401255711456254,-1.5944664645589053
3174,training,0,0.038236487191170454,0.011834202182024883,1.5197388062712915,3.700100161249091,-1.6036278016079704
3175,training,0,0.04751632362604141,0.012618807701299991,1.5182693466396886,3.6601703099980973,-1.6110879370932947
3176,training,0,0.049399400129914284,0.012618807701299991,1.516536098034707,3.6200169084452987,-1.616389054439051
3177,training,0,0.038221968337893486,0.012618807701299991,1.5146451612775924,3.5802411391869815,-1.6203696860685124
3178,training,0,0.045935571193695075,0.012618807701299991,1.512602094952284,3.540242993039176,-1.6235310393297235
3179,training,0,0.036098143085837364,0.012618807701299991,1.5104676037942262,3.5002769505629887,-1.624811804013684
3180,training,0,0.03406312130391598,0.012618807701299991,1.5083185446871856,3.460485600965754,-1.6248091979368426
3181,training,0,0.033438860438764095,0.014635207069791356,1.506175654014266,3.420423095540935,-1.6234326896758589
3182,training,0,0.028986934572458267,0.014635207069791356,1.5041441457767972,3.380630477836009,-1.620879494387821
3183,training,0,0.03680505044758319,0.014635207069791356,1.5022062007844352,3.3407122937982288,-1.6177748945014552
3184,training,0,0.04251589998602867,0.014635207069791356,1.5003988489634172,3.300663468365728,-1.6136434790598257
3185,training,0,0.04201708547770978,0.014635207069791356,1.4987712662594819,3.260908984006196,-1.6101321859271036
3186,training,0,0.0433002058416605,0.014635207069791356,1.4972583151414416,3.22085625597601,-1.606885967680422
3187,training,0,0.03583063185214996,0.028926446717861667,1.4958839813179414,3.1809593115962405,-1.6040538567467697
3188,training,0,0.04030719352886081,0.028926446717861667,1.49462292736401,3.141069106952347,-1.6007033818136354
3189,training,0.0047325976,0.054983991663903,0.028926446717861667,1.4930998992173623,3.081082986067686,-1.5910610947580035
3190,training,0,0.03990931995213032,0.028926446717861667,1.4927353269735344,3.0612004368966255,-1.5872593081967117
3191,training,0,0.04826635494828224,0.028926446717861667,1.4922193233442589,3.02119350185351,-1.5804296038044616
3192,training,0.0014976411,0.0645747147500515,0.028926446717861667,1.4919412437793331,2.9811946638601206,-1.5748451965662134
3193,training,0.015821738,0.07239735126495361,0.025737855015869206,1.4919818831360374,2.92132699200806,-1.565164901572131
3194,training,0.0043718237,0.09004101902246475,0.025737855015869206,1.4923301717188138,2.8812886417940775,-1.5589240484961722
3195,training,0.066826254,0.10017040371894836,0.025737855015869206,1.4929963834011095,2.841516576311947,-1.548459269562146
3196,training,0.007521609,0.1169411912560463,0.025737855015869206,1.4941337257918554,2.8014849649139792,-1.5349557918634913
3197,training,0.0040599015,0.09172052703797819,0.025737855015869206,1.4968366220062133,2.7418658104990827,-1.516687351300876
3198,training,0.0074098697,0.053760698065161705,0.05395141047533805,1.4991520018609232,2.7018803008594467,-1.5106802822694192
3199,training,0,0.04252155125141144,0.05395141047533805,1.5015510988150045,2.662008730515724,-1.513435731942297
3200,training,0,0.04450038075447084,0.05395141047533805,1.502653289260434,2.6420836180832525,-1.5179411612128682
3201,training,0,0.042913468554615974,0.05395141047533805,1.5045972450907428,2.6019876932444026,-1.5267891232938213
3202,training,0.01022879,0.05678422935307026,0.05395141047533805,1.5062266593883304,2.562008099179538,-1.5329418937403099
3203,training,0.004849593,0.10388605669140816,0.05395141047533805,1.5076627636301314,2.5221087915265215,-1.5357700835435812
3204,training,0.0041947514,0.11068392917513847,0.05395141047533805,1.51080263226209,2.4422871447288754,-1.5239661732858243
3205,training,0.008532114,0.1450868863612413,0.06704119735362622,1.512853805424733,2.4023733110845935,-1.5144904060254807
3206,training,0.0055770306,0.07668189331889153,0.06704119735362622,1.5140068490246914,2.3823210503813628,-1.5131748230585331
3207,training,0.00251192,0.10054153017699718,0.06704119735362622,1.516307679653454,2.342585830779815,-1.5136638268409448
3208,training,0.00442995,0.10667266137897968,0.06704119735362622,1.517435518454676,2.32264880821082,-1.5149033116415067
3209,training,0.011689773,0.15578618273139,0.06704119735362622,1.5196868198253628,2.2825953653661077,-1.514550000554669
3210,training,0.004260265,0.13409910164773464,0.06704119735362622,1.5208122162593583,2.262619826970495,-1.5146714277133166
3211,training,0.008340739,0.12123106606304646,0.07547397329866788,1.5230970932606842,2.222885118839246,-1.5123710159370116
3212,training,0.002232512,0.16362339630723,0.07547397329866788,1.5254791817762234,2.1828656962746202,-1.5107025679898005
3213,training,0.0041522235,0.16411612927913666,0.07547397329866788,1.5278763645635212,2.1430251152438196,-1.5111374833724864
3214,training,0.006585352,0.11521659791469575,0.07547397329866788,1.530256411477351,2.1031477395657485,-1.5115107017071279
3215,training,0.03135565,0.11351859197020532,0.07547397329866788,1.532619545209199,2.063088110107562,-1.5125934007781026
3216,training,0.009579332,0.12689615227282047,0.07547397329866788,1.5349348765199775,2.0233442099067234,-1.5128704327597036
3217,training,0.0035323086,0.11378446593880655,0.08873829184750313,1.5372507205969503,1.9833463825630153,-1.5133974122775053
3218,training,0,0.032952189445495605,0.08873829184750313,1.539510425600965,1.9434240043975148,-1.5154305140305038
3219,training,0.015010031,0.06046831980347635,0.08873829184750313,1.5427652772543385,1.883547619760103,-1.5177407464112143
3220,training,0,0.0073373205959796906,0.08873829184750313,1.5448452583871066,1.8435566160281347,-1.5203588039416867
3221,training,0,0.004494097083806988,0.08873829184750313,1.5458370455693435,1.8236837372257715,-1.522152387544562
3222,training,0,0.037780674174427986,0.08873829184750313,1.5476930688306862,1.7836873109598914,-1.5266731086543168
3223,training,0.0049756602,0.08827216364443302,0.094853849003745,1.5501669996028333,1.723750401233539,-1.5320740860233037
3224,training,0.0026738557,0.18372537195682526,0.094853849003745,1.551665755708635,1.6837780729613645,-1.5347912943377706
3225,training,0.0036181116,0.16798679903149605,0.094853849003745,1.5523806844210206,1.6636959345906963,-1.5353964553560602
3226,training,0.0072212955,0.15388299338519573,0.094853849003745,1.5537885410614305,1.623797678453072,-1.5352208850616857
3227,training,0.019958347,0.18357957899570465,0.094853849003745,1.5552623480287995,1.583882256042782,-1.5317776324177983
3228,training,0.0020565675,0.21138983964920044,0.094853849003745,1.5569373194433926,1.5438190995038905,-1.524812876460193
3229,training,0.0038869525,0.24907646328210825,0.1034281224061262,1.5589810889593996,1.5041606650650563,-1.513383322177214
3230,training,0.0018727733,0.3208177983760833,0.1034281224061262,1.561774263994898,1.4645759675288588,-1.475372737565899
3231,training,0.0060003446,0.19666879624128342,0.1034281224061262,1.5667223186178818,1.4254837259454523,-1.4114127300575858
3232,training,0.0035210089,0.10371001064777374,0.1034281224061262,1.574172301746353,1.3868507040869864,-1.3519451122786617
3233,training,0.0027779294,0.18232261389493942,0.1034281224061262,1.5837087291492,1.3484371092154204,-1.3064100111414558
3234,training,0.0028155402,0.11340986192226407,0.13111703432507793,1.5949630635258636,1.3103985549628936,-1.2548554369483584
3235,training,0.025659021,0.1507558673620224,0.13111703432507793,1.6082627048726146,1.2732744234980742,-1.198294293968232
3236,training,0.013408727,0.12142492830753324,0.13111703432507793,1.6235638349950785,1.2368948433266296,-1.1449255532307498
3237,training,0.0034432886,0.1551275104284287,0.13111703432507793,1.6408636368000264,1.2011861418803584,-1.0969713083104429
3238,training,0.006755061,0.1794677972793579,0.1626629997655373,1.6598416538726861,1.1665153558664876,-1.0388698142933812
3239,training,0.011919046,0.08825274556875232,0.1626629997655373,1.680854879931314,1.1332252722611527,-0.9771906934676018
3240,training,0.009239363,0.12223160266876221,0.1626629997655373,1.7038234266658348,1.1009613738267894,-0.9313247393094294
3241,training,0.0035360355,0.13453926146030426,0.1626629997655373,1.7282303471132918,1.069601912088259,-0.8825443074180923
3242,training,0,0.018915235996246366,0.1409856743284347,1.7540370416152324,1.039910638966186,-0.8286628095516578
3243,training,0.004863471,0.06701444089412689,0.1409856743284347,1.781552950204399,1.0112887220565734,-0.7837684447115405
3244,training,0.0018829375,0.13269868493080145,0.1409856743284347,1.8101951739449,0.9838550911440703,-0.7442669617718971
3245,training,0.0011936405,0.09994649887084955,0.1409856743284347,1.8551596863229498,0.9452674775049473,-0.6712176061602737
3246,training,0.0017509458,0.12995511293411258,0.1409856743284347,1.886716341936876,0.9214445852467377,-0.6220116405393533
3247,training,0.0031833756,0.2234275192022324,0.12444004269817563,1.9194769129452522,0.8991427248532305,-0.5728299251566032
3248,training,0.018995281,0.11886267364025119,0.12444004269817563,1.953112254879092,0.8784177284562987,-0.5352725301736643
3249,training,0.010224477,0.12226052582263947,0.12444004269817563,1.970298404178412,0.8684101692317101,-0.5195749388351262
3250,training,0.0076903054,0.11947454512119293,0.12444004269817563,2.005281510506204,0.8490678573161564,-0.4896448142079463
3251,training,0.008907313,0.0535673797130585,0.12444004269817563,2.0404604588244655,0.830980981932632,-0.4602919540615529
3252,training,0,0.022381901741027832,0.12444004269817563,2.076390606056777,0.8139235269164443,-0.424547931969665
3253,training,0,0.037932679057121305,0.10252241839074315,2.112856001890833,0.7982490632199786,-0.38729467587885297
3254,training,0.0033032785,0.08568714559078218,0.10252241839074315,2.1497953267646635,0.7839847937899098,-0.35060584089172175
3255,training,0.007875398,0.09521824866533281,0.10252241839074315,2.1873903382537363,0.7709096681162384,-0.3219924158972774
3256,training,0.0040972196,0.10331616550683975,0.10252241839074315,2.2443829239002424,0.7529913594968024,-0.28619533254998325
3257,training,0,0.0336069464683533,0.10252241839074315,2.263498027072401,0.7474781422140728,-0.27645251282206046
3258,training,0,0.011091455817222623,0.10252241839074315,2.301816928064604,0.7369889614567326,-0.255985487066373
3259,training,0,0.04019030183553696,0.003551903537311284,2.340538872625955,0.7274086100629678,-0.2268246731211416
3260,training,0,0.04676346480846405,0.003551903537311284,2.379252781872901,0.7191323125821742,-0.19544456718687295
3261,training,0,0.03416282683610916,0.003551903537311284,2.4184187182687387,0.712002087027457,-0.164606066601381
3262,training,0,0.03504233062267302,0.003551903537311284,2.4578152384313876,0.7060465127105445,-0.13488295652479795
3263,training,0.027905669,0.061325535178184516,0.003551903537311284,2.4971857027270743,0.7012242078798789,-0.10935490504115988
3264,training,0.0062231915,0.07723278179764748,0.003551903537311284,2.55680351420725,0.6957522401183693,-0.07463189987954237
3265,training,0.0029794162,0.05176793225109577,0.023428525473125326,2.5964318853529234,0.6932152265568161,-0.05404715431821755
3266,training,0,0.026784699293784797,0.023428525473125326,2.636363748315647,0.6913865776117629,-0.03862753609153162
3267,training,0,0.020851800683885813,0.023428525473125326,2.6562940322591206,0.6906488833183627,-0.03613868770229237
3268,training,0,0.01886886591091752,0.023428525473125326,2.696156436342149,0.689300785612656,-0.03214377830115895
3269,training,0,0.013606997206807137,0.023428525473125326,2.736176050420631,0.6880828882092865,-0.02922838509595543
3270,training,0,0.019353366689756513,0.023428525473125326,2.7760615171446874,0.6869378299097474,-0.028091920091534744
3271,training,0,0.02019408205524087,0.017355702587591493,2.8159716389227047,0.6858948634068734,-0.024105344658836528
3272,training,0,0.02607236709445715,0.017355702587591493,2.855916572859845,0.6849986963924002,-0.02174352816685671
3273,training,0,0.027219117619097233,0.017355702587591493,2.8958267086531135,0.6841915473382412,-0.018590974610026113
3274,training,0,0.01869966322556138,0.017355702587591493,2.9358272404451964,0.6835306946894835,-0.01469631576097703
3275,training,0,0.02705123089253902,0.017355702587591493,2.9757403487868506,0.6829788452846057,-0.013350928089255736
3276,training,0,0.018570336513221264,0.017355702587591493,3.015657129746859,0.6825065162511865,-0.010391829963058201
3277,training,0,0.01777734886854887,0.01125633830226671,3.0556040574152403,0.682142614797543,-0.009080344471637112
3278,training,0,0.01376563683152199,0.01125633830226671,3.0955738378749724,0.6817866105781408,-0.008878210508705514
3279,training,0,0.03283490799367428,0.01125633830226671,3.135558304173273,0.6814665458756524,-0.007334572441484209
3280,training,0,0.02796350233256817,0.01125633830226671,3.1755283271978976,0.681166624270548,-0.008426370098381238
3281,training,0,0.0205825362354517,0.01125633830226671,3.2154694076610095,0.6808381159036305,-0.007962607259158592
3282,training,0,0.01954316534101963,0.01125633830226671,3.2554722584368987,0.6805389251306723,-0.007834293154041824
3283,training,0,0.01596992090344429,0.012348698673758018,3.2954624507542176,0.6802013171717013,-0.00932359897932818
3284,training,0,0.0017942595295608044,0.012348698673758018,3.3354179871890715,0.6798422226526877,-0.008931079448389917
3285,training,0,0.012080747634172436,0.012348698673758018,3.3754081843215156,0.6794748764404992,-0.010462443572289343
3286,training,0,0.015526436269283296,0.012348698673758018,3.4153626721571264,0.6790336026523177,-0.01148792642450244
3287,training,0,0.0029763574711978436,0.012348698673758018,3.45538589356067,0.6785849789430225,-0.01115311046358805
3288,training,0,0.006036520004272461,0.012348698673758018,3.495336550812105,0.6781143934537708,-0.012785173188632185
3289,training,0,0.0042893472127616405,0.01969184972539184,3.5352753665863226,0.6776093654624307,-0.01268490172801485
3290,training,0,0.004413086920976637,0.01969184972539184,3.57526340755266,0.6771017443396883,-0.013720315497535157
3291,training,0,0.0005134972743690014,0.01969184972539184,3.6152296404155773,0.676523816855133,-0.01525221701411862
3292,training,0,0.004043164663016796,0.01969184972539184,3.6552282873433546,0.6759177995426169,-0.015224856844672742
3293,training,0,0.011668495833873749,0.01969184972539184,3.695174729728366,0.6752811502086977,-0.017215828925710327
3294,training,0,0.004013291792944074,0.01969184972539184,3.735105052374413,0.6745981808962824,-0.016887215980827746
3295,training,0,0.006688229274004698,0.017642397238185937,3.775096595888722,0.6739460692239516,-0.016647385114630566
3296,training,0,0.001964351162314415,0.017642397238185937,3.8150441907572206,0.6732697179861068,-0.017206436132797744
3297,training,0,0.005144800175912678,0.017642397238185937,3.854997363609785,0.672612772126347,-0.015940470575271537
3298,training,0,0.00026492588222026825,0.017642397238185937,3.8949399050535702,0.6719826181942928,-0.01651478521350652
3299,training,0,0.0008492693305015564,0.017642397238185937,3.934878214841663,0.6713220965793537,-0.01655425093691178
3300,training,0,0.0019136290065944195,0.017642397238185937,3.974900500702973,0.6706816078640219,-0.015906669279778376
3301,training,0,0.004305087495595217,0.020925691790355253,4.0148253684727235,0.6700158290723319,-0.01772510495069536
3302,training,0,0.007497205922845751,0.020925691790355253,4.054757439814422,0.6693317049874341,-0.016524422327483322
3303,training,0,0.01541604392696172,0.020925691790355253,4.094710674257234,0.6687026865668753,-0.01600667254953483
3304,training,0,0.019626200199127197,0.020925691790355253,4.1346536169258234,0.6681023529659693,-0.013824350228391765
3305,training,0,0.01973322592675686,0.020925691790355253,4.174630603343985,0.66763605793336,-0.009386570037793685
3306,training,0,0.021994772483594716,0.020925691790355253,4.214536809623849,0.6673161498690748,-0.0070600157629204345
3307,training,0,0.018139682710170746,0.007438464859581828,4.254457451929205,0.6671223397839888,-0.0025610446209015643
3308,training,0,0.009580920916050673,0.007438464859581828,4.294388893888356,0.6671105789776195,0.0007587961304759757
3309,training,0,0.006791876628994942,0.007438464859581828,4.334372028600211,0.6671713835526079,0.0016552825182689769
3310,training,0,0.0061677894555032245,0.007438464859581828,4.3743376810595755,0.6672666697052124,0.002648394010017125
3311,training,0,0.018510193563997746,0.007438464859581828,4.41434726309418,0.6673744953148537,0.0021305523041724316
3312,training,0,0.018633858766406775,0.007438464859581828,4.454315942489818,0.6674757062090021,0.003338867104366537
3313,training,0,8.778413757681847e-05,0.009212544680583188,4.494294400771617,0.6676763798967974,0.0064013091194743185
3314,training,0,0.02185075916349888,0.009212544680583188,4.534268846498039,0.6679288843562801,0.005412825587833874
3315,training,0,0.04817584529519081,0.009212544680583188,4.574164724755849,0.6681736469581827,0.006691956495642815
3316,training,0,0.02654992789030075,0.009212544680583188,4.614073708118145,0.6685121457028094,0.010482356286967712
3317,training,0,0.023091155104339123,0.009212544680583188,4.654009085129493,0.6690163273849861,0.014233090967293069
3318,training,0,0.03907584212720394,0.009212544680583188,4.69397186676837,0.6696652306944746,0.01772527705505264
3319,training,0,0.03933251276612282,0.0011148156508888564,4.733938584058756,0.6704143487124773,0.0195984478061611
3320,training,0,0.00395103357732296,0.0011148156508888564,4.773784492274251,0.6712655704064668,0.02278457193932973
3321,training,0,0.006261568516492851,0.0011148156508888564,4.81380657745021,0.6721568875547341,0.01939606592968378
3322,training,0,0.006840130314230919,0.0011148156508888564,4.853806999594713,0.6727752469633996,0.011620368947181683
3323,training,0,0.000522490590810774,0.0011148156508888564,4.893803319022169,0.673148050885039,0.0069650918287740785
3324,training,0,0.0086812786757946,0.0011148156508888564,4.933825521407975,0.6733444540028093,0.0028208670589513914
3325,training,0,0.028709014877676964,0.012638350658714867,4.9737606258414555,0.6734304013835255,0.0020900102835067387
3326,training,0,0.011371529661118982,0.012638350658714867,5.01377020000179,0.6735414718257731,0.00323824341259767
3327,training,0,0.008309103548526764,0.012638350658714867,5.053751972231535,0.6736557877584357,0.002098188673622282
3328,training,0,0.0028112269937992096,0.012638350658714867,5.093677917649031,0.6737416803053031,0.0015586401351144047
3329,training,0,0.019999265670776367,0.012638350658714867,5.133724390298078,0.673763662190123,-0.0014845313540644254
3330,training,0,0.024087315425276756,0.012638350658714867,5.173669631683013,0.6736792278104278,-0.002389185225208207
3331,training,0,0.028854542411863804,0.0045317095842464265,5.213663608108233,0.6736380724130735,0.0001993237946374189
3332,training,0,0.03636904340237379,0.0045317095842464265,5.253588574172443,0.6736825026736064,0.0021691420073349597
3333,training,0,0.034300822764635086,0.0045317095842464265,5.293513980201594,0.6738692315039062,0.007502974896061407
3334,training,0,0.027648286893963814,0.0045317095842464265,5.333447258683351,0.6742823302956391,0.012112013037951602
3335,training,0,0.018467463552951813,0.0045317095842464265,5.373382823328526,0.6748126442408384,0.014401832672999246
3336,training,0,0.023886339738965034,0.0045317095842464265,5.413340340738701,0.6754379683743035,0.016315237088985336
3337,training,0,0.00475136935710907,0.009653428969557808,5.4533506024002465,0.6760723699334474,0.014266781405145921
3338,training,0,0.0015837214887142147,0.009653428969557808,5.4932436862427245,0.6765948066024066,0.011599552537320819
3339,training,0,0.007593158632516861,0.009653428969557808,5.5333078009994985,0.6769888695072581,0.0074572772316949575
3340,training,0,0.00024275854229927063,0.009653428969557808,5.573317011587769,0.6771779444637057,0.0023666925671527094
3341,training,0,0.026984328404068947,0.009653428969557808,5.613238563301206,0.6772325112076844,-3.563206496796006e-05
3342,training,0,0.04127829894423485,0.015876750458878597,5.653221558606587,0.6772156898285123,-0.0008020648199783428
3343,training,0.0054480145,0.05436007119715214,0.015876750458878597,5.693172803880471,0.6772450532095116,0.002700322948219271
3344,training,0.01228086,0.08531311713159084,0.015876750458878597,5.7331434534380366,0.6774654027767595,0.008519943371904943
3345,training,0.002267044,0.07820270955562592,0.015876750458878597,5.792963021543006,0.6782718234448909,0.020463951924215663
3346,training,0.0073302696,0.06833044067025185,0.015876750458878597,5.832864347013765,0.6793191579106646,0.0312590261764751
3347,training,0.0081279725,0.12013407424092293,0.015876750458878597,5.872725016574326,0.6807239601195214,0.03971271030499357
3348,training,0.008111579,0.12085971236228943,0.012700333604415292,5.912578950234674,0.6825644602731017,0.05365544812386422
3349,training,0.005526214,0.09387397021055222,0.012700333604415292,5.9523712314381525,0.6850171757886092,0.06776782367495196
3350,training,0,0.03546057641506195,0.012700333604415292,5.972295101372759,0.686413739327464,0.07103594678548797
3351,training,0,0.008240930736064925,0.012700333604415292,6.012026699679439,0.6893229257286225,0.07273559124335818
3352,training,0,0.026080600917339325,0.012700333604415292,6.05200108648607,0.6919468685350239,0.058218043715278125
3353,training,0,0.04180027544498445,0.012700333604415292,6.092052335425422,0.6940194923242545,0.04638531483299322
3354,training,0.007347013,0.06119444593787193,0.02543525027001086,6.131985558507868,0.6957420283991582,0.039919514032233185
3355,training,0,0.02858852595090866,0.02543525027001086,6.171983646772756,0.6972156924949738,0.033738385415777374
3356,training,0,0.0168527439236641,0.02543525027001086,6.211930949611563,0.6984486756382009,0.027467007772319696
3357,training,0,0.00711774080991745,0.02543525027001086,6.251995519471745,0.6994028951223108,0.01967038937627566
3358,training,0,0.02117756009101867,0.02543525027001086,6.292087011233891,0.6999353180367658,0.005895833245671099
3359,training,0,0.017393457237631083,0.02543525027001086,6.33203575275074,0.7000014680840619,-0.0013941694872508475
3360,training,0,0.0012600077316164988,0.027353796800425927,6.372115284951663,0.6998753051866574,-0.005418315380985906
3361,training,0,0.001958653796464205,0.027353796800425927,6.412062062430453,0.6996025812266079,-0.00787486935571743
3362,training,0,0.017948436085134745,0.027353796800425927,6.45206074788967,0.6992889239156035,-0.00800313326222581
3363,training,0,0.022417461907025427,0.027353796800425927,6.491968343431164,0.6989631765920884,-0.008319584699572169
3364,training,0,0.029878072440624237,0.027353796800425927,6.531892514492612,0.6987014057410266,-0.004242320619326309
3365,training,0,0.021353477612137794,0.027353796800425927,6.571845248927069,0.6986177790488771,-0.0011352779076358112
3366,training,0,0.008375227451324463,0.027751700972668793,6.611793098949214,0.6985838346371378,-0.0012097312809618514
3367,training,0,0.0037415213882923126,0.027751700972668793,6.651752847170352,0.6985431348906934,-0.001271384811113568
3368,training,0,0.004246059805154797,0.027751700972668793,6.691802302806714,0.6984516057623632,-0.004214887432895982
3369,training,0.00538477,0.06835580430924892,0.027751700972668793,6.731714896027931,0.6982282355685328,-0.00694967608109368
3370,training,0.0024219013,0.061003806069493294,0.027751700972668793,6.7717807601537965,0.6979009770675796,-0.009922037220163375
3371,training,0.018684944,0.06642849557101727,0.027751700972668793,6.831755805770243,0.6971271390679761,-0.015255246330701251
3372,training,0.0035636025,0.08025607280433178,0.022304375114125974,6.871775992409268,0.6965179726169786,-0.015303824363123318
3373,training,0,0.043217580765485764,0.022304375114125974,6.911707274172399,0.6958833676670754,-0.016294884076101638
3374,training,0.0017233063,0.05938184447586538,0.022304375114125974,6.951628494044084,0.6952407407048489,-0.01640911203289747
3375,training,0,0.03658634796738623,0.022304375114125974,6.971661140150797,0.6949114321986858,-0.01671954542839386
3376,training,0,0.026086457073688507,0.022304375114125974,7.0116362820886735,0.6941776369558412,-0.02107947895535082
3377,training,0,0.013268925249576569,0.022304375114125974,7.051574632718626,0.6932547305065677,-0.025407435733033248
3378,training,0,0.029284588992595673,0.02176999043763249,7.091639082507461,0.6921381461698232,-0.03122261138410356
3379,training,0,0.004166090860962868,0.02176999043763249,7.131603819124895,0.6907636587993802,-0.03715038764472105
3380,training,0,0.0016295667737722397,0.02176999043763249,7.171569131423622,0.6892218466873425,-0.04006503673891377
3381,training,0,0.007860833778977394,0.02176999043763249,7.211534017218395,0.6875366985150809,-0.04526952763262856
3382,training,0,0.0002565588802099228,0.02176999043763249,7.251416279266924,0.6856404822558079,-0.04987765760307004
3383,training,0,0.004591107368469231,0.02176999043763249,7.291462490509157,0.6835472651475928,-0.05508110845129398
3384,training,0,0.010461563244462017,0.01785560370002813,7.331348371842252,0.6812003156854114,-0.06254379937078652
3385,training,0,0.013824352994561195,0.01785560370002813,7.371215998228933,0.6786215781260154,-0.06638222405357637
3386,training,0,0.012111427262425423,0.01785560370002813,7.411180114830375,0.6759125694200033,-0.06963645675245765
3387,training,0,0.000578309874981642,0.01785560370002813,7.450995725902463,0.6730987606464336,-0.0713694771956293
3388,training,0,0.008645390626043081,0.01785560370002813,7.490930047245306,0.6702427519441568,-0.07154213024551087
3389,training,0,0.007876256946474314,0.01785560370002813,7.530805395577906,0.6673710730031335,-0.07283622032832007
3390,training,0,0.007277750934008509,0.013015589031470081,7.5705891907962535,0.6644923108319267,-0.07168798069057233
3391,training,0,0.010052773664938286,0.013015589031470081,7.610571716934308,0.6616540277907879,-0.07049843185151222
3392,training,0,0.01177525520324707,0.013015589031470081,7.6503360503613935,0.6588605861334055,-0.06954826929030163
3393,training,0,0.013091225177049637,0.013015589031470081,7.69021607652452,0.6561410120425792,-0.06672761807680357
3394,training,0,0.012115471065044403,0.013015589031470081,7.730125507932791,0.6535170137167423,-0.06527618722152156
3395,training,0,0.008983818348497152,0.013015589031470081,7.769914955138643,0.6509724087049796,-0.06264605674829032
3396,training,0,0.005208300426602365,0.004405992790273505,7.809899253862223,0.6485283117751155,-0.05951842352669073
3397,training,0.011241982,0.06364146061241625,0.004405992790273505,7.8696239518412,0.6450480550204188,-0.056445362364432726
3398,training,0.0090051405,0.056274618953466415,0.004405992790273505,7.929523828168483,0.6417969848809503,-0.05320712412300442
3399,training,0.002830753,0.05853341147303581,0.004405992790273505,8.009331900316331,0.6378088486573678,-0.04582149569950135
3400,training,0.0031082232,0.05042073875665665,0.018439001033550045,8.06909920660136,0.6352399272708144,-0.03948913521789534
3401,training,0,0.037338852882385254,0.018439001033550045,8.089036975988014,0.6344854759930686,-0.03590893153292677
3402,training,0,0.02925216406583786,0.018439001033550045,8.128955586332383,0.633220697851809,-0.02747618958629798
3403,training,0,0.027218662202358232,0.018439001033550045,8.148907645074999,0.6327188736571296,-0.02316298581206585
3404,training,0,0.04445730149745941,0.018439001033550045,8.168837094320692,0.6323119125532368,-0.018199238643498355
3405,training,0,0.042315936647355556,0.018439001033550045,8.208754407901532,0.6317902663620942,-0.008035944942152737
3406,training,0,0.0398411201313138,0.018439001033550045,8.228664664265713,0.6316733405737127,-0.004929103373786235
3407,training,0,0.043023983016610146,0.018439001033550045,8.248631829880747,0.6316020700782506,-0.0024524120650873528
3408,training,0,0.03294370509684086,0.02852110768758976,8.288557163782347,0.6316097715170571,0.002593499136425539
3409,training,0,0.032118549570441246,0.02852110768758976,8.3285025247013,0.631814903339162,0.006640261198041114
3410,training,0,0.04508226178586483,0.02852110768758976,8.36847590613862,0.632123406480263,0.008238034287769338
3411,training,0,0.034313539043068886,0.02852110768758976,8.408399880513835,0.6325165248931403,0.011238483978820187
3412,training,0,0.0429255086928606,0.02852110768758976,8.448388446218129,0.6330104832657517,0.012594926958872824
3413,training,0,0.02941006608307362,0.02852110768758976,8.48830733680798,0.6335313312556965,0.013687958144008642
3414,training,0,0.03345817141234874,0.02997586943042695,8.528297541405403,0.6341212917125945,0.015381291893816137
3415,training,0,0.028936687856912613,0.02997586943042695,8.568286038294326,0.6347301420580607,0.014749201142224
3416,training,0,0.03165299259126187,0.02997586943042695,8.608160138959732,0.6353482292659363,0.01600184266410808
3417,training,0,0.042071057483553886,0.02997586943042695,8.648165298813495,0.6359978872986329,0.01554179326745589
3418,training,0,0.04131388850510121,0.02997586943042695,8.688099482893389,0.636598195037898,0.015099299174628019
3419,training,0,0.034387947991490364,0.02997586943042695,8.728075747334586,0.6372159946677767,0.01549126613397815
3420,training,0,0.029122525826096528,0.023529529592760858,8.768078079874668,0.637817402969365,0.013887883942044914
3421,training,0,0.033028451725840575,0.023529529592760858,8.807970634142164,0.6383639665031507,0.013551858384107718
3422,training,0,0.03701022826135159,0.023529529592760858,8.847990063071217,0.6389106868274234,0.013085044877966676
3423,training,0,0.031089523807168014,0.023529529592760858,8.887985072327973,0.6393934488523363,0.011133468026094731
3424,training,0,0.032701464369893074,0.023529529592760858,8.927895708518811,0.6398543747848638,0.011515751053177013
3425,training,0,0.030383171513676636,0.023529529592760858,8.9679169083286,0.6402983100623812,0.009791214927446109
3426,training,0,0.032339772209525115,0.020117999342435234,9.00782722773527,0.6406616583232756,0.008735543228377347
3427,training,0,0.036914458498358727,0.020117999342435234,9.04785297217965,0.6410116498099653,0.0083082573975101
3428,training,0,0.031966300681233406,0.020117999342435234,9.08785881585738,0.6413019521666616,0.00612078418088595
3429,training,0,0.01364581659436226,0.020117999342435234,9.127746191111298,0.6415565721667893,0.006277522989102492
3430,training,0,0.006792149972170591,0.020117999342435234,9.16777794341652,0.6418046267563768,0.005312208741538762
3431,training,0,0.018780182115733624,0.020117999342435234,9.207720961821076,0.641992515541551,0.004504014560789848
3432,training,0,0.01063256710767746,0.004965491161745732,9.247717730219904,0.6421795482468143,0.004573131667122617
3433,training,0,0.016583231277763844,0.004965491161745732,9.287732397676573,0.6423436756086192,0.003096347461789846
3434,training,0,0.013178668916225432,0.004965491161745732,9.32763817010525,0.6424776677668027,0.003573689894709958
3435,training,0,0.00974564254283905,0.004965491161745732,9.36766983476064,0.6426384805848573,0.003813141108746595
3436,training,0,0.017472377046942714,0.004965491161745732,9.407637773236145,0.6427724277260276,0.0029350566314476348
3437,training,0,0.017009593546390533,0.004965491161745732,9.447594102141741,0.6429149752395728,0.0040414652969201605
3438,training,0,0.01638913620263338,0.005117406154696806,9.487623371565936,0.6430776218133156,0.00318048538665286
3439,training,0,0.019051235169172287,0.005117406154696806,9.527544901084596,0.643200897220837,0.003185641550962305
3440,training,0,0.027703305706381798,0.005117406154696806,9.567577969758796,0.6433425525115785,0.003390617830534387
3441,training,0,0.01697138138115406,0.005117406154696806,9.607576410715035,0.6434490089453337,0.0019175669052880937
3442,training,0,0.0469783078879118,0.005117406154696806,9.647489734902488,0.6435480502882468,0.002594639978010986
3443,training,0,0.03172825090587139,0.005117406154696806,9.687522178729669,0.6436585167309952,0.0021178964220915325
3444,training,0,0.030505163595080383,0.02988073501572324,9.727460610194363,0.6437229541500925,0.0013280876597523562
3445,training,0,0.03364359028637409,0.02988073501572324,9.76746800225803,0.6437808382803133,0.001317095159260276
3446,training,0,0.016671388410031796,0.02988073501572324,9.807490878461994,0.643801720567178,-0.0009141444122529569
3447,training,0,0.012630171608179808,0.02988073501572324,9.847398786396358,0.6437581252700824,-0.001472974459453958
3448,training,0,0.02664758823812008,0.02988073501572324,9.887448992321296,0.6436932273182537,-0.002320863124541585
3449,training,0,0.020288942381739616,0.02988073501572324,9.927405951228756,0.643561726355864,-0.004139933221691642
3450,training,0,0.03339084051549435,0.014484821094549113,9.967381681991565,0.6434056822217178,-0.0038598641579354297
3451,training,0,0.03285337798297405,0.014484821094549113,10.00740726478894,0.6432340550390505,-0.005531052994207598
3452,training,0,0.029809778556227684,0.014484821094549113,10.047345688300473,0.6429969296311475,-0.006333807482982182
3453,training,0,0.041370837017893784,0.014484821094549113,10.087372040869374,0.642744503785161,-0.006837373666426464
3454,training,0,0.03311191685497761,0.014484821094549113,10.1273601038986,0.64244058593881,-0.008613809477350272
3455,training,0,0.026978550478816032,0.014484821094549113,10.167307450233022,0.6421063467356294,-0.008230907983281625
3456,training,0,0.0343803558498621,0.001647303881067196,10.20729036048269,0.6417847334196679,-0.00880605457653841
3457,training,0,0.036600517109036446,0.001647303881067196,10.247255904448382,0.6414166975082508,-0.009628829465319169
3458,training,0,0.04727076180279254,0.001647303881067196,10.287265021669738,0.6410469265866192,-0.009096606754533453
3459,training,0,0.04741810820996761,0.001647303881067196,10.327237667689987,0.6406564148980424,-0.010951090393912915
3460,training,0,0.04594149626791477,0.001647303881067196,10.367177580550747,0.640224094361776,-0.010743569357753795
3461,training,0,0.04248887114226818,0.001647303881067196,10.407164597470922,0.6398058749576995,-0.01121916439135734
3462,training,0.010793257,0.05159545876085758,0.016915555103681208,10.467107192308461,0.6390866240224781,-0.012365872523940984
3463,training,0,0.03548505529761315,0.016915555103681208,10.487124824502596,0.6388446153904628,-0.011636896440724014
3464,training,0,0.047873388975858695,0.016915555103681208,10.52705655188974,0.6384059717110203,-0.01124966818012068
3465,training,0,0.042936034500598914,0.016915555103681208,10.566992933056978,0.6379834159019317,-0.009959811062904854
3466,training,0,0.04608418047428132,0.016915555103681208,10.60699477363495,0.6376283137145267,-0.008463957636201072
3467,training,0,0.03409292176365852,0.016915555103681208,10.646943731394217,0.6372851430766269,-0.008946325800365888
3468,training,0,0.04335581697523594,0.019146996782597937,10.686886361675382,0.636962610744703,-0.007274593269310451
3469,training,0,0.04434263519942761,0.019146996782597937,10.726839494523254,0.6366980825601839,-0.006879989105959681
3470,training,0,0.04443937167525292,0.019146996782597937,10.766800434150461,0.6364379118745032,-0.006118977690802461
3471,training,0,0.04495120607316494,0.019146996782597937,10.80680381664066,0.6362363450140339,-0.004227847185310119
3472,training,0,0.030170287936925888,0.019146996782597937,10.84675467663377,0.6360682628809073,-0.004565029194169269
3473,training,0,0.031201001256704324,0.019146996782597937,10.88669842946838,0.6359262773224114,-0.0025260806252812525
3474,training,0,0.03787374310195446,0.031171847109584046,10.926677177857409,0.6358674545416403,-0.0015039383152791502
3475,training,0,0.038864627480506904,0.031171847109584046,10.96665772373108,0.6358183363626339,-0.0008992304846593658
3476,training,0,0.028968978673219688,0.031171847109584046,11.006633562048108,0.6358262599724003,0.0011066885692434776
3477,training,0,0.03557670488953591,0.031171847109584046,11.046605369731257,0.6358837253788819,0.0011685262891075452
3478,training,0,0.026735760271549225,0.031171847109584046,11.086540452435958,0.6359555347052803,0.002354478513557213
3479,training,0,0.028545092791318893,0.031171847109584046,11.126538392090595,0.6360902950159566,0.003784172449152618
3480,training,0,0.0390109047293663,0.040174889781536,11.166516177348553,0.6362491368880963,0.003891785487312687
3481,training,0,0.028202988207340234,0.040174889781536,11.206448380566625,0.636443975346517,0.005558838311398853
3482,training,0,0.03434980660676956,0.040174889781536,11.24645291956722,0.6366897952479385,0.006023853098790559
3483,training,0,0.02795526571571827,0.040174889781536,11.286383947937283,0.63694861379972,0.007032316811158711
3484,training,0,0.024323029443621642,0.040174889781536,11.3263883045819,0.6372732102529514,0.008939148096910831
3485,training,0,0.018451357260346413,0.040174889781536,11.366372606232721,0.6376456117132931,0.009590560099146387
3486,training,0,0.015553539618849754,0.03406106595632968,11.40627284810542,0.638086406559346,0.01230558128674436
3487,training,0,0.011671433225274088,0.03406106595632968,11.446270662998783,0.6386241602833733,0.013677013019577872
3488,training,0,0.013361448422074316,0.03406106595632968,11.486194505759169,0.6391772801220559,0.014396554598182489
3489,training,0,0.00822930596768856,0.03406106595632968,11.5261651020155,0.6397877825401767,0.015850107565878305
3490,training,0,0.005243049934506415,0.03406106595632968,11.566147299340738,0.6404370468119214,0.016202508720837516
3491,training,0,0.014188288711011408,0.03406106595632968,11.606058571371332,0.6411360391267533,0.019366392689798343
3492,training,0,0.02933536283671856,0.03408626662963446,11.646020466476214,0.6420268315174106,0.02475339263355218
3493,training,0,0.024785943911410868,0.03408626662963446,11.685972660222117,0.6431080358909136,0.029488324782416506
3494,training,0,0.025772731751203537,0.03408626662963446,11.725837488306308,0.6444178546956694,0.03593792048290393
3495,training,0,0.021169218234717846,0.03408626662963446,11.765760942819364,0.6459294002983595,0.03875132894795371
3496,training,0,0.028155367821455002,0.03408626662963446,11.805660256048563,0.6475140685908347,0.04088357482040753
3497,training,0,0.0358429029583931,0.03408626662963446,11.845581313965486,0.6492194328811631,0.043894214218774055
3498,training,0,0.02299213595688343,0.02749508792342038,11.88552585639791,0.6509951004795183,0.04466199559121278
3499,training,0,0.006239449605345724,0.02749508792342038,11.925371109066214,0.6528228130849569,0.0466779832609663
3500,training,0,0.014376061968505383,0.02749508792342038,11.96527864939144,0.6547223963807595,0.047833950023928595
3501,training,0,0.007955531124025583,0.02749508792342038,12.005192057745516,0.656711207622583,0.05251991042790304
3502,training,0,0.02364473044872284,0.02749508792342038,12.045049525870564,0.6589170332497079,0.056794568974990634
3503,training,0,0.022149328142404556,0.02749508792342038,12.084993661824972,0.6611110135446294,0.05194433503342886
3504,training,0,0.015579164028167725,0.024759671568372263,12.124889540895486,0.6631100939318234,0.048452872003200656
3505,training,0,0.02295100688934326,0.024759671568372263,12.164845995247536,0.6650043931109503,0.04559349244528528
3506,training,0.012575291,0.05983372777700424,0.024759671568372263,12.204850622379016,0.6667306459969491,0.04063217867735986
3507,training,0.005650976,0.0908089205622673,0.024759671568372263,12.264772655851658,0.6690000119346815,0.03316013998003183
3508,training,0.0054823663,0.0810718834400177,0.024759671568372263,12.304824668912373,0.6701392686189478,0.02344853790302845
3509,training,0.009290593,0.06557792238891125,0.015152028821952006,12.34477608016261,0.6709306737757029,0.016122144036905373
3510,training,0.0057937903,0.07869628071784973,0.015152028821952006,12.404839317693588,0.671631818379681,0.008704412942758722
3511,training,0.010744693,0.08815641328692436,0.015152028821952006,12.46480561602526,0.6720187580361142,0.002265742068268403
3512,training,0.0040235836,0.12623509019613266,0.015152028821952006,12.544735668399088,0.6718021391073232,-0.006327420109727213
3513,training,0.0036706817,0.11610366404056549,0.015152028821952006,12.604899164305492,0.6710437965100469,-0.02121404722410363
3514,training,0.0030803387,0.0598018579185009,0.025957214141618057,12.684936285067348,0.668734765285237,-0.036723059477104185
3515,training,0,0.04027090035378933,0.025957214141618057,12.704938055171613,0.6679592448959791,-0.04028837485555992
3516,training,0,0.03953049331903459,0.025957214141618057,12.724885519573975,0.6671447574069386,-0.04125516805852686
3517,training,0,0.03322537243366243,0.025957214141618057,12.764791780045305,0.6656156504260089,-0.03498982647588618
3518,training,0,0.04604363813996315,0.025957214141618057,12.784798143015587,0.6649517687495732,-0.031661550935074584
3519,training,0,0.04811602085828781,0.025957214141618057,12.824661955301503,0.6637848264207572,-0.02701971199908105
3520,training,0.034969993,0.06457484513521196,0.03686919657021186,12.884596222409701,0.662375316064438,-0.020642002412200093
3521,training,0.010187459,0.06802951358258724,0.03686919657021186,12.924509689305692,0.6615691544331916,-0.02029117594325649
3522,training,0.0051837023,0.09955764189362526,0.03686919657021186,12.964454098485357,0.6607476061709336,-0.022025694916897494
3523,training,0.009213353,0.11655129119753838,0.03686919657021186,13.004575489765845,0.6597374528816902,-0.030031259596196565
3524,training,0.0029276265,0.11414226144552232,0.04574946690394703,13.024576401527836,0.6590732410173012,-0.03598560915748558
3525,training,0.005829529,0.09232613258063793,0.04574946690394703,13.104508874986534,0.6555148331369762,-0.053405264307359174
3526,training,0.0038826517,0.08240042999386786,0.04574946690394703,13.144374938106097,0.6532704291848623,-0.05762390775810075
3527,training,0.010736395,0.07069072127342224,0.04574946690394703,13.184313339889046,0.650981144741101,-0.055362470993117134
3528,training,0.006195744,0.06844217889010906,0.04574946690394703,13.224206315997485,0.6488478825846649,-0.05200920854956656
3529,training,0.0021640281,0.07089783623814583,0.04574946690394703,13.28402102812948,0.6459557188248188,-0.04489425902721618
3530,training,0.0042551053,0.08700196631252766,0.06082075470673434,13.323944032023755,0.6442252552463228,-0.04251970934454774
3531,training,0.00510728,0.07031529024243355,0.06082075470673434,13.383792731796662,0.6417994763414269,-0.0388521313014474
3532,training,0.0021817852,0.07356849871575832,0.06082075470673434,13.42373543139897,0.6402781853854248,-0.03822231133507104
3533,training,0,0.03211182728409767,0.06082075470673434,13.443699539082916,0.639524596434152,-0.03764588706247268
3534,training,0,0.0015667080879211426,0.06082075470673434,13.463608850034982,0.6387976780031098,-0.03497927976722475
3535,training,0,0.021448895335197463,0.06082075470673434,13.483570098303819,0.6381388912960949,-0.030444057060825525
3536,training,0,0.013569734990596771,0.07025689203799897,13.503549447143662,0.6376085479990212,-0.022795252082952456
3537,training,0,0.022613357752561562,0.07025689203799897,13.543347189836092,0.6369976054734501,-0.008071738219742077
3538,training,0,0.0017572510987520183,0.07025689203799897,13.583170054432358,0.6370103246227821,0.008688879190117639
3539,training,0,0.011444144882261753,0.07025689203799897,13.623093068128739,0.6375088837847864,0.014365414585138432
3540,training,0,0.010276505723595623,0.07025689203799897,13.643086918184887,0.6378053027765823,0.015184894936099128
3541,training,0,0.018845755606889725,0.07025689203799897,13.68297223881852,0.6384762816039291,0.0180996450990134
3542,training,0,0.042532797902822495,0.07025689203799897,13.722965317977964,0.6392465428322436,0.01934914004422398
3543,training,0,0.03816608712077141,0.05641608248170246,13.762915667555871,0.6400024181747417,0.017207136450133532
3544,training,0,0.03896353580057621,0.05641608248170246,13.802924688445547,0.6406005000377955,0.012508910115107139
3545,training,0,0.024231435731053352,0.05641608248170246,13.842968534281706,0.6409949677837334,0.006969115023969217
3546,training,0,0.041260236874222755,0.05641608248170246,13.882864288461432,0.6412113275147635,0.00447590783332872
3547,training,0,0.028147542849183083,0.05641608248170246,13.922919808417253,0.6413716751798204,0.0028819966521868383
3548,training,0,0.01707529462873936,0.05641608248170246,13.962906758348161,0.6414258344671121,0.000262855089116124
3549,training,0,0.015403194352984428,0.052009440029058114,14.002841989120965,0.6414514285477709,0.0012322033008365845
3550,training,0,0.0023599117994308506,0.052009440029058114,14.042801101532284,0.6415339831533676,0.0026258759876511143
3551,training,0,0.008464248850941661,0.052009440029058114,14.082753697976765,0.6417060295287789,0.006369325057572441
3552,training,0,0.007173926569521427,0.052009440029058114,14.12272889035846,0.6420666055774807,0.01092463502521565
3553,training,0,0.010048538446426392,0.052009440029058114,14.162683000725472,0.6425419710720446,0.01246619173394976
3554,training,0,0.008347831666469574,0.052009440029058114,14.202570127795775,0.6431011687056196,0.015286108344731939
3555,training,0,0.010200990887824446,0.041971592467874595,14.242563232218982,0.6437608347973475,0.016871682448370142
3556,training,0,0.014306738041341305,0.041971592467874595,14.282484609150677,0.6444558960562682,0.018494578079048692
3557,training,0,0.0167204225435853,0.041971592467874595,14.322437675520364,0.6452619336254459,0.021889822901089855
3558,training,0,0.016687899827957153,0.041971592467874595,14.362404072301766,0.6461845500374032,0.023324662128798072
3559,training,0,0.013782958034425974,0.041971592467874595,14.402281560460104,0.6471608454908856,0.025997788753321413
3560,training,0,0.008386188186705114,0.041971592467874595,14.442248324838264,0.6482660346047399,0.028338100376874086
3561,training,0.0036610751,0.053002988919615746,0.03501678708580506,14.502127665117879,0.6499726610329212,0.02825375707127931
3562,training,0,0.03327220864593983,0.03501678708580506,14.542124390504872,0.651109565623462,0.028412037078516614
3563,training,0,0.03132042847573758,0.03501678708580506,14.582103787861517,0.6522456489316241,0.028666233397596046
3564,training,0,0.031248034909367554,0.03501678708580506,14.601996402370764,0.6528377883952656,0.030218888689498197
3565,training,0,0.019791321828961372,0.03501678708580506,14.64196075528834,0.6540989613201779,0.03226986847994337
3566,training,0,0.02194022387266159,0.03501678708580506,14.681927912203443,0.6553903749767092,0.03209163322941034
3567,training,0,0.01169968023896217,0.034247691460356534,14.72179280651076,0.6567139976706323,0.03425988452748588
3568,training,0,0.024275386705994606,0.034247691460356534,14.7617396030586,0.6581234782360287,0.03547133257518711
3569,training,0,0.014510666020214556,0.034247691460356534,14.801661248156078,0.659556824818465,0.036541955266706984
3570,training,0,0.012396568432450294,0.034247691460356534,14.841601297718958,0.6610553759503844,0.03793594161141958
3571,training,0,0.01666499860584736,0.034247691460356534,14.881555417340788,0.6625681719388664,0.03734804258647085
3572,training,0,0.04884989373385906,0.034247691460356534,14.921430627980289,0.6640842310298539,0.038923478932534186
3573,training,0,0.04738183878362179,0.027442433475561183,14.961375909155763,0.6656807100454757,0.04005084499287135
3574,training,0,0.0396347027271986,0.027442433475561183,15.001349212375096,0.667274947858967,0.039514316048691205
3575,training,0,0.04687287472188473,0.027442433475561183,15.041224687638874,0.6688828832420998,0.04045702696118855
3576,training,0,0.038309855386614806,0.027442433475561183,15.081179390559585,0.6704850148386791,0.03878521204378371
3577,training,0,0.03200010769069195,0.027442433475561183,15.12108406383327,0.6720081274310764,0.03792904826162513
3578,training,0,0.03915698267519474,0.027442433475561183,15.161059023566603,0.6735270429680148,0.0374215862780808
3579,training,0,0.03433888964354992,0.02344971503078961,15.201044354270723,0.674977326035163,0.03492211752134074
3580,training,0,0.0334384273737669,0.02344971503078961,15.24091657844919,0.6763719479298484,0.034691015972357575
3581,training,0,0.03791254200041294,0.02344971503078961,15.280897705573729,0.6777411125772431,0.032776355649189515
3582,training,0,0.021432901732623577,0.02344971503078961,15.320817974748568,0.6789992168192616,0.03092662321688724
3583,training,0,0.027977479621767998,0.02344971503078961,15.36080281999651,0.6802273486787895,0.030259285057575788
3584,training,0,0.018248905427753925,0.02344971503078961,15.400791825324514,0.6814016059612072,0.027966909551198998
3585,training,0,0.0290276650339365,0.020273022848060675,15.440671769824686,0.6825107570903142,0.027623016710769825
3586,training,0,0.029678853228688244,0.020273022848060675,15.480678908134038,0.6836103644223013,0.02648749780277123
3587,training,0,0.01815156638622284,0.020273022848060675,15.520646404675139,0.6846177183463246,0.024138150558087497
3588,training,0,0.025825465098023415,0.020273022848060675,15.56058232456677,0.685575728439062,0.023481824582991726
3589,training,0,0.018854469992220402,0.020273022848060675,15.600586566012172,0.6864847582526138,0.021300953647105516
3590,training,0,0.013700602576136589,0.014910530032470283,15.640483182110982,0.6873141914493206,0.02056178702697504
3591,training,0,0.018585494719445705,0.014910530032470283,15.680505184446938,0.6881378821652316,0.020121955719049994
3592,training,0,0.01765478402376175,0.014910530032470283,15.72049900602986,0.6889018914068438,0.018100704340907037
3593,training,0,0.015088850632309914,0.014910530032470283,15.760382333863172,0.6896400441850159,0.01832680305653184
3594,training,0,0.01900400873273611,0.014910530032470283,15.800401150761399,0.6903612137596318,0.01688550227888264
3595,training,0,0.00964751048013568,0.014910530032470283,15.840311069908369,0.6910092063404921,0.01611857672751534
3596,training,0,0.013017691671848297,0.009708089155647725,15.880311220556726,0.6916634277592862,0.016362019867697333
3597,training,0,0.016308079473674297,0.009708089155647725,15.920315403351761,0.6922965184860126,0.01482391352384927
3598,training,0,0.0031555797904729843,0.009708089155647725,15.960186672801287,0.6929020854642527,0.01543306712661869
3599,training,0,0.0043424684554338455,0.009708089155647725,16.00021617098428,0.6935320976055961,0.01521266277159028
3600,training,0,0.002192193642258644,0.009708089155647725,16.040148442086362,0.6941114630775268,0.01422546332362721
3601,training,0,0.0007849130779504776,0.008468153960623833,16.080116102537186,0.6946913137940637,0.014590713572672533
3602,training,0,0.00044738128781318665,0.008468153960623833,16.12012779744764,0.6952678100532116,0.013595101675135631
3603,training,0,0.0005520451813936234,0.008468153960623833,16.160008975508944,0.6958190987609802,0.014186579895764518
3604,training,0,0.00398230878636241,0.008468153960623833,16.2000359639389,0.6964080801528694,0.014712768425804596
3605,training,0,0.0021495260298252106,0.008468153960623833,16.240018966599983,0.6969752869915566,0.013575369006683066
3606,training,0,0.0023798728361725816,0.008468153960623833,16.279907450715378,0.6975453638887124,0.014518333103855108
3607,training,0,0.0001231274800375104,0.006368144680138566,16.31992750158604,0.6981283912817543,0.013810630767914733
3608,training,0.0087402975,0.0511704571545124,0.006368144680138566,16.37980872814018,0.6989552992103305,0.014403203782929329
3609,training,0,0.030531039461493492,0.006368144680138566,16.419839168484934,0.6995342606534248,0.013473196347049014
3610,training,0,0.02504345960915088,0.006368144680138566,16.459756211493808,0.7000052584948501,0.009949937858466476
3611,training,0,0.014225427061319351,0.006368144680138566,16.47974079504084,0.7001893803015015,0.00833744526806612
3612,training,0,0.015324244741350412,0.006368144680138566,16.519819837625587,0.7004556782718523,0.0042248087247716915
3613,training,0,0.012873919680714607,0.01015488310616534,16.55975437400581,0.7005224582030571,-0.00017920410832234602
3614,training,0,0.011479634325951338,0.01015488310616534,16.599772591477766,0.700459632131449,-0.0031219443335605136
3615,training,0,0.01500826328992844,0.01015488310616534,16.639833798150004,0.7002585464971092,-0.007412304413345085
3616,training,0,0.02366633154451847,0.01015488310616534,16.679732796392663,0.6999125836514329,-0.009931791906209693
3617,training,0,0.003912770189344885,0.01015488310616534,16.71978727910674,0.6994766977272041,-0.012151903549798093
3618,training,0,0.0066090300679206865,0.01015488310616534,16.759770494791873,0.6989308631162428,-0.015197789403273263
3619,training,0,0.023975888267159462,0.004235276609977053,16.79972319236915,0.6983163576246539,-0.015517001236159374
3620,training,0,0.019421610049903393,0.004235276609977053,16.839687683114388,0.6976869509871639,-0.016898618416696362
3621,training,0,0.026404699310660362,0.004235276609977053,16.879616800963266,0.6970090547972922,-0.01679746623943673
3622,training,0,0.02023076452314854,0.004235276609977053,16.919638548299623,0.6963701943221499,-0.01531848153227027
3623,training,0,0.027956025674939156,0.004235276609977053,16.959558673698528,0.6957551251857094,-0.016016975714217216
3624,training,0,0.019598269835114483,0.003527258682778361,16.999479711731176,0.6951456643053516,-0.01451893863390267
3625,training,0,0.03242218308150768,0.003527258682778361,17.03945198949201,0.6945950884400558,-0.014234736216140348
3626,training,0,0.02805761806666851,0.003527258682778361,17.07940630498286,0.6940278946831369,-0.014227775419719783
3627,training,0,0.019946279004216198,0.003527258682778361,17.119396301443288,0.6934896675357523,-0.012891192200343978
3628,training,0,0.03171687386929989,0.003527258682778361,17.159337758447695,0.6929708544716775,-0.013788561582542781
3629,training,0,0.019365845248103142,0.003527258682778361,17.199261246088074,0.6924371496810857,-0.012997156581903915
3630,training,0,0.021659843623638153,0.004833651960250044,17.23927244158147,0.6919434749173594,-0.012582405132393264
3631,training,0,0.014072086662054062,0.004833651960250044,17.279219336062017,0.6914215834069336,-0.013628024711090123
3632,training,0,0.019176552072167393,0.004833651960250044,17.319173352992863,0.6908990239505499,-0.012732409568261115
3633,training,0,0.02595748007297516,0.004833651960250044,17.359143801744054,0.6903908773766148,-0.013691231430285694
3634,training,0,0.022768480703234673,0.004833651960250044,17.39907943680439,0.6898408018542234,-0.013690697794071234
3635,training,0,0.020986447110772133,0.004833651960250044,17.43910598388216,0.6893179554068739,-0.012783991325039663
3636,training,0,0.01894647255539894,0.014486239512764341,17.47903314031565,0.688787820997631,-0.014184976898279689
3637,training,0,0.01881895773112774,0.014486239512764341,17.518963369968837,0.6882390704134337,-0.013238037955150973
3638,training,0,0.017014574259519577,0.014486239512764341,17.55893419195964,0.6877288600830628,-0.013504380820751411
3639,training,0,0.013564672321081161,0.014486239512764341,17.59888887398313,0.6871835812729398,-0.01374563075278421
3640,training,0,0.021321112290024757,0.014486239512764341,17.638885994505713,0.6866619737211461,-0.012503181675042654
3641,training,0,0.01253030076622963,0.014486239512764341,17.678820236819696,0.6861565171738971,-0.013418572975763068
3642,training,0,0.02084469608962536,0.005690797869269309,17.71874579835456,0.685640711891984,-0.012499155956049487
3643,training,0,0.017489701509475708,0.005690797869269309,17.758737144157298,0.6851685996834285,-0.012080828790470014
3644,training,0,0.013790678232908249,0.005690797869269309,17.798692652725837,0.6846773393207872,-0.012624581334213687
3645,training,0,0.022713692858815193,0.005690797869269309,17.83865370089882,0.6842015917326052,-0.01134576596078262
3646,training,0,0.016009721904993057,0.005690797869269309,17.878608145521074,0.6837543120041328,-0.011957292493480615
3647,training,0,0.019087267108261585,0.005690797869269309,17.918542395074436,0.6832877950903359,-0.011258782721553121
3648,training,0,0.02148459479212761,0.012379529962151048,17.95856488665722,0.6828739432108502,-0.009984753166581718
3649,training,0,0.016064178198575974,0.012379529962151048,17.99850236046204,0.6824601960024917,-0.011044448105775557
3650,training,0,0.01929644681513309,0.012379529962151048,18.038439091400704,0.6820409512845417,-0.010011797407595762
3651,training,0,0.017724808305501938,0.012379529962151048,18.078426448656067,0.6816563515209089,-0.010318437688168059
3652,training,0,0.011860422790050505,0.012379529962151048,18.118385790657683,0.6812362920785052,-0.010530578646769114
3653,training,0,0.008635733276605606,0.012379529962151048,18.15838874865988,0.6808433809046615,-0.009398017108121161
3654,training,0,0.015285260044038294,0.0012105654765329841,18.19834539625564,0.6804557726970656,-0.010565929744149395
3655,training,0,0.01854833774268627,0.0012105654765329841,18.238279572480618,0.680046577326438,-0.010081988284121763
3656,training,0,0.006573911756277084,0.0012105654765329841,18.27827406150155,0.6796570141611279,-0.010441429716449239
3657,training,0,0.012364890426397324,0.0012105654765329841,18.318255631092935,0.6792186596388398,-0.011667841547561765
3658,training,0,0.004461801610887051,0.0012105654765329841,18.35823184580289,0.6787617684903027,-0.011437133143236768
3659,training,0,0.0012799208052456388,0.0012105654765329841,18.39821731610792,0.6782850703545805,-0.013316832977720607
3660,training,0,0.002721432130783797,0.011091786855288957,18.438158653123107,0.6777337036514982,-0.014158873876648482
3661,training,0,0.006169367581605911,0.011091786855288957,18.47818984755385,0.6771713533054997,-0.014616428770100517
3662,training,0,0.0014006160199642181,0.011091786855288957,18.518147677751752,0.6765433075799014,-0.016906988043674343
3663,training,0,0.003069099970161915,0.011091786855288957,18.55808936224393,0.6758680787821467,-0.017274274256210344
3664,training,0,0.011721411719918251,0.011091786855288957,18.598093376626466,0.6751512210769031,-0.01970442026184506
3665,training,0,0.012698518112301826,0.011091786855288957,18.638045065922757,0.6743088033125998,-0.022341213511111072
3666,training,0,0.014469848945736885,0.008461104633818422,18.678069940960228,0.673386007710718,-0.02409532250748778
3667,training,0,0.011462187394499779,0.008461104633818422,18.718017465984232,0.6723472795726145,-0.02838731995452267
3668,training,0,0.025096439756453037,0.008461104633818422,18.75793882802051,0.6711699216818441,-0.03057420058391009
3669,training,0,0.0286408495157957,0.008461104633818422,18.7979398032824,0.6699144641808774,-0.033187933645627506
3670,training,0,0.0032854825258255005,0.008461104633818422,18.837871601645283,0.6685280924090293,-0.0360284339048465
3671,training,0,0.004110747482627629,0.008461104633818422,18.8778377112845,0.6670770219535066,-0.0365798123573628
3672,training,0,0.0360783115029335,0.01764232882322378,18.91777178824187,0.6655952700491186,-0.03817356437868239
3673,training,0,0.013126062229275703,0.01764232882322378,18.957651662190052,0.6640937628829667,-0.0368407084346355
3674,training,0,0.015427006408572197,0.01764232882322378,18.997669089776533,0.6626731916194235,-0.034299496815772594
3675,training,0,0.039610061794519424,0.01764232882322378,19.0375482659844,0.6613281056552865,-0.03302205288160483
3676,training,0,0.03659825213253498,0.01764232882322378,19.077448340719297,0.660090890636151,-0.02898142231581609
3677,training,0.004232156,0.05127965658903121,0.01764232882322378,19.137364980611547,0.6584863274756444,-0.025451883509878884
3678,training,0,0.020911570638418198,0.0019339436849520625,19.17726848819406,0.6575425750461126,-0.022045373840175783
3679,training,0,0.005931696854531765,0.0019339436849520625,19.217231840800025,0.6566675946880177,-0.023188187635045175
3680,training,0,0.029493000358343124,0.0019339436849520625,19.237225711461758,0.6561975650745623,-0.02412213714587307
3681,training,0,0.01703585311770439,0.0019339436849520625,19.27714832819309,0.6552373387703332,-0.024009045395605368
3682,training,0,0.022937221452593796,0.0019339436849520625,19.317114821620546,0.6542788750672974,-0.025399576180105632
3683,training,0,0.006567139178514484,0.0019339436849520625,19.35707092603804,0.6532212761695706,-0.02764756511654282
3684,training,0,0.0449533686041832,0.01115456093381637,19.397061671351704,0.6520925587318241,-0.02928540910404434
3685,training,0.0037724646,0.05521585606038571,0.01115456093381637,19.456973321435832,0.650169368403399,-0.035088763526149196
3686,training,0.0021071923,0.06514696404337883,0.01115456093381637,19.49694126067591,0.6487197633872611,-0.037769816764918196
3687,training,0.0026285728,0.06355392932891846,0.01115456093381637,19.536901477929018,0.6471345112916691,-0.042423878510826914
3688,training,0,0.045555301010608666,0.01115456093381637,19.576803646867717,0.6454092833474552,-0.04323832945345969
3689,training,0,0.016501909587532282,0.01115456093381637,19.596785832066374,0.6445595373851193,-0.04154343334617388
3690,training,0,0.018893649335950613,0.011183296185338705,19.636731446668293,0.6429605007491631,-0.03965057684462961
3691,training,0,0.0017831348814070233,0.011183296185338705,19.676610877567402,0.6414226322391877,-0.037190251005000036
3692,training,0,0.00935681164264679,0.011183296185338705,19.716611636385895,0.6399859997115245,-0.03577303488664299
3693,training,0,0.018697934807278216,0.011183296185338705,19.756533066995253,0.6384998154119504,-0.039753163757062934
3694,training,0,0.023731372319161892,0.011183296185338705,19.79644185473207,0.6368526744176466,-0.042913973158828216
3695,training,0,0.002341681625694037,0.011183296185338705,19.836433174499525,0.6350714569939799,-0.04690668686536199
3696,training,0,0.027961844578385353,0.013101687627277637,19.876335437883895,0.6331409908347909,-0.04903352807988328
3697,training,0,0.010529816150665283,0.013101687627277637,19.916289858614267,0.6312028776935333,-0.04813965699724932
3698,training,0,0.03829736448824406,0.013101687627277637,19.956207270096773,0.6292697280766949,-0.04942069404215599
3699,training,0.0051172073,0.05101044103503227,0.013101687627277637,20.036110258416162,0.625175882937958,-0.054589421785594415
3700,training,0,0.010416150093078613,0.013101687627277637,20.056025803772314,0.6240609332319282,-0.05733087318121131
3701,training,0,0.01862436905503273,0.013101687627277637,20.095865188747254,0.6217447366582298,-0.05789487333587223
3702,training,0,0.04873134195804596,0.02791000214778664,20.1358634482909,0.619443579605913,-0.0576871063898298
3703,training,0.002338353,0.05865834653377533,0.02791000214778664,20.17576889996379,0.6170324790250968,-0.06357398468245491
3704,training,0.0020579565,0.06088348664343357,0.02791000214778664,20.2156506780562,0.614398622204994,-0.0686754977566659
3705,training,0,0.03957930952310562,0.02791000214778664,20.25562758748246,0.6115283516627793,-0.075887219463531
3706,training,0.0103415605,0.05107581242918968,0.02791000214778664,20.315367436591362,0.6066479663338608,-0.08719549788096691
3707,training,0.006268779,0.06089417263865471,0.043236567417718606,20.35535636371689,0.6030044292402744,-0.09514674979361698
3708,training,0.010915275,0.06542852520942688,0.043236567417718606,20.395064622391057,0.599041632514983,-0.10381674093911443
3709,training,0.0073653846,0.060070402920246124,0.043236567417718606,20.43489933691411,0.5947460508615746,-0.11072499911561783
3710,training,0,0.017892288044095046,0.043236567417718606,20.454867981484025,0.5924931965193164,-0.11375034456564925
3711,training,0,0.022685697302222252,0.043236567417718606,20.494415303885855,0.5879678473045951,-0.1127927412018666
3712,training,0,0.022419154644012444,0.043236567417718606,20.534141100707668,0.5835840242237962,-0.10697142009615211
3713,training,0,0.023533044382929802,0.043236567417718606,20.554098233362822,0.5814650794132421,-0.10407063753586655
3714,training,0,0.028198136016726494,0.05578045760018135,20.593744984826724,0.5774320056490267,-0.09878583808485646
3715,training,0,0.049407677724957466,0.05578045760018135,20.633496830268324,0.5736226797288746,-0.09244691515589239
3716,training,0.0046595256,0.061531575396657,0.05578045760018135,20.69320849864348,0.56821950990801,-0.08984516033472745
3717,training,0,0.04787847027182579,0.05578045760018135,20.732991860391653,0.5646743628848773,-0.08808155891356295
3718,training,0.00850358,0.05622468702495098,0.05578045760018135,20.772875563969404,0.561211638362376,-0.08550044699027651
3719,training,0.014597615,0.05754847452044487,0.044088984580848575,20.812589919434423,0.5578879699512607,-0.0814288252670893
3720,training,0.0016530887,0.09072105400264262,0.044088984580848575,20.85249690081439,0.554721212250549,-0.07780587071309313
3721,training,0.009945413,0.06487899273633957,0.044088984580848575,20.912229995005696,0.5499902138721048,-0.08144199446032614
3722,training,0,0.031992506235837936,0.044088984580848575,20.932139618747946,0.5483645993001788,-0.0803920129372309
3723,training,0,0.032720729708671584,0.044088984580848575,20.97204121857957,0.5453200757418731,-0.07069684754496
3724,training,0,0.04484989494085312,0.044088984580848575,21.011767734094413,0.5427457806176278,-0.058375273417431824
3725,training,0.005601319,0.07322176918387414,0.044088984580848575,21.05164255156693,0.5406394211737763,-0.047435012971222594
3726,training,0,0.008248977363109589,0.05290181572658619,21.09152270658233,0.5389139236898733,-0.0404461443643649
3727,training,0,0.013474836945533752,0.05290181572658619,21.131359714656146,0.5374990933039435,-0.029327778871081563
3728,training,0,0.025519587099552155,0.05290181572658619,21.171266533570986,0.5365934365147419,-0.016780638659147078
3729,training,0,0.03338782303035259,0.05290181572658619,21.19120578384663,0.5362925919345677,-0.013786399332265746
3730,training,0,0.02050375193357467,0.05290181572658619,21.231122665970112,0.5358672276940076,-0.00836013365580795
3731,training,0,0.016570851206779487,0.05290181572658619,21.271082681553843,0.5356262586431041,-0.004056303859217664
3732,training,0,0.03939132578670979,0.05513647634288167,21.310996992551782,0.5355405701271875,0.00011589944070073499
3733,training,0,0.044046904891729355,0.05513647634288167,21.35092591226489,0.5356705761182378,0.00472719586526616
3734,training,0,0.04831476882100106,0.05513647634288167,21.39096555438538,0.5358416385665231,0.0023260844478089258
3735,training,0,0.04927581548690795,0.05513647634288167,21.430911474895005,0.5358677114054898,-0.0003508212339067392
3736,training,0,0.040344186127185815,0.05513647634288167,21.470931281904704,0.5358363294416072,-0.001253986144101431
3737,training,0,0.04227538779377937,0.05513647634288167,21.510945239363718,0.5357491545420053,-0.0033233702214369846
3738,training,0.0044076773,0.058687953278422356,0.053480940815980094,21.570885243936637,0.535589466889913,-0.0015770038459044428
3739,training,0,0.043532894924283014,0.053480940815980094,21.610835016202003,0.5355383989202345,-0.001512342855226202
3740,training,0,0.028156086802482605,0.053480940815980094,21.65079983633632,0.5355436025625392,0.0027165940060771736
3741,training,0,0.026628728955984116,0.053480940815980094,21.690678277497625,0.5357991464455601,0.009028842487048137
3742,training,0,0.003673892468214042,0.053480940815980094,21.710647204917823,0.5360079766145585,0.011993491718668849
3743,training,0,0.004421398043632514,0.053480940815980094,21.75057797748286,0.5366453127920499,0.02059773258514986
3744,training,0,0.0015655383467674325,0.05242749045892355,21.790411401538947,0.5376917967210888,0.030914602190345843
3745,training,0.0025304346,0.06482100486755371,0.05242749045892355,21.850261293706325,0.5399651017859048,0.04542437342697083
3746,training,0.011345951,0.060483867302536964,0.05242749045892355,21.890098247340802,0.5419844158177728,0.054746001507032405
3747,training,0.00895486,0.07643354684114455,0.05242749045892355,21.949914647339888,0.5454827971468087,0.06147075512885005
3748,training,0.00524162,0.08617684990167618,0.05242749045892355,21.98976765182776,0.5479579231243153,0.06116705402298208
3749,training,0.0026025567,0.06827622465789318,0.025391211832923418,22.029732240969725,0.5502938933069006,0.054252339612158966
3750,training,0,0.0397244729101658,0.025391211832923418,22.069669538560444,0.5523571377080797,0.050110309279372225
3751,training,0,0.036068156361579895,0.025391211832923418,22.089620970920954,0.5533746951961508,0.05210677934114599
3752,training,0,0.014749735593795776,0.025391211832923418,22.12948516392728,0.5555450255477475,0.05702170383416399
3753,training,0,0.022280331701040275,0.025391211832923418,22.169323890418333,0.5579691129486795,0.06524865391131901
3754,training,0,0.020390361547470093,0.025391211832923418,22.209099231603354,0.56073670865714,0.07239300916922635
3755,training,0,0.02689499966800212,0.025391211832923418,22.22903191831103,0.5621997125908675,0.07383899098124648
3756,training,0,0.028759721666574478,0.03106627422928252,22.268860534448436,0.5652069860945373,0.07722339968860671
3757,training,0.003551481,0.05746292322874069,0.03106627422928252,22.3285578943563,0.5699343491464341,0.07962064460133629
3758,training,0,0.016282362863421437,0.03106627422928252,22.368410729457516,0.5731435779864361,0.08187854105113154
3759,training,0,0.0003094747662544233,0.03106627422928252,22.40817018461563,0.5764838729948693,0.0848644370936743
3760,training,0,0.007545895874500275,0.03106627422928252,22.428064519117733,0.5781848072320251,0.08552440358385262
3761,training,0,0.0040560513734817505,0.03106627422928252,22.467937357453902,0.5816350073131666,0.08739387494814119
3762,training,0,0.007436803542077541,0.049287972404506816,22.50766207670641,0.5851786585221366,0.08932997438018508
3763,training,0,0.0022375285625457764,0.049287972404506816,22.547489951621284,0.5887498073906003,0.0891780963035705
3764,training,0,0.0012388303875923157,0.049287972404506816,22.58729042901162,0.5923313242910988,0.09067729881792634
3765,training,0,0.010323919355869291,0.049287972404506816,22.62702036165283,0.5959639484169269,0.09067132703197558
3766,training,0,0.02608928270637989,0.049287972404506816,22.66692710850727,0.5995746635879105,0.089821828259717
3767,training,0,0.01469904650002718,0.049287972404506816,22.70665001400156,0.6031874217873131,0.09046809490399188
3768,training,0,0.01956834737211466,0.04847912707174488,22.746445324962114,0.606765468950352,0.08843485732588488
3769,training,0,0.010828334838151932,0.04847912707174488,22.786286620506054,0.6102752967282805,0.08781164410344693
3770,training,0,0.009813339915126562,0.04847912707174488,22.826046691254987,0.6137712925331621,0.08645729821575945
3771,training,0,0.00983384810388088,0.04847912707174488,22.86595851591221,0.6171729011776554,0.08339946319703875
3772,training,0,0.006885988637804985,0.04847912707174488,22.90575588593891,0.6204755449422052,0.08166414505425487
3773,training,0,0.009410073980689052,0.04847912707174488,22.945581316906647,0.6236497036383377,0.07651428795803283
3774,training,0,0.015369614586234093,0.041808194409342844,22.98549816613493,0.6265974202501698,0.07122314097228045
3775,training,0,0.010344201698899273,0.041808194409342844,23.025393641268302,0.6293464642345874,0.06564485828766321
3776,training,0,0.019751892425119877,0.041808194409342844,23.06536699231405,0.6318290778269752,0.058266527253892246
3777,training,0,0.01700746826827526,0.041808194409342844,23.105272171100022,0.6340519574208459,0.05306381396886477
3778,training,0,0.01955356914550066,0.041808194409342844,23.145225752935076,0.6360542930148052,0.0463416411578351
3779,training,0,0.021882780827581882,0.041808194409342844,23.1852112376285,0.6377605296798288,0.03955288122338606
3780,training,0,0.023504619020968676,0.03703160013734075,23.22519829461723,0.6392428610248193,0.034304531613121886
3781,training,0,0.012081027496606112,0.03703160013734075,23.265206117260096,0.6404876745206469,0.027799009003572406
3782,training,0,0.009827160276472569,0.03703160013734075,23.305131948988276,0.6415199668589529,0.02434695986957087
3783,training,0,0.005834715440869331,0.03703160013734075,23.34514220028089,0.6424437202580764,0.021289194493504155
3784,training,0,0.0006180871278047562,0.03703160013734075,23.385140624251417,0.643226474168602,0.018510487852407168
3785,training,0,0.0011070906184613705,0.03703160013734075,23.425053558287257,0.6439836565013259,0.019267145795098656
3786,training,0,0.00016336515545845032,0.040717154582500865,23.465038636902513,0.6447586930397591,0.018697580828107498
3787,training,0,0.004614535719156265,0.040717154582500865,23.50494575217057,0.6455080116460787,0.019180551373850087
3788,training,0,0.004898824961856008,0.040717154582500865,23.544935866038948,0.6463068835414928,0.02042526551933339
3789,training,0,0.01073633786290884,0.040717154582500865,23.58491978687242,0.6471229703060495,0.020230039861259805
3790,training,0,0.004529722442384809,0.040717154582500865,23.624795733485414,0.6479732243281573,0.021966921754301812
3791,training,0,0.004513885360211134,0.040717154582500865,23.664780527169082,0.6488648249323808,0.02145784108793717
3792,training,0,0.0034329029731452465,0.04085325281563533,23.704707668183733,0.6496924617686447,0.02053791064583652
3793,training,0,0.010052911005914211,0.04085325281563533,23.744695003313648,0.6505252296339474,0.020924350163647503
3794,training,0,0.016640680842101574,0.04085325281563533,23.804609065182017,0.651762986892332,0.021079816402835645
3795,training,0,0.015302653424441814,0.04085325281563533,23.824556241673392,0.6521981035919655,0.022397911804404005
3796,training,0,0.010127874091267586,0.04085325281563533,23.864536265783684,0.6531425040206694,0.02383771818077503
3797,training,0,0.008709864225238562,0.04085325281563533,23.904503499376165,0.6540964893794879,0.023988417522393404
3798,training,0,0.01692075468599796,0.037315993938610965,23.94441260043823,0.655096027917879,0.02565110258620428
3799,training,0,0.019390249624848366,0.037315993938610965,23.98438606102861,0.6561260179994336,0.02503758868210348
3800,training,0,0.018761646933853626,0.037315993938610965,24.02430307223779,0.6571333286057807,0.025987902750195666
3801,training,0,0.02779458835721016,0.037315993938610965,24.06427412201408,0.6582151517109048,0.02740097952632073
3802,training,0,0.03219389542937279,0.037315993938610965,24.104261133669905,0.6593051386193427,0.027010463729051096
3803,training,0,0.028174877166748047,0.037315993938610965,24.144127580500612,0.6604312076380762,0.029294913698732945
3804,training,0,0.02941194735467434,0.03822930217458425,24.184093058519718,0.6616293779187395,0.029462048746201588
3805,training,0,0.01754372380673885,0.03822930217458425,24.224009353219945,0.6627981740072795,0.02959874616072494
3806,training,0,0.01994965970516205,0.03822930217458425,24.263992673055593,0.6639925635019932,0.029018304376342046
3807,training,0,0.019371362403035164,0.03822930217458425,24.303991501892515,0.6650848520953441,0.025268207297739424
3808,training,0,0.025690995156764988,0.03822930217458425,24.34387945309429,0.6660639297632318,0.02396921433953803
3809,training,0,0.03907785564661026,0.03822930217458425,24.383874697048064,0.6670102213412733,0.022855131116060433
3810,training,0.004203693,0.06055375188589096,0.03200333082060998,24.44375743166158,0.6683792594698613,0.024282537990754336
3811,training,0.0035193423,0.05587165802717209,0.03200333082060998,24.48372403358853,0.6694133089396151,0.026871317374582825
3812,training,0.0061477916,0.08944205194711685,0.03200333082060998,24.523677430307075,0.6705600764486885,0.031319178423899745
3813,training,0.004815936,0.08247010409832001,0.03200333082060998,24.563521066678657,0.6719949975601957,0.04160960885724686
3814,training,0.004264212,0.06103606894612313,0.03200333082060998,24.603370199953098,0.6738439620090553,0.04976509405714183
3815,training,0.006735262,0.07172136567533016,0.03671965397707732,24.643164851652212,0.6759628139515131,0.056472976316752355
3816,training,0,0.004260381683707237,0.03671965397707732,24.68303369622703,0.6783030914027205,0.05917963072310853
3817,training,0,0.017081033438444138,0.03671965397707732,24.722986942924265,0.680629723390343,0.056284051712963266
3818,training,0.0019110272,0.051863109692931175,0.03671965397707732,24.762859164962716,0.682883854061983,0.057471496428848225
3819,training,0,0.016054950654506683,0.03671965397707732,24.802657281349763,0.6852488091896135,0.0613989311979835
3820,training,0.002037568,0.053827814757823944,0.03671965397707732,24.842532867760667,0.6878639142990723,0.07029348747197402
3821,training,0.009507149,0.05382844433188439,0.03671965397707732,24.88223881611896,0.6909487518351919,0.08505003785549194
3822,training,0.0065162657,0.11614368110895157,0.04257704985384127,24.94177466501601,0.6967877034954933,0.1125526041245789
3823,training,0.0019430369,0.1665473524481058,0.04257704985384127,24.981119762831018,0.7017665502456626,0.14185619482375134
3824,training,0.0034962357,0.1574074774980545,0.04257704985384127,25.039819887666468,0.7117425394801205,0.19627983205395452
3825,training,0.004574041,0.15761420875787735,0.04257704985384127,25.078651712657017,0.7202089968588046,0.23523358915626444
3826,training,0.059148446,0.1828186959028244,0.04257704985384127,25.116927761950436,0.7301721104180515,0.27395985621047136
3827,training,0.011317675,0.2526894137263298,0.07891985172347823,25.17375260025293,0.7480593835292193,0.33765625722692894
3828,training,0.006727036,0.3092257156968117,0.07891985172347823,25.210607294643065,0.7620718741490253,0.3912488085231877
3829,training,0.014369849,0.23308084532618523,0.07891985172347823,25.246746958446828,0.7781388625452224,0.443145864130317
3830,training,0.003505351,0.23761501908302307,0.07891985172347823,25.282280132792913,0.79592050223946,0.48303224818025664
3831,training,0.0015083537,0.1909925937652588,0.14493675047295865,25.31700086521445,0.8149194263408469,0.516243972008429
3832,training,0.008430797,0.17253517359495163,0.14493675047295865,25.351485901037822,0.8348385553832068,0.5188942265692233
3833,training,0.018461123,0.20778699964284897,0.14493675047295865,25.404104691816638,0.8640312919492954,0.49697960011696
3834,training,0.003045878,0.12580018490552902,0.14493675047295865,25.43940473672478,0.8828128573993455,0.4796087919789518
3835,training,0.019958343,0.061986215412616744,0.14493675047295865,25.47511585532298,0.9010819191917316,0.4683465000191177
3836,training,0.0006369948,0.07655673287808894,0.14493675047295865,25.510481612093436,0.9192715391364544,0.4853120866479077
3837,training,0.004456126,0.07814512401819229,0.18054233329870167,25.545546241514025,0.9382015952738438,0.5041410305793216
3838,training,0,0.02080189809203148,0.18054233329870167,25.56302204036292,0.9479576172210579,0.5149014396827761
3839,training,0,0.04335023462772371,0.18054233329870167,25.58024558243578,0.9578281677917906,0.5260261236991152
3840,training,0.004157421,0.09185821563005447,0.18054233329870167,25.614371398919015,0.978077793516946,0.5458822292801319
3841,training,0,0.03665757179260254,0.18054233329870167,25.631326265170557,0.9885220199326407,0.5596663364000065
3842,training,0,0.04749506711959839,0.18054233329870167,25.64818012963085,0.9992605569520544,0.5742956402979807
3843,training,0.0021444696,0.1124655157327652,0.18054233329870167,25.681323969110085,1.0212538409713252,0.5987940652605518
3844,training,0.0039972393,0.23285394161939627,0.18054233329870167,25.713772195245813,1.0440748689309345,0.63003985939115
3845,training,0.0077922787,0.20306503027677533,0.18487342255680703,25.74536313638783,1.0680620203692657,0.673724561439984
3846,training,0.008332856,0.17608077079057693,0.18487342255680703,25.775475033414864,1.093395001996834,0.7241239509289197
3847,training,0.008143574,0.09794646501541138,0.18487342255680703,25.80447611760007,1.1203133016118902,0.7714901377550957
3848,training,0.010291032,0.05101361870765686,0.18487342255680703,25.832237087815678,1.148524473869466,0.8152445437296605
3849,training,0,0.02791236340999606,0.18487342255680703,25.858854311902515,1.1779810848969021,0.856106973399152
3850,training,0,0.04904162883758545,0.19080581531067076,25.871681837397418,1.1930507732110673,0.8741664075713732
3851,training,0.0028188603,0.13630153983831406,0.19080581531067076,25.90872656267636,1.2397332928430413,0.9260398648018789
3852,training,0.0014649153,0.07623833417892456,0.19080581531067076,25.931844680590675,1.2719319207140474,0.9734140764891049
3853,training,0.004454101,0.12319111824035645,0.19080581531067076,25.953381196339503,1.305105825896328,1.0139779380006733
3854,training,0.0028598884,0.07703113555908203,0.19080581531067076,25.973620820351336,1.3392400642868603,1.0575722687325253
3855,training,0,0.040202341973781586,0.1840939542650263,25.992421277877366,1.3741347799589425,1.0935483347959862
3856,training,0,0.017930015921592685,0.1840939542650263,26.001400790374408,1.391837600291426,1.1088909654820185
3857,training,0,0.03115955740213394,0.1840939542650263,26.01860746749692,1.4276546578490632,1.1355815436142074
3858,training,0,0.02362477034330368,0.1840939542650263,26.034953995501176,1.4640091475958539,1.1616816913369972
3859,training,0,0.015585929155349718,0.1840939542650263,26.05020723720746,1.500658017177804,1.1892463169061416
3860,training,0,0.03959428519010541,0.1840939542650263,26.06459591981199,1.5376849620393278,1.210763810874655
3861,training,0,0.02128230780363083,0.12953302544627343,26.0782491018725,1.575211878767071,1.2347619678237791
3862,training,0,0.030266888439655304,0.12953302544627343,26.090843585852806,1.6128183760401662,1.2579723681368182
3863,training,0,0.017482571303844452,0.12953302544627343,26.102737610531513,1.6508976597727727,1.2784659321791847
3864,training,0,0.04476974159479141,0.12953302544627343,26.11387026821833,1.6892527450874386,1.2986330481152215
3865,training,0,0.030925109982490567,0.12953302544627343,26.124141489321065,1.7275830378137744,1.3211500098357731
3866,training,0,0.007662959396839114,0.12953302544627343,26.133495362218273,1.7664239857210684,1.347820733026037
3867,training,0,0.011056512594223022,0.07622105132357598,26.141803250700338,1.805255372355746,1.3726797797825245
3868,training,0,0.0053522586822509766,0.07622105132357598,26.149099832632295,1.8443352806185898,1.4007248504791745
3869,training,0,0.02172371745109558,0.07622105132357598,26.155275296589526,1.8836438483797036,1.428263325301098
3870,training,0,0.03701961785554886,0.07622105132357598,26.160386400790557,1.923047821110403,1.455044730833871
3871,training,0.006061648,0.053255803883075714,0.07622105132357598,26.165976180130055,1.9823231574046913,1.4990447925773573
3872,training,0,0.020483024418354034,0.07622105132357598,26.167260697796863,2.0022064206512797,1.5136600085428098
3873,training,0,0.020091354846954346,0.06209309843227688,26.16895213835543,2.041972875608164,1.5411454215410565
3874,training,0,0.04098781198263168,0.06209309843227688,26.169722643895437,2.081645839777203,1.560763111665566
3875,training,0,0.03543175756931302,0.06209309843227688,26.16968736514197,2.121599538102427,1.584768346375565
3876,training,0,0.01742669939994812,0.06209309843227688,26.16854805372101,2.161215234329467,1.6147579889851866
3877,training,0,0.011452913284301758,0.06209309843227688,26.166175408223744,2.2008630879563373,1.6455809071159622
3878,training,0,0.01549769937992096,0.06209309843227688,26.16265487797208,2.2406848294876567,1.672517808188912
3879,training,0,0.0491061732172966,0.05770091770401882,26.158143884140255,2.2800047285037786,1.6979560815469312
3880,training,0,0.01690000295639038,0.05770091770401882,26.152538720425376,2.3194180978765053,1.7249178111266985
3881,training,0,0.0047196075320243835,0.05770091770401882,26.14617621647657,2.3587531929205854,1.7396474240342512
3882,training,0.002631011,0.051252033561468124,0.05770091770401882,26.135303789037767,2.41751866894249,1.7672332576516987
3883,training,0.003724007,0.052550546824932085,0.05770091770401882,26.127257225211974,2.456649280463674,1.7779783571679435
3884,training,0,0.021300081163644798,0.07304132531805871,26.11883947874895,2.4955116076056973,1.7906813098838346
3885,training,0.005538318,0.05812993552535772,0.07304132531805871,26.10522229834748,2.553854763233344,1.808554539559959
3886,training,0,0.026604972779750824,0.07304132531805871,26.100529717356743,2.5730145355014558,1.811813705175541
3887,training,0,0.0002230368554592202,0.07304132531805871,26.09092142495403,2.611755785479729,1.818758123174606
3888,training,0,0.0013368837535381317,0.07304132531805871,26.08091038936178,2.6504021131593194,1.8287267054824832
3889,training,0,0.015801906585693345,0.07304132531805871,26.075764830259217,2.6696713166190715,1.8343436023029815
3890,training,0,0.001481037586927414,0.07304132531805871,26.065123432320373,2.7080532470228285,1.8485563038467883
3891,training,0,0.03325165808200836,0.0802679441155742,26.053938145749292,2.746319260996063,1.8606840197456234
3892,training,0.011230767,0.06222262606024742,0.0802679441155742,26.036383425675957,2.8034745185651437,1.8761360189283045
3893,training,0,0.020829048007726676,0.0802679441155742,26.024277655040134,2.841492202063241,1.8805401556761212
3894,training,0.0110089835,0.05131731368601322,0.0802679441155742,26.011930558214125,2.8794672725279074,1.8910626412007272
3895,training,0,0.03396185487508774,0.0802679441155742,25.99917323125865,2.9172376381351057,1.8994350307667274
3896,training,0.004342964,0.05748532526195049,0.0802679441155742,25.9795418893059,2.973885779331294,1.910641797965784
3897,training,0.005454339,0.09480899572372437,0.05616687744464976,25.96610814182523,3.0113416564478928,1.9182992354558346
3898,training,0.0035649408,0.07394630461931229,0.05616687744464976,25.952429231478003,3.048869107902108,1.9216334831540918
3899,training,0.0039861193,0.0959505308419466,0.05616687744464976,25.9385584844112,3.0863499714318703,1.9314338467924705
3900,training,0.004818582,0.0915461927652359,0.05616687744464976,25.91711945004855,3.1421792783188245,1.9405340741763673
3901,training,0,0.02697643637657164,0.05616687744464976,25.90260254881792,3.179472844761573,1.943116695077032
3902,training,0,0.03422118723392485,0.03529454981196546,25.895381047159425,3.19790363157058,1.9454227169437859
3903,training,0,0.04758680984377861,0.03529454981196546,25.88806340798558,3.216324242791735,1.9529972711721633
3904,training,0.011774365,0.07160378433763981,0.03529454981196546,25.864912877496405,3.2716075115823293,1.9825928114935856
3905,training,0.007564071,0.07122939825057983,0.03529454981196546,25.848658228456376,3.3077714250656647,2.0034742003251873
3906,training,0,0.014906696975231185,0.03529454981196546,25.84022457199851,3.3257874376467793,2.0136323497935944
3907,training,0.00090072164,0.06735881604254246,0.03529454981196546,25.82272299598235,3.361792549489673,2.0329900743198657
3908,training,0,0.03738781809806824,0.03481335405556685,25.80469672517866,3.3971843844354597,2.050547419783774
3909,training,0,0.02791408821940422,0.03481335405556685,25.78603900911446,3.432457563744031,2.0630991363866156
3910,training,0,0.011552181094884872,0.03481335405556685,25.776520689473653,3.4501226304215638,2.0676121775510046
3911,training,0,0.009008783847093582,0.03481335405556685,25.757403097962353,3.485039653111306,2.0757379955110604
3912,training,0,0.02670283615589142,0.03481335405556685,25.73794987689839,3.519882429368265,2.0842432045444848
3913,training,0,0.01612354628741741,0.03481335405556685,25.718148182506926,3.5546892915977666,2.0917715006651942
3914,training,0,0.0002980194985866477,0.03481335405556685,25.698213200822323,3.5890734813288914,2.100160859443624
3915,training,0,0.011331658810377121,0.04667487318382957,25.677870478453745,3.6235426398788317,2.107688133010285
3916,training,0,0.022649321705102927,0.04667487318382957,25.657373708375683,3.65775120482814,2.1134190238190196
3917,training,0,0.00440271012485027,0.04667487318382957,25.636669881614225,3.6918086846002205,2.1203923903980275
3918,training,0,0.017967551946640015,0.04667487318382957,25.61566157671734,3.725868444740774,2.1261011105053917
3919,training,0,0.002004152163863182,0.04667487318382957,25.59456682298571,3.759639314409246,2.1322007566756813
3920,training,0,0.03349984809756278,0.04667487318382957,25.573178054244995,3.7934089090421708,2.1383715058646784
3921,training,0.0012624084,0.06255450844764708,0.04558989904179473,25.54085775928183,3.843773690718238,2.1440357338735216
3922,training,0,0.04124188609421253,0.04558989904179473,25.51911227605251,3.877300474957627,2.147982367936366
3923,training,0.0074191466,0.07227414660155775,0.04558989904179473,25.4972613317375,3.9107957018247683,2.1488070827972905
3924,training,0,0.040961086750030504,0.04558989904179473,25.475418931405468,3.944128024643239,2.1536882151820254
3925,training,0,0.025994598865509033,0.04558989904179473,25.453257565079955,3.9773688144917587,2.164850138681226
3926,training,0,0.005984123796224601,0.04558989904179473,25.442054548318783,3.9938646968372833,2.1702449020685872
3927,training,0,0.01908341050148009,0.03275275434430597,25.41938801958762,4.026586322105725,2.182623669456661
3928,training,0,0.0009390376508235931,0.03275275434430597,25.39626898823093,4.059116819953573,2.193660413187701
3929,training,0,0.021924655884504304,0.03275275434430597,25.372849261319026,4.0914504506787654,2.201380201964191
3930,training,0,0.006299048662185669,0.03275275434430597,25.349198484896487,4.123525060286527,2.2107904168642136
3931,training,0,0.008673019707202918,0.03275275434430597,25.325262064749722,4.155418589711125,2.217175185798474
3932,training,0,0.01646878570318222,0.03275275434430597,25.301114586147317,4.187214394445073,2.2243349528315726
3933,training,0,0.016850430518388755,0.03275275434430597,25.276711895722705,4.218770798641878,2.232783114581703
3934,training,0,0.0025926697999238933,0.010264623321484881,25.252101383844288,4.250178631117095,2.237920876422967
3935,training,0,0.045257020741701126,0.010264623321484881,25.227316850438562,4.28145626835014,2.243591880000021
3936,training,0,0.016270548105239868,0.010264623321484881,25.202400816631013,4.312593857675031,2.2458503719146927
3937,training,0,0.026098988950252533,0.010264623321484881,25.177754450952975,4.343508657655336,2.242722579842538
3938,training,0,0.01073165237903595,0.010264623321484881,25.15291399900076,4.3746720132899215,2.2451013615643975
3939,training,0,0.018439479172229763,0.010264623321484881,25.127949012946992,4.405833870879067,2.2467484114980163
3940,training,0,0.009793221950531006,0.010264623321484881,25.102897042762528,4.437005784330878,2.2493695091924257
3941,training,0.005629659,0.0669347494840622,0.01372538527349942,25.06539076777929,4.4832087390768915,2.2553659522245235
3942,training,0.025782378,0.07128982990980148,0.01372538527349942,25.01489298177237,4.543789312665022,2.2718406277530163
3943,training,0.0013846965,0.08176945894956589,0.01372538527349942,24.989020778078057,4.574233304077485,2.278447245062997
3944,training,0.017504945,0.0632681455463171,0.01372538527349942,24.96289919131074,4.604541827861452,2.2862284304398712
3945,training,0,0.01613725908100605,0.01372538527349942,24.94978639738403,4.6195828277568545,2.287531419277981
3946,training,0,0.008088383823633187,0.01372538527349942,24.93667876329574,4.63462535840085,2.286949330684368
3947,training,0,0.02055113390088082,0.02457047699430919,24.910424895369253,4.665008239326092,2.279826261482602
3948,training,0,0.046878393739461885,0.02457047699430919,24.88448208370908,4.695412334045423,2.2732237965355817
3949,training,0,0.011964239180088057,0.02457047699430919,24.858766177725833,4.726076337874749,2.263837027242571
3950,training,0,0.011325003579258919,0.02457047699430919,24.845980124456094,4.741533868801806,2.259765056666179
3951,training,0,0.011675752699375153,0.02457047699430919,24.820664772048048,4.7724613971479295,2.2530934913541327
3952,training,0,0.045542050153017044,0.02457047699430919,24.7955997800152,4.803587205957923,2.2446296695484187
3953,training,0,0.014746230095624924,0.02457047699430919,24.770719514795246,4.834937469893443,2.2396222697446904
3954,training,0,0.03560445830225945,0.02457047699430919,24.74599785489624,4.86629389381403,2.236309719900626
3955,training,0,0.029314266517758373,0.04217739829091129,24.721344568429362,4.897840461271714,2.2320123417458895
3956,training,0,0.04434015601873397,0.04217739829091129,24.6968445236886,4.92936679654144,2.2312660444882706
3957,training,0.0070569105,0.08517445623874664,0.04217739829091129,24.660080421182464,4.976666366041244,2.231944427846454
3958,training,0.013102062,0.0515563040971756,0.04217739829091129,24.635537801069177,5.008132111320733,2.2339995291435892
3959,training,0,0.021306699141860008,0.04217739829091129,24.610964168206532,5.0395919659205966,2.232332679677925
3960,training,0,0.026167731732130054,0.04217739829091129,24.586424954328834,5.071164109498766,2.231492358686114
3961,training,0,0.020367427729070187,0.04217739829091129,24.57416355811268,5.086923937523404,2.2323252387357266
3962,training,0.0012288464,0.06767981685698032,0.014444376740840521,24.537345401902023,5.1341746741201995,2.2324665214878543
3963,training,0.0018758726,0.06793910777196288,0.014444376740840521,24.500410365365447,5.181348676686037,2.2386461935782562
3964,training,0.0062253983,0.10492932051420212,0.014444376740840521,24.47563565186497,5.2124781936669216,2.2497431991414283
3965,training,0.009642104,0.14864936098456383,0.014444376740840521,24.437389776081908,5.258379450344673,2.283355817398702
3966,training,0.0022006917,0.11006838828325272,0.014444376740840521,24.411102780696908,5.288151659659575,2.304362115655082
3967,training,0.002875059,0.07720885425806046,0.014444376740840521,24.370431873493786,5.332078556221294,2.328119923741883
3968,training,0.0025981604,0.10199684649705887,0.029042336195754647,24.329031967318343,5.375275819668835,2.3400758640723236
3969,training,0.038114306,0.1472202017903328,0.029042336195754647,24.30109803243856,5.403867776949211,2.3501938292422615
3970,training,0.008775384,0.13953175395727158,0.029042336195754647,24.25870497846777,5.4459075959572,2.372432682064345
3971,training,0.0011196514,0.1415763460099697,0.029042336195754647,24.22971627572416,5.47348597654833,2.3923855113689516
3972,training,0.00096535555,0.1411464363336563,0.029042336195754647,24.215153409375166,5.486886882443128,2.402642268683528
3973,training,0.006238113,0.13279476389288902,0.029042336195754647,24.170370602249186,5.52662819946584,2.4265625004774374
3974,training,0.004104911,0.11626385152339935,0.07842345669226572,24.140128507718096,5.552604205598816,2.436881715261388
3975,training,0.0048385295,0.19168898463249207,0.07842345669226572,24.109631233968717,5.578244479168531,2.4486516764838413
3976,training,0.004373567,0.13695461302995682,0.07842345669226572,24.06319976927108,5.616052501924006,2.468189744971364
3977,training,0.004081947,0.16417228057980537,0.07842345669226572,24.031911170793414,5.6406619386393935,2.4815812349570736
3978,training,0.010505478,0.1329359132796526,0.07842345669226572,24.016063511805807,5.6529021234952666,2.486340575111845
3979,training,0.0024685867,0.16389491595327854,0.07842345669226572,23.98432628238235,5.677156415138795,2.4898665343447033
3980,training,0.011485219,0.08566092327237129,0.07842345669226572,23.968524451607035,5.689205336334174,2.489492798206828
3981,training,0.0021600276,0.11370505765080452,0.11320824817724719,23.93673689234312,5.7135637914925965,2.484684933857424
3982,training,0.0030204554,0.10821978747844696,0.11320824817724719,23.905163427564588,5.7381778186426,2.4688386841510033
3983,training,0.0015810524,0.0588771291077137,0.11320824817724719,23.87418553732139,5.76356248559311,2.440795108792984
3984,training,0.0050739297,0.06432427279651164,0.11320824817724719,23.828725073032018,5.803267864967586,2.409795086766929
3985,training,0.013385015,0.09890950843691826,0.11320824817724719,23.799230755936776,5.8301757475342715,2.3944590467266784
3986,training,0.009081784,0.0674870191141963,0.11320824817724719,23.76994391754502,5.857811983507281,2.375280659641314
3987,training,0.008393637,0.14427942410111427,0.11320824817724719,23.741306326554817,5.8857521373184385,2.36581600610772
3988,training,0.0022752464,0.07147744297981262,0.10877086403372706,23.69859857409477,5.928026590926116,2.3551644772704887
3989,training,0.004293368,0.052757181227207184,0.10877086403372706,23.670369911417044,5.956195069072995,2.360904385317731
3990,training,0.0014583013,0.08291443437337875,0.10877086403372706,23.656209904550035,5.970171621325308,2.364313274930166
3991,training,0.014419748,0.06791959330439568,0.10877086403372706,23.627599360635333,5.998191015738242,2.367136865241121
3992,training,0.0062182536,0.07122810930013657,0.10877086403372706,23.598944608069413,6.026161368405559,2.3717394340880475
3993,training,0.010492534,0.07152868062257767,0.10877086403372706,23.570213484706105,6.053686232608651,2.38462392692951
3994,training,0.0034566028,0.10076958313584328,0.10877086403372706,23.526216051978572,6.0944256321330075,2.4047949916238083
3995,training,0.0013791493,0.12415551021695137,0.07521065009343121,23.49658613762956,6.120976844970018,2.4153236911749585
3996,training,0.0021637946,0.18417557887732983,0.07521065009343121,23.466526014314645,6.147521858113907,2.4211749300196024
3997,training,0.0020954097,0.07677772641181946,0.07521065009343121,23.436615341394685,6.173717292318433,2.4211708170598425
3998,training,0.008557825,0.08214186131954193,0.07521065009343121,23.406589180763238,6.200068085294256,2.425588824643335
3999,training,0.004371214,0.08852098882198331,0.07521065009343121,23.376445628344623,6.225825363590963,2.4509722418947644
4000,training,0.004220192,0.09251285344362262,0.07521065009343121,23.36109117386187,6.238226909009059,2.472678831915569
4001,training,0,0.03171654045581815,0.07521065009343121,23.329516097511707,6.262065953682429,2.5170018669883545
4002,training,0.011022435,0.09499738365411756,0.08465718302001118,23.313287029417133,6.273534856878355,2.5345377274599743
4003,training,0.00851159,0.1253580041229725,0.08465718302001118,23.280325749424357,6.295652830510619,2.567535237097807
4004,training,0.0041806493,0.09143078885972498,0.08465718302001118,23.24663344960776,6.316597640978195,2.602616006724286
4005,training,0.0020401003,0.11046162992715836,0.08465718302001118,23.212311124497912,6.336473560291315,2.626874843052716
4006,training,0.001739176,0.11569913104176521,0.08465718302001118,23.159821752867355,6.365335699029126,2.6501308236001972
4007,training,0.028561397,0.133507639169693,0.08465718302001118,23.1246694595579,6.383860015294625,2.6617329701613923
4008,training,0.00446962,0.13511844724416733,0.08265972876931343,23.08906653822419,6.402161528640988,2.672176077389184
4009,training,0.0033464404,0.18477516993880272,0.08265972876931343,23.035612967429184,6.428823086817137,2.682956454545303
4010,training,0.001961025,0.14105346985161304,0.08265972876931343,22.999648481495633,6.446361897090179,2.6938381471196076
4011,training,0.0114366645,0.15842222422361374,0.08265972876931343,22.945673045471523,6.471922644835985,2.7016663097944695
4012,training,0.004684291,0.09891077503561974,0.08265972876931343,22.90941466882329,6.488866461744997,2.7077901235486577
4013,training,0.0022305683,0.11320282192900777,0.060892898786674664,22.855182986257084,6.513900441728878,2.705775458440445
4014,training,0.0025941916,0.08273236267268658,0.060892898786674664,22.818913810740632,6.530863620094501,2.7030011111792143
4015,training,0.004238419,0.13091838359832764,0.060892898786674664,22.782696346432314,6.547884161262682,2.700365592478994
4016,training,0.009861259,0.15540601313114166,0.060892898786674664,22.746678581232604,6.564942163185367,2.6987929680381466
4017,training,0.008286031,0.1499250060878694,0.060892898786674664,22.710429186553075,6.582135032061163,2.6986442534774318
4018,training,0.0055371476,0.05941221117973327,0.060892898786674664,22.674412016478808,6.599179369091655,2.6998406750320054
4019,training,0,0.018342863768339164,0.044526504083349024,22.656370163421133,6.607744318209882,2.6956334355744382
4020,training,0,0.04888948239386082,0.044526504083349024,22.638291161373015,6.6164467337962485,2.689814659207044
4021,training,0.006342652,0.06131754443049431,0.044526504083349024,22.602253247256257,6.634198843852466,2.678034964628464
4022,training,0.001820807,0.060986753553152084,0.044526504083349024,22.56672853280361,6.652217831713793,2.666641150162076
4023,training,0,0.012905858457088472,0.044526504083349024,22.54892627170248,6.661425785988781,2.6618082313278193
4024,training,0,0.013947404688224196,0.044526504083349024,22.513417287314944,6.6800551989398285,2.6560455415481337
4025,training,0,0.01451110653579235,0.044526504083349024,22.49581852135004,6.689354989380906,2.6541959942465705
4026,training,0,0.018244602717459202,0.044526504083349024,22.460567246878284,6.70811300620515,2.650840179766469
4027,training,0,0.04426171630620957,0.0345432760440935,22.425251347574445,6.727032329926255,2.649157683747517
4028,training,0,0.004424773156642914,0.0345432760440935,22.390166122315364,6.745872895710241,2.647492646613011
4029,training,0,0.0014641298912465572,0.0345432760440935,22.35493160422231,6.764891097301789,2.6456181671130268
4030,training,0,0.006089893635362388,0.0345432760440935,22.33733579005163,6.774411074241487,2.645727352948048
4031,training,0,0.01786955818533897,0.0345432760440935,22.30230633757988,6.793349581314931,2.645186601543603
4032,training,0,0.0031640399247407913,0.0345432760440935,22.26713133700709,6.8124129237832305,2.644628659415545
4033,training,0,0.024739105254411694,0.030651465654115105,22.214492238671546,6.840884474822585,2.6462680380288925
4034,training,0,0.03366590663790703,0.030651465654115105,22.179312919501967,6.859877973280334,2.646568171516647
4035,training,0,0.029715642333030697,0.030651465654115105,22.144086052332955,6.878849323833673,2.6490064624666436
4036,training,0,0.006348867900669575,0.030651465654115105,22.10900405019288,6.897646013413227,2.6497378761167227
4037,training,0,0.035935476422309875,0.030651465654115105,22.0736758938304,6.916558154431637,2.6504268903494648
4038,training,0,0.01656267233192921,0.030651465654115105,22.056050317346013,6.9259661377656405,2.651847123420251
4039,training,0,0.011879881378263235,0.024776491277622603,22.00325841054946,6.954045135943925,2.652950040321857
4040,training,0,0.008655579760670662,0.024776491277622603,21.985546713569825,6.963456464159807,2.6533494625812657
4041,training,0,0.03565084934234619,0.024776491277622603,21.932697204958675,6.99141616318772,2.6555369666642092
4042,training,0,0.011341919656842947,0.024776491277622603,21.897287655265124,7.010097364552606,2.6566671149537697
4043,training,0,0.005738947540521622,0.024776491277622603,21.879576675248114,7.019416067594224,2.6579750653646386
4044,training,0,0.012139589991420507,0.024776491277622603,21.826610992570586,7.04713937788816,2.6596346649730016
4045,training,0,0.011568430345505476,0.02216117699629163,21.79107819377943,7.065704437320367,2.6607487702194508
4046,training,0,0.019288141280412674,0.02216117699629163,21.755760434213105,7.084065687023555,2.662498178760339
4047,training,0,0.005694745108485225,0.02216117699629163,21.738048388093315,7.093256598026223,2.663170716536828
4048,training,0,0.00906260684132576,0.02216117699629163,21.684698630600487,7.120823178477314,2.6666867467861044
4049,training,0,0.02534230798482895,0.02216117699629163,21.64928492685212,7.138995537527297,2.667800502283227
4050,training,0,0.00974585791118443,0.02216117699629163,21.613605518262926,7.157267012025192,2.6688158841300837
4051,training,0,0.01963952276855707,0.014555071237452661,21.578100329750743,7.175368258263575,2.6704214101991752
4052,training,0,0.039421975612640374,0.014555071237452661,21.56033639855328,7.18441072482052,2.6706725313367428
4053,training,0,0.004790819715708495,0.014555071237452661,21.52461992794232,7.202581077103258,2.6709668786102285
4054,training,0,0.023461280390620228,0.014555071237452661,21.489058423549736,7.220642717983213,2.6713957343196317
4055,training,0,0.028562646359205246,0.014555071237452661,21.43559550478546,7.2478415778908465,2.670208280096997
4056,training,0,0.023460516706109047,0.014555071237452661,21.41775091553329,7.256934470810571,2.670535760474649
4057,training,0,0.04581061378121376,0.006806794745747251,21.382271376494852,7.274988942532306,2.6704628465796665
4058,training,0,0.004306536167860033,0.006806794745747251,21.328727664120656,7.30224678840554,2.671235393518099
4059,training,0.0010997945,0.052952069789171226,0.006806794745747251,21.275413429841947,7.329256396513024,2.6731978271184405
4060,training,0.0077858903,0.07978465221822262,0.006806794745747251,21.239615011009054,7.347328895743544,2.6754985670612808
4061,training,0.002794219,0.055125558748841286,0.006806794745747251,21.204032493150073,7.365127272677984,2.679334817481029
4062,training,0,0.04059262014925479,0.01584506140912647,21.186175693925012,7.374001009595758,2.68106272322431
4063,training,0,0.03248768486082554,0.01584506140912647,21.150237854595623,7.391810912442409,2.6808021722846425
4064,training,0.0018281797,0.058080943301320076,0.01584506140912647,21.114527376009097,7.409578170171859,2.6779961220632877
4065,training,0,0.01433037593960762,0.01584506140912647,21.078806454787717,7.427527327916865,2.6730421079485898
4066,training,0,0.021365776658058163,0.01584506140912647,21.043054805891128,7.445792602222573,2.6645286590619897
4067,training,0,0.023073136806488037,0.01584506140912647,21.007756040411035,7.464276813824607,2.653689910477961
4068,training,0,0.007758830673992634,0.01584506140912647,20.972400944107946,7.483222625061369,2.6458275927865924
4069,training,0,0.009650727733969692,0.021327019959487648,20.937263984011967,7.502309429254188,2.641983610816434
4070,training,0,0.004957366734743118,0.021327019959487648,20.919830220524243,7.51184791426177,2.639869230748716
4071,training,0,0.0013367626816034317,0.021327019959487648,20.867234559255902,7.540818497314949,2.6373437382038496
4072,training,0,0.03700846806168556,0.021327019959487648,20.849746236669695,7.550457984301262,2.6378599202771498
4073,training,0,0.014334606006741525,0.021327019959487648,20.797327343616036,7.5793777038142585,2.6370994439665325
4074,training,0,0.01473221369087696,0.021327019959487648,20.762306268258293,7.598672386253902,2.639087153393581
4075,training,0,0.044877318665385246,0.018681946684849876,20.744911038498845,7.608222536910195,2.6391311733814846
4076,training,0,0.02837434783577919,0.018681946684849876,20.692279909956248,7.637091432340399,2.6407371399585693
4077,training,0.0071585635,0.053966931998729706,0.018681946684849876,20.6398067001247,7.665681053592423,2.6434583554923083
4078,training,0,0.030958637595176697,0.018681946684849876,20.622220519303394,7.675239175678824,2.6438141712430823
4079,training,0,0.026695709675550464,0.018681946684849876,20.587031864182432,7.694314366742956,2.646458739035113
4080,training,0,0.02613518387079239,0.018681946684849876,20.551995015104193,7.713181510366724,2.6479716802890265
4081,training,0,0.02744442969560623,0.01872290571554686,20.51670698024066,7.732140838983932,2.649117390898832
4082,training,0,0.04874110408127308,0.01872290571554686,20.499085789617805,7.74157999400551,2.6505291400026065
4083,training,0,0.031084349378943443,0.01872290571554686,20.463968906759334,7.76031187188905,2.651613216586443
4084,training,0,0.04202449880540371,0.01872290571554686,20.42863013711021,7.779139104147374,2.652602316270042
4085,training,0,0.017859740182757378,0.01872290571554686,20.39334042207532,7.797846594617647,2.655388090857388
4086,training,0,0.04130009189248085,0.01872290571554686,20.340364049718527,7.825779786301476,2.657242852187479
4087,training,0,0.007954143453389406,0.020177486712434214,20.32261963377337,7.835105560531677,2.6581640255475425
4088,training,0,0.027010822668671605,0.020177486712434214,20.28734431806632,7.853568279588631,2.6593717511529023
4089,training,0,0.04171144776046276,0.020177486712434214,20.234130469413707,7.881419721152713,2.659434257006813
4090,training,0,0.024447597563266754,0.020177486712434214,20.21644026973021,7.890663797327827,2.660224858604897
4091,training,0,0.04611397720873355,0.020177486712434214,20.163414440142613,7.918389404296381,2.659010708977592
4092,training,0,0.03886651620268821,0.020177486712434214,20.145639231197052,7.9277034636726595,2.6589818834088716
4093,training,0,0.011949369683861732,0.016267831428263387,20.09266688961603,7.955396974286533,2.65975184162122
4094,training,0.0031615389,0.060992149636149406,0.016267831428263387,20.057151718193882,7.973959496786915,2.660124528020737
4095,training,0,0.03972810506820679,0.016267831428263387,20.021785392332948,7.992374259391893,2.6623097771709574
4096,training,0,0.004982562735676767,0.016267831428263387,19.986350726980877,8.010751383660656,2.663639866374347
4097,training,0,0.024733790196478367,0.016267831428263387,19.950752018233562,8.029154510682774,2.665733977713819
4098,training,0,0.005187843926250935,0.016267831428263387,19.91534940527834,8.047341926314996,2.667422889640202
4099,training,0,0.011182602029293776,0.012001902926604328,19.897570574103735,8.05645645151135,2.6680973001662336
4100,training,0,0.047048889100551605,0.012001902926604328,19.844108719097804,8.083745380417822,2.6714425749839004
4101,training,0,0.02704540640115738,0.012001902926604328,19.808575442083832,8.101761314499921,2.6730581893155074
4102,training,0,0.04494168236851692,0.012001902926604328,19.77277445314446,8.119840084669987,2.675117115106913
4103,training,0.006418326,0.06414511427283287,0.012001902926604328,19.719324707885765,8.14658641348666,2.679140348031055
4104,training,0.0069692237,0.0638626180589199,0.014953547004051253,19.683417954585046,8.164423452214631,2.682789844766599
4105,training,0.002548682,0.08322342671453954,0.014953547004051253,19.64765507227001,8.181948893607963,2.6884471558280834
4106,training,0.0017625745,0.07029769755899906,0.014953547004051253,19.611714373693438,8.19934048560572,2.692884824566704
4107,training,0.0024367895,0.08890450373291969,0.014953547004051253,19.575565450573315,8.216653735167247,2.697851551346214
4108,training,0.0020783015,0.12224812060594559,0.014953547004051253,19.53961549937002,8.233601055974878,2.704198681376285
4109,training,0.0015531735,0.08620844408869743,0.014953547004051253,19.50328841517081,8.250430428716514,2.7117713387388602
4110,training,0,0.04933403059840202,0.01916885121941947,19.466952854415144,8.266923132235211,2.7188273797697238
4111,training,0.0020191127,0.08618110045790672,0.01916885121941947,19.43054803953164,8.283219940529765,2.722096663805888
4112,training,0,0.027895985171198845,0.01916885121941947,19.393872553978035,8.299529732971003,2.7240877922631777
4113,training,0,0.032761653885245316,0.01916885121941947,19.37564233035581,8.307613539229031,2.7236568344364547
4114,training,0.0006420263,0.0716168861836195,0.01916885121941947,19.339200138398716,8.323863177426075,2.720419655918701
4115,training,0,0.032385526224970825,0.01916885121941947,19.302569546164282,8.340353032706894,2.716402224326359
4116,training,0,0.041451914235949516,0.035281157458686443,19.266274062964833,8.356891951579685,2.7114145320291247
4117,training,0.0027017707,0.058348311111330986,0.035281157458686443,19.229938623184054,8.373672282251961,2.7063080723723307
4118,training,0.010296844,0.05432365275919437,0.035281157458686443,19.175616907977943,8.399151397134322,2.6996036645945347
4119,training,0.0049682464,0.07655282132327557,0.035281157458686443,19.139504827027377,8.416308810218661,2.6967323704395545
4120,training,0.0035326288,0.08623174391686916,0.035281157458686443,19.103321491508613,8.43359541326936,2.6957199391090794
4121,training,0.0035624644,0.05140775628387928,0.035281157458686443,19.067406594663176,8.45076911236352,2.695205181194026
4122,training,0.0035344528,0.09674216806888578,0.03886925315510552,19.031245767202282,8.46807361265841,2.694549307290922
4123,training,0.008906437,0.058396968990564346,0.03886925315510552,18.995239352512748,8.485351202871309,2.6934784301470733
4124,training,0.0055838022,0.06648353300988674,0.03886925315510552,18.95926968572975,8.502660068369398,2.692702054501886
4125,training,0.0026052492,0.12431867048144339,0.03886925315510552,18.923116293177696,8.52006233261656,2.694549675412432
4126,training,0.0015417682,0.09797343611717223,0.03886925315510552,18.86916042452191,8.545696807097503,2.7008117723931213
4127,training,0,0.042846653610467904,0.03886925315510552,18.851022747133374,8.5542441206761,2.7011114802800784
4128,training,0.0027243441,0.0967438258230686,0.04600737089994432,18.832850605256116,8.562814830281734,2.7006224432916204
4129,training,0,0.04261198453605175,0.04600737089994432,18.796840783251884,8.579850153590764,2.6980058928352384
4130,training,0.0027892496,0.11014326475560667,0.04600737089994432,18.76071688817365,8.5970776556487,2.6949286331154405
4131,training,0.0014912334,0.07686495780944824,0.04600737089994432,18.724597489061328,8.614430900482407,2.692245841618906
4132,training,0,0.04731806181371213,0.04600737089994432,18.688741740103044,8.631801779894685,2.6886350020472003
4133,training,0.008941358,0.0934151690453291,0.04600737089994432,18.65268806123772,8.6494099097057,2.685981761538199
4134,training,0.0046821246,0.06543784029781818,0.04600737089994432,18.616888897287595,8.666974180669474,2.6840997385644605
4135,training,0,0.030223118141293533,0.046951516587533076,18.581056764362202,8.68467233230493,2.6809957080407263
4136,training,0.0077018677,0.053849371150135994,0.046951516587533076,18.54515717900257,8.702584887312177,2.676423086933152
4137,training,0,0.009513519704341888,0.046951516587533076,18.5095805160182,8.720593165516942,2.6685012233009866
4138,training,0,0.03526502661406994,0.046951516587533076,18.473940222152663,8.739080833142433,2.656682143731432
4139,training,0,0.003118060529232032,0.046951516587533076,18.43864049633434,8.757925232487196,2.6454489994551564
4140,training,0,0.02457127347588539,0.046951516587533076,18.403629806573015,8.777128726201811,2.6344572124051324
4141,training,0,0.01598148513585329,0.04269299080879358,18.36864960963485,8.796739238581528,2.627380485707504
4142,training,0,0.04870361089706421,0.04269299080879358,18.3339892257394,8.81644045339616,2.6211763545636355
4143,training,0,0.019736160524189472,0.04269299080879358,18.316660803572667,8.826409369392636,2.6177349667868124
4144,training,0,0.04954240657389164,0.04269299080879358,18.264772182767985,8.856695763926057,2.6093862877925953
4145,training,0,0.007975351065397263,0.04269299080879358,18.247672090611662,8.866791060508078,2.606536984081415
4146,training,0,0.04941856488585473,0.04269299080879358,18.21329159434934,8.887261910647286,2.6028192478617322
4147,training,0.00718467,0.08143690600991248,0.02448977002574332,18.144792429125527,8.928259061382692,2.6007642366006003
4148,training,0.007986148,0.08215023763477802,0.02448977002574332,18.11047100457677,8.948903108236308,2.599323585860527
4149,training,0,0.02519737929105758,0.02448977002574332,18.0933711193884,8.959199163849496,2.5998505405373358
4150,training,0.0062375814,0.055557861924171434,0.02448977002574332,18.042081044405208,8.989855272428798,2.6063935809884238
4151,training,0.004509299,0.06567704677581787,0.02448977002574332,18.007623871734445,9.010135021743091,2.6134221935956328
4152,training,0,0.0037890207022428443,0.011534278273228803,17.99038851220967,9.02013599705113,2.617323308941196
4153,training,0.0020708824,0.060580568388104425,0.011534278273228803,17.955851960723415,9.039982337143329,2.6224428956055545
4154,training,0.0038202233,0.077735910192132,0.011534278273228803,17.9036765823151,9.069539259260843,2.6296049446061756
4155,training,0.013239921,0.07101695798337458,0.011534278273228803,17.86892590812457,9.089047209506449,2.630094609775351
4156,training,0,0.049503397196531296,0.011534278273228803,17.85144621165895,9.098853000525907,2.6307204372773216
4157,training,0.004656192,0.06901519373059274,0.011534278273228803,17.799194322717245,9.127971963456138,2.6345278273785477
4158,training,0.006562933,0.06346710957586767,0.02034308830353128,17.76422270750542,9.147368819822375,2.6356229938623756
4159,training,0.0029265508,0.1692831963300705,0.02034308830353128,17.711847365890065,9.176337864855766,2.6348669969625003
4160,training,0.0055431523,0.21649780869483948,0.02034308830353128,17.676934911554856,9.195728028612482,2.6309641022839547
4161,training,0.0042330287,0.2692689746618271,0.02034308830353128,17.642101331843193,9.215666206776653,2.611299406972667
4162,training,0.00422424,0.18350344896316528,0.02034308830353128,17.607843404522313,9.236299961773529,2.587182388561055
4163,training,0.00041204895,0.12295357510447504,0.02034308830353128,17.590821109560736,9.246968191412991,2.5772473754950265
4164,training,0.0025600411,0.14446682296693325,0.05008566120102309,17.55706908120254,9.268565883293398,2.5710862441795532
4165,training,0.0044688866,0.1683194097131491,0.05008566120102309,17.540240515411362,9.279340227252412,2.5728959320626896
4166,training,0.0011649022,0.20545947365462783,0.05008566120102309,17.506625140877876,9.300776992476584,2.5746763754509865
4167,training,0.0028305356,0.18985180184245112,0.05008566120102309,17.472879663144898,9.322183107274949,2.5782700785565713
4168,training,0.0035149218,0.22564004920423034,0.05008566120102309,17.439136008489303,9.343392538341712,2.5814017174709316
4169,training,0.00116676,0.1872863732278347,0.05008566120102309,17.40522836494461,9.364612228774082,2.583252499065847
4170,training,0.0022856316,0.20934023149311545,0.05008566120102309,17.371323719056942,9.385713524084009,2.585957310423355
4171,training,0.0017507249,0.2553341928869486,0.07806436631760068,17.337449989791573,9.406746420188467,2.584967969477097
4172,training,0.0045241443,0.21861378662288192,0.07806436631760068,17.303497014487416,9.42791118920252,2.583181531836675
4173,training,0.0052413186,0.2933999914675951,0.07806436631760068,17.269662053774606,9.4491090087472,2.579133371167615
4174,training,0.002159901,0.30264586210250854,0.07806436631760068,17.235876934135852,9.470575143915518,2.5714306722279505
4175,training,0.06247271,0.3330000191926956,0.07806436631760068,17.202304489934317,9.492286768987848,2.5629633923763495
4176,training,0.002915746,0.3170328140258789,0.07806436631760068,17.168945995259655,9.514324017321425,2.5516441243184476
4177,training,0.011316741,0.30500239133834833,0.11047719857688318,17.13579611950104,9.536783461185605,2.5412556362298293
4178,training,0.003082029,0.3403896763920784,0.11047719857688318,17.10279841930079,9.558949110420723,2.573126285523435
4179,training,0.0046858857,0.29426863230764866,0.11047719857688318,17.06904018456338,9.579167527336855,2.6333025508112735
4180,training,0.0030431456,0.2805613745003938,0.11047719857688318,17.033839341323443,9.597363734407685,2.6957785990981393
4181,training,0.035103608,0.18948942050337794,0.11047719857688318,16.997899083222848,9.613242881022021,2.7540426885543083
4182,training,0.0031749648,0.2677610069513321,0.1409576017818299,16.96082972201299,9.627309752672755,2.7990858541263766
4183,training,0.0024133236,0.22671609371900558,0.1409576017818299,16.92315695167813,9.639976471602576,2.8342806298926067
4184,training,0.0012496796,0.23625344783067703,0.1409576017818299,16.88528329815912,9.65141954566943,2.85912373874282
4185,training,0.0039404053,0.21584248542785645,0.1409576017818299,16.84695065826357,9.662088628933022,2.8806284029077127
4186,training,0.011087695,0.22876355797052383,0.1409576017818299,16.808338366933622,9.671985472567389,2.8997036746144604
4187,training,0.006811248,0.20302506536245346,0.1409576017818299,16.769590585546496,9.681143973930977,2.9194567807770153
4188,training,0.005974325,0.1873319149017334,0.12681814265227337,16.730753962911805,9.689537580955921,2.9381796527517534
4189,training,0.007276443,0.19024640321731567,0.12681814265227337,16.69160264721184,9.697196608303303,2.958642965796002
4190,training,0.003999304,0.11497840285301208,0.12681814265227337,16.632823749215703,9.7071793103873,2.9867106468203493
4191,training,0.015409293,0.14657793485093862,0.12681814265227337,16.593244123029606,9.713212582924289,2.990332224977534
4192,training,0.004981188,0.18322623101994395,0.12681814265227337,16.553886231757186,9.719203798723806,2.9896447319505848
4193,training,0.0026430557,0.22296424582600594,0.12681814265227337,16.514344301847874,9.725283995343728,2.9879935738636068
4194,training,0.0037106713,0.12049490958452225,0.107381082079933,16.47479008817719,9.731322237921896,2.993265792247794
4195,training,0.0011081165,0.08874126523733139,0.107381082079933,16.43537326147054,9.737235070164642,2.989238696787523
4196,training,0.0005866082,0.0966074001044035,0.107381082079933,16.39571777464363,9.743484628042172,2.981013127486351
4197,training,0.002253344,0.13767275866121054,0.107381082079933,16.375967624600797,9.74671342045767,2.9781337842386923
4198,training,0.0074211704,0.16506955376826227,0.107381082079933,16.336712762662287,9.753293198793614,2.972984615841225
4199,training,0.005451269,0.14165529794991016,0.107381082079933,16.297214264038864,9.760060830991282,2.971252266611203
4200,training,0.0014554402,0.11869749682955444,0.06363275079133712,16.2382690891461,9.770240110027329,2.967855542135292
4201,training,0,0.03028101846575737,0.06363275079133712,16.218569407791964,9.773707111900656,2.9668652233981727
4202,training,0,0.04384259507060051,0.06363275079133712,16.179110313691044,9.780753293315183,2.960152909709897
4203,training,0,0.03701053932309151,0.06363275079133712,16.139903140972407,9.788128932029446,2.9503980686415017
4204,training,0.0038955775,0.07471201196312904,0.06363275079133712,16.080966439028458,9.800034892931752,2.93447181088211
4205,training,0,0.04438367858529091,0.06363275079133712,16.041929598410622,9.808381661977883,2.928179485803295
4206,training,0.0030444355,0.08221626095473766,0.04437450988678813,16.00280211232185,9.816993822607213,2.9196329159628815
4207,training,0.004116158,0.08381661400198936,0.04437450988678813,15.944295676561806,9.830889785573202,2.893230583181807
4208,training,0.004576095,0.12810541689395905,0.04437450988678813,15.90550319934928,9.8413123110339,2.8645688971333847
4209,training,0.015165025,0.05458707734942436,0.04437450988678813,15.867063227589135,9.852783161767034,2.8384901786307575
4210,training,0,0.035322356037795544,0.04437450988678813,15.847896314805462,9.858877507125387,2.8296075796014004
4211,training,0.0028978488,0.062135607004165656,0.04437450988678813,15.810031285821845,9.871350188105316,2.8189255876570507
4212,training,0,0.04960313765332103,0.042070604389792626,15.79113166957854,9.877670956630636,2.819010598558973
4213,training,0,0.04119699075818062,0.042070604389792626,15.753195944868137,9.890263169331046,2.82517671796841
4214,training,0,0.001979738473892212,0.042070604389792626,15.715200239726993,9.902542139874061,2.832179096138403
4215,training,0.011553116,0.05870350077748299,0.042070604389792626,15.677212105433515,9.91451250700641,2.840254685824901
4216,training,0,0.04720083624124527,0.042070604389792626,15.638985481784278,9.926225713141926,2.8476368754194556
4217,training,0,0.013343185186386108,0.042070604389792626,15.600783895496207,9.937700861843675,2.850933057267879
4218,training,0.005829097,0.07756110280752182,0.042070604389792626,15.543305739777814,9.954729455778544,2.8556259730658566
4219,training,0.006503176,0.05281614325940609,0.04388416839241142,15.466682037879984,9.977216603383381,2.857500271874301
4220,training,0.004034431,0.05843651108443737,0.04388416839241142,15.42830328683112,9.98840639742822,2.8569139051488563
4221,training,0.0040870733,0.13091084361076355,0.04388416839241142,15.351552454673223,10.01062485729495,2.866035692641724
4222,training,0.0057024024,0.11494773998856544,0.02140098965079297,15.29396842271847,10.02649352207125,2.8814164266840923
4223,training,0,0.029752785339951515,0.02140098965079297,15.274694083558874,10.031556918095093,2.8877480612882556
4224,training,0.0024119087,0.1542831677943468,0.02140098965079297,15.235984510559447,10.041434634277557,2.892629827718156
4225,training,0.0032869433,0.09010126255452633,0.02140098965079297,15.177869178298767,10.05624573411358,2.891655321298599
4226,training,0.0034101252,0.08692396432161331,0.02140098965079297,15.119813621205978,10.071128759839704,2.888279841645286
4227,training,0,0.02453658916056156,0.006177525469475929,15.100443622479483,10.076147298604072,2.8877757631558927
4228,training,0,0.017144696786999702,0.006177525469475929,15.081127932571395,10.081150194802037,2.888287766643466
4229,training,0,0.03125002607703209,0.006177525469475929,15.061760044488054,10.086157595151674,2.8884975413618332
4230,training,0.0023248254,0.06501239910721779,0.006177525469475929,15.003744228977485,10.10132551012488,2.882027622187954
4231,training,0,0.04625435918569565,0.006177525469475929,14.984455330701513,10.106461531100614,2.8803049115240493
4232,training,0,0.01559392362833023,0.006177525469475929,14.945810740120585,10.116875863175594,2.8752742685029604
4233,training,0,0.02016027644276619,0.006177525469475929,14.907277431814046,10.127571798435726,2.8663028019208414
4234,training,0,0.021959438920021057,0.006177525469475929,14.8688389756948,10.138556810531743,2.8602335626218505
4235,training,0,0.02515963464975357,0.03985488606349577,14.830444330676116,10.149830893364841,2.8503467704550833
4236,training,0,0.0024897605180740356,0.03985488606349577,14.79219168291379,10.161563852951184,2.8376632900939063
4237,training,0,0.04209852218627929,0.03985488606349577,14.753986541056676,10.173832545174138,2.8236169263471256
4238,training,0,0.008278630673885332,0.03985488606349577,14.716046708304722,10.186711794608154,2.804480843430858
4239,training,0,0.020218841731548295,0.03985488606349577,14.67842025509941,10.200275760838368,2.7862982668477376
4240,training,0,0.03355006501078606,0.03985488606349577,14.640793816357045,10.214639081889656,2.767200982065733
4241,training,0,0.021725632250309004,0.035013548285585096,14.603743089226894,10.229612216973493,2.748396337995572
4242,training,0.0022916633,0.059379700571298606,0.035013548285585096,14.566828901067764,10.245336246759905,2.7288568190596347
4243,training,0.0013523756,0.1300769690424204,0.035013548285585096,14.530099002553376,10.261887693218549,2.7067152866280635
4244,training,0.00075937225,0.08654686063528061,0.035013548285585096,14.49404041293047,10.279229832810483,2.6775335197508094
4245,training,0.0079421,0.08212174475193024,0.035013548285585096,14.440639984271243,10.307637546411602,2.628164451132547
4246,training,0,0.02809830754995346,0.05345158113344292,14.42329495746175,10.317580256102417,2.614109654713726
4247,training,0.0021942141,0.11612333729863167,0.05345158113344292,14.371828729932496,10.348954504241627,2.5746135005753654
4248,training,0.0031786147,0.0772266834974289,0.05345158113344292,14.338269683751268,10.37098681978894,2.5455987905515354
4249,training,0,0.010277900844812393,0.05345158113344292,14.321792515389106,10.382347499504936,2.5294772613126018
4250,training,0.0044944803,0.05722012370824814,0.05345158113344292,14.273059469749816,10.417669151238815,2.5054879458273205
4251,training,0,0.034682558849453926,0.05345158113344292,14.256969827238803,10.429599265932378,2.502412450841652
4252,training,0,0.021142924204468727,0.05345158113344292,14.224930843809206,10.453509163061701,2.4976416928312015
4253,training,0,0.0487214308232069,0.09610421727827916,14.19303360620784,10.477541563822511,2.494610323912396
4254,training,0,0.03184202127158641,0.09610421727827916,14.161109729877166,10.501714352415656,2.4917266630687855
4255,training,0,0.025940262246876955,0.09610421727827916,14.129363921199838,10.525992210019414,2.4854664403005167
4256,training,0,0.01968471147119999,0.09610421727827916,14.097778757398881,10.55042793056628,2.4802624678058396
4257,training,0.0010027088,0.055814994499087334,0.09610421727827916,14.050523638446366,10.587420111239192,2.4740058016336324
4258,training,0.0033018598,0.05941832624375821,0.09610421727827916,14.0034680145159,10.624508631095935,2.4745402570779076
4259,training,0.0052880645,0.08424707315862179,0.09610421727827916,13.972087682711416,10.649224420125448,2.4740158988757255
4260,training,0,0.04179017245769501,0.07823533406136168,13.956456620140763,10.66153226125959,2.474024003041034
4261,training,0.0027834726,0.07063639909029007,0.07823533406136168,13.92507160109894,10.68636979251188,2.4686457185659703
4262,training,0,0.023694984614849087,0.07823533406136168,13.909425124331747,10.69889025406366,2.4642769191788823
4263,training,0,0.017093818634748466,0.07823533406136168,13.878424732221164,10.724048384502176,2.4556973977830334
4264,training,0,0.002582898363471031,0.07823533406136168,13.847547771816124,10.749489058703077,2.4492110406456558
4265,training,0.0026483582,0.060656113550066934,0.07823533406136168,13.816786139919468,10.775143513930889,2.4435023891542675
4266,training,0,0.036354148760437965,0.07823533406136168,13.78628310435842,10.800788747429964,2.442383791990752
4267,training,0.0038980874,0.06334402784705162,0.027083247780576972,13.755606137567655,10.826539316899398,2.444847880372041
4268,training,0.004781264,0.05062763951718807,0.027083247780576972,13.724981298946798,10.852070242968953,2.4493331918514176
4269,training,0,0.014747437089681625,0.027083247780576972,13.694197706405053,10.877426809873922,2.454365907507415
4270,training,0,0.04153967276215553,0.027083247780576972,13.663259986539133,10.902836807822075,2.4514956816993516
4271,training,0,0.026792135089635856,0.027083247780576972,13.632565115411204,10.9283362496388,2.4444099591056467
4272,training,0,0.012272000312805176,0.027083247780576972,13.601901222885218,10.954076496725614,2.4424154126291158
4273,training,0,0.03236296400427819,0.027083247780576972,13.57132309592014,10.979861098204436,2.4390081470657274
4274,training,0.005968067,0.05951127968728542,0.027083247780576972,13.540918359256622,11.005657012265875,2.4364869008867736
4275,training,0.00833801,0.09552970342338085,0.011789887204182838,13.495195412813146,11.044540312790268,2.440479378361759
4276,training,0.034757458,0.11691579781472683,0.011789887204182838,13.464634959108132,11.069993868046808,2.4541704795635253
4277,training,0.009554468,0.07236581854522228,0.011789887204182838,13.433561814112444,11.09508444031008,2.4714529056956613
4278,training,0.0034214961,0.10950284823775291,0.011789887204182838,13.402161422353178,11.119532022257095,2.488541961466596
4279,training,0.0022494036,0.060755304992198944,0.011789887204182838,13.370320771849945,11.143437689260036,2.505678025206454
4280,training,0,0.004164328798651695,0.011789887204182838,13.338094892545877,11.166935556641274,2.513861226683321
4281,training,0,0.005863667465746403,0.028022504812384944,13.321901215800734,11.178680512141357,2.513529246849282
4282,training,0,0.023489709943532937,0.028022504812384944,13.289597022897762,11.20215707494061,2.512419450794866
4283,training,0,0.0029887338168919086,0.028022504812384944,13.257325821109964,11.225689145941972,2.5098601773011704
4284,training,0,0.0027468726038932835,0.028022504812384944,13.225102873987904,11.249297150826479,2.5091464946158855
4285,training,0,0.02637142688035965,0.028022504812384944,13.192822087841254,11.272885524305769,2.512323217968621
4286,training,0,0.0005526300519704784,0.028022504812384944,13.160537277592775,11.29632032964356,2.5154506653999547
4287,training,0,0.004949664697051048,0.028022504812384944,13.128147091387937,11.319592323448584,2.5217419708903965
4288,training,0,0.01667246781289578,0.028022504812384944,13.095611461954347,11.342678033610067,2.52595209804367
4289,training,0,0.026375304907560335,0.050591892143458876,13.062936551309019,11.36566160561754,2.5315680739118833
4290,training,0,0.028663974255323403,0.050591892143458876,13.030117861586849,11.388309851766044,2.543822143136301
4291,training,0.004607807,0.07798035815358162,0.050591892143458876,12.980411552741174,11.421369622521087,2.5662200855902677
4292,training,0,0.03996582329273224,0.050591892143458876,12.963632680191823,11.432125306151306,2.577008456959907
4293,training,0.0018152343,0.1225089505314827,0.050591892143458876,12.912804189649993,11.463043941473865,2.613448568431207
4294,training,0.0011462686,0.2200477570295334,0.050591892143458876,12.878057904052662,11.482638717148312,2.64628304902779
4295,training,0.0033557294,0.14786379784345627,0.06451873992429336,12.84298806334928,11.500625159065983,2.6911705638820633
4296,training,0.0028327405,0.09441635757684708,0.06451873992429336,12.806929494932712,11.517017973448738,2.737134705616186
4297,training,0,0.024031110107898716,0.06451873992429336,12.788517230317376,11.524670951089112,2.7581782026088795
4298,training,0.0052792095,0.051850585266947746,0.06451873992429336,12.732940705567163,11.54634555486072,2.7737934367521384
4299,training,0,0.03364357352256775,0.06451873992429336,12.69550942875613,11.560783245739437,2.7714465588688606
4300,training,0,0.0066940635442733765,0.06451873992429336,12.676847201785474,11.568063199010648,2.7675956897057072
4301,training,0,0.02541368082165718,0.08274688323198444,12.639770362929662,11.582740259020644,2.7616549796273038
4302,training,0.002214655,0.07211470603942871,0.08274688323198444,12.602553499554775,11.597686137494618,2.7579423851391764
4303,training,0,0.04231028817594052,0.08274688323198444,12.56551270583871,11.612709941564548,2.7546835870477557
4304,training,0,0.03227053955197334,0.08274688323198444,12.52854395395243,11.62777705382673,2.7551296541155628
4305,training,0,0.0051620267331600155,0.08274688323198444,12.491366113189102,11.642853670659772,2.7577666869109185
4306,training,0,0.02500733546912671,0.08274688323198444,12.454440886175552,11.657687245050495,2.761412171986565
4307,training,0,0.04243881069123745,0.08274688323198444,12.417251426521483,11.672451856627903,2.765997064350671
4308,training,0,0.04365711100399494,0.06594480441113491,12.380019798982161,11.687040854725783,2.770016264040928
4309,training,0,0.0049988701939582825,0.06594480441113491,12.342863684779612,11.70140339829113,2.7751088008506963
4310,training,0,0.010215995833277702,0.06594480441113491,12.305398330159962,11.715688187441053,2.779567374613183
4311,training,0,0.0014267675578594208,0.06594480441113491,12.268118034026402,11.72972850974224,2.783224581935964
4312,training,0,0.03851635195314884,0.06594480441113491,12.230667666087259,11.743647901583623,2.788225004870723
4313,training,0,0.023325497284531593,0.06594480441113491,12.193092164363062,11.757419021208419,2.7918531152719233
4314,training,0,0.006971267983317375,0.043045769683585096,12.15564927377642,11.770965853772278,2.796796912607267
4315,training,0,0.00935402326285839,0.043045769683585096,12.117920254989532,11.78440684677846,2.8020868794742775
4316,training,0,0.04674850404262543,0.043045769683585096,12.080305695012168,11.797603931333956,2.8061542851832706
4317,training,0,0.038136398419737816,0.043045769683585096,12.042592351079023,11.810630406976564,2.8117602591527966
4318,training,0,0.026222093030810356,0.043045769683585096,12.004725964060528,11.823489264589357,2.8159925902749476
4319,training,0,0.027280768379569054,0.043045769683585096,11.966932735795371,11.836141740284143,2.821070061013632
4320,training,0.005962521,0.06904390640556812,0.022479792920203634,11.928936035469775,11.848631475439044,2.8270609894838974
4321,training,0.0062431116,0.07017251290380955,0.022479792920203634,11.890957617264885,11.860889895547537,2.8313556499873993
4322,training,0.0030953921,0.07186150876805186,0.022479792920203634,11.833856203488919,11.878787065550334,2.8454589753452604
4323,training,0.02402798,0.06320427730679512,0.022479792920203634,11.795683777053455,11.890187225206736,2.8572097919232826
4324,training,0.013979507,0.10317980777472258,0.022479792920203634,11.757387042004925,11.901072596943402,2.8725891426732257
4325,training,0.0013431462,0.1324620246887207,0.014970837650548045,11.699591947450678,11.916254426806915,2.895974073454878
4326,training,0.0037392802,0.0937944445759058,0.014970837650548045,11.660807759602323,11.925715585005646,2.907331229979289
4327,training,0.01178841,0.05881589278578758,0.014970837650548045,11.62200130311961,11.934852880293532,2.9103257186770426
4328,training,0.01568948,0.0621705986559391,0.014970837650548045,11.602547132686041,11.939436827665714,2.9095196003021693
4329,training,0,0.04540625214576721,0.014970837650548045,11.563621152612159,11.948640604377909,2.9102841403253583
4330,training,0.004448273,0.10580740869045258,0.014970837650548045,11.524778707001833,11.957708316065613,2.9132050239902414
4331,training,0.0034621835,0.12458127923309803,0.026442190083347628,11.485842678705152,11.966722232030788,2.9149202075741307
4332,training,0.009097397,0.09552651271224023,0.026442190083347628,11.446899647288207,11.975632867186558,2.918401167292898
4333,training,0.00076413766,0.07093500345945357,0.026442190083347628,11.408024730570174,11.984417509697046,2.9191813235805184
4334,training,0.0053216508,0.08282415568828581,0.026442190083347628,11.388488852434206,11.988855479733415,2.9166102757834946
4335,training,0.0035008371,0.06570281460881233,0.026442190083347628,11.349498528112669,11.997890753037819,2.9102289527114005
4336,training,0.010853225,0.05601133406162262,0.026442190083347628,11.310646829057248,12.007229556601855,2.9001878246449295
4337,training,0,0.03796880692243576,0.03852266833612991,11.271799112483668,12.017002422473192,2.8908050635920133
4338,training,0,0.013530977070331573,0.03852266833612991,11.23305153608897,12.027065598664219,2.8839824590109306
4339,training,0,0.0032849572598934174,0.03852266833612991,11.194446708484287,12.037431005350593,2.874084286732544
4340,training,0,0.034497059881687164,0.03852266833612991,11.155916664618763,12.048165399451513,2.8658125652468267
4341,training,0,0.024385258555412292,0.03852266833612991,11.117424508636036,12.059222142923291,2.856943820783842
4342,training,0,0.011779049411416054,0.03852266833612991,11.079100404473719,12.070649005654893,2.847253628356907
4343,training,0,0.015163863077759743,0.03852266833612991,11.040861017906053,12.082349698349176,2.842107425185691
4344,training,0,0.030251650139689445,0.0461358573996205,11.002673788165485,12.09423626987545,2.837019345281494
4345,training,0,0.003007299732416868,0.0461358573996205,10.964601130913037,12.106249914286307,2.8350866381522395
4346,training,0,0.022870181128382683,0.0461358573996205,10.926430949566923,12.118338585523466,2.834525185899841
4347,training,0,0.01891934499144554,0.0461358573996205,10.88838700806989,12.130440454511742,2.83239347382143
4348,training,0,0.011355571448802948,0.0461358573996205,10.850364649396532,12.142565379959521,2.8332491867080902
4349,training,0,0.008620582520961761,0.0461358573996205,10.8122692782081,12.154683124271191,2.8329192329850894
4350,training,0,0.016761476173996925,0.04229476907083313,10.774229072717134,12.166810739943939,2.8330318399966226
4351,training,0,0.026475438848137856,0.04229476907083313,10.736114881458533,12.178921626669675,2.834761161400759
4352,training,0,0.01423594425432384,0.04229476907083313,10.698040779847314,12.190972436899333,2.8348307339507772
4353,training,0,0.014684075489640236,0.04229476907083313,10.65999873704395,12.202967924869332,2.8374680546923856
4354,training,0,0.008672315627336502,0.04229476907083313,10.621814471639723,12.214881136080585,2.8402300941291516
4355,training,0,0.0005958825349807739,0.04229476907083313,10.583698430822231,12.226684997532555,2.842583052518638
4356,training,0,0.011114193126559258,0.0024283675671702655,10.545511756853111,12.238359741639151,2.8472555965820794
4357,training,0,0.0331305768340826,0.0024283675671702655,10.507275447330482,12.24987170861853,2.8502692806921726
4358,training,0,0.02119287289679051,0.0024283675671702655,10.469031584159756,12.261246019096202,2.8549798624686455
4359,training,0,0.043703341856598854,0.0024283675671702655,10.43064791557141,12.2724308485404,2.860747171496481
4360,training,0,0.01911534182727337,0.0024283675671702655,10.392304012771135,12.283414512614154,2.8646177676131974
4361,training,0,0.026034324429929256,0.0024283675671702655,10.353897108907859,12.294191150745807,2.87165164494491
4362,training,0,0.010632982477545738,0.011699695204656302,10.315428656721132,12.304688075256243,2.877964456977135
4363,training,0,0.0004972256720066001,0.011699695204656302,10.276838079951798,12.314957963145558,2.8852025987614214
4364,training,0,0.019335895776748654,0.011699695204656302,10.238174859352075,12.32489971698354,2.89440349637486
4365,training,0,0.02169622294604778,0.011699695204656302,10.199516311503256,12.334521587599793,2.901119895244509
4366,training,0,0.013448517769575112,0.011699695204656302,10.160693740558717,12.343843899002453,2.91117298656304
4367,training,0,0.021113879978656776,0.011699695204656302,10.121895962669601,12.352702925915347,2.9219573952969515
4368,training,0,0.010446760803461075,0.01284452304582759,10.082849204416481,12.361214537737544,2.9320337145067863
4369,training,0,0.0004720427095890045,0.01284452304582759,10.043777580430534,12.369280879231543,2.943680201020945
4370,training,0,0.0018267519772052765,0.01284452304582759,10.004740314709164,12.376932480319532,2.9522597563837185
4371,training,0,0.0009902454912662506,0.01284452304582759,9.965402141252696,12.38427800586976,2.962212654111081
4372,training,0,0.0036378465592861106,0.01284452304582759,9.926242556418423,12.391138105134763,2.9730438989827546
4373,training,0,0.009139034897089011,0.01284452304582759,9.88684063991533,12.397642142789929,2.983233705443388
4374,training,0,0.013880491256713867,0.018716409331868956,9.847312129342482,12.403736278764676,2.9940882907956494
4375,training,0,0.0013867355883121456,0.018716409331868956,9.807951639555586,12.409423005697594,3.0016405920583114
4376,training,0,0.009104365482926369,0.018716409331868956,9.768250698930247,12.414901908521232,3.0075099871225843
4377,training,0,0.0065074339509010315,0.018716409331868956,9.728758213675036,12.420096638292774,3.0131080601945683
4378,training,0,0.0017034523189067771,0.018716409331868956,9.689153938244148,12.425104577817278,3.018485199867055
4379,training,0.0029694065,0.06387973204255104,0.015473376305248556,9.649350393824507,12.429912511117996,3.025115779469934
4380,training,0.0059298812,0.13101593032479286,0.015473376305248556,9.590009408697155,12.436491906900136,3.0377190890363477
4381,training,0.005079127,0.11767072416841984,0.015473376305248556,9.550106452636314,12.440404738373267,3.0524095686597255
4382,training,0,0.016029320657253265,0.015473376305248556,9.530339680542635,12.44208701360023,3.06087090797329
4383,training,0,0.010246150195598588,0.015473376305248556,9.490670916759935,12.444961639355245,3.0769585106580726
4384,training,0,0.03680854290723801,0.015473376305248556,9.450672373561474,12.447239758613447,3.093780992218546
4385,training,0,0.0426848866045475,0.015473376305248556,9.410984595989579,12.448781093612551,3.1124845185879915
4386,training,0.0058183325,0.0724217165261507,0.026440017960952987,9.371123081389785,12.449545507923311,3.1321453335550773
4387,training,0.008166189,0.05785000033210963,0.026440017960952987,9.31130264997863,12.449341879050158,-3.125977996996565
4388,training,0,0.04559122631326318,0.026440017960952987,9.291400747548314,12.44895796290835,-3.1191853993850263
4389,training,0,0.037573764100670815,0.026440017960952987,9.251393552626672,12.447843023629096,-3.109109226096079
4390,training,0,0.04357536323368549,0.026440017960952987,9.211576195582069,12.446433367577692,-3.103493170877033
4391,training,0,0.048728056252002716,0.02582684427283536,9.171687824644156,12.444798890440596,-3.0979792757787656
4392,training,0.0024922625,0.052582355216145515,0.02582684427283536,9.131702296483294,12.442970798956773,-3.0946477354919275
4393,training,0,0.0417658593505621,0.02582684427283536,9.09192746606496,12.441026597388037,-3.091025626814757
4394,training,0,0.04646585695445538,0.02582684427283536,9.0519585198044,12.438940391899957,-3.0882524225067174
4395,training,0,0.04216288588941098,0.02582684427283536,9.012032345397497,12.436796788979391,-3.0881843072158044
4396,training,0,0.0006418707780539998,0.02582684427283536,8.972230280415106,12.434639619868719,-3.087365847254982
4397,training,0,0.008957238867878914,0.02582684427283536,8.932222734383837,12.432472770170893,-3.0883875026070067
4398,training,0,0.004320088308304548,0.021827022469903323,8.892392383447012,12.430388652029249,-3.0899836345943443
4399,training,0,0.003960005939006804,0.021827022469903323,8.852426778406826,12.42833670808939,-3.090795971294745
4400,training,0,0.0007533063180744657,0.021827022469903323,8.812439574175134,12.426341002281767,-3.0931276525629596
4401,training,0,0.007085981778800489,0.021827022469903323,8.772629757194414,12.42441019196787,-3.0934519925060857
4402,training,0,0.005467643961310383,0.021827022469903323,8.732593196417266,12.422486399847164,-3.0941566450919398
4403,training,0,0.0010459818877279763,0.021827022469903323,8.692742187727804,12.42062613784992,-3.0953454981051767
4404,training,0,0.0012811790220439443,0.010932676334997617,8.652817307565204,12.41876397380248,-3.094813029360569
4405,training,0,0.011017080396413803,0.010932676334997617,8.612803298378942,12.41689652059623,-3.095874352690106
4406,training,0,0.01636905875056982,0.010932676334997617,8.573002473401736,12.415068227650643,-3.0954873190113923
4407,training,0,0.0187543760985136,0.010932676334997617,8.53299608301947,12.413200361789722,-3.0944954489461485
4408,training,0,0.01678633689880371,0.010932676334997617,8.493072912212485,12.41132203760364,-3.0949083656132
4409,training,0,0.019280020147562027,0.010932676334997617,8.453234854423588,12.409422542164098,-3.0933831879143554
4410,training,0,0.02194745652377605,0.001886082519382911,8.413219432638869,12.407471721801336,-3.0930964998402826
4411,training,0,0.028735350817441937,0.001886082519382911,8.37340265496272,12.40553683995394,-3.0927657858587554
4412,training,0,0.02203148789703846,0.001886082519382911,8.333440582046213,12.403556086212062,-3.09152518442884
4413,training,0,0.031234486028552055,0.001886082519382911,8.293476634491714,12.401547455522586,-3.0916007699657246
4414,training,0,0.04015878215432168,0.001886082519382911,8.253690315507965,12.399512721507458,-3.089887917010324
4415,training,0,0.0357827004045248,0.001886082519382911,8.21368267345986,12.397412323252976,-3.0889270451690214
4416,training,0,0.02659465558826923,0.013276331861696824,8.173850952900931,12.395316718792696,-3.088811564835957
4417,training,0,0.03498053178191184,0.013276331861696824,8.133932824471248,12.393187279255276,-3.0881743950699265
4418,training,0,0.042694056406617165,0.013276331861696824,8.093940071873162,12.391059843157835,-3.089434896711417
4419,training,0,0.04437455162405968,0.013276331861696824,8.054142988408461,12.388979690300488,-3.089326618621625
4420,training,0,0.034727012738585465,0.013276331861696824,8.014136333753187,12.386878243829313,-3.0892853960403057
4421,training,0,0.03419055230915546,0.013276331861696824,7.974230602709552,12.384821624486326,-3.0909067177591782
4422,training,0,0.02971936948597432,0.015070943266859043,7.934376031472478,12.382786699984127,-3.090596917132001
4423,training,0,0.039180429652333267,0.015070943266859043,7.894349651714982,12.380758606498267,-3.0923296221755083
4424,training,0,0.0411896724253893,0.015070943266859043,7.85452766700812,12.378833516013502,-3.094031590937339
4425,training,0,0.03682003356516362,0.015070943266859043,7.814530450288669,12.37695074127383,-3.095302122050318
4426,training,0,0.03388333879411221,0.015070943266859043,7.774539454591367,12.375148269716803,-3.098130884662003
4427,training,0,0.03598170168697834,0.015070943266859043,7.7347184329656695,12.37342285249359,-3.098967902162342
4428,training,0,0.03818182460963726,0.02306551566972207,7.694654225144679,12.37173564372401,-3.100579132629282
4429,training,0,0.04352734796702861,0.02306551566972207,7.654803728193139,12.370143764663725,-3.1024915858359443
4430,training,0,0.03483607433736324,0.02306551566972207,7.614835109302742,12.368602516794722,-3.1038478774160474
4431,training,0,0.0441670473664999,0.02306551566972207,7.574780971077818,12.36713838046356,-3.1069175391131636
4432,training,0,0.03163214214146137,0.02306551566972207,7.534958869612208,12.365783679271114,-3.1084529166183423
4433,training,0,0.032697251066565514,0.02306551566972207,7.4948777303516305,12.364497255081424,-3.1109132601387848
4434,training,0,0.02908226661384105,0.021700463949099125,7.454962308551557,12.363357424926667,-3.1150338150956145
4435,training,0,0.017305267974734306,0.021700463949099125,7.415007435752951,12.362365258715764,-3.1187527331463722
4436,training,0,0.026533535332418978,0.021700463949099125,7.374870578778284,12.361536678661981,-3.1238844574857794
4437,training,0,0.024851473048329353,0.021700463949099125,7.335034258475548,12.360928938468858,-3.1287573701815172
4438,training,0,0.027664164546877146,0.021700463949099125,7.294951859266351,12.360499287706956,-3.133179095114279
4439,training,0,0.03521248511970043,0.021700463949099125,7.254928813619932,12.360266520661467,-3.138379245920262
4440,training,0,0.04726804792881012,0.013770007515412994,7.2150252787946565,12.360214770960237,3.140760700673187
4441,training,0,0.04349754750728607,0.013770007515412994,7.174850389275051,12.360335835337237,3.1359319146162687
4442,training,0.0008825134,0.06381652690470219,0.013770007515412994,7.134981266631399,12.360664106761838,3.130855579821837
4443,training,0.0029002784,0.0701954010874033,0.013770007515412994,7.0748381010657555,12.36153339268145,3.12305165904503
4444,training,0.0040322053,0.07526777498424053,0.0046425719027890205,7.0149278909883535,12.362841980906051,3.116836830469879
4445,training,0.0045550712,0.06069985777139664,0.0046425719027890205,6.974818868724221,12.363879317401302,3.1147590995391914
4446,training,0.0027224869,0.057276669889688506,0.0046425719027890205,6.914975266091467,12.365538933259714,3.1136867101008634
4447,training,0.001502167,0.06933216005563737,0.0046425719027890205,6.854902114035379,12.367149606520865,3.116062688854612
4448,training,0.01386013,0.07528851367533207,0.0046425719027890205,6.834987151241664,12.36763164307191,3.11787241217394
4449,training,0.0073812967,0.05009198561310768,0.016087494599292863,6.795094529991057,12.368480838662313,3.12259069618272
4450,training,0,0.030934996902942657,0.016087494599292863,6.775040450143446,12.368842571287932,3.1250438474971904
4451,training,0,0.04252436757087709,0.016087494599292863,6.735103504946451,12.369374153997105,3.1319488595530296
4452,training,0,0.03667963668704033,0.016087494599292863,6.715223210781443,12.369514727602457,3.1369058716982616
4453,training,0,0.027375414967536912,0.016087494599292863,6.695268604702956,12.369556829310271,-3.1413260425983798
4454,training,0.0034933293,0.0636078603565693,0.016087494599292863,6.6552319827478135,12.369363005304283,-3.132269901170094
4455,training,0,0.04180852696299553,0.016087494599292863,6.615409763000905,12.368805203499228,-3.1221906376900233
4456,training,0.010386862,0.09903397411108017,0.024834848716364284,6.575496361779197,12.367775863890003,-3.109346870312146
4457,training,0.0018957988,0.09846685081720355,0.024834848716364284,6.535543798856292,12.366283329350471,-3.0998841168631257
4458,training,0.0039521484,0.09540731459856033,0.024834848716364284,6.495792819784609,12.36442471166978,-3.0906761899246895
4459,training,0.021588534,0.07143494486808778,0.024834848716364284,6.455835990083489,12.362221968246534,-3.0825057104590674
4460,training,0.0025253557,0.06893572211265565,0.024834848716364284,6.396198636584143,12.358349754100377,-3.0700999427190223
4461,training,0.0018863063,0.0584576688706875,0.024834848716364284,6.376278186651711,12.356876904853193,-3.0650221273464062
4462,training,0.004633996,0.11497922241687775,0.02527772428915312,6.336447868852382,12.353640017441059,-3.0567850970992096
4463,training,0.0049309325,0.0923023372888565,0.02527772428915312,6.296770296576128,12.350087738051425,-3.0475750019261088
4464,training,0.001327718,0.07403788715600969,0.02527772428915312,6.25702458146313,12.346132456479571,-3.0376308237840015
4465,training,0.0008004815,0.06122501939535141,0.02527772428915312,6.217327366931449,12.341835684727418,-3.0298974561389986
4466,training,0,0.04777355492115022,0.02527772428915312,6.177769206391464,12.337187841987115,-3.019220528250515
4467,training,0.007984025,0.11524648219347,0.02527772428915312,6.138196859074146,12.332113733765981,-3.009826945324424
4468,training,0.009882369,0.09837037324905398,0.02048174777599934,6.078921081982398,12.323841881628995,-2.9950471812881543
4469,training,0.010219827,0.06687071919441222,0.02048174777599934,6.05919343936006,12.320865999945061,-2.989588062525273
4470,training,0,0.04423843324184416,0.02048174777599934,6.01979527660158,12.314646586470026,-2.9803582299196996
4471,training,0,0.040811933577060686,0.02048174777599934,5.980430506063602,12.30804858603558,-2.970392958610811
4472,training,0,0.04517408087849617,0.02048174777599934,5.94120257963819,12.30107095255069,-2.9619526896043946
4473,training,0.015449234,0.10918744094669819,0.02048174777599934,5.90185667629223,12.293808680140712,-2.9560023153291635
4474,training,0.0046437266,0.07271478883922099,0.02048174777599934,5.862694349824708,12.28627226536961,-2.947067792269203
4475,training,0.00323193,0.06352546438574791,0.048144111945587445,5.82362911783678,12.278420809423778,-2.9395202180221953
4476,training,0,0.0033755116164684365,0.048144111945587445,5.784448253992165,12.270238849858274,-2.9312888559540213
4477,training,0,0.019899487495422367,0.048144111945587445,5.74558906242104,12.261739586641246,-2.9220132858662446
4478,training,0.0020994877,0.08033249527215956,0.048144111945587445,5.706619461038196,12.25288585792686,-2.9145138505973014
4479,training,0.0021586758,0.053923107683658586,0.048144111945587445,5.667714569648473,12.243732896784826,-2.906376613795496
4480,training,0,0.048957634717226015,0.06146164695998263,5.6290202803389215,12.23432749586702,-2.9004533724340624
4481,training,0,0.01323385164141655,0.06146164695998263,5.590109086420178,12.224673672677364,-2.896394434210679
4482,training,0,0.004233809188008308,0.06146164695998263,5.551465064119743,12.214903731314783,-2.8925909330873947
4483,training,0,0.016497144475579262,0.06146164695998263,5.512754732756423,12.205028835778709,-2.891611310520586
4484,training,0,0.02248208038508892,0.06146164695998263,5.473920237940968,12.19511699357807,-2.8915481872760567
4485,training,0,0.0341514777392149,0.06146164695998263,5.435285045924191,12.185284469209517,-2.8944636190988233
4486,training,0,0.023196445778012276,0.06146164695998263,5.396372915417271,12.175572305423492,-2.8998711892869937
4487,training,0,0.03599191270768641,0.04684797085781471,5.3575287953690625,12.166083806858305,-2.9045661835793353
4488,training,0,0.038615934550762177,0.04684797085781471,5.3186793577765235,12.156813938100651,-2.9103507899489003
4489,training,0,0.005477510392665863,0.04684797085781471,5.27959015308832,12.14773721436887,-2.9162207517473173
4490,training,0,0.018711281940340996,0.04684797085781471,5.240702869320133,12.138898593866314,-2.92078462032053
4491,training,0,0.02698067203164101,0.04684797085781471,5.201614958898967,12.130204438273857,-2.92469542975427
4492,training,0,0.013269412331283092,0.04684797085781471,5.162573450624707,12.121609844926814,-2.924302302107615
4493,training,0,0.016921626403927803,0.03859511378032579,5.123654524411149,12.112988845381848,-2.9228065098476583
4494,training,0,0.03197673428803682,0.03859511378032579,5.084533635433696,12.104240565163648,-2.919852994295024
4495,training,0,0.04561921767890453,0.03859511378032579,5.045714927792059,12.095359787580534,-2.9143750131209494
4496,training,0,0.010723676532506941,0.03859511378032579,5.006819541845772,12.086276459377904,-2.909982198711437
4497,training,0,0.031890747835859656,0.03859511378032579,4.967897053814193,12.076998776100561,-2.904211672658805
4498,training,0,0.04381329007446766,0.03859511378032579,4.929219369917784,12.067511870250748,-2.898724985858648
4499,training,0.00608199,0.05640917830169201,0.008966968650593914,4.870979734896685,12.052838724410918,-2.8899344392697124
4500,training,0,0.016214688308537006,0.008966968650593914,4.8324564996990444,12.042810882899452,-2.8853878481277038
4501,training,0,0.027667217887938023,0.008966968650593914,4.813125075936766,12.037731160459723,-2.88430745258139
4502,training,0,0.0027121901512145996,0.008966968650593914,4.774333078379042,12.02748729846947,-2.881491839380846
4503,training,0,0.03416156815364957,0.008966968650593914,4.735937763371907,12.017143244608198,-2.875625151241591
4504,training,0,0.041156951105222106,0.008966968650593914,4.6973863510536376,12.00650246347354,-2.86844504260578
4505,training,0,0.002058569341897968,0.032127442324347465,4.658911054939549,11.995565549736831,-2.860021165265085
4506,training,0,0.006874790415167812,0.032127442324347465,4.620700455417598,11.984373182724262,-2.8536059623104797
4507,training,0,0.024531926959753036,0.032127442324347465,4.582275828158437,11.972874623059177,-2.847615571945852
4508,training,0,0.0064624957740306785,0.032127442324347465,4.5441946304921075,11.961216646916077,-2.841136971251384
4509,training,0,0.04073658585548401,0.032127442324347465,4.506082592465388,11.949275963277561,-2.8348205095904486
4510,training,0.0036915375,0.05771170556545259,0.032127442324347465,4.4678876746459055,11.937062537821722,-2.8283571293129453
4511,training,0.009198055,0.06416218355298041,0.051781568963295915,4.430120141445328,11.924682432443648,-2.8220289926363558
4512,training,0,0.04611242562532425,0.051781568963295915,4.392115219375616,11.911993050828176,-2.816841343947448
4513,training,0.0028442706,0.05192749202251434,0.051781568963295915,4.335512321178803,11.892695509742952,-2.8081545960388454
4514,training,0.0033744927,0.05294005572795868,0.051781568963295915,4.31665741678322,11.886117454812288,-2.8036003741145974
4515,training,0,0.025187663733959184,0.051781568963295915,4.278904923464821,11.872647298811227,-2.792017233237025
4516,training,0,0.03697441518306732,0.057080971715606256,4.241731816798088,11.858755129733554,-2.775280409850631
4517,training,0,0.023932740092277527,0.057080971715606256,4.204626234758434,11.844113091889286,-2.7559796808536516
4518,training,0,0.03216850757598877,0.057080971715606256,4.167793239241021,11.828757984061712,-2.737558206741678
4519,training,0.0022115817,0.05916756391525269,0.057080971715606256,4.131470420726336,11.812777482205306,-2.7169585694037957
4520,training,0,0.015034683048725114,0.057080971715606256,4.095309916586728,11.795967605384014,-2.6958611852033636
4521,training,0,0.03216405212879182,0.057080971715606256,4.059620592502539,11.778384150223575,-2.6710950864104683
4522,training,0,0.018142454326152815,0.057080971715606256,4.024429871211591,11.759905565091323,-2.6455874001048256
4523,training,0,0.014360658824443803,0.06285126854866935,3.9895936803701244,11.740622297626228,-2.628482671359264
4524,training,0,0.011073604226112359,0.06285126854866935,3.9549297108072814,11.720835480930392,-2.617349423276249
4525,training,0,0.00018683820962907272,0.06285126854866935,3.920574327052849,11.700696629181307,-2.6065221628625097
4526,training,0,0.0232100710272789,0.06285126854866935,3.8863309153847143,11.68015287391972,-2.595004217368553
4527,training,0,0.023458071053028107,0.06285126854866935,3.8524496481306225,11.659148693669437,-2.578154675383469
4528,training,0,0.030024923384189613,0.06285126854866935,3.819052946003633,11.63765290812721,-2.5614677369215353
4529,training,0,0.03390643000602722,0.0032710929112598945,3.7857769200995586,11.615444052247186,-2.544149499694395
4530,training,0,0.04124438390135765,0.0032710929112598945,3.7531510301804087,11.592758214599352,-2.524183989619249
4531,training,0,0.02713848277926445,0.0032710929112598945,3.7209010237993625,11.569399829919105,-2.5054514623365898
4532,training,0,0.044774310663342476,0.0032710929112598945,3.6888775581183864,11.545352370052212,-2.4884123947568715
4533,training,0,0.010049629956483848,0.0032710929112598945,3.657509579351443,11.52100463648845,-2.4763695874169755
4534,training,0,0.024914934765547514,0.0032710929112598945,3.626089738121243,11.49617444473754,-2.4692779383927377
4535,training,0,0.027462156489491456,0.0032710929112598945,3.5949267617781318,11.471250349731434,-2.4648558048285625
4536,training,0,0.01418670080602169,0.029767960416973334,3.5638278834529684,11.446237033774786,-2.464790185797075
4537,training,0,0.016629065852612257,0.029767960416973334,3.532483674174117,11.421113964801652,-2.4672352944776796
4538,training,0,0.019836856052279472,0.029767960416973334,3.501328188010524,11.396298752977376,-2.4711810991080765
4539,training,0,0.0011026151478290523,0.029767960416973334,3.4698546707738096,11.371496429357704,-2.4776568468736495
4540,training,0,0.008484890684485435,0.029767960416973334,3.4382323176927296,11.346889030708553,-2.482425220496749
4541,training,0.0041325325,0.07743509486317633,0.029767960416973334,3.406702877381433,11.322489392401177,-2.482486008808473
4542,training,0,0.0024261903017759323,0.016185864484743392,3.3750062309544355,11.29788904190852,-2.48037297176357
4543,training,0.003826358,0.05276954360306263,0.016185864484743392,3.343588863332173,11.273397211333412,-2.4791517299313166
4544,training,0,0.047265082597732544,0.016185864484743392,3.3120510338714833,11.248815239412652,-2.480590474578968
4545,training,0.004347951,0.08604472875595093,0.016185864484743392,3.280285721661489,11.22424734485646,-2.486363194772142
4546,training,0.003987065,0.055986113846302046,0.016185864484743392,3.248561336555732,11.200090374485873,-2.4959499622693615
4547,training,0.006945447,0.09970240667462349,0.016185864484743392,3.2163227890926196,11.176096176718888,-2.5082946719488124
4548,training,0.00814918,0.101765651255846,0.016185864484743392,3.183921625477411,11.152609690870111,-2.520628634456186
4549,training,0.007220468,0.05990521609783171,0.035995249725958266,3.151244843927453,11.129541286033925,-2.5330969870269255
4550,training,0.008789087,0.09252285957336426,0.035995249725958266,3.1181561376930502,11.10677086441071,-2.5440736245879925
4551,training,0.0033476138,0.1088370680809021,0.035995249725958266,3.0850477990591294,11.08449452227863,-2.555143621406276
4552,training,0.0014691374,0.10517422668635845,0.035995249725958266,3.0515516567638437,11.062456628851365,-2.56344331206859
4553,training,0.0011162302,0.15326650813221931,0.035995249725958266,3.018005825097218,11.04066728897848,-2.5671041802220635
4554,training,0.0051415362,0.19217423163354397,0.035995249725958266,2.9845075353554362,11.019040593705247,-2.568655231565839
4555,training,0.0048145354,0.15533912926912308,0.0567906537527723,2.9508521627538835,10.997292393133248,-2.5661310790819165
4556,training,0.0010723827,0.16423065960407257,0.0567906537527723,2.9175577678917635,10.97551334472032,-2.5589657296587536
4557,training,0.005303122,0.1887776218354702,0.0567906537527723,2.884285468632262,10.953418435398694,-2.5515336755090012
4558,training,0.009064611,0.15470372140407562,0.0567906537527723,2.851151166089096,10.931035733526521,-2.543017252776274
4559,training,0.0016611652,0.15036270022392273,0.0567906537527723,2.8183570979566994,10.908493387587873,-2.5364449558393143
4560,training,0.0011782139,0.17281191796064377,0.0567906537527723,2.785488961644816,10.8855930498701,-2.5288102475125167
4561,training,0.003070059,0.20064594596624374,0.0567906537527723,2.7530262009303375,10.862496118867798,-2.517436562026109
4562,training,0.003691579,0.2320833057165146,0.0567906537527723,2.7208751345804054,10.83899946970881,-2.5027814690363974
4563,training,0.0034210123,0.17813637852668762,0.0023652815687674827,2.688888434796359,10.814859789017287,-2.4856135444553145
4564,training,0.013737514,0.19576383382081985,0.0023652815687674827,2.65768536672099,10.790382110897319,-2.4674665695335776
4565,training,0.0045377007,0.1636839099228382,0.0023652815687674827,2.6266725288221626,10.765199286580474,-2.4523165253728973
4566,training,0.0030410234,0.16797041147947311,0.0023652815687674827,2.5960101439171748,10.73964145734793,-2.4412978173373165
4567,training,0,0.04195056110620499,0.0023652815687674827,2.565685936830778,10.713834699016841,-2.432361719282183
4568,training,0.006377035,0.12058095261454584,0.0023652815687674827,2.520376300131825,10.674474325630644,-2.420464505420159
4569,training,0,0.04752372391521931,0.10647519230098315,2.5054959911007386,10.66133388909354,-2.4164085991936557
4570,training,0,0.014268055558204651,0.10647519230098315,2.475637151748872,10.634750056942002,-2.4149541579323786
4571,training,0,0.003880530595779419,0.10647519230098315,2.445753649272315,10.608140283154794,-2.411148526655562
4572,training,0,0.020595006644725793,0.10647519230098315,2.4162557049681244,10.58148272694578,-2.4027301697802392
4573,training,0,0.0023197382688522304,0.10647519230098315,2.386794525093327,10.55438017683954,-2.3926504415394634
4574,training,0.008964626,0.09142975136637688,0.10647519230098315,2.357669810185852,10.527157870755895,-2.387565335834456
4575,training,0,0.005197986960411072,0.10647519230098315,2.3287689578937036,10.499733579689403,-2.372912302189058
4576,training,0,0.038699351251125336,0.10647519230098315,2.3002876872843725,10.47174114288942,-2.36012926047477
4577,training,0,0.035453088581562056,0.20686036998318427,2.2722164558386284,10.443472882059005,-2.342535850842539
4578,training,0,0.025888785719871507,0.20686036998318427,2.2447827029536724,10.414586654172497,-2.3182343926859583
4579,training,0,0.03504018485546109,0.20686036998318427,2.217924584864398,10.385134881648247,-2.302825713092227
4580,training,0,0.03912939131259918,0.20686036998318427,2.19166826548742,10.355145880302457,-2.275025573654148
4581,training,0,0.021789900958538055,0.20686036998318427,2.166495121376574,10.324538884242484,-2.243547383333204
4582,training,0,0.03592685610055922,0.20686036998318427,2.1418321086964918,10.293093976110496,-2.228464996157024
4583,training,0.0024956907,0.05428963899612427,0.20686036998318427,2.117892643710542,10.26139007311749,-2.2057931879040265
4584,training,0,0.04464060068130493,0.18754800425136328,2.0947117852921178,10.229121510302571,-2.1813157462358737
4585,training,0,0.04267903417348862,0.18754800425136328,2.0722528056660012,10.196071552989874,-2.152179400878975
4586,training,0,0.02921718358993533,0.18754800425136328,2.0510651787288987,10.162680958058514,-2.120465239836267
4587,training,0,0.013305902481079074,0.18754800425136328,2.030730844107543,10.128430939974104,-2.0932194669378177
4588,training,0,0.014497295022010803,0.18754800425136328,2.011305853567003,10.09362451652517,-2.0658394577986248
4589,training,0,0.04869847744703293,0.18754800425136328,1.9929980823868063,10.05848836087572,-2.036543949419267
4590,training,0,0.006299480795860318,0.10703647204419608,1.9757346361232764,10.022661675798105,-2.003199862996166
4591,training,0,0.012835085391998263,0.10703647204419608,1.959539674992789,9.986353614109808,-1.978021094377686
4592,training,0,0.018831416964530945,0.10703647204419608,1.9443311092665305,9.949648467391683,-1.9483366208922346
4593,training,0,0.02449028193950653,0.10703647204419608,1.9300301439367538,9.912430266276113,-1.9285025307048385
4594,training,0,0.019546300172805786,0.10703647204419608,1.916319109719593,9.8749555715977,-1.9148454772724577
4595,training,0,0.01142036914825438,0.10703647204419608,1.9031619371537773,9.837407823108812,-1.9019710035015973
4596,training,0,0.007679171860218034,0.03525418727203278,1.8904846074159627,9.799578859008793,-1.8857594612923194
4597,training,0,0.01966565102338791,0.03525418727203278,1.8784145112763004,9.761546619588247,-1.870854002572285
4598,training,0.0027731238,0.054565150290727615,0.03525418727203278,1.8668429909505158,9.723466883868543,-1.8616111907065969
4599,training,0,0.019520733505487442,0.03525418727203278,1.8555229864825458,9.685054384367263,-1.8531430466925534
4600,training,0,0.017602557316422462,0.03525418727203278,1.8446499149466227,9.64680067250648,-1.8429123566723937
4601,training,0,0.01765512302517891,0.03525418727203278,1.8340975640963606,9.608312585696309,-1.8338610551939354
4602,training,0,0.02202992886304856,0.0019427844445656828,1.823885352896028,9.56960798139235,-1.8227252561176792
4603,training,0,0.02075248956680298,0.0019427844445656828,1.8142106887401155,9.53109004789897,-1.8116652858986029
4604,training,0,0.005460631102323539,0.0019427844445656828,1.8048487725292626,9.492169615121032,-1.8016790214011695
4605,training,0,0.0014181099832057953,0.0019427844445656828,1.7958826895829463,9.453302945324989,-1.7940616747229203
4606,training,0,0.038410814478993416,0.0019427844445656828,1.7871862922727488,9.414389662451075,-1.787442453156466
4607,training,0,0.017143836710602045,0.0019427844445656828,1.7786688872510557,9.375178193913113,-1.7813492785943628
4608,training,0,0.01768969791010022,0.020292666402427557,1.7704572290372027,9.336241491565534,-1.776527367671275
4609,training,0,0.01678421348333359,0.020292666402427557,1.7623544494457652,9.297050697035504,-1.7731644203240249
4610,training,0,0.007385801523923874,0.020292666402427557,1.7543444745066796,9.257836884758927,-1.7715327374699803
4611,training,0,0.000535222701728344,0.020292666402427557,1.7464226939286747,9.218763262735251,-1.7703660540903412
4612,training,0,0.03907459042966366,0.020292666402427557,1.7385044915295766,9.179427626882104,-1.7680934687197143
4613,training,0,0.02921933215111494,0.020292666402427557,1.730743862851005,9.14034453010562,-1.7653445142510693
4614,training,0,0.024201490450650454,0.023660827364071026,1.723086738785454,9.101119181298873,-1.7617553012025484
4615,training,0,0.02779096784070134,0.023660827364071026,1.715538770595473,9.061747325165326,-1.7582963155382842
4616,training,0,0.01616982789710164,0.023660827364071026,1.708204862855551,9.022629939955081,-1.7542600779878825
4617,training,0,0.00014869123697280884,0.023660827364071026,1.7009449334882722,8.983208498590379,-1.7517089108503336
4618,training,0,0.009312818758189678,0.023660827364071026,1.6937559554730346,8.943911852237084,-1.751872593896993
4619,training,0,0.01583775319159031,0.023660827364071026,1.6865668459738505,8.904630792875533,-1.7520359872603393
4620,training,0,0.022823026403784752,0.026698583046132585,1.6793486504485484,8.865145490258174,-1.7507806977457363
4621,training,0,0.017376584932208058,0.026698583046132585,1.672249662723369,8.825966063562227,-1.7494036983292112
4622,training,0,0.0006998707540333271,0.026698583046132585,1.665151697203805,8.786555884706507,-1.7489439120585772
4623,training,0,0.008118042722344398,0.026698583046132585,1.6580365781866053,8.747157083173946,-1.7504180640923248
4624,training,0,0.004742609336972237,0.026698583046132585,1.6508832853178903,8.707909464238602,-1.751929480113092
4625,training,0,0.00465439585968852,0.026698583046132585,1.6436315532799284,8.668423037615092,-1.7529810802959127
4626,training,0,0.020109953358769417,0.024084483750667744,1.63638426496604,8.629212984998022,-1.7539078447860372
4627,training,0,0.033015936613082886,0.024084483750667744,1.629110094298639,8.589885740082373,-1.7535488058248734
4628,training,0,0.04348369687795639,0.024084483750667744,1.6218551866111017,8.550468772869243,-1.751929076079914
4629,training,0.0044049313,0.06102376990020275,0.024084483750667744,1.6113091939460304,8.491590113593581,-1.7440581618353597
4630,training,0.0026012505,0.058255504816770554,0.024084483750667744,1.6013390911278174,8.432490802027083,-1.7304173465722803
4631,training,0,0.03521981742233038,0.019522795941279567,1.5982327808578545,8.412845185911879,-1.724986795114376
4632,training,0,0.02900201268494129,0.019522795941279567,1.5952199527780215,8.39309982100153,-1.7198687060925606
4633,training,0,0.009257680736482143,0.019522795941279567,1.5893519625796793,8.35344828627189,-1.7167413604378612
4634,training,0.0020904767,0.06123392656445503,0.019522795941279567,1.5808250156793595,8.294252534255943,-1.7105023014796108
4635,training,0.0018363486,0.05192161723971367,0.019522795941279567,1.572728544724027,8.234799728124694,-1.7013637916162554
4636,training,0.00535365,0.10280236229300499,0.019522795941279567,1.5677002040804193,8.195281041096312,-1.6935816258720673
4637,training,0.0038494372,0.09857295081019402,0.012121161205979227,1.5629602821218416,8.155515889357451,-1.684887901616873
4638,training,0.0028776585,0.0815544668585062,0.012121161205979227,1.5585907544714173,8.115954409416439,-1.67683825321972
4639,training,0.006509989,0.056056149303913116,0.012121161205979227,1.554491526264239,8.076199578104713,-1.67237057830322
4640,training,0.017983302,0.13258564844727516,0.012121161205979227,1.5504419085486605,8.036429520345918,-1.6728604253573185
4641,training,0.0083764605,0.09649645537137985,0.012121161205979227,1.5464455860088357,7.996766434309546,-1.668320890094497
4642,training,0.0053525963,0.08688121289014816,0.012121161205979227,1.5408500716671492,7.937059494250237,-1.6616288875655414
4643,training,0.0033443943,0.05893540941178799,0.00938950467883459,1.537288954082533,7.897330083987963,-1.659093490591023
4644,training,0,0.0451866388320923,0.00938950467883459,1.5355406741727655,7.877407553000707,-1.6573370168183208
4645,training,0,0.04390483722090721,0.00938950467883459,1.532222550758899,7.837618246788933,-1.6509640811431965
4646,training,0,0.03933497518301009,0.00938950467883459,1.5306688575713039,7.8177176572041365,-1.646938637443013
4647,training,0,0.02258887141942978,0.00938950467883459,1.5292099581007772,7.797869489602672,-1.641477666507858
4648,training,0,0.0473892018198967,0.00938950467883459,1.5266227929611835,7.757994271545521,-1.6297772028696957
4649,training,0,0.03827265650033951,0.02589883987032949,1.5244350408946232,7.718182678366874,-1.6226611411882907
4650,training,0.0023253583,0.053520658984780325,0.02589883987032949,1.5225104293133536,7.678332479116622,-1.6155589939371044
4651,training,0,0.02360695600509645,0.02589883987032949,1.5208526657169044,7.638469844139105,-1.6103174986860105
4652,training,0,0.027932360768318176,0.02589883987032949,1.5194012342860563,7.598552293583579,-1.6034986544252947
4653,training,0,0.04207073152065276,0.02589883987032949,1.5182661754383775,7.558635720824035,-1.595363059212828
4654,training,0,0.03664080798625946,0.02589883987032949,1.5173723831155381,7.518753030152145,-1.5917872907196593
4655,training,0,0.031561203300952904,0.02589883987032949,1.5166159387219258,7.478800889481535,-1.5875582915511282
4656,training,0,0.02779838815331459,0.037262887918937324,1.516042927183773,7.438928898126523,-1.5840808227499237
4657,training,0,0.03432486020028592,0.037262887918937324,1.5155592548829624,7.398932623254876,-1.5819645988220983
4658,training,0,0.03367886692285538,0.037262887918937324,1.5151948185081705,7.358983755625957,-1.577719800838563
4659,training,0,0.038957299664616585,0.037262887918937324,1.5149664262789553,7.319123049799472,-1.5761738588933596
4660,training,0,0.042740851640701294,0.037262887918937324,1.5147971019008526,7.279115072248897,-1.5738108616279447
4661,training,0,0.03600812330842018,0.037262887918937324,1.514741444100834,7.239204575850703,-1.57153635879373
4662,training,0,0.03686000779271126,0.03765585214237186,1.5147102031123119,7.199210288890803,-1.5720476458148733
4663,training,0.008930392,0.08005218580365181,0.03765585214237186,1.514677290583728,7.159228704606025,-1.5712741008358673
4664,training,0,0.020154118537902832,0.03765585214237186,1.5146731059337433,7.1192947751928575,-1.5709544130053326
4665,training,0,0.023065712302923203,0.03765585214237186,1.5147077367563535,7.079266267547065,-1.5680898973603117
4666,training,0,0.02945636212825775,0.03765585214237186,1.5149383440436344,7.039345306640342,-1.5626376070615262
4667,training,0.005763572,0.07487682439386845,0.03765585214237186,1.515285268941434,6.99941880072917,-1.5620155217862817
4668,training,0,0.012713042087852951,0.04104914403118564,1.5156773116218305,6.959449933750398,-1.5597545314295977
4669,training,0.0041024666,0.0623115599155426,0.04104914403118564,1.5161858281909035,6.919526698823604,-1.5570940997083735
4670,training,0.0080122575,0.08996901847422123,0.04104914403118564,1.5167568397995794,6.879511114979115,-1.5564150858931278
4671,training,0.006972607,0.10158342495560646,0.04104914403118564,1.5176223840691658,6.819604500973765,-1.5595725258251825
4672,training,0.008283909,0.06345427595078945,0.04104914403118564,1.5179136574184315,6.779533334245562,-1.567475368617125
4673,training,0.014648111,0.07145908847451211,0.04343697035197518,1.5179463073745958,6.739580208507952,-1.572572817288333
4674,training,0,0.03133281320333481,0.04343697035197518,1.5177828822889712,6.699587391112397,-1.5762016923846747
4675,training,0,0.034429067745804794,0.04343697035197518,1.5176769038747864,6.679561955954701,-1.5759402191767315
4676,training,0,0.028402725234627724,0.04343697035197518,1.5175171700534242,6.6395911253964695,-1.5735745741235194
4677,training,0.0029398673,0.06243814155459404,0.04343697035197518,1.5174435055270032,6.599702465979802,-1.572531370272829
4678,training,0,0.03873648680746555,0.04343697035197518,1.5174012452458856,6.559671971224301,-1.5714913977988376
4679,training,0.003872307,0.08347540535032749,0.04347650913613844,1.5174045653057866,6.519690419901869,-1.5707832683883272
4680,training,0.0045312895,0.07319821789860725,0.04347650913613844,1.5173093568558178,6.4597074597642266,-1.574205522540584
4681,training,0.012687903,0.08507848531007767,0.04347650913613844,1.5170993718432266,6.419698986001289,-1.5790276026689054
4682,training,0.004106671,0.051831470802426345,0.04347650913613844,1.5162681891320275,6.359654622449934,-1.5900713275396414
4683,training,0,0.004678651690483093,0.04347650913613844,1.5158705298252237,6.339701077785293,-1.590611319888427
4684,training,0,0.014931019395589822,0.04347650913613844,1.5154932083571495,6.31971765890062,-1.5884277364176822
4685,training,0,0.00943545252084732,0.04682503883033114,1.5149436626045152,6.2798903617494455,-1.581094190461162
4686,training,0,0.032333541661500924,0.04682503883033114,1.5146990644073328,6.239941808747141,-1.5731064225649039
4687,training,0,0.04840644635260106,0.04682503883033114,1.5147267459326144,6.200054524187357,-1.569237167500894
4688,training,0.0026145547,0.05732311494648456,0.04682503883033114,1.514770750219744,6.160042674043666,-1.571041507141034
4689,training,0,0.04678955487906933,0.04682503883033114,1.5147477592744005,6.120097657802903,-1.5720849471512952
4690,training,0.008368699,0.05189923383295536,0.04682503883033114,1.514566000817691,6.060079907310694,-1.5762164658237272
4691,training,0.004816858,0.06989002041518688,0.049210891446425105,1.5143234401844057,6.020129436538794,-1.5778255739413827
4692,training,0.0026312054,0.10479984804987907,0.049210891446425105,1.513938788369044,5.980100565125523,-1.5840516684935309
4693,training,0.003325791,0.11431797221302986,0.049210891446425105,1.5126899994879193,5.920078369800236,-1.6002215511478177
4694,training,0.002467429,0.08013198152184488,0.049210891446425105,1.51128456547306,5.879976021603,-1.6116207706896764
4695,training,0,0.026293687522411346,0.049210891446425105,1.5104046864489613,5.859938344738862,-1.6172458060361596
4696,training,0,0.03288924694061279,0.05244559958666485,1.5094756572549044,5.83994335094397,-1.6167564263239034
4697,training,0,0.04077508673071861,0.05244559958666485,1.5078701757995563,5.800079656651897,-1.6050777445417606
4698,training,0.011730891,0.05713134631514549,0.05244559958666485,1.5062068286110062,5.74024645090779,-1.5934209978794085
4699,training,0.0042490717,0.08095458522439003,0.05244559958666485,1.5053989241655386,5.700319152148706,-1.589113857582305
4700,training,0.0037874263,0.08949662744998932,0.05244559958666485,1.5045999980336797,5.66028715459921,-1.5938522571763694
4701,training,0.006471318,0.07838968746364117,0.05244559958666485,1.5035643301063821,5.62027251093914,-1.5993600858697843
4702,training,0,0.037997880950570107,0.06128421898653155,1.502375772626498,5.580300278366509,-1.600752435699846
4703,training,0.0053923517,0.051515839993953705,0.06128421898653155,1.5012238017379405,5.540395817334601,-1.5975787849249985
4704,training,0,0.0342855378985405,0.06128421898653155,1.5007251081513737,5.520436435015761,-1.5942193510019294
4705,training,0,0.03759435564279556,0.06128421898653155,1.4999537727798116,5.480519702528259,-1.5865821193697243
4706,training,0,0.04307516105473041,0.06128421898653155,1.499408165119067,5.440640600264724,-1.5824524830947024
4707,training,0.002372535,0.059669261798262596,0.06128421898653155,1.499042601396356,5.400695407182174,-1.5777323468556095
4708,training,0.0017389512,0.09347063302993774,0.0649381891904183,1.4987266350418917,5.340757445275025,-1.5763638120104633
4709,training,0.0021739863,0.1317688524723053,0.0649381891904183,1.4984002935160958,5.300800328878028,-1.5822375875016677
4710,training,0.007850101,0.14940156787633896,0.0649381891904183,1.4970812059151595,5.240635820626961,-1.6050413850006398
4711,training,0.0063273134,0.10750803723931313,0.0649381891904183,1.4954006090408385,5.200676031428583,-1.6207996733855428
4712,training,0.0044056233,0.12102203443646431,0.0649381891904183,1.4931317750007016,5.160650319872865,-1.6327176163999284
4713,training,0.005998061,0.11563610471785067,0.07198869912883955,1.490533789797902,5.1207658863038485,-1.6375884814609731
4714,training,0.0013130014,0.10519602335989475,0.07198869912883955,1.4892084231156835,5.1008636273079,-1.6370702454026242
4715,training,0.0033213494,0.10807769000530244,0.07198869912883955,1.4865983890614654,5.060927009919608,-1.6353623064712555
4716,training,0.0095246285,0.10249749012291431,0.07198869912883955,1.4840335942542382,5.02109261579673,-1.6348009799799577
4717,training,0.0033522872,0.10900424420833588,0.07198869912883955,1.4827746615908264,5.001191481278305,-1.6332106864065488
4718,training,0.0036735435,0.11004804261028768,0.07198869912883955,1.4803500728598507,4.961260164053371,-1.6301738123255196
4719,training,0.01503242,0.11836994439363481,0.09323449914297341,1.4779897880167658,4.9214140464861575,-1.6301304135639358
4720,training,0.002242701,0.13110263273119926,0.09323449914297341,1.4756504805723545,4.881542854227489,-1.6293460178885277
4721,training,0.00223251,0.15132492408156392,0.09323449914297341,1.4732893952768504,4.841658741553369,-1.632364853017832
4722,training,0.0069608563,0.1640684362500906,0.09323449914297341,1.4707351345927198,4.801746239918085,-1.6374011425040331
4723,training,0.020296082,0.1701979320496321,0.09323449914297341,1.4679914993979324,4.761810859779177,-1.6414009966386054
4724,training,0.0028077248,0.17635849490761757,0.09323449914297341,1.4650614467375653,4.721950949567615,-1.64741056897875
4725,training,0.0040003364,0.1840911377221346,0.10842246855215308,1.4619309301156431,4.682127816781343,-1.6509912847366035
4726,training,0.0052756486,0.19052317552268505,0.10842246855215308,1.458904665311948,4.642557218088986,-1.6342216513078633
4727,training,0.003677281,0.15899964421987534,0.10842246855215308,1.4570573918519025,4.602865749983338,-1.599855808805759
4728,training,0.0033670045,0.14853085950016975,0.10842246855215308,1.4566114168383855,4.5631743843089145,-1.5655471467796378
4729,training,0.0020771425,0.12021829187870026,0.10842246855215308,1.457363468018351,4.523526342450805,-1.5402494796547714
4730,training,0.010388961,0.09508879482746124,0.10842246855215308,1.4590013824170736,4.483586764946449,-1.5206528811440971
4731,training,0.0021511503,0.08527971804141998,0.11108121336709025,1.4613548360612192,4.443879597191667,-1.504699184534827
4732,training,0.0023774821,0.09628879278898239,0.11108121336709025,1.4642046432615565,4.40405427396112,-1.494779975146741
4733,training,0.0020143045,0.09776539355516434,0.11108121336709025,1.4691380094521,4.344411901255263,-1.482543583700563
4734,training,0.01018882,0.08757316507399082,0.11108121336709025,1.4727624518280547,4.3046371712726,-1.47738850002547
4735,training,0.0025018007,0.08297093212604523,0.11108121336709025,1.4765818344714527,4.264789697592527,-1.4722664232262133
4736,training,0.0078023104,0.09812144190073013,0.11108121336709025,1.4825857848954682,4.205227463607497,-1.4705510056339353
4737,training,0.0027139569,0.10633526928722858,0.08522536555020173,1.4886168503711177,4.145518365962018,-1.4695870000750009
4738,training,0.002677559,0.058338798582553864,0.08522536555020173,1.4926199048123365,4.1057879601568885,-1.4716532759000338
4739,training,0,0.042057499289512634,0.08522536555020173,1.494596032425647,4.0858138121348695,-1.4733443486312865
4740,training,0.0033894442,0.050011128187179565,0.08522536555020173,1.499916735257115,4.026041948257022,-1.4918475581636252
4741,training,0.0054212464,0.0658215843141079,0.08522536555020173,1.5028100080019837,3.9860097168241593,-1.5056322789742167
4742,training,0.0033877227,0.07090145349502563,0.0606132840045825,1.5062454186682117,3.9260787515101763,-1.5210728194552787
4743,training,0.006233342,0.08531376346945763,0.0606132840045825,1.5080416873570808,3.886043154500989,-1.5307974100014725
4744,training,0.002924104,0.09526704996824265,0.0606132840045825,1.5094955034567668,3.846046066582336,-1.5377643438087545
4745,training,0.0026836162,0.07651904784142971,0.0606132840045825,1.5106961833106134,3.806112906054965,-1.543635127665288
4746,training,0,0.04964303784072399,0.0606132840045825,1.5112119646351616,3.786071474549374,-1.5466881706451623
4747,training,0.0024330597,0.051088957116007805,0.0606132840045825,1.512090484118877,3.74609046232792,-1.550348042106528
4748,training,0,0.030442634597420692,0.04966302707840385,1.512486382547676,3.7260990242880094,-1.5519966002699923
4749,training,0,0.03564011864364147,0.04966302707840385,1.5131036145614278,3.6860750910690574,-1.5608017856915755
4750,training,0,0.030725771561264995,0.04966302707840385,1.5132524802979828,3.666030903511293,-1.5659125289583014
4751,training,0,0.04079339234158397,0.04966302707840385,1.5133132876809456,3.646066715650622,-1.5699427935935473
4752,training,0,0.03589039295911789,0.04966302707840385,1.5131758552769983,3.6060292227742266,-1.5790201113716693
4753,training,0,0.022389406338334084,0.04966302707840385,1.5126567162927846,3.565965847368044,-1.5876659355061744
4754,training,0,0.019438593182712793,0.04966302707840385,1.5119047606865903,3.5260098633226784,-1.5915508287246682
4755,training,0,0.026495978236198422,0.04695474753090824,1.510995828229233,3.4860863905161983,-1.5957078815394514
4756,training,0,0.027435695752501488,0.04695474753090824,1.5099665103331203,3.446100139995858,-1.5968596351235007
4757,training,0,0.020174773409962654,0.04695474753090824,1.508938172713117,3.4061803304556233,-1.5973330586462724
4758,training,0,0.024647304788231853,0.04695474753090824,1.507851622351155,3.366203494382126,-1.598615678271614
4759,training,0,0.034314678981900215,0.04695474753090824,1.5067492958245152,3.3262460448924083,-1.5985175476196498
4760,training,0,0.03610146977007389,0.04695474753090824,1.5056148944199075,3.286348149660331,-1.601042307634723
4761,training,0,0.0317749623209238,0.042690739499141386,1.5043607906157457,3.2463518752851206,-1.6030873996988675
4762,training,0,0.014392971992492676,0.042690739499141386,1.5030968532772708,3.2063860926849026,-1.602050904762844
4763,training,0,0.008619241416454315,0.042690739499141386,1.5018541775687926,3.166516405696247,-1.6013792928179085
4764,training,0,0.02472776604554383,0.042690739499141386,1.5007302295661697,3.1265891218011963,-1.5960560161346504
4765,training,0,0.04992783814668656,0.042690739499141386,1.4998337442432699,3.0867281614595363,-1.5917221745795789
4766,training,0,0.0475673321634531,0.042690739499141386,1.499063570050261,3.0467313430199514,-1.588691606616282
4767,training,0,0.04979581758379936,0.0454570997365282,1.4984604608165422,3.006799066837456,-1.5832211953856608
4768,training,0,0.048754485324025154,0.0454570997365282,1.4980241336268119,2.966941404948438,-1.5806436007997489
4769,training,0,0.045224374160170555,0.0454570997365282,1.49770922420379,2.9269483617996697,-1.5764066381522661
4770,training,0,0.035701049491763115,0.0454570997365282,1.4975763967518136,2.8871007489002216,-1.573291375704334
4771,training,0,0.034330541267991066,0.0454570997365282,1.4975125608823072,2.8470996371377972,-1.5716403540327635
4772,training,0,0.04864099249243736,0.0454570997365282,1.4975607558581696,2.8071264107198606,-1.567277662601545
4773,training,0,0.027663213200867176,0.04242640923216784,1.4977668939119728,2.7672566857947642,-1.5648745385272311
4774,training,0,0.023595125414431095,0.04242640923216784,1.4980526356751835,2.727220956851465,-1.562467083871151
4775,training,0,0.017442814074456692,0.04242640923216784,1.4984626542850639,2.6872976325684883,-1.5592727432752334
4776,training,0,0.026571825146675113,0.04242640923216784,1.498942226689925,2.6473201538335025,-1.5586780912398843
4777,training,0,0.0038240421563386917,0.04242640923216784,1.499464456179846,2.6073726909952475,-1.55666507230107
4778,training,0,0.009367415681481361,0.04242640923216784,1.500038871544602,2.56743740602034,-1.5572540915881523
4779,training,0,0.009258612524718046,0.03935756517560938,1.5005352088489854,2.527388958822391,-1.559511092236611
4780,training,0,0.033555364236235626,0.03935756517560938,1.5009876246115983,2.487469766056185,-1.5601969538560074
4781,training,0,0.03340642713010311,0.03935756517560938,1.5013534649904476,2.4474953440823533,-1.5635632070224563
4782,training,0,0.028532298281788833,0.03935756517560938,1.501608599493735,2.4075334654216447,-1.5648320347992342
4783,training,0,0.029304763302206993,0.03935756517560938,1.5018398290976296,2.367567459441676,-1.5660266323331933
4784,training,0,0.03356684185564517,0.03935756517560938,1.5019822884797158,2.327533014310649,-1.5683714101151065
4785,training,0,0.03777707554399967,0.04334962492048959,1.5020943624350165,2.287580744942473,-1.5677818482459034
4786,training,0,0.017521589063107967,0.04334962492048959,1.5022193877846053,2.2476351368462604,-1.5682436259089803
4787,training,0.0039064456,0.050375500693917274,0.04334962492048959,1.5023326016320309,2.207603642546306,-1.5675319839336732
4788,training,0.0056323153,0.0571881327778101,0.04334962492048959,1.5027515951511061,2.1277106791196694,-1.5642348352957325
4789,training,0,0.04097184911370277,0.04334962492048959,1.5028922594124539,2.10773274694799,-1.5638095835577248
4790,training,0,0.0016511017456650734,0.04131022877821866,1.5030358830370567,2.0877516665719886,-1.56363294621267
4791,training,0,0.0018660113564692438,0.04131022877821866,1.503302235724435,2.0477947813713167,-1.5651342780881987
4792,training,0,0.009925305843353271,0.04131022877821866,1.5035121294629779,2.0077677963735354,-1.565654826455019
4793,training,0,0.01271078735589981,0.04131022877821866,1.5037729273199232,1.9678354198453394,-1.5630732264514315
4794,training,0,0.03453702852129936,0.04131022877821866,1.504115574697631,1.9279080815657093,-1.5615629542314018
4795,training,0.0020842224,0.07537709176540375,0.04131022877821866,1.504541403379107,1.8878993678136007,-1.558492941881847
4796,training,0.002489017,0.05177225917577742,0.021170642452041793,1.5051164671435515,1.8480095347088015,-1.5549986825730886
4797,training,0.0024580327,0.05637986212968826,0.021170642452041793,1.5058385380406987,1.808018301088755,-1.5491531258975777
4798,training,0.0032091942,0.07470487058162689,0.021170642452041793,1.5069526693187347,1.7681338762920515,-1.5345680378066608
4799,training,0.0027200016,0.0631255507469177,0.021170642452041793,1.5087244420849648,1.7284556498853394,-1.5175028719568338
4800,training,0.005268531,0.13524506241083145,0.021170642452041793,1.511211362128359,1.6885211540526779,-1.4999414401815916
4801,training,0.008137036,0.12194464728236198,0.021170642452041793,1.5143710667723485,1.648787324004202,-1.485110536995279
4802,training,0.003877816,0.13058367371559143,0.03292419078412798,1.5179853590850607,1.6090157881237097,-1.4754005442406148
4803,training,0.0020286357,0.15865469723939898,0.03292419078412798,1.5220047485491697,1.5692588638178697,-1.4623630294246923
4804,training,0.0076788086,0.169544517993927,0.03292419078412798,1.5266030654390612,1.5297988149527635,-1.4471089215935236
4805,training,0.001326499,0.20867109298706055,0.03292419078412798,1.5318971088989224,1.4901732045402543,-1.4268711620055765
4806,training,0.011317169,0.17345291376113897,0.03292419078412798,1.5380441933671805,1.4508680509968237,-1.402206182357449
4807,training,0.0040524444,0.18366138637065893,0.03292419078412798,1.5452075064085837,1.4117871967210498,-1.3771552342248714
4808,training,0.0064130155,0.13103145360946655,0.06656502268688153,1.5533860399046209,1.372666153972439,-1.3509437622697011
4809,training,0.004303325,0.21675339341163635,0.06656502268688153,1.562586268795449,1.3341601663089482,-1.320623501274246
4810,training,0.0011645424,0.1580895185470581,0.06656502268688153,1.5730800051543978,1.2958240666788168,-1.285294806690131
4811,training,0.0074316985,0.21247275173664093,0.06656502268688153,1.5849447089811046,1.2579202111781396,-1.2497723485486183
4812,training,0.0035111583,0.2267979085445404,0.06656502268688153,1.5981281420828573,1.2205949931063251,-1.213417607824164
4813,training,0.05684104,0.20839159190654755,0.06656502268688153,1.612642717340149,1.1837598010873214,-1.1766499984743466
4814,training,0.0017457183,0.20531179010868073,0.07380901516324799,1.6286141266988177,1.1473447591347166,-1.1380783457938168
4815,training,0.0029723616,0.13861101865768433,0.07380901516324799,1.6459735873814163,1.111774908975796,-1.0938292785674797
4816,training,0.00121544,0.12159836292266846,0.07380901516324799,1.6649429232182578,1.0771692548470246,-1.0412938700791263
4817,training,0.0057875286,0.05275496840476995,0.07380901516324799,1.6859844422912704,1.0435966136878432,-0.9803586544796671
4818,training,0.003519162,0.05016958713531494,0.07380901516324799,1.7088447294243003,1.011631270138403,-0.9190753078603403
4819,training,0.0043725935,0.13868673145771027,0.03452522523167201,1.7337286724113516,0.9810723172557361,-0.8547554454285363
4820,training,0.005543258,0.15198306739330286,0.03452522523167201,1.7604927686950786,0.9519683473327574,-0.8066324196808582
4821,training,0.006559454,0.13969846069812775,0.03452522523167201,1.7885336417036477,0.92379385387003,-0.7683031425190328
4822,training,0.0035111397,0.13358522951602936,0.03452522523167201,1.8174851145446826,0.8968344444409136,-0.7326156365144085
4823,training,0.0049101477,0.11500325798988342,0.013791520839733161,1.847530005414636,0.8708028110202424,-0.692870223356924
4824,training,0.0018324906,0.09394384920597071,0.013791520839733161,1.8785928672963506,0.8461279462375226,-0.6487656986577112
4825,training,0.0024393338,0.05429443717002874,0.013791520839733161,1.9106047937100388,0.8230011763687223,-0.6020803465467478
4826,training,0,0.02062743902206421,0.013791520839733161,1.9437749617368925,0.8013743170666483,-0.5532086576507446
4827,training,0.006322097,0.05889372527599335,0.013791520839733161,1.9779369131521016,0.7814751083304624,-0.5003075543473094
4828,training,0.036877103,0.0800883024930954,0.0065155071786605545,2.0130477992397426,0.7634167885021625,-0.4524491582767621
4829,training,0,0.03937755525112155,0.0065155071786605545,2.0489795755476075,0.7469001109733114,-0.40922711953660657
4830,training,0.004248112,0.07797758281230927,0.0065155071786605545,2.0858599380283653,0.7318018911826593,-0.36805818161685616
4831,training,0.0025569221,0.10329332947731018,0.0065155071786605545,2.122996007029934,0.7183092814054007,-0.33032395135223896
4832,training,0,0.04993486404418945,0.0065155071786605545,2.160831502672724,0.7061102447716636,-0.29330244489652796
4833,training,0,0.03765961527824402,0.0065155071786605545,2.199118838096226,0.6952741547991095,-0.2585871259590739
4834,training,0.002835854,0.06202956289052963,0.0065155071786605545,2.237575219483753,0.6857904386070378,-0.22599994927158473
4835,training,0,0.043411046266555786,0.012832188609950055,2.2764708465883006,0.6774061460258326,-0.20077034895735177
4836,training,0,0.03195165097713473,0.012832188609950055,2.3155708504656323,0.6699232592793067,-0.17710720833359653
4837,training,0,0.02170164883136752,0.012832188609950055,2.354796625213495,0.6634463722676479,-0.15008122325999454
4838,training,0,0.02039216458797455,0.012832188609950055,2.3941336897992764,0.6579788183225651,-0.1268221997471856
4839,training,0,0.0005296766757965088,0.012832188609950055,2.433753758004284,0.6533943378734067,-0.10326340437705214
4840,training,0,0.007744729518890381,0.012832188609950055,2.4732418265103595,0.6497815367303386,-0.08017962517616557
4841,training,0,0.019388347864151015,0.01228468624848504,2.5130258124899645,0.646996862204278,-0.059583543814683386
4842,training,0,0.028231419622898102,0.01228468624848504,2.5528877605940004,0.6450218852163397,-0.03945511192383272
4843,training,0,0.03058035299181939,0.01228468624848504,2.592578961345981,0.6438141417167,-0.021731053274863635
4844,training,0,0.033884633332490914,0.01228468624848504,2.6326248429055394,0.6432577159713468,-0.005787046486140584
4845,training,0,0.027219798415899277,0.01228468624848504,2.672397394138469,0.6433186190253231,0.008302270037950537
4846,training,0,0.03217949718236923,0.01228468624848504,2.712295560632461,0.6438895185329964,0.020043875594893193
4847,training,0,0.04030171316117048,0.010592359684107712,2.752361119401914,0.6448824758928878,0.02985836578761461
4848,training,0,0.02551136538386345,0.010592359684107712,2.792117549986714,0.646211440715185,0.03637764747253651
4849,training,0,0.025469226762652397,0.010592359684107712,2.832170698340865,0.6477412393054335,0.039815975586880784
4850,training,0,0.014119662344455719,0.010592359684107712,2.872083895442837,0.6493451950387058,0.040538255599654835
4851,training,0,0.025520727038383484,0.010592359684107712,2.911985656243866,0.6509532848250446,0.03965604242897457
4852,training,0,0.024379953742027286,0.010592359684107712,2.9521257766866436,0.6525228886881829,0.038854388013977524
4853,training,0,0.019733566790819168,0.00813933920520325,2.9919129732057326,0.6540688866139378,0.038359376283963076
4854,training,0,0.022124797105789185,0.00813933920520325,3.031940647732383,0.6555848840852788,0.03697698200346431
4855,training,0,0.015441522002220154,0.00813933920520325,3.071953263955034,0.6570261729842906,0.03546498429990204
4856,training,0,0.007484046742320061,0.00813933920520325,3.1118256239870736,0.6583980371524856,0.0330945932228844
4857,training,0,0.008208116516470909,0.00813933920520325,3.151970960764326,0.6596776642915931,0.030579940397105477
4858,training,0,0.007688166573643684,0.00813933920520325,3.1918358401544253,0.6608561161275299,0.02862346626787544
4859,training,0,0.0075895581394433975,0.004819530426954009,3.2318286087571724,0.6619589231780435,0.026270373373367017
4860,training,0,0.0071693528443574905,0.004819530426954009,3.2719460330561074,0.6629545390571447,0.024431092490543177
4861,training,0,0.006085237488150597,0.004819530426954009,3.3117828029807135,0.663885057315917,0.02195277589764158
4862,training,0,0.00675160251557827,0.004819530426954009,3.3519042359724533,0.6647126957852618,0.01909640847514394
4863,training,0.0028361315,0.06256093829870224,0.004819530426954009,3.411797888714967,0.6657376712993415,0.015101704918867736
4864,training,0,0.008438363671302795,0.007971305210881513,3.4318116124885574,0.6660267854015801,0.013358743505151652
4865,training,0,0.006413258612155918,0.007971305210881513,3.4719875768076505,0.6664821390126868,0.010172785222029577
4866,training,0,0.008237533271312715,0.007971305210881513,3.5118349142312746,0.6668521206057733,0.007616746793224144
4867,training,0,0.006647210568189619,0.007971305210881513,3.5519139970671945,0.6670962195552348,0.004335142173676228
4868,training,0,0.0022628018632531166,0.007971305210881513,3.591951565633711,0.6672188818069982,0.002221920995563926
4869,training,0,0.006445269100368023,0.04185796869480544,3.63186310619896,0.6672467383788417,-0.0010422121090278924
4870,training,0,0.0025409823283553115,0.04185796869480544,3.6720304342462455,0.6671396587363297,-0.004082347534968813
4871,training,0,0.006222437601536512,0.04185796869480544,3.7118857634640117,0.6669467750430038,-0.0059162619060861964
4872,training,0,0.007036610972136259,0.04185796869480544,3.7519026424054616,0.6666742724800441,-0.007916406565171653
4873,training,0,0.006716716568917036,0.04185796869480544,3.7920004086179855,0.6663258960572452,-0.00958325862991146
4874,training,0,0.007944974582642317,0.04185796869480544,3.8318474659960002,0.6659083446263623,-0.011605261277998234
4875,training,0,0.008432656060904264,0.03011494431125623,3.87196954806101,0.6654034787755259,-0.013730542511476653
4876,training,0,0.013662012293934822,0.03011494431125623,3.9118774654016764,0.6648251339188894,-0.01592702470808048
4877,training,0,0.025602138601243496,0.03011494431125623,3.951835360180255,0.6641348649862251,-0.01893633934235128
4878,training,0,0.0283460495993495,0.03011494431125623,3.9919803856547147,0.663311060050166,-0.021990896534672094
4879,training,0,0.03642635606229305,0.03011494431125623,4.031782887407719,0.6623683358250565,-0.02590408310924541
4880,training,0,0.03313218988478184,0.03011494431125623,4.071854403368992,0.661265456930613,-0.02932848164770372
4881,training,0,0.02536972425878048,0.042755216770490205,4.111793572075768,0.660068220730268,-0.03117877913487703
4882,training,0,0.03422431834042072,0.042755216770490205,4.15168295666601,0.6587860394822006,-0.033415256486932984
4883,training,0,0.017653746530413628,0.042755216770490205,4.191797669808294,0.6574222987989663,-0.03451857664926811
4884,training,0,0.012158708646893501,0.042755216770490205,4.2315783806506655,0.6560670876474946,-0.034268775644039885
4885,training,0,0.015578640624880784,0.042755216770490205,4.271562283375371,0.6547243853205129,-0.032560591618280905
4886,training,0,0.013359826058149338,0.042755216770490205,4.311578971211476,0.6534967986808917,-0.02852124336092383
4887,training,0,0.0038544591516256367,0.014092471946954564,4.3513588402204135,0.6524383828131584,-0.024820576891339003
4888,training,0,0.005789423361420631,0.014092471946954564,4.391446070188836,0.6515255153155095,-0.020306474395472802
4889,training,0,0.004112709313631058,0.014092471946954564,4.431284990287359,0.6508282420602743,-0.015372658333659658
4890,training,0,0.017814906314015392,0.014092471946954564,4.4712149805036985,0.650315588271828,-0.010292673476733665
4891,training,0,0.01483177486807108,0.014092471946954564,4.511320898192509,0.6500260739098919,-0.0032548880967524347
4892,training,0,0.024367067962884903,0.014092471946954564,4.551086639651014,0.6500260038408333,0.0023373311161952294
4893,training,0,0.04449813871178776,0.013721125123440306,4.5911446280682915,0.6502144840899821,0.00715648214628812
4894,training,0,0.03001409739954397,0.013721125123440306,4.631069822987386,0.6506492422125794,0.015181398584397945
4895,training,0,0.03261292725801468,0.013721125123440306,4.670931151510665,0.6513972155960831,0.021594770042436272
4896,training,0,0.043212177231907845,0.013721125123440306,4.711059690817728,0.6523372874340324,0.025808668455451607
4897,training,0,0.03372130636125803,0.013721125123440306,4.750841554476615,0.653463351237763,0.030717127475499175
4898,training,0,0.0319209098815918,0.013721125123440306,4.790833211972324,0.6547611746433452,0.03401169858299168
4899,training,0,0.011480811983346939,0.014224456299033563,4.830845110566772,0.6561514890152462,0.03600499190131245
4900,training,0,0.016263462603092197,0.014224456299033563,4.870696499685442,0.6575718042178672,0.03416616552781855
4901,training,0,0.024958180263638496,0.014224456299033563,4.910821341073548,0.65891214777001,0.032662208149536194
4902,training,0,0.029803069308400158,0.014224456299033563,4.950695737428402,0.6601959199896908,0.03189754051431891
4903,training,0,0.011824382469058037,0.014224456299033563,4.990653965608698,0.6614660139203327,0.03167197940562228
4904,training,0,0.0069769881665706635,0.014224456299033563,5.030800626038771,0.6626856390866243,0.029831531751641206
4905,training,0,0.009670097380876541,0.011544346257247323,5.07060383645244,0.663843415944036,0.027694707318663313
4906,training,0,0.0019613429903984105,0.011544346257247323,5.110695598168277,0.6649177879405817,0.025727601472864164
4907,training,0,0.013838674873113632,0.011544346257247323,5.150669128471753,0.6658955180868038,0.023420730543229837
4908,training,0,0.002695474773645401,0.011544346257247323,5.190596169230183,0.6667795473194681,0.020831127904465088
4909,training,0,0.006278086453676224,0.011544346257247323,5.230773439670215,0.6675510977092234,0.017742685063200044
4910,training,0,0.009510058909654617,0.011544346257247323,5.270621044416662,0.6682069498593565,0.01474422960213427
4911,training,0,0.012007392942905426,0.008203379965348355,5.310679259627784,0.6687304884692828,0.011212265676317423
4912,training,0,0.0058142077177762985,0.008203379965348355,5.350741910132023,0.6691247623503942,0.009152572753637558
4913,training,0,0.008921463042497638,0.008203379965348355,5.390633556169042,0.6694401037736701,0.006535090483453806
4914,training,0,0.002140268683433536,0.008203379965348355,5.430791383237378,0.6696510638455627,0.004010023010678171
4915,training,0,0.012324970215559006,0.008203379965348355,5.470674545890676,0.6697655437763378,0.0013697940853488104
4916,training,0,0.014229927211999891,0.007591496141102589,5.5106875792864285,0.6697368132676536,-0.0030908204910936377
4917,training,0,0.023796087130904198,0.007591496141102589,5.550808643711573,0.6695068568421183,-0.0077737738392302455
4918,training,0,0.030554233118891716,0.007591496141102589,5.590705614598011,0.6690680950312172,-0.014763691273200846
4919,training,0,0.018491586670279503,0.007591496141102589,5.630845268352118,0.6683415843229452,-0.02133716970931398
4920,training,0,0.0006548278033733368,0.007591496141102589,5.6707690942520195,0.6674084438788811,-0.02577471883868793
4921,training,0,0.018858356401324272,0.014101905006603837,5.710675529457592,0.6663952975926075,-0.02469441742879974
4922,training,0,0.03880095947533846,0.014101905006603837,5.750778605940289,0.6654903305855981,-0.01890429576317982
4923,training,0,0.03388182073831558,0.014101905006603837,5.790467277553918,0.6649344029943776,-0.009522325982688573
4924,training,0,0.0030189268290996534,0.014101905006603837,5.830480453574895,0.6646906770488997,-0.0027627126178196653
4925,training,0,0.0037882477045059204,0.014101905006603837,5.870490986839714,0.6645992610759385,-0.0027107896552645864
4926,training,0,0.013630466535687447,0.014101905006603837,5.910386231240666,0.6644681947750976,-0.004126018931091363
4927,training,0,0.028560844250023365,0.012588556241240001,5.950515014883338,0.6643353844660324,-0.0019368437992128113
4928,training,0,0.020719646476209164,0.012588556241240001,5.990336841814782,0.6643235810780979,0.0009914151423428043
4929,training,0,0.017975769005715847,0.012588556241240001,6.030324954988331,0.6644123686915301,0.003194304652081607
4930,training,0,0.032053033355623484,0.012588556241240001,6.070414032509739,0.6645674538350254,0.004512851682378827
4931,training,0,0.023326770402491093,0.012588556241240001,6.1102769046740715,0.6646845373826439,-0.00031040855263112367
4932,training,0,0.0060032205656170845,0.012588556241240001,6.1504378159880355,0.6645379192418973,-0.007096292693917456
4933,training,0,0.014742432162165642,0.022044865998981502,6.19038022154202,0.664194722500369,-0.009529202576997181
4934,training,0,0.019111094996333122,0.022044865998981502,6.230337273519044,0.6637631028030515,-0.012446060100926009
4935,training,0,0.016128050163388252,0.022044865998981502,6.270507747184873,0.6631931766739733,-0.01596712448295409
4936,training,0,0.03326669195666909,0.022044865998981502,6.3103288011468175,0.6624971016482897,-0.019510140301641568
4937,training,0,0.03449222631752491,0.022044865998981502,6.350413672523518,0.6616267105711502,-0.024579205159313437
4938,training,0,0.031444840133190155,0.022044865998981502,6.390390926016015,0.6605648289659102,-0.029064723674123317
4939,training,0,0.032768310979008675,0.03501914555381234,6.4302722720228,0.659350745861456,-0.031878497897624515
4940,training,0,0.026601528748869892,0.03501914555381234,6.470388785790139,0.6580481257351818,-0.03300977249689558
4941,training,0,0.03311307542026043,0.03501914555381234,6.5101920512502005,0.6567251284760757,-0.03425442458118544
4942,training,0,0.03157118707895279,0.03501914555381234,6.550177714709317,0.6553418338946652,-0.03490128694009458
4943,training,0,0.036798145622015006,0.03501914555381234,6.590212806032827,0.6539715784505155,-0.03332082215994934
4944,training,0,0.03495253250002862,0.03501914555381234,6.630009785646586,0.6526517091038948,-0.03326854018695075
4945,training,0,0.030187707394361503,0.042588701812936475,6.670091410376794,0.6513353257192407,-0.03230313441485144
4946,training,0,0.033495767042040825,0.042588701812936475,6.709947705614654,0.6501169655998886,-0.02942029171065072
4947,training,0,0.01792003959417343,0.042588701812936475,6.7498741146245,0.6489939771550375,-0.02703190604406321
4948,training,0,0.027520425617694848,0.042588701812936475,6.7899657905353505,0.6479699992922662,-0.02342249539911248
4949,training,0,0.023277312517166138,0.042588701812936475,6.829730306421854,0.6471140289248691,-0.02034130110632153
4950,training,0,0.02112142555415631,0.042588701812936475,6.869780642217217,0.6463590250235518,-0.017306615976805283
4951,training,0,0.023625044152140617,0.046606467331138414,6.909713821838606,0.6457483052343628,-0.013636911351314032
4952,training,0,0.02471036463975907,0.046606467331138414,6.949602537043797,0.6452618597218717,-0.011162387405762144
4953,training,0,0.023587984964251518,0.046606467331138414,6.989734496532793,0.6448558218116389,-0.00882951461811457
4954,training,0,0.0004572104662656819,0.046606467331138414,7.029544969927073,0.6445617532722533,-0.0065099949607506005
4955,training,0,0.003495609387755394,0.046606467331138414,7.069550145765862,0.6443642509611751,-0.003126365196757713
4956,training,0,0.012438153848052025,0.046606467331138414,7.109579848402647,0.6443260144312092,0.0013754288866431627
4957,training,0,0.0006372313946485519,0.049199746596853416,7.1494046455939015,0.6444875190337033,0.006530869293293728
4958,training,0,0.0023442069068551064,0.049199746596853416,7.189514794778861,0.6448184564679601,0.01000644126781081
4959,training,0,0.0046723391860723495,0.049199746596853416,7.229396637839688,0.6452656694317611,0.01245577081863289
4960,training,0,0.007493314798921347,0.049199746596853416,7.269356548969975,0.6457900560057276,0.01346610035046504
4961,training,0,0.007108775433152914,0.049199746596853416,7.309484669707827,0.6463335694353651,0.014679787803072103
4962,training,0,0.009338624309748411,0.049199746596853416,7.349294980920731,0.6469560283501035,0.015893124394713666
4963,training,0,0.00867152540013194,0.03127069560801832,7.389369864555982,0.6476174964195455,0.01706642156294928
4964,training,0,0.011800458189100027,0.03127069560801832,7.429326786497168,0.6483271552350556,0.01902640119542125
4965,training,0,0.005525863962247968,0.03127069560801832,7.469228230165069,0.6491140060140813,0.020164089561416382
4966,training,0,0.004552337806671858,0.03127069560801832,7.50937488425847,0.649931620815652,0.02087330031303838
4967,training,0,0.004059314727783203,0.03127069560801832,7.549193639642156,0.6507844136204873,0.02154646309053332
4968,training,0,0.006138271652162077,0.03127069560801832,7.589223014696605,0.6516380584842681,0.02078621794322904
4969,training,0,0.008350381627678871,0.018043017986745433,7.629272290517012,0.6524459998065162,0.020306626386080336
4970,training,0,0.0042237564921379055,0.018043017986745433,7.66914540814569,0.6532332722297384,0.018880153006371497
4971,training,0,0.007573555689305067,0.018043017986745433,7.709293620041661,0.6539496529616006,0.01666826452145383
4972,training,0,0.007597587304189801,0.018043017986745433,7.749189593878995,0.6545830826122236,0.015250886304749533
4973,training,0,0.007982018869370222,0.018043017986745433,7.789176322607995,0.6551578821223608,0.013270843792912396
4974,training,0,0.00813821516931057,0.018043017986745433,7.829304115722033,0.6556423325546864,0.012001850024234767
4975,training,0,0.008595693427196238,0.011904331894457295,7.869152375469087,0.6561006778057835,0.01048582654869885
4976,training,0,0.010081733693368733,0.011904331894457295,7.909257663461731,0.6564897578470287,0.008738585526240268
4977,training,0,0.007707397919148207,0.011904331894457295,7.949226543795454,0.6568132906906128,0.007595785795189425
4978,training,0,0.0068718488328158855,0.011904331894457295,7.9891656421126855,0.657077136396107,0.0053970762894380775
4979,training,0,0.010066176884720335,0.011904331894457295,8.029330513982732,0.6572459156703647,0.003583691354325799
4980,training,0,0.008284739451482892,0.016918290354633735,8.069177685609514,0.6573763918365869,0.002202210275012962
4981,training,0,0.006470459746196866,0.016918290354633735,8.109235552993248,0.6574254038386588,5.741903221015165e-06
4982,training,0,0.008678259328007698,0.016918290354633735,8.149265497352586,0.6573933308982931,-0.0012456543829007327
4983,training,0,0.008175409864634275,0.016918290354633735,8.18915901237458,0.6573110830311251,-0.0030683930239138618
4984,training,0,0.004990037064999342,0.016918290354633735,8.229309715826163,0.6571490194031763,-0.004911750438315352
4985,training,0,0.006560424342751503,0.016918290354633735,8.269176051294243,0.6569348505512592,-0.006277640628461707
4986,training,0,0.0060062366897000175,0.020211702467443197,8.309172487811509,0.6566586051721197,-0.007901247717615504
4987,training,0,0.0065531241707503796,0.020211702467443197,8.34928433280582,0.6563218530693516,-0.008973239622943894
4988,training,0,0.005803763400763273,0.020211702467443197,8.38910497424104,0.6559434904759487,-0.01012733422500867
4989,training,0,0.009205128531903028,0.020211702467443197,8.429208212199422,0.6555257383835549,-0.01085444357190483
4990,training,0,0.015370725654065609,0.020211702467443197,8.469122402031372,0.6550893527095643,-0.011701944738632201
4991,training,0,0.022580383345484734,0.020211702467443197,8.509059041543697,0.6546074612740435,-0.012606292209559066
4992,training,0,0.008535426110029219,0.02154084545059797,8.549201490892,0.6540911368195699,-0.0129749096424135
4993,training,0,0.014626520685851574,0.02154084545059797,8.58899818171292,0.6535765551458811,-0.01350798244016617
4994,training,0,0.024531396105885502,0.02154084545059797,8.629049430470554,0.6530348469141436,-0.013718722217152635
4995,training,0,0.023088125512003895,0.02154084545059797,8.669029027587916,0.6524935468742528,-0.013878145666469359
4996,training,0,0.023024221882224086,0.02154084545059797,8.708916275237675,0.6519411914846959,-0.014104969675363382
4997,training,0,0.024169938638806343,0.02154084545059797,8.749049417375701,0.6513751384799176,-0.014048330171920401
4998,training,0,0.011854037642478943,0.026284727512254247,8.78888207532789,0.6508310815444424,-0.013998055273561624
4999,training,0,0.023813439533114437,0.026284727512254247,8.82887771099263,0.6502825045079694,-0.013616588456282623
5000,training,0,0.025147197768092155,0.026284727512254247,8.86895455496007,0.6497550222312184,-0.012890675677557518
5001,training,0,0.02182254008948803,0.026284727512254247,8.908766185125113,0.6492499518882515,-0.012597210126614161
5002,training,0,0.024775123223662376,0.026284727512254247,8.948868394230727,0.6487620682859279,-0.011765732551659119
5003,training,0,0.019795874133706093,0.026284727512254247,8.98876039447853,0.6483208315415233,-0.011034067562748032
5004,training,0,0.022499820217490196,0.017959142931270756,9.02870247783472,0.6478964269213909,-0.01040337959695594
5005,training,0,0.024881491437554352,0.017959142931270756,9.0688351776095,0.6474967988573125,-0.00924329316073537
5006,training,0,0.021487204357981682,0.017959142931270756,9.108627220829527,0.6471604837163579,-0.008295315802033196
5007,training,0,0.008497785776853561,0.017959142931270756,9.148685845141884,0.6468560309415627,-0.006954466806363867
5008,training,0,0.02245805226266384,0.017959142931270756,9.188659000850276,0.6466112190722503,-0.005644637389473282
5009,training,0,0.02243304811418057,0.017959142931270756,9.228553703097326,0.6464079186811851,-0.004975743218178778
5010,training,0,0.01039169728755951,0.021094549083189622,9.268694817034085,0.646222088593516,-0.004096514794823857
5011,training,0,0.02222949080169201,0.021094549083189622,9.308532926423227,0.6460816786792534,-0.003573854197720021
5012,training,0,0.024334115907549858,0.021094549083189622,9.34854379468319,0.6459534845511814,-0.003033141008636753
5013,training,0,0.02764414064586163,0.021094549083189622,9.38860878617178,0.6458469073515507,-0.0024094867339127806
5014,training,0,0.02383396588265896,0.021094549083189622,9.428461953475106,0.6457533726807457,-0.002661490881854425
5015,training,0,0.02730348519980907,0.021094549083189622,9.468584080171988,0.6456435583987467,-0.0029300093414822907
5016,training,0,0.024747570976614952,0.017819813616347015,9.508501774422049,0.6455205052871632,-0.003584215560794338
5017,training,0,0.023371713235974312,0.017819813616347015,9.548466234424737,0.6453640664452307,-0.004575522266203365
5018,training,0,0.027333626523613933,0.017819813616347015,9.588613915084675,0.6451595259981113,-0.005351412885831393
5019,training,0,0.02198357693850994,0.017819813616347015,9.628434423772543,0.6449342202760596,-0.006648504068463872
5020,training,0,0.024640588089823723,0.017819813616347015,9.668516268274725,0.6446481129650827,-0.007832170135363706
5021,training,0,0.0225544860586524,0.017819813616347015,9.708501577503409,0.6443213418891347,-0.008922791671882018
5022,training,0,0.021219751797616482,0.02019608457932846,9.748415993494536,0.643932634892608,-0.010950922370156204
5023,training,0,0.025847190991044048,0.02019608457932846,9.788571820725307,0.6434575073048435,-0.012630756319161076
5024,training,0,0.03830263763666153,0.02019608457932846,9.828401588477245,0.6429290799485673,-0.014460230569885171
5025,training,0,0.03931445814669132,0.02019608457932846,9.868429030447734,0.6423211348816205,-0.016173305271346142
5026,training,0,0.03089035116136074,0.02019608457932846,9.908477426737145,0.6416529460830473,-0.017471341640742467
5027,training,0,0.04177393950521946,0.02019608457932846,9.948326228567359,0.6409236689489334,-0.01935559391962212
5028,training,0,0.037284595891833305,0.011388929792460535,9.988454555323216,0.6401064673002514,-0.021470487133335114
5029,training,0,0.04127096198499203,0.011388929792460535,10.028322625807585,0.6392281806644279,-0.023233856993486308
5030,training,0.00219198,0.07047823630273342,0.011388929792460535,10.068288521732493,0.6382676367500623,-0.02511350233822763
5031,training,0,0.029803041368722923,0.011388929792460535,10.108401455550645,0.6372312175382338,-0.026196547086611625
5032,training,0.0023840754,0.06999461352825163,0.011388929792460535,10.148183158255103,0.6361777977398927,-0.026902326734137522
5033,training,0.0048810877,0.07301483489573,0.01010266402788101,10.208294937350463,0.6345891373643071,-0.0255170821269552
5034,training,0.0035674353,0.08808024600148201,0.01010266402788101,10.248077574436865,0.6335938789948571,-0.02538974886583421
5035,training,0.0049318094,0.11844809353351592,0.01010266402788101,10.308254747980788,0.6317877908387607,-0.03530596400215112
5036,training,0.0018230402,0.058898309245705605,0.01010266402788101,10.368086825921564,0.6293271348592915,-0.04783813760473264
5037,training,0,0.023223623633384698,0.01010266402788101,10.388123563297416,0.6283496734519488,-0.049186802581971625
5038,training,0.00532196,0.06124617159366608,0.01010266402788101,10.428138992190446,0.6264274886192743,-0.045031877882433714
5039,training,0,0.0071108080446719985,0.026951465338909703,10.44792725515131,0.6255829344877003,-0.04027372020744844
5040,training,0,0.013267874717712402,0.026951465338909703,10.467840548655424,0.624836330020785,-0.03483738507119417
5041,training,0.0074060736,0.054620821028947844,0.026951465338909703,10.507903207720663,0.623637928343424,-0.024740773942389053
5042,training,0,0.015497788786888123,0.026951465338909703,10.547682563011731,0.6228605243109875,-0.014856392668604708
5043,training,0,0.003039613366127014,0.026951465338909703,10.587577403351235,0.6224942656865384,-0.0024395557424977472
5044,training,0,0.00044524297118186257,0.026951465338909703,10.62764301850294,0.6226606706869436,0.011591544482191208
5045,training,0,0.003667626529932015,0.026951465338909703,10.66735366409638,0.6233844929499429,0.02419326684341831
5046,training,0,0.017734631896018982,0.033897627916624797,10.707374736918112,0.6245711375815824,0.03544539596685118
5047,training,0,0.015541918575763702,0.033897627916624797,10.747206883841235,0.6261702671025023,0.045308510029036804
5048,training,0,0.02699107094667852,0.033897627916624797,10.787023662799825,0.6281541613171323,0.053661962721208115
5049,training,0,0.03715440072119236,0.033897627916624797,10.827089108805922,0.63041900900257,0.059279349630973574
5050,training,0,0.033332617953419685,0.033897627916624797,10.86677678770312,0.6328776236310104,0.0640963293831322
5051,training,0,0.041731325909495354,0.033897627916624797,10.906712842506938,0.6355228664445723,0.0681591835568122
5052,training,0.00072761095,0.05978179909288883,0.028080875969809006,10.946603005611797,0.6383207641364411,0.07207195367425615
5053,training,0.014746079,0.10001040995121002,0.028080875969809006,11.006270280995562,0.6429169502264452,0.08255080970079062
5054,training,0.0038061668,0.0786978229880333,0.028080875969809006,11.0461368401753,0.6463861801738606,0.09109272273247784
5055,training,0.024590816,0.05114909633994102,0.028080875969809006,11.105620598101142,0.6522121386098139,0.1022958582338372
5056,training,0.007931592,0.07453063130378723,0.028080875969809006,11.145481481679935,0.6563389127622121,0.10238187580544432
5057,training,0.008191699,0.07794626615941525,0.015693588819438477,11.18508296734656,0.660417921454693,0.10259332987659155
5058,training,0.0023135864,0.06872903741896151,0.015693588819438477,11.224964934221198,0.6645209494488906,0.10187005232561672
5059,training,0,0.04596163332462311,0.015693588819438477,11.244906131370888,0.6665470348734062,0.09976152394925858
5060,training,0.0007070299,0.051355421543121324,0.015693588819438477,11.284547392928616,0.6704147242583421,0.09405117309829213
5061,training,0,0.031165581196546555,0.015693588819438477,11.324515013010366,0.6740385920709909,0.08634168063013686
5062,training,0,0.03235327824950218,0.015693588819438477,11.344543922911978,0.6757234636451547,0.08124474583235264
5063,training,0,0.023561660200357437,0.019499339232348815,11.384291314862972,0.6787663311022911,0.07162625224533947
5064,training,0,0.019212473183870316,0.019499339232348815,11.424323851479775,0.6814542720836337,0.06227329660817886
5065,training,0,0.013955317437648773,0.019499339232348815,11.464342634935724,0.6837458093930223,0.05216910841226353
5066,training,0,0.008561566472053535,0.019499339232348815,11.504238389416964,0.6856399810920555,0.0428292299843246
5067,training,0,0.011821538209915154,0.019499339232348815,11.544433514532779,0.6871835033742332,0.03393586347133299
5068,training,0,0.009133890271186822,0.019499339232348815,11.584323119373444,0.6883781042808788,0.02617669898597916
5069,training,0,0.011079207062721246,0.030108438451783737,11.624361791861697,0.6892840970508944,0.019040661638644787
5070,training,0,0.009459864348173148,0.030108438451783737,11.664498967859958,0.6899116062659855,0.013402438054734515
5071,training,0,0.007898632436990738,0.030108438451783737,11.704379521448452,0.6903304079963004,0.007524132615469853
5072,training,0,0.006796494126319885,0.030108438451783737,11.744541240712419,0.6905175144325191,0.0016710954730051206
5073,training,0,0.007736442610621449,0.030108438451783737,11.784504872272038,0.6904808003477398,-0.0035196455577701157
5074,training,0,0.0016837138682603801,0.028125165312853428,11.824491448881357,0.6902195747549268,-0.009672973092177763
5075,training,0,0.0036463383585214615,0.028125165312853428,11.864638384669592,0.6897292347530839,-0.01421783383985176
5076,training,0,0.0036040712147951126,0.028125165312853428,11.904498847541356,0.6890873125001145,-0.018273273012179764
5077,training,0,0.009098084177821875,0.028125165312853428,11.94457978757796,0.688285724592512,-0.021739649948472807
5078,training,0,0.008437612559646368,0.028125165312853428,11.98454440126502,0.687361349701449,-0.02512685957611563
5079,training,0,0.0015952801331877708,0.018527838778252814,12.02444837373925,0.6862945105119642,-0.0285693093639962
5080,training,0,0.012391372059937567,0.018527838778252814,12.064578820328014,0.6851115107788188,-0.030293326643894974
5081,training,0,0.01819988712668419,0.018527838778252814,12.104314918299337,0.6839225062697581,-0.02964571469866591
5082,training,0,0.013628522458020598,0.018527838778252814,12.144305093371615,0.6827703975723115,-0.028119425480015305
5083,training,0,0.009731065481901169,0.018527838778252814,12.184331260013503,0.6816976571351246,-0.025502225623984697
5084,training,0,0.01042791228974238,0.018527838778252814,12.224135414839491,0.6807148037602204,-0.02412718737486706
5085,training,0,0.017870803858386353,0.014063858720310412,12.264233476749899,0.6797786637144868,-0.022464354899405743
5086,training,0,0.00020665058400481918,0.014063858720310412,12.304085447446159,0.6789507332896215,-0.019522455216570003
5087,training,0,0.02363130170851946,0.014063858720310412,12.344038936133524,0.6781983738907978,-0.019155141347925547
5088,training,0,0.01912127062678337,0.014063858720310412,12.3841480928065,0.6774493171370045,-0.017326934955265244
5089,training,0,0.03135249391198158,0.014063858720310412,12.423915008861691,0.6768255229330625,-0.014526202996982271
5090,training,0,0.0403112918138504,0.014063858720310412,12.463980497464327,0.6762909291890897,-0.012499751861828882
5091,training,0,0.01502450741827488,0.007450054652460228,12.503943858767345,0.6757813916444145,-0.013757611641164852
5092,training,0,0.011442314833402634,0.007450054652460228,12.543850331905498,0.675228011389943,-0.014091667086250918
5093,training,0,0.01056977640837431,0.007450054652460228,12.583990404300259,0.6746688448012974,-0.013726938535656959
5094,training,0,0.01824058685451746,0.007450054652460228,12.62380119236177,0.6741417585272517,-0.013313651139010079
5095,training,0,0.010592823382467031,0.007450054652460228,12.663821104950243,0.6736316393479579,-0.01229636730116193
5096,training,0,0.0021598488092422485,0.007450054652460228,12.703845565325414,0.6731740097803487,-0.010792868608463221
5097,training,0,0.002928884234279394,0.008556609668777113,12.743701799105544,0.6727627255612315,-0.010382611243246064
5098,training,0,0.0136793814599514,0.008556609668777113,12.783834698326183,0.6723375279809081,-0.011096675265334572
5099,training,0,0.01775917550548911,0.008556609668777113,12.823741931699915,0.6718675864005683,-0.013267313444581617
5100,training,0,0.026567909866571426,0.008556609668777113,12.863736748774448,0.6712542930097176,-0.017674106246520802
5101,training,0,0.025367607013322413,0.008556609668777113,12.903894703018985,0.6704488813367241,-0.022538562171869725
5102,training,0,0.036567218601703644,0.012983720805878481,12.943731466941585,0.6694453974983041,-0.028116980763852526
5103,training,0,0.030738957226276398,0.012983720805878481,12.983832014695608,0.6682190189867658,-0.033173367478253855
5104,training,0,0.022708402015268803,0.012983720805878481,13.023750029961594,0.6668311171177622,-0.0367485563664011
5105,training,0,0.032838985323905945,0.012983720805878481,13.063655367894183,0.6653152310530842,-0.03932039783086715
5106,training,0,0.022894836962223056,0.012983720805878481,13.10375777599232,0.6637170650391873,-0.04016202682880272
5107,training,0,0.028537964448332783,0.012983720805878481,13.143531295451282,0.6621147260620873,-0.04114744835103
5108,training,0,0.03578617423772811,0.029856875301575696,13.183537367529004,0.6604553571635479,-0.041973407878512725
5109,training,0,0.020860299468040466,0.029856875301575696,13.223514041831452,0.6587881821346975,-0.041577734580342376
5110,training,0,0.0003724023699760437,0.029856875301575696,13.263320176377357,0.6571411451656749,-0.041065796921641196
5111,training,0,0.011289417743682861,0.029856875301575696,13.303392659718527,0.65558091878269,-0.03594239194425404
5112,training,0,0.044391505420207984,0.029856875301575696,13.343179797557898,0.6542657257343754,-0.03113274291506082
5113,training,0,0.04894540086388588,0.029856875301575696,13.383152111805215,0.6530070418729819,-0.032703163990378925
5114,training,0.003298639,0.06015876308083534,0.03425110294535953,13.423252111709385,0.6516302973167553,-0.03603970953535456
5115,training,0.0029037877,0.05527201108634472,0.03425110294535953,13.483057499502726,0.6492475180258535,-0.04426471359561798
5116,training,0.0029658491,0.050818304531276226,0.03425110294535953,13.542986557952375,0.6464932466778456,-0.04772123825186571
5117,training,0,0.009760305285453796,0.03425110294535953,13.562892997139855,0.6455394217064538,-0.04778327045214633
5118,training,0,0.023132197558879852,0.03425110294535953,13.602896181531657,0.6436979125337436,-0.04229220391552708
5119,training,0,0.036263369023799896,0.04172800392589323,13.6229111437636,0.6428988966059836,-0.037087416840298634
5120,training,0,0.02275501191616059,0.04172800392589323,13.662636949382748,0.6416133746865527,-0.028955722998267396
5121,training,0,0.034049198031425476,0.04172800392589323,13.702635605156132,0.6405911358238148,-0.02194015052020623
5122,training,0,0.03619569540023804,0.04172800392589323,13.74260053916978,0.6398412173758417,-0.016203350591603466
5123,training,0.0014065185,0.0833281297236681,0.04172800392589323,13.802503882251653,0.6390330272615721,-0.011409903691503832
5124,training,0.0033466427,0.07105503231287003,0.04172800392589323,13.862473168718058,0.6382705257003852,-0.01565444312193875
5125,training,0.0011590426,0.1039702333509922,0.04190610314850424,13.92261074989607,0.637086974492297,-0.0243802563247367
5126,training,0.0045663286,0.12959851697087288,0.04190610314850424,13.962484319345332,0.6359286089002343,-0.034870824857945154
5127,training,0.0058613755,0.1434146985411644,0.04190610314850424,14.002523964076117,0.6342420853116669,-0.04980814078626127
5128,training,0.004248287,0.1442035511136055,0.04190610314850424,14.042658800854978,0.631966749084297,-0.06299618843677794
5129,training,0.004433208,0.12051344662904741,0.04355901012156759,14.082365741268845,0.6292560557290523,-0.07319393200775895
5130,training,0.0022073707,0.12196546979248521,0.04355901012156759,14.102325609928773,0.6277741584928294,-0.07454470236369871
5131,training,0.0031171674,0.10024317353963855,0.04355901012156759,14.142277888869916,0.6248170988156301,-0.07139378714938462
5132,training,0.0045606685,0.09884419664740562,0.04355901012156759,14.181901881856094,0.6221185955973488,-0.06509517264524511
5133,training,0.0029571566,0.09248962998390198,0.04355901012156759,14.20182850118457,0.6208586143368572,-0.06089372358574759
5134,training,0.0063217697,0.07620344310998914,0.04355901012156759,14.241841193981765,0.6186033517740354,-0.05080448522219315
5135,training,0.0061550373,0.07493584975600243,0.04355901012156759,14.281515195863037,0.6168217578924515,-0.039492307332853235
5136,training,0.0037104818,0.07487891614437106,0.05737531202978601,14.321452855852378,0.6154745033474283,-0.027706864376469627
5137,training,0.0025943895,0.0680650919675827,0.05737531202978601,14.341512539760602,0.6149721506495393,-0.021862116806386236
5138,training,0.0050664097,0.06311512738466263,0.05737531202978601,14.381279837201527,0.6143208309396765,-0.012014703927143086
5139,training,0.0071742823,0.06594819575548173,0.05737531202978601,14.441325825201842,0.613927992488096,-0.00118896686958715
5140,training,0.004343805,0.09927882254123689,0.05737531202978601,14.481197852453503,0.6139893719131796,0.003388545442737495
5141,training,0.0031509136,0.14047695696353912,0.05737531202978601,14.501154493836529,0.6140575318136768,0.002897107741581446
5142,training,0.0024660043,0.10216992348432541,0.05760847285374459,14.56131821866365,0.6141214360128099,-0.00028790334671030646
5143,training,0.00806746,0.09210773371160029,0.05760847285374459,14.601174643465182,0.6140846965499696,-0.0016425816643551362
5144,training,0.005695017,0.062311090528964996,0.05760847285374459,14.641259736125255,0.6140663651949225,0.001187064741671114
5145,training,0.0035708824,0.07174664735794067,0.05760847285374459,14.681186855863386,0.6141871421430974,0.005281575259087766
5146,training,0.0009384977,0.08338534645736219,0.05760847285374459,14.721094756415106,0.6144801536820733,0.008984121705698764
5147,training,0.0013033284,0.06573543325066566,0.05760847285374459,14.761238637721354,0.6148838859395401,0.011594583844188227
5148,training,0.0020736537,0.05234968289732933,0.060533574194832775,14.80104479980714,0.6153985286755526,0.013675532477444676
5149,training,0.0010755024,0.05784975551068784,0.060533574194832775,14.841075898773122,0.6159933678256682,0.0166347214576521
5150,training,0.0011732138,0.056114256381988525,0.060533574194832775,14.900961302948303,0.6171826332949186,0.023642662860951742
5151,training,0,0.04481930285692215,0.060533574194832775,14.920913465127333,0.6176812218646027,0.02611657095835629
5152,training,0,0.0492822639644146,0.060533574194832775,14.940942396637517,0.6182261889777313,0.02856024883575799
5153,training,0,0.04856974817812443,0.060533574194832775,14.980963750624477,0.6194394399747825,0.03257866987816054
5154,training,0,0.04734918102622032,0.04628858071028835,15.020775638454202,0.6208042956054846,0.03532106149853362
5155,training,0,0.04585302248597145,0.04628858071028835,15.060872623443274,0.6222502047554425,0.036544561814178866
5156,training,0.0063652573,0.05039438605308533,0.04628858071028835,15.1007440819298,0.6237208154862468,0.037176821100888456
5157,training,0.004518902,0.05497964471578597,0.04628858071028835,15.160755199266273,0.6259711295823086,0.03764183314374357
5158,training,0,0.0018410999327898026,0.04628858071028835,15.180811025991275,0.6267212464806762,0.03827999916653844
5159,training,0,0.030298676341772086,0.04628858071028835,15.220552589301986,0.6283015371070885,0.04113355804289118
5160,training,0,0.03229881823062897,0.0443501635513764,15.260585929759738,0.6300083581351067,0.04395805258837291
5161,training,0,0.0011328975670039654,0.0443501635513764,15.300515094599291,0.6317973819261905,0.04558795896291262
5162,training,0,0.003815963864326479,0.0443501635513764,15.340384025614025,0.6336302716965595,0.04571336683124223
5163,training,0,0.04123643971979618,0.0443501635513764,15.380510727045836,0.6354461879284333,0.044710363044502946
5164,training,0,0.005549803376197815,0.0443501635513764,15.42030919305258,0.6372141447651704,0.043835441186771094
5165,training,0,0.008467759005725384,0.0443501635513764,15.460310419993892,0.6389501685768121,0.04264376693211318
5166,training,0,0.041206138208508485,0.0443501635513764,15.500334617997355,0.6406306777589063,0.04169040329104757
5167,training,0,0.04375492222607136,0.04433622078325751,15.540176148718409,0.6422805176857935,0.04086390581431996
5168,training,0,0.042836373671889305,0.04433622078325751,15.580288692574953,0.6438998485137933,0.039691568905238374
5169,training,0,0.04179304279386997,0.04433622078325751,15.62015212905719,0.6454598443845453,0.038611476565819924
5170,training,0,0.041426969692111015,0.04433622078325751,15.66010656808805,0.6469883447093726,0.03772013266799243
5171,training,0,0.0392784457653761,0.04433622078325751,15.700235408820074,0.6484772039172488,0.037016153769644365
5172,training,0,0.026421604678034782,0.04433622078325751,15.740011668416322,0.6499557949898188,0.03674083812404824
5173,training,0,0.02823110856115818,0.04409946302567256,15.78008415966173,0.6514212095734375,0.03618591741631569
5174,training,0,0.0288346316665411,0.04409946302567256,15.820022189457154,0.6528486963190988,0.035473957288893236
5175,training,0,0.02419820986688137,0.04409946302567256,15.859929971846842,0.6542468622194135,0.034312166468158885
5176,training,0,0.02318979613482952,0.04409946302567256,15.900079171189645,0.6555959637730451,0.03322128099628276
5177,training,0,0.02692391164600849,0.04409946302567256,15.939879167733467,0.656918528996652,0.03283488190247683
5178,training,0,0.025013426318764683,0.04409946302567256,15.979907806359932,0.6582205157596472,0.03194399073945639
5179,training,0,0.029074782505631447,0.03889341917794067,16.019923350220314,0.6594776086020728,0.03142636893358811
5180,training,0,0.024962438270449642,0.03889341917794067,16.059791749395625,0.6607135308568247,0.030302960176181882
5181,training,0,0.02549936436116695,0.03889341917794067,16.099927561568823,0.6619079343950723,0.029147193234100983
5182,training,0,0.021196020767092705,0.03889341917794067,16.13978753764605,0.6630540573152959,0.028395881904384843
5183,training,0.0035461457,0.05792304687201977,0.03889341917794067,16.179768851660395,0.6641750210827875,0.02744548620728072
5184,training,0.0058253696,0.058159554377198226,0.03303120285621239,16.219884783445206,0.6652478058668966,0.0270013877604279
5185,training,0.0036103763,0.07755836099386215,0.03303120285621239,16.279715793389336,0.6668234711799038,0.024762464229969538
5186,training,0,0.004144910722970966,0.03303120285621239,16.299813675094754,0.6673078054584362,0.023009186479785126
5187,training,0,0.0011361166834831238,0.03303120285621239,16.339785245633777,0.6681314973155045,0.018764517995025782
5188,training,0,0.014262575656175613,0.03303120285621239,16.379737309531425,0.6688041152177289,0.01490620847256229
5189,training,0,0.00822718441486359,0.03303120285621239,16.419911691505387,0.6693344924571873,0.012345110367320918
5190,training,0,0.008203364908695221,0.02540775742162037,16.459748591350444,0.6698041285458893,0.010649689007242362
5191,training,0,0.009445764124393463,0.02540775742162037,16.49981595480906,0.6701903084452534,0.008402379517456753
5192,training,0,0.002766028977930546,0.02540775742162037,16.539851224719364,0.6704923872391922,0.007216459928128595
5193,training,0,0.009174533188343048,0.02540775742162037,16.579753075757722,0.6707393876024239,0.0049131454619776626
5194,training,0,0.010644190013408657,0.02540775742162037,16.6199168309993,0.6708886758750041,0.002658301906332941
5195,training,0,0.008627709001302719,0.02540775742162037,16.659791497452012,0.6709757329205432,0.001470084386719808
5196,training,0,0.011595658957958221,0.026581253199163064,16.699803970318303,0.6710063892503674,-0.00016071258009263203
5197,training,0,0.0057002222165465355,0.026581253199163064,16.73988897449926,0.6709746148036383,-0.0009039862797799835
5198,training,0,0.007553849369287493,0.026581253199163064,16.779744576251687,0.6709281057940051,-0.001756807598604616
5199,training,0,0.010603107511997223,0.026581253199163064,16.819865841550506,0.6708394710609916,-0.0027721898653679266
5200,training,0,0.008901506662368776,0.026581253199163064,16.859800653123255,0.670720850220622,-0.003435006409679938
5201,training,0,0.012102745473384859,0.02322749984078279,16.899752657516956,0.6705731384469239,-0.004301781860301927
5202,training,0,0.008764471858739855,0.02322749984078279,16.93990251253592,0.6703888896866586,-0.004550006784679423
5203,training,0,0.010060726664960384,0.02322749984078279,16.97971101368579,0.6702146407168871,-0.004777115441717561
5204,training,0,0.007458813488483429,0.02322749984078279,17.019776622225063,0.6700261246315629,-0.004842777523466111
5205,training,0,0.011464092880487442,0.02322749984078279,17.059773895491826,0.6698344632910134,-0.005055121077623302
5206,training,0,0.008783458732068539,0.02322749984078279,17.09967436614274,0.6696246104953572,-0.00580635408117285
5207,training,0,0.010655317455530168,0.02101663913925136,17.139826141946994,0.66937553534875,-0.006560261355859873
5208,training,0,0.007939308881759645,0.02101663913925136,17.17967103224358,0.6691152166080311,-0.007015159986136238
5209,training,0,0.010052502155303955,0.02101663913925136,17.21968631270891,0.6688261287612178,-0.0077455986291855225
5210,training,0,0.00566893070936203,0.02101663913925136,17.25975927196333,0.6685114076974925,-0.008130366472417102
5211,training,0,0.004583032801747322,0.02101663913925136,17.299604543313595,0.6681721252242692,-0.009143797115420958
5212,training,0,0.004178481176495552,0.02101663913925136,17.3397288380428,0.6677879945909353,-0.010152807058458483
5213,training,0,0.00167664187029004,0.013666304242315215,17.379626549895754,0.6673738156858278,-0.011142268870651036
5214,training,0,0.0028883125633001328,0.013666304242315215,17.419585929497767,0.666914683049893,-0.012041696444786129
5215,training,0,0.0018799100071191788,0.013666304242315215,17.459722031989156,0.6664175556244888,-0.012538256685063533
5216,training,0,0.000774947926402092,0.013666304242315215,17.49952223512362,0.6659121223090421,-0.013382167773994987
5217,training,0,0.0023940112441778183,0.013666304242315215,17.539596326822767,0.6653712147761492,-0.013794835798055523
5218,training,0,0.003442751243710518,0.013666304242315215,17.579554140689094,0.6648224737062661,-0.014231686859774833
5219,training,0,0.002629445865750313,0.005314562334623485,17.619461525085875,0.6642411199195413,-0.015210794488553893
5220,training,0,0.00033677928149700165,0.005314562334623485,17.659605936328756,0.6636173860345901,-0.01584315039543863
5221,training,0,0.0004448462277650833,0.005314562334623485,17.699423146459523,0.6629898341461269,-0.016229977275037954
5222,training,0,0.0053418199531734,0.005314562334623485,17.73944337641932,0.6623380496431504,-0.016598872432622005
5223,training,0,0.012842717580497267,0.005314562334623485,17.779479463348583,0.6616813437469031,-0.016425410142809384
5224,training,0,0.0067716757766902455,0.005314562334623485,17.81932583922509,0.6610211270011734,-0.01707912917071428
5225,training,0,0.0064589190296828755,0.009325393169445048,17.85944745646923,0.6603244176149251,-0.017711689821533858
5226,training,0,0.015273063443601131,0.009325393169445048,17.899316614587875,0.6596214555035688,-0.01821422139613732
5227,training,0,0.02254539169371128,0.009325393169445048,17.93928197819534,0.6588865268653696,-0.018809309070570317
5228,training,0,0.009055319242179396,0.009325393169445048,17.97939543133396,0.6581282095975656,-0.018828942122859883
5229,training,0,0.02395749278366566,0.009325393169445048,18.01919057110047,0.6573755529391488,-0.019405237639537835
5230,training,0,0.02175559662282467,0.009325393169445048,18.059270907110832,0.6565911425134366,-0.0199511460767767
5231,training,0,0.012198548763990402,0.011726733431132109,18.09920267979124,0.6558040509367749,-0.020035843979982086
5232,training,0,0.021241733804345134,0.011726733431132109,18.13911317273775,0.6550029948830549,-0.020373152294983845
5233,training,0,0.023756517097353935,0.011726733431132109,18.179246353065068,0.6541906949602041,-0.020062257583998027
5234,training,0,0.023815011605620384,0.011726733431132109,18.219040751046986,0.6534069175337003,-0.019913739752859032
5235,training,0,0.022871134802699086,0.011726733431132109,18.259067347173406,0.6526180783117813,-0.0197355040110482
5236,training,0,0.0247678030282259,0.011726733431132109,18.299074188350918,0.6518456977998783,-0.019235208163300904
5237,training,0,0.02579071931540966,0.017609362664086702,18.338930948822735,0.6510920067267626,-0.01887788010400932
5238,training,0,0.022588042542338375,0.017609362664086702,18.37905344228028,0.6503363411612615,-0.018819813354844468
5239,training,0,0.034789564087986946,0.017609362664086702,18.418906818929255,0.6496035765825303,-0.018649081586302442
5240,training,0,0.023687576875090596,0.017609362664086702,18.458882016821025,0.6488610583666178,-0.01876433033473415
5241,training,0,0.02682805247604847,0.017609362664086702,18.498984224672395,0.6481131515356715,-0.01852121122255051
5242,training,0,0.04011105932295323,0.017609362664086702,18.53878746509333,0.6473698770172073,-0.019099152364422597
5243,training,0,0.04163000173866749,0.021917590408200457,18.57887758338729,0.6465986980612889,-0.019582972704663266
5244,training,0,0.043028878048062325,0.021917590408200457,18.61880153407026,0.6458150621463788,-0.02030428554796173
5245,training,0,0.0397519264370203,0.021917590408200457,18.65872594931729,0.6449868828006013,-0.02146982896422174
5246,training,0.0033701272,0.05619891174137593,0.021917590408200457,18.69886654607653,0.6441045095309058,-0.022410230553242916
5247,training,0,0.03444055840373039,0.021917590408200457,18.73866082908672,0.6432037195378294,-0.0232661021200254
5248,training,0,0.025332828052341938,0.01482138880210896,18.778690018241598,0.6422894473503181,-0.02167208669012593
5249,training,0,0.03709360025823116,0.01482138880210896,18.818662068417204,0.641492020592483,-0.018580833395197373
5250,training,0,0.025451228953897953,0.01482138880210896,18.8585255587353,0.6408090878614491,-0.01611511272275476
5251,training,0,0.023746646009385586,0.01482138880210896,18.89864669286234,0.6402059651645554,-0.013697698862570084
5252,training,0,0.023829824291169643,0.01482138880210896,18.93848064935105,0.6397143342294453,-0.011659426629127126
5253,training,0,0.02439121529459953,0.01482138880210896,18.97846495849811,0.6392850916885184,-0.010021283488173638
5254,training,0,0.022966688498854634,0.01482138880210896,19.01855633166901,0.6389178999204974,-0.00832673672940763
5255,training,0,0.028492616489529606,0.004573843223340288,19.05837342698771,0.6386111280453082,-0.00729146107363273
5256,training,0,0.02772672660648823,0.004573843223340288,19.09847129020731,0.6383514502069649,-0.005602750771243475
5257,training,0,0.034464236348867416,0.004573843223340288,19.138383163755478,0.638174088032002,-0.003492307120556483
5258,training,0,0.0414385087788105,0.004573843223340288,19.178310322191653,0.6380907255439441,-0.0006753040315354495
5259,training,0,0.038531918078660965,0.004573843223340288,19.21844690945032,0.6381165072209738,0.0024289226848010124
5260,training,0,0.03778386302292347,0.004573843223340288,19.258245046199917,0.6382674096039391,0.004861339461795058
5261,training,0,0.03526553325355053,0.009888277278603662,19.298294927625147,0.6385013227163419,0.006596512272540096
5262,training,0,0.026951750740408897,0.009888277278603662,19.338300390556963,0.638780963336783,0.007701129168012354
5263,training,0,0.022379064932465557,0.009888277278603662,19.37819663723752,0.6390747965410534,0.006667164222567016
5264,training,0,0.02120322175323963,0.009888277278603662,19.418357938394,0.6393120893939075,0.005161116314330704
5265,training,0,0.01783798821270466,0.009888277278603662,19.45822843322687,0.6394947307570733,0.0037936001538459592
5266,training,0,0.005245737731456757,0.009888277278603662,19.49825237646015,0.6395892926316397,0.0005937275435159479
5267,training,0,0.012878632172942158,0.011892387596380113,19.538387082683176,0.639501971107471,-0.004254008484539558
5268,training,0,0.006621208041906353,0.011892387596380113,19.578275292910728,0.6392128643858006,-0.010568042641345112
5269,training,0,0.010388213209807873,0.011892387596380113,19.618416721114404,0.6387071706047501,-0.014516735918404758
5270,training,0,0.020543312653899193,0.011892387596380113,19.65835914072707,0.6380588102444044,-0.018369174786433542
5271,training,0,0.025428549386560917,0.011892387596380113,19.698338113081157,0.6371987246028975,-0.02501724872200712
5272,training,0,0.024425269104540348,0.01546352641324463,19.738510129303908,0.6360555354873882,-0.03183520062399001
5273,training,0,0.03348483145236969,0.01546352641324463,19.77832325775868,0.634651751219717,-0.03904358850472367
5274,training,0,0.02842959715053439,0.01546352641324463,19.818399562557378,0.6329484182268591,-0.046111063950717325
5275,training,0,0.021891070529818535,0.01546352641324463,19.85832967374356,0.6310247835706279,-0.05064061792030116
5276,training,0,0.02938066236674786,0.01546352641324463,19.89817478817726,0.6289593425960565,-0.052308740992418695
5277,training,0,0.023246904835104942,0.01546352641324463,19.938249158063208,0.6268454337920534,-0.05339924412143289
5278,training,0,0.03958713263273239,0.023799788108829142,19.978005768600724,0.6247158480459957,-0.05449320606720794
5279,training,0,0.021990069188177586,0.023799788108829142,20.017973922651418,0.6224833946325551,-0.0575132740420826
5280,training,0,0.029336290434002873,0.023799788108829142,20.05796938941669,0.620138321001924,-0.05968001514822462
5281,training,0,0.03835956007242203,0.023799788108829142,20.097711775434487,0.6176983811903787,-0.06304139784166965
5282,training,0,0.026713182218372822,0.023799788108829142,20.137748226706677,0.6151160830136824,-0.06585456567351043
5283,training,0,0.029513301327824593,0.023799788108829142,20.177521395749153,0.6124178818666839,-0.07138604774531111
5284,training,0,0.02299593947827816,0.04121599127051968,20.21741006309873,0.6094332309426393,-0.07810287413189643
5285,training,0,0.021961991675198078,0.04121599127051968,20.257377464017086,0.6062234173536241,-0.08147529855744413
5286,training,0,0.03356150723993778,0.04121599127051968,20.297059988105424,0.602940439371963,-0.0842210688804491
5287,training,0,0.03232122026383877,0.04121599127051968,20.33698856055571,0.5995328845020883,-0.08607529050523703
5288,training,0,0.027805801481008533,0.04121599127051968,20.376782097611773,0.5961123363164751,-0.08595707547913287
5289,training,0,0.03869853913784027,0.04121599127051968,20.41650014302493,0.5926789976799728,-0.08654610383679254
5290,training,0,0.04529114253818989,0.058776164967115185,20.45642801849071,0.5892186947802337,-0.0862854604253844
5291,training,0,0.037383319810032845,0.058776164967115185,20.49609190405029,0.5857922465848446,-0.08718696208056177
5292,training,0,0.03218853659927845,0.058776164967115185,20.535961505773745,0.5822963567874159,-0.08773704871358587
5293,training,0,0.03396265767514706,0.058776164967115185,20.575827210762522,0.5788226915182438,-0.08583773370448954
5294,training,0,0.04267007112503052,0.058776164967115185,20.61548180490642,0.5754209997851355,-0.0856746021526548
5295,training,0.0015091009,0.05890399776399135,0.058776164967115185,20.655427218902783,0.5719986924024719,-0.08560984069187919
5296,training,0,0.0438309982419014,0.05658345404843862,20.69510558417533,0.568623548930148,-0.08506995009791761
5297,training,0,0.02421414107084275,0.05658345404843862,20.734923229561392,0.5652660016625103,-0.08276528926400416
5298,training,0,0.033610038459300995,0.05658345404843862,20.774830611769705,0.5620582217052745,-0.07659540227890359
5299,training,0,0.041011445224285126,0.05658345404843862,20.81448403474067,0.559141976958939,-0.07097894408776795
5300,training,0,0.019333109259605394,0.05658345404843862,20.8544407478193,0.5564041113100816,-0.06565822172545409
5301,training,0,0.01731676235795021,0.05658345404843862,20.894254219200437,0.5539688575283286,-0.05658054263731625
5302,training,0,0.02521634474396707,0.03693966290177259,20.934066198001776,0.5518867663228763,-0.048191342454305605
5303,training,0,0.0274987630546093,0.03693966290177259,20.97412771310291,0.5501060220706696,-0.040130865588183434
5304,training,0.004054435,0.054076526314020164,0.03693966290177259,21.033810339851144,0.547918554140777,-0.03411675235995159
5305,training,0,0.020829126238822944,0.03693966290177259,21.053851503591794,0.5472482874667036,-0.033379842361237505
5306,training,0,0.02618074044585228,0.03693966290177259,21.09388571311772,0.5459268214126993,-0.03155891180109665
5307,training,0,0.0177704319357872,0.03412332610190078,21.133701517182732,0.5447692917631598,-0.02662776003668028
5308,training,0,0.011808525770902627,0.03412332610190078,21.173798514882545,0.5438100441156455,-0.020462838766983186
5309,training,0,0.015357021242380142,0.03412332610190078,21.213629592915947,0.5431250307733818,-0.014622637026923988
5310,training,0,0.018187470734119422,0.03412332610190078,21.253558306064882,0.5426973232005422,-0.005931841315113804
5311,training,0,0.0027317646890878677,0.03412332610190078,21.29363528562084,0.5426692570361775,0.005542901278651061
5312,training,0,0.019899750128388405,0.03412332610190078,21.33341070728943,0.5430493820257679,0.011689741147482622
5313,training,0,0.019557349383831028,0.03412332610190078,21.373517348693493,0.5435129789782931,0.010803714341883444
5314,training,0,0.0038701021112501613,0.03158582206405668,21.41346376338236,0.5439308616375309,0.010778083087422136
5315,training,0,0.0075043849647045135,0.03158582206405668,21.453395227027144,0.5443655884448343,0.010795387812302553
5316,training,0,0.01273991123889573,0.03158582206405668,21.493546865525452,0.544814638612573,0.012271140869575821
5317,training,0,0.012628253549337387,0.03158582206405668,21.533347353588958,0.5453639309455698,0.014998258464206863
5318,training,0,0.017620138823986053,0.03158582206405668,21.573382061422084,0.5460162391516864,0.01756985168016001
5319,training,0,0.027506548911333084,0.03158582206405668,21.61337600853137,0.5467825514709133,0.021430986912483012
5320,training,0,0.049552030861377716,0.028622584994595884,21.653209475610197,0.547734423681921,0.026539824489096347
5321,training,0.0022998792,0.05773445405066013,0.028622584994595884,21.693307927728085,0.5489164864698324,0.03338166255037829
5322,training,0,0.04212606139481068,0.028622584994595884,21.733091385476733,0.5503960876805346,0.04111178243375653
5323,training,0.0013849514,0.05540829710662365,0.028622584994595884,21.773014622288688,0.5521585393725298,0.04640131071861113
5324,training,0,0.03536176308989525,0.028622584994595884,21.813058666767656,0.5540862220906887,0.04971482075933025
5325,training,0,0.00940542109310627,0.028622584994595884,21.8528032626559,0.5561266833258384,0.05207614563307038
5326,training,0,0.012282591313123703,0.012738098789261207,21.892843345690185,0.5582488974818102,0.0538494379739017
5327,training,0,0.0099373459815979,0.012738098789261207,21.93267979616972,0.5604429425063119,0.056302405475937255
5328,training,0,0.00681397644802928,0.012738098789261207,21.972539803918245,0.5627430339241037,0.058729143820303406
5329,training,0,0.014052489306777716,0.012738098789261207,22.012602705427554,0.5651379629234166,0.06070978912321013
5330,training,0,0.01817643828690052,0.012738098789261207,22.05230860633871,0.5676199374131026,0.06398283933609765
5331,training,0,0.02462625177577138,0.012738098789261207,22.092257903949363,0.5702560537055417,0.06789984574870271
5332,training,0,0.02332849334925413,0.021899259848551365,22.132122555838073,0.573039902976702,0.07161385243287349
5333,training,0,0.010719831101596354,0.021899259848551365,22.171880551536727,0.5759608996834364,0.07460397700527364
5334,training,0,0.019641045480966565,0.021899259848551365,22.211896199803075,0.5789695892352252,0.07500543879025137
5335,training,0,0.039983607828617096,0.021899259848551365,22.25162502281261,0.5819467313199997,0.0744875924664449
5336,training,0,0.044092942029237754,0.021899259848551365,22.291508677810857,0.5849471478990237,0.07562188084350152
5337,training,0,0.04206876456737518,0.021899259848551365,22.331464160116152,0.5880003701630078,0.07676250782587277
5338,training,0.0049260096,0.05315249040722847,0.002917706931302117,22.391097048907827,0.5926975948306595,0.07995290640390067
5339,training,0.0037825038,0.0555406641215086,0.002917706931302117,22.431059736066633,0.595927205992499,0.08100708101456905
5340,training,0.0032674852,0.07308860123157501,0.002917706931302117,22.470716691357353,0.5992000727436615,0.0834467319542575
5341,training,0.025080776,0.08434766158461571,0.002917706931302117,22.51063534670449,0.6026003246119792,0.08709757851751977
5342,training,0.004337477,0.08082828298211098,0.002917706931302117,22.550357702367208,0.6061550986427207,0.09194039132268372
5343,training,0.0037941292,0.08456138893961906,0.009899261854702454,22.590061651532814,0.6099437656379656,0.09808777060299874
5344,training,0,0.04128477722406387,0.009899261854702454,22.610011040364665,0.6119319026506388,0.10059045763272355
5345,training,0,0.034022241830825806,0.009899261854702454,22.649805151265276,0.615929101589001,0.09755637888265399
5346,training,0.004120135,0.055369408801198006,0.009899261854702454,22.689561051117717,0.6196831301150562,0.09026824707754187
5347,training,0,0.034246630966663374,0.009899261854702454,22.7296038635033,0.6231507785135236,0.08244037238055464
5348,training,0,0.03414985537528992,0.009899261854702454,22.769333322276395,0.6262745891066555,0.0740987094664327
5349,training,0,0.020946815609931946,0.009899261854702454,22.809309504792935,0.629070200123509,0.06543833568139043
5350,training,0,0.024555124342441573,0.0029186012815626407,22.84937996976481,0.6315136590288436,0.056152854744780704
5351,training,0,0.017414502799510956,0.0029186012815626407,22.889212583186268,0.6335764129489077,0.04723717969274156
5352,training,0,0.010698970407247536,0.0029186012815626407,22.92938553971622,0.6352782860814266,0.037142922097497456
5353,training,0,0.018596103414893157,0.0029186012815626407,22.96933242214412,0.6365671477764469,0.027734112392178645
5354,training,0,0.02019129507243634,0.0029186012815626407,23.00932020448449,0.6375465618261393,0.021380815301262103
5355,training,0,0.027064533904194832,0.004037687891160943,23.049497050537614,0.6383096891111896,0.017857939347425713
5356,training,0,0.027239238843321793,0.004037687891160943,23.089321396486437,0.638978056583257,0.015076626469895136
5357,training,0,0.024642596021294594,0.004037687891160943,23.1294184906346,0.6395330720839726,0.012501733125626493
5358,training,0,0.024397885426878936,0.004037687891160943,23.169412594900255,0.6399881983988945,0.010784957488294132
5359,training,0,0.027090052142739296,0.004037687891160943,23.209342853983166,0.6403561767278426,0.007388374386833971
5360,training,0,0.025234756991267204,0.004767985401304494,23.24952329579156,0.6405860964140447,0.004428928188058226
5361,training,0,0.0037091965787112713,0.004767985401304494,23.28937912860176,0.6407287885766311,0.002297748231118003
5362,training,0,0.03180710971355438,0.004767985401304494,23.329423026667786,0.6407779806010435,0.00010486516116686518
5363,training,0,0.025923302397131916,0.004767985401304494,23.36947612967622,0.6407667880404534,-0.000310305114289463
5364,training,0,0.022619178518652916,0.004767985401304494,23.409349463257875,0.6407550485353443,-0.0004888459428300925
5365,training,0,0.02202415652573109,0.01139047062158943,23.44948896106845,0.6407280384473288,-0.0008969893808693132
5366,training,0,0.02020515687763691,0.01139047062158943,23.489379142159468,0.6406817588874951,-0.0015506010625662369
5367,training,0,0.024305881932377815,0.01139047062158943,23.5293661352735,0.6405949873576651,-0.0030852199390983825
5368,training,0,0.0170662198215723,0.01139047062158943,23.569494068614162,0.640437092013959,-0.0044567233630133495
5369,training,0,0.004074752330780033,0.01139047062158943,23.60933884979188,0.6402200625067711,-0.006905306924982263
5370,training,0,0.0067752972245216335,0.01139047062158943,23.649456399429294,0.6398752103503643,-0.010543023426711788
5371,training,0.005683835,0.05896110273897648,0.018503447964722034,23.689418512278024,0.63938913363046,-0.013970371961577221
5372,training,0.006087104,0.08041159249842167,0.018503447964722034,23.74945187801343,0.6383459306405975,-0.02132846545437684
5373,training,0.004337079,0.06423374079167843,0.018503447964722034,23.78945110904183,0.6374009567098178,-0.02626094790600502
5374,training,0,0.031373005360364914,0.018503447964722034,23.829346901421015,0.6362749902530387,-0.028909057134554595
5375,training,0,0.028267059475183487,0.018503447964722034,23.849388332153996,0.6357049018545738,-0.027139476314944885
5376,training,0,0.03174115531146528,0.01783065117333756,23.88934748811822,0.634756460073506,-0.020339704211305487
5377,training,0,0.03605319932103157,0.01783065117333756,23.929175884580616,0.6340708244751153,-0.014582593623363416
5378,training,0,0.038264792412519455,0.01783065117333756,23.96929114864849,0.6335767043757018,-0.009880355879832095
5379,training,0,0.03875197470188141,0.01783065117333756,24.00913662489472,0.6332720477869727,-0.006058905615304119
5380,training,0,0.042196573689579964,0.01783065117333756,24.049109547467292,0.633098591823932,-0.0027934987614892277
5381,training,0,0.03885272238403559,0.01783065117333756,24.08920403837013,0.633047156460117,0.0005387870919703893
5382,training,0,0.042329263873398304,0.01783065117333756,24.129008767875064,0.6331324186639432,0.003432218620792504
5383,training,0,0.041186440736055374,0.012883015729559235,24.16909852485996,0.6333271468965918,0.006404937069141465
5384,training,0,0.03992434684187174,0.012883015729559235,24.209018092943992,0.6336354250938006,0.009130687151836618
5385,training,0,0.03769499622285366,0.012883015729559235,24.248938895659688,0.6340586766187766,0.011904124019906336
5386,training,0,0.03788825869560242,0.012883015729559235,24.289082990843347,0.6345700134334378,0.014243322024122937
5387,training,0,0.04366571456193923,0.012883015729559235,24.32888271601497,0.6351909243044347,0.016332806358829374
5388,training,0.001611792,0.05700737610459328,0.012883015729559235,24.389007012823676,0.6362634809565137,0.019631907449754085
5389,training,0,0.014177775010466576,0.01173167851875623,24.42880642765734,0.6371080353226414,0.022946257239277148
5390,training,0,0.018496908247470856,0.01173167851875623,24.448768096523292,0.6375864465872381,0.024840417603623696
5391,training,0,0.03530005794891622,0.01173167851875623,24.48887938162383,0.6386726505925312,0.030028517354463175
5392,training,0,0.03681891364976764,0.01173167851875623,24.528665813887137,0.6399974266191804,0.03690420819478135
5393,training,0,0.03090825304389,0.01173167851875623,24.5685949592692,0.6416041628072168,0.04335198712541226
5394,training,0,0.037883460521698,0.01173167851875623,24.60864106070765,0.6434310084129581,0.04795406649177787
5395,training,0,0.03647491708397865,0.00331334619716089,24.64837880172957,0.6454337203391374,0.05224773329879952
5396,training,0,0.015463736839592457,0.00331334619716089,24.688413049042683,0.6475967663937433,0.05574067336540285
5397,training,0,0.036558755207806826,0.00331334619716089,24.72823126984388,0.649907487416455,0.060454716463034415
5398,training,0,0.0020624175667762826,0.00331334619716089,24.768042448135695,0.6524578087575322,0.06799903736231455
5399,training,0,0.02549051120877266,0.00331334619716089,24.80801898431377,0.6553687056693163,0.07797157792863298
5400,training,0.0075730877,0.055790046229958534,0.00331334619716089,24.847602575753307,0.6587111955964761,0.09102648812836185
5401,training,0,0.024330399930477156,0.00993472479377749,24.887347240795062,0.6626573812837456,0.107652518176011
5402,training,0.0015412727,0.05288860946893691,0.00993472479377749,24.926983769225522,0.6672692107724822,0.12381432621310456
5403,training,0.0044814474,0.06658139824867249,0.00993472479377749,24.966328622747234,0.6725589373076623,0.14378531734719702
5404,training,0.0024561211,0.05629472061991691,0.00993472479377749,25.025428964099966,0.6819989173283875,0.17191917605774365
5405,training,0.00034340136,0.05679176747798918,0.00993472479377749,25.06449422686539,0.6892560045800301,0.19596329243429775
5406,training,0.0030319951,0.16329464316368103,0.030463292094896018,25.122718074404755,0.7020528460339619,0.237863479164157
5407,training,0.0022686063,0.08095367252826689,0.030463292094896018,25.161183672086015,0.712038573786831,0.2711362817355236
5408,training,0,0.04004523158073425,0.030463292094896018,25.180261212568826,0.7175172685756381,0.28749439744384103
5409,training,0.0020874222,0.06324750557541847,0.030463292094896018,25.218186285505517,0.7292786778857353,0.31184868599262716
5410,training,0.005036009,0.0849512331187725,0.030463292094896018,25.274851597965704,0.7485359907117769,0.34443467339931494
5411,training,0,0.011445857584476471,0.030463292094896018,25.293473401526708,0.7553209315601163,0.35400262500297164
5412,training,0,0.008585430681705475,0.06929461037300524,25.312103949287327,0.7623064156645156,0.36324636006103467
5413,training,0,0.0019057542085647583,0.06929461037300524,25.349406185607357,0.7768599473518143,0.38137370844819324
5414,training,0,0.030868839472532272,0.06929461037300524,25.386140269964738,0.791980714775666,0.40047004671884373
5415,training,0,0.039154766127467155,0.06929461037300524,25.422700023246435,0.8078490731799804,0.41789388696315105
5416,training,0,0.046658087521791444,0.06929461037300524,25.459181210032035,0.8243250367714057,0.4308071974486202
5417,training,0,0.03597251698374748,0.06929461037300524,25.495148145233614,0.8411378940188313,0.4429812028889317
5418,training,0.004230302,0.1399340890347958,0.06929461037300524,25.531229545989437,0.8584771890307725,0.453122564984509
5419,training,0.007426382,0.1286283489316702,0.0842664957393282,25.56697657479514,0.8760602674424517,0.46092155388301354
5420,training,0.004584685,0.21327416785061357,0.0842664957393282,25.602623243648317,0.893942036130358,0.46855488736100753
5421,training,0.0010181352,0.2573119476437569,0.0842664957393282,25.638294603998055,0.9121357151471255,0.47410588223071826
5422,training,0.00561268,0.2559729889035225,0.0842664957393282,25.673650518306495,0.9304044214837149,0.47972441957680123
5423,training,0.0032116282,0.28783880174160004,0.0842664957393282,25.709069579535804,0.9489755326683571,0.4865795235620181
5424,training,0.001953585,0.31131158024072647,0.07867710176180318,25.74430456404693,0.9677638257252745,0.49321528736345505
5425,training,0.0027452451,0.3301332667469979,0.07867710176180318,25.7967473468632,0.9964738411291714,0.508779255180632
5426,training,0.0068417685,0.3375574946403504,0.07867710176180318,25.814158688668712,1.0062386319338612,0.5129047144051537
5427,training,0.0028591705,0.31975701451301575,0.07867710176180318,25.848802898729637,1.0259321613127323,0.5207792831671463
5428,training,0.010006907,0.3059001602232456,0.07867710176180318,25.88334753234613,1.0459425242807983,0.5293376472734626
5429,training,0.003922797,0.290992684662342,0.07867710176180318,25.91772754552491,1.0662239959250008,0.5369794916065108
5430,training,0.005306009,0.28622902184724813,0.043456418403555575,25.96878628058496,1.0972856483058118,0.5576592743202247
5431,training,0.005848013,0.29727403074502945,0.043456418403555575,25.985602276936813,1.107877832344634,0.5657209148003812
5432,training,0.0029924514,0.29650931060314173,0.043456418403555575,26.01909147943391,1.1295428529949174,0.5833911493946446
5433,training,0.005156693,0.344430536031723,0.043456418403555575,26.052040160540933,1.151817986334559,0.6058185404397325
5434,training,0.0009942101,0.3566243536770344,0.043456418403555575,26.084489509644023,1.174784123167931,0.6243740737464712
5435,training,0.0028570243,0.33247439935803413,0.043456418403555575,26.11676576349361,1.198386857624267,0.6368935586879716
5436,training,0.0018987167,0.3066657464951277,0.043456418403555575,26.14862909962395,1.2222034821629792,0.6449046647151307
5437,training,0.017802408,0.29043680429458624,0.03726275933719717,26.180483538529234,1.246299189375397,0.6503465343584357
5438,training,0.002583309,0.3177100345492363,0.03726275933719717,26.212224969111727,1.2706212169961986,0.6586547236593262
5439,training,0.007650297,0.297203853726387,0.03726275933719717,26.24355870778888,1.2951125006233455,0.6679866067656645
5440,training,0.0033726767,0.2975682765245438,0.03726275933719717,26.274827683503364,1.3200712294144699,0.6810037665280335
5441,training,0.0016015798,0.2877175286412239,0.03726275933719717,26.30552070336506,1.3454325323039504,0.7010357734760858
5442,training,0.0021674242,0.3279725909233093,0.03726275933719717,26.335617825039826,1.3713931111616793,0.7226148560022406
5443,training,0.0037684087,0.3197512403130532,0.03726275933719717,26.365381690717825,1.3981822748615205,0.744004578719095
5444,training,0.0028193034,0.31618519127368927,0.19866435974591762,26.394261357431127,1.4253314453267745,0.7649868524476889
5445,training,0.01068574,0.5830406695604324,0.19866435974591762,26.422064580805145,1.4533709192481206,0.8286846175748127
5446,training,0.0031315875,0.7074082195758821,0.19866435974591762,26.44655834632045,1.4829982686252274,0.9448315087385919
5447,training,0.0052355593,0.6475028842687606,0.19866435974591762,26.46687957527432,1.516029563383416,1.1047277471445327
5448,training,0.0030251353,0.6781125590205191,0.257501357016626,26.481267218972594,1.5513586306243512,1.270118692258391
5449,training,0.0047907424,0.5034344047307967,0.27618126346572625,26.489654069448857,1.5888162032262036,1.4311762842766562
5450,training,0.0062795314,0.5379170514643193,0.27618126346572625,26.49231248307065,1.6274650230539498,1.5651989119057788
5451,training,0.004396201,0.22898206114768982,0.2759742487245159,26.490221783045605,1.6663314684620525,1.6823663987572959
5452,training,0.0026975912,0.060023531317710876,0.2759742487245159,26.48384371999426,1.7050993845626685,1.7733790200269595
5453,training,0.004222689,0.11665319651365283,0.2759742487245159,26.474866145486942,1.7435742415246607,1.818540639524796
5454,training,0.0030550815,0.06121024489402771,0.2759742487245159,26.464513412760663,1.7819709955290655,1.8499843065054835
5455,training,0.0018110102,0.07827037386596203,0.2759742487245159,26.447042464492245,1.8390691015355043,1.8833532270557727
5456,training,0.0018040187,0.06523775868117809,0.24085169012832477,26.427867145493913,1.8957925199893668,1.9082319841354054
5457,training,0.0021829675,0.08006700128316879,0.24085169012832477,26.407622404160936,1.951959083875221,1.9244355721510489
5458,training,0,0.03346966579556465,0.24085169012832477,26.400656297244502,1.9706872130409812,1.9296895840058348
5459,training,0.0029815356,0.07731735706329346,0.24085169012832477,26.379492663756494,2.0268009432752176,1.9305857067717218
5460,training,0.0021999904,0.0906013511121273,0.24085169012832477,26.358207111491048,2.0828193978938065,1.938406442159344
5461,training,0.0038895395,0.07235678471624851,0.1690722840514029,26.336482751577783,2.1385190333514394,1.947814165159258
5462,training,0.004807557,0.0671329190954566,0.1690722840514029,26.32164259884,2.1756430459488025,1.953691802555787
5463,training,0.01478272,0.07194733619689941,0.1690722840514029,26.299170949943193,2.2311112651864717,1.9575406337720314
5464,training,0,0.029433798510581255,0.1690722840514029,26.291619901940887,2.24957244895831,1.9612134743016996
5465,training,0.0011653798,0.06858522444963455,0.1690722840514029,26.2763115823739,2.286513731153833,1.9639312102227793
5466,training,0.014289159,0.07807079330086708,0.08477759169747609,26.26098753812372,2.3233469872912043,1.9679047274346868
5467,training,0.0010338168,0.08038227260112762,0.08477759169747609,26.237539119357898,2.378458358163174,1.9771282975803233
5468,training,0.004588572,0.09251812100410461,0.08477759169747609,26.221718988556603,2.4151341207527834,1.978043710723874
5469,training,0,0.04518319666385651,0.08477759169747609,26.21381509877368,2.433430037585989,1.9787368433999166
5470,training,0,0.03809911012649536,0.08477759169747609,26.197965837003167,2.4701946141175606,1.9736550079993516
5471,training,0.0031441036,0.07559330388903618,0.08477759169747609,26.182473549853558,2.5071162123091693,1.9627359349473676
5472,training,0.004284156,0.0569996852427721,0.024683989099498246,26.167296395080545,2.5440646572303303,1.9594835025222557
5473,training,0,0.025475360453128815,0.024683989099498246,26.15969787185084,2.56265733828449,1.9562329141682724
5474,training,0.0064540897,0.05348144471645355,0.024683989099498246,26.137693001658473,2.618479538681042,1.9378314823083127
5475,training,0,0.034188367426395416,0.024683989099498246,26.1305523609213,2.6371956087008916,1.932718875150769
5476,training,0.0029733018,0.053275084123015404,0.024683989099498246,26.10968332723217,2.693518845869098,1.9193179045250466
5477,training,0,0.015857602935284376,0.024683989099498246,26.102910074270383,2.712229657226768,1.9164417126477487
5478,training,0,0.04616439342498779,0.04368539581824909,26.089435532162632,2.7499617282061677,1.9114810557022643
5479,training,0,0.016323311254382133,0.04368539581824909,26.07613793488744,2.787701391802223,1.9082155168683264
5480,training,0,0.04602904990315437,0.04368539581824909,26.06291620819595,2.8252727544488625,1.9100589678615758
5481,training,0,0.04456520453095436,0.04368539581824909,26.049544643691963,2.863053286375332,1.911405141047106
5482,training,0,0.022721394896507263,0.04368539581824909,26.03621932920198,2.900606999630682,1.9122169249078171
5483,training,0,0.03217960149049759,0.04368539581824909,26.022780836282273,2.9382382773895386,1.915835431920757
5484,training,0,0.01367083191871643,0.024083226243129047,26.009157327187523,2.9758678755863777,1.9205828389937336
5485,training,0,0.022055950015783313,0.024083226243129047,25.99537322717501,3.0131887811349234,1.9288032083896984
5486,training,0,0.01607045531272889,0.024083226243129047,25.98118095766925,3.0505892579759717,1.938162514036514
5487,training,0,0.00029751658439635537,0.024083226243129047,25.966718945746624,3.0877548080545845,1.9456483829386628
5488,training,0,0.03242632374167442,0.024083226243129047,25.951953569655156,3.12475622837373,1.9552174293628706
5489,training,0,0.00929909944534301,0.024083226243129047,25.93681509292063,3.1617359927822695,1.9626960380959149
5490,training,0,0.013431651517748833,0.015417162150358703,25.921455968647695,3.198501750411462,1.9704725460308001
5491,training,0,0.0164027139544487,0.015417162150358703,25.905746581151902,3.2352254248599817,1.9793462736285574
5492,training,0,0.014640940353274342,0.015417162150358703,25.889770605848454,3.271806685768386,1.9857162356131943
5493,training,0,0.020677719265222542,0.015417162150358703,25.873551360520256,3.30819557610725,1.9943700064386978
5494,training,0.0073663923,0.05611455440521239,0.015417162150358703,25.856998776396008,3.3445110207990507,2.001518445549858
5495,training,0,0.013935580849647529,0.015417162150358703,25.84020539836818,3.380749062657519,2.0082797482554104
5496,training,0,0.013767074793577201,0.010899273062995334,25.8231415019696,3.4167879218968675,2.017408372202502
5497,training,0,0.03270990401506424,0.010899273062995334,25.805791578039692,3.4526960316353597,2.0242096173605106
5498,training,0.0018468973,0.059198714792728424,0.010899273062995334,25.78815887737418,3.488498058900197,2.033148853772851
5499,training,0,0.024050552397966385,0.010899273062995334,25.770209081309925,3.524077650565962,2.041646861352089
5500,training,0.009584478,0.05396465957164766,0.010899273062995334,25.751951189126526,3.5596269014744077,2.049531461176281
5501,training,0,0.0037998035550117493,0.010899273062995334,25.73336909614282,3.594899535654964,2.062581896193555
5502,training,0,0.03308078646659851,0.022843432212630615,25.7143543353406,3.6298461056555693,2.0752453373471034
5503,training,0,0.017323751002550125,0.022843432212630615,25.694790783939386,3.6647455413078873,2.088737626314781
5504,training,0.001312341,0.0512084886431694,0.022843432212630615,25.674860236794384,3.699144526940416,2.1016453172956044
5505,training,0,0.013097651302814477,0.022843432212630615,25.654481035256165,3.7334629449682826,2.1113493968935564
5506,training,0,0.023874443024396896,0.022843432212630615,25.633743211296597,3.7676522994590944,2.121794308960386
5507,training,0.0019625581,0.0722786635160446,0.022843432212630615,25.612745304289188,3.8014316884184383,2.1312391935172257
5508,training,0,0.039514631032943726,0.024516373154282407,25.59131096866193,3.8352532611665353,2.1406371214394984
5509,training,0.0008160983,0.07249733060598373,0.024516373154282407,25.569630455654995,3.8687034866912624,2.1508808840148204
5510,training,0,0.031095050275325775,0.024516373154282407,25.547629093393596,3.9019415674685516,2.1598418621682143
5511,training,0.0022447375,0.06108524650335312,0.024516373154282407,25.51400765935958,3.9516162525975966,2.172425559776199
5512,training,0,0.04630232788622379,0.024516373154282407,25.491330710832898,3.9843777000262777,2.1797320513893044
5513,training,0.0034201478,0.053598739206790924,0.024516373154282407,25.456789971083346,4.033453552940842,2.1889940483493535
5514,training,0.0024329473,0.07478796131908894,0.024516373154282407,25.43360369725326,4.065837317622731,2.1951860801105108
5515,training,0.002145879,0.11754537932574749,0.002758218015896744,25.398334408620375,4.114454499091947,2.200304325168794
5516,training,0.004481932,0.11892318725585938,0.002758218015896744,25.37494292458226,4.146744530447336,2.1941651920832963
5517,training,0.004082594,0.12618614919483662,0.002758218015896744,25.36326150289284,4.163045650265594,2.1906838793892045
5518,training,0.007933826,0.07306376099586487,0.002758218015896744,25.34003688302121,4.1957510191839615,2.188257235036168
5519,training,0,0.011561349034309387,0.002758218015896744,25.328526212496534,4.211932377278236,2.1904001126191774
5520,training,0,0.03408953547477722,0.002758218015896744,25.305177963632644,4.244231793194677,2.204528201245504
5521,training,0.0018360174,0.10222773253917697,0.002758218015896744,25.281233170690978,4.276322464780166,2.2199298072177593
5522,training,0.003271412,0.059381499886512756,0.017952159512557568,25.269206068889957,4.292043012529763,2.2266428825012956
5523,training,0,0.00153303891420363,0.017952159512557568,25.24471427622694,4.323460375992677,2.2393113023901448
5524,training,0,0.017218690365552902,0.017952159512557568,25.221968966005086,4.352225356207917,2.2287915329779837
5525,training,0,0.026394437998533235,0.017952159512557568,25.19849415492495,4.382524677749848,2.2356672318654476
5526,training,0.003994103,0.062083579599857316,0.017952159512557568,25.173652869649132,4.413792210351887,2.2487169700251135
5527,training,0,0.021927271038293845,0.017952159512557568,25.14841404956881,4.444792067487785,2.2584662168576863
5528,training,0,0.03562290221452713,0.017952159512557568,25.12301442380754,4.475409843038234,2.267671198446783
5529,training,0,0.030637966468930244,0.03648166855972522,25.097715106796695,4.505229013644165,2.278500134859012
5530,training,0,0.023830099031329155,0.03648166855972522,25.071757086979567,4.535400192293425,2.28263861603765
5531,training,0.008865563,0.05337040312588215,0.03648166855972522,25.019263196725262,4.5957058350055435,2.290227301971586
5532,training,0,0.02379468735307455,0.03648166855972522,25.00609691969518,4.610700715365681,2.2918505098720026
5533,training,0.0066218595,0.07131856121122837,0.03648166855972522,24.979664066138557,4.640649326466056,2.2954161766241863
5534,training,0,0.014437148347496983,0.03648166855972522,24.95314938184577,4.670550080567561,2.2965493366776433
5535,training,0.0015500193,0.05718045309185981,0.03648166855972522,24.92661520872882,4.700395597009591,2.298307955246535
5536,training,0.0017862654,0.06982213817536831,0.04754047892017561,24.899973596608024,4.73023630465807,2.299989079893142
5537,training,0,0.012326719239354134,0.04754047892017561,24.88669035561396,4.745121221595492,2.299162423070359
5538,training,0.009491616,0.05155411921441555,0.04754047892017561,24.846937766671566,4.789935757728319,2.293057769517174
5539,training,0.0019555571,0.0563945472240448,0.04754047892017561,24.820541958362405,4.820020902385286,2.288022402581114
5540,training,0.00917129,0.08802340738475323,0.04754047892017561,24.794345739424326,4.850132345421538,2.2866067558988212
5541,training,0.0020285568,0.06564727239310741,0.04754047892017561,24.768065635444742,4.880281009389729,2.2893536886495447
5542,training,0.009936427,0.06830442324280739,0.04754047892017561,24.728615125823154,4.925305133566497,2.2907227932992353
5543,training,0.0043990626,0.05275289155542852,0.054040739452040736,24.702245107045037,4.95537295798172,2.2903655145864548
5544,training,0.0048174937,0.05226157791912556,0.054040739452040736,24.66283852534922,5.00048270883104,2.2873955203861733
5545,training,0.0028704305,0.06888015195727348,0.054040739452040736,24.623438443399753,5.045706917802252,2.287022279510178
5546,training,0.0016931074,0.06000589206814766,0.054040739452040736,24.58420048070116,5.090921631442186,2.284520935939718
5547,training,0,0.008900346234440804,0.054040739452040736,24.57110013094487,5.106051345469958,2.2840265746426613
5548,training,0.0031674998,0.07859425246715546,0.054040739452040736,24.544953184763653,5.136396788140412,2.2785012241883638
5549,training,0,0.011077243834733956,0.011748594096750062,24.532001127812805,5.151587617018032,2.2752637005512004
5550,training,0.0030126693,0.07678593322634697,0.011748594096750062,24.506225293427256,5.182108247920352,2.268926745776243
5551,training,0,0.0027185976505279576,0.011748594096750062,24.49334696891592,5.197501399665609,2.265887613813151
5552,training,0,0.00019491370767354792,0.011748594096750062,24.480560116995214,5.212885193465102,2.2621620162417444
5553,training,0,0.0023987062741070986,0.011748594096750062,24.45518759644548,5.2436528062287415,2.2591643456732378
5554,training,0,0.02077523246407509,0.011748594096750062,24.442492855813164,5.259089456754017,2.2587557390411077
5555,training,0,0.01136593893170357,0.011748594096750062,24.417071108505063,5.290015235035675,2.2586595990078173
5556,training,0.002882545,0.05381908640265465,0.011748594096750062,24.378974439468752,5.336167933091643,2.2646397144814765
5557,training,0,0.04942738218232989,0.03384532539652047,24.36614811498069,5.351535128389416,2.2684504464323334
5558,training,0.0047244257,0.060636911541223526,0.03384532539652047,24.314422105272392,5.412195581479426,2.2873851726024075
5559,training,0.0036462564,0.14347918704152107,0.03384532539652047,24.288002569505533,5.442101578565412,2.301587483225998
5560,training,0.003523658,0.129418978234753,0.03384532539652047,24.247538352707178,5.485969910836849,2.3337865256782564
5561,training,0.013537892,0.10956677235662937,0.03384532539652047,24.20553073456477,5.528280189254361,2.3703919958456776
5562,training,0.0049061496,0.11181235313415527,0.03384532539652047,24.162072655958045,5.5693803020438795,2.3964895307126564
5563,training,0.0041812034,0.09031229466199875,0.05968970714178114,24.117784619203118,5.609538738910058,2.4116552349715223
5564,training,0.006363112,0.08595355786383152,0.05968970714178114,24.072919896460757,5.649096093157371,2.425268544098168
5565,training,0.0016032755,0.129167715087533,0.05968970714178114,24.04272144290325,5.675234012829558,2.4304897230773763
5566,training,0.0018734094,0.09619376435875893,0.05968970714178114,23.997207406786234,5.714146308712953,2.4374247161687506
5567,training,0.0014904636,0.05044479481875898,0.05968970714178114,23.96673661152556,5.739964299306665,2.4392434044487215
5568,training,0,0.026544816792011275,0.08175370585418484,23.936205478333658,5.7657759320345985,2.439028177448667
5569,training,0,0.025740832090377808,0.08175370585418484,23.921028183460844,5.778663235651452,2.435049335147971
5570,training,0,0.02250082418322563,0.08175370585418484,23.90587770686673,5.79164745701088,2.430792564240115
5571,training,0.0061849183,0.08565090596675873,0.08175370585418484,23.875588316412227,5.817933921531252,2.4233187398864926
5572,training,0,0.0021651871502399445,0.08175370585418484,23.845546362641496,5.844273939360893,2.4202521168636886
5573,training,0.004606148,0.05869048647582531,0.08175370585418484,23.815640588047515,5.870667823411648,2.416587036730224
5574,training,0,0.008055407553911209,0.08175370585418484,23.785694274073368,5.897268147151012,2.414492321371317
5575,training,0.0029486045,0.06809037178754807,0.08175370585418484,23.75590965974092,5.923715389034809,2.4157042414881706
5576,training,0,0.03571309894323349,0.08770443680893818,23.725976449488535,5.950245902715084,2.417276468830659
5577,training,0.0036677103,0.07865339145064354,0.08770443680893818,23.69599292269644,5.976673514764755,2.4212827408851423
5578,training,0,0.006836454849690199,0.08770443680893818,23.666037440326395,6.002891890593119,2.423560885090304
5579,training,0,0.02156535722315311,0.08770443680893818,23.65095154920393,6.01606288416119,2.4237361967544753
5580,training,0,0.01303645595908165,0.08770443680893818,23.6208043926166,6.0423637830261985,2.424992612461188
5581,training,0.0030859932,0.05161399208009242,0.08770443680893818,23.575679045008695,6.081645865178314,2.425357611126322
5582,training,0,0.006301630288362503,0.08770443680893818,23.545466333356217,6.107915678263458,2.4264258845967093
5583,training,0,0.03325080871582031,0.07837414205370213,23.530454985019166,6.120950387955257,2.4257370956982323
5584,training,0,0.03476593270897866,0.07837414205370213,23.500334718714704,6.147181993545332,2.4244386770494253
5585,training,0.0023347903,0.06414295732975006,0.07837414205370213,23.455121490079325,6.186553820670388,2.4259574702884574
5586,training,0.0012150778,0.06596770510077478,0.07837414205370213,23.425009700839254,6.212713456689519,2.4264928098182525
5587,training,0,0.038295213133096695,0.07837414205370213,23.409867351137546,6.225856099364915,2.427146535188364
5588,training,0.004547183,0.18903221562504768,0.07837414205370213,23.36456912336959,6.264901814353582,2.433101957154888
5589,training,0.003159057,0.13105721026659015,0.07837414205370213,23.334142685177294,6.290852714941531,2.4381971105626725
5590,training,0.0017401273,0.1501473635435104,0.08798170845039659,23.30357512151174,6.316548904784462,2.4476962157060935
5591,training,0.0026810437,0.16804111003875732,0.08798170845039659,23.272889651012665,6.3418152692820255,2.4577885452088273
5592,training,0.0050692507,0.10481128096580508,0.08798170845039659,23.25735484276081,6.35439172910185,2.4648193241312306
5593,training,0.0039273496,0.1375058442354202,0.08798170845039659,23.226001992091465,6.379197541627808,2.48055970357541
5594,training,0.0019971314,0.12300094217061999,0.08798170845039659,23.17848881723924,6.415310792225985,2.5024244601784993
5595,training,0.0038064327,0.07986127585172653,0.08798170845039659,23.146153065919908,6.43894324197088,2.5205980675609396
5596,training,0.0039493516,0.11716570705175403,0.08798170845039659,23.113687426884056,6.46162650152396,2.5428738166888105
5597,training,0.0079330625,0.09166762232780457,0.1335444873800325,23.08046126786949,6.483745943979003,2.5656607541993193
5598,training,0.0044118436,0.12052983045578,0.1335444873800325,23.046848511362093,6.504866227130263,2.5972237386891797
5599,training,0.0075839944,0.17739753797650334,0.1335444873800325,23.02984103209479,6.5149595076911675,2.614724721204344
5600,training,0.0073247547,0.1373227797448635,0.1335444873800325,22.995143855248248,6.534339555328595,2.649388122476524
5601,training,0.0068887398,0.13298938795924187,0.1335444873800325,22.942027317554263,6.561400811994602,2.6879127624144896
5602,training,0.0010291114,0.180121049284935,0.1335444873800325,22.906053112885225,6.57845878649898,2.7086734438396287
5603,training,0.0018527503,0.09579651989042759,0.12843565960252,22.85148163610947,6.602742657773726,2.737942637901344
5604,training,0.017262267,0.14168037101626396,0.12843565960252,22.81473821910531,6.618020763681348,2.752505706667803
5605,training,0.00046390673,0.11228038789704442,0.12843565960252,22.759249555349594,6.640449139852776,2.7634273018232682
5606,training,0.0029418748,0.09933480992913246,0.12843565960252,22.722222977009615,6.655076839663432,2.765054357861512
5607,training,0.0023678646,0.05714756529778242,0.12843565960252,22.685169854502035,6.669793476333738,2.7617960544463354
5608,training,0.002244424,0.05149215552955866,0.09560099878839139,22.62944201580909,6.6921602845417585,2.75817338073047
5609,training,0,0.01919345371425152,0.09560099878839139,22.611060079928215,6.699588011140401,2.756814942794021
5610,training,0,0.023695714771747593,0.09560099878839139,22.592552207243795,6.707075146097979,2.756887938320197
5611,training,0,0.0033271536231040885,0.09560099878839139,22.555441448876017,6.722190864820055,2.752829820588322
5612,training,0,0.013537932187318809,0.09560099878839139,22.536940146877537,6.729788550396558,2.7501914897697874
5613,training,0,0.007056262344121933,0.09560099878839139,22.51854630197171,6.737430936390249,2.744430017474132
5614,training,0,0.03698005527257919,0.09560099878839139,22.481688449983764,6.753156428040096,2.7325350365893573
5615,training,0.0039347946,0.05463818274438381,0.06150768122956028,22.40849792324261,6.7851710438951045,2.728153706688612
5616,training,0,0.02112405374646187,0.06150768122956028,22.390171678349546,6.793211519611801,2.7284035991361413
5617,training,0,0.013494256883859634,0.06150768122956028,22.353617260467917,6.8092073777444035,2.7277467190695788
5618,training,0,0.01635430753231048,0.06150768122956028,22.317169054362605,6.825425896671169,2.7155637436756526
5619,training,0,0.010233357548713684,0.06150768122956028,22.298948552029287,6.833754515421072,2.7107611345294176
5620,training,0,0.003892339766025543,0.06150768122956028,22.26263758644909,6.850592482698282,2.704294285218496
5621,training,0,0.026874952018260956,0.039597435362397716,22.226499968293115,6.867620011286794,2.6970274306100483
5622,training,0.0074264663,0.06513654068112373,0.039597435362397716,22.1724642817872,6.893762282857987,2.6855039049820966
5623,training,0,0.005363050848245614,0.039597435362397716,22.15449671003864,6.902612873766207,2.6821976135851835
5624,training,0,0.02879403904080391,0.039597435362397716,22.11874310666686,6.920493495564224,2.672638522530678
5625,training,0,0.04409654811024666,0.039597435362397716,22.08314121456021,6.938732672717909,2.664157913831401
5626,training,0,0.033759865909814835,0.039597435362397716,22.04762114460065,6.95723921679829,2.6586850325145686
5627,training,0,0.006613478064537048,0.03263070994046505,22.012293088005915,6.975894781240202,2.653413884423407
5628,training,0,0.003460504114627838,0.03263070994046505,21.977041823895824,6.9946415561665365,2.652281649057306
5629,training,0,0.02345474436879158,0.03263070994046505,21.941770230201758,7.013439318184725,2.650654650147774
5630,training,0,9.352201595902486e-05,0.03263070994046505,21.906560601834478,7.03228565966758,2.64983353564603
5631,training,0,0.030543498694896698,0.03263070994046505,21.871296030395353,7.051161011615789,2.6501798757470008
5632,training,0.012213178,0.05166864767670631,0.03263070994046505,21.81852966735253,7.079484786565983,2.647719657382406
5633,training,0,0.003917891532182697,0.02865964203555623,21.783318325439758,7.09842301440296,2.648522702231267
5634,training,0,0.008821262046694756,0.02865964203555623,21.765736836286862,7.107850893116233,2.6500324509208286
5635,training,0,0.009981968440115454,0.02865964203555623,21.730506695290796,7.126616796709023,2.654286196352101
5636,training,0.0038527832,0.05162244103848934,0.02865964203555623,21.677475332289735,7.154418919975993,2.6622473726985705
5637,training,0.0018434414,0.050943121896125376,0.02865964203555623,21.642006848023925,7.172746747246695,2.6671190441602888
5638,training,0.0017780922,0.09194539301097393,0.02865964203555623,21.58859471957164,7.199592989322733,2.6850600475694946
5639,training,0.009928811,0.0816957987844944,0.02663674476513373,21.552695493819147,7.216956798821873,2.697682081931099
5640,training,0,0.0456678606569767,0.02663674476513373,21.534683292486513,7.225437986575884,2.7043559358402844
5641,training,0,0.04683896899223328,0.02663674476513373,21.498490913333796,7.242171251394405,2.7107278244554607
5642,training,0.0017333352,0.06006632000207901,0.02663674476513373,21.46218536762706,7.2588209017498615,2.712254627102545
5643,training,0.00314717,0.05740751139819622,0.02663674476513373,21.40766364202122,7.283668666679906,2.7144707748041044
5644,training,0,0.021974503993988037,0.003694887114281797,21.371341291341377,7.300237880947607,2.711932037275027
5645,training,0,0.013621527701616287,0.003694887114281797,21.353154014110636,7.30858835741522,2.709628007851162
5646,training,0.0058708834,0.0522470623254776,0.003694887114281797,21.316884791663544,7.325410202715892,2.704598764710089
5647,training,0,0.001841869205236428,0.003694887114281797,21.280763806946464,7.342449627634308,2.696606295754017
5648,training,0,0.014527823776006692,0.003694887114281797,21.24470789679697,7.359791101310717,2.6901312020808503
5649,training,0.0028889622,0.060725703835487366,0.003694887114281797,21.20880042057076,7.3773210135670935,2.6837424755062096
5650,training,0,0.02910277806222439,0.020562017484099318,21.172945166384924,7.395139542192515,2.677580378923625
5651,training,0.0034944185,0.052357763051986694,0.020562017484099318,21.137227855270144,7.413044300992984,2.6767725552461843
5652,training,0.0017599177,0.05345516651868821,0.020562017484099318,21.10155184191075,7.4309484755969795,2.675373203113041
5653,training,0,0.044462161138653755,0.020562017484099318,21.065866527272707,7.448917863512761,2.674593667213354
5654,training,0,0.03825511597096921,0.020562017484099318,21.048010869145468,7.457925670784887,2.6737669750018256
5655,training,0,0.0014981767162680626,0.020562017484099318,21.012389561604536,7.476004768783656,2.6690922099911845
5656,training,0.0048507983,0.05095623247325419,0.020562017484099318,20.959066520646186,7.503449058904691,2.6641627505993077
5657,training,0,0.015254657715559006,0.029413608166450916,20.923600328923047,7.521870646565108,2.6597322210659997
5658,training,0,0.019132118672132492,0.029413608166450916,20.905873783858052,7.531174508117454,2.656891326341567
5659,training,0.0031936676,0.05618858337402344,0.029413608166450916,20.852877479066187,7.559255253566747,2.6519448379581845
5660,training,0,0.0489108357578516,0.029413608166450916,20.835303275160673,7.568637406834381,2.649669113057458
5661,training,0.004532622,0.1096299048513174,0.029413608166450916,20.80009719932478,7.587566406722004,2.6475204064959748
5662,training,0.0033750935,0.05283445492386818,0.029413608166450916,20.747310590002275,7.615948909635018,2.6482071311730664
5663,training,0.0033898852,0.06971822865307331,0.03403872294704674,20.712131562041574,7.634870866346179,2.648033492754248
5664,training,0.0019658743,0.061828790232539184,0.03403872294704674,20.659306191514,7.663175784440561,2.650902227802388
5665,training,0,0.023811811581254005,0.03403872294704674,20.64170248603918,7.67258476692273,2.6501049067781173
5666,training,0.0017983888,0.05494987405836582,0.03403872294704674,20.588890228013565,7.70089310877539,2.6486996019663165
5667,training,0.0010550244,0.06549026444554329,0.03403872294704674,20.55370446793067,7.7198291331520625,2.6460760169990794
5668,training,0.00414969,0.05284793488681317,0.04337320607678861,20.51857851767532,7.738787873533214,2.6477709786138144
5669,training,0.002875225,0.09774849563837051,0.04337320607678861,20.465749813681136,7.76701867099191,2.653395727496219
5670,training,0.0032537344,0.10010130703449249,0.04337320607678861,20.430444597949652,7.785595478776973,2.661643572023194
5671,training,0.0046656737,0.05794491246342659,0.04337320607678861,20.394939783496486,7.803879690416356,2.6696596202763696
5672,training,0.0043995334,0.05320174992084503,0.04337320607678861,20.359376165628422,7.821960315132355,2.6712546029764073
5673,training,0.003985381,0.06954669207334518,0.04337320607678861,20.341662188923117,7.830961319575045,2.670394056578337
5674,training,0,0.025913074612617507,0.04480231615649612,20.306061989556806,7.849272242095107,2.6609332517303903
5675,training,0,0.018320087343454347,0.04480231615649612,20.288386886339275,7.858564608838903,2.6532190920685546
5676,training,0,0.002399209886789322,0.04480231615649612,20.25316108862099,7.8775926802654,2.6402823220971134
5677,training,0,0.002107396721839898,0.04480231615649612,20.235654006095924,7.8872385875954025,2.6357709318498554
5678,training,0,0.012877136468887322,0.04480231615649612,20.200660956273396,7.906799236548568,2.627853218872335
5679,training,0,0.03524085879325866,0.04480231615649612,20.16596281855523,7.926575357692918,2.6200005966734183
5680,training,0,0.010204730555415157,0.04480231615649612,20.131343141750243,7.946583554493061,2.615362476151602
5681,training,0,0.008940886706113815,0.03998970054675251,20.096777566597353,7.966757744812448,2.610514855600468
5682,training,0,0.022154409438371655,0.03998970054675251,20.062407942214843,7.987008399459072,2.6081824846419943
5683,training,0,0.02439683303236961,0.03998970054675251,20.027930655847108,8.007387490239521,2.607074446382318
5684,training,0,0.0003373262006789446,0.03998970054675251,19.993590328566977,8.027773886728104,2.6044290005562747
5685,training,0,0.02150274440646172,0.03998970054675251,19.959309747332664,8.0481873141354,2.6043671822445544
5686,training,0,0.013574356213212013,0.03998970054675251,19.924925389937577,8.068669916276724,2.603375709740074
5687,training,0,0.001989547163248062,0.025949483516640046,19.89068320118742,8.089128319406493,2.6026723838396264
5688,training,0,0.02029821649193764,0.025949483516640046,19.85634409675194,8.10964627825917,2.6033055952305375
5689,training,0,0.03406555950641632,0.025949483516640046,19.822024777844494,8.130146453416337,2.602267485529121
5690,training,0,0.0008593164384365082,0.025949483516640046,19.787807606963465,8.150603161795358,2.602849001890194
5691,training,0,0.024025991559028625,0.025949483516640046,19.753411246412735,8.171145808408225,2.603085503669386
5692,training,0,0.040059447288513184,0.025949483516640046,19.719191979033553,8.191611074479829,2.602333651933566
5693,training,0,0.04461517930030823,0.014774376820411746,19.684895817709233,8.2121040657606,2.603574501006863
5694,training,0,0.01150572299957275,0.014774376820411746,19.650542610736167,8.232587709758548,2.603362775240281
5695,training,0,0.04487117379903793,0.014774376820411746,19.616303503783833,8.252996070597575,2.604982408520356
5696,training,0,0.02519929874688387,0.014774376820411746,19.581868347511698,8.273421666222832,2.60730949664974
5697,training,0,0.0017233891412615776,0.014774376820411746,19.547512341038072,8.29372759464676,2.608093349452795
5698,training,0,0.013297708705067628,0.014774376820411746,19.5131348599905,8.313948187331876,2.6117515057666445
5699,training,0,0.011712927371263504,0.009506903164573574,19.478597220001127,8.334096524624952,2.6143041949649812
5700,training,0,0.014591505751013752,0.009506903164573574,19.444103784357715,8.354115894899813,2.6171537747998763
5701,training,0.0015318443,0.051034308969974525,0.009506903164573574,19.392140409302193,8.384003034114016,2.620774052133646
5702,training,0,0.01557552814483643,0.009506903164573574,19.357511514384314,8.40384497125478,2.621526185014108
5703,training,0,0.0015841126441955566,0.009506903164573574,19.322796830685853,8.423592967455592,2.628870179413385
5704,training,0,0.047952586784958846,0.009506903164573574,19.30538512215833,8.433347230082768,2.6319888415516837
5705,training,0,0.02766512893140316,0.012298827895971868,19.270505431833733,8.452721956003918,2.6359622301938765
5706,training,0.0026365232,0.06415064074099062,0.012298827895971868,19.200538255960385,8.491311257622757,2.6371643152577433
5707,training,0,0.015591863542795188,0.012298827895971868,19.183050510233652,8.500949255359576,2.638727516771729
5708,training,0,0.023235620930790898,0.012298827895971868,19.14803168069907,8.520011801244378,2.6486355185438937
5709,training,0,0.007831119000911713,0.012298827895971868,19.130404031265073,8.52942040626068,2.6530884628069984
5710,training,0,0.004330424591898922,0.012298827895971868,19.095121605308634,8.548029334877802,2.6587831763636087
5711,training,0,0.03408059664070606,0.020211216799234807,19.059735124596482,8.566432865548231,2.665169751424369
5712,training,0,0.001928841695189476,0.020211216799234807,19.024238871132525,8.584633651835606,2.6693556213375054
5713,training,0,0.008767746388912201,0.020211216799234807,18.9886305453537,8.602716988438504,2.674377517057178
5714,training,0,0.04081639274954796,0.020211216799234807,18.952911444359785,8.620573017591022,2.6814280217168025
5715,training,0,0.014400588348507881,0.020211216799234807,18.917150337744673,8.638196449319858,2.686125563568745
5716,training,0,0.015385885722935201,0.020211216799234807,18.881244067956136,8.655631637857708,2.693086095750641
5717,training,0,0.007829630747437477,0.019932717930473905,18.845276554454667,8.672787510963172,2.69862944873761
5718,training,0,0.006848296150565149,0.019932717930473905,18.80910651971539,8.689847436105609,2.7028208722494966
5719,training,0,0.01749170944094658,0.019932717930473905,18.772923278131078,8.706700370824215,2.7081525625943845
5720,training,0,0.013552901800721884,0.019932717930473905,18.736740851806797,8.723389174081307,2.7103225625320135
5721,training,0,0.029790833592414856,0.019932717930473905,18.700385888744474,8.740045306389941,2.7138804811053703
5722,training,0,0.020048250909894705,0.019932717930473905,18.66410149837597,8.75648909461925,2.7169672362645754
5723,training,0,0.026698562316596508,0.0051853076180861275,18.62764385785443,8.7729241343818,2.719168817220331
5724,training,0,0.0037856753915548325,0.0051853076180861275,18.59117370019321,8.78922818215326,2.7232043021597963
5725,training,0,0.007915118243545294,0.0051853076180861275,18.554757753171895,8.805371143672193,2.724458939026868
5726,training,0,0.038660719990730286,0.0051853076180861275,18.518149125452815,8.82156851697014,2.725469683848524
5727,training,0,0.022092254832386967,0.0051853076180861275,18.481662978639903,8.83764381223041,2.726495677265598
5728,training,0,0.011153781786561012,0.0051853076180861275,18.445108933717496,8.853762634490403,2.725766022541976
5729,training,0.002333203,0.05226200073957444,0.008120582767977039,18.39026493105793,8.877941985714646,2.726518349503631
5730,training,0.0057177623,0.06605398654937744,0.008120582767977039,18.35376537567697,8.894025662714151,2.7269919383910657
5731,training,0,0.013911171816289425,0.008120582767977039,18.317136642992363,8.910095247723916,2.7293750927201295
5732,training,0,0.0008069835603237152,0.008120582767977039,18.298848691860766,8.918080740599866,2.728786554381449
5733,training,0,0.025686599314212792,0.008120582767977039,18.262384246172875,8.934209094822608,2.721658630599557
5734,training,0,0.005288803949952129,0.008120582767977039,18.22586004773299,8.950637554858744,2.716162392833191
5735,training,0,0.026588018517941236,0.01782870571285862,18.18955218531526,8.967206526729441,2.709669062634593
5736,training,0,0.013018611818552017,0.01782870571285862,18.153233931655652,8.984115091342865,2.7020706600222013
5737,training,0,0.00736058130860328,0.01782870571285862,18.11708136341317,9.001234187649965,2.6964692930127385
5738,training,0,0.02831159858033061,0.01782870571285862,18.081117228594437,9.018540418915766,2.6892915425274735
5739,training,0,0.016241230070590973,0.01782870571285862,18.045170646008497,9.03613165626611,2.684235996751746
5740,training,0,0.011812644079327587,0.01782870571285862,18.009319335816077,9.053835797753084,2.681201517200074
5741,training,0,0.004519239068031311,0.01813572864093626,17.973565006689178,9.071663839990222,2.677172342392645
5742,training,0,0.005083241965621709,0.01813572864093626,17.937853965275412,9.089572380871013,2.6765464303662854
5743,training,0,0.016922732815146446,0.01813572864093626,17.902192913385253,9.107470077198247,2.6753238270175315
5744,training,0,0.011928656604140997,0.01813572864093626,17.866478623007858,9.12546162957359,2.674899280312865
5745,training,0,0.014357915148139003,0.01813572864093626,17.83077380183272,9.143408882522769,2.676637898167869
5746,training,0,0.0154860969632864,0.01813572864093626,17.795115887760097,9.161297265872166,2.675990409210979
5747,training,0,0.009613877162337303,0.014983051233964338,17.75940577077771,9.179216915730336,2.6772357976605714
5748,training,0,0.015045605599880219,0.014983051233964338,17.72371480688078,9.197042669545088,2.678572113951932
5749,training,0,0.0009031798690557515,0.014983051233964338,17.68791861207634,9.214879283986042,2.6801623616680086
5750,training,0,0.006705103442072868,0.014983051233964338,17.652137566293803,9.232568949579685,2.6850394388326495
5751,training,0,0.015672607347369194,0.014983051233964338,17.616340959314883,9.250060999048095,2.688538543308524
5752,training,0,0.018164985813200474,0.014983051233964338,17.580365630153807,9.267466599346191,2.693757811223114
5753,training,0,0.00771423801779747,0.009404634658890475,17.54437056828455,9.284605388584417,2.6995246616296336
5754,training,0,0.03669049637392163,0.009404634658890475,17.50824816947796,9.301616059220542,2.703540354791666
5755,training,0,0.017088465392589573,0.009404634658890475,17.47202765057006,9.31844245212404,2.7104855660936003
5756,training,0,3.489479422569275e-05,0.009404634658890475,17.435809213140775,9.334950452721074,2.716308474422178
5757,training,0,0.009523456916213032,0.009404634658890475,17.39931298389172,9.351347389295633,2.722612579313366
5758,training,0,0.04227782413363457,0.009404634658890475,17.362829752745647,9.367400543208252,2.7307801309977364
5759,training,0,0.004227396100759506,0.011834773798209283,17.326254223969055,9.383215662245247,2.7360289615119746
5760,training,0,0.0015812050551176036,0.011834773798209283,17.289443698738157,9.398892704344949,2.7423717539651116
5761,training,0,0.007961954921483994,0.011834773798209283,17.252741071277004,9.414232657350825,2.7478478783093574
5762,training,0,0.008946312591433525,0.011834773798209283,17.21575866016365,9.429498678023643,2.752357402104175
5763,training,0,0.002962266094982626,0.011834773798209283,17.178758579921862,9.444547424686595,2.7578535838073646
5764,training,0,0.007366454228758812,0.011834773798209283,17.141821370024473,9.45939550928825,2.7606534563184812
5765,training,0,0.01413289271295071,0.008566356759425698,17.104595360533377,9.474240805289547,2.763742866497623
5766,training,0,0.03750445693731308,0.008566356759425698,17.067568435296273,9.48885308169705,2.7662856136277485
5767,training,0.0047207084,0.06016065925359726,0.008566356759425698,17.011685039439673,9.510827734781662,2.7672761185052246
5768,training,0.006841115,0.1494738981127739,0.008566356759425698,16.974655871929798,9.525379223178307,2.764227607752768
5769,training,0.0025687774,0.21050330251455307,0.008566356759425698,16.937474578584997,9.540312413708522,2.7511947469949978
5770,training,0.0020648807,0.1584540382027626,0.010648607745262245,16.88216080482709,9.56409677327315,2.7185707534322887
5771,training,0.004070673,0.08823376521468163,0.010648607745262245,16.84582148229585,9.580908440983992,2.6995960581164398
5772,training,0.0045639393,0.18349581211805344,0.010648607745262245,16.827643941754577,9.58958461392418,2.694167631983233
5773,training,0.0027617142,0.1311370898038149,0.010648607745262245,16.791592956097873,9.6068914395748,2.695075954216219
5774,training,0.006038958,0.16825804114341736,0.010648607745262245,16.755644386454748,9.624039564370323,2.69827867320384
5775,training,0.0024966113,0.2034967020153999,0.010648607745262245,16.719491197151182,9.641070642639942,2.705055541864692
5776,training,0.0028036078,0.1840823795646429,0.04514072355193381,16.68335387848514,9.657762591224037,2.7110699620612175
5777,training,0.0016248515,0.20516510494053364,0.04514072355193381,16.64698202235218,9.6743944082076,2.7139064148295833
5778,training,0.0040706615,0.21391603909432885,0.04514072355193381,16.61060035114327,9.690892467644703,2.717528958935297
5779,training,0.0031236645,0.1794519014656544,0.04514072355193381,16.574289431058055,9.707258977372707,2.717819485424709
5780,training,0.00079979294,0.1927844434976578,0.04514072355193381,16.53779493019372,9.723707404877965,2.718660229437278
5781,training,0.0041363323,0.19875297509133816,0.04514072355193381,16.5014364043078,9.740014683492307,2.72015114635465
5782,training,0.0021259706,0.2303293738514185,0.04514072355193381,16.46495727245923,9.75634705339068,2.720911883948352
5783,training,0.0007468279,0.20103156752884388,0.0655184497786678,16.428441242417115,9.772651070699341,2.7224781200232453
5784,training,0.0038585807,0.21889737620949742,0.0655184497786678,16.410255428875203,9.780744061372767,2.7221857850844544
5785,training,0.00093310827,0.24943340942263606,0.0655184497786678,16.37378746136946,9.797033600869094,2.7203239140564914
5786,training,0.0032382866,0.2867813650518656,0.0655184497786678,16.319073449923007,9.821593987719202,2.7188541600907103
5787,training,0.0010446452,0.25797402672469616,0.0655184497786678,16.282725840913727,9.837976037605708,2.717543475268769
5788,training,0.0036707362,0.26526693440973764,0.0655184497786678,16.246247409408056,9.85441566959086,2.719535048371996
5789,training,0.0015320858,0.24719459936022758,0.13939397735477405,16.209897723731526,9.87064102200995,2.7233724721571266
5790,training,0.01715086,0.15595968812704086,0.13939397735477405,16.173401925750664,9.88631460666924,2.760358529316647
5791,training,0.004229449,0.13225578516721723,0.13939397735477405,16.136305603227303,9.900227075223734,2.803402897952757
5792,training,0.004281044,0.08101712167263031,0.13939397735477405,16.098756736367395,9.912644428999029,2.8405167797112743
5793,training,0.0011362392,0.08886688947677612,0.13939397735477405,16.060463911720177,9.923862167162378,2.8726161370264665
5794,training,0,0.0457010343670845,0.13939397735477405,16.022069485047357,9.933835144770855,2.902459671751137
5795,training,0.0022888228,0.06304704397916795,0.16551374288109133,15.963736680173488,9.947085913115382,2.9326206910318424
5796,training,0.0048961504,0.1001775935292244,0.16551374288109133,15.924731278174232,9.955057289095437,2.9473121820401054
5797,training,0.00071799115,0.1685553565621376,0.16551374288109133,15.865893310041008,9.965892024090625,2.9710984783480074
5798,training,0.0061789127,0.1723826602101326,0.16551374288109133,15.82659588506794,9.972397838333134,2.983958738789449
5799,training,0.002658676,0.14808356761932373,0.16551374288109133,15.78719104968955,9.978402964728197,2.9948204945462775
5800,training,0.0016694507,0.13111653085798025,0.15990871271962998,15.747617829574008,9.98415631945031,2.9970574911120966
5801,training,0.002659772,0.0749255046248436,0.15990871271962998,15.708067315463571,9.989900546591931,2.998271299571711
5802,training,0.0030618967,0.08901495859026909,0.15990871271962998,15.668466169362935,9.995604267389657,2.996367070892292
5803,training,0.0042236764,0.11148806568235159,0.15990871271962998,15.609213582895194,10.004596845345318,2.9864960737757027
5804,training,0.0019439727,0.10943412547931075,0.15990871271962998,15.549993845007634,10.01399924685138,2.9811212364481614
5805,training,0.0021016663,0.0821949215605855,0.12525832153888092,15.510538929551172,10.020442401343749,2.978972829502013
5806,training,0.008396738,0.08444439107552171,0.12525832153888092,15.451375547643941,10.03018141788868,2.976016987202295
5807,training,0,0.0446225143969059,0.12525832153888092,15.43166768149285,10.03349330427409,2.974177740066147
5808,training,0.0019422031,0.07361064851284027,0.12525832153888092,15.392297383493856,10.04019717816549,2.9703989255591097
5809,training,0,0.045782113913446665,0.12525832153888092,15.352843709291642,10.04708699818819,2.9679814318440805
5810,training,0,0.018997179344296455,0.08065960806363358,15.313525367066221,10.054027014532686,2.965706330800479
5811,training,0,0.02598763769492507,0.08065960806363358,15.274183556259839,10.061053292368557,2.9632412487798834
5812,training,0,0.010799737647175789,0.08065960806363358,15.234847290357406,10.068183955642956,2.960471272687079
5813,training,0,0.025010226294398308,0.08065960806363358,15.195573227367824,10.075475666670508,2.955365831152537
5814,training,0,0.00461447611451149,0.08065960806363358,15.156220699902732,10.082940078182194,2.9528675506714683
5815,training,0,0.038711030036211014,0.08065960806363358,15.11687417681435,10.090648516156755,2.942337299274097
5816,training,0,0.030721388757228858,0.08065960806363358,15.077749187823072,10.098638707095924,2.938456662268814
5817,training,0,0.030988898128271096,0.08168727018194055,15.038509200961592,10.106855845132012,2.9304998253119687
5818,training,0.0056833467,0.06444374471902847,0.08168727018194055,14.999500195027926,10.115425185961275,2.9204093781704787
5819,training,0.002529983,0.10587553679943085,0.08168727018194055,14.940907852186644,10.128854417991855,2.9127530255811687
5820,training,0,0.021558508276939392,0.08168727018194055,14.921509011192766,10.133387306564188,2.911109699105807
5821,training,0,0.0006337538361549377,0.08168727018194055,14.882764956146662,10.142419645670445,2.9109860799646454
5822,training,0,0.03387337923049927,0.08168727018194055,14.843653674287204,10.151972655375383,2.891634653835133
5823,training,0,0.013640798628330217,0.02690972171221085,14.805114075566825,10.1621391139353,2.8767672988920334
5824,training,0,0.043479964137077304,0.02690972171221085,14.766528117304288,10.172939287228436,2.8597541298333597
5825,training,0,0.008146576583385481,0.02690972171221085,14.727933363311843,10.18447809916483,2.8424595817300493
5826,training,0,0.01783876121044159,0.02690972171221085,14.689899887797461,10.196568624547433,2.8252052538117822
5827,training,0,0.02221074700355531,0.02690972171221085,14.651791741590072,10.209434891923102,2.8062963691750715
5828,training,0,0.03493349254131317,0.02690972171221085,14.614072756945117,10.22301697210011,2.7849474400544563
5829,training,0,0.01396968960762024,0.06594390193637512,14.576682919917943,10.237438832526658,2.76151707165396
5830,training,0,0.014070071280002594,0.06594390193637512,14.539468839337042,10.252775638379484,2.7401194718015094
5831,training,0.0062632356,0.06299073994159701,0.06594390193637512,14.502822128641817,10.268759128019502,2.7198312836023795
5832,training,0,0.01168358325958252,0.06594390193637512,14.466342363254114,10.285557102004583,2.7007102836340304
5833,training,0.005053045,0.059536151587963104,0.06594390193637512,14.430223089572028,10.302982650310769,2.6832128822828434
5834,training,0,0.029953584074974046,0.06365599270522278,14.394520536277584,10.321026814414854,2.6636785894808845
5835,training,0.006502533,0.060609087347984314,0.06365599270522278,14.359072797392637,10.339771376891386,2.6473054149444857
5836,training,0.0034977137,0.07531461864709854,0.06365599270522278,14.323898618410668,10.359054893285963,2.632722420068233
5837,training,0.0020377315,0.06591738015413284,0.06365599270522278,14.289087578780293,10.378898200412431,2.613794758700204
5838,training,0.0015869259,0.09949532151222232,0.06365599270522278,14.25468561323897,10.39935369587055,2.5962807866755697
5839,training,0,0.031173653900623308,0.06365599270522278,14.220518730783962,10.420506965812699,2.577040032468701
5840,training,0.0025588637,0.09130200743675232,0.06365599270522278,14.186945620400968,10.442238646249507,2.557816194048147
5841,training,0,0.031005635857582092,0.06259413892795962,14.153662171210867,10.464640745471085,2.5403975624456283
5842,training,0,0.024265125393867465,0.06259413892795962,14.120714683695201,10.48769168320005,2.520866389916131
5843,training,0,0.01975683122873305,0.06259413892795962,14.088445302971472,10.51124816356441,2.5010601728995554
5844,training,0.010637382,0.05974956601858139,0.06259413892795962,14.056396746747405,10.535646086220114,2.4804270203095142
5845,training,0.0030783273,0.05713311582803726,0.06259413892795962,14.025027921973406,10.560543258332864,2.4620902624134406
5846,training,0.013427647,0.07000125199556351,0.06259413892795962,13.994076421200681,10.58595858265212,2.4461700350984206
5847,training,0,0.04101261496543883,0.06259413892795962,13.963386312061294,10.611974779958377,2.430902634668686
5848,training,0,0.04952292144298551,0.030576392391920504,13.933342718550332,10.638237398032581,2.415179847017779
5849,training,0.003428218,0.057908251881599454,0.030576392391920504,13.903511197595302,10.665134620416909,2.400455640088609
5850,training,0,0.0018461942672729353,0.030576392391920504,13.874151679439818,10.692354233364888,2.3871960384102917
5851,training,0,0.03051440790295601,0.030576392391920504,13.845229829105188,10.719947662361045,2.3720447797229887
5852,training,0,0.02939145267009735,0.030576392391920504,13.816596306512967,10.748059274271778,2.3592272885040835
5853,training,0,0.0026904381811618805,0.030576392391920504,13.788379043004577,10.77631028242586,2.3515628613552484
5854,training,0,0.012448810040950775,0.030576392391920504,13.760255823421895,10.804768373367253,2.349504693180002
5855,training,0.0057443557,0.06284157186746597,0.028963706208384,13.71823306542164,10.847431798088587,2.346695338991338
5856,training,0.0036821389,0.0659075453877449,0.028963706208384,13.6763381850724,10.890422676249862,2.3391730524479546
5857,training,0.016184675,0.10731314495205878,0.028963706208384,13.64865279286862,10.91923384981197,2.3323620664502016
5858,training,0.015788905,0.10972513630986214,0.028963706208384,13.621188566274787,10.948352662559493,2.320779194677735
5859,training,0.0079039335,0.1022434663027525,0.028963706208384,13.594102646505052,10.977783454482523,2.3081023312303683
5860,training,0,0.029295939952135086,0.028963706208384,13.580684738457197,10.992640954160478,2.304293002946801
5861,training,0,0.009336359798908248,0.02156040705691137,13.56734657883514,11.007438133877212,2.3045477800362653
5862,training,0,0.021139271557331085,0.02156040705691137,13.540364530659335,11.036813028045762,2.325073673470448
5863,training,0,0.018018335103988634,0.02156040705691137,13.51277639811558,11.06538802902292,2.3522366207937027
5864,training,0,0.037671528756618514,0.02156040705691137,13.484473170096214,11.09319684509462,2.377672030831982
5865,training,0,0.0009197816252708296,0.02156040705691137,13.455296695437989,11.120457598853326,2.4027798814465835
5866,training,0,0.013673119246959686,0.02156040705691137,13.425658371754318,11.146802124969089,2.4259739814784695
5867,training,0,0.036563873291015625,0.02156040705691137,13.395300695274381,11.172636538547707,2.446919506932686
5868,training,0,0.02015575021505356,0.02156040705691137,13.36436764765898,11.197913184094114,2.4672311446096975
5869,training,0.0033938135,0.07941463030874729,0.019097088325194952,13.33312252243793,11.222390574801432,2.486628408267724
5870,training,0,0.007791057229042053,0.019097088325194952,13.301171711656622,11.24643727050948,2.5076625618389308
5871,training,0.0030665782,0.052293978631496416,0.019097088325194952,13.252597493230892,11.281031049506302,2.537423566811424
5872,training,0.023271453,0.055318646132946014,0.019097088325194952,13.202932679550191,11.31464865045726,2.5544421503376324
5873,training,0.004033991,0.05629327520728111,0.019097088325194952,13.169733935109853,11.336512431462603,2.5632546048709224
5874,training,0.0064589917,0.07260111719369888,0.013191734417105012,13.136138389776502,11.358249703298782,2.5709143879455576
5875,training,0,0.0405882503837347,0.013191734417105012,13.119327934839728,11.369010362410386,2.5728413393781344
5876,training,0,0.03592638671398163,0.013191734417105012,13.08572208128381,11.390401172986408,2.5773116811158108
5877,training,0,0.038048721849918365,0.013191734417105012,13.068834588399147,11.401047577728761,2.581175165236031
5878,training,0.0011070187,0.0676305964589119,0.013191734417105012,13.034929254800844,11.422132432538026,2.5892668218939585
5879,training,0.004349176,0.07382699847221375,0.013191734417105012,13.000908924935286,11.442847945296993,2.60045305732602
5880,training,0.0020555467,0.054443687200546265,0.013191734417105012,12.966559615894239,11.463178829362302,2.613822065095553
5881,training,0,0.005627825856208815,0.01068533736592814,12.93202289180094,11.483032505330419,2.6264441772131923
5882,training,0,0.02801778912544249,0.01068533736592814,12.897205710054978,11.502316760414399,2.645972066135835
5883,training,0.0033952822,0.05924799293279648,0.01068533736592814,12.862018505249182,11.52090756517055,2.6634316475471858
5884,training,0,0.04767230898141861,0.01068533736592814,12.82644317427852,11.5390381920546,2.6764228557539673
5885,training,0.008413934,0.05632393807172775,0.01068533736592814,12.790696339082864,11.556647060460826,2.6913646571613348
5886,training,0,0.0440969243645668,0.01068533736592814,12.754772515466179,11.573734941646645,2.7035415073941147
5887,training,0.0043642977,0.0914019700139761,0.01068533736592814,12.718483933057355,11.590510059065423,2.7132012729168427
5888,training,0.0035141492,0.11153773590922356,0.012740672795012262,12.682219979395407,11.606886355435455,2.7198203001294083
5889,training,0,0.018568702042102807,0.012740672795012262,12.64571198307706,11.623156657371677,2.725018911355201
5890,training,0,0.047300044447183595,0.012740672795012262,12.609106800722607,11.639202126738848,2.732252230227802
5891,training,0.006300806,0.06838020682334899,0.012740672795012262,12.572584285587753,11.654915621605772,2.7380254510307407
5892,training,0,0.03472725301980972,0.012740672795012262,12.535695538272,11.670505604595743,2.7462185187465242
5893,training,0,0.04153003171086311,0.012740672795012262,12.498890329380439,11.685625375200285,2.756558241544289
5894,training,0.0048999186,0.08513593301177025,0.03608031397116359,12.461850019687544,11.700426750336856,2.7663686235434644
5895,training,0,0.035002667456865325,0.03608031397116359,12.42452346372348,11.714891698109962,2.778896141794369
5896,training,0,0.013111982494592674,0.03608031397116359,12.387278126950811,11.728762216465272,2.790045757306407
5897,training,0,0.027475729584693895,0.03608031397116359,12.349642117331245,11.742376367057956,2.7992354704215416
5898,training,0.0031823013,0.05350189656019211,0.03608031397116359,12.293184610954984,11.762077616411425,2.812058773382563
5899,training,0,0.013923816382884965,0.05313008584502712,12.274283944500196,11.768495173554497,2.816357014914997
5900,training,0,0.025435462594032288,0.05313008584502712,12.236221870613004,11.781155255000948,2.825928560099534
5901,training,0,0.0041657499969005585,0.05313008584502712,12.198365760380804,11.793304640255053,2.83594455035917
5902,training,0,0.01481601968407631,0.05313008584502712,12.160195965928551,11.805154287881638,2.845139279638303
5903,training,0,0.028059035539627082,0.05313008584502712,12.121885980416556,11.816706710307004,2.8524896931843347
5904,training,0,0.029546139761805534,0.05313008584502712,12.083688454202306,11.827916013950212,2.8593837821879067
5905,training,0,0.030052615329623222,0.05313008584502712,12.045148923726483,11.83897706527067,2.8650821787551806
5906,training,0,0.012571832165122032,0.05135946224446339,12.006781038464913,11.849769013667194,2.86948324407515
5907,training,0,0.03822910413146019,0.05135946224446339,11.968283369202409,11.860418454015432,2.873760530987957
5908,training,0,0.0068787783384323155,0.05135946224446339,11.929631506808585,11.870958174175678,2.8767878622848087
5909,training,0,0.01028861477971077,0.05135946224446339,11.891178099116365,11.881299589501992,2.880356718086406
5910,training,0,0.03006272204220295,0.05135946224446339,11.852458634512384,11.891579012996784,2.883874580131557
5911,training,0,0.005227044224739075,0.05135946224446339,11.813832335632904,11.90171623846528,2.885568710073718
5912,training,0,0.019821268506348133,0.03233714116348166,11.775215809988689,11.911761793019064,2.888382602394574
5913,training,0,0.02590998075902462,0.03233714116348166,11.736390930386635,11.921765927761136,2.889937565601979
5914,training,0,0.0112449093721807,0.03233714116348166,11.697795315178299,11.931655418533879,2.891516382769456
5915,training,0.0018079202,0.05347246676683426,0.03233714116348166,11.659010991580528,11.94150324334386,2.8943188720327124
5916,training,0,0.03260243125259876,0.03233714116348166,11.620213534095097,11.951257312617225,2.895541598673412
5917,training,0,0.0036088950000703335,0.036813019525696676,11.581537229997462,11.960925796626523,2.897091567896755
5918,training,0,0.025042397901415825,0.036813019525696676,11.542623862775953,11.970621409060344,2.8973434967537806
5919,training,0,0.02823466993868351,0.036813019525696676,11.503936401824802,11.980274819573035,2.8968220777312976
5920,training,0,0.03958037309348584,0.036813019525696676,11.465149096315171,11.989933161745792,2.898091044006039
5921,training,0,0.015868037939071655,0.036813019525696676,11.426285938862335,11.999572119316458,2.898210567219735
5922,training,0,0.04124360345304013,0.036813019525696676,11.38759599394353,12.009142713485788,2.899730572816754
5923,training,0.0010719006,0.08781815879046917,0.036813019525696676,11.348684673183941,12.018696801247684,2.901861133080379
5924,training,0,0.028195787221193314,0.022053017424498434,11.30990118506783,12.02816585857048,2.901928399784212
5925,training,0,0.023561295121908188,0.022053017424498434,11.271109616470989,12.03762093171235,2.902733252929423
5926,training,0.0037910868,0.05876833200454712,0.022053017424498434,11.232188299522123,12.047088353148165,2.9025003032564283
5927,training,0,0.039276571944355965,0.022053017424498434,11.19344961026204,12.05652226198573,2.902748027911187
5928,training,0.0022418364,0.08932891301810743,0.022053017424498434,11.135082863426273,12.070692147516525,2.903370930457128
5929,training,0,0.034860143437981606,0.007086048348871396,11.096346681448932,12.080098092331752,2.903450036341944
5930,training,0,0.028036536648869514,0.007086048348871396,11.07693976144525,12.084800284200792,2.90413721423552
5931,training,0.0018302206,0.058029593899846084,0.007086048348871396,11.037969421851198,12.094195535459122,2.905656680026088
5932,training,0.007028281,0.09010781161487103,0.007086048348871396,10.97981681349474,12.10813922336914,2.9069984075138056
5933,training,0.0020882161,0.07852629199624062,0.007086048348871396,10.940823866929817,12.117421928849696,2.908559398872281
5934,training,0.0025503554,0.10355447605252265,0.007086048348871396,10.90203369627612,12.126612657935436,2.9095536477538695
5935,training,0.0016198473,0.0719577893614769,0.0218773436105867,10.86315240012547,12.1357140072487,2.914652160027542
5936,training,0.005168014,0.11578107997775078,0.0218773436105867,10.804757746580647,12.14890030019429,2.9249634043888477
5937,training,0,0.04671948775649071,0.0218773436105867,10.785307227488588,12.153132075998691,2.929316290622257
5938,training,0.045072846,0.13775780238211155,0.0218773436105867,10.746160033192986,12.161433658313346,2.935264086922719
5939,training,0.0017307096,0.13150843419134617,0.0218773436105867,10.726650983072208,12.16549922551511,2.936469526762032
5940,training,0.0058500944,0.13978380151093006,0.0218773436105867,10.687592744668061,12.17353032717223,2.941151750824435
5941,training,0.0034016264,0.13835464417934418,0.03662517169657705,10.648376268345752,12.18137435557998,2.9475692120547166
5942,training,0.0027033202,0.12960438430309296,0.03662517169657705,10.609217445920219,12.188956643686453,2.95289415199612
5943,training,0.002584713,0.1078743152320385,0.03662517169657705,10.55034133393972,12.199841258174331,2.9645881196557218
5944,training,0.0025076857,0.1531059741973877,0.03662517169657705,10.491414561468437,12.210065594420684,2.975872186213231
5945,training,0.0052701132,0.1293250322341919,0.03662517169657705,10.432366533469141,12.219437762660103,2.992055698448269
5946,training,0.012998782,0.12630385532975197,0.0501378523349166,10.392848075016824,12.225164250134016,3.003229707700949
5947,training,0.00513432,0.17046658694744107,0.0501378523349166,10.373109162642569,12.227854508831932,3.0087835529927665
5948,training,0.002661828,0.14109420217573643,0.0501378523349166,10.333569876422436,12.232973036121276,3.013829263337622
5949,training,0.0050244625,0.1336446087807417,0.0501378523349166,10.313744594012555,12.235518697104656,3.013047783961463
5950,training,0.0016565666,0.12418591044843197,0.0501378523349166,10.274075968811424,12.240716484338087,3.0091495438052416
5951,training,0.0031071017,0.11823097430169582,0.0501378523349166,10.254241694570405,12.243377369701092,3.007137230020075
5952,training,0.0027708448,0.06010110490024091,0.0501378523349166,10.1948430831842,12.25171734669934,2.9964647568167906
5953,training,0.0047278525,0.05105268768966198,0.07652371068166602,10.155280919522584,12.257591715928113,2.9917920062332524
5954,training,0.006364339,0.1425430029630661,0.07652371068166602,10.135489323470557,12.260597071297813,2.9895899839230724
5955,training,0.00414092,0.14021099172532558,0.07652371068166602,10.076289029230376,12.269936713485507,2.98110312009087
5956,training,0.0018331127,0.12138006277382377,0.07652371068166602,10.056559230047721,12.27314011557192,2.9802147060144972
5957,training,0,0.026708880439400673,0.07652371068166602,10.017164516175557,12.2795837205828,2.977965888073448
5958,training,0.008100725,0.1354766637086868,0.07652371068166602,9.977723707308828,12.286107185080715,2.977615879162987
5959,training,0.004178178,0.13742196187376976,0.08903200216351062,9.938278028750878,12.292590788843034,2.980519579213202
5960,training,0.0041552093,0.09408239647746086,0.08903200216351062,9.879180249857832,12.301984993597628,2.988292779354302
5961,training,0.0009724163,0.11013460159301758,0.08903200216351062,9.839717907447898,12.307893340408889,2.997986366423987
5962,training,0.006244222,0.10117646306753159,0.08903200216351062,9.780475791741253,12.316036877275288,3.0126450635902793
5963,training,0.0048410506,0.07362823933362962,0.08903200216351062,9.740876605784209,12.320947646952167,3.0223816230792515
5964,training,0,0.039357755333185196,0.08903200216351062,9.70128235703057,12.325614160895286,3.0239752643631634
5965,training,0,0.045566216111183167,0.09100790201001811,9.681381069936922,12.327982076936228,3.022005212010928
5966,training,0,0.018409658223390586,0.09100790201001811,9.661524373468723,12.330377473237938,3.020483313145819
5967,training,0.0048728716,0.09183049574494362,0.09100790201001811,9.602080760442188,12.337731384899055,3.015254085692644
5968,training,0.0031946253,0.0645006000995636,0.09100790201001811,9.562366802228595,12.342874315505844,3.0103630439349134
5969,training,0.008968248,0.056612398475408554,0.09100790201001811,9.5029828498299,12.350896680653427,3.0028463244774644
5970,training,0.0035671676,0.17446368932724,0.09100790201001811,9.463341770609269,12.356561537232475,2.996382863007805
5971,training,0.0021572704,0.1889712139964104,0.062315069900017804,9.443569579733595,12.359470618312116,2.995292057955411
5972,training,0.0044528237,0.17487912625074387,0.062315069900017804,9.404143623008245,12.365258271251104,2.9960249835777053
5973,training,0.0036087446,0.15953011438250544,0.062315069900017804,9.36457821336373,12.370958898610384,3.001581380715074
5974,training,0.01449022,0.14743340015411374,0.062315069900017804,9.344836306006261,12.373694523784387,3.006598068893034
5975,training,0.009532779,0.13659556210041043,0.062315069900017804,9.305362871453537,12.378812161473638,3.0181376381392346
5976,training,0.00487644,0.13336502760648727,0.062315069900017804,9.265698691258013,12.383484005000897,3.031090313948702
5977,training,0.003662598,0.11859048902988431,0.09689630458912944,9.226041097886545,12.38755429283554,3.047667917024335
5978,training,0.025031107,0.11561520397663116,0.09689630458912944,9.186442455606914,12.391001361945074,3.0614863673695507
5979,training,0.003619656,0.09396474063396451,0.09689630458912944,9.146540415867731,12.393926737051569,3.075499062437236
5980,training,0.0024952386,0.09532335400581357,0.09689630458912944,9.10687898092611,12.396236370167632,3.0903505441468577
5981,training,0.001590908,0.08856330066919327,0.09689630458912944,9.067016445208008,12.39799880462459,3.1046742338071853
5982,training,0.004634465,0.09706854447722438,0.09689630458912944,9.027032819561924,12.399183287622414,3.1195353941636585
5983,training,0.0009757145,0.10159022733569148,0.11334076091157827,8.987297318176093,12.399835444999702,3.1297299646997025
5984,training,0.0021173204,0.09179976955056189,0.11334076091157827,8.947311511231623,12.400008261064933,-3.1335590682399923
5985,training,0.0015542103,0.07673798874020578,0.11334076091157827,8.907548661021243,12.399174990574666,-3.1079206720621513
5986,training,0.006440934,0.0755712278187275,0.11334076091157827,8.867810026961827,12.397380017150748,-3.0865729477245685
5987,training,0,0.03957861661911011,0.11334076091157827,8.827803858291261,12.394876801648754,-3.072025400384033
5988,training,0,0.031672682613134384,0.11334076091157827,8.788225630994676,12.39188128686715,-3.060749141817055
5989,training,0,0.035117702558636665,0.11334076091157827,8.748349094065821,12.388488825887947,-3.0534231895888344
5990,training,0.017035155,0.12617020681500435,0.10684442146015245,8.708567053685673,12.384883106950348,-3.048958871382893
5991,training,0.00637802,0.12171733751893044,0.10684442146015245,8.64916702791715,12.378498649649634,-3.017867231685629
5992,training,0.008345837,0.11074535548686983,0.10684442146015245,8.609592812462827,12.373238099641782,-3.001759303326266
5993,training,0.0022741938,0.06912646070122719,0.10684442146015245,8.570331538956445,12.367394809286829,-2.986706222489376
5994,training,0.008182693,0.0693037323653698,0.10684442146015245,8.5308003497333,12.361109849988505,-2.982696823557939
5995,training,0.005166581,0.09359517320990562,0.08546076676318351,8.491388830291875,12.354855646641036,-2.98587912950874
5996,training,0.002674167,0.08398009091615677,0.08546076676318351,8.451850655762886,12.348719793003806,-2.9902952432288386
5997,training,0.015550988,0.10526497475802898,0.08546076676318351,8.412175729676251,12.342816674349223,-2.999031813097236
5998,training,0.004824619,0.06760697439312935,0.08546076676318351,8.37267976158839,12.337327328259649,-3.006382386736986
5999,training,0,0.044694432988762856,0.08546076676318351,8.352832956116353,12.334643583924722,-3.008083322974836
6000,training,0,0.04193449951708317,0.08546076676318351,8.313087912865033,12.329359914328155,-3.011166911789279
6001,training,0,0.032838037237524986,0.060966419950406955,8.273590111226115,12.324205319563628,-3.012584111861803
6002,training,0,0.027115238830447197,0.060966419950406955,8.233839794151713,12.319089403608768,-3.0151602097461976
6003,training,0.008105855,0.06008506566286087,0.060966419950406955,8.194152580742509,12.314140840561288,-3.0200116481542634
6004,training,0.0053053806,0.05467056343331933,0.060966419950406955,8.134661093359812,12.306881572147752,-3.018470069107908
6005,training,0.0015660549,0.07847029715776443,0.060966419950406955,8.094960598600982,12.301936095085994,-3.0174253344943045
6006,training,0.006765325,0.11062207305803895,0.060966419950406955,8.0554374436464,12.296954984585915,-3.0158841390445286
6007,training,0.001648159,0.12891118880361319,0.03305136978581025,7.995811469181308,12.289439158828472,-3.0176652430731954
6008,training,0.007700566,0.09159818291664124,0.03305136978581025,7.956189513955103,12.284672795415794,-3.0332081201665884
6009,training,0,0.04278174787759781,0.03305136978581025,7.936151930684926,12.282625463839056,-3.04634713030474
6010,training,0,0.006720520555973053,0.03305136978581025,7.9160352213267124,12.28083108590691,-3.058979355024817
6011,training,0,0.02045322861522436,0.03305136978581025,7.876263223636585,12.277872077762757,-3.072665860088732
6012,training,0,0.018155251280404627,0.03305136978581025,7.836346950629483,12.275242218234926,-3.078673821832342
6013,training,0,0.0031073819845914823,0.0206302864780601,7.796228865696615,12.272820896707785,-3.083156544377324
6014,training,0,0.003706072922796012,0.0206302864780601,7.756474744104515,12.270545887152688,-3.0859350126882106
6015,training,0,0.010283632203936577,0.0206302864780601,7.716432599879604,12.268353410173756,-3.0878457852551877
6016,training,0,0.0031591556034982213,0.0206302864780601,7.676520225923493,12.266230927600766,-3.0887041679817475
6017,training,0,0.009547224268317223,0.0206302864780601,7.63665062842208,12.264129805416172,-3.089404109041883
6018,training,0,0.029341043904423717,0.0206302864780601,7.5965406883027855,12.262047016938299,-3.089697443658373
6019,training,0,0.026030410081148148,0.0206302864780601,7.556773151476022,12.259958794886337,-3.0888236784677865
6020,training,0,0.030296385288238525,0.005926882450733662,7.516795618219646,12.257822212407513,-3.087679346330953
6021,training,0,0.03796863555908203,0.005926882450733662,7.476838798333667,12.255628036083396,-3.08510392294645
6022,training,0,0.04108516871929169,0.005926882450733662,7.437047029021457,12.253321806443418,-3.082522644208536
6023,training,0,0.04103435389697552,0.005926882450733662,7.396993803687941,12.250903925404623,-3.0798904703092975
6024,training,0.0027337545,0.05036102794110775,0.005926882450733662,7.357221081088064,12.24838883794295,-3.0768743236655163
6025,training,0.00801042,0.055152224376797676,0.005926882450733662,7.2973015256736184,12.244381123567242,-3.072870490214604
6026,training,0,0.04269856587052346,0.010789689018988535,7.277307396782496,12.24299896851309,-3.0719068715386593
6027,training,0.002969496,0.05550682544708252,0.010789689018988535,7.23760114933109,12.240189385743205,-3.070983259679456
6028,training,0,0.02472083643078804,0.010789689018988535,7.197592543498476,12.237370322297435,-3.0720666948806534
6029,training,0,0.03976612165570259,0.010789689018988535,7.157679263476161,12.234659599145768,-3.075920010056205
6030,training,0,0.04552226886153221,0.010789689018988535,7.117807890661925,12.232122339841338,-3.0802145855405065
6031,training,0,0.04271703213453293,0.010789689018988535,7.077688907646303,12.229730241837512,-3.0834990663051536
6032,training,0,0.04485466331243515,0.024458005079470675,7.03791779231149,12.227459922190139,-3.0858818051163395
6033,training,0,0.041332174092531204,0.024458005079470675,6.9979188736137985,12.225259298060532,-3.0875195357365848
6034,training,0.006234086,0.05350744351744652,0.024458005079470675,6.957946934794811,12.223126638063604,-3.0885606098570486
6035,training,0.01017542,0.06493924558162689,0.024458005079470675,6.918110771531628,12.221030443107056,-3.089642461088208
6036,training,0.0049343705,0.09621041268110277,0.024458005079470675,6.858096751613036,12.217915231352015,-3.0883002991875292
6037,training,0.0033938177,0.12169524282217026,0.03364460988543892,6.83824930209292,12.216837336539642,-3.0857708007278855
6038,training,0.0022895809,0.14526236057281494,0.03364460988543892,6.77837803098594,12.213039771853468,-3.0689237411844177
6039,training,0.002631384,0.1409488245844841,0.03364460988543892,6.738722048043236,12.20988619318616,-3.0549983823410907
6040,training,0.008358436,0.1254691518843174,0.03364460988543892,6.699001171076597,12.20620736968033,-3.04463026875079
6041,training,0.00418577,0.08494059368968009,0.03364460988543892,6.639365969826824,12.200112234513826,-3.035847594030922
6042,training,0.0020218939,0.10165386646986009,0.03364460988543892,6.5996949261383735,12.19580019456346,-3.0309788786907346
6043,training,0.005925264,0.10885298624634741,0.04538602188207031,6.540120541105474,12.188997475330732,-3.0248255799001478
6044,training,0.0049118195,0.13657376542687416,0.04538602188207031,6.500530199534743,12.184243362087654,-3.0191000097025205
6045,training,0.0027132784,0.14265739545226097,0.04538602188207031,6.460766812103964,12.179225415431748,-3.0126945969240664
6046,training,0.003576317,0.08394204825162888,0.04538602188207031,6.421322020465851,12.173977277823795,-3.006204223937315
6047,training,0.003384511,0.07520641013979912,0.04538602188207031,6.381717887950974,12.168469495955266,-3.0009616893989373
6048,training,0.00342333,0.0777076631784439,0.06340577119122234,6.342045505196144,12.162821284987668,-3.0007604926570006
6049,training,0.007081964,0.0880894847214222,0.06340577119122234,6.302601833062264,12.15722133739845,-3.001334247402877
6050,training,0.0026340862,0.05551677569746971,0.06340577119122234,6.262896640360236,12.151625397648623,-3.001361062247185
6051,training,0,0.04459222406148911,0.06340577119122234,6.243102355381632,12.148831521576296,-3.0014877413062337
6052,training,0,0.04536173865199089,0.06340577119122234,6.2036722449407655,12.143239564660865,-3.001254327678877
6053,training,0,0.03999604284763337,0.06340577119122234,6.183836932506832,12.140444876942306,-3.0021316555355493
6054,training,0.010431983,0.06057082861661911,0.06340577119122234,6.144130835178019,12.134915342022232,-3.004907831401223
6055,training,0,0.04386008530855179,0.08826033351233055,6.12443700406097,12.13221277831613,-3.0057155734626884
6056,training,0,0.005454583093523976,0.08826033351233055,6.084829088423318,12.12684885586807,-3.0085688799296255
6057,training,0,0.0024486985057592427,0.08826033351233055,6.045052469589982,12.121591671089233,-3.0124093919906345
6058,training,0,0.007830144837498665,0.08826033351233055,6.005551318193323,12.11651998407932,-3.0155313023321715
6059,training,0,0.007302222773432735,0.08826033351233055,5.965786238975894,12.11152980524601,-3.0181590895953114
6060,training,0,0.01812451891601086,0.08826033351233055,5.926102524972478,12.106669302955076,-3.021269281376097
6061,training,0,0.02071793377399445,0.08826033351233055,5.8864959068415414,12.101891437947012,-3.0220650017285595
6062,training,0,0.024856030941009515,0.10296228232021688,5.846646447149713,12.097125066279343,-3.0234051079882645
6063,training,0,0.03222017362713814,0.10296228232021688,5.80705737962018,12.092536919194082,-3.0293600399164844
6064,training,0,0.01233502826653421,0.10296228232021688,5.7672331910878185,12.088188516665221,-3.0366577607114533
6065,training,0,0.021118849515914917,0.10296228232021688,5.727379577377667,12.08401083661671,-3.0372002441773134
6066,training,0,0.028270594775676727,0.10296228232021688,5.6877855082252315,12.079835667491063,-3.0363980132114294
6067,training,0,0.020784633699804544,0.10296228232021688,5.647897180641502,12.075616519183226,-3.0361564545404174
6068,training,0,0.012615656480193138,0.08710441106444503,5.608216756173103,12.071436506442543,-3.037418727934256
6069,training,0,0.014010295271873474,0.08710441106444503,5.568465072224433,12.067299971110094,-3.038692135686043
6070,training,0,0.0020305048674345016,0.08710441106444503,5.528552058718191,12.063184652077569,-3.0391094564382706
6071,training,0,0.01981143094599247,0.08710441106444503,5.488984197039724,12.059121628050717,-3.0402234303759625
6072,training,0,0.010171309113502506,0.08710441106444503,5.449091538199398,12.055111625786887,-3.0429371195899395
6073,training,0,0.020293059293180704,0.08710441106444503,5.409354176597533,12.051109410478006,-3.0384373329486607
6074,training,0,0.010636677965521812,0.034525670518434415,5.369671224756087,12.046950652339843,-3.0366183120170023
6075,training,0,0.008466234430670738,0.034525670518434415,5.329787637957238,12.042665211057278,-3.031966079399706
6076,training,0,0.027316637337207794,0.034525670518434415,5.290258607953264,12.038202972685891,-3.026407136149667
6077,training,0,0.038200706243515015,0.034525670518434415,5.250550233023708,12.033489969640732,-3.0204388841807
6078,training,0.0022892756,0.05175689235329628,0.034525670518434415,5.210840449916576,12.028553416425302,-3.015738636096411
6079,training,0.0033518425,0.05732748471200466,0.010455289049106049,5.171397922050932,12.023424250586732,-3.009017108931371
6080,training,0.0010434854,0.08290073275566101,0.010455289049106049,5.111935413782069,12.015175874537942,-2.9985352503880858
6081,training,0.0034745974,0.05701877176761627,0.010455289049106049,5.072610711524277,12.009307739996341,-2.9882563597250558
6082,training,0.006920808,0.08029621094465256,0.010455289049106049,5.013431920220974,11.999658174589229,-2.9719949230942477
6083,training,0.0024327023,0.05827682651579381,0.010455289049106049,4.9742323702149855,11.992762793717292,-2.9633317763882534
6084,training,0,0.022394653409719467,0.010455289049106049,4.934866194289144,11.985551685288359,-2.9603256601803656
6085,training,0,0.026822902262210846,0.006146985780499279,4.915179851719737,11.981959280951049,-2.9627257385660104
6086,training,0,0.04744572564959526,0.006146985780499279,4.895503799901269,11.978433773653089,-2.9655082839574174
6087,training,0,0.024654122069478035,0.006146985780499279,4.8562137924801,11.971484520641818,-2.967356942053332
6088,training,0,0.04131279140710831,0.006146985780499279,4.816779996916226,11.964525465403385,-2.9663275433586236
6089,training,0,0.004756249487400055,0.006146985780499279,4.77754993908461,11.957516039529443,-2.9626206245800772
6090,training,0,0.022063129115849733,0.006146985780499279,4.7382381381584535,11.950285693882895,-2.956735775255474
6091,training,0,0.01435377448797226,0.006146985780499279,4.69897195644681,11.942852322936256,-2.9525564899821855
6092,training,0,0.015431035310029984,0.01585064090221749,4.659879823862035,11.935232207954812,-2.9456849948888197
6093,training,0,0.04751306772232056,0.01585064090221749,4.62069795044333,11.927311777012967,-2.9392258377792873
6094,training,0,0.02105718106031418,0.01585064090221749,4.601131611205714,11.923272759835431,-2.9368563574904143
6095,training,0,0.04710326343774797,0.01585064090221749,4.5426467863801205,11.9107709627598,-2.9240391443487943
6096,training,0,0.027951743453741074,0.01585064090221749,4.5037016225970286,11.901992812438639,-2.9163520235410987
6097,training,0.00370355,0.07481369748711586,0.01585064090221749,4.4648986590150175,11.892902561326029,-2.9062709298423055
6098,training,0.0069404645,0.0828230082988739,0.0439658436978163,4.426177370235953,11.883359428685319,-2.8942667175607215
6099,training,0,0.038570091128349304,0.0439658436978163,4.387528643631739,11.873360436113215,-2.881942447522612
6100,training,0,0.01543060690164566,0.0439658436978163,4.349110858690248,11.86280126942322,-2.864166966677551
6101,training,0,0.030235394835472107,0.0439658436978163,4.3109980683917035,11.851547286463079,-2.8453097681940305
6102,training,0,0.009944036602973952,0.0439658436978163,4.2729000807712,11.839504122103698,-2.8251674825885327
6103,training,0,0.022996902465820326,0.0439658436978163,4.235304655821769,11.826734672116045,-2.8042349875879635
6104,training,0.001565272,0.06338188052177426,0.08698117655552648,4.1978526795699445,11.813204249012124,-2.785710111268475
6105,training,0.0052809655,0.056548312306404114,0.08698117655552648,4.160524910553011,11.798910433137788,-2.7641524784099505
6106,training,0,0.0021588951349258284,0.08698117655552648,4.123842174508535,11.783886844912164,-2.741703201007809
6107,training,0,0.0009471476078033447,0.08698117655552648,4.087264111329958,11.767925290733539,-2.7182944650567267
6108,training,0,0.007891297340393066,0.08698117655552648,4.05115511996829,11.751139149848427,-2.6934503050661123
6109,training,0,0.0073577165603637695,0.08698117655552648,4.01562655773314,11.73347125028739,-2.6667353271386527
6110,training,0,0.0233743190765381,0.07372040632421921,3.9803240807000644,11.714791870552077,-2.643414673000317
6111,training,0,0.007963605225086219,0.07372040632421921,3.9455950509839908,11.69550275741875,-2.6263087310558078
6112,training,0,0.024324215948581696,0.07372040632421921,3.91101133695525,11.675583701365222,-2.611963155599273
6113,training,0,0.023707181215286255,0.07372040632421921,3.8767006625760594,11.655192882332866,-2.599182145303667
6114,training,0,0.005590155720710754,0.07372040632421921,3.842802074779327,11.634384334442426,-2.5828300233377894
6115,training,0,0.003914020955562578,0.07372040632421921,3.8091830424497513,11.612948803357662,-2.565721748297994
6116,training,0,0.024818643927574158,0.016797767701252932,3.775919292585818,11.590949688465061,-2.548642957584781
6117,training,0,0.03871338069438934,0.016797767701252932,3.743171764142394,11.568376415712807,-2.5274107062026174
6118,training,0,0.04723126068711281,0.016797767701252932,3.710912074556086,11.545136268883299,-2.507716941510961
6119,training,0,0.0347997210919857,0.016797767701252932,3.6789728169677893,11.52122573903965,-2.4898945669332817
6120,training,0,0.013621903955936432,0.016797767701252932,3.6475016144494625,11.496878871949319,-2.4781273034300066
6121,training,0,0.004563469439744949,0.016797767701252932,3.616094464325024,11.472167938480917,-2.4720243626046834
6122,training,0,0.002282962785102427,0.016797767701252932,3.584826818700628,11.44729522953724,-2.4673547492594
6123,training,0,0.009386975318193429,0.0241184768852848,3.553674672006423,11.422392212152037,-2.4681695157271633
6124,training,0,0.03183474391698837,0.0241184768852848,3.522273057173111,11.39744720061037,-2.4726874125488436
6125,training,0.0015146268,0.05382630322128534,0.0241184768852848,3.4909544161156854,11.372789647447776,-2.4779389996571908
6126,training,0,0.039427634328603745,0.0241184768852848,3.459321524311295,11.348264127568225,-2.4878016430759233
6127,training,0,0.012231346219778054,0.0241184768852848,3.427434543131237,11.324052103147492,-2.4956675661208534
6128,training,0,0.04529902711510658,0.0241184768852848,3.395506473743609,11.300111273862337,-2.5013128277189702
6129,training,0.002896635,0.05758356302976608,0.0241184768852848,3.363253847664907,11.27629256475149,-2.5098061720093874
6130,training,0.0017441188,0.0553482435643673,0.013644630960756328,3.314584774327807,11.241231612616227,-2.5283274515020264
6131,training,0,0.026955120265483856,0.013644630960756328,3.298139867421065,11.229760296181551,-2.53670861439325
6132,training,0,0.013283036649227128,0.013644630960756328,3.2650512353289574,11.207294866099986,-2.554454269587769
6133,training,0.0013160221,0.07431450858712196,0.013644630960756328,3.2143857160703244,11.17473549648777,-2.5880350426382006
6134,training,0,0.03531842678785323,0.013644630960756328,3.197266233833132,11.164290698704612,-2.5996875204513126
6135,training,0,0.013879448175430298,0.031216738437377108,3.1627093977398797,11.144028203290404,-2.6227778629648144
6136,training,0,0.042127517983317375,0.031216738437377108,3.1276723968183573,11.124388040586561,-2.6366784049875553
6137,training,0.0038873341,0.07835000567138195,0.031216738437377108,3.0927078505969323,11.105200273173928,-2.638809471519037
6138,training,0.0035050325,0.1012805886566639,0.031216738437377108,3.040324195303267,11.07601627061401,-2.626408916251113
6139,training,0.010509728,0.07608027011156082,0.031216738437377108,2.988495573469343,11.046265960662753,-2.615026286769197
6140,training,0.0040586316,0.11546920612454414,0.031216738437377108,2.9539901483132196,11.026045055225488,-2.6085830474720777
6141,training,0.012299005,0.12748278304934502,0.06990540137565641,2.936774498629347,11.015878261614475,-2.6084972223367076
6142,training,0.0026491485,0.1088631208986044,0.06990540137565641,2.90245610453226,10.99561156033866,-2.6087422981953354
6143,training,0.0052483315,0.13540793024003506,0.06990540137565641,2.885200271728022,10.985438333090707,-2.609169477515407
6144,training,0.0042415773,0.09993916936218739,0.06990540137565641,2.833559872098067,10.955077454356534,-2.6103339016074916
6145,training,0.004371831,0.14717071875929832,0.06990540137565641,2.7991360845277833,10.934805055354945,-2.6077794050385124
6146,training,0.0020513532,0.13399385288357735,0.06990540137565641,2.7476962867466526,10.904167605816506,-2.600431574933674
6147,training,0.002890258,0.1616118773818016,0.03947998082623072,2.696655679895926,10.872924664168487,-2.5843612671968086
6148,training,0.00235391,0.11218302696943283,0.03947998082623072,2.662961488672763,10.85165854694851,-2.5722257147033645
6149,training,0.008166546,0.14350775629281998,0.03947998082623072,2.612987231609812,10.81888720691352,-2.5513191799332775
6150,training,0.004646146,0.06609627977013588,0.03947998082623072,2.5799375357070518,10.7965363987392,-2.5426721883210184
6151,training,0.0031592695,0.0706607885658741,0.02139113690367022,2.5307889402580557,10.762453648374436,-2.529080156391531
6152,training,0.008010745,0.058035682421177626,0.02139113690367022,2.498226762983038,10.739422907690528,-2.5226328878822493
6153,training,0,0.023310985416173928,0.02139113690367022,2.4819766948330932,10.727790131052332,-2.518255672604274
6154,training,0,0.0034721605479717255,0.02139113690367022,2.4497546731530493,10.704345073202209,-2.5080484928628874
6155,training,0.0061465953,0.1006414145231247,0.02139113690367022,2.417724209126114,10.680635191125637,-2.5003780951782777
6156,training,0,0.04513690620660782,0.02139113690367022,2.3858365592178257,10.656586774326524,-2.4897553905033214
6157,training,0.0018217692,0.13367899507284162,0.02139113690367022,2.3543647755433965,10.632246359863004,-2.477529771809554
6158,training,0,0.03974451869726181,0.11102982285045235,2.323043795482895,10.607443418130336,-2.46571612806125
6159,training,0.004234408,0.11655815690755847,0.11102982285045235,2.2921202344332774,10.582347247964389,-2.455348471014852
6160,training,0.007201775,0.13436786830425262,0.11102982285045235,2.261803197240417,10.5569732268942,-2.4272425632767445
6161,training,0.0045770216,0.15593507885932922,0.11102982285045235,2.2322723283965904,10.530290645805824,-2.385199436774967
6162,training,0,0.006300203502178192,0.11102982285045235,2.2041235885376658,10.502537165031624,-2.33881268598013
6163,training,0,0.0006419718265533586,0.11102982285045235,2.1768575710482434,10.473581251646797,-2.3166256382848984
6164,training,0,0.046824723482131986,0.11102982285045235,2.150079466223457,10.443952512367655,-2.2941088818856943
6165,training,0.002333729,0.0801023989915848,0.11102982285045235,2.124339367643813,10.413890191578686,-2.2615153469400333
6166,training,0.0016747459,0.11094856262207031,0.14873354877436062,2.099702055799497,10.382806236627669,-2.2190555404504186
6167,training,0.0048837927,0.1638434156775475,0.14873354877436062,2.07645436099969,10.350730230780671,-2.1767145146595395
6168,training,0.0019317986,0.09246307611465454,0.14873354877436062,2.0547111873898602,10.317688137406009,-2.1273863479383746
6169,training,0,0.03578701615333557,0.14873354877436062,2.0346531578453635,10.283710669608208,-2.083448033208807
6170,training,0,0.021442890167236328,0.11259103740883868,2.01552569907875,10.248634990745904,-2.0586679043300227
6171,training,0,0.02188475430011752,0.11259103740883868,1.9973628638323606,10.213342946725808,-2.034027165013919
6172,training,0,0.012437343597412095,0.11259103740883868,1.9800841550529777,10.177559201486241,-2.006239651872056
6173,training,0,0.0067191049456596375,0.11259103740883868,1.9636512601966254,10.141104578121057,-1.9819097938308172
6174,training,0,0.0161810964345932,0.11259103740883868,1.9482900952712587,10.104593631363187,-1.9562528329375781
6175,training,0,0.007667362689971938,0.11259103740883868,1.9338707176813457,10.0674649070052,-1.9257805907231358
6176,training,0,0.013933688402175903,0.11259103740883868,1.9204489006109262,10.029916944901647,-1.9032276083706825
6177,training,0,0.02053467184305191,0.050891625754522184,1.9079258459734962,9.992219223904108,-1.8800096772440642
6178,training,0,0.04704364016652108,0.050891625754522184,1.8962246129521705,9.954174065819634,-1.85927248807298
6179,training,0.0026174302,0.057683270424604416,0.050891625754522184,1.8796912686488287,9.896683426882769,-1.8427568960369816
6180,training,0.0036078256,0.05061126127839089,0.050891625754522184,1.869158080737385,9.858237191706674,-1.835324483012702
6181,training,0,0.0426459163427353,0.050891625754522184,1.8588491353507746,9.819640969938243,-1.8277594469599319
6182,training,0,0.029522482305765152,0.012527125721542996,1.8538421328911197,9.800356613958431,-1.821741857288065
6183,training,0,0.021644439548254006,0.012527125721542996,1.844242172130717,9.761801686572156,-1.8075981453700507
6184,training,0,0.010050121694803245,0.012527125721542996,1.8351618717831737,9.722914910925926,-1.793425091079662
6185,training,0,0.016883473843336105,0.012527125721542996,1.8266536349474156,9.683965078465551,-1.7786147157394767
6186,training,0,0.030259300023317337,0.012527125721542996,1.8186425891838098,9.644991046769945,-1.7691932739784153
6187,training,0,0.01995236985385418,0.012527125721542996,1.8108963780455813,9.605723697554719,-1.7622544378629401
6188,training,0,0.011404202683479525,0.012527125721542996,1.8034428303347947,9.566636999850719,-1.7579047315478722
6189,training,0,0.009408069774508476,0.007127245044151958,1.7960490211293187,9.527333065095991,-1.7559884269616404
6190,training,0,0.037754476070404046,0.007127245044151958,1.7887215612602152,9.488002319734347,-1.7539535124104242
6191,training,0,0.029696866869926453,0.007127245044151958,1.7814539567789311,9.448835794849924,-1.755358969775757
6192,training,0.0033018156,0.05429092049598694,0.007127245044151958,1.7740472474616487,9.40942716003153,-1.7580730370920148
6193,training,0,0.011031202040612696,0.007127245044151958,1.7665978081456821,9.370270188970744,-1.760851126604779
6194,training,0,0.0154232126660645,0.007127245044151958,1.7589508375580474,9.33102444089426,-1.7661955315212254
6195,training,0,0.018989649135619402,0.016174287738573954,1.7510908518177537,9.291736830891315,-1.7699747361684066
6196,training,0,0.024122338742017743,0.016174287738573954,1.7431502270291388,9.252710124619687,-1.7736737790323545
6197,training,0,0.02590165287256241,0.016174287738573954,1.7350427155652985,9.21348008962593,-1.7753801165378265
6198,training,0,0.04049302078783512,0.016174287738573954,1.7269701530177457,9.174345448119459,-1.7733933388894685
6199,training,0,0.04673227481544018,0.016174287738573954,1.7189759971954859,9.135340034584361,-1.7723633015563838
6200,training,0.0058487407,0.06227832473814489,0.016174287738573954,1.7110229824192904,9.09610121412363,-1.7686618345557312
6201,training,0,0.04426757246255875,0.027278712804444306,1.703294594527776,9.057061692616891,-1.7650108741406365
6202,training,0,0.01165434205904603,0.027278712804444306,1.695610265645238,9.017799265654164,-1.764370296452708
6203,training,0,0.03744315728545189,0.027278712804444306,1.687918465906502,8.978542246293664,-1.7642942121053014
6204,training,0.0029098692,0.05255666375160218,0.027278712804444306,1.6802131002349423,8.93945268667623,-1.7671960386013368
6205,training,0.0072217137,0.06569554470479488,0.027278712804444306,1.668364929135462,8.880552845681855,-1.7711618266952769
6206,training,0.009500403,0.054796438664197936,0.03776671971678518,1.6644115878100934,8.861089253113592,-1.77193779562945
6207,training,0,0.033681996166706085,0.03776671971678518,1.656444422979984,8.821948047237713,-1.7695745383904262
6208,training,0,0.025519315153360374,0.03776671971678518,1.648727847730517,8.782707613330006,-1.7591804954371542
6209,training,0.002068752,0.061070900410413756,0.03776671971678518,1.6414579635073998,8.743580897518168,-1.7516006212263502
6210,training,0,0.0035368045791983604,0.03776671971678518,1.6343645552999995,8.704175060442212,-1.7464883982847248
6211,training,0,0.03989409655332566,0.03776671971678518,1.6274860753066687,8.66489028465344,-1.743128897167135
6212,training,0,0.04970012791454791,0.03776671971678518,1.6206571891261314,8.625588296302139,-1.743121232537383
6213,training,0,0.04312806949019432,0.034480639626060454,1.6138005426330053,8.586096567298725,-1.7419841066930442
6214,training,0,0.02099800482392311,0.034480639626060454,1.6070974388144543,8.546877430605608,-1.7389542735298964
6215,training,0,0.03222570568323134,0.034480639626060454,1.6005124698122357,8.507429688386098,-1.7329426254676767
6216,training,0,0.011322505772113807,0.034480639626060454,1.5942189560099198,8.467954777111554,-1.7245652919172545
6217,training,0,0.02745641185902059,0.034480639626060454,1.588271523570581,8.428629347697342,-1.717300884186755
6218,training,0,0.006096608005464077,0.034480639626060454,1.5825127589199353,8.38894669311668,-1.7124438909025188
6219,training,0,0.024118551053106785,0.023077686063354835,1.5769557004869637,8.349513314183659,-1.7104428442559538
6220,training,0,0.02692093327641487,0.023077686063354835,1.5714315320632903,8.30992999542224,-1.7085387209211715
6221,training,0.004330163,0.07572877779603004,0.023077686063354835,1.5660193715487851,8.270227295522046,-1.7031905484285546
6222,training,0.005444905,0.056754190474748605,0.023077686063354835,1.558330084203157,8.210947262968721,-1.6970159694492202
6223,training,0,0.049121739342808717,0.023077686063354835,1.555818085047621,8.191032270990252,-1.6955829688825566
6224,training,0,0.039984481409192085,0.013551666139699083,1.5508843119428941,8.151433851318014,-1.6950143639205286
6225,training,0,0.041506676003336906,0.013551666139699083,1.5459336483298505,8.111815640465094,-1.6954589861188987
6226,training,0.0039829127,0.07599244639277458,0.013551666139699083,1.5384622753369164,8.052252196027277,-1.696042170329506
6227,training,0.0032031229,0.1025698073208332,0.013551666139699083,1.533508714730343,8.01266976309973,-1.6941841824232218
6228,training,0,0.0009954273700713973,0.013551666139699083,1.5310795212391293,7.9927827023693405,-1.6892449129922127
6229,training,0,0.03490658476948737,0.013551666139699083,1.5265971681241852,7.953074786580801,-1.6762921722083217
6230,training,0,0.02432725578546524,0.029493772351185697,1.5226104504508327,7.913464789379142,-1.6673837118245427
6231,training,0,0.021144151687622063,0.029493772351185697,1.518874979620183,7.8735289275391525,-1.6601778273669832
6232,training,0,0.011313103139400482,0.029493772351185697,1.5154590415454383,7.833858172092072,-1.6528943078403908
6233,training,0,0.01830949634313582,0.029493772351185697,1.5123645940251658,7.794045426043601,-1.643731726614519
6234,training,0,0.012914124876260764,0.029493772351185697,1.5096323073242808,7.754091236817803,-1.6339256421779358
6235,training,0,0.008508164435625076,0.029493772351185697,1.5073191618830102,7.714385034596509,-1.6243419291852017
6236,training,0,0.009544085711240768,0.029493772351185697,1.5053580949358707,7.674382671090221,-1.6148216994840334
6237,training,0,0.002766147255897515,0.006603486230642326,1.50377259802764,7.6345329810786575,-1.6063814842211779
6238,training,0,0.001454189419746399,0.006603486230642326,1.5025431061913013,7.5946815243214125,-1.597115434672626
6239,training,0,0.006945429369807243,0.006603486230642326,1.5016340473580112,7.554664559943689,-1.5903566049323037
6240,training,0,0.006516935303807259,0.006603486230642326,1.5009944601940812,7.514834179023097,-1.583477057258528
6241,training,0,0.023595058359205723,0.006603486230642326,1.5006259307865881,7.474828770679476,-1.5764604708551002
6242,training,0,0.019707923289388418,0.006603486230642326,1.500517291040803,7.434894015764396,-1.5710929833772291
6243,training,0,0.022772736847400665,0.00993768426991115,1.5006307754696382,7.395031080522593,-1.5649919914075485
6244,training,0,0.014811542467214167,0.00993768426991115,1.5009612367284342,7.3550042023942215,-1.5605990288538998
6245,training,0,0.012410763651132584,0.00993768426991115,1.5014283062442029,7.3151305471034025,-1.5578963638218715
6246,training,0,0.016798187512904406,0.00993768426991115,1.5020106435330363,7.275165466387722,-1.5546046749218188
6247,training,0,0.00668221153318882,0.00993768426991115,1.502697240192858,7.235127788541376,-1.5533193148649633
6248,training,0,0.016526241786777973,0.00993768426991115,1.503443991864667,7.195319646294379,-1.5510748452445897
6249,training,0,0.007204512134194374,0.009483425591707964,1.5042760589575745,7.155265739154586,-1.5493114367253118
6250,training,0,0.01643320918083191,0.009483425591707964,1.5051484004472326,7.1153702917036155,-1.5483100007628998
6251,training,0,0.020456410013139248,0.009483425591707964,1.5061010902575298,7.075459910782981,-1.5457433578960091
6252,training,0,0.02215927001088858,0.009483425591707964,1.507147450528633,7.035419447645963,-1.544237307077548
6253,training,0,0.0217457739636302,0.009483425591707964,1.508239766861737,6.995592230242318,-1.5424304301405227
6254,training,0,0.03329642117023468,0.009483425591707964,1.5094202956048426,6.955587141271032,-1.5402806277176178
6255,training,0,0.030908547341823578,0.011793051247391101,1.5106515286733753,6.915599880650967,-1.5402622022586783
6256,training,0,0.003570619970560074,0.011793051247391101,1.511915949912129,6.8757704142868645,-1.538345871074132
6257,training,0,0.03633858822286129,0.011793051247391101,1.5132439385165364,6.835730102093419,-1.537557722592411
6258,training,0,0.027416534721851352,0.011793051247391101,1.5145705983261168,6.79587153954493,-1.5373198267738692
6259,training,0,0.03123045712709427,0.011793051247391101,1.5159295482827815,6.755903353585788,-1.5365219228200284
6260,training,0,0.024198338389396667,0.011793051247391101,1.5172807377767816,6.715885029162457,-1.5382429855237478
6261,training,0,0.028992854058742523,0.02309532486913109,1.5185659527082604,6.676065930289143,-1.539214941791814
6262,training,0,0.016391322016716003,0.02309532486913109,1.51980403539326,6.635994179732531,-1.541075961233208
6263,training,0,0.021561494097113606,0.02309532486913109,1.520913627182411,6.596088706606442,-1.5445705010472164
6264,training,0,0.018984392285346985,0.02309532486913109,1.5219397611773768,6.5561378562341215,-1.5458207588737343
6265,training,0,0.020926430821418762,0.02309532486913109,1.5229062705990128,6.5160604868720275,-1.548286834807013
6266,training,0,0.016857944428920742,0.02309532486913109,1.5237568088696156,6.476215982436944,-1.550620415634339
6267,training,0,0.017094604671001434,0.019814666120491684,1.5245290411102608,6.436154022808007,-1.5525430558887987
6268,training,0,0.018411394208669662,0.019814666120491684,1.5251908965846708,6.3961457607660686,-1.5562229794618547
6269,training,0,0.022922847419977195,0.019814666120491684,1.5257423794225589,6.356261365571291,-1.5580697275461382
6270,training,0,0.022236108779907227,0.019814666120491684,1.5262206216593193,6.316145472959076,-1.5601947501892794
6271,training,0,0.012145740911364559,0.019814666120491684,1.5265994778044174,6.276285764660166,-1.5622235669010305
6272,training,0,0.019600514322519302,0.019814666120491684,1.5269248549346457,6.236264916696039,-1.5633025354438732
6273,training,0,0.007526053115725517,0.017482724933890064,1.5271812877451982,6.19619570980298,-1.56591967194386
6274,training,0,0.006410120055079464,0.017482724933890064,1.5273564484616795,6.156364253794232,-1.5674944550141834
6275,training,0,0.007095480337738991,0.017482724933890064,1.527456974756653,6.1162459976849055,-1.5693907424859443
6276,training,0,0.01603817008435726,0.017482724933890064,1.5274695944454433,6.076342144318572,-1.571487560665503
6277,training,0,0.0061453664675354975,0.017482724933890064,1.5274307115098025,6.0363742417930215,-1.5722362219916508
6278,training,0,0.010468495078384876,0.017482724933890064,1.5273548484788013,5.996263139403347,-1.5736534446971169
6279,training,0,0.007227045483887194,0.012411470830760265,1.5272375341199853,5.956409754223195,-1.574106143545852
6280,training,0,0.00390869192779064,0.012411470830760265,1.5271050682058167,5.916341667348353,-1.5744322257196646
6281,training,0,0.018803803250193596,0.012411470830760265,1.5269360454387921,5.8763646378999095,-1.5758347121739298
6282,training,0,0.004162272438406944,0.012411470830760265,1.5267363630772148,5.836437621343517,-1.5760098759953476
6283,training,0,0.006859146989881992,0.012411470830760265,1.5265179029923277,5.796327135269932,-1.5769668903266116
6284,training,0,0.009104160591959952,0.012411470830760265,1.5262559748872053,5.756455141942814,-1.577967145380786
6285,training,0,0.00317453034222126,0.009664968809082068,1.5259694586938763,5.716428723531104,-1.5782193102458544
6286,training,0,0.01004829816520214,0.009664968809082068,1.5256470871879122,5.67638547551886,-1.5801387476545647
6287,training,0,0.0033870134502649307,0.009664968809082068,1.5252571220835462,5.636499439086653,-1.5812644777110894
6288,training,0,0.00996391991066048,0.009664968809082068,1.5248076659886987,5.596388933297995,-1.583202183199647
6289,training,0,0.0005750968120992175,0.009664968809082068,1.5242605935261915,5.55645771535602,-1.5858641127143058
6290,training,0,0.009113863110542297,0.009664968809082068,1.5236376344986444,5.516476435975392,-1.5871414997607176
6291,training,0,0.005268135340884328,0.004105926030014917,1.5229435236952582,5.476413232959763,-1.5898293745139884
6292,training,0,0.006900228559970856,0.004105926030014917,1.5221554030018054,5.43653260653527,-1.5914850987648104
6293,training,0,0.009177807718515396,0.004105926030014917,1.5213082322582603,5.396453063861301,-1.5926425614077389
6294,training,0,0.00434667244553566,0.004105926030014917,1.520383927155793,5.356504707964161,-1.5955340671611402
6295,training,0,0.006656625773757695,0.004105926030014917,1.5193878576685473,5.31658146808563,-1.5961242801553184
6296,training,0,0.007918824907392263,0.004105926030014917,1.5183697064220394,5.276506999165511,-1.5968803940844714
6297,training,0,0.0015309303998947144,0.01118328545000523,1.5173258043636826,5.2366409309546675,-1.5971996711553829
6298,training,0,0.01108328253030777,0.01118328545000523,1.5162989671549114,5.196619483731376,-1.5957584373355316
6299,training,0,0.0033672242425382146,0.01118328545000523,1.515311367544206,5.156626444197202,-1.5958387430664576
6300,training,0,0.00843856856226921,0.01118328545000523,1.514337879335412,5.11675386690712,-1.5949337274455622
6301,test,0,0.0036524478346109408,0.01118328545000523,1.513391762261297,5.076657315357631,-1.5941289235729768
6302,test,0,0.0020297043956816196,0.010750361343576225,1.512461607570552,5.036793124385273,-1.5940771238079192
6303,test,0,0.007229397073388096,0.010750361343576225,1.5115694363323782,4.996820092106783,-1.5921648114060236
6304,test,0,0.002459324896335602,0.010750361343576225,1.5107507569902494,4.9567988324874,-1.5909584095707003
6305,test,0,0.015833796933293343,0.010750361343576225,1.5100052196429368,4.916944609314064,-1.588035065516643
6306,test,0,0.014449378475546837,0.010750361343576225,1.5094045534503016,4.8768843184036195,-1.5832343901314152
6307,test,0,0.027462592348456383,0.010750361343576225,1.5090061989951018,4.837024125313376,-1.5783924485312797
6308,test,0,0.014942705631256104,0.010750361343576225,1.5088278532540007,4.7971205701031066,-1.5722896302031568
6309,test,0,0.005921114236116409,0.0138303201306471,1.5088372294107082,4.757091784059007,-1.5697564937422515
6310,test,0,0.0018376126245129853,0.0138303201306471,1.5089147430909122,4.717228035210555,-1.5683645770722725
6311,test,0,0.00238426262512803,0.0138303201306471,1.5090340895712255,4.677188530952048,-1.5675008092678062
6312,test,0,0.008588393684476614,0.0138303201306471,1.5091396826742254,4.6371668195562235,-1.5692509308283087
6313,test,0,0.01172226807102561,0.0138303201306471,1.5091782664791986,4.5973008744000925,-1.5710020556723634
6314,test,0,0.011311793001368642,0.0138303201306471,1.5091271381327185,4.557162859104078,-1.5734935640187353
6315,test,0,0.010958075523376465,0.020832364819485562,1.5089615917216084,4.517287749173275,-1.576313762048605
6316,test,0,0.010098591446876526,0.020832364819485562,1.5087130812526524,4.4772814486609,-1.5779305161225772
6317,test,0,0.010051161050796509,0.020832364819485562,1.5083845685103783,4.43718501310033,-1.5804275495084443
6318,test,0,0.008201618795283139,0.020832364819485562,1.5079795892302557,4.397325350994376,-1.5819972262959732
6319,test,0,0.0025353482924401756,0.020832364819485562,1.50750976795137,4.35723294715556,-1.5833199111811087
6320,test,0,0.008984517771750689,0.020832364819485562,1.5069851615029197,4.317327651411056,-1.5845879102355467
6321,test,0,0.02348889736458659,0.024581809508702458,1.50648858794948,4.277392449138592,-1.5817989844242475
6322,test,0,0.04708572896197438,0.024581809508702458,1.5061496806787322,4.237384023002095,-1.5768855422492645
6323,test,0,0.05102074146270752,0.024581809508702458,1.5060975821798783,4.197570951313463,-1.5669476487877516
6324,test,0,0.03771620127372444,0.024581809508702458,1.50646514954661,4.157584531436542,-1.5561924405783387
6325,test,0,0.03622095845639706,0.024581809508702458,1.5071821709427213,4.117630808142686,-1.5503253597716027
6326,test,0,0.028227897360920906,0.024581809508702458,1.5081187999046486,4.077767366118321,-1.5446301532423035
6327,test,0,0.02023777738213539,0.02072935143890904,1.5092372589416518,4.0377281137030385,-1.5417653238716287
6328,test,0,0.0027030464261770283,0.02072935143890904,1.5103835182425336,3.9978640099072886,-1.5424708145841761
6329,test,0,8.189491927623749e-05,0.02072935143890904,1.5114856610792637,3.9578623415145153,-1.544396459975608
6330,test,0,0.00583936832845211,0.02072935143890904,1.5124686167075596,3.9178038393857033,-1.5487045380525057
6331,test,0,0.004805544391274456,0.02072935143890904,1.5132858139382803,3.877973541404706,-1.5523267106606637
6332,test,0,0.021863756701350212,0.02072935143890904,1.5139220209928292,3.8378430133450365,-1.5581251905973146
6333,test,0,0.035952511709183455,0.020949058281865312,1.5142532372108843,3.797897778631057,-1.5665942618229496
6334,test,0,0.04959731549024582,0.020949058281865312,1.5142673135070621,3.7578867620149574,-1.5744951476380296
6335,test,0,0.05007152259349823,0.020949058281865312,1.5139299582239754,3.7176955549078268,-1.5844752277534062
6336,test,0,0.05674492474645376,0.020949058281865312,1.5131949990908045,3.677840158534784,-1.5939348573550713
6337,test,0,0.051412759348750114,0.020949058281865312,1.512100133387057,3.637717628348693,-1.6023480487654287
6338,test,0,0.056383321061730385,0.019477498085257932,1.510680093167451,3.597703270633318,-1.6104228089666521
6339,test,0,0.053964704275131226,0.019477498085257932,1.5089940405682376,3.5578023069754736,-1.6156318485177295
6340,test,0,0.05184930935502053,0.019477498085257932,1.5071069250180646,3.517676684372325,-1.6202227647159488
6341,test,0,0.06752486526966095,0.019477498085257932,1.5050618390648927,3.477870068584414,-1.6238820413973667
6342,test,0,0.07479386404156685,0.019477498085257932,1.5029038063023799,3.437893394412877,-1.625763551055673
6343,test,0,0.07439244538545609,0.019477498085257932,1.500660086321516,3.397892342285849,-1.628365982241727
6344,test,0,0.09384258091449738,0.024304912629914507,1.4983226709542516,3.3580769167012927,-1.6307185495129732
6345,test,0,0.08873234316706657,0.024304912629914507,1.4958636178161655,3.3180049089701376,-1.6337193572313065
6346,test,0,0.09505551680922508,0.024304912629914507,1.4932875366933118,3.2781728117173925,-1.6369813616803326
6347,test,0,0.10111891478300093,0.024304912629914507,1.490612652108274,3.238279081632659,-1.638717358251578
6348,test,0,0.10437379032373428,0.024304912629914507,1.4878698164724986,3.1982560929857633,-1.6399023778227457
6349,test,0,0.05691154487431049,0.024304912629914507,1.4851173565599478,3.1585002277817367,-1.6401861866532437
6350,test,0,0.005279142409563065,0.0363820026117984,1.4823900844289377,3.1185183034760615,-1.637234778660323
6351,test,0,0.0051707252860069275,0.0363820026117984,1.4798350814453902,3.07866599706236,-1.6321082818550143
6352,test,0,0.004392106086015701,0.0363820026117984,1.4775430455050398,3.038861786113639,-1.6245803362239375
6353,test,0,0.008613718673586842,0.0363820026117984,1.4755388326505905,2.998814460982973,-1.6165010068891676
6354,test,0,0.01353376917541027,0.0363820026117984,1.4738360426610275,2.959048223439458,-1.611156459848756
6355,test,0,0.012337177991867065,0.0363820026117984,1.4722765152001882,2.9190567354146024,-1.6088849744415257
6356,test,0,0.004247119650244713,0.03002948089872528,1.4707704094538336,2.879065849580694,-1.6087008686004005
6357,test,0,0.002865184098482132,0.03002948089872528,1.469291900185029,2.8392218379556753,-1.60743348294196
6358,test,0,0.00686345249414444,0.03002948089872528,1.4678584174583138,2.799137542973646,-1.605435139264334
6359,test,0,0.0026140790432691574,0.03002948089872528,1.4665204415545645,2.759297649533711,-1.6033914587817664
6360,test,0,0.016252292320132256,0.03002948089872528,1.46528378525463,2.719349147344396,-1.6002502366588156
6361,test,0,0.010424839332699776,0.03002948089872528,1.4641346247336546,2.6793179204870357,-1.5994896018635683
6362,test,0,0.009323235601186754,0.02251619247497521,1.4630149237091132,2.6394649459085806,-1.5986427378780643
6363,test,0,0.012696819379925728,0.02251619247497521,1.4619212733480123,2.5993991883600502,-1.5977389247717226
6364,test,0,0.014667742885649204,0.02251619247497521,1.4608342033977102,2.5594716312407293,-1.5986184122769815
6365,test,0,0.030339751392602924,0.02251619247497521,1.4597320205048743,2.519551152891332,-1.598488579471002
6366,test,0,0.025152176618576046,0.02251619247497521,1.4586067727018008,2.4794803817928925,-1.6000359779667692
6367,test,0,0.02186853438615799,0.02251619247497521,1.4574173737570222,2.4396099968687888,-1.6013664184592797
6368,test,0,0.022979371249675754,0.00749229500975944,1.4561942709277458,2.3995833032975824,-1.6015306064370531
6369,test,0,0.02238742634654045,0.00749229500975944,1.4549575944220514,2.359592805200693,-1.6024298296901978
6370,test,0,0.015117280185222619,0.00749229500975944,1.4537498048228885,2.319736816922291,-1.5998140685440672
6371,test,0,0.001934099942445755,0.00749229500975944,1.452674026524816,2.279658038709383,-1.5952975486020387
6372,test,0,0.007463742047548294,0.00749229500975944,1.451796193221929,2.239841306362616,-1.5900655859447879
6373,test,0,0.018247734755277637,0.00749229500975944,1.4511934301488425,2.19990446350985,-1.5815376593821557
6374,test,0,0.01734184194356203,0.011628491903313266,1.4509029908020552,2.159930623572598,-1.5751604589234869
6375,test,0,0.022201449144631624,0.011628491903313266,1.4508534402852757,2.120095460914611,-1.5693133621631308
6376,test,0,0.02595854550600052,0.011628491903313266,1.4510235161679423,2.0800485910505055,-1.563884756773275
6377,test,0,0.01361081749200821,0.011628491903313266,1.4513760635874786,2.040156015382178,-1.5601157770425091
6378,test,0,0.010194048285484307,0.011628491903313266,1.4519292997580802,2.000253917495985,-1.5537139222328278
6379,test,0,0.005400940775871277,0.011628491903313266,1.4527310998122802,1.9602541547659806,-1.5482466696489792
6380,test,0,0.0025912225246429443,0.007395141267841066,1.4537597279524133,1.9204169843687673,-1.5417859989280633
6381,test,0,0.01942186057567595,0.007395141267841066,1.4550976284827672,1.8804635087660155,-1.5327202512511249
6382,test,0,0.007662005722522736,0.007395141267841066,1.4567966291297823,1.840572865620603,-1.5237380516856884
6383,test,0,0.04456251114606856,0.007395141267841066,1.4589292008053754,1.800807027097866,-1.5106179629696328
6384,test,0,0.0764765739440918,0.007395141267841066,1.4615947577114201,1.7609613996300932,-1.4981254807608813
6385,test,0,0.05927228927612305,0.01701935899600295,1.4647173521929768,1.7212162927325527,-1.4861728184224687
6386,test,0,0.13201727718114853,0.01701935899600295,1.4683806847115912,1.6815248041953612,-1.4712033459074783
6387,test,0,0.08233892172574997,0.01701935899600295,1.472649962899586,1.6419188160382523,-1.4556584710065115
6388,test,0,0.06141081452369693,0.01701935899600295,1.4776648521829188,1.60242195802939,-1.4322060434715018
6389,test,0,0.040324941277503995,0.01701935899600295,1.4837667558322158,1.5632300569528084,-1.4003729021785833
6390,test,0,0.07839904725551608,0.01701935899600295,1.4911055036876064,1.5241129882978972,-1.37034857134173
6391,test,0,0.017682343721389798,0.01701935899600295,1.499602666674117,1.4852162251864294,-1.3402304051133194
6392,test,0,0.05780872702598572,0.04556438383066192,1.5092449223369382,1.446811101777277,-1.3093241096428714
6393,test,0,0.03661966323852539,0.04556438383066192,1.5202800961003036,1.408536217857912,-1.2695676120504478
6394,test,0,0.01316042244434354,0.04556438383066192,1.5327848510299782,1.3709922383833786,-1.2282876805814356
6395,test,0,0.026633501052856445,0.04556438383066192,1.5469272662770792,1.334026424899888,-1.1820679649196668
6396,test,0,0.1163981556892395,0.04556438383066192,1.5629023449022186,1.297839350316458,-1.1272811927196607
6397,test,0,0.12278623878955841,0.08346004488298615,1.5808067697218484,1.2626582644228797,-1.0721633745157282
6398,test,0,0.0686768889427185,0.08346004488298615,1.6006541967856163,1.22868482208117,-1.0105883880916289
6399,test,0,0.16932341456413272,0.08346004488298615,1.622701703488697,1.195977960836711,-0.9442283589717193
6400,test,0,0.10367354750633243,0.08346004488298615,1.646951103373703,1.1647627780279062,-0.8759057493210279
6401,test,0,0.19143922626972198,0.12242391851889466,1.809195450823879,1.022005217980171,-0.5709117047725704
6402,test,0,0.11857672035694122,0.12242391851889466,1.8431628537942375,1.001444411267052,-0.5185007364378474
6403,test,0,0.14913173764944077,0.12242391851889466,1.8603675623493192,0.9919123733413286,-0.4947870796064594
6404,test,0,0.1204761266708374,0.14006232310684305,1.895625826082114,0.973822042478332,-0.4528247854904526
6405,test,0,0.07553232461214066,0.14006232310684305,1.931617684173328,0.9572027535534438,-0.4135347680997516
6406,test,0,0.14796244353055954,0.14006232310684305,1.9681459229654912,0.9419537934772408,-0.3796333851993779
6407,test,0,0.1501293182373047,0.14006232310684305,2.005185186358113,0.9277541330876052,-0.35423853542234285
6408,test,0,0.1311802826821804,0.14006232310684305,2.0427202647690237,0.9143440004508271,-0.3321921949953091
6409,test,0,0.11616254597902298,0.14006232310684305,2.080521182584424,0.9017743010399047,-0.3104623089934388
6410,test,0,0.12748901546001434,0.1574078847048878,2.1184189817854935,0.8900140264954888,-0.2915639030836875
6411,test,0,0.06376653909683228,0.1574078847048878,2.156850597966372,0.8788368512767282,-0.27453567668831186
6412,test,0,0.05572737753391266,0.1574078847048878,2.1951683052257778,0.8683602651169303,-0.26076725501345904
6413,test,0,0.05508229020051658,0.1574078847048878,2.233776870113579,0.8582925301712567,-0.24970799668906832
6414,test,0,0.05084233614616096,0.1574078847048878,2.272651629121251,0.8485875657765413,-0.23897169942296936
6415,test,0,0.04784425348043442,0.1574078847048878,2.311310073253319,0.8393754369280079,-0.22929053503318733
6416,test,0,0.02560138702392578,0.14298043662628404,2.350349444087031,0.8304503439332975,-0.2198273812666364
6417,test,0,0.04585285112261772,0.14298043662628404,2.3893211763796494,0.8219239690867568,-0.2105105634824404
6418,test,0,0.04365053027868271,0.14298043662628404,2.428339106926979,0.8137808200659089,-0.20125883212499665
6419,test,0,0.024974417872726917,0.14298043662628404,2.4676657226800907,0.8059186952612638,-0.19265342242979797
6420,test,0,0.06996805220842361,0.14298043662628404,2.5067234614298015,0.7984655601020145,-0.18467346577418067
6421,test,0,0.021733970381319523,0.14298043662628404,2.5460708259611837,0.7912754654672398,-0.17678872864972672
6422,test,0,0.07831937074661255,0.043499100223265245,2.585450532264615,0.7843746452744912,-0.17051349572835936
6423,test,0,0.0755804032087326,0.043499100223265245,2.6247184911702983,0.7777741029442662,-0.16272360184036308
6424,test,0,0.048285586293786764,0.043499100223265245,2.66428992194041,0.7714341907029182,-0.15469749341907463
6425,test,0,0.041866283398121595,0.043499100223265245,2.7036445335549812,0.7654494134705947,-0.14685255018947166
6426,test,0,0.04015033319592476,0.043499100223265245,2.74316499680984,0.7597998034082752,-0.13704554502511854
6427,test,0,0.03158315271139145,0.043499100223265245,2.782772536812758,0.7545143799708253,-0.12860148101418142
6428,test,0,0.045608069747686386,0.0663161450757261,2.822285730691052,0.7496044598892105,-0.11885237583447433
6429,test,0,0.03817097097635269,0.0663161450757261,2.8620345126840103,0.7450545145992779,-0.10926991813961869
6430,test,0,0.04071261500939727,0.0663161450757261,2.901682093400554,0.7408375051610486,-0.10289180780468603
6431,test,0,0.03243928001029417,0.0663161450757261,2.941371116203043,0.7369070202311305,-0.09463890693384733
6432,test,0,0.02703809051308781,0.0663161450757261,2.9811372775652476,0.7332708498660082,-0.08882295969219225
6433,test,0,0.03335767984390259,0.0663161450757261,3.020902658131043,0.72983722838901,-0.0835885781552191
6434,test,0,0.01812949834857136,0.06761950321686089,3.0607538671235086,0.7266197243613532,-0.07791322020660028
6435,test,0,0.014655571430921555,0.06761950321686089,3.100546117851306,0.7235640563773461,-0.07579374244635284
6436,test,0,0.01871925638988614,0.06761950321686089,3.1403593208755605,0.7206163983170804,-0.07212216726854263
6437,test,0,0.01685461914166808,0.06761950321686089,3.1801875697757214,0.7178082896165036,-0.06982977197037421
6438,test,0,0.02024442795664072,0.06761950321686089,3.220066714479318,0.7150578001104506,-0.06800224537007095
6439,test,0,0.008806388825178146,0.06761950321686089,3.25994157361862,0.7124113436584969,-0.06461615302755386
6440,test,0,0.011301514692604542,0.05583635153211133,3.2997709797518326,0.7098613749081957,-0.06409565066227281
6441,test,0,0.0045372843742370605,0.05583635153211133,3.3396405524488006,0.7073335131064892,-0.06260738634146933
6442,test,0,0.025527602061629292,0.05583635153211133,3.379508496818161,0.7048747994140578,-0.061730250336798194
6443,test,0,0.006066169589757919,0.05583635153211133,3.4194145593394882,0.7024033691906469,-0.062243250880015054
6444,test,0,0.004599079489707947,0.05583635153211133,3.4592909783878634,0.6999523751956129,-0.060412447358810205
6445,test,0,0.0008660466410219669,0.05583635153211133,3.4991297655365248,0.6975616409220566,-0.060523370453160946
6446,test,0,0.01307368092238903,0.0424391022516636,3.539037485152842,0.6951582480616221,-0.05955974637322602
6447,test,0,0.006035221740603447,0.0424391022516636,3.578952039940515,0.6928290607468701,-0.05760264233543493
6448,test,0,0.0036347154527902603,0.0424391022516636,3.618803023440689,0.6905255862707849,-0.05789190455573223
6449,test,0,0.015263875946402546,0.0424391022516636,3.6586907584755517,0.6882530183718933,-0.05593029198438669
6450,test,0,0.022547427564859394,0.0424391022516636,3.6985415610789953,0.6860556602428373,-0.055484372834681044
6451,test,0,0.012087241746485233,0.0424391022516636,3.738482446641823,0.6838375378567231,-0.055580852447946485
6452,test,0,0.013301288709044458,0.02595546957987858,3.778400154806547,0.681646707143968,-0.05431197784811001
6453,test,0,0.018229596316814423,0.02595546957987858,3.818256755986621,0.6794624592548835,-0.05584900015794376
6454,test,0,0.030078671872615814,0.02595546957987858,3.85816906688611,0.6772297759625007,-0.05581297536651844
6455,test,0,0.02482973784208298,0.02595546957987858,3.898032537063149,0.6750180139256485,-0.05627185157152957
6456,test,0,0.03637377545237541,0.02595546957987858,3.937978919462839,0.6727483866125148,-0.057465795777541975
6457,test,0,0.028379246592521664,0.02595546957987858,3.977875418921409,0.6704763123460923,-0.056304534213869835
6458,test,0,0.030615564435720444,0.017071712780170542,4.017720637812616,0.668233131643939,-0.05704014616457471
6459,test,0,0.023678358644247055,0.017071712780170542,4.057642673364897,0.6659635971185884,-0.056245325308553605
6460,test,0,0.0158928744494915,0.017071712780170542,4.097544026129133,0.6637781264436109,-0.053686186949507685
6461,test,0,0.01361161656677723,0.017071712780170542,4.137405173795369,0.661656377805177,-0.052468358785481166
6462,test,0,0.009537659585475922,0.017071712780170542,4.177299608546533,0.6596459405397206,-0.04783344764400619
6463,test,0,0.01307373121380806,0.017071712780170542,4.2171244102195375,0.657840980692956,-0.043660541947013874
6464,test,0,0.00321752205491066,0.007345333732579078,4.2570803478899535,0.6561949417837252,-0.038496592504687364
6465,test,0,0.006297117099165913,0.007345333732579078,4.296971579867757,0.6548254593101333,-0.0302777736381396
6466,test,0,0.01415579579770565,0.007345333732579078,4.336793632922311,0.6537300652576367,-0.024644981961551585
6467,test,0,0.00900173932313919,0.007345333732579078,4.376757460205921,0.6528887194891544,-0.017190565569652153
6468,test,0,0.006264680996537207,0.007345333732579078,4.4165722510559915,0.6523483249281912,-0.011610552166769414
6469,test,0,0.009992411360144615,0.007345333732579078,4.456575038520195,0.6519619626256443,-0.007943937026109424
6470,test,0,0.01771720068063587,0.007848051472323586,4.496531562665825,0.6517495700359437,-0.0027198194315946143
6471,test,0,0.010297100991010666,0.007848051472323586,4.536348812624377,0.6517003859057605,-0.0002137206765974968
6472,test,0,0.01743348129093647,0.007848051472323586,4.576397835105601,0.6517477019972014,0.002314191589952737
6473,test,0,0.015624096617102623,0.007848051472323586,4.616256430542501,0.651914308293026,0.005319696649400545
6474,test,0,0.012472361326217651,0.007848051472323586,4.656236519879445,0.65217732766873,0.007647142755318538
6475,test,0,0.019216418731957674,0.007848051472323586,4.69623742346399,0.6525485884280516,0.011016525450154985
6476,test,0,0.020393382757902145,0.014113770667382734,4.736110703833985,0.6530459849316324,0.013293448264019273
6477,test,0,0.01816077856346965,0.014113770667382734,4.776166963279165,0.6536374804785867,0.01653153079543171
6478,test,0,0.024582120589911938,0.014113770667382734,4.816078839233996,0.6543924072032103,0.020655032181251726
6479,test,0,0.016406763345003128,0.014113770667382734,4.856018392784124,0.6552587479565224,0.022347098668949576
6480,test,0,0.030357588082551956,0.014113770667382734,4.895995933261889,0.6561804919907978,0.023760597675043193
6481,test,0,0.025685770437121395,0.014113770667382734,4.935845249933061,0.6571684965852983,0.025371985644526425
6482,test,0,0.013178125023841858,0.004185121542809062,4.975875260663181,0.6582119083397683,0.0266505520522392
6483,test,0,0.025979096069931984,0.004185121542809062,5.015755617154628,0.6593255835292013,0.028206269899174595
6484,test,0,0.03950280323624611,0.004185121542809062,5.055657441664586,0.6604428922846256,0.027615921622936385
6485,test,0,0.04182891361415386,0.004185121542809062,5.095660445785262,0.6615719355049373,0.029979968313118357
6486,test,0,0.057986803352832794,0.004185121542809062,5.135509450703383,0.6628576308642822,0.03352904060997826
6487,test,0,0.054140862077474594,0.004185121542809062,5.175470440740158,0.6642721427542424,0.03787504291676134
6488,test,0,0.060480751097202294,0.011191494694985446,5.215361944147584,0.6659110667957999,0.044323615745476566
6489,test,0,0.05217691883444786,0.011191494694985446,5.255183191990013,0.667759636635709,0.047588781352194916
6490,test,0,0.0572388656437397,0.011191494694985446,5.295221323284766,0.6697091616548937,0.04958395100826499
6491,test,0,0.05625217407941819,0.011191494694985446,5.335022391656577,0.6717645052204902,0.05260787064680551
6492,test,0,0.06254616938531399,0.011191494694985446,5.374921244848556,0.6738948576296483,0.05385908036444797
6493,test,0,0.0852680429816246,0.011191494694985446,5.414873263783729,0.6760883763051306,0.05675297816014395
6494,test,0,0.07820465788245201,0.016343257778343213,5.454659005469648,0.678421630065044,0.059805018441786796
6495,test,0,0.08099756017327307,0.016343257778343213,5.494637099670658,0.6808771633787863,0.06311443633915874
6496,test,0,0.0723635107278824,0.016343257778343213,5.534461541578704,0.6834917681852094,0.0672169953739202
6497,test,0,0.0647674985229969,0.016343257778343213,5.574290540054919,0.6861712937733335,0.06618109999298773
6498,test,0,0.07202138751745225,0.016343257778343213,5.614317463587825,0.6887670100236439,0.06330826371784895
6499,test,0,0.06293485686182976,0.016343257778343213,5.654101153105134,0.6912670692452022,0.06156571567659492
6500,test,0,0.033860594034194946,0.0277333576142497,5.694077969981751,0.6936613406947396,0.05737040311857574
6501,test,0,0.014975331723690033,0.0277333576142497,5.73407623163996,0.6958365852005195,0.05034459620263125
6502,test,0,0.02057701349258423,0.0277333576142497,5.773980743779583,0.6976467956436875,0.03987875535957819
6503,test,0,0.012659870088100433,0.0277333576142497,5.81410240163642,0.6990455488240507,0.030467037536281428
6504,test,0,0.010659735649824142,0.0277333576142497,5.854032534530518,0.7001289076115726,0.022720049545091388
6505,test,0,0.012440819293260574,0.0277333576142497,5.8940741976487825,0.7008372130407555,0.01246822082798861
6506,test,0,0.019438285380601883,0.03297973445654233,5.934082284821558,0.7011551560051563,0.0033525383873010753
6507,test,0,0.002687951549887657,0.03297973445654233,5.974014005691513,0.7011544510288819,-0.0026827273171482337
6508,test,0,0.0197869292460382,0.03297973445654233,6.014078663673426,0.7009554869006529,-0.007008085138119314
6509,test,0,0.042883872985839844,0.03297973445654233,6.054050987002031,0.700627366096723,-0.010313467813039105
6510,test,0,0.026772971730679274,0.03297973445654233,6.094061566986279,0.700079439623339,-0.01828232802344001
6511,test,0,0.004466549959033728,0.03297973445654233,6.134075909266663,0.699202026116877,-0.025070878023979424
6512,test,0,0.021729011525167152,0.023335156368562888,6.173983145171705,0.6981298119848289,-0.027919481858706453
6513,test,0,0.047981415409594774,0.023335156368562888,6.213968051523927,0.6970446292943381,-0.025677574482428262
6514,test,0,0.047804297879338264,0.023335156368562888,6.253894631283587,0.6961481591999142,-0.01799552105027198
6515,test,0,0.024985047057271004,0.023335156368562888,6.293751694115613,0.6955531188564237,-0.01342878441765863
6516,test,0,0.012523960322141647,0.023335156368562888,6.333784380751711,0.6950507984710901,-0.012549315203597209
6517,test,0,0.025553032755851746,0.023335156368562888,6.373694493911567,0.6945685052595959,-0.012790421408441874
6518,test,0,0.03761887736618519,0.020473924310194173,6.413682261012304,0.694031157954475,-0.01419177243787031
6519,test,0,0.04180651903152466,0.020473924310194173,6.453693151817466,0.6934875568338472,-0.01241186407134572
6520,test,0,0.04535411112010479,0.020473924310194173,6.49351213371788,0.6930456828118715,-0.010493081015884441
6521,test,0,0.020311233587563038,0.020473924310194173,6.5335473700092805,0.6926744142322947,-0.00818168220106881
6522,test,0,0.029133033007383347,0.020473924310194173,6.573483069866402,0.6924246714797523,-0.004998809010848818
6523,test,0,0.06591369584202765,0.020473924310194173,6.613369397597419,0.6922131791137971,-0.006169066172708462
6524,test,0,0.05939605459570885,0.015911547542497278,6.653405655273549,0.6919637421696273,-0.006000902296755844
6525,test,0,0.05248972028493881,0.015911547542497278,6.693327785773712,0.6917308224128367,-0.006777769483451118
6526,test,0,0.057807259261608124,0.015911547542497278,6.733371917845332,0.6913979085670895,-0.010190766711695453
6527,test,0,0.055228553712368025,0.015911547542497278,6.773341964894645,0.690958703983831,-0.012326003936532402
6528,test,0,0.0381450392305851,0.015911547542497278,6.813289250602346,0.6904004667695276,-0.016050127258886483
6529,test,0,0.039154965430498116,0.015911547542497278,6.8533386155588,0.6897091981656324,-0.01803386752126235
6530,test,0,0.04252783209085464,0.015153092838893722,6.893227404755795,0.6889993247716352,-0.018502447949405847
6531,test,0,0.0449962131679058,0.015153092838893722,6.933202384037427,0.6882399949809892,-0.01961226431803312
6532,test,0,0.06488298624753952,0.015153092838893722,6.9731917509625765,0.687469334848781,-0.018896361271330063
6533,test,0,0.056774340569973006,0.015153092838893722,7.013054648683657,0.686714268811058,-0.02004597191123896
6534,test,0,0.05699004977941513,0.015153092838893722,7.05310348630964,0.6858766319490818,-0.02206254784365657
6535,test,0,0.025775596499443047,0.015153092838893722,7.0930616512012055,0.6849912319017254,-0.02283157380799586
6536,test,0,0.044562362134456635,0.012583853388736377,7.132953730735042,0.6840231085172678,-0.025777094384284466
6537,test,0,0.029265064746141434,0.012583853388736377,7.1729598538652635,0.6829625905552343,-0.02725231012198743
6538,test,0,0.030515793710947037,0.012583853388736377,7.21284214400864,0.681842382380727,-0.030277013750293017
6539,test,0,0.031081005930900574,0.012583853388736377,7.252866688845325,0.6805618286606393,-0.03357196693414215
6540,test,0,0.04301141202449799,0.012583853388736377,7.292827080615056,0.679210360860809,-0.03409643120884842
6541,test,0,0.04223821312189102,0.012583853388736377,7.332672411905811,0.6778245159557365,-0.03582432474178254
6542,test,0,0.05795891582965851,0.013634340251108377,7.372657290916851,0.6763984731596551,-0.034650569517630785
6543,test,0,0.05849962309002876,0.013634340251108377,7.412514230013649,0.6750996895011544,-0.03141592191087719
6544,test,0,0.059807866811752326,0.013634340251108377,7.452458872133482,0.6738914722229064,-0.029066362573870456
6545,test,0,0.014105160371400416,0.013634340251108377,7.492413005638833,0.672810373229508,-0.024956545681711295
6546,test,0,0.045531775802373886,0.013634340251108377,7.532255426921666,0.6718768669638578,-0.02307906178322254
6547,test,0,0.009932462126016617,0.013634340251108377,7.5722830109718196,0.6709865135243154,-0.021430979400757097
6548,test,0,0.00904413079842925,0.025504200813226543,7.612196766456204,0.67020304743457,-0.018639063203318616
6549,test,0,0.04323933832347393,0.025504200813226543,7.652084455001714,0.6694631213201951,-0.018658260641711163
6550,test,0,0.04844107106328011,0.025504200813226543,7.692093526737019,0.6687385158775695,-0.01750683401446981
6551,test,0,0.0013737492263317108,0.025504200813226543,7.731941458902824,0.6680615583819104,-0.01769579005873442
6552,test,0,0.00012641213834285736,0.025504200813226543,7.7719726077772835,0.6673445804570506,-0.018228459674971175
6553,test,0,0.03795131668448448,0.025504200813226543,7.811941563842148,0.6666419133513787,-0.01720239310860721
6554,test,0,0.046104736626148224,0.018617463775384945,7.851792802830517,0.665937795493902,-0.018585783547293802
6555,test,0,0.014156093820929527,0.018617463775384945,7.891826189145889,0.6651899403338234,-0.018687755037436832
6556,test,0,0.014170662499964237,0.018617463775384945,7.931683261118872,0.6644648587231292,-0.018946295687036006
6557,test,0,0.018902156502008438,0.018617463775384945,7.971690406055578,0.6636861166694447,-0.020263567535726962
6558,test,0,0.015838829800486565,0.018617463775384945,8.011679101820555,0.662887344323311,-0.019640109606492786
6559,test,0,0.017778269946575165,0.018617463775384945,8.051529799680404,0.6620956470296063,-0.020985016379586916
6560,test,0,0.001079324632883072,0.0024877399731430155,8.09157522979004,0.6612386286756706,-0.02173669122080637
6561,test,0,0.01688268780708313,0.0024877399731430155,8.131486331902064,0.6604006625255394,-0.021080017565597273
6562,test,0,0.004444000544026494,0.0024877399731430155,8.17140727083245,0.6595377005727476,-0.022326406617867747
6563,test,0,0.03621443174779415,0.0024877399731430155,8.211410003300648,0.6586483850009578,-0.022082436813437155
6564,test,0,0.029646748676896095,0.0024877399731430155,8.251262110371817,0.6577765509911492,-0.02267032153411732
6565,test,0,0.02745906263589859,0.0024877399731430155,8.291294733663007,0.6568584945562324,-0.023340844915014217
6566,test,0,0.022670622915029526,0.014823880490792123,8.331252883315582,0.655954594286961,-0.022074089614056023
6567,test,0,0.002840304281562566,0.014823880490792123,8.371106797906192,0.655063938921313,-0.022945676168052317
6568,test,0,0.03494718670845032,0.014823880490792123,8.411128335762815,0.654154579553848,-0.022353358159787694
6569,test,0,0.03396617248654366,0.014823880490792123,8.450974672206758,0.6532944630378477,-0.02206348231668157
6570,test,0,0.004238289780914784,0.014823880490792123,8.49097891902265,0.6524066037055962,-0.02251095697373065
6571,test,0,0.019727192819118496,0.014823880490792123,8.530956942034956,0.6515350446894406,-0.021070377581021184
6572,test,0,0.030229482799768448,0.017179399694734688,8.570793511720252,0.6507012501817677,-0.02151754517622886
6573,test,0,0.021963175386190414,0.017179399694734688,8.610832874504286,0.6498465348727767,-0.02115569865364665
6574,test,0,0.022676466032862663,0.017179399694734688,8.650713425146277,0.6490478450284195,-0.01986404909403417
6575,test,0,0.028860930353403084,0.017179399694734688,8.69064987016036,0.6482556616679609,-0.020009046438134687
6576,test,0,0.03431253507733345,0.017179399694734688,8.730651834322774,0.6474810260414275,-0.018557774365542352
6577,test,0,0.031010016798973083,0.017179399694734688,8.770485310339208,0.6467662550576272,-0.018357513668053733
6578,test,0,0.025640342384576797,0.026277477597172434,8.81052444131552,0.6460416723395528,-0.017918796910271064
6579,test,0,0.02526269480586052,0.026277477597172434,8.850470987683838,0.6453774501265578,-0.01573693281364448
6580,test,0,0.031070873141288754,0.026277477597172434,8.89032439343003,0.6447520219300261,-0.015724896888205487
6581,test,0,0.03267156705260277,0.026277477597172434,8.930356283145931,0.6441531742519856,-0.013931050912297325
6582,test,0,0.02937788888812065,0.026277477597172434,8.970186916559216,0.6436470785306881,-0.012810383976648392
6583,test,0,0.02720901370048523,0.026277477597172434,9.010199234883848,0.6431484698205016,-0.01207263361313927
6584,test,0,0.03739079460501671,0.01678013231071345,9.050181051176022,0.6427183848486597,-0.009393162400085942
6585,test,0,0.03097812086343765,0.01678013231071345,9.089999266424737,0.6423680628759777,-0.008709565969480963
6586,test,0,0.03804479166865349,0.01678013231071345,9.130059387439744,0.6420531852047975,-0.006860501754586784
6587,test,0,0.03936970978975296,0.01678013231071345,9.169888680769148,0.6418538209722053,-0.004438346778996859
6588,test,0,0.04598743841052055,0.01678013231071345,9.209859042669581,0.641709265838529,-0.0030117905041838018
6589,test,0,0.05080060660839081,0.01678013231071345,9.24988083199896,0.6416414321747065,-4.6004967239270166e-05
6590,test,0,0.002914814278483391,0.009994913258844875,9.289708321693656,0.6416941523075715,0.0018566755449779626
6591,test,0,0.007391428109258413,0.009994913258844875,9.329764363681916,0.6418095123276121,0.003929207074189245
6592,test,0,0.004626644775271416,0.009994913258844875,9.3696758718867,0.642043480695492,0.007174407778514559
6593,test,0,0.04313551262021065,0.009994913258844875,9.409597730160062,0.6423677518020515,0.008657778569458114
6594,test,0,0.004698246717453003,0.009994913258844875,9.449628956410594,0.6427558142866864,0.010889537259397598
6595,test,0,0.006824338808655739,0.009994913258844875,9.489525276096273,0.6432408498046219,0.012388678108730629
6596,test,0,0.007997563108801842,0.0078239421524475,9.529558807646412,0.643743021428798,0.012489108801284522
6597,test,0,0.00024800980463624,0.0078239421524475,9.569504473989843,0.644280482055176,0.01417399042310528
6598,test,0,0.0026943013072013855,0.0078239421524475,9.609413059582456,0.6448459531393541,0.013502307848523333
6599,test,0,0.04387032613158226,0.0078239421524475,9.649457897785345,0.6453716135002396,0.013139018274778957
6600,test,0,0.0382496677339077,0.0078239421524475,9.689346565086943,0.6459228100959258,0.013373536512097809
6601,test,0,0.04430152103304863,0.0078239421524475,9.729349628012514,0.6464247465514881,0.01139152347891129
6602,test,0,0.03298415243625641,0.03113157149354436,9.769320090472165,0.6468689668399774,0.011108626509450478
6603,test,0,0.028360724449157722,0.03113157149354436,9.809230079178228,0.6472934028489966,0.009369108647932532
6604,test,0,0.03817701339721679,0.03113157149354436,9.849308434165696,0.6476263702202212,0.007413875631312575
6605,test,0,0.040299922227859504,0.03113157149354436,9.889212851816499,0.6479372819200129,0.007200440523044311
6606,test,0,0.02754975482821464,0.03113157149354436,9.929178882686383,0.6481820272821561,0.004686893416676924
6607,test,0,0.03614288941025734,0.03113157149354436,9.96919121951889,0.6483373916391233,0.0033824981554047614
6608,test,0,0.004065399523824453,0.01778535238663126,10.009115912639896,0.6484562134444756,0.0017727441522275053
6609,test,0,0.021457484923303127,0.01778535238663126,10.049171990559389,0.6484789471774915,-0.0006315501854654513
6610,test,0,0.014463452156633139,0.01778535238663126,10.0891330646298,0.6484542736170728,-0.0008257360574211431
6611,test,0,0.020466468296945095,0.01778535238663126,10.129073918026517,0.6483941888982027,-0.0028055205665360175
6612,test,0,0.016557103022933006,0.01778535238663126,10.16911966841537,0.6482506687462201,-0.0041867432504742
6613,test,0,0.026304714381694797,0.01778535238663126,10.209042016894216,0.6480822928723373,-0.005026226451968326
6614,test,0,0.01845437940210104,0.00921906056673414,10.249055443944059,0.6478429167393845,-0.007152302665569974
6615,test,0,0.030052881687879566,0.00921906056673414,10.289085847422218,0.6475459792474834,-0.007576834848694234
6616,test,0,0.03390151262283325,0.00921906056673414,10.328968185252927,0.6472282019741702,-0.00910677483629605
6617,test,0,0.0230846144258976,0.00921906056673414,10.369040335613281,0.6468414435095063,-0.010207980970275839
6618,test,0,0.02947411686182022,0.00921906056673414,10.408944931988449,0.6464549664597464,-0.009869480486255066
6619,test,0,0.03631187230348587,0.00921906056673414,10.448890290893061,0.6460491402490746,-0.010835894531735548
6620,test,0,0.03011537715792656,0.010720373142408316,10.488924174297466,0.6456200620027561,-0.01045910359904495
6621,test,0,0.03608721494674682,0.010720373142408316,10.528764336441917,0.6452160441440695,-0.010780232649112733
6622,test,0,0.020983107388019562,0.010720373142408316,10.568805720857634,0.6447786024419244,-0.011118163194729183
6623,test,0,0.027160290628671646,0.010720373142408316,10.608775103986478,0.6443733378354589,-0.009450456527377192
6624,test,0,0.03556355461478233,0.010720373142408316,10.64862029291651,0.6439924056921554,-0.009929536534799378
6625,test,0,0.03059926629066468,0.010720373142408316,10.688673081868604,0.6436080077077992,-0.009111123537704217
6626,test,0,0.02265678346157074,0.01191260573107889,10.728510499491456,0.6432887467189343,-0.008054317303050926
6627,test,0,0.02016985416412353,0.01191260573107889,10.768513299340297,0.6429770746061574,-0.007792929174957936
6628,test,0,0.02982822060585022,0.01191260573107889,10.80851838934639,0.6426998558912321,-0.0059034489622434745
6629,test,0,0.02047034353017807,0.01191260573107889,10.848351245724155,0.6424837366486242,-0.005621463976007736
6630,test,0,0.025803212076425552,0.01191260573107889,10.8884210434417,0.6422754259422744,-0.004870121423892166
6631,test,0,0.03114623576402665,0.01191260573107889,10.92829732420962,0.6421327138027314,-0.003304178698908315
6632,test,0,0.023254577070474628,0.0204364019936271,10.968261478502843,0.6420119094311237,-0.0031270042814959794
6633,test,0,0.029638411477208138,0.0204364019936271,11.008302335391225,0.6419049274743083,-0.002157833939057712
6634,test,0,0.020220525562763214,0.0204364019936271,11.048159140584263,0.6418417814690899,-0.0018527299753571937
6635,test,0,0.022736301645636562,0.0204364019936271,11.088212079209633,0.6417692060174849,-0.0018107864460336777
6636,test,0,0.02339775115251541,0.0204364019936271,11.128168167180625,0.6417394572388894,-0.00016434133531661758
6637,test,0,0.01962674036622047,0.0204364019936271,11.16806800882418,0.6417388993358926,-0.00022865123517327082
6638,test,0,0.015215976163744926,0.02303335083664147,11.208131765765941,0.6417438886387165,0.0006667647917319488
6639,test,0,0.020440921187400818,0.02303335083664147,11.248001821623578,0.6418125721620026,0.0018797033410622105
6640,test,0,0.019754543900489807,0.02303335083664147,11.288016178664385,0.6419022722801327,0.002399373950136637
6641,test,0,0.011509845033288005,0.02303335083664147,11.328022452705076,0.6420397162013178,0.004658359380270865
6642,test,0,0.006100812926888466,0.02303335083664147,11.36788426415511,0.6422568409204623,0.005794499264850608
6643,test,0,0.010740628466010094,0.02303335083664147,11.40795700825195,0.6425206030608962,0.007247269928554714
6644,test,0,0.004578718915581703,0.024440945081559088,11.447857842884712,0.6428693346328828,0.009505027957333413
6645,test,0,0.0012791799381375313,0.024440945081559088,11.487826641156394,0.643271976988748,0.010518314607176763
6646,test,0,0.02547440677881241,0.024440945081559088,11.527853094478854,0.6437406590086279,0.013344497526429001
6647,test,0,0.03963339375331998,0.024440945081559088,11.56768053728981,0.6443589452878006,0.017345874917823006
6648,test,0,0.046645503025501966,0.024440945081559088,11.607713895249526,0.6451608102602858,0.02333514114473318
6649,test,0,0.04094489989802241,0.024440945081559088,11.64758868035389,0.6462627384469956,0.03170794876786892
6650,test,0,0.03273792937397957,0.02505946096922392,11.687448029780878,0.6476660421519407,0.03815106551605348
6651,test,0,0.024333344772458076,0.02505946096922392,11.727457884111258,0.6492959876910359,0.04360006086187013
6652,test,0,0.022182412445545197,0.02505946096922392,11.767301354860383,0.6511227884403716,0.046317949840028634
6653,test,0,0.03067069873213768,0.02505946096922392,11.807294410627826,0.6529831617148532,0.04628216040753035
6654,test,0,0.022466883063316345,0.02505946096922392,11.847226893636998,0.6548677695894776,0.048345923074712416
6655,test,0,0.022552527487277985,0.02505946096922392,11.887072959503538,0.6567909905882212,0.047273644184755624
6656,test,0,0.02945290505886078,0.018114167136872618,11.927152811934132,0.6586437203815054,0.045170731322010764
6657,test,0,0.03422999754548073,0.018114167136872618,11.966966556817114,0.6604533506182397,0.044922257993504036
6658,test,0,0.03451102226972579,0.018114167136872618,12.006909460187865,0.6622508774712312,0.04514448546179607
6659,test,0,0.027526110410690308,0.018114167136872618,12.04688913796547,0.6640702668516364,0.04598661623289489
6660,test,0,0.026556104421615608,0.018114167136872618,12.086737054219693,0.6658953425871307,0.044427916058445246
6661,test,0,0.0265718474984169,0.018114167136872618,12.126801893857483,0.6676244019632911,0.04179766856746672
6662,test,0,0.02089948207139969,0.015518527873495055,12.166680459044589,0.6692886790036935,0.041067143744248365
6663,test,0,0.02240309864282608,0.015518527873495055,12.206604370995693,0.6708777384378783,0.03799743893867285
6664,test,0,0.02554510161280632,0.015518527873495055,12.246634686923908,0.6723319956841901,0.035091837165805585
6665,test,0,0.019136846065521247,0.015518527873495055,12.286515209006964,0.673680973142434,0.03178328454760489
6666,test,0,0.027731955051422126,0.015518527873495055,12.326575424891125,0.6748605880904932,0.026631519860273938
6667,test,0,0.04983415082097054,0.015518527873495055,12.366571231753662,0.6758874261909869,0.02532416551235933
6668,test,0,0.06141231954097748,0.0040343516672261045,12.406459311619717,0.6768951044877274,0.025369947722301344
6669,test,0,0.06875499151647091,0.0040343516672261045,12.446507821296231,0.6779640282634272,0.029185857739536955
6670,test,0,0.06512130238115788,0.0040343516672261045,12.4863339974357,0.6792625822269379,0.03515440143688717
6671,test,0,0.05788874626159668,0.0040343516672261045,12.526284390129288,0.6807377259061929,0.03817202219389077
6672,test,0,0.06373480334877968,0.0040343516672261045,12.56623702681931,0.6823306892392036,0.04197088414601116
6673,test,0,0.0638562235981226,0.0040343516672261045,12.606059918931555,0.6840619853329892,0.04412341784446514
6674,test,0,0.07056502625346184,0.009810407921149789,12.646100532215497,0.685870070513028,0.04648544549204479
6675,test,0,0.0608033612370491,0.009810407921149789,12.68592903461067,0.6878155226626734,0.05029524892453333
6676,test,0,0.04028218984603882,0.009810407921149789,12.725824034930048,0.6898376351045366,0.050193555690663354
6677,test,0,0.03748223930597305,0.009810407921149789,12.765824209456143,0.6918339835365278,0.05009811159009938
6678,test,0,0.05930205434560776,0.009810407921149789,12.8056697190726,0.6938286276174416,0.04897135310364132
6679,test,0,0.0624508745968342,0.009810407921149789,12.845690943324842,0.6957528982490107,0.046942454667308606
6680,test,0,0.06981519609689713,0.011865209846209304,12.885617895461468,0.6976307600689641,0.0471116618257736
6681,test,0,0.06884374842047691,0.011865209846209304,12.925484506876597,0.6994899374665757,0.045709581777984655
6682,test,0,0.03948496282100677,0.011865209846209304,12.965551178343322,0.7012827382644097,0.043739924454852495
6683,test,0,0.03549416735768318,0.011865209846209304,13.005383369180741,0.7029929065726721,0.04068050605862169
6684,test,0,0.04224766045808792,0.011865209846209304,13.045398297935014,0.7045105674978426,0.03467416598115197
6685,test,0,0.02494261413812636,0.011865209846209304,13.085396994701595,0.7057968209821525,0.029884097475685358
6686,test,0,0.026204332709312425,0.00803179477636047,13.125317386796956,0.7068538967323458,0.022184861645151432
6687,test,0,0.008119210600852973,0.00803179477636047,13.165448069960519,0.7075728926825555,0.013725195561979786
6688,test,0,0.02334103360772133,0.00803179477636047,13.20540711452479,0.7079846543343213,0.005529304175826531
6689,test,0,0.00903531163930893,0.00803179477636047,13.245470036253742,0.7079475098993291,-0.008220713464792676
6690,test,0,0.01781931519508362,0.00803179477636047,13.285505029074018,0.7073815243965184,-0.019284662502393798
6691,test,0,0.01113707572221756,0.013203290140270494,13.325528956507304,0.7064328732621149,-0.028138270090223887
6692,test,0,0.011757954023778439,0.013203290140270494,13.365607134703621,0.7051338364209755,-0.03622895684386669
6693,test,0,0.00289223901927471,0.013203290140270494,13.405586670874955,0.7035977054057662,-0.040274224835471426
6694,test,0,0.0027512554079294205,0.013203290140270494,13.44544641153631,0.7018959940524682,-0.04508944679988113
6695,test,0,0.005622055381536484,0.013203290140270494,13.485434827969021,0.7000403586983677,-0.04725981242086051
6696,test,0,0.020908862352371216,0.013203290140270494,13.525304574409784,0.6981490812318015,-0.04858516536584669
6697,test,0,0.036846455186605453,0.01370311486840919,13.565239563712936,0.6962209688017635,-0.04694926397548859
6698,test,0,0.049299925565719604,0.01370311486840919,13.605139418299636,0.6944634619390765,-0.040022656781497995
6699,test,0,0.04028528928756714,0.01370311486840919,13.644885000986637,0.6930337870993197,-0.03229585998615467
6700,test,0,0.0561797758564353,0.01370311486840919,13.684868733467878,0.6919054113425086,-0.024442004691109114
6701,test,0,0.014245839789509773,0.01370311486840919,13.724702001089806,0.6911257125322467,-0.01567821058654056
6702,test,0,0.007892781868577003,0.01370311486840919,13.764624030604281,0.690554513011141,-0.014653013382615517
6703,test,0,0.008504161611199379,0.014977351717500653,13.804636301147726,0.6899380024075579,-0.017019545858730424
6704,test,0,0.018529060296714306,0.014977351717500653,13.844575647428702,0.6891760543333941,-0.022319925958157003
6705,test,0,0.022266336251050234,0.014977351717500653,13.884654366890736,0.6881499430803384,-0.028891875483474157
6706,test,0,0.0227151630588196,0.014977351717500653,13.924642633529801,0.6869053155560446,-0.03340199252377833
6707,test,0,0.01921253278851509,0.014977351717500653,13.964527330180255,0.6854532170917712,-0.03952474416748997
6708,test,0,0.023884900845587254,0.014977351717500653,14.004533607148593,0.6837865794472764,-0.04349521608275684
6709,test,0,0.019510764628648758,0.016536356761061754,14.044403503230503,0.6820089087904158,-0.04649823900143015
6710,test,0,0.009081743657588959,0.016536356761061754,14.084384314571018,0.680098614055041,-0.04877017620457967
6711,test,0,0.001147715374827385,0.016536356761061754,14.124306954800833,0.6781794977808742,-0.0468653621694465
6712,test,0,0.003256650641560551,0.016536356761061754,14.164078947618874,0.6763607156356546,-0.04485276353075804
6713,test,0,0.0027410797774791718,0.016536356761061754,14.204046227499278,0.6746477615147919,-0.04045037156607107
6714,test,0,0.0008979756385087932,0.016536356761061754,14.243905047044061,0.6731566938734305,-0.03546443831389319
6715,test,0,0.005155162885785103,0.005906265841454414,14.283800875917768,0.6717881670422143,-0.033282588582729464
6716,test,0,0.0037521887570619566,0.005906265841454414,14.323765801460386,0.6705266685935376,-0.029680173462213473
6717,test,0,0.008575228275731206,0.005906265841454414,14.363580510428863,0.6694151496115236,-0.027149755096762172
6718,test,0,0.005193836288526654,0.005906265841454414,14.403601199295553,0.6683725824081695,-0.025220461305114805
6719,test,0,0.011015992611646652,0.005906265841454414,14.443534845158453,0.6674332838927098,-0.02236712508183556
6720,test,0,0.005603926256299021,0.005906265841454414,14.483385717729567,0.6665440769616593,-0.022475349656114377
6721,test,0,0.02165590412914753,0.012508462408108508,14.523410913750208,0.6656627435115942,-0.02150627360078068
6722,test,0,0.02249717339873314,0.012508462408108508,14.563250648684887,0.6648225432531463,-0.022166432848870092
6723,test,0,0.018595404922962185,0.012508462408108508,14.603271056767232,0.663905754062736,-0.023730895834639096
6724,test,0,0.009970464743673801,0.012508462408108508,14.643251032608694,0.6629704844278679,-0.02305901946801525
6725,test,0,0.013272296637296677,0.012508462408108508,14.683077131639307,0.6620441745317663,-0.023949761910593795
6726,test,0,0.005369419232010841,0.012508462408108508,14.723115294099685,0.6611011278619564,-0.02281191215181839
6727,test,0,0.016084276139736176,0.01492457055171476,14.762950498052858,0.6602723365931248,-0.01968921272982282
6728,test,0,0.021430423483252525,0.01492457055171476,14.802897262907956,0.6595455352158679,-0.01634868316027772
6729,test,0,0.03556399047374725,0.01492457055171476,14.842895232757206,0.6590124873872147,-0.009445125979466583
6730,test,0,0.02746722474694252,0.01492457055171476,14.882667913009259,0.6587744985016268,-0.0033906324680903393
6731,test,0,0.0189971961081028,0.01492457055171476,14.922705265932304,0.6587533394255027,0.0020827465441889503
6732,test,0,0.02427360974252224,0.01492457055171476,14.962586930275313,0.6589578116275192,0.0071177990195211175
6733,test,0,0.006774192210286856,0.021892605602326465,15.002508591286109,0.6592851777117485,0.008561139339703601
6734,test,0,0.0160512188449502,0.021892605602326465,15.042536065605725,0.6596532525922424,0.010038833457949621
6735,test,0,0.008788706734776497,0.021892605602326465,15.082427827455389,0.6600907192927898,0.010886983532079118
6736,test,0,0.009270303882658482,0.021892605602326465,15.122468891653002,0.6605209907381767,0.010372856743170187
6737,test,0,0.00016737496480345813,0.021892605602326465,15.162420506811166,0.6609638245601,0.011552532254263934
6738,test,0,0.03777870163321495,0.021892605602326465,15.202333272553433,0.6614133525925288,0.010401697793389173
6739,test,0,0.03724926710128784,0.01386360991386872,15.242382713783076,0.6618095963259668,0.009754111678196646
6740,test,0,0.006495928391814232,0.01386360991386872,15.282283909724876,0.6622193309921649,0.009821551051798886
6741,test,0,0.006174595328047872,0.01386360991386872,15.322290396661783,0.662580818886714,0.007944135893534666
6742,test,0,0.002418109215795994,0.01386360991386872,15.362270086933163,0.6628869373333492,0.007586570728840401
6743,test,0,0.005961576011031866,0.01386360991386872,15.402178283712788,0.6631723255053769,0.006028890311130801
6744,test,0,0.007932309992611408,0.01386360991386872,15.442258542262731,0.6633756171626816,0.004215274524085991
6745,test,0,0.009295364841818808,0.012696362722263349,15.482173941593471,0.6635615246505657,0.004286805101081294
6746,test,0,0.006944482680410147,0.012696362722263349,15.522138806347785,0.6637037549063717,0.0025029486949350397
6747,test,0,0.0015255901962518692,0.012696362722263349,15.56216432796342,0.663784690953756,0.0017238274126237887
6748,test,0,0.0034093533176928767,0.012696362722263349,15.602082684270917,0.6638439913827417,0.00041944049224769793
6749,test,0,0.007070917636156082,0.012696362722263349,15.642139147282322,0.6638211154161668,-0.0015473230852880225
6750,test,0,0.0030004698783159273,0.012696362722263349,15.682104106359915,0.6637633157798177,-0.0017639637526569195
6751,test,0,0.004519415553659201,0.01741425367983051,15.722039955121875,0.663663674814539,-0.0037507833746504896
6752,test,0,0.001259701792150735,0.01741425367983051,15.762100731947953,0.6634827978797307,-0.005179825198678919
6753,test,0,0.00674155872547999,0.01741425367983051,15.80202277664387,0.6632689024465043,-0.006343645936047686
6754,test,0,0.003799707861617208,0.01741425367983051,15.842040223403274,0.6629729324895862,-0.008585784615106843
6755,test,0,0.0054347701370716095,0.01741425367983051,15.882062556864833,0.6626156263280107,-0.009227851131769637
6756,test,0,0.002494724001735449,0.01741425367983051,15.921938883446916,0.6622247186226462,-0.011062858651417748
6757,test,0,0.0020518675446510315,0.021822404432794408,15.962014908797052,0.6617531910780737,-0.012535221026800599
6758,test,0,0.002254307270050049,0.021822404432794408,16.001911196729264,0.6612652611017623,-0.01272472867474791
6759,test,0,0.003680532332509756,0.021822404432794408,16.041859294686716,0.6607360714368621,-0.014110211417522465
6760,test,0,0.013618348166346552,0.021822404432794408,16.081895793712807,0.6601674293818602,-0.014184720779237905
6761,test,0,0.0020470893941819668,0.021822404432794408,16.121725127679266,0.6596038790262259,-0.015052875936266473
6762,test,0,0.004825119860470297,0.021822404432794408,16.16176835946812,0.6589880853054902,-0.015685519387989327
6763,test,0,0.007910074666142464,0.027379300663151564,16.20173401264441,0.6583968078391682,-0.014242342262569381
6764,test,0,0.0028644120320677757,0.027379300663151564,16.241569298012017,0.6578228620799754,-0.014674685091328283
6765,test,0,0.0004942580126225957,0.027379300663151564,16.281618954673732,0.6572539316008075,-0.013578650219676244
6766,test,0,0.005924964323639871,0.027379300663151564,16.321451762565815,0.6567571266840978,-0.012574767634056431
6767,test,0,0.0037457728758454323,0.027379300663151564,16.361454591714757,0.6562641787052726,-0.012226577614472356
6768,test,0,0.00298382854089141,0.027379300663151564,16.40145562192556,0.655814417773104,-0.010075053436003666
6769,test,0,0.0022621583193540573,0.031812921136224824,16.441266670332826,0.6554334511751531,-0.009702211903276723
6770,test,0,0.008919534739106894,0.031812921136224824,16.48133560788225,0.6550688898956384,-0.008464624684733987
6771,test,0,0.007651901338249445,0.031812921136224824,16.52117569040133,0.6547991005198861,-0.00622347080323533
6772,test,0,0.010656550526618958,0.031812921136224824,16.561122755513047,0.654578820516639,-0.004999621635648976
6773,test,0,0.012004364281892776,0.031812921136224824,16.601160219725525,0.6544239547436087,-0.0024594795394624457
6774,test,0,0.012656485254410654,0.031812921136224824,16.640973238801656,0.6543755342335104,-0.0008323354336033767
6775,test,0,0.01148097962141037,0.03899315211577075,16.681023799477423,0.654375165179188,0.0008609958517285514
6776,test,0,0.009995018597692251,0.03899315211577075,16.72095857199701,0.6544795300015706,0.0038239559848876736
6777,test,0,0.010257345857098699,0.03899315211577075,16.7608569360683,0.6546599770802775,0.004818667262388118
6778,test,0,0.004072565585374832,0.03899315211577075,16.80092608571151,0.6548830213040989,0.0063652588538660555
6779,test,0,0.008885858114808798,0.03899315211577075,16.84082152347956,0.655181574591685,0.007696109615645986
6780,test,0,0.011682313866913317,0.03899315211577075,16.880844873362648,0.6554911071960337,0.00753829021067906
6781,test,0,0.000994306057691574,0.03807473919112806,16.920821773302738,0.6558235531877576,0.00918718806345195
6782,test,0,0.0112066101282835,0.03807473919112806,16.960721951205105,0.6562034264436043,0.009156619442353329
6783,test,0,0.0015233582817018034,0.03807473919112806,17.000793006986726,0.6565683393854923,0.009218738786642424
6784,test,0,0.0047972481697797775,0.03807473919112806,17.040688890599128,0.65697599868081,0.010269659777139025
6785,test,0,0.0026610642671585083,0.03807473919112806,17.080672741064696,0.6573705029485415,0.009087595543049136
6786,test,0,5.55205624550581e-05,0.03807473919112806,17.120679912623245,0.6577329049669433,0.009421889667619377
6787,test,0,0.010057697072625162,0.02677849371919012,17.160575762684708,0.6581140201845576,0.008864328917429286
6788,test,0,0.009858069941401483,0.02677849371919012,17.200648768861164,0.658446132875648,0.007682341478868203
6789,test,0,0.004528990015387535,0.02677849371919012,17.240573879891716,0.6587810774560625,0.008511944413114375
6790,test,0,0.004876915365457535,0.02677849371919012,17.280514957550725,0.6591026460041444,0.007141593663449017
6791,test,0,0.0006476291455328465,0.02677849371919012,17.32054819658212,0.6593707949135416,0.006707088467759918
6792,test,0,0.00554884597659111,0.02677849371919012,17.360456408959216,0.6596460286065126,0.006163675033128366
6793,test,0,0.0027926303446292877,0.00800798756390002,17.40049863358035,0.6598630211129553,0.004510994901619156
6794,test,0,0.002611157950013876,0.00800798756390002,17.44047163273313,0.6600532484191729,0.005040673963663776
6795,test,0,0.0024137981235980988,0.00800798756390002,17.480386334451826,0.6602455856593665,0.004022697717357108
6796,test,0,0.00012753671035170598,0.00800798756390002,17.520445581897253,0.6603927372602968,0.0035041109491646236
6797,test,0,0.006977018900215626,0.00800798756390002,17.5603625329095,0.6605556706452894,0.0038679294032133104
6798,test,0,0.0016204379498958588,0.00800798756390002,17.60035995839807,0.6606872201484476,0.002437043454158343
6799,test,0,0.0045822313986718655,0.01005564198798122,17.6403711798375,0.660785968286478,0.0026810330599732752
6800,test,0,0.012306081131100653,0.01005564198798122,17.68027124318881,0.6609044353735943,0.002656523567688472
6801,test,0,0.00933872302994132,0.01005564198798122,17.720340683658346,0.6610078912496838,0.002570053040415421
6802,test,0,0.01029924862086773,0.01005564198798122,17.76025720597385,0.6611544834394316,0.004039623550373467
6803,test,0,0.010437105782330036,0.01005564198798122,17.800201021222396,0.661321649347277,0.003904164673747017
6804,test,0,0.004393280716612935,0.01005564198798122,17.840236671931525,0.6614899240341691,0.00460015887209641
6805,test,0,0.011143947020173071,0.01154619383524957,17.88013168102504,0.6617002438822278,0.005160958608897901
6806,test,0,0.027152169495821,0.01154619383524957,17.920172009033855,0.6619043497345583,0.004896315167968776
6807,test,0,0.03531705960631371,0.01154619383524957,17.960137099775626,0.6621353532197335,0.00645269646640493
6808,test,0,0.02570723369717598,0.01154619383524957,18.00004881634729,0.662402321387886,0.0063992420044207575
6809,test,0,0.06281339004635812,0.01154619383524957,18.040096001744523,0.6626628155304948,0.006722384263137135
6810,test,0,0.04115428403019905,0.01154619383524957,18.080006902542717,0.6629609546501873,0.007354686663179622
6811,test,0,0.06090833246707916,0.013762309253294993,18.120010108205197,0.6632394268243142,0.006331335369919642
6812,test,0,0.05201297998428345,0.013762309253294993,18.16000327055718,0.6635007882739262,0.006973359474256201
6813,test,0,0.060143791139125824,0.013762309253294993,18.1999021375435,0.6637871880304208,0.0066997409995927905
6814,test,0,0.037800397723913186,0.013762309253294993,18.239975921308794,0.6640455340564086,0.00628514354751863
6815,test,0,0.05729128420352936,0.013762309253294993,18.279886038829062,0.6643331582884164,0.007211618638289356
6816,test,0,0.05810822919011116,0.013762309253294993,18.31984909801625,0.6646031689546084,0.005878845899010037
6817,test,0,0.04882698506116867,0.01034646762553826,18.35987102204467,0.6648229330206257,0.005329484808118302
6818,test,0,0.04398500919342041,0.01034646762553826,18.39978826510131,0.6650238526251824,0.003820446059567908
6819,test,0,0.04090723022818566,0.01034646762553826,18.439851886612807,0.6651269640585789,0.0012698635821365213
6820,test,0,0.03570432960987092,0.01034646762553826,18.479812993479698,0.6651710361427158,0.0005126734597093967
6821,test,0,0.04403231292963028,0.01034646762553826,18.51975184684986,0.6651427781817894,-0.0023711773698273817
6822,test,0,0.02829962596297264,0.01034646762553826,18.559794355212205,0.6649968417930007,-0.004626345284561561
6823,test,0,0.0171971395611763,0.02130502654526712,18.59974571472856,0.6647875634130669,-0.006667727880839802
6824,test,0,0.014945648610591888,0.02130502654526712,18.639775257198977,0.6644495267437589,-0.010394672522965671
6825,test,0,0.014806678052991629,0.02130502654526712,18.67978548677399,0.6639927209814684,-0.01256209163172649
6826,test,0,0.01467159390449524,0.02130502654526712,18.719692611490625,0.6634314797131942,-0.01616164554560536
6827,test,0,0.023827959783375263,0.02130502654526712,18.759775800497202,0.6627123156838396,-0.01971069789166317
6828,test,0,0.028524832800030712,0.02130502654526712,18.799689993268974,0.6618990715084807,-0.02181312478508112
6829,test,0,0.017202616669237614,0.010691513506589784,18.839638314309454,0.6609653189349188,-0.025128279231460163
6830,test,0,0.02878084778785706,0.010691513506589784,18.879659069808557,0.6599276244601451,-0.026550510713867524
6831,test,0,0.01513964030891657,0.010691513506589784,18.91951116429073,0.6588509011401079,-0.028380933100313047
6832,test,0,0.018208362162113186,0.010691513506589784,18.959542374249242,0.6576878013201847,-0.02961733683245862
6833,test,0,0.022303607314825065,0.010691513506589784,18.999495634881427,0.6565317508505361,-0.028271000315730634
6834,test,0,0.014912972226738926,0.010691513506589784,19.039318882862815,0.6554093068875163,-0.028175762749090123
6835,test,0,0.00985683687031269,0.0073703687682127395,19.079337764670893,0.6543225911995428,-0.025724091774242442
6836,test,0,0.0013245884329080582,0.0073703687682127395,19.119157636322683,0.6533839357812022,-0.022474611638027633
6837,test,0,0.004284508526325229,0.0073703687682127395,19.159137140993312,0.6525447875528484,-0.019387245083062273
6838,test,0,0.0006025712937116623,0.0073703687682127395,19.199112582787876,0.651867099123797,-0.014286508739996264
6839,test,0,0.00855464302003384,0.0073703687682127395,19.238913820005727,0.6513709479545694,-0.011451275329786547
6840,test,0,0.014622516930103302,0.0073703687682127395,19.278975130484657,0.650969408430554,-0.00880095897722166
6841,test,0,0.015154790133237839,0.00950593322090321,19.318814325467734,0.6506892143557593,-0.006715893294380215
6842,test,0,0.009900385048240423,0.00950593322090321,19.35877282050673,0.6504282243462062,-0.0068300689381915625
6843,test,0,0.017488451674580574,0.00950593322090321,19.39880531141767,0.6501646698434645,-0.006523479595191974
6844,test,0,0.029463843442499638,0.00950593322090321,19.438685758392346,0.6498952477245891,-0.007822845260038678
6845,test,0,0.051399651914834976,0.00950593322090321,19.478755215665217,0.6495289641701786,-0.010777270015881562
6846,test,0,0.052431460469961166,0.00950593322090321,19.51874735421056,0.6490599886761965,-0.013547831565317144
6847,test,0,0.06509139388799667,0.01847762866691624,19.558722638655567,0.648400270360533,-0.020049071482819987
6848,test,0,0.009152552112936972,0.01847762866691624,19.5988083240897,0.6474783988616579,-0.02568163321127527
6849,test,0,0.009917328134179119,0.01847762866691624,19.638700681743924,0.6463694457453444,-0.03063654677765582
6850,test,0,0.02641174988821149,0.01847762866691624,19.678733986702117,0.6450298541429088,-0.03644428966525159
6851,test,0,0.03190104605164379,0.01847762866691624,19.718729641545526,0.6434770773687145,-0.0414254048152056
6852,test,0,0.021870587021112442,0.01847762866691624,19.758594844824028,0.6416874371055722,-0.04893581299888235
6853,test,0,0.014862180687487127,0.02645762973373427,19.79860461257827,0.6396102486610563,-0.05423622319203584
6854,test,0,0.0007439469918608665,0.02645762973373427,19.838504082634525,0.6374020874374675,-0.05632432393577807
6855,test,0,0.006850121542811394,0.02645762973373427,19.878378055230865,0.6351270978346504,-0.05692775807984372
6856,test,0,0.01666346378624439,0.02645762973373427,19.918287696045592,0.6329000274964793,-0.054536023844376565
6857,test,0,0.029939822852611542,0.02645762973373427,19.958094396693596,0.6307618267698695,-0.054008815804241966
6858,test,0,0.03567958250641823,0.02645762973373427,19.998072399673266,0.6285971943064227,-0.054826565804410136
6859,test,0,0.03121152613312006,0.042416655943071195,20.03799394184832,0.6263876209797624,-0.056484286088441735
6860,test,0,0.026141609996557236,0.042416655943071195,20.077845113666054,0.6240373325561921,-0.06183434660447138
6861,test,0,0.030099961906671524,0.042416655943071195,20.117776255472037,0.6215020786817442,-0.0645112610829062
6862,test,0,0.046483971178531654,0.042416655943071195,20.15760612497126,0.6188998708256498,-0.06711670821487241
6863,test,0,0.0028758742846548557,0.042416655943071195,20.197548046560808,0.6161478974976521,-0.07063232291228824
6864,test,0,0.041629187762737274,0.042416655943071195,20.237423880410184,0.6133167850143232,-0.07100849463874909
6865,test,0,0.0023969579488039017,0.050642511832292306,20.277203482105538,0.6104698712117933,-0.0725449073117348
6866,test,0,0.00965146906673908,0.050642511832292306,20.31710228124061,0.607567848378138,-0.07241484044181498
6867,test,0,0.0020675016567111007,0.050642511832292306,20.356948433291418,0.604719381932422,-0.07102895004924484
6868,test,0,0.004071170464158058,0.050642511832292306,20.3967817272754,0.6018835231465993,-0.0710640680978857
6869,test,0,0.00895987078547478,0.050642511832292306,20.436647951460685,0.5990883269818619,-0.068865324232842
6870,test,0,0.007605738937854767,0.050642511832292306,20.476439570244754,0.5963914513916113,-0.06733962357724016
6871,test,0,0.0031314026564359682,0.059754345512598527,20.51636018828308,0.5937558593378113,-0.06409624891658361
6872,test,0,0.001683337613940239,0.059754345512598527,20.556220490547812,0.5913081819486335,-0.05913532696373378
6873,test,0,0.005849011242389679,0.059754345512598527,20.596025161051806,0.5889852325744334,-0.05781276769825096
6874,test,0,0.008849293924868107,0.059754345512598527,20.635954594602847,0.5867206365865879,-0.055433812290883136
6875,test,0,0.005432860925793648,0.059754345512598527,20.675751592400335,0.5845836322538527,-0.052824046805103955
6876,test,0,0.01555927656590939,0.059754345512598527,20.715695262603713,0.5825409469075029,-0.049061366102063575
6877,test,0,0.018878324888646603,0.04938788127313125,20.75559174904375,0.5807183078803,-0.04194845603152305
6878,test,0,0.00949038378894329,0.04938788127313125,20.795380141209467,0.5791534660377354,-0.037132178300480094
6879,test,0,0.01191026158630848,0.04938788127313125,20.83537917972105,0.577769444596641,-0.031966981702193704
6880,test,0,0.016337227076292038,0.04938788127313125,20.87518687632707,0.5765955459467733,-0.028884683507861216
6881,test,0,0.00799897313117981,0.04938788127313125,20.91515248419405,0.5754818170562344,-0.02679251040846699
6882,test,0,0.009582743048667908,0.04938788127313125,20.955126301491752,0.574471676970555,-0.023946702178502755
6883,test,0,0.009909477084875107,0.019874679911673757,20.994986077776648,0.5735160105638142,-0.025582211251643353
6884,test,0,0.01073406171053648,0.019874679911673757,21.03505443777653,0.5724426261589256,-0.028115505750331383
6885,test,0,0.001525865402072668,0.019874679911673757,21.074949530104,0.5713408349561682,-0.027399953052914393
6886,test,0,5.6609977036714554e-05,0.019874679911673757,21.114844379313844,0.5702388735126772,-0.028084425519189063
6887,test,0,0.002993473317474127,0.019874679911673757,21.154863470937297,0.5691319197033178,-0.026863677035078953
6888,test,0,0.00572196952998638,0.019874679911673757,21.194679677088242,0.5681001727327186,-0.025962225010901292
6889,test,0,0.00459820544347167,0.019522123965364378,21.234696137913545,0.5670944427377775,-0.023884449247883372
6890,test,0,0.004230346996337175,0.019522123965364378,21.274649472548717,0.5662190550936004,-0.020409172403339438
6891,test,0,0.026210260577499866,0.019522123965364378,21.31447589452147,0.5654168191415377,-0.02057826470377221
6892,test,0,0.03195125516504049,0.019522123965364378,21.35454611522955,0.5645654502533903,-0.02295241083308643
6893,test,0,0.030864588916301727,0.019522123965364378,21.3944358640784,0.5635864692620342,-0.02703473399727692
6894,test,0,0.03303728625178337,0.019522123965364378,21.43444567819035,0.5624269181826645,-0.030721645281065156
6895,test,0,0.021746428683400154,0.01681482151297312,21.474447137585663,0.5611712718164172,-0.03187133796080172
6896,test,0,0.012133914977312088,0.01681482151297312,21.514256195515365,0.5598749545860174,-0.033507551988114004
6897,test,0,0.0045078229159116745,0.01681482151297312,21.554295831842403,0.5585422193357726,-0.03275353416233602
6898,test,0,0.05538139306008816,0.01681482151297312,21.594150013884068,0.557310066194539,-0.029917764539724438
6899,test,0,0.044809818267822266,0.01681482151297312,21.634048874924773,0.5561558498843621,-0.027842345037976952
6900,test,0,0.03832786902785301,0.01681482151297312,21.674053938767955,0.5551266460508631,-0.022847890673549708
6901,test,0,0.02642107009887694,0.018391018752519226,21.713801347496833,0.5543375712563056,-0.01748427872041945
6902,test,0,0.01911395788192749,0.018391018752519226,21.75380701998652,0.5537729864465774,-0.010141365987997518
6903,test,0,0.0054732076823711465,0.018391018752519226,21.793710881752215,0.5535721435490205,-3.947265979567347e-05
6904,test,0,0.013840008527040482,0.018391018752519226,21.83351042238551,0.5537359582635293,0.008320632354631452
6905,test,0,0.00025682523846626976,0.018391018752519226,21.87358450746706,0.5542242267528013,0.016102742462469562
6906,test,0,0.005389325320720673,0.018391018752519226,21.91336484457761,0.5550230772911017,0.022830462723122655
6907,test,0,0.025219202041625977,0.015187812313024624,21.953336903634785,0.5560466141419701,0.028549501027297676
6908,test,0,0.033903297036886215,0.015187812313024624,21.993309178942972,0.557323885901337,0.035495377408182156
6909,test,0,0.023602155968546867,0.015187812313024624,22.03311693419125,0.5588501954599345,0.04073778235227739
6910,test,0,0.028704270720481873,0.015187812313024624,22.073174222211364,0.5605738461347197,0.04572378874109542
6911,test,0,0.030004415661096573,0.015187812313024624,22.112968021927102,0.5625251567567431,0.05136765181187874
6912,test,0,0.02482133731245994,0.015187812313024624,22.15285931251199,0.5646481192811409,0.05459016904152795
6913,test,0,0.06189288944005966,0.010921270175627346,22.192862443157654,0.5668881061496698,0.058194120634754556
6914,test,0,0.01736796461045742,0.010921270175627346,22.2326297391204,0.5692658790976525,0.060292556131073025
6915,test,0,0.0023235427215695372,0.010921270175627346,22.272637559988553,0.571701285212334,0.060695364309045825
6916,test,0,0.005681746639311314,0.010921270175627346,22.312521361189912,0.5741471803071838,0.062079112137097936
6917,test,0,0.008054655976593494,0.010921270175627346,22.35236050830659,0.5766353812239725,0.06233233307836245
6918,test,0,0.018830396234989166,0.010921270175627346,22.39242049493722,0.5791345399574206,0.06264903437615015
6919,test,0,0.021862022578716278,0.032157994807024026,22.432172536915715,0.5816547284096567,0.06312155017383703
6920,test,0,0.02513845264911652,0.032157994807024026,22.472131476540273,0.5841690241236862,0.0621735928295611
6921,test,0,0.01755348592996597,0.032157994807024026,22.512088091659773,0.5866467315015707,0.06203689550674756
6922,test,0,0.027086108922958374,0.032157994807024026,22.551893995571085,0.5890955386049813,0.060528146492581814
6923,test,0,0.020369738340377808,0.032157994807024026,22.59195732432,0.5914944055805255,0.059197831971960976
6924,test,0,0.022343270480632782,0.032157994807024026,22.631763554403012,0.5938528308578817,0.058462202597024844
6925,test,0,0.02234034240245819,0.04444706548643549,22.671688858034635,0.5961492701741817,0.05607651909718244
6926,test,0,0.011098388582468033,0.04444706548643549,22.71171258636911,0.5983417657026874,0.05397791792134574
6927,test,0,0.00873140431940556,0.04444706548643549,22.751536791645336,0.6004412360400188,0.05052595672209913
6928,test,0,0.009609071537852284,0.04444706548643549,22.791603729848667,0.6023923460469652,0.046625467741171295
6929,test,0,0.014076789841055874,0.04444706548643549,22.831522628466033,0.604214109560579,0.04420268061782363
6930,test,0,0.015105037018656727,0.04444706548643549,22.871430733739896,0.6059143708556457,0.040875752078265624
6931,test,0,0.030351031571626663,0.04895644468634287,22.91149798985267,0.6075102302792094,0.03941508339977584
6932,test,0,0.056689068675041206,0.04895644468634287,22.951339640790664,0.6090815870292609,0.03857867937480781
6933,test,0,0.028064582496881485,0.04895644468634287,22.99136241447051,0.6105970924974855,0.036869436036790194
6934,test,0,0.016655974090099335,0.04895644468634287,23.03134071145166,0.6120688021478286,0.03691686182018996
6935,test,0,0.05715810507535935,0.04895644468634287,23.07121075873496,0.6135183383847626,0.035332034236701164
6936,test,0,0.016988418996334076,0.04895644468634287,23.111310059133725,0.6148996509014187,0.03369220697851577
6937,test,0,0.02178677916526795,0.04396137778565542,23.15116486139169,0.6162452784324945,0.03258016285482543
6938,test,0,0.006350791081786152,0.04396137778565542,23.191155608526792,0.6174871506214257,0.02913490499234094
6939,test,0,0.000955505296587944,0.04396137778565542,23.2311811041051,0.6185923291213962,0.02635367094884489
6940,test,0,0.016922708600759506,0.04396137778565542,23.271074781707206,0.6195669095710059,0.021841753871742572
6941,test,0,0.014398070052266117,0.04396137778565542,23.311180755040578,0.620351408000162,0.01764898865502799
6942,test,0,0.012956736609339714,0.04396137778565542,23.35108881569271,0.6210472055937383,0.016711215183913043
6943,test,0,0.013707472011446956,0.03436574669627124,23.391040525969782,0.6216792377365661,0.01469711106895747
6944,test,0,0.025831229984760284,0.03436574669627124,23.431059208423008,0.6222477609433917,0.014488016621676795
6945,test,0,0.023668207228183746,0.03436574669627124,23.470948628002507,0.6228330716787602,0.013982615894087847
6946,test,0,0.025107264518737793,0.03436574669627124,23.511001382069708,0.6233679548191581,0.012509997253182224
6947,test,0,0.03698940947651863,0.03436574669627124,23.55094381608406,0.6238768466417919,0.012631515455892903
6948,test,0,0.044162508100271225,0.03436574669627124,23.59086288029181,0.6243332002446458,0.009606000576473428
6949,test,0,0.05176582187414169,0.022876814597085838,23.630942359771666,0.6246413742780429,0.005961236731431862
6950,test,0,0.0022101122885942476,0.022876814597085838,23.67085407772439,0.6248378466612764,0.0029864056760226915
6951,test,0,9.726174175739462e-05,0.022876814597085838,23.710878585079044,0.6248817546583201,-0.0007948016533654594
6952,test,0,0.00620125699788332,0.022876814597085838,23.750892321260334,0.6248143062377107,-0.002166624882429795
6953,test,0,0.034057509154081345,0.022876814597085838,23.79080598437953,0.6247069672743366,-0.003702969219751712
6954,test,0,0.03432836383581162,0.022876814597085838,23.83089249847624,0.6245401128868182,-0.004627598902956137
6955,test,0,0.02797967568039894,0.010906186962979092,23.87077551740179,0.6243926843198288,-0.0034175437234258642
6956,test,0,0.03240406513214111,0.010906186962979092,23.91072127593848,0.6242766039608693,-0.0026301076949883984
6957,test,0,0.0362263061106205,0.010906186962979092,23.95077806873714,0.6242132206738115,-8.007269725772652e-05
6958,test,0,0.035846203565597534,0.010906186962979092,23.990585177801567,0.6242709401956097,0.002122651507361379
6959,test,0,0.0272960951551795,0.010906186962979092,24.03062630109472,0.6243973414258129,0.004174868922983295
6960,test,0,0.024924722500145435,0.010906186962979092,24.070582913233828,0.6246380354423189,0.007585122641290316
6961,test,0,0.02606860920786858,0.01651066755197134,24.110459774033476,0.624982095180283,0.009306080152505782
6962,test,0,0.03444547578692436,0.01651066755197134,24.150525558115774,0.6253953530077666,0.011484609698350332
6963,test,0,0.0430800449103117,0.01651066755197134,24.190399325766855,0.6259222238083426,0.014098112653334511
6964,test,0,0.04323470406234264,0.01651066755197134,24.23039822597605,0.626518415528661,0.015594548033811363
6965,test,0,0.03071669116616249,0.01651066755197134,24.27038452525829,0.6271975553816022,0.01863693591025454
6966,test,0,0.04683404043316841,0.01651066755197134,24.310257347486147,0.6279800920826412,0.019846598395741752
6967,test,0,0.04120640642940998,0.005684435298259864,24.3503366357136,0.6287976664604713,0.021301965097708146
6968,test,0,0.05595929920673371,0.005684435298259864,24.39018532956757,0.6297336449600733,0.024724551785498136
6969,test,0,0.04598429054021835,0.005684435298259864,24.430125530076005,0.6307573102570448,0.026304308964886315
6970,test,0,0.07220123894512653,0.005684435298259864,24.470123431320552,0.6318564778594953,0.029570963743181786
6971,test,0,0.077957384288311,0.005684435298259864,24.509945577674028,0.6331259263285284,0.033675843420185834
6972,test,0,0.021844763890840113,0.005684435298259864,24.549968383331812,0.6345562644616938,0.03805361339614595
6973,test,0,0.03852515108883381,0.00574737486292962,24.58984604677019,0.6361959241659786,0.043720188305358974
6974,test,0,0.03912089206278324,0.00574737486292962,24.629694387745232,0.6380137249052643,0.047146798788990904
6975,test,0,0.0025270935148000682,0.00574737486292962,24.669752757995166,0.6399630060911119,0.05043958392502023
6976,test,0,0.024534968659281734,0.00574737486292962,24.70948097567772,0.6420841903811948,0.05567361549945476
6977,test,0,0.03337610885500908,0.00574737486292962,24.749393879851407,0.6444350322837143,0.06269926484465267
6978,test,0,0.014787081629037857,0.00574737486292962,24.789288039297233,0.6471120122314745,0.07249920865535764
6979,test,0,0.00028268992900849776,0.009054867597690515,24.828940235167682,0.6502039270578505,0.08324537308274582
6980,test,0,0.008203506469726562,0.009054867597690515,24.86885091702854,0.6537612319809453,0.09554915109783726
6981,test,0,0.038803674280643456,0.009054867597690515,24.908434391731568,0.6578281875000309,0.11082774863150902
6982,test,0,0.06465956568717957,0.009054867597690515,24.947972789962353,0.6625873166194333,0.12916601428670618
6983,test,0,0.03801807761192322,0.009054867597690515,24.987629689169232,0.6681063517856747,0.14875091404944976
6984,test,0,0.025076203048229218,0.009054867597690515,25.02673993030503,0.67440289917419,0.17046042706708164
6985,test,0,0.03664587438106537,0.03919521803289509,25.065993779541362,0.681613209055476,0.19312966466957887
6986,test,0,0.07285056263208389,0.03919521803289509,25.10500920250815,0.6896728672945751,0.21406166519240855
6987,test,0,0.039886847138404846,0.03919521803289509,25.14370143378474,0.6985574155344573,0.23711525548789153
6988,test,0,0.05445516109466553,0.03919521803289509,25.1823440008465,0.708363472521372,0.25941317664027147
6989,test,0,0.015580505132675171,0.03919521803289509,25.220685462146303,0.718970262504345,0.28045677211854014
6990,test,0,0.010982654988765717,0.03919521803289509,25.25885790330571,0.7303857113869846,0.29988073974409807
6991,test,0,0.018614895641803755,0.10761605873624104,25.29681034927197,0.7424706858263272,0.3168179386954034
6992,test,0,0.02063610404729843,0.10761605873624104,25.334535732623376,0.7552405060897195,0.3365445048202809
6993,test,0,0.0039857327938079695,0.10761605873624104,25.371915888572,0.7687514364063318,0.3564020950535343
6994,test,0,0.027522660791873932,0.10761605873624104,25.4091817250376,0.7830451958240422,0.37670510792387507
6995,test,0,0.04724361002445221,0.10761605873624104,25.446011703533763,0.7981032965387467,0.39934601905393663
6996,test,0,0.022709228098392487,0.10761605873624104,25.482454877247537,0.8139305563908195,0.4195149475018587
6997,test,0,0.09855926036834714,0.09496337313262045,25.51886328363172,0.8305800276285601,0.4393447976670112
6998,test,0,0.06269499659538269,0.09496337313262045,25.55458391267829,0.8478393097870586,0.461037398581202
6999,test,0,0.08910752087831497,0.09496337313262045,25.590080831032044,0.8659493481000611,0.4821503365564319
7000,test,0,0.12410223484039307,0.09496337313262045,25.62530359810326,0.8848262674739005,0.5027709953269518
7001,test,0,0.15269668400287628,0.09496337313262045,25.659805381142526,0.904325057823223,0.5264851485358013
7002,test,0,0.09570877254009247,0.09496337313262045,25.694048366170637,0.9248203922973698,0.5533393568644942
7003,test,0,0.07788395881652832,0.08658170561068203,25.72746941437246,0.9461636842648029,0.5848842355738734
7004,test,0,0.1014360636472702,0.08658170561068203,25.76006034876072,0.9686716083800982,0.6254737672721878
7005,test,0,0.11311206221580511,0.08658170561068203,25.791649080199445,0.9925128973162363,0.6674814168196558
7006,test,0,0.1257125735282898,0.08658170561068203,25.822262766792427,1.017726142609349,0.7112718891139986
7007,test,0,0.009730756282806396,0.08658170561068203,25.85155682748969,1.0441791728234053,0.7574565107787138
7008,test,0,0.02933982014656067,0.09606467049777345,25.87963277300237,1.0720461006103312,0.8081093395714819
7009,test,0,0.013746261596679688,0.09606467049777345,25.906266487751623,1.1014810807145645,0.8635562921383635
7010,test,0,0.04140198230743408,0.09606467049777345,25.93099393597182,1.1320956429978737,0.9179651922557945
7011,test,0,0.013918206095695496,0.09606467049777345,25.954291168468156,1.1641650634499987,0.9656579598513995
7012,test,0,0.0092655420303345,0.11758609552020718,25.97612561323271,1.1972167100904558,1.0081579143619717
7013,test,0,0.012709662318229675,0.11758609552020718,25.996498068495974,1.2311494747706226,1.0519271992319967
7014,test,0,0.019043996930122403,0.11758609552020718,26.01533629736176,1.2658312640184615,1.0944882849731408
7015,test,0,0.03792862594127652,0.11758609552020718,26.03283061932613,1.3015622596222367,1.1365226553016436
7016,test,0,0.017805859446525574,0.11758609552020718,26.04878191710506,1.3377868778031379,1.1742459050072382
7017,test,0,0.03163762390613559,0.11758609552020718,26.06351204249601,1.3746595473453311,1.2060501956401977
7018,test,0,0.04963318258523938,0.0721647849256094,26.077243609875765,1.4121597810938777,1.2330320520050846
7019,test,0,0.05157000571489334,0.0721647849256094,26.089934324013146,1.4497262269883449,1.2557047587434822
7020,test,0,0.056159764528274564,0.0721647849256094,26.101911668933344,1.487808182098861,1.2761295505460473
7021,test,0,0.06903448700904843,0.0721647849256094,26.113166865856876,1.5260325991019628,1.291991767883322
7022,test,0,0.08599908649921417,0.0721647849256094,26.123812613836783,1.5643825598741836,1.307359141157651
7023,test,0,0.07917002588510513,0.0721647849256094,26.13395472796793,1.6029676104483248,1.3191354781417395
7024,test,0,0.12617574632167816,0.032439224743959064,26.14364811344115,1.641633640540712,1.3313611044000528
7025,test,0,0.11525203287601471,0.032439224743959064,26.152837350371232,1.6804655057647682,1.3453692298432245
7026,test,0,0.11217251420021057,0.032439224743959064,26.161499124444912,1.7193166527904173,1.3578625710110193
7027,test,0,0.09706898778676984,0.032439224743959064,26.16961840087198,1.7583409574908584,1.373681981792643
7028,test,0,0.1507914885878563,0.032439224743959064,26.177091553902514,1.7974074906797575,1.388788676577325
7029,test,0,0.15167793631553653,0.032439224743959064,26.18404019174655,1.8367379823432086,1.4031181592830413
7030,test,0,0.13391585648059842,0.012472111613902857,26.190395337250415,1.8760991373499065,1.417594809347889
7031,test,0,0.13204421103000644,0.012472111613902857,26.196225383244432,1.9154205459464542,1.4299311073563628
7032,test,0,0.13143693655729297,0.012472111613902857,26.201569239403668,1.955067531994965,1.44416226130587
7033,test,0,0.17223116010427475,0.012472111613902857,26.206280790032892,1.9945103520509537,1.4584629822028807
7034,test,0,0.22738038748502726,0.012472111613902857,26.210504081074788,2.0342150954033773,1.4712437462598258
7035,test,0,0.22967486456036568,0.012472111613902857,26.214215415316787,2.0740135218260978,1.4841214633980362
7036,test,0,0.22347178310155869,0.029037101478761058,26.21744745404949,2.113630227929956,1.4943564945214556
7037,test,0,0.22557085379958153,0.029037101478761058,26.22032269973046,2.1536001265576057,1.5040883882623615
7038,test,0,0.303169135004282,0.029037101478761058,26.222780228592462,2.193343396566836,1.5132795508055326
7039,test,0,0.30491042137145996,0.029037101478761058,26.224904319429335,2.2331946583466196,1.5217072922281207
7040,test,0,0.29971493408083916,0.029037101478761058,26.226722110555492,2.273262557580065,1.5298722481458336
7041,test,0,0.3093274459242821,0.029037101478761058,26.228182212508827,2.312978414951199,1.5380513969867142
7042,test,0,0.27814470231533056,0.04870401681522204,26.229310342650052,2.3529921359429475,1.5479254876210504
7043,test,0,0.2577410116791725,0.04870401681522204,26.23001401643583,2.392871395572486,1.5598869114708909
7044,test,0,0.1591598093509674,0.04870401681522204,26.230060542097974,2.432612657211905,1.580577323649948
7045,test,0,0.17913517355918884,0.04870401681522204,26.229169050145803,2.472537966067149,1.6069585820060008
7046,test,0,0.20700469613075256,0.04870401681522204,26.22721644464777,2.512171519467998,1.6325937168892266
7047,test,0,0.14813920855522156,0.04870401681522204,26.224231645529827,2.551858553124809,1.6598790544523265
7048,test,0,0.11002472043037409,0.01796372433339344,26.220131881270856,2.5913101313694673,1.6896323236929902
7049,test,0,0.07794539630413061,0.01796372433339344,26.21476759565465,2.630674852752131,1.7233965968312783
7050,test,0,0.1410316526889801,0.01796372433339344,26.208014212443334,2.669763323515301,1.7604911077941323
7051,test,0,0.03046897053718567,0.01796372433339344,26.199822398358446,2.7086689835333466,1.796127127807942
7052,test,0,0.0714668482542038,0.01796372433339344,26.190219244968024,2.74716804638645,1.8348448879841526
7053,test,0,0.137367382645607,0.01796372433339344,26.179297627598643,2.7852970890663467,1.861409637924431
7054,test,0,0.0802762508392334,0.06460382913169894,26.167446925448687,2.8235362220496913,1.8816068468249587
7055,test,0,0.015720732510089847,0.06460382913169894,26.154912906389235,2.8611885272685753,1.9032746292432303
7056,test,0,0.09724274277687073,0.06460382913169894,26.14148562036648,2.8986821489850074,1.9263411682926546
7057,test,0,0.05548635125160217,0.06460382913169894,26.12719702289706,2.9360142636025035,1.9459154790784015
7058,test,0,0.04981347173452379,0.06460382913169894,26.112330901946496,2.9728009924128735,1.9627775022433849
7059,test,0,0.07729493081569672,0.06460382913169894,26.09677467099176,3.0096633363697625,1.9774911791620662
7060,test,0,0.032798029482364655,0.08197949251377042,26.08080346410372,3.0461096016861995,1.990278288012504
7061,test,0,0.03223085403442383,0.08197949251377042,26.06432638137955,3.0823885912458766,2.00371125900458
7062,test,0,0.004044909030199051,0.08197949251377042,26.04734450351518,3.118574630857983,2.014891312669285
7063,test,0,0.03570760786533356,0.08197949251377042,26.030051080359318,3.1543924677855673,2.0261030927291594
7064,test,0,0.08893761038780211,0.08197949251377042,26.012282181614196,3.190184214482975,2.0366767895202043
7065,test,0,0.05649595335125922,0.08197949251377042,25.994230882587996,3.225792157174555,2.042617496030124
7066,test,0,0.029985375702381134,0.07240973552670686,25.97599388011316,3.261199483461295,2.049949973229371
7067,test,0,0.06489138677716255,0.07240973552670686,25.957459219447102,3.2965883170638155,2.0557224352485086
7068,test,0,0.03311621770262718,0.07240973552670686,25.93876907113733,3.3318179358029982,2.061876254675637
7069,test,0,0.06470068916678429,0.07240973552670686,25.91979923086679,3.3669527956813528,2.069853359745283
7070,test,0,0.037956319749355316,0.07240973552670686,25.900596400155017,3.4019456594367377,2.0750562841677422
7071,test,0,0.07192181795835495,0.07240973552670686,25.88122000404346,3.4367873182059183,2.081590866543761
7072,test,0,0.0578894317150116,0.04985038992550983,25.86160309621701,3.471547726243133,2.086226335797427
7073,test,0,0.0870298743247986,0.04985038992550983,25.841846389003372,3.506308118581502,2.0889052791064797
7074,test,0,0.13013628870248795,0.04985038992550983,25.822003692868638,3.5409032033099916,2.094179945927434
7075,test,0,0.13176357746124265,0.04985038992550983,25.801996163071017,3.5754267795832635,2.0970526944785397
7076,test,0,0.09311266243457794,0.04985038992550983,25.781871396874386,3.6099239153698415,2.101239640106407
7077,test,0,0.09574926644563675,0.04985038992550983,25.761594302117953,3.644272927222501,2.1059689872895744
7078,test,0,0.1180262379348278,0.025114863519035045,25.741153398769416,3.6786209230880575,2.109141864502931
7079,test,0,0.11680258810520172,0.025114863519035045,25.720602348801926,3.712826404116174,2.1146910568806487
7080,test,0,0.0999176502227783,0.025114863519035045,25.69988727596701,3.7469024811994895,2.1182511799734205
7081,test,0,0.12359669804573059,0.025114863519035045,25.679007424408894,3.7810269637286162,2.121888449226596
7082,test,0,0.11651916801929471,0.025114863519035045,25.65801875532193,3.814917722647398,2.127993001084571
7083,test,0,0.1299038901925087,0.025114863519035045,25.63684459507772,3.8487389291774594,2.132405158974335
7084,test,0,0.12841451168060303,0.029460356472240507,25.615461160277253,3.8824866036646593,2.1395425916295023
7085,test,0,0.08295505866408348,0.029460356472240507,25.59387677760612,3.915954963730433,2.146633867775847
7086,test,0,0.11909986287355426,0.029460356472240507,25.571986763879465,3.9494334345123763,2.153494010650574
7087,test,0,0.10769413784146309,0.029460356472240507,25.54988049208129,3.9826264200619557,2.162899451297626
7088,test,0,0.12048204243183133,0.029460356472240507,25.527531633481885,4.015585438384042,2.170333048265243
7089,test,0,0.08885009586811066,0.029460356472240507,25.50481545958465,4.048556299394589,2.178452748022737
7090,test,0,0.11981932073831555,0.029460356472240507,25.481956968648163,4.081110280878699,2.1860684552827783
7091,test,0,0.09547761082649228,0.054883907953267405,25.458790858336744,4.113676846859715,2.192260915488069
7092,test,0,0.0781011879444122,0.054883907953267405,25.435380520872155,4.1460834219091645,2.2012886569408163
7093,test,0,0.09245796501636505,0.054883907953267405,25.411771571283513,4.178074345238074,2.2122951707330114
7094,test,0,0.05441358685493469,0.054883907953267405,25.387611244791223,4.20999752635134,2.2261117397185513
7095,test,0,0.08503022789955142,0.054883907953267405,25.363110864967833,4.241361968193857,2.2418585111313027
7096,test,0,0.05800243094563483,0.054883907953267405,25.338112069677678,4.272393788755821,2.255374774665579
7097,test,0,0.1244608648121357,0.054883907953267405,25.312606094030162,4.303330719744578,2.265775540806847
7098,test,0,0.08186336606740952,0.06944638041766761,25.28703258145979,4.333740386012626,2.2730123796581063
7099,test,0,0.14482676610350612,0.06944638041766761,25.261597673480267,4.363903843262428,2.2715043847282606
7100,test,0,0.06835330277681351,0.06944638041766761,25.235832967740986,4.394416358600293,2.272869724427459
7101,test,0,0.1586991436779499,0.06944638041766761,25.210042356176874,4.424828113554082,2.2751986746881543
7102,test,0,0.0944212656468153,0.06944638041766761,25.18400921836917,4.455402393548635,2.277387331468865
7103,test,0,0.11953960731625557,0.06944638041766761,25.158134016747415,4.485652338734285,2.278931891200254
7104,test,0,0.03419863432645798,0.06944638041766761,25.132460783543756,4.515403696029127,2.28529669697825
7105,test,0,0.05028557032346726,0.08751298669192843,25.106191838318505,4.545664536721391,2.286229690471281
7106,test,0,0.009116148576140404,0.08751298669192843,25.080013647576536,4.575717156656431,2.2881549738407903
7107,test,0,0.045638846233487136,0.08751298669192843,25.053608247049613,4.605929792796869,2.2903125927724077
7108,test,0,0.009540293365716934,0.08751298669192843,25.027307060499304,4.635903900655779,2.2920797295246245
7109,test,0,0.07764109969139099,0.08751298669192843,25.000887897277558,4.665847780818404,2.29497515621825
7110,test,0,0.010879341512918472,0.08751298669192843,24.97430509081051,4.695866969688347,2.2963602645519443
7111,test,0,0.04887890815734864,0.08751298669192843,24.947846239885198,4.725614055455686,2.2985032126938187
7112,test,0,0.005660140421241522,0.09632386497826366,24.921169915647212,4.755509133615462,2.300041127210212
7113,test,0,0.06423565745353699,0.09632386497826366,24.89454306581831,4.78529038582638,2.300393389628527
7114,test,0,0.08290871232748032,0.09632386497826366,24.867925445654972,4.815018367416602,2.3016952777828754
7115,test,0,0.05949017405509949,0.09632386497826366,24.841121321150403,4.844890932828963,2.3020732025523847
7116,test,0,0.04073520936071872,0.09632386497826366,24.814530796884682,4.874522399757784,2.3020366661008484
7117,test,0,0.034100517630577094,0.09632386497826366,24.7877954755471,4.904306680665039,2.302384974133799
7118,test,0,0.012947745621204376,0.09632386497826366,24.76105513104011,4.934101406689046,2.3015287449307644
7119,test,0,0.04758973047137259,0.08362351064942326,24.734459974198476,4.963806312542228,2.299782590401398
7120,test,0,0.07276923954486848,0.08362351064942326,24.707764646712764,4.993801933327105,2.2957790295679206
7121,test,0,0.045899197459220886,0.08362351064942326,24.681378125414447,5.023736153025866,2.2907086907705265
7122,test,0,0.07399389892816544,0.08362351064942326,24.65506918522092,5.0538566042896145,2.2868082385453783
7123,test,0,0.042779967188835144,0.08362351064942326,24.62878016577919,5.084193466412557,2.2829407263624897
7124,test,0,0.019288457930088043,0.08362351064942326,24.60279620011882,5.1143975057280535,2.279057332533284
7125,test,0,0.022905312478542328,0.08362351064942326,24.576763663544117,5.144928247496769,2.274193338816133
7126,test,0,0.005124261602759361,0.02070355474822081,24.550990623183026,5.175489074911084,2.2688253489369474
7127,test,0,0.04056383669376373,0.02070355474822081,24.525391476931865,5.206154096051283,2.26398258552892
7128,test,0,0.010391211137175562,0.02070355474822081,24.499773329298833,5.23709353049808,2.2616792509998787
7129,test,0,0.049713285639882095,0.02070355474822081,24.47441082827444,5.267787487338235,2.2607974983017565
7130,test,0,0.020536664873361588,0.02070355474822081,24.448927756131383,5.298670748256585,2.2607865838199572
7131,test,0,0.019786694087088108,0.02070355474822081,24.423434430019668,5.329486476571886,2.264227839545019
7132,test,0,0.040217794477939606,0.02070355474822081,24.397892587447796,5.3600461849713845,2.2699766466822147
7133,test,0,0.0544652899261564,0.02418298138075147,24.371980997075127,5.390655759315956,2.277512081336936
7134,test,0,0.10582809522747993,0.02418298138075147,24.346005043414486,5.420808255829218,2.2871574714054823
7135,test,0,0.060508727096021175,0.02418298138075147,24.31962232305595,5.450727405079225,2.3002536385492727
7136,test,0,0.09439453110098839,0.02418298138075147,24.29275740807267,5.480390253334342,2.313961788413006
7137,test,0,0.12448008731007576,0.02418298138075147,24.265668520573403,5.509420437816972,2.328756333939795
7138,test,0,0.10576686263084412,0.02418298138075147,24.237963822332915,5.538254493703017,2.3440171204637736
7139,test,0,0.09185885451734066,0.02418298138075147,24.209964192226447,5.566553691225143,2.3579686427792823
7140,test,0,0.11582694202661514,0.048632560409870226,24.181546582012526,5.594446595258713,2.37268060459712
7141,test,0,0.08157091215252876,0.048632560409870226,24.15268121697746,5.622061765181066,2.382638890664626
7142,test,0,0.077930873259902,0.048632560409870226,24.123660622297137,5.649373478126472,2.3898837781493287
7143,test,0,0.07709093019366264,0.048632560409870226,24.097639299144987,5.672683038096317,2.417705912827895
7144,test,0,0.1256148498505354,0.048632560409870226,24.067683389930107,5.699081315179303,2.4198986304023693
7145,test,0,0.048834655433893204,0.048632560409870226,24.037707857804357,5.7253679818366905,2.4230670728327652
7146,test,0,0.04969911836087704,0.048632560409870226,24.007590582961672,5.751639526162919,2.4243412030142446
7147,test,0,0.04613497853279114,0.0705967524195469,23.977495004968443,5.777875439765682,2.4248960834088176
7148,test,0,0.08490067720413208,0.0705967524195469,23.947334289291106,5.80410974331703,2.426052090860049
7149,test,0,0.0003284565173089504,0.0705967524195469,23.917183991851303,5.83033536712397,2.4245325007671625
7150,test,0,0.06549064815044403,0.0705967524195469,23.887108740299798,5.8565542488105855,2.4246902039700777
7151,test,0,0.00012560421600937757,0.0705967524195469,23.856940055655294,5.882837926572729,2.4242170260012332
7152,test,0,0.053288932889699936,0.0705967524195469,23.82686794675066,5.909124378423563,2.4224680777112435
7153,test,0,0.021187335252761844,0.0705967524195469,23.796819479052726,5.935417394211868,2.4225971649882183
7154,test,0,0.04996844008564948,0.07552140330781672,23.7667480531521,5.961758001877197,2.4209447633274985
7155,test,0,0.02488586492836475,0.07552140330781672,23.736771993978987,5.988100725784632,2.4205021560828563
7156,test,0,0.04315426014363765,0.07552140330781672,23.706705483838313,6.014502608977246,2.4213862222107188
7157,test,0,0.014134414494037628,0.07552140330781672,23.676691436422434,6.040849160942478,2.4207816805088376
7158,test,0,0.04569827765226364,0.07552140330781672,23.646693977675316,6.067126161624992,2.4236417041170557
7159,test,0,0.0005694916471838951,0.07552140330781672,23.61655738096445,6.093372613713815,2.4255615705525084
7160,test,0,0.05934656783938408,0.07552140330781672,23.586420962356986,6.119544446626999,2.427617341555947
7161,test,0,0.02484375983476638,0.054806443999404486,23.556168778040433,6.145645643787274,2.4320569864845583
7162,test,0,0.042852392420172705,0.054806443999404486,23.525843172985304,6.171599583523672,2.4349055816353466
7163,test,0,0.07388751953840256,0.054806443999404486,23.495435979928676,6.197415903041006,2.4408735167298503
7164,test,0,0.1252014301717281,0.054806443999404486,23.46483319819703,6.223034548531238,2.4476054669943315
7165,test,0,0.11535676568746567,0.054806443999404486,23.434051460774654,6.248496917001573,2.4531640858666073
7166,test,0,0.1007374748587608,0.054806443999404486,23.40315303551907,6.273696652432419,2.462074342536019
7167,test,0,0.08256310224533081,0.054806443999404486,23.3720753313009,6.2985838811196775,2.4703796405200262
7168,test,0,0.08221257477998734,0.07883131475493063,23.34069408742808,6.323224219396783,2.4824231262982495
7169,test,0,0.03471276164054869,0.07883131475493063,23.309039912396933,6.34733483157187,2.498478580437836
7170,test,0,0.0695764496922493,0.07883131475493063,23.2769529051563,6.370987976771214,2.514645501854119
7171,test,0,0.03118853271007538,0.07883131475493063,23.24444416323447,6.394096729706029,2.532956797151736
7172,test,0,0.008268803358077989,0.07883131475493063,23.211670730387556,6.416503979777655,2.5500478664794564
7173,test,0,0.00941622257232666,0.07883131475493063,23.178296361030707,6.438485476098448,2.5689992832499313
7174,test,0,0.0022480227053165505,0.07883131475493063,23.144645566660085,6.4596748535292505,2.589857084488956
7175,test,0,0.029625400900840773,0.10062645901284861,23.110570752184042,6.480280446077693,2.603934681173039
7176,test,0,0.003283325582742691,0.10062645901284861,23.076026194158747,6.500625605434619,2.6154423503264
7177,test,0,0.01374460756778717,0.10062645901284861,23.04156371592064,6.52037575001883,2.626346769733649
7178,test,0,0.019237589091062546,0.10062645901284861,23.006667700527302,6.539928175045637,2.6351553662472185
7179,test,0,0.001182084903120998,0.10062645901284861,22.971649347806157,6.5592016799414665,2.641824501493903
7180,test,0,0.03025484457612037,0.10062645901284861,22.936626081482725,6.578201981755709,2.6467994681918254
7181,test,0,0.02240794897079467,0.08956358892181625,22.901280085773028,6.5971893364034,2.650581987124288
7182,test,0,0.020375944674015045,0.08956358892181625,22.866134078401913,6.615904922178044,2.6541574234397385
7183,test,0,0.019622348248958588,0.08956358892181625,22.83077590168841,6.634556862831835,2.6581897795677762
7184,test,0,0.015782184898853302,0.08956358892181625,22.795273946315426,6.653103169859172,2.6626318577895964
7185,test,0,0.032236840575933456,0.08956358892181625,22.7599016263747,6.671338132058888,2.6683794920272303
7186,test,0,0.045285698026418686,0.08956358892181625,22.72417685127661,6.689498449682967,2.6746874010681063
7187,test,0,0.0455895212944597,0.08193650753598665,22.68852941060516,6.707327246550334,2.6811762318905963
7188,test,0,0.04428570345044136,0.08193650753598665,22.652726450775926,6.724899950749825,2.689522906838671
7189,test,0,0.06749769859015942,0.08193650753598665,22.616631100996194,6.742250970824041,2.6976617449860845
7190,test,0,0.056256639771163464,0.08193650753598665,22.580628166499583,6.759182128616145,2.7059332720716642
7191,test,0,0.05464113410562277,0.08193650753598665,22.544291102431675,6.775912731200569,2.7144891493739034
7192,test,0,0.10719262436032294,0.08193650753598665,22.507898675274355,6.792318488387573,2.7213113304552987
7193,test,0,0.08336180821061134,0.05548966233192776,22.471466843525985,6.80841111700049,2.7297662922232373
7194,test,0,0.08350855112075806,0.05548966233192776,22.434741865678927,6.82428886759877,2.7366788862647153
7195,test,0,0.11494410410523413,0.05548966233192776,22.398081348403327,6.8398691578571755,2.7425664614606586
7196,test,0,0.10387486964464189,0.05548966233192776,22.36121508490998,6.855281331628783,2.7485284186657664
7197,test,0,0.1451508216559887,0.05548966233192776,22.324285705843906,6.8705017591962845,2.7521574607875445
7198,test,0,0.11591840535402298,0.05548966233192776,22.287377776214402,6.885531192461819,2.7574098217219585
7199,test,0,0.12527548894286156,0.027817778827179493,22.2502417604761,6.900433580808448,2.761933019261709
7200,test,0,0.14801820367574692,0.027817778827179493,22.213187182487392,6.915169312492126,2.764309507138642
7201,test,0,0.13334739580750465,0.027817778827179493,22.176037104349557,6.929805885241412,2.7680656193982904
7202,test,0,0.14473840221762654,0.027817778827179493,22.138816162636136,6.944339217079572,2.7695436815536825
7203,test,0,0.19887220486998555,0.027817778827179493,22.10163167129328,6.95880560296627,2.7715598443941802
7204,test,0,0.13924283906817436,0.027817778827179493,22.064307771469345,6.973229854747945,2.773669310635563
7205,test,0,0.15778180584311483,0.009732771239751716,22.027063519871852,6.987586771032628,2.773420295649632
7206,test,0,0.15347707271575928,0.009732771239751716,21.989816727640385,7.00190762412705,2.7753680258071594
7207,test,0,0.2004778049886227,0.009732771239751716,21.952498357095813,7.016186271997715,2.775952941262402
7208,test,0,0.19206459447741508,0.009732771239751716,21.915199252534546,7.030442710697165,2.7772520083086905
7209,test,0,0.25945109501481056,0.009732771239751716,21.877825935228184,7.044627321159073,2.78062323995278
7210,test,0,0.25277886539697647,0.009732771239751716,21.840484865675265,7.058668413980389,2.7830074228198662
7211,test,0,0.2420533411204815,0.045642710105887246,21.803092071862224,7.07256125910918,2.7890774522282364
7212,test,0,0.3005624823272228,0.045642710105887246,21.765590577865904,7.086188006372649,2.7963709351355246
7213,test,0,0.31772683560848236,0.045642710105887246,21.727965119437687,7.0995449528394445,2.8049302775873275
7214,test,0,0.32674193382263184,0.045642710105887246,21.690260254698554,7.112468219045814,2.8185189303212383
7215,test,0,0.34518541395664215,0.045642710105887246,21.652517576949407,7.12478967180347,2.833973465456029
7216,test,0,0.31431228667497635,0.045642710105887246,21.614391424318164,7.136483696289171,2.854991364176999
7217,test,0,0.32865916937589645,0.09770985247983208,21.576201528106395,7.147250421158952,2.8777054777140023
7218,test,0,0.33787548542022705,0.09770985247983208,21.53763838902997,7.1572229576979565,2.899321981391947
7219,test,0,0.29918962717056274,0.09770985247983208,21.49879388028756,7.166328800370555,2.9243079300035446
7220,test,0,0.3168388232588768,0.09770985247983208,21.45998203101416,7.174413114954278,2.947257268550947
7221,test,0,0.32172492146492004,0.09770985247983208,21.42068795217638,7.181712422709305,2.9687332727489144
7222,test,0,0.2918739914894104,0.09770985247983208,21.381423143255052,7.188140605873725,2.9903303224053617
7223,test,0,0.31778205931186676,0.17079419977720695,21.3420137057557,7.193775247676184,3.0075031567984145
7224,test,0,0.3344178795814514,0.17079419977720695,21.3022708593989,7.198852086119612,3.0224546393068925
7225,test,0,0.31263379752635956,0.17079419977720695,21.26281511211879,7.203255968738575,3.0386260990473626
7226,test,0,0.3203050345182419,0.17079419977720695,21.223043952645295,7.207038814771473,3.054737866909435
7227,test,0,0.3336939513683319,0.17079419977720695,21.18326553094951,7.210213779601196,3.0692525875028474
7228,test,0,0.30049480497837067,0.17079419977720695,21.143591230809573,7.212737730734544,3.087099220542759
7229,test,0,0.3026659786701202,0.27648542999691095,21.10369781994242,7.214594133234911,3.101985390260963
7230,test,0,0.2957085929811001,0.27648542999691095,21.06385450807597,7.215980505720502,3.1101606263128727
7231,test,0,0.303085021674633,0.27648542999691095,21.02390126692298,7.2171272564674815,3.114711091127435
7232,test,0,0.32012045383453375,0.27648542999691095,20.98391942614516,7.218188041464331,3.114164402023896
7233,test,0,0.31544841825962067,0.27648542999691095,20.94400955608037,7.219292995608384,3.113293216990938
7234,test,0,0.3281509354710579,0.27648542999691095,20.903976298311914,7.220439221286676,3.11191249816454
7235,test,0,0.3195976354181767,0.3909719644201913,20.864071605066954,7.221684546179109,3.1091322505042327
7236,test,0,0.31677245721220965,0.3909719644201913,20.8241312364767,7.222984613617975,3.1087722482535782
7237,test,0,0.3230147920548916,0.3909719644201913,20.78416718647635,7.224317359398386,3.106741381538934
7238,test,0,0.3095673695206642,0.3909719644201913,20.744270899155065,7.225739349396891,3.1049673568931127
7239,test,0,0.31549338996410364,0.3909719644201913,20.70424035196038,7.227243002640387,3.102534445361884
7240,test,0,0.3235388398170471,0.3909719644201913,20.664306310775874,7.228904673027579,3.096988080102592
7241,test,0,0.31684054806828504,0.5019897322876957,20.62440910974454,7.2307560653214065,3.0933051822932045
7242,test,0,0.3408405184745789,0.5019897322876957,20.584413162957546,7.232763567860825,3.08850784025878
7243,test,0,0.31739702448248863,0.5019897322876957,20.54453624870569,7.234976362504676,3.0839690516070517
7244,test,0,0.31818962842226023,0.5019897322876957,20.504573203743362,7.2373428800583595,3.0806803322585874
7245,test,0,0.33727068826556206,0.5019897322876957,20.46464454652225,7.23986511057144,3.075576656688013
7246,test,0,0.33182595670223236,0.5019897322876957,20.424830838091083,7.242537874164634,3.073909637157627
7247,test,0,0.3374547380954027,0.6077087822609772,20.38483910038988,7.245235398114294,3.0748162385909943
7248,test,0,0.32170127518475056,0.6077087822609772,20.34506618432017,7.247860224873806,3.077158538408623
7249,test,0,0.31637838296592236,0.6077087822609772,20.305207225999464,7.250329722351466,3.08238138027276
7250,test,0,0.3279954567551613,0.6077087822609772,20.265287519858827,7.252607089436633,3.0860504795044252
7251,test,0,0.3123472314327955,0.6077087822609772,20.225476244257468,7.254724707454508,3.090852265064894
7252,test,0,0.31499907374382025,0.6077087822609772,20.185492335276095,7.256656576065956,3.0955582454560036
7253,test,0,0.3221814669668674,0.7150406384938246,20.14561006816743,7.258448638539757,3.0972867951040133
7254,test,0,0.3076713439077139,0.7150406384938246,20.105741706747303,7.2601431596041,3.100755873851245
7255,test,0,0.32725460827350616,0.7150406384938246,20.06579246736431,7.2617336210665,3.101412269372235
7256,test,0,0.3171690180897712,0.7150406384938246,20.02588436034882,7.2633432191550735,3.1008348783390516
7257,test,0,0.3118033446371555,0.7150406384938246,19.985900601266643,7.264965362164381,3.100998234797104
7258,test,0,0.32790855318307877,0.7150406384938246,19.945959210463265,7.266625737956178,3.098251735967299
7259,test,0,0.31906982883810997,0.8211330514733822,19.90607503190145,7.268373162133767,3.0973067954030977
7260,test,0,0.32862485200166697,0.8211330514733822,19.866067949241696,7.270150012119178,3.0964227979928656
7261,test,0,0.3152537979185581,0.8211330514733822,19.82619698730858,7.2719938389818255,3.0944206186875785
7262,test,0,0.31110215559601784,0.8211330514733822,19.786261456263514,7.273885388311102,3.093778522036424
7263,test,0,0.32377105206251144,0.8211330514733822,19.74631340022819,7.275843653187974,3.0902760551156314
7264,test,0,0.3135625943541526,0.8211330514733822,19.70644653407344,7.277946041165738,3.087318461147837
7265,test,0,0.3182310834527015,0.9314950968966488,19.66642413527752,7.280178602758702,3.0839646873687165
7266,test,0,0.32297348976135254,0.9314950968966488,19.626547767611356,7.282589605969759,3.078180862329761
7267,test,0,0.3199646174907685,0.9314950968966488,19.586682665147674,7.2851908399577585,3.074613118814426
7268,test,0,0.3414325639605522,0.9314950968966488,19.546724026422908,7.287938654069962,3.0703339506391383
7269,test,0,0.32723813503980637,0.9314950968966488,19.506904792227715,7.290846165990449,3.0672129044008978
7270,test,0,0.3264496214687825,0.9314950968966488,19.466978357665973,7.2938375198596805,3.0665278744914213
7271,test,0,0.015106312930583954,0.02256692045084242,19.427123242095995,7.296842909002848,3.065732483241827
7272,test,0,0.2991024777293205,0.02256692045084242,19.387357963411567,7.299811929145365,3.0686623234715773
7273,test,0,0.2837677039206028,0.02256692045084242,19.347397116243208,7.302650855268521,3.0726485929321634
7274,test,0,0.3017482683062553,0.02256692045084242,19.307642224559313,7.305305070977513,3.0778795385775077
7275,test,0,0.2508983351290226,0.02256692045084242,19.267791800552757,7.307669947686568,3.0877513065134146
7276,test,0,0.30184648931026453,0.02256692045084242,19.227919357531718,7.309604627084769,3.098318322251383
7277,test,0,0.24827880039811134,0.20390831993016953,19.188118636273853,7.311092698184213,3.109692475503327
7278,test,0,0.1896079257130623,0.20390831993016953,19.14816261781477,7.312143841775789,3.120219748558283
7279,test,0,0.2810118719935417,0.20390831993016953,19.10832070791683,7.3127871636728,3.1327985732911245
7280,test,0,0.2829840779304505,0.20390831993016953,19.06853462580499,7.31271839219395,-3.1285399237803486
7281,test,0,0.29234581813216204,0.20390831993016953,19.028722537406082,7.311815422738886,-3.110894048330567
7282,test,0,0.32605127245187765,0.20390831993016953,18.988797607421116,7.310327314188971,-3.0987453283902595
7283,test,0,0.3387348875403404,0.3116843232024167,18.948906818780404,7.3084674282786395,-3.0936252044039665
7284,test,0,0.23851128295063972,0.3116843232024167,18.90895842398767,7.306576864310722,-3.0959408967452973
7285,test,0,0.21654140576720238,0.3116843232024167,18.869080214726342,7.3047883878394195,-3.097795511689254
7286,test,0,0.17374179884791371,0.3116843232024167,18.829123463494636,7.303094592597838,-3.1016539410559636
7287,test,0,0.2718709446489811,0.3116843232024167,18.789130550051453,7.301574711320205,-3.104823953985878
7288,test,0,0.3139600567519665,0.3116843232024167,18.749224863239977,7.300104219935647,-3.1049516383121363
7289,test,0,0.053078208118677125,0.35393989357534,18.709281010068924,7.298644626362568,-3.1054632310456824
7290,test,0,0.15674059092998502,0.35393989357534,18.66939944014804,7.2971483477203725,-3.101644390681168
7291,test,0,0.12341215461492536,0.35393989357534,18.629508254176816,7.295430943848601,-3.0961605283146705
7292,test,0,0.15794497355818748,0.35393989357534,18.58958100149393,7.293516747674452,-3.09045459488564
7293,test,0,0.04321341589093208,0.35393989357534,18.549789443485835,7.291275893538965,-3.0797435838495373
7294,test,0,0.02202030643820762,0.35393989357534,18.510018340677153,7.288600728868422,-3.069584386372682
7295,test,0,0.008209649473428726,0.38042764914857835,18.47018556947998,7.285502026176417,-3.057461964433792
7296,test,0,0.03296634182333946,0.38042764914857835,18.430538409980706,7.2818731502021565,-3.044288957405602
7297,test,0,0.08912844955921173,0.38042764914857835,18.390830078492634,7.27780078462423,-3.034782790270815
7298,test,0,0.0908399447798729,0.38042764914857835,18.351144762837528,7.2733504500734005,-3.0244232967999323
7299,test,0,0.12035583332180975,0.38042764914857835,18.311621645490074,7.268515989048538,-3.0166041451757106
7300,test,0,0.14197983592748642,0.38042764914857835,18.271897961745204,7.263404367553685,-3.0104866392001433
7301,test,0,0.1608530879020691,0.3356900430748024,18.232405764313665,7.258033640037663,-3.002866624561247
7302,test,0,0.23282561823725698,0.3356900430748024,18.192918655575234,7.252390165517066,-2.996460441339505
7303,test,0,0.2682550176978111,0.3356900430748024,18.153297128419254,7.246451982372987,-2.9878310802239145
7304,test,0,0.3320600986480713,0.3356900430748024,18.11404766143169,7.240149321403366,-2.977485740580927
7305,test,0,0.32968769967556005,0.3356900430748024,18.074648150217794,7.233403386113743,-2.9659717053650185
7306,test,0,0.324232280254364,0.3356900430748024,18.035354697551433,7.226167761131417,-2.951599702552485
7307,test,0,0.31555305421352386,0.22997767363159013,17.996368322356428,7.218380235608668,-2.937300897611849
7308,test,0,0.31787510216236115,0.22997767363159013,17.957185237300614,7.209987740578748,-2.9233570797657933
7309,test,0,0.3103877678513527,0.22997767363159013,17.918430126268888,7.20111852607323,-2.909726113858738
7310,test,0,0.31103228032588953,0.22997767363159013,17.879656210256208,7.191701468111461,-2.8974455581903724
7311,test,0,0.325744055211544,0.22997767363159013,17.84083695102017,7.1818336441158515,-2.8876704724370703
7312,test,0,0.3198083154857158,0.22997767363159013,17.802445603165626,7.171644293141393,-2.877201089394096
7313,test,0,0.31573197245597845,0.08131597345685367,17.76385652079475,7.16098712524341,-2.8666261704053926
7314,test,0,0.30731987208127975,0.08131597345685367,17.72556918703656,7.149992324720429,-2.857265982301601
7315,test,0,0.30951553955674177,0.08131597345685367,17.687357612614267,7.13862545432197,-2.8479879190534256
7316,test,0,0.3229424096643924,0.08131597345685367,17.64907588153511,7.126895070740067,-2.8411614025754544
7317,test,0,0.31499985232949257,0.08131597345685367,17.611121715984392,7.114994583824732,-2.834535840680086
7318,test,0,0.316051959991455,0.08131597345685367,17.573039954457606,7.10278137941828,-2.827892768731069
7319,test,0,0.3274007253348828,0.0936948184216053,17.535058870680665,7.090354019422508,-2.823398652528564
7320,test,0,0.3193054609000683,0.0936948184216053,17.497300290221887,7.0777652148290064,-2.816311634603908
7321,test,0,0.33909429609775543,0.0936948184216053,17.45944436283872,7.064847450316247,-2.809547092795246
7322,test,0,0.31816882640123373,0.0936948184216053,17.421826559285616,7.051723139000097,-2.801740324755265
7323,test,0,0.3199417144060135,0.0936948184216053,17.384263769537274,7.038233342284918,-2.7915877743574744
7324,test,0,0.3341142497956753,0.0936948184216053,17.346822558861586,7.024372877385384,-2.7828317727430285
7325,test,0,0.3306967318058014,0.2830654872925079,17.30961053551525,7.010178338337797,-2.771283369955928
7326,test,0,0.3478047177195549,0.2830654872925079,17.272531817537725,6.995477694483518,-2.756994131903226
7327,test,0,0.33723291754722595,0.2830654872925079,17.235663233605305,6.980227749192166,-2.741115190275681
7328,test,0,0.32799265533685684,0.2830654872925079,17.199204597346654,6.964351871225558,-2.720045944255846
7329,test,0,0.3339634835720062,0.2830654872925079,17.163118054842087,6.947694376581264,-2.698269960080547
7330,test,0,0.32612334191799164,0.2830654872925079,17.127274904820617,6.9301489892390205,-2.673799466403472
7331,test,0,0.33886463940143585,0.49164502377550967,17.09214070973808,6.911768553344316,-2.64585940653164
7332,test,0,0.2951834797859192,0.49164502377550967,17.057457247788925,6.89236652739197,-2.6166857437310167
7333,test,0,0.31989458203315735,0.49164502377550967,17.023209309649477,6.8718482157202665,-2.584878950091093
7334,test,0,0.31981442868709564,0.49164502377550967,16.98999772057486,6.850408705956286,-2.551430971941675
7335,test,0,0.3243355304002762,0.49164502377550967,16.95730826515772,6.827682393084629,-2.5167040084753203
7336,test,0,0.32603320479393005,0.49164502377550967,16.92550225806135,6.803909070398296,-2.482309806173678
7337,test,0,0.2970087379217148,0.7193193420681757,16.89466378650336,6.779068353484235,-2.4441508684796975
7338,test,0,0.3789176493883133,0.7193193420681757,16.86480550879664,6.752981518178656,-2.4022432649829453
7339,test,0,0.34250717330724,0.7193193420681757,16.8361743896496,6.725640600662267,-2.3529859581725963
7340,test,0,0.24238258600234985,0.7193193420681757,16.8093518950831,6.696913973038891,-2.2886583126061804
7341,test,0,0.2632858455181122,0.8770473436910154,16.784604037308117,6.666399969711376,-2.2132896193560048
7342,test,0,0.33888283371925354,0.8770473436910154,16.762277337520565,6.633926380617731,-2.1317409161152043
7343,test,0,0.34318313002586365,0.8770473436910154,16.74285584442319,6.600089551009622,-2.053461595483035
7344,test,0,0.33812323212623596,0.9886536865756057,16.72593785803961,6.564670140280151,-1.9807695970898662
7345,test,0,0.3550123870372771,0.9886536865756057,16.711461351907644,6.528005051586068,-1.9144152011640547
7346,test,0,0.3532758951187134,0.9886536865756057,16.699210090296265,6.490276436780195,-1.8558558200356525
7347,test,0,0.2875348627567291,0.9886536865756057,16.689123842776855,6.452223182726957,-1.8059358132690273
7348,test,0,0.3058479130268096,1.136250307789112,16.680790884698823,6.413418236082855,-1.75863175283103
7349,test,0,0.33944828808307637,1.136250307789112,16.67419340612982,6.374317260658335,-1.7188691492941814
7350,test,0,0.3227764517068863,1.136250307789112,16.669087874171293,6.335014990171762,-1.6820987076916478
7351,test,0,0.3061304986476898,1.136250307789112,16.665324025598352,6.295515610200993,-1.6507398069830836
7352,test,0,0.279855340719223,1.136250307789112,16.662722840353396,6.2557335044042315,-1.6216482402521393
7353,test,0,0.2775565758347512,1.136250307789112,16.661296588918706,6.216142963796702,-1.5932368537362693
7354,test,0,0.30276194959878916,1.332221036382596,16.66090150629453,6.17635826361956,-1.5690520262591394
7355,test,0,0.3308750465512276,1.332221036382596,16.661430045924472,6.136387169560304,-1.545328903416249
7356,test,0,0.31827764213085175,1.332221036382596,16.662907394524897,6.096787527865081,-1.5223871689671622
7357,test,0,0.3032606318593026,1.332221036382596,16.665294103183598,6.056930896268743,-1.4994750174779576
7358,test,0,0.31785279512405396,1.332221036382596,16.6685636672635,6.017212073730796,-1.4768758543840912
7359,test,0,0.31985924392938614,1.332221036382596,16.67274998169038,5.97771093536598,-1.4535272813408793
7360,test,0,0.116464763879776,0.044760543165864024,16.6778809208576,5.938040322374137,-1.4302646501467462
7361,test,0,0.3141776993870735,0.044760543165864024,16.68388879170186,5.898860672156421,-1.4069202271182875
7362,test,0,0.3188145160675049,0.044760543165864024,16.69085415109137,5.859635255398895,-1.3832622539838384
7363,test,0,0.32779909670352936,0.044760543165864024,16.698721369756942,5.820546332765374,-1.3614378640748521
7364,test,0,0.3126882538199425,0.044760543165864024,16.707438019595568,5.781828308231658,-1.3374065053194495
7365,test,0,0.3261830806732178,0.044760543165864024,16.717111464016327,5.743192093417528,-1.314269614491724
7366,test,0,0.2902860641479492,0.21515372077031794,16.727643883501703,5.704743350239898,-1.2923154361238887
7367,test,0,0.3155265524983406,0.21515372077031794,16.739048677633136,5.666680843968322,-1.2672359311987966
7368,test,0,0.3261501118540764,0.21515372077031794,16.75136659594125,5.62889976257006,-1.2443383888461235
7369,test,0,0.3060750216245651,0.21515372077031794,16.76460144108661,5.5912542422207085,-1.2203760343069525
7370,test,0,0.3229113146662712,0.21515372077031794,16.778694898875848,5.554169266101777,-1.1958407392125667
7371,test,0,0.3242899551987648,0.21515372077031794,16.793715598105898,5.517273307627305,-1.1725440716373265
7372,test,0,0.3211595118045807,0.4522018764756083,16.809624482664344,5.480646673313231,-1.1478338138407214
7373,test,0,0.32489924132823944,0.4522018764756083,16.826340704617852,5.444712965797724,-1.1229428634509473
7374,test,0,0.32643309235572815,0.4522018764756083,16.844090233080703,5.408932786721942,-1.0971377173251875
7375,test,0,0.32235394418239594,0.4522018764756083,16.862657859557938,5.373828118058588,-1.0705053434213445
7376,test,0,0.32238535583019257,0.4522018764756083,16.882205734745465,5.339257284011779,-1.0417446428586878
7377,test,0,0.3162754625082016,0.4522018764756083,16.90280208922034,5.305156840716726,-1.0133841176027691
7378,test,0,0.3066287636756897,0.6888787523205451,16.924274832454053,5.271812328702,-0.9834787676493364
7379,test,0,0.29616531729698176,0.6888787523205451,16.94681136341196,5.239081381178038,-0.952454236569808
7380,test,0,0.3117202818393707,0.6888787523205451,16.97032269172551,5.207035994646462,-0.9229968138774265
7381,test,0,0.3223665505647659,0.6888787523205451,16.99479668997382,5.175739810515593,-0.8907495026793459
7382,test,0,0.2752410918474197,0.6888787523205451,17.020186616910927,5.1453567950305095,-0.859045161108983
7383,test,0,0.2736232876777649,0.6888787523205451,17.046695953454712,5.1156115152933985,-0.8260738118328418
7384,test,0,0.2615000009536743,0.6888787523205451,17.074092487571942,5.086927058336719,-0.7899111719285319
7385,test,0,0.31733715534210205,0.9572019868082599,17.10250828677826,5.059353339339442,-0.7498744869416271
7386,test,0,0.27102106809616094,0.9572019868082599,17.132188197922186,5.032828299146912,-0.708607955841944
7387,test,0,0.2790085524320603,0.9572019868082599,17.16270409043787,5.00772028782781,-0.6685869859604807
7388,test,0,0.31672394275665283,0.9572019868082599,17.19433255052712,4.9837357428897455,-0.6292451257246746
7389,test,0,0.2826482951641083,0.9572019868082599,17.226806560232482,4.961004350832938,-0.5920692505750911
7390,test,0,0.2862283289432526,0.9572019868082599,17.260131034233837,4.9395294303429855,-0.5525598388260359
7391,test,0,0.28860813379287725,1.1828431308979919,17.29414085516,4.919469645650515,-0.5135299046304372
7392,test,0,0.25000825524330145,1.1828431308979919,17.329151173359552,4.900644205887813,-0.4725650595743039
7393,test,0,0.28106361627578746,1.1828431308979919,17.364848318273076,4.883375226241901,-0.42752437619853617
7394,test,0,0.32088708877563477,1.1828431308979919,17.401168673405685,4.867871792756305,-0.37850320181873187
7395,test,0,0.313953697681427,1.1828431308979919,17.438386930519076,4.854128909567136,-0.32917897656690515
7396,test,0,0.32946982979774486,1.3495578217319137,17.47605351266482,4.842233308403578,-0.283421720955767
7397,test,0,0.30907826125621796,1.3495578217319137,17.51432098829731,4.832013366434264,-0.23891873058042656
7398,test,0,0.28827457129955303,1.3495578217319137,17.552935764111872,4.823467866724354,-0.196104873484933
7399,test,0,0.29435470700263966,1.3495578217319137,17.592051029529827,4.8166164405250615,-0.14970161458223044
7400,test,0,0.2856850028038024,1.3495578217319137,17.63108446487427,4.811701993565027,-0.09961755067441434
7401,test,0,0.3334435820579529,0.009690532637868132,17.67057662275544,4.808872974115214,-0.04201414651085267
7402,test,0,0.3508421480655671,0.009690532637868132,17.710099918917898,4.808393952405494,0.019653948622496666
7403,test,0,0.3598189353942871,0.009690532637868132,17.749402260365237,4.810422860825222,0.08087644782236278
7404,test,0,0.30779439210891724,0.009690532637868132,17.78868097170133,4.814631015102191,0.13040423118795674
7405,test,0,0.3112185597419739,0.16997263324390005,17.82790334988014,4.820727974125256,0.17819208515926602
7406,test,0,0.31022660434246074,0.16997263324390005,17.86661640847361,4.828702616093141,0.22830473854788733
7407,test,0,0.3391273021697998,0.16997263324390005,17.904950212717804,4.838514673727252,0.27096220294191525
7408,test,0,0.3653663992881775,0.16997263324390005,17.94319020209357,4.849924651484943,0.30920312900203367
7409,test,0,0.37503889948129654,0.16997263324390005,17.980592106171432,4.862546470944902,0.3399396336912264
7410,test,0,0.3719395399093628,0.16997263324390005,18.018067277461487,4.876260935451028,0.3596558896273265
7411,test,0,0.35277025774121284,0.39671584505841884,18.055457056849395,4.890557653638377,0.36896680258378245
7412,test,0,0.3169000446796417,0.39671584505841884,18.092590454725485,4.905011268168435,0.37196449874527704
7413,test,0,0.2995035164058208,0.39671584505841884,18.129967155981735,4.919596249754516,0.37131238227173874
7414,test,0,0.27156471461057663,0.39671584505841884,18.167103829351667,4.934026719589791,0.36997328306414173
7415,test,0,0.30763956159353256,0.39671584505841884,18.20439761899822,4.948483637553142,0.3694659689380584
7416,test,0,0.3137027248740196,0.39671584505841884,18.241780671002093,4.962934852398322,0.3677177082907248
7417,test,0,0.29237132519483566,0.6178856789469638,18.27893744480741,4.977250112100499,0.3673428519061288
7418,test,0,0.3195014894008636,0.6178856789469638,18.31637121304924,4.991639389279609,0.36630403231227937
7419,test,0,0.28477082401514053,0.6178856789469638,18.35364240384336,5.005901952070277,0.3645397304180985
7420,test,0,0.3189144656062126,0.6178856789469638,18.390968658875472,5.02013113737008,0.36370232308917944
7421,test,0,0.29350586235523224,0.6178856789469638,18.428466551583124,5.034388788212473,0.36269819650470503
7422,test,0,0.3217222914099693,0.6178856789469638,18.465685445171037,5.048521807698706,0.3628074066370659
7423,test,0,0.32332822680473333,0.8496370785058757,18.503130952599737,5.062746602980856,0.3630905495257941
7424,test,0,0.32771674916148186,0.8496370785058757,18.54049582697455,5.076932887088088,0.3625032343230847
7425,test,0,0.3073498569428921,0.8496370785058757,18.577794252645027,5.091090533192117,0.36280843864323015
7426,test,0,0.28662170469760895,0.8496370785058757,18.615312350797147,5.105335098810519,0.36251985500171613
7427,test,0,0.27829184010624886,0.8496370785058757,18.6525543460134,5.119448126606178,0.3617585268217389
7428,test,0,0.32776297628879547,0.8496370785058757,18.689983221690973,5.1335943659381345,0.3604742978414816
7429,test,0,0.3066206872463227,1.0764260692401675,18.727513459108867,5.147686860997288,0.35720465576179017
7430,test,0,0.285771906375885,1.0764260692401675,18.764858989648314,5.161565215986874,0.3539212739066469
7431,test,0,0.31148209422826767,1.0764260692401675,18.80253106252531,5.175413220340163,0.3505107929292904
7432,test,0,0.3177514597773552,1.0764260692401675,18.840021240095165,5.189065031756192,0.34811747322682735
7433,test,0,0.30524120479822153,1.0764260692401675,18.877589049342028,5.20268060105081,0.3471903474731087
7434,test,0,0.2795151397585869,1.0764260692401675,18.915339987614438,5.216316452142792,0.3459027675980624
7435,test,0,0.15782193094491956,1.3092671201885009,18.952790288380278,5.229815775736485,0.3456345656958617
7436,test,0,0.14064101502299306,1.3092671201885009,18.99049564095721,5.243391576597508,0.3453501118789357
7437,test,0,0.0526382178068161,1.3092671201885009,19.02810811038172,5.256908283298289,0.34463003255451496
7438,test,0,0.19773979112505913,1.3092671201885009,19.065673500873334,5.270386749778212,0.3438863302379064
7439,test,0,0.20555669441819188,1.3092671201885009,19.103497601504202,5.28389699354143,0.34181257811710414
7440,test,0,0.017857816070318222,1.3092671201885009,19.141048393727182,5.297205277696686,0.33921164980264534
7441,test,0,0.32415858656167984,0.07516627210445935,19.178823937518217,5.3104789944999276,0.33618679513028504
7442,test,0,0.31666276603937155,0.07516627210445935,19.216683130067945,5.323626224457416,0.3322675017507229
7443,test,0,0.308100588619709,0.07516627210445935,19.254415525869952,5.336552940506183,0.32757014203380036
7444,test,0,0.23347881436347964,0.07516627210445935,19.29248489221927,5.349378218035998,0.3220221653650566
7445,test,0,0.2482031285762787,0.07516627210445935,19.33038744930704,5.361909405733116,0.31698106582032604
7446,test,0,0.32115743309259415,0.07516627210445935,19.368411554948274,5.3742940270495465,0.31289733682927157
7447,test,0,0.317662313580513,0.310735376387619,19.406652372382208,5.386576767753628,0.30946868306662473
7448,test,0,0.3135471045970917,0.310735376387619,19.444611823934085,5.398635096852621,0.3048575870604993
7449,test,0,0.2405206188559532,0.310735376387619,19.482932526516933,5.410565698339934,0.29819231462576695
7450,test,0,0.3018951416015625,0.310735376387619,19.521228158762394,5.422187645489346,0.29126358364100385
7451,test,0,0.2555605098605156,0.310735376387619,19.559544309917097,5.433519927798964,0.2838504789102431
7452,test,0,0.23974195122718814,0.310735376387619,19.59818183999052,5.4446327071345975,0.2765524604166151
7453,test,0,0.32200473546981806,0.5487419403326351,19.636573943317217,5.45539554282683,0.26970306996129956
7454,test,0,0.2564903199672699,0.5487419403326351,19.675250035782216,5.465932829541096,0.26195024891181207
7455,test,0,0.2931215167045593,0.5487419403326351,19.713996538974833,5.476172802829447,0.2547765531202276
7456,test,0,0.2645985037088394,0.5487419403326351,19.752665309704568,5.486067996975049,0.24607490969572307
7457,test,0,0.24088068306446075,0.5487419403326351,19.79166106559911,5.49569385642627,0.2382678515426832
7458,test,0,0.3261417746543884,0.5487419403326351,19.83045096979342,5.505006809907245,0.23201934354661258
7459,test,0,0.213234756141901,0.788203955313136,19.869437493663856,5.514069019200075,0.22483251438018712
7460,test,0,0.2721771150827408,0.788203955313136,19.908505856680033,5.522893784924285,0.22014867315897452
7461,test,0,0.24686095118522647,0.788203955313136,19.947458710999562,5.531520610915946,0.21548997742083983
7462,test,0,0.3211548961699009,0.788203955313136,19.9866442126638,5.540017662417627,0.2118345774484807
7463,test,0,0.2576330825686455,0.788203955313136,20.025648722652594,5.54839545216109,0.21048664454707483
7464,test,0,0.3166611194610596,0.788203955313136,20.064737813032316,5.556689095741711,0.20730251752982115
7465,test,0,0.26925841346383095,1.0296879513228405,20.103909245556366,5.5648779157348764,0.20539740347237637
7466,test,0,0.31950514763593674,1.0296879513228405,20.14298663872789,5.572980632544084,0.20248945102253066
7467,test,0,0.3211538642644883,1.0296879513228405,20.182251377039407,5.580953710960958,0.19796294117383467
7468,test,0,0.2801300995051861,1.0296879513228405,20.221429788032392,5.588764015625405,0.19531202326146152
7469,test,0,0.29442687332630163,1.0296879513228405,20.26062292581312,5.596425048249086,0.19020567932954136
7470,test,0,0.30668357759714127,1.0296879513228405,20.299945052025663,5.603903258105815,0.18633657267165532
7471,test,0,0.30410664528608317,1.2724010218769937,20.33919916220107,5.611265742413578,0.1837731205661212
7472,test,0,0.2627643905580044,1.2724010218769937,20.378558159076455,5.618504669379204,0.17977611694788984
7473,test,0,0.26331388205289846,1.2724010218769937,20.41788584273158,5.62561809843609,0.17841259482215951
7474,test,0,0.27848126739263535,1.2724010218769937,20.457190563625062,5.63266993306908,0.17587895820360397
7475,test,0,0.2861854322254658,1.2724010218769937,20.49662777294043,5.63962791813039,0.17372265501344084
7476,test,0,0.3140200562775135,1.2724010218769937,20.535928857169825,5.646547489451737,0.17416264024058165
7477,test,0,0.008769363164901733,0.030988171228849486,20.5752954063932,5.6534364904028305,0.17181333612483468
7478,test,0,0.17763252556324005,0.030988171228849486,20.614667672994266,5.66024489667459,0.17094450738329983
7479,test,0,0.3009170070290566,0.030988171228849486,20.654033299971363,5.667021656062885,0.16897829548456045
7480,test,0,0.26823899894952774,0.030988171228849486,20.693522187408465,5.673690443157408,0.16569061342655542
7481,test,0,0.2637085504829883,0.030988171228849486,20.732896617636097,5.680267836974699,0.16495147894357404
7482,test,0,0.20596391335129738,0.030988171228849486,20.772320922836816,5.686781850499034,0.16177017539358185
7483,test,0,0.32788049802184105,0.2707035410217506,20.81178069418537,5.693158821331197,0.1589640867557002
7484,test,0,0.30263029411435133,0.2707035410217506,20.851263257196052,5.699445960952403,0.15612018615852977
7485,test,0,0.29078058898448944,0.2707035410217506,20.890826947029105,5.705579246293297,0.15112321109773277
7486,test,0,0.26078885793685913,0.2707035410217506,20.930301373493588,5.711520044873168,0.14715011216005774
7487,test,0,0.21080181002616882,0.2707035410217506,20.969899226831526,5.717277884289933,0.1407278195237961
7488,test,0,0.20079828053712842,0.2707035410217506,21.009507139968306,5.722744710076305,0.13422600863186684
7489,test,0,0.19580292701721191,0.5121892968956361,21.049207931631454,5.727985974695032,0.12788410471794778
7490,test,0,0.2561664134263993,0.5121892968956361,21.08895909837043,5.732914212503513,0.11817249861001182
7491,test,0,0.2039140090346336,0.5121892968956361,21.1286381334021,5.737456804670781,0.109695705460934
7492,test,0,0.20774759352207184,0.5121892968956361,21.168514562215034,5.741684780455253,0.10113561226737308
7493,test,0,0.21769079938530922,0.5121892968956361,21.208287410507076,5.7455524048148465,0.0938924156855842
7494,test,0,0.28581631183624273,0.5121892968956361,21.24811832476333,5.749223620331788,0.09011748029155876
7495,test,0,0.3008449748158455,0.7561037153867213,21.28801673377907,5.752752267268606,0.08574171996543112
7496,test,0,0.2467198073863983,0.7561037153867213,21.32776741108695,5.756120147460197,0.08368020846144515
7497,test,0,0.2655042335391044,0.7561037153867213,21.367683005383256,5.759472443761669,0.08409474696529112
7498,test,0,0.2784487269818783,0.7561037153867213,21.40749853406476,5.762837930023814,0.08502541695447488
7499,test,0,0.3160755336284637,0.7561037153867213,21.447204027278612,5.766318899828372,0.0901157109271793
7500,test,0,0.29223818704485893,0.7561037153867213,21.48703565543974,5.77002269914041,0.09466417558439845
7501,test,0,0.2981463298201561,1.0021186300609386,21.526706006354782,5.77387973400734,0.0993654436222481
7502,test,0,0.31889211386442184,1.0021186300609386,21.56646829036773,5.777954984712207,0.10468018969959525
7503,test,0,0.3293124064803124,1.0021186300609386,21.60620978688247,5.782201019601237,0.10794620726604959
7504,test,0,0.32778595015406603,1.0021186300609386,21.645806166599485,5.786612720006123,0.11405436607372972
7505,test,0,0.34054435417056084,1.0021186300609386,21.685498947821117,5.791301959780557,0.12108651177173561
7506,test,0,0.3221276253461838,1.0021186300609386,21.725083982605618,5.796294852742083,0.13076693875079554
7507,test,0,0.3133521154522896,1.2433734329302306,21.764550707364013,5.801766110276436,0.14501373898161257
7508,test,0,0.33135223388671875,1.2433734329302306,21.80396885268703,5.807778117955558,0.15718901157838058
7509,test,0,0.3225795403122902,1.2433734329302306,21.84330261768123,5.814285339759477,0.17127022228264288
7510,test,0,0.31945811957120895,1.2433734329302306,21.88248412887549,5.8213915042487825,0.18699319405365236
7511,test,0,0.3180052936077118,1.2433734329302306,21.921657259956557,5.82908548996711,0.20101988629926723
7512,test,0,0.28701214492321014,1.2433734329302306,21.96063817332698,5.8373449841432725,0.21631691130735614
7513,test,0,0.2627030089497567,1.4788041804731202,21.999483079215967,5.846099431435872,0.22551832492323595
7514,test,0,0.3419671803712845,1.4788041804731202,22.038524898070186,5.855141411111789,0.22682720091109537
7515,test,0,0.2373766377568245,1.4788041804731202,22.077400419659476,5.864041724829346,0.22157012140174118
7516,test,0,0.2207698225975037,1.4788041804731202,22.11650241705298,5.87265756228133,0.21143798545711984
7517,test,0,0.2990296632051468,1.4788041804731202,22.155704235768972,5.8808731526749725,0.2019309459396638
7518,test,0,0.27418792247772217,1.4788041804731202,22.194893209228564,5.8887046270774706,0.19263015019977273
7519,test,0,0.2872631438076496,0.2545756172191645,22.234281631931186,5.896224168764611,0.1852284560977778
7520,test,0,0.21911846101284027,0.2545756172191645,22.273559826189828,5.903505701983483,0.18076905187807207
7521,test,0,0.3079248145222664,0.2545756172191645,22.312907757980508,5.910579579182833,0.17486806247587097
7522,test,0,0.2871449366211891,0.2545756172191645,22.352284528757263,5.917461420217482,0.17180960864435346
7523,test,0,0.2705255597829819,0.2545756172191645,22.391667302091225,5.9242601329294295,0.1695473391827325
7524,test,0,0.24126209318637848,0.2545756172191645,22.431140659366722,5.9309518281961395,0.1662998433866831
7525,test,0,0.17738573253154755,0.49799475258334946,22.470508593266917,5.937538686728117,0.16466535582289046
7526,test,0,0.19516189396381378,0.49799475258334946,22.50997496172334,5.9440002450898515,0.1581548656657115
7527,test,0,0.2191433534026146,0.49799475258334946,22.549497862250035,5.950139604898485,0.1506239903979877
7528,test,0,0.32819078490138054,0.49799475258334946,22.5891047716535,5.95603090714601,0.14469586482120314
7529,test,0,0.2650050297379494,0.49799475258334946,22.62873319089498,5.961671651801405,0.13843988268811322
7530,test,0,0.2848340570926666,0.49799475258334946,22.66827616406873,5.967133925625817,0.1361538464572198
7531,test,0,0.29521889612078667,0.7381923101530108,22.707915799834737,5.972522630873436,0.13341097641390398
7532,test,0,0.30788544565439224,0.7381923101530108,22.74751563878786,5.977780120017192,0.13128406070977933
7533,test,0,0.3178560137748718,0.7381923101530108,22.78715887485311,5.983009439565878,0.13088554299078178
7534,test,0,0.32909800857305527,0.7381923101530108,22.826817780608216,5.988203460338691,0.12897248657638533
7535,test,0,0.2969454191625118,0.7381923101530108,22.866391577940405,5.993336622914122,0.12928149660283322
7536,test,0,0.3265240900218487,0.7381923101530108,22.906059910047556,5.998509521708451,0.1292978684544818
7537,test,0,0.30003321170806885,0.9804221472074471,22.945724322902763,6.003642937489266,0.12813095951340442
7538,test,0,0.30729376524686813,0.9804221472074471,22.985299953715614,6.008767775615057,0.12888605290143546
7539,test,0,0.3262176141142845,0.9804221472074471,23.024992949805355,6.013887199146818,0.126554454263183
7540,test,0,0.31584727391600603,0.9804221472074471,23.06459328492572,6.018881275127109,0.12466820284479398
7541,test,0,0.318282950669527,0.9804221472074471,23.104313984782763,6.023841834968613,0.12341986699737272
7542,test,0,0.32779958844184875,0.9804221472074471,23.14402300141434,6.028706268450038,0.12029324564256344
7543,test,0,0.3167600743472576,1.2195199634460017,23.183614705991832,6.033490863294797,0.12002594518804828
7544,test,0,0.3314530178904534,1.2195199634460017,23.22334494629898,6.038277505518703,0.11902627727786179
7545,test,0,0.3134336695075035,1.2195199634460017,23.262978950511318,6.0430057582336625,0.11913089047015855
7546,test,0,0.32131996005773544,1.2195199634460017,23.302673006951334,6.047793146524714,0.12077972277907678
7547,test,0,0.32803764194250107,1.2195199634460017,23.342367548009083,6.052625226837313,0.12104616433875147
7548,test,0,0.3145577050745487,1.2195199634460017,23.38194205321225,6.057490987313608,0.12381010181099403
7549,test,0,0.32872697710990906,1.4585363268802631,23.421618154669815,6.062493216911169,0.12629699693612004
7550,test,0,0.31657949835062027,1.4585363268802631,23.4612554841627,6.067559495168924,0.12811907682426774
7551,test,0,0.27466814778745174,1.4585363268802631,23.500811805879167,6.072743822695476,0.13235600958199337
7552,test,0,0.26196813397109514,1.4585363268802631,23.54041733469566,6.0780791024635565,0.13470143355757375
7553,test,0,0.31904803588986397,1.4585363268802631,23.57993921327461,6.083505550003386,0.13861587040106263
7554,test,0,0.29855513945221906,1.4585363268802631,23.619489633280597,6.089141311297211,0.14411293218174062
7555,test,0,0.2889983765780926,0.18813621063167146,23.65902335666352,6.09496058079,0.14827898730475264
7556,test,0,0.26268638670444483,0.18813621063167146,23.698423464023435,6.100974488235522,0.154301080222403
7557,test,0,0.22957669943571096,0.18813621063167146,23.73786459003957,6.107207077172093,0.15814513593639898
7558,test,0,0.30583924241363997,0.18813621063167146,23.77729401413634,6.113569915481394,0.16248200019656525
7559,test,0,0.21581530570983887,0.18813621063167146,23.816673955237484,6.120149994257048,0.16788000531845385
7560,test,0,0.2713006027042866,0.18813621063167146,23.856046322078587,6.126875505377652,0.1701326266382772
7561,test,0,0.2517166417092085,0.42445122647420575,23.895377864003642,6.133696910182658,0.17336251811939637
7562,test,0,0.22575815021991733,0.42445122647420575,23.934700899911423,6.1406342777926435,0.1746132964550661
7563,test,0,0.30229839682579046,0.42445122647420575,23.9741160952473,6.147587474334218,0.17466865450672536
7564,test,0,0.24874107167124745,0.42445122647420575,24.01339271871225,6.1545740691982305,0.1768259556103099
7565,test,0,0.260688217356801,0.42445122647420575,24.052710080923003,6.161605161523381,0.17638407316050353
7566,test,0,0.11272965371608733,0.42445122647420575,24.09204149753845,6.168625837301027,0.17737931221427422
7567,test,0,0.32410759665071964,0.6616059909321395,24.131343337037887,6.175709927011022,0.17836755128979973
7568,test,0,0.2924968134611845,0.6616059909321395,24.170715530137254,6.182803546196248,0.17804425966549597
7569,test,0,0.29407001473009586,0.6616059909321395,24.209984258649914,6.189917362956912,0.18043502928672683
7570,test,0,0.29288135282695293,0.6616059909321395,24.249260620786597,6.1971087642410145,0.18076066128435322
7571,test,0,0.3049107622355222,0.6616059909321395,24.288593766356033,6.204302043967852,0.18146650909484108
7572,test,0,0.32354666106402874,0.6616059909321395,24.327852569626188,6.211557816717717,0.18324109021215318
7573,test,0,0.32806810550391674,0.9010793904031301,24.367149098149696,6.21884560847393,0.1832800541510398
7574,test,0,0.3146813903003931,0.9010793904031301,24.406395229424778,6.226164966221866,0.1859648141184102
7575,test,0,0.3205271679908038,0.9010793904031301,24.445606412550912,6.233604777866495,0.1881722217045144
7576,test,0,0.3064807243645191,0.9010793904031301,24.484925401763615,6.241114691353246,0.189229040044106
7577,test,0,0.30494434759020805,0.9010793904031301,24.524090063473732,6.248666120034707,0.19045107423622046
7578,test,0,0.32656092941761017,0.9010793904031301,24.56332931399886,6.256185528271195,0.18722807467982522
7579,test,0,0.272311307489872,1.1394688471215353,24.602615563064806,6.263565479781527,0.18463540544249155
7580,test,0,0.3290038481354713,1.1394688471215353,24.641899847597653,6.270875860913176,0.18283743799061863
7581,test,0,0.3199436254799366,1.1394688471215353,24.681259361255723,6.27811928955836,0.18140909763958168
7582,test,0,0.30268221721053123,1.1394688471215353,24.720504180793476,6.285344144901951,0.18238898733908798
7583,test,0,0.3157665878534317,1.1394688471215353,24.759804939811318,6.292563688271475,0.1797022689518831
7584,test,0,0.29609254002571106,1.1394688471215353,24.799165456468636,6.299628204381095,0.17568423778957934
7585,test,0,0.3249964416027069,1.3769693403048295,24.83857272367645,6.306541572229713,0.17085443361702596
7586,test,0,0.3270397447049618,1.3769693403048295,24.878034342431878,6.313218548193396,0.16438657222773664
7587,test,0,0.3073538318276406,1.3769693403048295,24.917451366951777,6.319679362996093,0.16066826262739672
7588,test,0,0.2977219596505165,1.3769693403048295,24.95696340082504,6.325992583479576,0.15520530498760465
7589,test,0,0.2971065118908882,1.3769693403048295,24.99652180316327,6.332023107196978,0.1474254809877676
7590,test,0,0.25558288395404816,1.3769693403048295,25.036095746578642,6.337810064232605,0.1434235540624347
7591,test,0,0.2655952721834183,0.14600025183241283,25.075685557970044,6.343479511106919,0.14115808411489886
7592,test,0,0.33370703831315046,0.14600025183241283,25.115186380944984,6.349095793440011,0.14144201587546756
7593,test,0,0.3033657744526863,0.14600025183241283,25.15479523817712,6.354733930827381,0.14030282290735377
7594,test,0,0.2937909737229347,0.14600025183241283,25.19441032976878,6.360293654112185,0.1389647526968171
7595,test,0,0.27328568324446684,0.14600025183241283,25.2339335049662,6.3658132093047435,0.13715486952668932
7596,test,0,0.23461664468049998,0.14600025183241283,25.273590864816317,6.37120883746238,0.13261290203847728
7597,test,0,0.1717262789607048,0.38266384678245785,25.313149803745937,6.376498868949737,0.13553677307641462
7598,test,0,0.16619006171822545,0.38266384678245785,25.35273762802361,6.382006345677799,0.14000930088693053
7599,test,0,0.14151307940483093,0.38266384678245785,25.392336605910256,6.387578535229467,0.13862425427077088
7600,test,0,0.24335734546184543,0.38266384678245785,25.4318426493201,6.393111012322753,0.13988888271573657
7601,test,0,0.25006233155727386,0.38266384678245785,25.471395543339653,6.398766833096312,0.14452955911284068
7602,test,0,0.29028576239943504,0.38266384678245785,25.510867039044637,6.404630693575796,0.15110049996995686
7603,test,0,0.30245083570480347,0.6223996763508661,25.5502664785155,6.410848065257183,0.1623659568258964
7604,test,0,0.3156635947525502,0.6223996763508661,25.58959628272723,6.417496277025533,0.17243455024645044
7605,test,0,0.31367339193820953,0.6223996763508661,25.628826968469987,6.4245761970046065,0.18520383057139003
7606,test,0,0.32270409911870956,0.6223996763508661,25.66793386761448,6.432187938595415,0.19832438511067085
7607,test,0,0.27129554003477097,0.6223996763508661,25.707060030026284,6.440279808659394,0.2097340936756257
7608,test,0,0.2956131584942341,0.6223996763508661,25.745974874870296,6.448842995967928,0.22315869973951763
7609,test,0,0.32035141810774803,0.8595449244216199,25.784752908936365,6.4578726855947455,0.23388041640323418
7610,test,0,0.3091259412467479,0.8595449244216199,25.82364219242611,6.467342218299453,0.24438610743454567
7611,test,0,0.3212109059095383,0.8595449244216199,25.862177671380987,6.477199528056517,0.2552440469212654
7612,test,0,0.3212715163826943,0.8595449244216199,25.900774289959728,6.487451782669033,0.26406039153309013
7613,test,0,0.313660342246294,0.8595449244216199,25.939315872632665,6.498063271524033,0.27418353445759486
7614,test,0,0.32041946798563004,0.8595449244216199,25.977572596831724,6.509018961437343,0.2828414292241458
7615,test,0,0.31665465980768204,1.0985863870128367,26.015998079388503,6.520346843288792,0.29097410176430905
7616,test,0,0.31656393408775324,1.0985863870128367,26.05411930338261,6.5319515644782316,0.2996257924902271
7617,test,0,0.31979402527213097,1.0985863870128367,26.09219276104715,6.543861491725459,0.30644302016859354
7618,test,0,0.30586310662329197,1.0985863870128367,26.13037523453539,6.5560651144308135,0.31336074691053895
7619,test,0,0.3162411320954561,1.0985863870128367,26.16815267630701,6.568463369523709,0.3196724616665448
7620,test,0,0.3155483715236187,1.0985863870128367,26.2061277698227,6.581135134385533,0.3243753969137964
7621,test,0,0.31255924329161644,1.3351205217212117,26.243994721761727,6.593948621417854,0.3286613854620985
7622,test,0,0.3186024893075228,1.3351205217212117,26.281709132024815,6.606876770255518,0.33141506654481456
7623,test,0,0.31339022144675255,1.3351205217212117,26.319646500579363,6.619974809564342,0.3336713199035136
7624,test,0,0.31674686074256897,1.3351205217212117,26.357261083261385,6.63305794860666,0.33547365355398506
7625,test,0,0.3134129084646702,1.3351205217212117,26.39502654212457,6.646245036654528,0.33603360619326483
7626,test,0,0.30482251942157745,1.3351205217212117,26.43286551026127,6.659446675453642,0.33583436800197064
7627,test,0,0.31660669296979904,0.10475120296983893,26.470502669641693,6.672560837713772,0.3343684842131869
7628,test,0,0.31654384732246404,0.10475120296983893,26.50842293202976,6.685695596441423,0.3322398184563301
7629,test,0,0.31607139110565186,0.10475120296983893,26.54618073780822,6.698672866378587,0.32998882805612706
7630,test,0,0.31716778129339224,0.10475120296983893,26.584012554560225,6.711564747126962,0.3265103964215546
7631,test,0,0.31281399354338646,0.10475120296983893,26.622092877049184,6.7243655638254864,0.3226518753384071
7632,test,0,0.3204047977924347,0.10475120296983893,26.659904082475173,6.736935076208856,0.3185076051621017
7633,test,0,0.316425934433937,0.33889344212109324,26.69801236831423,6.7494067573058505,0.31384201742714174
7634,test,0,0.31966212764382357,0.33889344212109324,26.73611519935128,6.7616787385231625,0.30942576370593217
7635,test,0,0.32015740871429443,0.33889344212109324,26.77418037947218,6.773736095952228,0.3040093803229675
7636,test,0,0.31572557985782623,0.33889344212109324,26.812551281650638,6.785657518101504,0.29868809658768497
7637,test,0,0.3215292692184448,0.33889344212109324,26.850676149581865,6.797306784417274,0.2936698034932874
7638,test,0,0.32130512595176697,0.33889344212109324,26.889042243920834,6.808793213202944,0.2879206764116772
7639,test,0,0.3115882575511932,0.5785143957615385,26.92748535388799,6.820083738514236,0.2834608291623585
7640,test,0,0.3215476423501969,0.5785143957615385,26.965815735813084,6.8311317505028395,0.2775932083428792
7641,test,0,0.3182351291179657,0.5785143957615385,27.00445836336466,6.842019507667337,0.27171928495309405
7642,test,0,0.3224749192595482,0.5785143957615385,27.04292004664716,6.852660009765543,0.26717400731490637
7643,test,0,0.3244123198091984,0.5785143957615385,27.08152686931233,6.863107333863175,0.26130988737484456
7644,test,0,0.31421661376953125,0.5785143957615385,27.120245009074647,6.8733650303206995,0.2572516221706933
7645,test,0,0.3205110430717468,0.8196659041187168,27.158840125831283,6.883434095158014,0.25253884264043003
7646,test,0,0.3210637718439102,0.8196659041187168,27.197694960259735,6.8933526329194175,0.2472001076168166
7647,test,0,0.3223817571997642,0.8196659041187168,27.236427221467572,6.9030672064912935,0.24371631222523155
7648,test,0,0.32645779848098755,0.8196659041187168,27.27521671593808,6.912611930077812,0.23860907768002662
7649,test,0,0.3061782717704773,0.8196659041187168,27.31413764286475,6.921994695736906,0.23520625499339157
7650,test,0,0.3240343406796456,0.8196659041187168,27.352962969958664,6.931254116982324,0.2322367824256259
7651,test,0,0.3260084204375744,1.0581371159369235,27.391947672386177,6.94040033001126,0.22857758953030052
7652,test,0,0.31738185882568354,1.0581371159369235,27.43087235325425,6.949429134157646,0.22742022123534036
7653,test,0,0.3279391974210739,1.0581371159369235,27.46975744509625,6.9583922454461895,0.22515758149129045
7654,test,0,0.31965055502951145,1.0581371159369235,27.50880235598553,6.967305716997767,0.22417530975749153
7655,test,0,0.3295908439904451,1.0581371159369235,27.547662201944277,6.976213785972471,0.22576958715814052
7656,test,0,0.32782629504799843,1.0581371159369235,27.58661269264567,6.985183719060823,0.22692316001206891
7657,test,0,0.3154487553983927,1.2975277374515153,27.625543580839786,6.994233547098595,0.2306097493449596
7658,test,0,0.3317568972706795,1.2975277374515153,27.664328245600565,7.003422456093314,0.23396368820079472
7659,test,0,0.3273857235908509,1.2975277374515153,27.70326432075143,7.012773893371014,0.23815103533705986
7660,test,0,0.32848156243562704,1.2975277374515153,27.74194206369735,7.022328193594199,0.24573536032921575
7661,test,0,0.32965704798698425,1.2975277374515153,27.780589542211455,7.032162942805116,0.2526852297964922
7662,test,0,0.3060896061360836,1.2975277374515153,27.81927911759196,7.042317547949712,0.26196167398372117
7663,test,0,0.31228064745664597,0.06101192944249151,27.85763954821791,7.052827826331486,0.2720430279850129
7664,test,0,0.3290559500455857,0.06101192944249151,27.89608760372285,7.0637577001480505,0.2823428543458977
7665,test,0,0.31788620352745056,0.06101192944249151,27.934366942395457,7.075117810714529,0.2955415358923534
7666,test,0,0.3206983059644699,0.06101192944249151,27.972332506914064,7.0869421808033355,0.30816320827455945
7667,test,0,0.3173622637987137,0.06101192944249151,28.010443800006204,7.099326057702334,0.32097926576785935
7668,test,0,0.32101953029632574,0.06101192944249151,28.048107608584235,7.112129475364015,0.3343569742146611
7669,test,0,0.0924292542040348,0.29260270606403826,28.085705129021324,7.125460109466952,0.34700877320359663
7670,test,0,0.1304865926504135,0.29260270606403826,28.123303640315328,7.13930530600971,0.35997695184312467
7671,test,0,0.08000066131353381,0.29260270606403826,28.160332944257114,7.153555784701372,0.37467226991053093
7672,test,0,0.29114652425050735,0.29260270606403826,28.19742979713044,7.168486063216344,0.39132485270195805
7673,test,0,0.16222435235977173,0.29260270606403826,28.234086681965664,7.18398328648415,0.4096737410848302
7674,test,0,0.26168442517518997,0.29260270606403826,28.270367051245433,7.200208363553833,0.4317155398146525
7675,test,0,0.2183126956224442,0.5288314878789836,28.30641210412499,7.21732636989242,0.4550946543656046
7676,test,0,0.2919796854257584,0.5288314878789836,28.341831596311017,7.235217579128902,0.48130330135592214
7677,test,0,0.16669206321239471,0.5288314878789836,28.37679083934484,7.254148229357229,0.5118232557222869
7678,test,0,0.1724082976579666,0.5288314878789836,28.4111226386732,7.274120401684903,0.5425242728919777
7679,test,0,0.16520777344703674,0.5288314878789836,28.444771844840258,7.29519192100881,0.5771632662936012
7680,test,0,0.17107300460338593,0.5288314878789836,28.477588019190847,7.317368483937735,0.6104336147402891
7681,test,0,0.1824502795934677,0.0480237517308254,28.509830552965234,7.340719919724201,0.643622577566463
7682,test,0,0.17855334281921387,0.0480237517308254,28.541175147205063,7.365102969152043,0.6796687804903058
7683,test,0,0.18369002640247345,0.0480237517308254,28.571518444351742,7.3905404550043965,0.7154639158410259
7684,test,0,0.18683412671089172,0.0480237517308254,28.601152998107718,7.417239461217195,0.751745547505883
7685,test,0,0.6785962581634521,0.0480237517308254,28.607749702546144,7.434289888078893,0.6359683430228356
7686,test,0,0.2166961282491684,0.0480237517308254,28.616634536619507,7.4495524893468605,0.5151286923757512
7687,test,0,0.5577835738658905,0.07960277781082109,28.628105853576063,7.46268473584867,0.38755973997670623
7688,test,0,0.43648798018693924,0.07960277781082109,28.637943109498,7.473558358869624,0.2908181933332193
7689,test,0,0.005434706807136563,0.1059345177417061,28.64500374943374,7.481629190007123,0.017312920881599105
7690,test,0,0.19138124585151672,0.1059345177417061,28.623462830697935,7.51422059682934,0.10544782563515906
7691,test,0,0.22570475935935974,0.05557781677353827,28.616966278444355,7.530573255069186,0.4176842415437206
7692,test,0,0.24784176982939243,0.05557781677353827,28.62081496784104,7.534702496475555,0.4660401645408433
7693,test,0,0.3326907381415367,0.05557781677353827,28.62455673035649,7.539571854797137,0.42226663005135684
7694,test,0,0.1321065090596676,0.05557781677353827,28.628914085895687,7.543996966559534,0.37880212945481295
7695,test,0,0.5928150117397308,0.05557781677353827,28.63711807183372,7.551181354227733,0.29796482768916677
7696,test,0,0.04497197270393377,0.04099210085985758,28.645300735526597,7.557990423535611,0.006574935435300985
7697,test,0,1.0773486495018005,0.04099210085985758,28.638806719355472,7.574883642266815,-0.006209576151675003
7698,test,0,0.2310979664325714,0.04099210085985758,28.64177655937211,7.592945193200488,-0.12235997344424955
7699,test,0,0.22956755757331848,0.04099210085985758,28.641859048519507,7.592102780770267,-0.07515814474251178
7700,test,0,0.5208268761634827,0.04099210085985758,28.63905554683538,7.613454031239473,-0.14903118538980467
7701,test,0,0.24023559689521795,0.04099210085985758,28.64524360704038,7.621389873710685,-0.015126534126406197
7702,test,0,0.8448504507541659,0.04099210085985758,28.634370519152867,7.642851513068095,-0.053503041728176215
7703,test,0,0.4626090228557588,0.04099210085985758,28.641523565313463,7.654340038059395,0.1364399011084963
7704,test,0,0.716886967420578,0.04099210085985758,28.63981653885899,7.695266489173063,-0.10170825178863632
7705,test,0,0.2738869786262512,0.04099210085985758,28.639914553788277,7.74301122383561,-0.08300110879084362
7706,test,0,0.38655543327331543,0.04099210085985758,28.645520521002336,7.7485517171369835,-0.028273802745649848
7707,test,0,0.4426533579826355,0.04099210085985758,28.645882370810615,7.747743385914993,-0.005204582097869039
7708,test,0,0.203512042760849,0.04099210085985758,28.635298664907154,7.750475864819844,0.06733981792957906
7709,test,0,0.4036961495876312,0.04099210085985758,28.643010330884955,7.748390662325132,0.003328237508547216
7710,test,0,0.4494759440422058,0.04099210085985758,28.637114506772747,7.75105814596634,-0.08208571845124182
7711,test,0,0.248086616396904,0.031162101411850916,28.616741428504668,7.745089671547791,0.42446845620055434
7712,test,0,0.22504661977291107,0.0383195521467132,28.606089071323538,7.737991846967212,0.6624205303215764
7713,test,0,0.22390830516815186,0.0383195521467132,28.606268920208127,7.738944993776944,0.6594176133891303
7714,test,0,0.22402657568454742,0.0383195521467132,28.60694330038468,7.74131852666117,0.6485217385700573
7715,test,0,0.7021778970956802,0.0383195521467132,28.610193343862075,7.745689540166737,0.6002579514303686
7716,test,0,0.23149317502975464,0.0383195521467132,28.61634119217662,7.7554619803330835,0.5190945064818702
7717,test,0,0.08396971225738525,0.0383195521467132,28.61619782708638,7.755471016549147,0.5201096342721796
7718,test,0,0.06315760314464569,0.0383195521467132,28.61632829102383,7.755470558239146,0.5195177813389907
7719,test,0,0.23152926564216614,0.0383195521467132,28.616419062104608,7.7554533218664226,0.5168248109749897
7720,test,0,0.11043748259544373,0.0383195521467132,28.61646385934147,7.75544696648084,0.5173378478913354
7721,test,0,0.10317885875701904,0.0383195521467132,28.61652628616004,7.7554457857781935,0.5164008466822887
7722,test,0,0.2325168401002884,0.0383195521467132,28.61671117728842,7.755439988174121,0.5144498820657474
7723,test,0,0.10705460608005529,0.0383195521467132,28.616451886480224,7.755457481871721,0.5175897083901084
7724,test,0,0.08550480008125305,0.0383195521467132,28.616497518254405,7.755431823715897,0.5128194747256055
7725,test,0,0.23306646943092346,0.0383195521467132,28.616790080157422,7.75543581616764,0.5135826627623379
7726,test,0,0.23289628326892853,0.0383195521467132,28.61676445578585,7.755378988701562,0.5126206956063684
7727,test,0,0.06442062556743622,0.0383195521467132,28.616913651378614,7.75543066450822,0.5123257393852825
7728,test,0,0.23427113890647888,0.0383195521467132,28.61701688716806,7.7554145978535205,0.5091728065156853
7729,test,0,0.23464429378509521,0.0383195521467132,28.617023751870295,7.755418485790842,0.5106477343664527
7730,test,0,0.23423320055007935,0.0383195521467132,28.61702351396859,7.75541813868168,0.5098721699692071
7731,test,0,0.23502643406391144,0.0383195521467132,28.61724817007506,7.755410257546621,0.5083496200823382
7732,test,0,0.08052933216094971,0.0383195521467132,28.617181394755264,7.755399973438292,0.5092114002487036
7733,test,0,0.2348773181438446,0.0383195521467132,28.617197034779593,7.755410997569391,0.5083119792188109
7734,test,0,0.09263661503791809,0.0383195521467132,28.617301559195287,7.75540165626548,0.5070168446471253
7735,test,0,0.2361277937889099,0.0383195521467132,28.617455338643072,7.7553893177671265,0.5052829905984175
7736,test,0,0.08981090784072882,0.0383195521467132,28.617376654069236,7.755397812634825,0.5062655522296392
7737,test,0,0.2363664209842682,0.0383195521467132,28.617583520932413,7.755393942584527,0.503466071930532
7738,test,0,0.23700103163719177,0.0383195521467132,28.61767886698431,7.755392715485067,0.5032822760203399
7739,test,0,0.23592717945575714,0.0383195521467132,28.617423374214766,7.755393253277232,0.5052064993209366
7740,test,0,0.23667289316654205,0.0383195521467132,28.617634067525206,7.755395395854583,0.5037623198289612
7741,test,0,0.23690570890903473,0.0383195521467132,28.617728110724336,7.75538340604329,0.5022789483285972
7742,test,0,0.23705685138702393,0.0383195521467132,28.617703339217847,7.755385586588759,0.502554145376075
7743,test,0,0.2371235340833664,0.0383195521467132,28.617767405870563,7.755373948969443,0.5015064325238408
7744,test,0,0.23842297494411469,0.0383195521467132,28.61851576738957,7.75506372007726,0.49296433333075634
7745,test,0,0.2381013184785843,0.0383195521467132,28.61804613166458,7.755070427387283,0.4984477867529135
7746,test,0,0.2385544329881668,0.0383195521467132,28.618746982624543,7.754817782422901,0.48787179993722624
7747,test,0,0.2404259294271469,0.0383195521467132,28.619211299793033,7.754690782234959,0.4846736110970016
7748,test,0,0.2393120527267456,0.0383195521467132,28.61893488290693,7.7546981243963975,0.488019848979429
7749,test,0,0.239701047539711,0.0383195521467132,28.6190477817452,7.7547547794971585,0.48662917817422335
7750,test,0,0.23967789113521576,0.0383195521467132,28.619132827170723,7.754729797015786,0.48570407013581235
7751,test,0,0.2406996339559555,0.0383195521467132,28.61927153567904,7.754551586894451,0.48381183736567607
7752,test,0,0.24021007120609283,0.0383195521467132,28.61926766987063,7.754620125182534,0.48379862247147587
7753,test,0,0.2409016191959381,0.0383195521467132,28.62035363345324,7.754197131038054,0.47181395422058753
7754,test,0,0.24096742272377014,0.0383195521467132,28.61989840222233,7.754134986174326,0.4765692645360949
7755,test,0,0.24111728370189667,0.0383195521467132,28.62049097155382,7.754068574664453,0.4698945544958965
7756,test,0,0.2411665916442871,0.0383195521467132,28.62058493228115,7.754058529121861,0.46900688170776283
7757,test,0,0.24118098616600037,0.0383195521467132,28.62068578551211,7.753992865201706,0.468041577033464
7758,test,0,0.24103739857673645,0.0383195521467132,28.620512960142776,7.754048693147919,0.4700571258312846
7759,test,0,0.2411564588546753,0.0383195521467132,28.62078447343504,7.753958453121915,0.46636834511851877
7760,test,0,0.24283206462860107,0.0383195521467132,28.62109251649564,7.753778220459101,0.46301051091122597
7761,test,0,0.24160432815551758,0.0383195521467132,28.6208731782519,7.753846503267828,0.4656734326973235
7762,test,0,0.2463102638721466,0.05247075065793069,28.6220993729757,7.7534049900200515,0.4516140280885532
7763,test,0,0.24587973952293396,0.05247075065793069,28.621957650124106,7.753399750978624,0.45294823135576484
7764,test,0,0.24480736255645752,0.05247075065793069,28.621839774377733,7.7534438637034535,0.4544230982421432
7765,test,0,0.24499988555908203,0.05247075065793069,28.62187502564905,7.75345951912372,0.4540672628180198
7766,test,0,0.24920696020126343,0.05247075065793069,28.62277759948018,7.752954480202891,0.44405669448787893
7767,test,0,0.2483745515346527,0.05247075065793069,28.62244152817087,7.753013219353858,0.44804297835999074
7768,test,0,0.24950635433197021,0.05247075065793069,28.622839598349287,7.7528472282844385,0.4410008009227688
7769,test,0,0.2449992597103119,0.05247075065793069,28.62356115821291,7.752645841396176,0.4354761237925371
7770,test,0,0.2490929812192917,0.05247075065793069,28.623130856182577,7.752646376594479,0.43961570190034427
7771,test,0,0.24648407101631165,0.05247075065793069,28.62347286199594,7.752681289086653,0.4364010643857483
7772,test,0,0.24535953998565674,0.05247075065793069,28.623587987356096,7.752634335998027,0.4349794788755733
7773,test,0,0.24185588955879211,0.05247075065793069,28.623865497848076,7.752436507679877,0.4321155398385683
7774,test,0,0.24314749240875244,0.05247075065793069,28.623843953247817,7.752552015625159,0.4323429652974123
7775,test,0,0.23545756936073303,0.05247075065793069,28.624918295824152,7.752177201779134,0.42088211098065015
7776,test,0,0.23561802506446838,0.05247075065793069,28.624463836094325,7.752116342877408,0.42552562337073097
7777,test,0,0.23554037511348724,0.05247075065793069,28.625344265699766,7.75195850463739,0.41441421006898654
7778,test,0,0.22855928540229797,0.05247075065793069,28.62586945376675,7.751833092189147,0.4105530770229157
7779,test,0,0.22840380668640137,0.05247075065793069,28.625906208564786,7.751788000337698,0.40977408854814396
7780,test,0,0.22861990332603455,0.05247075065793069,28.625822401184653,7.75186858916459,0.4113257998075554
7781,test,0,0.22823113203048706,0.05247075065793069,28.62601861544238,7.751759189882431,0.40802337722870785
7782,test,0,0.10360167920589447,0.05247075065793069,28.627591795324186,7.7512650731387245,0.3924202630441227
7783,test,0,0.10047601163387299,0.05247075065793069,28.6274880159322,7.751343777623193,0.3935720301271211
7784,test,0,0.19468839466571808,0.05247075065793069,28.62908904241545,7.750883837005327,0.3769006449977131
7785,test,0,0.19445878267288208,0.05247075065793069,28.629031076033797,7.750903690909148,0.3780310483286652
7786,test,0,0.19461649656295776,0.05247075065793069,28.629360762208563,7.750829414752032,0.37419117932528345
7787,test,0,0.19007249176502228,0.05247075065793069,28.629638343734193,7.750741742287797,0.3714429011604006
7788,test,0,0.1881798952817917,0.05247075065793069,28.629953189978703,7.750610411443924,0.3665259516933318
7789,test,0,0.1870681643486023,0.05247075065793069,28.630019160378342,7.750665810969531,0.36760206821772656
7790,test,0,0.18670865893363953,0.05247075065793069,28.63037407133409,7.750575449619235,0.3642212309517135
7791,test,0,0.21467486023902893,0.05247075065793069,28.632672725914606,7.750065461088198,0.3416021716452178
7792,test,0,0.20235669612884521,0.05247075065793069,28.632459986288332,7.750124746095473,0.34318733875475954
7793,test,0,0.2557002007961273,0.05247075065793069,28.635403456790414,7.7496310252880765,0.3149364457180314
7794,test,0,0.32527247071266174,0.05247075065793069,28.635926656078663,7.749517548756658,0.3098619742841247
7795,test,0,0.3186166286468506,0.05247075065793069,28.636087817795218,7.74950296633777,0.3077396474888089
7796,test,0,0.33394381403923035,0.05247075065793069,28.63693376131711,7.749410754328569,0.3005428361140798
7797,test,0,0.32748955488204956,0.05247075065793069,28.639216896883827,7.749164226109633,0.278841962414304
7798,test,0,0.12407928705215454,0.05247075065793069,28.64014661352121,7.749022834489455,0.27091488065862285
7799,test,0,0.36843875981867313,0.05247075065793069,28.641907689967134,7.748919957615308,0.25218480244206876
7800,test,0,0.29185813665390015,0.0386770730006616,28.64222749297934,7.75080102141857,-0.07847842261141881
7801,test,0,0.42349445819854736,0.06266364846765698,28.62711571305688,7.747437150911572,0.20010304760919886
7802,test,0,0.2302836924791336,0.047992457502330985,28.613824773214517,7.740295891300942,0.5504617752529573
7803,test,0,0.6021669209003448,0.047992457502330985,28.6106856500086,7.73837063136473,0.5933162553863722
7804,test,0,0.21241245046257973,0.047992457502330985,28.613371176488712,7.742933112695168,0.5569277562866429
7805,test,0,0.2693244479596615,0.047992457502330985,28.61532203162043,7.745836799940889,0.5313267821990177
7806,test,0,0.2412247657775879,0.047992457502330985,28.62260983469317,7.752961833311426,0.44624646479456664
7807,test,0,0.24784685671329498,0.047992457502330985,28.622154309406746,7.752977997527093,0.4506333208978164
7808,test,0,0.24892657995224,0.047992457502330985,28.622660532728702,7.7529706524312205,0.44524151995291833
7809,test,0,0.24942173063755035,0.047992457502330985,28.62271386663599,7.752988288450172,0.4449538275969055
7810,test,0,0.24965861439704895,0.047992457502330985,28.622984123961547,7.752864260034177,0.44177898497849677
7811,test,0,0.24962425231933594,0.047992457502330985,28.622753171863646,7.752973277456112,0.44428118396981164
7812,test,0,0.24971473217010498,0.047992457502330985,28.623162359213794,7.752692798407275,0.4372962346097949
7813,test,0,0.2426990419626236,0.047992457502330985,28.623745464876116,7.752504622494026,0.4333800881353375
7814,test,0,0.24629616737365723,0.047992457502330985,28.6237535096542,7.752553495652857,0.432465072362671
7815,test,0,0.235056534409523,0.047992457502330985,28.62478840839404,7.752209138528722,0.4220577352985627
7816,test,0,0.23500016331672668,0.047992457502330985,28.624800419103266,7.75215086924273,0.422002053955404
7817,test,0,0.23514772951602936,0.047992457502330985,28.62476001010425,7.752214446829165,0.4223252969755885
7818,test,0,0.23519061505794525,0.047992457502330985,28.62479102843306,7.752202967141818,0.42193417756241963
7819,test,0,0.22722025215625763,0.047992457502330985,28.626463737436687,7.751581948210249,0.4045251729127072
7820,test,0,0.22741161286830902,0.047992457502330985,28.626127350279074,7.7516713227413145,0.40824281265957546
7821,test,0,0.2185114473104477,0.047992457502330985,28.62725215339266,7.75134735283233,0.39373706003598286
7822,test,0,0.12677834928035736,0.047992457502330985,28.62801559759441,7.751193733551716,0.38806941597926375
7823,test,0,0.205227792263031,0.047992457502330985,28.627738084822447,7.751221940718634,0.38983365413821186
7824,test,0,0.19885702431201935,0.047992457502330985,28.62823233223614,7.751134432855128,0.3858780758259138
7825,test,0,0.19742555916309357,0.047992457502330985,28.628389766382895,7.751061799079309,0.38358759207999454
7826,test,0,0.1945885419845581,0.047992457502330985,28.628711057995332,7.750987914128351,0.38118328210091873
7827,test,0,0.19464316964149475,0.047992457502330985,28.628759263404103,7.750992012007604,0.3804812623119319
7828,test,0,0.1865980476140976,0.047992457502330985,28.631176797489935,7.750432623024313,0.35606581568904416
7829,test,0,0.1830248385667801,0.047992457502330985,28.630902080678865,7.750370899197367,0.35872846271267567
7830,test,0,0.18554727733135223,0.047992457502330985,28.632061755343,7.750131577398686,0.3435428948956266
7831,test,0,0.26173704862594604,0.07461845470644131,28.63388700485178,7.749867401793111,0.32945464269719593
7832,test,0,0.24993275105953217,0.07461845470644131,28.633639909108577,7.7498788709061595,0.3314157007558359
7833,test,0,0.28038492798805237,0.07461845470644131,28.63452787981378,7.749753984248946,0.3233980913039564
7834,test,0,0.28985780477523804,0.07461845470644131,28.635024693061432,7.749651830276704,0.31761698920523274
7835,test,0,0.33530837297439575,0.07461845470644131,28.636564159247555,7.749413809462312,0.3039743676717467
7836,test,0,0.3352494239807129,0.07461845470644131,28.636808417859218,7.749392732412844,0.3014537211692773
7837,test,0,0.3206980302929878,0.07461845470644131,28.641278786442648,7.748977325153878,0.2603495347688196
7838,test,0,0.35832951217889786,0.07461845470644131,28.642552216449523,7.74889921018763,0.2488277147732452
7839,test,0,0.09872177243232727,0.07461845470644131,28.64270529546938,7.748907368848828,0.24777535742839477
7840,test,0,0.4237557649612427,0.021045237272017264,28.64198129855361,7.749383595688342,0.003205379744470112
7841,test,0,0.08861909806728363,0.021045237272017264,28.638225956561612,7.749995221562786,0.010284775755175623
7842,test,0,0.31348270177841187,0.050475948905860366,28.630360512682724,7.745610339855933,0.22693874741320263
7843,test,0,0.22675836086273193,0.05058480437490063,28.625203536177867,7.742991442039021,0.41750587309362164
7844,test,0,0.215990349650383,0.05058480437490063,28.62747321486083,7.745359196534956,0.39358486030263434
7845,test,0,0.1944529414176941,0.05058480437490063,28.629951030483834,7.747831404386631,0.3679868045668034
7846,test,0,0.21712380647659302,0.05058480437490063,28.632838943368196,7.750057100037411,0.3396536400379508
7847,test,0,0.2409525364637375,0.05058480437490063,28.633847968386778,7.749845083334013,0.32865277556836164
7848,test,0,0.2841259241104126,0.05058480437490063,28.6345593156869,7.7497501377309295,0.32317101536358245
7849,test,0,0.2896037697792053,0.05058480437490063,28.635035526483108,7.749654351756719,0.3178196457333849
7850,test,0,0.3291361629962921,0.05058480437490063,28.6394883872312,7.749114058909594,0.27674405031069554
7851,test,0,0.3608614504337311,0.05058480437490063,28.639324911389874,7.749067259871509,0.2778610021160322
7852,test,0,0.18054865300655365,0.05058480437490063,28.641235350967676,7.7489403308081615,0.26104968014625746
7853,test,0,0.15647518634796143,0.05058480437490063,28.642330357023674,7.748909080253195,0.25053950694521904
7854,test,0,0.4276576638221741,0.040792196875785156,28.643943600203254,7.75000275631859,0.0044217481802896735
7855,test,0,0.41097769141197205,0.06611765872676692,28.63269132288817,7.748567615321495,0.2413878123442833
7856,test,0,0.22344499826431274,0.06611765872676692,28.633572425653387,7.748659164695193,0.33289273232298494
7857,test,0,0.3143046796321869,0.06611765872676692,28.635670039395425,7.749555212792485,0.31216137757926254
7858,test,0,0.31620877981185913,0.06611765872676692,28.635687601093853,7.749567801217403,0.3121195155429607
7859,test,0,0.32152652740478516,0.06611765872676692,28.635962875959205,7.749540064830735,0.30969505005750814
7860,test,0,0.33552128076553345,0.06611765872676692,28.63864297698528,7.74915959624328,0.28072307429808474
7861,test,0,0.11578422784805298,0.06611765872676692,28.640050144316792,7.749007367385084,0.27175191931358905
7862,test,0,0.33625582978129387,0.06611765872676692,28.64212054238588,7.74891051616085,0.25057103864891095
7863,test,0,0.3003458082675934,0.05486286094282098,28.643441787227825,7.749683928923904,-0.0997423265968312
7864,test,0,0.40751123428344727,0.07163830854432128,28.630431704815077,7.749455497451662,0.11692532575290551
7865,test,0,0.24378812313079834,0.06065746772331271,28.618205203285296,7.744084542588059,0.4961447778598972
7866,test,0,0.17882225289940834,0.06065746772331271,28.61438292667149,7.74190863001541,0.5408148206660486
7867,test,0,0.054298937320709256,0.06065746772331271,28.617997324461793,7.7471369509716785,0.49893174023791637
7868,test,0,0.24016627669334412,0.06065746772331271,28.620315780824335,7.749922177423178,0.47035656240643237
7869,test,0,0.23865890502929688,0.06065746772331271,28.624340631364053,7.7523816189875046,0.42711708491527656
7870,test,0,0.2398041933774948,0.06065746772331271,28.624102125756835,7.752399529817286,0.4288352842441985
7871,test,0,0.24010324478149414,0.06065746772331271,28.624222088938804,7.752425990060507,0.42864899010213253
7872,test,0,0.2398051917552948,0.06065746772331271,28.624254874289715,7.75240489275341,0.4281484916531793
7873,test,0,0.23365165293216705,0.06065746772331271,28.625105380565618,7.7520865489830335,0.41857322763334737
7874,test,0,0.23483239114284515,0.06065746772331271,28.624828924104808,7.752190362633348,0.42162483154514213
7875,test,0,0.23258823156356812,0.06065746772331271,28.625878465199104,7.751795827714619,0.4087942343199807
7876,test,0,0.22596798837184906,0.06065746772331271,28.626198070650332,7.751681054804382,0.40697261410950486
7877,test,0,0.2281797230243683,0.06065746772331271,28.62639591653974,7.751653512132083,0.4043809091073891
7878,test,0,0.08488863706588745,0.06065746772331271,28.627053266270565,7.751476086820215,0.39808423620361105
7879,test,0,0.21342545747756958,0.06065746772331271,28.627113476165803,7.751357556685691,0.39624967209929957
7880,test,0,0.1341057121753692,0.06065746772331271,28.627158690381105,7.75144156447818,0.3969844242619736
7881,test,0,0.1047646552324295,0.06065746772331271,28.627257444770464,7.751396728142103,0.3956049515446616
7882,test,0,0.1945694386959076,0.06065746772331271,28.62934651071214,7.750788587715951,0.37448591991191166
7883,test,0,0.19466334581375122,0.06065746772331271,28.628978521052375,7.750884275147189,0.3783495913412574
7884,test,0,0.1860714554786682,0.06065746772331271,28.63111031449167,7.750386730404936,0.3555263228133066
7885,test,0,0.19756768643856049,0.06065746772331271,28.632160010958636,7.750194640903089,0.3465947323772005
7886,test,0,0.19069762527942657,0.06065746772331271,28.63186700022209,7.750203961909129,0.34716091732565474
7887,test,0,0.21731385588645935,0.06065746772331271,28.632857538449844,7.750062149880257,0.33972315464907477
7888,test,0,0.22059625387191772,0.06065746772331271,28.63322611453859,7.74996153069173,0.3355597175489875
7889,test,0,0.24655458331108093,0.06065746772331271,28.633510544444615,7.749929898293582,0.33313629738808465
7890,test,0,0.24810335040092468,0.06065746772331271,28.633685736291277,7.749890730817116,0.33108623733422526
7891,test,0,0.33539193868637085,0.06065746772331271,28.63730226429556,7.749371342922224,0.2971255978540209
7892,test,0,0.33106502890586853,0.06065746772331271,28.63725532608491,7.749274284918567,0.2975873115972535
7893,test,0,0.3430435061454773,0.006121706107660612,28.64017299141355,7.7490760564516545,0.270411037576819
7894,test,0,0.1682954579591751,0.006121706107660612,28.641448819964683,7.748980899745085,0.2590489662154735
7895,test,0,0.1455457210540772,0.006121706107660612,28.64256845267521,7.74802287490119,-0.0001881759386724894
7896,test,0,0.34656012058258057,0.060259908654029484,28.645924520080506,7.749409850795152,-0.0129430072367677
7897,test,0,0.42313095927238464,0.060259908654029484,28.64530756145537,7.750383542050646,-0.028174780160000294
7898,test,0,0.44855940341949463,0.060259908654029484,28.645923687260506,7.749358857903591,3.747494297860237e-05
7899,test,0,0.21352966129779816,0.060259908654029484,28.63453716644648,7.749855215236408,0.04908231277257311
7900,test,0,0.4213005006313324,0.060259908654029484,28.646140193880743,7.74402597478695,-0.010257701493695336
7901,test,0,0.2861729860305786,0.060259908654029484,28.63869533265042,7.75115421193488,-0.05940989722647346
7902,test,0,0.36286336183547974,0.018734606603361667,28.63946965653566,7.748980138478517,0.26090208127545117
7903,test,0,0.32926076650619507,0.018734606603361667,28.640393206657073,7.749066998470032,0.26791203819884346
7904,test,0,0.44637808203697205,0.02737407648249829,28.625992466093102,7.7511614437789795,0.017323977404664057
7905,test,0,0.2100021243095398,0.04749478814575113,28.543590208605615,7.7068369511015264,1.3935544289513753
7906,test,0,0.27588045597076416,0.020568012790723806,28.47469619922403,7.660581159484212,2.4846286690390293
7907,test,0,0.3728589415550232,0.026195652212203845,28.425957898113182,7.636707264662728,-3.129497070249083
7908,test,0,0.2218674123287201,0.03729663792435859,28.380897605135825,7.624570083320654,-2.6868149473628216
7909,test,0,0.11049112677574158,0.03729663792435859,28.34857843338057,7.604193647870727,-2.522607144062661
7910,test,0,0.09175473451614383,0.014045624784404829,28.316488746302344,7.5805550717727925,-2.4957748547947785
7911,test,0,0.027546323835849776,0.014045624784404829,28.284960602613932,7.556260206726471,-2.4742962884207462
7912,test,0,0.0804305374622345,0.014045624784404829,28.253981133034706,7.531337993288889,-2.4553471834761886
7913,test,0,0.05554521083831787,0.014045624784404829,28.223297888809473,7.505807889008306,-2.440036462454875
7914,test,0,0.0638638287782669,0.014045624784404829,28.193068326453638,7.479825324662758,-2.4233791025105305
7915,test,0,0.0020727887749671936,0.014045624784404829,28.163338684017564,7.453454453834332,-2.4089408246322885
7916,test,0,0.0592462494969368,0.014045624784404829,28.133786489852675,7.426464268671867,-2.3931973340990327
7917,test,0,0.005647778511047363,0.07781667945107297,28.104916188853245,7.399168132193066,-2.3759609987908483
7918,test,0,0.06676395609974863,0.07781667945107297,28.076352063316477,7.371331748747749,-2.3630983604315765
7919,test,0,0.0033192262053489685,0.07781667945107297,28.0479613466014,7.343086309696044,-2.354554429863
7920,test,0,0.05159478820860386,0.07781667945107297,28.019952511701778,7.314821809630789,-2.3495609229378602
7921,test,0,0.031771428883075714,0.07781667945107297,27.991845744429092,7.286249458993485,-2.3467861843813163
7922,test,0,0.015845831483602524,0.07781667945107297,27.96390712352287,7.257728016890968,-2.345246464344456
7923,test,0,0.051559921354055405,0.07781667945107297,27.935982745789303,7.2291866455806755,-2.345905009845853
7924,test,0,0.015438666101545095,0.07781667945107297,27.907849828376488,7.200526089826506,-2.3478160756287676
7925,test,0,0.03548792004585266,0.08574950508941491,27.87988530765309,7.172152348051171,-2.350676739772921
7926,test,0,0.01535857282578945,0.08574950508941491,27.851653542032825,7.143717683910189,-2.3550382373654695
7927,test,0,0.03469456732273102,0.08574950508941491,27.823317133194365,7.115444552495438,-2.3600477418405355
7928,test,0,0.03503470867872238,0.08574950508941491,27.794886435093677,7.08742039576781,-2.3673714621753668
7929,test,0,0.024548418819904327,0.08574950508941491,27.766012592306975,7.059448163858207,-2.3770770926745115
7930,test,0,0.021261654794216142,0.08574950508941491,27.737085668319374,7.031991505364364,-2.3888432187610382
7931,test,0,0.007236979901790605,0.08574950508941491,27.707642655483077,7.004787856942337,-2.403012842042689
7932,test,0,0.04922789335250853,0.08021888136578083,27.677790437921708,6.977973216494368,-2.4162652068959947
7933,test,0,0.054370015859603854,0.08021888136578083,27.647721842645836,6.951703718279581,-2.4311803132217644
7934,test,0,0.011560499668121338,0.08021888136578083,27.617054048789463,6.925734326657155,-2.446999550848921
7935,test,0,0.017648130655288696,0.08021888136578083,27.58610842327636,6.90033974171901,-2.4628377369643597
7936,test,0,0.015205711126327487,0.08021888136578083,27.554669949949307,6.8754830737195975,-2.4827756739372018
7937,test,0,0.027189806103706374,0.08021888136578083,27.522731044769607,6.851265863634825,-2.503225626406134
7938,test,0,0.05256530642509463,0.08021888136578083,27.490189007720613,6.827714825561998,-2.5291257835071352
7939,test,0,0.14125850051641464,0.06121039290503202,27.45694546352182,6.805137164148044,-2.5632167189879076
7940,test,0,0.19373304396867752,0.06121039290503202,27.42275450335202,6.783802949748424,-2.6061386414733922
7941,test,0,0.18767161294817924,0.06121039290503202,27.387481568873987,6.763952363372971,-2.6525928291276855
7942,test,0,0.18642402457771823,0.06121039290503202,27.351668968384256,6.745867478758525,-2.6948207745987416
7943,test,0,0.2709928900003433,0.06121039290503202,27.31489832201962,6.729122418736921,-2.7332974856975265
7944,test,0,0.27625667303800583,0.06474253235250339,27.27770825778466,6.713819606605429,-2.7696283070557417
7945,test,0,0.2584959790110588,0.06474253235250339,27.239979816341904,6.6998965910037915,-2.806572665983343
7946,test,0,0.25272127240896225,0.06474253235250339,27.20176690870367,6.687294002770528,-2.8381629466348928
7947,test,0,0.27459413558244705,0.06474253235250339,27.16321072760203,6.675850756011603,-2.86907140811317
7948,test,0,0.2946343421936035,0.06474253235250339,27.124299076145903,6.665648575474842,-2.901009963877951
7949,test,0,0.2572377175092697,0.06474253235250339,27.085224817065228,6.656600364026456,-2.926273532925571
7950,test,0,0.21980083733797073,0.10111459133331101,27.04582805507971,6.648444716190343,-2.947715094389027
7951,test,0,0.2157088667154312,0.10111459133331101,27.006562827834568,6.641087925271145,-2.9640597043882067
7952,test,0,0.20781958103179932,0.10111459133331101,26.966980798880407,6.63427172673455,-2.9778309804363015
7953,test,0,0.19853459298610687,0.10111459133331101,26.927417565534352,6.627997104683973,-2.989885872818951
7954,test,0,0.21681102365255356,0.10111459133331101,26.887910294135875,6.622135066084315,-2.99803638874133
7955,test,0,0.2576482482254505,0.10111459133331101,26.848107800549712,6.616513754668475,-3.004349807056311
7956,test,0,0.24850577488541603,0.15181002381273384,26.80857485696187,6.611146085105128,-3.008494024530819
7957,test,0,0.1599891409277916,0.15181002381273384,26.768897546775225,6.60588482956641,-3.010885885083902
7958,test,0,0.17446259409189224,0.15181002381273384,26.729131013712824,6.600703816983232,-3.0132315412497483
7959,test,0,0.20917301252484324,0.15181002381273384,26.689602217439234,6.59564120067216,-3.0154731750243444
7960,test,0,0.21248482167720792,0.15181002381273384,26.64977229164322,6.590643098647519,-3.0183412220163235
7961,test,0,0.21853960305452347,0.15181002381273384,26.61011190621294,6.585809525012244,-3.022438726258615
7962,test,0,0.18376505374908447,0.1996589389097592,26.57039358183358,6.581156483084493,-3.028285825064104
7963,test,0,0.23412321507930756,0.1996589389097592,26.53040731999163,6.576772450983638,-3.0363545887610184
7964,test,0,0.24837481975555417,0.1996589389097592,26.490753484621663,6.572769360247265,-3.0463074042375005
7965,test,0,0.257026344537735,0.1996589389097592,26.450744588318614,6.5691772479792085,-3.058416179887801
7966,test,0,0.24728164076805115,0.1996589389097592,26.410772421895125,6.566094231421428,-3.070573195313865
7967,test,0,0.22198262065649033,0.1996589389097592,26.370880432298428,6.563502893124763,-3.082616950055993
7968,test,0,0.22517500072717667,0.20839822858352577,26.33075634463122,6.561300401639913,-3.0893669407899678
7969,test,0,0.21721471846103665,0.20839822858352577,26.290984981279518,6.559259405227702,-3.09147366852034
7970,test,0,0.23228690773248672,0.20839822858352577,26.250986366802476,6.5573138909702875,-3.095279761649206
7971,test,0,0.2516983151435852,0.20839822858352577,26.210955041902253,6.5555497940906,-3.100120468241563
7972,test,0,0.26844322681427,0.20839822858352577,26.171048939650188,6.55407147779079,-3.1100400750961676
7973,test,0,0.2538294866681099,0.20839822858352577,26.130875455919426,6.553026305040166,-3.120955383538007
7974,test,0,0.24856075644493103,0.21420973250865447,26.09095969087353,6.552328096080048,-3.1274264807087895
7975,test,0,0.22491983696818352,0.21420973250865447,26.050951848643795,6.551888671882926,-3.1337154352732046
7976,test,0,0.21540559828281403,0.21420973250865447,26.010871120219864,6.551645239826945,-3.1355608119690865
7977,test,0,0.18196175247430801,0.21420973250865447,25.97101198734644,6.551368023278046,-3.133923793550603
7978,test,0,0.17405138164758685,0.21420973250865447,25.93096771374899,6.550978963542224,-3.127855118566928
7979,test,0,0.15434638038277623,0.21420973250865447,25.891123862423402,6.5501942336834915,-3.1159938109421
7980,test,0,0.15925712510943413,0.19985943024526157,25.85130212370893,6.548965600655464,-3.106064402263005
7981,test,0,0.1702151149511337,0.19985943024526157,25.81125947411581,6.547399990652763,-3.099156767576338
7982,test,0,0.1700738817453384,0.19985943024526157,25.77143290647077,6.545604915519049,-3.0958963363363865
7983,test,0,0.09779104217886925,0.19985943024526157,25.731445984538,6.5437540253497115,-3.094903046651576
7984,test,0,0.08038474246859549,0.19985943024526157,25.691479740353785,6.541836293183241,-3.0916802284710987
7985,test,0,0.034820687025785446,0.19985943024526157,25.651682922731585,6.539780212220892,-3.0884648403686965
7986,test,0,0.07019892707467079,0.20295928516058545,25.611635029609747,6.537578080080033,-3.0841829996605927
7987,test,0,0.04673695936799051,0.20295928516058545,25.571880590358063,6.5351596007229,-3.077964792840468
7988,test,0,0.06926129385828972,0.20295928516058545,25.532026659470812,6.532499180391081,-3.0714663009305303
7989,test,0,0.05877497047185899,0.20295928516058545,25.492078484635154,6.52955145987315,-3.062728461466673
7990,test,0,0.02664207760244608,0.20295928516058545,25.452434576787482,6.526244073459908,-3.0545999942962676
7991,test,0,0.042505115270614624,0.20295928516058545,25.412541447263276,6.522612318805692,-3.0465230477830065
7992,test,0,0.06855287030339241,0.18828682435281854,25.372842089475853,6.518663622254192,-3.0374613615286505
7993,test,0,0.13611546903848648,0.18828682435281854,25.333229783178762,6.5143239841397085,-3.027216769072117
7994,test,0,0.16114074736833572,0.18828682435281854,25.293405847129982,6.509539405176392,-3.014909041193146
7995,test,0,0.22343706339597702,0.18828682435281854,25.254078815372303,6.504206816884334,-2.9980773016441757
7996,test,0,0.26798705011606216,0.18828682435281854,25.214690690655267,6.498070802130366,-2.9746537772222457
7997,test,0,0.33599624037742615,0.18828682435281854,25.17551283677529,6.490916376695258,-2.9463248798203017
7998,test,0,0.32727621495723724,0.15786335526804604,25.136832813717632,6.482593966619894,-2.9127924498008997
7999,test,0,0.2539898753166199,0.15786335526804604,25.09827591956118,6.472901555864871,-2.877850081905334
8000,test,0,0.2738763205707073,0.15786335526804604,25.059978745627806,6.462012025332044,-2.8539404482288036
8001,test,0,0.29404233768582344,0.15786335526804604,25.021931252598623,6.4503400939429385,-2.836297943102424
8002,test,0,0.3155293352901936,0.15786335526804604,24.98395085054047,6.438173123281281,-2.8280370871672558
8003,test,0,0.31475398503243923,0.15786335526804604,24.946011682679952,6.425725942474542,-2.8210139750974417
8004,test,0,0.3278084769845009,0.07145938739290812,24.908213995137494,6.413017749421629,-2.8145904764790486
8005,test,0,0.32396578043699265,0.07145938739290812,24.870390856502834,6.400081331206521,-2.809000957550204
8006,test,0,0.3087726719677449,0.07145938739290812,24.832741013214104,6.386896046126777,-2.800442101894509
8007,test,0,0.32096710428595543,0.07145938739290812,24.795230540207065,6.373436455415911,-2.7945087379458493
8008,test,0,0.31897421181201935,0.07145938739290812,24.757628757145834,6.359723211569632,-2.788979019716675
8009,test,0,0.33302671834826464,0.07145938739290812,24.72031949697328,6.3458169017222295,-2.78156541630819
8010,test,0,0.3420545905828476,0.039678590693038696,24.683009496994277,6.331621208209181,-2.7739432521752727
8011,test,0,0.33530911058187485,0.039678590693038696,24.645808659866375,6.317059014662445,-2.7612822709688696
8012,test,0,0.3428068608045578,0.039678590693038696,24.609051166484633,6.302028583410055,-2.745564291931314
8013,test,0,0.31857241690158844,0.039678590693038696,24.572337798661657,6.286278316450043,-2.726077637398242
8014,test,0,0.291530080139637,0.039678590693038696,24.53609884211578,6.2698360774554045,-2.704808708579333
8015,test,0,0.3246566727757454,0.039678590693038696,24.500195097077803,6.252694479835565,-2.6887976660541515
8016,test,0,0.31858672201633453,0.21835913452176464,24.4642709482635,6.2349105360131425,-2.673667967898951
8017,test,0,0.29971423372626305,0.21835913452176464,24.42899246048615,6.216732516021805,-2.6580342637042875
8018,test,0,0.3021338805556298,0.21835913452176464,24.393757220698685,6.197915632381006,-2.645002948654008
8019,test,0,0.3046582378447056,0.21835913452176464,24.358677599681634,6.1786938577801145,-2.6358658746652175
8020,test,0,0.3063021823763847,0.21835913452176464,24.32391827467797,6.159280850139447,-2.629291980558986
8021,test,0,0.3044490441679955,0.21835913452176464,24.289007062583035,6.139549641006999,-2.6253658994177553
8022,test,0,0.3005448430776596,0.39245843755611237,24.2544164201726,6.119862155878757,-2.624020525942461
8023,test,0,0.30844259262084955,0.39245843755611237,24.21966227537991,6.100091846769202,-2.6258885763257886
8024,test,0,0.32884728163480753,0.39245843755611237,24.184694586187174,6.080383549593547,-2.631475143113474
8025,test,0,0.32834649831056595,0.39245843755611237,24.149884984215817,6.061005511338991,-2.6361210250026708
8026,test,0,0.32500699907541275,0.39245843755611237,24.114758072910018,6.041641088421339,-2.6392959019790747
8027,test,0,0.3124165050685406,0.39245843755611237,24.079728471716496,6.0224568625731285,-2.641648191528427
8028,test,0,0.31218982487916946,0.5849966334039999,24.044660707720773,6.0033426223382005,-2.644001464860304
8029,test,0,0.33095476776361465,0.5849966334039999,24.009313710218287,5.9842317754976815,-2.6482045510824914
8030,test,0,0.33987364545464516,0.5849966334039999,23.974198333876583,5.965422287302465,-2.6512444771113026
8031,test,0,0.31633927673101425,0.5849966334039999,23.938872510994226,5.946567837887612,-2.650707703229741
8032,test,0,0.31017207354307175,0.5849966334039999,23.90360548386563,5.927697160062193,-2.649718406145416
8033,test,0,0.32159857451915747,0.5849966334039999,23.868459091655485,5.908848179878918,-2.649395380734134
8034,test,0,0.33089688420295715,0.7664234400227705,23.833089057573552,5.889876682089343,-2.6491148679456464
8035,test,0,0.31113454699516296,0.7664234400227705,23.797982191327673,5.871012988196167,-2.647462173703966
8036,test,0,0.3095906525850296,0.7664234400227705,23.76279863719534,5.852016994705219,-2.646116585789879
8037,test,0,0.31207999587059027,0.7664234400227705,23.727518624661123,5.832952730227222,-2.6466662912494536
8038,test,0,0.3332662433385849,0.7664234400227705,23.692445229940127,5.814061997529747,-2.649206254161667
8039,test,0,0.30861376225948334,0.7664234400227705,23.657083291014207,5.795128639118501,-2.650466695149953
8040,test,0,0.31579069793224335,0.9434018302445404,23.621827017036193,5.776317918283739,-2.652738951961644
8041,test,0,0.3476527035236359,0.9434018302445404,23.586525381031734,5.7576051725558415,-2.655937128274633
8042,test,0,0.3282927796244621,0.9434018302445404,23.550995681547573,5.738897728966974,-2.6562692179018113
8043,test,0,0.3163316175341606,0.9434018302445404,23.515846027329268,5.720281677059917,-2.6527950472231114
8044,test,0,0.32477434724569315,0.9434018302445404,23.480528003038707,5.70141900481203,-2.6493978900540127
8045,test,0,0.31595075130462646,0.9434018302445404,23.44533968805384,5.682476569123748,-2.6456028828034106
8046,test,0,0.28300367295742035,1.090212504469585,23.410325368894814,5.663428985692351,-2.6414105925484077
8047,test,0,0.27280911803245544,1.090212504469585,23.37508858036719,5.644169885232068,-2.642751721816898
8048,test,0,0.28016278147697454,1.090212504469585,23.34012354331809,5.625277535985597,-2.6518463263355523
8049,test,0,0.3267861157655716,1.090212504469585,23.30455166457587,5.606691648596115,-2.670214613712874
8050,test,0,0.31856121122837067,1.090212504469585,23.268517865789022,5.588772626245315,-2.6892189551700287
8051,test,0,0.3566227853298187,1.090212504469585,23.23243290956166,5.571639495684946,-2.7070268117479155
8052,test,0,0.3594230972230435,1.2225098963018042,23.19585391534662,5.554958548521569,-2.7191286920280846
8053,test,0,0.297743059694767,1.2225098963018042,23.159398420316844,5.538672006489886,-2.722849561500362
8054,test,0,0.35887208580970764,1.2225098963018042,23.122834005417246,5.5224999494206575,-2.728638325337187
8055,test,0,0.3622055016458035,1.2225098963018042,23.08610587214896,5.5064670357932055,-2.7292688658002526
8056,test,0,0.3534243926405906,1.2225098963018042,23.049766566970614,5.4904179739044405,-2.720619717759785
8057,test,0,0.31394728273153305,1.2225098963018042,23.0134229265964,5.473816499950871,-2.7042272731383226
8058,test,0,0.30544549971818924,1.3617038601988185,22.977435447460437,5.456610552383672,-2.686316999816786
8059,test,0,0.3232148289680481,1.3617038601988185,22.94188395517384,5.4388234858196745,-2.669126004341405
8060,test,0,0.3307579457759857,1.3617038601988185,22.906368247564718,5.420297555646555,-2.651448565639631
8061,test,0,0.33293671905994415,1.3617038601988185,22.87152370280305,5.401286418576987,-2.632232538384108
8062,test,0,0.12691904604434967,1.3617038601988185,22.83695497297477,5.381483487571042,-2.6100631625410466
8063,test,0,0.32669582962989807,1.3617038601988185,22.802795210886146,5.360881324033829,-2.587092711549624
8064,test,0,0.311343789100647,0.054662189629583746,22.769381503955284,5.339580091715717,-2.561239370184453
8065,test,0,0.27730725705623627,0.054662189629583746,22.736332144236556,5.317303666475973,-2.536448155736387
8066,test,0,0.2943470627069473,0.054662189629583746,22.703834244087858,5.294301884321792,-2.515594415531243
8067,test,0,0.2931331731379032,0.054662189629583746,22.671815989615816,5.270678492697116,-2.4972691255412256
8068,test,0,0.32763894647359854,0.054662189629583746,22.640086639674085,5.246504644518515,-2.4853281237182507
8069,test,0,0.31573300063610077,0.054662189629583746,22.608621735480583,5.221986966143226,-2.4737577769366195
8070,test,0,0.3294591829180717,0.054662189629583746,22.577507531894337,5.197117987412768,-2.4617498059256526
8071,test,0,0.3237426802515984,0.3133979531263881,22.546582877031856,5.171869401902258,-2.452029382458894
8072,test,0,0.3125268928706646,0.3133979531263881,22.515953800987972,5.146316174116426,-2.4403944938061177
8073,test,0,0.3264002948999405,0.3133979531263881,22.485691578077944,5.120480575962199,-2.4304316384655213
8074,test,0,0.3181947581470013,0.3133979531263881,22.455509477917882,5.094218650892141,-2.420342386282312
8075,test,0,0.3359352685511112,0.3133979531263881,22.425798127893792,5.067761478743613,-2.408756478512581
8076,test,0,0.33755116909742355,0.3133979531263881,22.396304840681868,5.040934026437719,-2.398137263753327
8077,test,0,0.3238157406449318,0.3133979531263881,22.367037212363144,5.013687496522726,-2.3840509447314737
8078,test,0,0.3355397433042526,0.5974558895247433,22.33844680820009,4.986184510329914,-2.3672254714505314
8079,test,0,0.32307810336351395,0.5974558895247433,22.31017837469587,4.95800380707826,-2.3477034264546326
8080,test,0,0.3203813135623932,0.5974558895247433,22.28250962691705,4.9292861526637415,-2.3264803417961413
8081,test,0,0.3311912789940834,0.5974558895247433,22.255586145009016,4.900100658846492,-2.3054048371245917
8082,test,0,0.33284611999988556,0.5974558895247433,22.229090598713974,4.87012425399829,-2.2827534747480445
8083,test,0,0.3328920155763626,0.5974558895247433,22.203530183208038,4.839786585293152,-2.2582650014041517
8084,test,0,0.16451996564865112,0.5974558895247433,22.178717782590493,4.80870411454016,-2.2302417723394123
8085,test,0,0.1784186214208603,0.015211849772619716,22.154810256616695,4.776898282830012,-2.1998148581408326
8086,test,0,0.17488321661949158,0.015211849772619716,22.132052982792562,4.744461577439074,-2.1646781499636987
8087,test,0,0.17109724879264832,0.015211849772619716,22.110462943886844,4.711208171207894,-2.1296095324724504
8088,test,0,0.16858473420143127,0.015211849772619716,22.08994587720919,4.677156169972121,-2.0965166114966958
8089,test,0,0.17325349152088165,0.015211849772619716,22.070622165435783,4.642474582361612,-2.0617058349994086
8090,test,0,0.1689365655183792,0.015211849772619716,22.05255444763031,4.607280485991409,-2.0285380215372157
8091,test,0,0.16404524445533752,0.014523934349692595,22.0355295170377,4.571214718931384,-1.994933278442601
8092,test,0,0.1481391191482544,0.014523934349692595,22.01949357900894,4.545969022248025,-1.905658988854054
8093,test,0,0.31275130435824394,0.014523934349692595,22.00166199167592,4.595570221126955,-1.9033643557978777
8094,test,0,0.34320735931396484,0.014523934349692595,22.037112357138064,4.340301102790632,-0.45829148814749326
8095,test,0,0.1877528578042984,0.014523934349692595,22.06579631759608,4.332967230478516,3.140955471065742
8096,test,0,0.22412459552288055,0.014523934349692595,22.02979518363905,4.332918447840239,-3.140754318266179
8097,test,0,0.14923161268234253,2.2102431943337266,22.013191598034943,4.341559342060633,-1.7732402404182885
8098,test,0,0.16147997975349426,2.2102431943337266,22.015681241650732,4.343974151830736,-1.93037942413461
8099,test,0,0.052473872900009155,2.2102431943337266,22.035703867356712,4.336225314762708,-1.7884812901656904
8100,test,0,0.30091795325279236,2.2102431943337266,22.03536754935312,4.334720197798859,-1.7879562437732428
8101,test,0,0.31453104317188263,2.2102431943337266,22.035366612891377,4.334718091115059,-1.788068371501952
8102,test,0,0.3145400285720825,2.2102431943337266,22.035366612785786,4.334718091212858,-1.7880683777911899
8103,test,0,0.29751548171043396,2.2102431943337266,22.035365592000304,4.334715200270232,-1.7878115825258856
8104,test,0,0.29812395572662354,2.2102431943337266,22.03536804643795,4.334714661078303,-1.7882977389375292
8105,test,0,0.2981189489364624,2.2102431943337266,22.035368046774472,4.33471466059318,-1.7882978462805073
8106,test,0,0.29812395572662354,2.2102431943337266,22.035368047173154,4.334714660095001,-1.7882979577508697
8107,test,0,0.2981224060058594,2.2102431943337266,22.035368047384363,4.334714659637844,-1.7882980685035068
8108,test,0,0.2981224060058594,2.2102431943337266,22.035368047607342,4.334714659176919,-1.788298176091539
8109,test,0,0.29812395572662354,2.2102431943337266,22.035368048033003,4.334714658671322,-1.7882982855157887
8110,test,0,0.2981179654598236,2.2102431943337266,22.03536624280248,4.334714791743341,-1.7881888102149912
8111,test,0,0.29812106490135193,2.2102431943337266,22.035366242080748,4.3347147920154105,-1.7881887395940477
8112,test,0,0.29812511801719666,2.2102431943337266,22.03536624142183,4.334714792272639,-1.788188665396256
8113,test,0,0.29812106490135193,2.2102431943337266,22.0353662409555,4.334714792487799,-1.7881885936173485
8114,test,0,0.29812106490135193,2.2102431943337266,22.035366241385372,4.334714792578351,-1.788188902064857
8115,test,0,0.2981249988079071,2.2102431943337266,22.03536624091485,4.334714792919269,-1.7881888955553589
8116,test,0,0.2981262505054474,2.2102431943337266,22.035366240370156,4.334714793150967,-1.7881888214456518
8117,test,0,0.29812511801719666,2.2102431943337266,22.035366239965846,4.334714793352587,-1.7881887515563468
8118,test,0,0.29812511801719666,2.2102431943337266,22.0353662400334,4.334714793523848,-1.7881889296109659
8119,test,0,0.2981266677379608,2.2102431943337266,22.03536623960127,4.334714793891968,-1.788188939769379
8120,test,0,0.2981266677379608,2.2102431943337266,22.035366239313934,4.334714794221854,-1.7881889395306334
8121,test,0,0.2981266677379608,2.2102431943337266,22.03536623904855,4.334714794392411,-1.788188954815457
8122,test,0,0.2981266677379608,2.2102431943337266,22.035366238659186,4.334714794727373,-1.788188966058324
8123,test,0,0.2981266677379608,2.2102431943337266,22.035366238093648,4.334714795028239,-1.78818892344156
8124,test,0,0.2981266677379608,2.2102431943337266,22.035366237642855,4.334714795239037,-1.788188850431727
8125,test,0,0.2981262505054474,2.2102431943337266,22.03536623772794,4.334714795383958,-1.788188983435903
8126,test,0,0.29812654852867126,2.2102431943337266,22.035366237261332,4.334714795622577,-1.788188990531595
8127,test,0,0.2981266677379608,2.2102431943337266,22.035366236907183,4.3347147959857155,-1.788189000166443
8128,test,0,0.2981266677379608,2.2102431943337266,22.035366236546157,4.334714796240832,-1.7881889600315533
8129,test,0,0.29812654852867126,2.2102431943337266,22.035366235988032,4.334714796476115,-1.7881888911536319
8130,test,0,0.29812654852867126,2.2102431943337266,22.035366235790757,4.334714796686058,-1.7881890205418383
8131,test,0,0.298124223947525,2.2102431943337266,22.03536623550407,4.334714797047794,-1.788189029597519
8132,test,0,0.29812929034233093,2.2102431943337266,22.03536623537921,4.334714797334867,-1.7881890404634868
8133,test,0,0.2981266677379608,2.2102431943337266,22.035366235099573,4.334714797627963,-1.7881890525314994
8134,test,0,0.29812654852867126,2.2102431943337266,22.03536623469498,4.334714797984276,-1.788189062943961
8135,test,0,0.29812654852867126,2.2102431943337266,22.035366234447928,4.334714798320949,-1.7881890727354544
8136,test,0,0.2981266677379608,2.2102431943337266,22.035366234259488,4.334714798604887,-1.78818908433896
8137,test,0,0.29812654852867126,2.2102431943337266,22.035366233681597,4.334714798881409,-1.7881890406706906
8138,test,0,0.29812631011009216,2.2102431943337266,22.03536623295581,4.334714799152187,-1.7881889669192523
8139,test,0,0.2981266677379608,2.2102431943337266,22.035366232988768,4.33471479928832,-1.7881890986557625
8140,test,0,0.2981266677379608,2.2102431943337266,22.03536623281759,4.334714799568106,-1.788189110286747
8141,test,0,0.2981266677379608,2.2102431943337266,22.035366232451377,4.334714799894519,-1.7881891216560188
8142,test,0,0.2981240451335907,2.2102431943337266,22.035366231970748,4.334714800202132,-1.788189093005782
8143,test,0,0.29812654852867126,2.2102431943337266,22.035366231517898,4.33471480041281,-1.7881890212716556
8144,test,0,0.2981240451335907,2.2102431943337266,22.03536623099735,4.334714800639273,-1.7881889529354462
8145,test,0,0.2981240451335907,2.2102431943337266,22.03536623091246,4.334714800750149,-1.7881891445175555
8146,test,0,0.29812005162239075,2.2102431943337266,22.035366230570048,4.3347148011218195,-1.7881891536346095
8147,test,0,0.2981126606464386,2.2102431943337266,22.035366230412983,4.334714801424326,-1.7881891640945506
8148,test,0,0.29812005162239075,2.2102431943337266,22.03536623014355,4.334714801720836,-1.7881891758903603
8149,test,0,0.29812005162239075,2.2102431943337266,22.035366229747385,4.334714802076376,-1.7881891862262889
8150,test,0,0.2981126606464386,2.2102431943337266,22.035366229212915,4.334714802307874,-1.788189114258478
8151,test,0,0.29812654852867126,2.2102431943337266,22.035366228792384,4.334714802511537,-1.788189044625481
8152,test,0,0.2981216609477997,2.2102431943337266,22.035366228175235,4.33471480275898,-1.7881889760263183
8153,test,0,0.2981280982494354,2.2102431943337266,22.035366227436345,4.3347148030322336,-1.788188903211644
8154,test,0,0.2981126606464386,2.2102431943337266,22.035366226886847,4.334714803263304,-1.7881888293490393
8155,test,0,0.2981280982494354,2.2102431943337266,22.035366226421928,4.334714803476592,-1.7881887593948005
8156,test,0,0.2981216609477997,2.2102431943337266,22.035366227144287,4.334714803480127,-1.7881892224484301
8157,test,0,0.2981280982494354,2.2102431943337266,22.03536622679029,4.334714803845684,-1.788189231927415
8158,test,0,0.2981216609477997,2.2102431943337266,22.035366226641283,4.33471480415162,-1.7881892421309835
8159,test,0,0.2981208264827728,2.2102431943337266,22.035366226441045,4.334714804423343,-1.7881892543739846
8160,test,0,0.2981208264827728,2.2102431943337266,22.035366225780898,4.3347148046954125,-1.7881891955846088
8161,test,0,0.2981216609477997,2.2102431943337266,22.035366225110717,4.334714804952729,-1.7881891217170858
8162,test,0,0.2981280982494354,2.2102431943337266,22.035366224633737,4.334714805167742,-1.788189049766175
8163,test,0,0.2981204092502594,2.2102431943337266,22.035366224843507,4.3347148052653415,-1.7881892757668578
8164,test,0,0.2981204688549042,2.2102431943337266,22.03536622440882,4.334714805607368,-1.7881892851927526
8165,test,0,0.2981204688549042,2.2102431943337266,22.035366224145537,4.3347148059592655,-1.788189294409555
8166,test,0,0.2981204688549042,2.2102431943337266,22.035366224026358,4.334714806238035,-1.7881893055443594
8167,test,0,0.2981204688549042,2.2102431943337266,22.03536622373235,4.33471480652936,-1.7881893177759387
8168,test,0,0.29812750220298767,2.2102431943337266,22.035366223308245,4.33471480688861,-1.7881893281814094
8169,test,0,0.2981204688549042,2.2102431943337266,22.03536622304615,4.334714807229402,-1.7881893378690543
8170,test,0,0.29812750220298767,2.2102431943337266,22.035366222849785,4.334714807517608,-1.788189349307804
8171,test,0,0.29812750220298767,2.2102431943337266,22.035366222308934,4.33471480780099,-1.7881893150378312
8172,test,0,0.2981177866458893,2.2102431943337266,22.03536622160544,4.334714808065208,-1.7881892411016935
8173,test,0,0.2981177866458893,2.2102431943337266,22.035366221130168,4.334714808279022,-1.7881891675205908
8174,test,0,0.29812750220298767,2.2102431943337266,22.035366220696925,4.334714808484646,-1.7881890985453472
8175,test,0,0.2981177866458893,2.2102431943337266,22.035366220049305,4.334714808737537,-1.7881890288870101
8176,test,0,0.5196655988693237,2.2102431943337266,22.035366219394124,4.334714808991159,-1.788188955589583
8177,test,0,0.519656240940094,2.2102431943337266,22.03536621892278,4.334714809204461,-1.788188883750814
8178,test,0,0.5196655988693237,2.2102431943337266,22.03536621838647,4.334714809432884,-1.7881888150994878
8179,test,0,0.519656240940094,2.2102431943337266,22.03536621765339,4.334714809704133,-1.7881887436512767
8180,test,0,0.519656240940094,2.2102431943337266,22.035366217025466,4.334714809951277,-1.7881886689131203
8181,test,0,0.519656240940094,2.2102431943337266,22.035366218586656,4.33471480965444,-1.7881893985595854
8182,test,0,0.5196632146835327,2.2102431943337266,22.035366218327233,4.3347148099431045,-1.7881894105536063
8183,test,0,0.5196632146835327,2.2102431943337266,22.035366217929703,4.334714810293695,-1.7881894210733553
8184,test,0,0.5196563601493835,2.2102431943337266,22.0353662176792,4.334714810630617,-1.7881894308134796
8185,test,0,0.5196563601493835,2.2102431943337266,22.035366217510322,4.334714810909765,-1.7881894423684532
8186,test,0,0.5196632146835327,2.2102431943337266,22.035366217140446,4.334714811223412,-1.788189454270684
8187,test,0,0.5196576118469238,2.2102431943337266,22.035366216700364,4.334714811600652,-1.788189463994866
8188,test,0,0.5196576118469238,2.2102431943337266,22.035366216474184,4.334714811939879,-1.7881894733965444
8189,test,0,0.5196576118469238,2.2102431943337266,22.03536621620335,4.334714812197224,-1.7881894541215548
8190,test,0,0.5196576118469238,2.2102431943337266,22.03536621557263,4.334714812445505,-1.788189384153337
8191,test,0,0.5196654796600342,2.2102431943337266,22.035366214923812,4.334714812696898,-1.788189310779001
8192,test,0,0.5196576118469238,2.2102431943337266,22.035366214472855,4.334714812904828,-1.7881892386913676
8193,test,0,0.5196654796600342,2.2102431943337266,22.03536621398449,4.334714813121972,-1.7881891704413235
8194,test,0,0.5196617245674133,2.2102431943337266,22.03536621326702,4.334714813389272,-1.788189100031985
8195,test,0,0.519662082195282,2.2102431943337266,22.03536621388451,4.3347148134701055,-1.7881895156661045
8196,test,0,0.519662082195282,2.2102431943337266,22.03536621371217,4.334714813777331,-1.7881895259813014
8197,test,0,0.5196682214736938,2.2102431943337266,22.035366213450494,4.334714814071383,-1.7881895377440602
8198,test,0,0.5196635127067566,2.2102431943337266,22.035366213049226,4.334714814424721,-1.7881895481496553
8199,test,0,0.5196592807769775,2.2102431943337266,22.035366212565563,4.334714814682794,-1.7881894942229117
8200,test,0,0.5196592807769775,2.2102431943337266,22.035366212159055,4.334714814880975,-1.7881894241694063
8201,test,0,0.5196682214736938,2.2102431943337266,22.035366211577674,4.334714815118318,-1.788189355900023
8202,test,0,0.5196598768234253,2.2102431943337266,22.03536621162658,4.334714815316039,-1.7881895737423021
8203,test,0,0.5196598768234253,2.2102431943337266,22.035366211361115,4.334714815660374,-1.7881895832553176
8204,test,0,0.5196598768234253,2.2102431943337266,22.035366211123776,4.334714815937311,-1.7881895800172827
8205,test,0,0.5196587443351746,2.2102431943337266,22.035366210481172,4.334714816187553,-1.788189510004527
8206,test,0,0.5196598768234253,2.2102431943337266,22.035366209802948,4.334714816444692,-1.7881894362022734
8207,test,0,0.5196598768234253,2.2102431943337266,22.035366209345312,4.3347148166532135,-1.788189363148798
8208,test,0,0.5196587443351746,2.2102431943337266,22.035366208907114,4.334714816858523,-1.7881892946470126
8209,test,0,0.5196534395217896,2.2102431943337266,22.035366208239466,4.334714817114358,-1.7881892250515294
8210,test,0,0.5196534395217896,2.2102431943337266,22.035366208694946,4.33471481706644,-1.7881896120527725
8211,test,0,0.5196534395217896,2.2102431943337266,22.035366208499912,4.334714817359624,-1.7881896248546727
8212,test,0,0.5196534395217896,2.2102431943337266,22.035366208185405,4.3347148175728005,-1.7881896377045596
8213,test,0,0.5196534395217896,2.2102431943337266,22.035366207647137,4.334714817891867,-1.7881896183229617
8214,test,0,0.5196534395217896,2.2102431943337266,22.035366207045072,4.3347148181315305,-1.7881895436681654
8215,test,0,0.5196534395217896,2.2102431943337266,22.035366206640717,4.334714818328284,-1.7881894724877705
8216,test,0,0.5196534395217896,2.2102431943337266,22.035366206112343,4.334714818553208,-1.78818940417231
8217,test,0,0.519666314125061,2.2102431943337266,22.035366206304936,4.334714818709797,-1.7881896681018654
8218,test,0,0.5196635723114014,2.2102431943337266,22.035366206037068,4.334714819049657,-1.7881896778187487
8219,test,0,0.5196667909622192,2.2102431943337266,22.035366205852323,4.334714819333949,-1.7881896892438045
8220,test,0,0.5196667909622192,2.2102431943337266,22.03536620547936,4.334714819652222,-1.7881897009288485
8221,test,0,0.519662618637085,2.2102431943337266,22.035366204778004,4.334714819925987,-1.788189633937295
8222,test,0,0.5196667909622192,2.2102431943337266,22.03536620427294,4.3347148201440575,-1.7881895599304234
8223,test,0,0.5196641683578491,2.2102431943337266,22.03536620384654,4.334714820345819,-1.7881894904489917
8224,test,0,0.5196641683578491,2.2102431943337266,22.03536620321984,4.334714820591898,-1.788189420911655
8225,test,0,0.5196667909622192,2.2102431943337266,22.03536620256417,4.334714820843476,-1.7881893478061786
8226,test,0,0.5196667909622192,2.2102431943337266,22.035366202095524,4.334714821053958,-1.7881892757714555
8227,test,0,0.5196667909622192,2.2102431943337266,22.035366202865138,4.33471482092802,-1.7881897297716234
8228,test,0,0.519662618637085,2.2102431943337266,22.03536620231614,4.334714821239253,-1.7881897124037793
8229,test,0,0.5196652412414551,2.2102431943337266,22.035366201657272,4.334714821490795,-1.788189637845789
8230,test,0,0.5196652412414551,2.2102431943337266,22.035366201215748,4.3347148216948685,-1.7881895656865718
8231,test,0,0.5196652412414551,2.2102431943337266,22.035366200701674,4.3347148219158,-1.7881894967144099
8232,test,0,0.5196670293807983,2.2102431943337266,22.035366200021645,4.33471482217279,-1.788189425179627
8233,test,0,0.5196670293807983,2.2102431943337266,22.035366199463716,4.33471482240226,-1.7881893516298684
8234,test,0,0.5196652412414551,2.2102431943337266,22.03536619903898,4.3347148226031615,-1.7881892817253369
8235,test,0,0.5196652412414551,2.2102431943337266,22.035366199815993,4.334714822498988,-1.7881897715564519
8236,test,0,0.5196607112884521,2.2102431943337266,22.03536619936724,4.334714822869563,-1.7881897815841439
8237,test,0,0.5196607112884521,2.2102431943337266,22.035366198999707,4.3347148231729316,-1.788189759373577
8238,test,0,0.5196670293807983,2.2102431943337266,22.0353661985508,4.334714823378718,-1.7881896891938713
8239,test,0,0.5196607112884521,2.2102431943337266,22.03536619792803,4.334714823623096,-1.7881896192970017
8240,test,0,0.5196607112884521,2.2102431943337266,22.035366197956037,4.334714823789906,-1.7881898056945986
8241,test,0,0.51966792345047,2.2102431943337266,22.035366197795515,4.334714824096479,-1.7881898158612175
8242,test,0,0.5196607112884521,2.2102431943337266,22.035366197359625,4.334714824310612,-1.7881897540556935
8243,test,0,0.5196607112884521,2.2102431943337266,22.035366197034495,4.334714824490638,-1.788189830147677
8244,test,0,0.5196607112884521,2.2102431943337266,22.035366196652745,4.334714824859491,-1.7881898396117526
8245,test,0,0.5196630358695984,2.2102431943337266,22.035366196293456,4.334714825115708,-1.788189800575718
8246,test,0,0.5196610689163208,2.2102431943337266,22.035366195767168,4.334714825338586,-1.7881897313782467
8247,test,0,0.5196610689163208,2.2102431943337266,22.035366195070587,4.334714825598529,-1.7881896596355746
8248,test,0,0.5196582078933716,2.2102431943337266,22.035366194491314,4.334714825831888,-1.788189585381284
8249,test,0,0.5196582078933716,2.2102431943337266,22.035366194091615,4.334714826026402,-1.7881895147686846
8250,test,0,0.5196630358695984,2.2102431943337266,22.035366194657627,4.334714826073711,-1.788189875048708
8251,test,0,0.5196579694747925,2.2102431943337266,22.035366194041597,4.334714826367628,-1.7881898343370035
8252,test,0,0.5196579694747925,2.2102431943337266,22.035366193459243,4.3347148266015365,-1.7881897605885533
8253,test,0,0.5196610689163208,2.2102431943337266,22.0353661935408,4.334714826761335,-1.788189892701931
8254,test,0,0.5196630358695984,2.2102431943337266,22.035366193179424,4.334714827079601,-1.7881899042387752
8255,test,0,0.5196579694747925,2.2102431943337266,22.0353661927822,4.334714827449447,-1.7881899138013377
8256,test,0,0.5196579694747925,2.2102431943337266,22.03536619260441,4.334714827770664,-1.7881899234530259
8257,test,0,0.5196665525436401,2.2102431943337266,22.035366192453438,4.334714828036676,-1.7881899353476223
8258,test,0,0.5196630954742432,2.2102431943337266,22.0353661919461,4.334714828313559,-1.7881899063498474
8259,test,0,0.5196598172187805,2.2102431943337266,22.035366191272054,4.334714828567689,-1.7881898331946782
8260,test,0,0.5196598172187805,2.2102431943337266,22.035366190785584,4.334714828780567,-1.7881897609776742
8261,test,0,0.5196665525436401,2.2102431943337266,22.0353661909379,4.334714828861474,-1.7881899587859442
8262,test,0,0.5196553468704224,2.2102431943337266,22.035366190502575,4.33471482921274,-1.7881899695288448
8263,test,0,0.5196665525436401,2.2102431943337266,22.035366189868583,4.334714829457459,-1.7881898948545893
8264,test,0,0.5196553468704224,2.2102431943337266,22.035366189450972,4.334714829655011,-1.788189823019526
8265,test,0,0.5196586847305298,2.2102431943337266,22.035366188944927,4.3347148298729765,-1.7881897545206669
8266,test,0,0.5196652412414551,2.2102431943337266,22.035366189035926,4.334714829976283,-1.7881899883463004
8267,test,0,0.5196652412414551,2.2102431943337266,22.03536618849286,4.334714830218471,-1.7881899231976048
8268,test,0,0.5196652412414551,2.2102431943337266,22.035366188399692,4.334714830328914,-1.788189997201325
8269,test,0,0.5196665525436401,2.2102431943337266,22.035366187946302,4.334714830610465,-1.7881899798678182
8270,test,0,0.5196651220321655,2.2102431943337266,22.03536618720781,4.3347148308784185,-1.7881899068170326
8271,test,0,0.5196586847305298,2.2102431943337266,22.03536618715766,4.3347148310487436,-1.7881900145315714
8272,test,0,0.5196652412414551,2.2102431943337266,22.03536618700788,4.33471483132499,-1.7881900259354564
8273,test,0,0.5196651220321655,2.2102431943337266,22.035366186669933,4.33471483163551,-1.7881900375698248
8274,test,0,0.5196586847305298,2.2102431943337266,22.03536618605717,4.334714831900293,-1.7881899777154657
8275,test,0,0.5196652412414551,2.2102431943337266,22.035366185589044,4.334714832108516,-1.7881899054182575
8276,test,0,0.5196585655212402,2.2102431943337266,22.03536618510647,4.334714832320905,-1.7881898370057594
8277,test,0,0.5196585655212402,2.2102431943337266,22.03536618518969,4.334714832502886,-1.7881900626277631
8278,test,0,0.5196638107299805,2.2102431943337266,22.03536618481466,4.334714832874256,-1.7881900718896597
8279,test,0,0.5196553468704224,2.2102431943337266,22.035366184647316,4.334714833181531,-1.788190082054437
8280,test,0,0.5196585655212402,2.2102431943337266,22.035366184411426,4.334714833466657,-1.788190093872478
8281,test,0,0.5196592807769775,2.2102431943337266,22.03536618401885,4.334714833810198,-1.7881901045342614
8282,test,0,0.5196570754051208,2.2102431943337266,22.035366183751776,4.334714834152576,-1.7881901140722116
8283,test,0,0.5196592807769775,2.2102431943337266,22.03536618361937,4.334714834427904,-1.7881901253409958
8284,test,0,0.5196570754051208,2.2102431943337266,22.03536618331093,4.334714834717179,-1.7881901376480407
8285,test,0,0.5196624994277954,2.2102431943337266,22.035366182862322,4.334714835079367,-1.7881901479987183
8286,test,0,0.5196622014045715,2.2102431943337266,22.035366182585612,4.334714835426773,-1.788190157390895
8287,test,0,0.5196622014045715,2.2102431943337266,22.035366182412133,4.334714835713231,-1.788190168555942
8288,test,0,0.5196624994277954,2.2102431943337266,22.03536618206971,4.334714836027169,-1.7881901800767972
8289,test,0,0.5196622014045715,2.2102431943337266,22.03536618169377,4.334714836388956,-1.7881901897676442
8290,test,0,0.5196657180786133,2.2102431943337266,22.035366181524974,4.33471483670198,-1.7881901996785492
8291,test,0,0.519661545753479,2.2102431943337266,22.035366181298272,4.33471483695303,-1.7881901925265933
8292,test,0,0.5196610689163208,2.2102431943337266,22.035366180635176,4.33471483720475,-1.7881901231983937
8293,test,0,0.5196630954742432,2.2102431943337266,22.035366179943686,4.334714837461706,-1.7881900497557444
8294,test,0,0.5196610689163208,2.2102431943337266,22.03536617945118,4.334714837674879,-1.788189977267523
8295,test,0,0.5196610689163208,2.2102431943337266,22.035366179757048,4.334714837733621,-1.7881902314201925
8296,test,0,0.5196630954742432,2.2102431943337266,22.035366179341764,4.334714838081695,-1.7881902420902078
8297,test,0,0.5196610689163208,2.2102431943337266,22.03536617904329,4.334714838437975,-1.7881902512906314
8298,test,0,0.5196610689163208,2.2102431943337266,22.035366178926637,4.33471483872061,-1.7881902620665433
8299,test,0,0.5196610689163208,2.2102431943337266,22.035366178675925,4.334714838997388,-1.788190274390325
8300,test,0,0.5196610689163208,2.2102431943337266,22.035366178086726,4.334714839288177,-1.7881902373492327
