step,mode,loss,angle_error(rad),distance(m),x(m),y(m),the(rad)
1,training,0.10252401,0.3201937079429626,0.0,0.0001711739424003567,0.0005076996563287551,0.003085024784224232
2,training,0.08820386,0.28956550173461443,0.0,0.005597079432593096,0.0005304350681597422,0.0032254609638006798
3,training,0.08583444,0.3185514137148857,0.0,0.03928778794191002,0.0006607519831003298,0.005837806171407594
4,training,0.07818686,0.30360307544469833,0.0,0.07907300709598666,0.001031016764217117,0.013927098366847253
5,training,0.06989139,0.3037099912762642,0.0,0.1189940070878059,0.0018388500281041717,0.027552099382462135
6,training,0.05693852,0.26378241926431656,0.0,0.15892511471201315,0.0032552932330559056,0.04471328015159384
7,training,0.053035777,0.2736479192972184,0.0,0.19853007287885965,0.005467265797554153,0.06800449029741083
8,training,0.041995887,0.20034028589725494,0.006072167915692738,0.23827090458208883,0.008712185333613034,0.09584933291144476
9,training,0.031502485,0.12551681697368622,0.006072167915692738,0.277763160834644,0.013095607239063578,0.12659263640836874
10,training,0.017847188,0.06332316994667048,0.006072167915692738,0.31698372232495414,0.01882947547154038,0.1650432803996225
11,training,0.011772992,0.07864883542060846,0.006072167915692738,0.35593379503259687,0.026138354820237242,0.20665878776027116
12,training,0,0.02061806619167328,0.006072167915692738,0.3945097379570223,0.03514620038428922,0.2546849087281688
13,training,0.0059139356,0.05226753652095795,0.006072167915692738,0.43238993155966476,0.04607445923359004,0.30618173993334225
14,training,0.008516306,0.1693624183535576,0.03880639407334943,0.4697698507612808,0.05896451133923415,0.35963518350155055
15,training,0.008625538,0.19837339222431183,0.03880639407334943,0.5064980573061114,0.07397801484473071,0.4180694326404911
16,training,0.018663242,0.22654250264167786,0.03880639407334943,0.5591840076644792,0.10046418368430869,0.5150711108536371
17,training,0.041074287,0.34811435360461473,0.03880639407334943,0.5927909910981197,0.1209713634717305,0.5809178524237987
18,training,0.02434262,0.32149017974734306,0.014643986154617138,0.6553001794664797,0.1686253525938707,0.7239352094533317
19,training,0.021898177,0.29940755292773247,0.014643986154617138,0.6838668738595987,0.1957341577680246,0.7944293674145412
20,training,0.04621228,0.2586180083453655,0.019217504984182905,0.7352533919047,0.2554483869335346,0.9241456324043219
21,training,0.03653868,0.218681406986434,0.019217504984182905,0.7688199533261862,0.3041131649497932,1.0067950577381481
22,training,0.0129645895,0.22270768508315086,0.10485347392665612,0.7988221096459016,0.3555884266455738,1.0753711605027083
23,training,0.03772098,0.25017689168453217,0.10485347392665612,0.8171485798686117,0.39066528993951455,1.0903234570396692
24,training,0.053421974,0.49429161846637726,0.10485347392665612,0.826494862103143,0.4084635859667978,1.0822502845676027
25,training,0.08951097,0.6498420089483262,0.10485347392665612,0.8457463492090046,0.4434738395918471,1.0436887427194141
26,training,0.06875223,0.7268347591161727,0.10485347392665612,0.8676079336197777,0.47765313104459445,0.9514751145868958
27,training,0.03462408,0.6594173908233643,0.10485347392665612,0.8932502693012034,0.5095558060298554,0.8317385573842502
28,training,0.08244243,0.6323970854282379,0.23192087381436108,0.9226230212607853,0.5381932763029144,0.7152114658617036
29,training,0.039382383,0.5277470275759697,0.23192087381436108,0.9549791499097021,0.5633231439231625,0.6058204019120832
30,training,0.19349307,0.4750194177031517,0.256697853727081,0.9892986545414959,0.5846154333208112,0.5076343373961502
31,training,0.09379713,0.40826045721769333,0.256697853727081,1.0254506337676914,0.6028460622000497,0.4271625766941902
32,training,0.09516631,0.3813120573759079,0.256697853727081,1.063066895988887,0.6183317880719152,0.35561243008296683
33,training,0.12037812,0.3120365738868713,0.2574423002257934,1.101526577815003,0.6312058681522784,0.29113036356880967
34,training,0.12255895,0.2838725335896015,0.2574423002257934,1.1404382028241424,0.6416982506964557,0.23702974594941567
35,training,0.050716877,0.19122106581926343,0.2574423002257934,1.1798612368446226,0.6502373979806092,0.1902586647940255
36,training,0.12809865,0.25340807251632214,0.2574423002257934,1.2196181550841512,0.656931364856767,0.14749904922584336
37,training,0.13206996,0.1344561092555523,0.2574423002257934,1.2595121738920907,0.6620937441802188,0.10692747103653702
38,training,0.10472728,0.10359932854771614,0.20911814597962677,1.2994830103174606,0.6658842189207215,0.08424455704551953
39,training,0.03740567,0.05736397020518779,0.20911814597962677,1.3595595565144072,0.670116312388331,0.05783996051237676
40,training,0.080193974,0.06151708494871855,0.20911814597962677,1.3994855104314328,0.6721607569409187,0.04605513286869003
41,training,0.089797094,0.10572239011526109,0.20911814597962677,1.4195676570301865,0.6730432643273556,0.04136897984425707
42,training,0,0.048991609830409295,0.20911814597962677,1.4597748132408201,0.6744504312130918,0.026644846467657524
43,training,0,0.041284091304987676,0.1434397034491462,1.4996995359966965,0.6752853979701324,0.016519763013271606
44,training,0.031005062,0.08312229486182332,0.1434397034491462,1.5399036926910108,0.6758024342873592,0.009427972086367205
45,training,0,0.012911375612020496,0.1434397034491462,1.5798170048438442,0.6760070104771649,-0.0010121545808817038
46,training,0.06882621,0.06294904230162501,0.1434397034491462,1.6198807792952963,0.6758224462763167,-0.004296453575600646
47,training,0.05725255,0.05762946617323905,0.1434397034491462,1.6799233427353353,0.6754175833617823,-0.013736651627108463
48,training,0,0.046476200222969055,0.07834986227653812,1.6999054547694725,0.6750863078035655,-0.0195679682565178
49,training,0,0.03926660818979144,0.07834986227653812,1.7400853209188447,0.674081372365732,-0.03020958085058532
50,training,0,0.026989551261067397,0.07834986227653812,1.7601057634318404,0.6734337708660655,-0.03435721777498133
51,training,0,0.020938779227435592,0.07834986227653812,1.799943146733667,0.6719003323499354,-0.04244662796830398
52,training,0,0.013530564960092306,0.07834986227653812,1.840025011102758,0.6700730671195066,-0.04850823827832267
53,training,0,0.013981589581817385,0.07834986227653812,1.8799063723881948,0.6680625404216063,-0.05270708479844909
54,training,0,0.006702113896608353,0.04814259224901189,1.9197894903235575,0.6658820408609811,-0.05688341326364513
55,training,0,0.00023927353322505864,0.04814259224901189,1.9598487934091253,0.663538682918878,-0.05927514813153416
56,training,0,0.0013852771371603012,0.04814259224901189,1.999582311981275,0.6611622330329944,-0.06105946066904563
57,training,0,0.0071179281221702695,0.04814259224901189,2.0395504269656923,0.6586828094173452,-0.06308911426482791
58,training,0,0.0074248104356229305,0.04814259224901189,2.079491952873511,0.6561448147314048,-0.06416704539149887
59,training,0,0.02257146406918764,0.04814259224901189,2.1192390406576256,0.6535386101595297,-0.06683959437156298
60,training,0,0.02750695589929819,0.013572082401327847,2.1592660944116004,0.6508207915050851,-0.06889563426072619
61,training,0,0.023280867375433445,0.013572082401327847,2.1990046307634756,0.6480602647725208,-0.070857119476107
62,training,0,0.038636717945337296,0.013572082401327847,2.238896901463745,0.6451816760419758,-0.07349076307289255
63,training,0,0.030876629054546356,0.013572082401327847,2.278856597817265,0.6422051333594995,-0.07512756042194063
64,training,0,0.03817412815988064,0.013572082401327847,2.3185477759849453,0.6391665671680639,-0.07822341880968812
65,training,0,0.042035821825265884,0.013572082401327847,2.358517146477797,0.6359781894426001,-0.08106027672086441
66,training,0.0719813,0.05984601937234402,0.01158926978895314,2.418138725539721,0.6310550381736201,-0.08492989222586476
67,training,0.076760985,0.061395395547151566,0.01158926978895314,2.458069626956107,0.6275905393075526,-0.08834720961397696
68,training,0.04957176,0.07685942947864532,0.01158926978895314,2.4978865400328694,0.6240069367799455,-0.0922058472894921
69,training,0.05481276,0.10819878429174423,0.01158926978895314,2.5376040683020453,0.6201849174644031,-0.10010703330651621
70,training,0.042964123,0.13648740574717522,0.01158926978895314,2.5974007222723765,0.6138101004448857,-0.11232425580257753
71,training,0.0519898,0.15435904636979103,0.01158926978895314,2.6370484051031595,0.6091189134087478,-0.12388480418028627
72,training,0.09414762,0.18311187624931335,0.03194844525432556,2.6768375796885,0.603933737570086,-0.13525504560610954
73,training,0.08690441,0.20887726917862892,0.03194844525432556,2.7164202819194694,0.5983475456094581,-0.14581287566005574
74,training,0.07089006,0.22100457549095154,0.03194844525432556,2.7560186524570387,0.592300757157788,-0.15717562609361027
75,training,0.0765453,0.2540239579975605,0.03194844525432556,2.795531720082911,0.5858545684862537,-0.16601960379486772
76,training,0.022601448,0.2703387811779976,0.03194844525432556,2.8349142620737706,0.5790847983935486,-0.17531346292630004
77,training,0.046649,0.2821453846991062,0.03194844525432556,2.8743137037070525,0.5719281992747415,-0.18360066395133282
78,training,0.01574182,0.2896459996700287,0.06147997348703806,2.893969296428433,0.5682487212516603,-0.18647545742549057
79,training,0.07536128,0.3245125003159047,0.06147997348703806,2.9332275854739636,0.5607211520443293,-0.19345070728118863
80,training,0.057677615,0.28346920758485794,0.06147997348703806,2.9724639951868954,0.5528906519934781,-0.20024239681143657
81,training,0.041547514,0.2938162740319967,0.06147997348703806,3.0116692861310606,0.5448374272085633,-0.2049728486201287
82,training,0.026845846,0.28583318926393986,0.06147997348703806,3.0507733204820693,0.5365892599733296,-0.21128897497832735
83,training,0.07220669,0.30845239385962486,0.06147997348703806,3.0898183037337668,0.5281298711717616,-0.21532665345471005
84,training,0.036989443,0.32331965304911137,0.11773543732771226,3.1289275374121464,0.5195148498276102,-0.21890251033053826
85,training,0.076379314,0.3372680526226759,0.11773543732771226,3.16729991476768,0.5115048856743211,-0.17980936510463938
86,training,0.09804082,0.36619301943574095,0.11773543732771226,3.2062813800326553,0.5056917213449695,-0.11546983224972905
87,training,0.05535153,0.29640357941389084,0.11773543732771226,3.245269523803377,0.5025316148635417,-0.04507682829729882
88,training,0.055176612,0.26668621180579066,0.14485056461921947,3.2848854611641696,0.5019982214953729,0.017046466375451916
89,training,0.055172943,0.17489264346659184,0.14485056461921947,3.324285054198934,0.503783909961745,0.07287323860061368
90,training,0.10119143,0.12313676252961159,0.14485056461921947,3.3636519139014194,0.5076702506126783,0.11950755730640672
91,training,0.07251546,0.14136047661304477,0.14485056461921947,3.4031560088707566,0.5130573904166843,0.14920623176157782
92,training,0.053332575,0.12763775512576103,0.14485056461921947,3.4423021324221934,0.5195382738233079,0.18087230246170263
93,training,0.048266634,0.056692011654376984,0.023343497356417556,3.4812701288420334,0.5273164030012232,0.21249764319410355
94,training,0.03065186,0.08468576148152351,0.023343497356417556,3.520171620044719,0.5361217397438827,0.2270882869108985
95,training,0.013874216,0.10198640450835228,0.023343497356417556,3.5783599053967716,0.5499494819269788,0.23944220838484775
96,training,0.045657955,0.1312147080898285,0.023343497356417556,3.61712171708372,0.5595617401486496,0.24690407944783058
97,training,0.032815352,0.11357577890157701,0.023343497356417556,3.6557841321924167,0.569496929585776,0.256899521389906
98,training,0.052544344,0.15857455134391785,0.023343497356417556,3.6750031759753363,0.5746065006659908,0.26173562403302136
99,training,0.05182566,0.1920853741466999,0.008635151149976192,3.7134872504797047,0.5851180440854163,0.2718333054563027
100,training,0.042583216,0.1964178644120693,0.008635151149976192,3.7519174905412336,0.5960696162176875,0.2846319736065594
101,training,0.058008783,0.2406267300248146,0.008635151149976192,3.7709670305796936,0.6017208852075322,0.29116103069305527
102,training,0.08795584,0.2545568495988846,0.008635151149976192,3.8090616630079617,0.6133968210562655,0.30352882486838867
103,training,0.045531556,0.2646101452410221,0.008635151149976192,3.8660392573232443,0.631855384756851,0.3239383216406121
104,training,0.046245743,0.28798630833625793,0.008635151149976192,3.903708506459675,0.6447567099629415,0.3356178403539823
105,training,0.077830106,0.3217685520648957,0.029566436708964954,3.9415051375759353,0.6581579216064515,0.3469955673364621
106,training,0.03114965,0.3132997155189514,0.029566436708964954,3.9787923386560355,0.6719039191698502,0.35892885293591337
107,training,0.023230044,0.3193226233124733,0.029566436708964954,4.016116392400607,0.686148233804961,0.37030157506335404
108,training,0.059635997,0.31678587943315506,0.029566436708964954,4.053318766799157,0.7008049767312058,0.3813523824191428
109,training,0.039391264,0.3170919045805931,0.029566436708964954,4.071726050343651,0.7082445214962927,0.3865476541285851
110,training,0.043868423,0.31975977867841715,0.029566436708964954,4.108632831270485,0.723484892664043,0.3964345707450182
111,training,0.04247307,0.3201636821031571,0.09034758759505462,4.145517245428104,0.7391013451009999,0.40489468936931605
112,training,0.048530467,0.3173137605190277,0.09034758759505462,4.181981044362346,0.7549224259250655,0.41326773259806265
113,training,0.041043367,0.3219093345105648,0.09034758759505462,4.218614492226763,0.7711420240151785,0.42027281743126244
114,training,0.019431092,0.31875637173652654,0.09034758759505462,4.254951680404109,0.7875050656160886,0.42561514634897524
115,training,0.057090584,0.3177795019000768,0.09034758759505462,4.309478385327294,0.8124580260588382,0.4322726604881126
116,training,0.046932295,0.32539314497262234,0.09034758759505462,4.345691621504579,0.8292169367800654,0.4345323990287563
117,training,0.029357739,0.31475171144120395,0.17221445626340748,4.381870539397997,0.8460590508373466,0.43643716459815307
118,training,0.046658486,0.5115359602496028,0.17221445626340748,4.418908118693004,0.8625753391974171,0.3906153084582474
119,training,0.08543721,0.4431099267676473,0.17221445626340748,4.456799046898151,0.876484472111122,0.30305658231310495
120,training,0.015964016,0.3487954940646886,0.17221445626340748,4.496305854555326,0.8867618123946401,0.207917106273137
121,training,0.073882714,0.28278264217078686,0.2211509057297418,4.536340466939786,0.8934367776311105,0.12563450554446504
122,training,0.0776649,0.2875712029635906,0.2211509057297418,4.576863141337463,0.8971325077601249,0.05875483203833342
123,training,0.04559793,0.20775597169995305,0.2211509057297418,4.6171338665349415,0.8982584761871928,-0.004144843558342393
124,training,0.08831927,0.16456446796655655,0.2211509057297418,4.637402910062493,0.8978504157768699,-0.034786045880365844
125,training,0.062222995,0.1316473800688982,0.2206180988552995,4.677833125859246,0.895472173213607,-0.08068183773933384
126,training,0.06306197,0.10903732478618622,0.2206180988552995,4.737809808602732,0.8889512056246212,-0.13317752561911486
127,training,0,0.04903077334165572,0.2206180988552995,4.757761545324263,0.8861312926159698,-0.1473450661559522
128,training,0,0.011689290404319756,0.2206180988552995,4.797390028547098,0.8797640820670083,-0.16937047823796006
129,training,0,0.03504064679145814,0.2206180988552995,4.8366754922893325,0.8727210054754675,-0.1841779940856509
130,training,0,0.03254508972167969,0.2206180988552995,4.875953006159547,0.8652002651711149,-0.19481982487587926
131,training,0,0.00010082125663757324,0.17681466892211217,4.915256923988571,0.8572174055313483,-0.20613131363190612
132,training,0,0.025179018266499043,0.17681466892211217,4.954341309192174,0.84880137939107,-0.21663851118801225
133,training,0,0.039736451115459204,0.17681466892211217,4.993331168147268,0.8401326598063674,-0.22024427557732054
134,training,0,0.04391324147582054,0.17681466892211217,5.032339891798891,0.8313681267673302,-0.22232171390759814
135,training,0.02081656,0.05584848811849952,0.17681466892211217,5.071293521729671,0.8225492945696896,-0.22290202990959423
136,training,0.05430174,0.09308143332600594,0.17681466892211217,5.129781323703747,0.8093593604132594,-0.22135219146869867
137,training,0.080071725,0.10995679721236229,0.11792414794141665,5.168713347242992,0.8006426136526195,-0.21792420175052638
138,training,0.041585963,0.10339116491377354,0.11792414794141665,5.2077287433901525,0.7921521692369696,-0.21025098664404426
139,training,0.016147893,0.09977635368704796,0.11792414794141665,5.2663493161394115,0.7799083238148586,-0.20256883705624404
140,training,0.05824909,0.06335621885955334,0.11792414794141665,5.344625383912143,0.7646043118102004,-0.18463999710342557
141,training,0.022112401,0.09002036508172749,0.11792414794141665,5.403554115508026,0.7539761518932744,-0.17199125734816306
142,training,0.036155544,0.08065049350261688,0.07717975936006327,5.442689714044876,0.7473835957780065,-0.16007135328666589
143,training,0.021364106,0.05676242150366308,0.07717975936006327,5.501851874535008,0.7386832670753464,-0.131086203286605
144,training,0,0.03518025949597359,0.07717975936006327,5.541319752325059,0.7338371574630735,-0.11478897605925022
145,training,0,0.02456406131386757,0.07717975936006327,5.561168082110717,0.7316135101737514,-0.10805435897219942
146,training,0,0.018681898713111877,0.07717975936006327,5.600931847099058,0.7275733338774798,-0.09419895878736423
147,training,0,0.015918776392936707,0.061203207661059175,5.640497094265509,0.7240894812335286,-0.08253238761503963
148,training,0,0.02435710281133651,0.061203207661059175,5.660408390476687,0.7224903243491736,-0.07778283071137242
149,training,0,0.029173139482736594,0.061203207661059175,5.700342353194377,0.719567187240682,-0.06741439104435347
150,training,0,0.027985895983874805,0.061203207661059175,5.740014638988002,0.7171021945798595,-0.057969902264978806
151,training,0,0.037759252591058626,0.061203207661059175,5.779971207617294,0.714936429828477,-0.05053340482947073
152,training,0,0.021806512726470828,0.061203207661059175,5.819851069602961,0.7130795961250475,-0.042685680564262106
153,training,0,0.02388358954340219,0.04135341966923777,5.859667232302207,0.7115150588989497,-0.03693431662779536
154,training,0,0.019429394975304604,0.04135341966923777,5.899767985633231,0.7101015250056856,-0.03426131799580726
155,training,0,0.023372787050902843,0.04135341966923777,5.939546792805552,0.7087753236977626,-0.03296573704057834
156,training,0,0.023664536885917187,0.04135341966923777,5.97952765913076,0.7074899555212081,-0.03165530042878413
157,training,0,0.024546931497752666,0.04135341966923777,6.01956898430617,0.7062557179635336,-0.03016084628240078
158,training,0,0.0276043692138046,0.04135341966923777,6.059367341465313,0.7050750693991037,-0.029237398349526416
159,training,0,0.023337404010817412,0.01424602434876227,6.099459785161244,0.7039256899161976,-0.02835581450235319
160,training,0,0.030922745354473598,0.01424602434876227,6.139327971420794,0.7028194071076667,-0.027815715953574894
161,training,0,0.008856458589434624,0.01424602434876227,6.179264766532564,0.701721315499917,-0.027326789639921398
162,training,0,0.010838348418474197,0.01424602434876227,6.219371949024982,0.7006551014509159,-0.024767541252607543
163,training,0,0.019352836534380913,0.01424602434876227,6.259140426148571,0.6997489357559844,-0.021573052270313982
164,training,0,0.0039611961692571675,0.01424602434876227,6.299189180468011,0.6989498962159809,-0.018070859431461028
165,training,0,0.012795045971870422,0.008566526309697692,6.339142859828386,0.6983139915629346,-0.013798341226887034
166,training,0,0.009881689213216301,0.008566526309697692,6.379020980054718,0.6978465306122201,-0.010179373074657468
167,training,0,0.00922001805156469,0.008566526309697692,6.4191556858693755,0.6974929613863527,-0.007147609529653294
168,training,0,0.006421292200684547,0.008566526309697692,6.4589767331173595,0.6972616721769098,-0.004807536999300669
169,training,0,0.007101350463926792,0.008566526309697692,6.498987598631599,0.6971186007007826,-0.002443676959726273
170,training,0,0.006914318539202213,0.008566526309697692,6.539025479311783,0.6970638094986005,-0.0001785166883696054
171,training,0,0.0054931645281612864,0.009096686273629619,6.578875857404367,0.6971129792644473,0.002404739385839145
172,training,0,0.03930295538157225,0.009096686273629619,6.618992001759535,0.6972574365677976,0.004724192835738575
173,training,0,0.02209982555359602,0.009096686273629619,6.658879571411492,0.6974772622765021,0.006334565847342959
174,training,0,0.023305573500692844,0.009096686273629619,6.69883988773148,0.697763196419147,0.007652654176176512
175,training,0,0.020580099197104573,0.009096686273629619,6.7389805908666,0.6980782096789079,0.008825820576008586
176,training,0,0.004879492102190852,0.009096686273629619,6.778789843732881,0.6984602566666923,0.00951087150488509
177,training,0,0.008160565281286836,0.011436188958073315,6.818875699322973,0.6988435862407975,0.009313062079807127
178,training,0,0.011300959857180715,0.011436188958073315,6.858853249990578,0.6992076417371174,0.009450052122078804
179,training,0,0.009348734514787793,0.011436188958073315,6.898769197996093,0.6995828889235817,0.009179059799009017
180,training,0,0.040240873815491796,0.011436188958073315,6.938927387386168,0.6999448389443876,0.009225325064412385
181,training,0,0.042325575137510896,0.011436188958073315,6.978758006722253,0.7003303178758725,0.009782749400817114
182,training,0,0.042032719822600484,0.011436188958073315,7.01878973547286,0.7007282289137701,0.009965356574507483
183,training,0,0.020431058714166284,0.012583041831308454,7.058834352480303,0.7011304380992482,0.010919535592886838
184,training,0.034244947,0.05782406986691058,0.012583041831308454,7.1187382882269725,0.7018152176371786,0.011602572465613166
185,training,0,0.03556877560913562,0.012583041831308454,7.158822973025008,0.7022746501667406,0.012229198275507728
186,training,0,0.04988582246005535,0.012583041831308454,7.198672403973052,0.7027565655836485,0.011530880191692966
187,training,0,0.022555105388164524,0.012583041831308454,7.218700602855868,0.7029847110255221,0.010913442813863423
188,training,0,0.04353848122991622,0.005721895648970474,7.258842874716116,0.7033804827964565,0.01006300275689484
189,training,0,0.04240765073336661,0.005721895648970474,7.298666596974176,0.7037758480452324,0.009244785522179298
190,training,0,0.04106296435929835,0.005721895648970474,7.33876506498112,0.7041373191412257,0.008700261865113147
191,training,0,0.04507330828346312,0.005721895648970474,7.378725394194754,0.7044799058994891,0.008911388608765395
192,training,0,0.041432999307289727,0.005721895648970474,7.418653068017256,0.704834548121394,0.008648978455444363
193,training,0.04214998,0.05917639494873583,0.005721895648970474,7.478722569340447,0.7053497548080876,0.009051448573322397
194,training,0.03548361,0.06879805866628885,0.01018333436520132,7.5186206277676035,0.7057221691309663,0.009530068326487753
195,training,0.049618155,0.07438208349049091,0.01018333436520132,7.578690516020442,0.7063536261509137,0.012460877274611157
196,training,0.008318595,0.06384795112535357,0.01018333436520132,7.638575277056552,0.7072546005267286,0.017719385880590643
197,training,0,0.03682900965213776,0.01018333436520132,7.658669643382098,0.7076163622277283,0.01826077252751632
198,training,0,0.035508086904883385,0.01018333436520132,7.678624987819881,0.7079766366712089,0.01853052600149923
199,training,0,0.04216688871383667,0.01018333436520132,7.71849755671076,0.7086413616336068,0.014603758350651634
200,training,0,0.043300023302435875,0.02021820353138067,7.738539705703617,0.7089173429317283,0.012641163729609696
201,training,0,0.04690695740282535,0.02021820353138067,7.778680150801437,0.7093386353820539,0.009725892162928462
202,training,0,0.044525483623147004,0.02021820353138067,7.818531200660802,0.7096730941651639,0.006864220298609689
203,training,0,0.043785279616713524,0.02021820353138067,7.858651464213285,0.7099043152966013,0.004672656975059139
204,training,0.014435175,0.05554939806461334,0.02021820353138067,7.918542445378136,0.7101347696863757,0.003124373310573744
205,training,0,0.0163601147942245,0.017605860617454203,7.958636070671158,0.7102301625786603,0.0012991592831142888
206,training,0,0.0042085787281394005,0.017605860617454203,7.978723877504566,0.7102323937872008,-0.0001053497875366387
207,training,0,0.0037785782478749748,0.017605860617454203,8.018572398660755,0.7101906647439652,-0.002426559367219753
208,training,0,0.012962293112650517,0.017605860617454203,8.058639210172958,0.7100546060350273,-0.004360211523734448
209,training,0,0.012252879561856389,0.017605860617454203,8.098679148053703,0.709856410783341,-0.005447946037837838
210,training,0,0.01186791923828423,0.01618040383757768,8.138571159763485,0.7096313646090465,-0.005949729891738076
211,training,0,0.010056033497676253,0.01618040383757768,8.178714194344584,0.7093918798357337,-0.0058102086214780625
212,training,0,0.010884272400289774,0.01618040383757768,8.218563332746587,0.7091728618334047,-0.00546863963888578
213,training,0,0.041833143681287766,0.01618040383757768,8.258562826743669,0.70897184016921,-0.004703130599387896
214,training,0.022483792,0.05850464105606079,0.01618040383757768,8.318531248555336,0.7087362706129968,-0.003297378096413289
215,training,0,0.038236910942941904,0.01618040383757768,8.358504990253277,0.7086247182552319,-0.0026089083101320156
216,training,0,0.04252936830744147,0.013198717564156021,8.378593881271028,0.7085734461552851,-0.0025561230544068414
217,training,0,0.04291632445529103,0.013198717564156021,8.418520364139207,0.7084721946079513,-0.0025541600768413508
218,training,0,0.04241352854296566,0.013198717564156021,8.458470124194074,0.7083806082181481,-0.002239403936687638
219,training,0,0.041945077944546945,0.013198717564156021,8.49861757584688,0.708296174796242,-0.001686104031042155
220,training,0,0.04416263056918979,0.013198717564156021,8.538429019023033,0.7082446873484967,-0.001175060210596866
221,training,0.049735725,0.057678896468132734,0.013198717564156021,8.59857269162847,0.708214323311131,0.0004252061636484423
222,training,0.021387378,0.06452731508761644,0.005190875316368353,8.638390043587568,0.7082568096465433,0.00147690556832547
223,training,0.044587854,0.07475481182336807,0.005190875316368353,8.678419977287028,0.708362163672951,0.004188133879693738
224,training,0.015197169,0.09546168148517609,0.005190875316368353,8.718420218969525,0.708627334880972,0.010174190673034085
225,training,0.08195323,0.10869191214442253,0.005190875316368353,8.798311644727335,0.7101280683842868,0.028375190318520392
226,training,0.008033918,0.09133844077587126,0.005190875316368353,8.85800415421792,0.7122715947194175,0.04409353541857214
227,training,0,0.04935999959707259,0.018288963191332854,8.898048208777988,0.7141757501631462,0.049312834217031885
228,training,0.016406476,0.05752973258495331,0.018288963191332854,8.938034286207044,0.7160817187527461,0.0446668115373406
229,training,0,0.04566380754113197,0.018288963191332854,8.957973650818813,0.7169417046412485,0.04140811605249702
230,training,0,0.046150535345077515,0.018288963191332854,8.998113311280019,0.7184354949967797,0.0328120474114154
231,training,0.036508027,0.0545637272298336,0.018288963191332854,9.038096276981406,0.7195926875217907,0.025504473336986355
232,training,0.0027996725,0.08587053953669965,0.03483116678404143,9.078050053955092,0.7204930618845429,0.01960944217799783
233,training,0.004180872,0.070975786074996,0.03483116678404143,9.118209417503843,0.7212481361610276,0.01914991888044551
234,training,0.019411793,0.050370000302791595,0.03483116678404143,9.178009048032987,0.7223770535329239,0.01759553699151276
235,training,0.06705981,0.05003507435321808,0.03483116678404143,9.238154053059803,0.7232210754316144,0.010598054733848205
236,training,0.01935634,0.07877984829246998,0.04792491899982514,9.278062007510654,0.7235479506921443,0.005819094363453545
237,training,0.013213315,0.10523271188139915,0.04792491899982514,9.298108819768709,0.7236649557273236,0.00665313347777451
238,training,0.01292149,0.11015890538692474,0.04792491899982514,9.357969316800972,0.7243290009034329,0.01729706610592055
239,training,0.009454446,0.0730633419007063,0.04792491899982514,9.417971493858582,0.7257640348800919,0.030941162013531295
240,training,0.003304442,0.1034412831068039,0.04792491899982514,9.457687257882542,0.7271167979790163,0.03573980129812249
241,training,0.0024327422,0.09301696717739105,0.04792491899982514,9.477632767963597,0.7278151546343731,0.0332699330001783
242,training,0.031627763,0.06977447494864465,0.05728305854605874,9.51779452848645,0.7289996976432315,0.02496564345307499
243,training,0.0068833707,0.1255694683641195,0.05728305854605874,9.57773417135745,0.7301399907187355,0.014074827927204714
244,training,0.055960923,0.0624927505850792,0.05728305854605874,9.617841252337985,0.7306384620632277,0.011020902582901122
245,training,0.0088982815,0.09066029917448759,0.05728305854605874,9.657816919922253,0.7310679291608214,0.01154704190326203
246,training,0.011403579,0.084140804130584,0.05728305854605874,9.717792407992185,0.7318145342782992,0.013123532608723691
247,training,0.0033391407,0.08696880470961332,0.032967294861402444,9.757794809771681,0.7323422567195289,0.013795526478523364
248,training,0.007472595,0.11366569157689808,0.032967294861402444,9.797686221905906,0.7328987338941542,0.013977312024003862
249,training,0.043174405,0.09504632931202649,0.032967294861402444,9.817745151075744,0.7331760726289617,0.013262992329956475
250,training,0.007258081,0.10901882126927379,0.032967294861402444,9.857826225622484,0.7336476378711089,0.010053489843141791
251,training,0.032443874,0.08316574990749359,0.032967294861402444,9.877746678231512,0.7338187881934907,0.006927626133328754
252,training,0.009254219,0.09339824505150318,0.047836956440065685,9.917810721856416,0.7339376084190152,-0.0013946370223584077
253,training,0.007992852,0.10278932098299264,0.047836956440065685,9.95800062139008,0.7337165125581964,-0.008121394212083397
254,training,0.01473262,0.09747698251158,0.047836956440065685,9.997882076230825,0.733299034374705,-0.012419893856231691
255,training,0.02073366,0.06342353695072234,0.047836956440065685,10.038008219255643,0.7327563188648015,-0.014474573905317017
256,training,0.027856918,0.06933283433318138,0.047836956440065685,10.077856882104768,0.7321744158913669,-0.014575678474657097
257,training,0.0030932035,0.06497250101529062,0.047836956440065685,10.117803112266577,0.7316250962234451,-0.01341845582852806
258,training,0.012854,0.05916518811136484,0.05626784630028226,10.157942859802366,0.7310946000138343,-0.013033596829426636
259,training,0.03234572,0.13310056924819946,0.05626784630028226,10.19773805563244,0.7305860309045051,-0.012657451527327212
260,training,0.0030522975,0.10696239024400711,0.05626784630028226,10.277719951516296,0.7299709500166527,0.0008548978433064868
261,training,0.010049902,0.16264351084828377,0.05626784630028226,10.297595757235255,0.7300368753836513,0.005896639861327304
262,training,0.014835585,0.14568838104605675,0.05626784630028226,10.337582142484619,0.7304873373285053,0.016407233553784446
263,training,0.07686925,0.09389884117990732,0.05626784630028226,10.397458398220971,0.7317502310484331,0.024960950535638328
264,training,0,0.04008721560239792,0.06306393314912431,10.417428202660004,0.7322499306729892,0.023921654360948306
265,training,0,0.04718572646379471,0.06306393314912431,10.437508866441247,0.7327012716439835,0.019149005191590462
266,training,0.018607272,0.0744996890425682,0.06306393314912431,10.477725081485776,0.7331258973771606,0.002601835784227845
267,training,0,0.04551129043102263,0.06306393314912431,10.517663796426667,0.7329196692824129,-0.012172378048821873
268,training,0,0.022468227893114097,0.06306393314912431,10.55786927674558,0.7321933986279855,-0.02308797554420438
269,training,0,0.02049831673502922,0.06211008919094175,10.597818130945202,0.7311282797697475,-0.03046909200058175
270,training,0.011323115,0.06425888650119306,0.06211008919094175,10.6378060122582,0.7297623803155108,-0.037972783453123944
271,training,0,0.04642376303672789,0.06211008919094175,10.677938732786219,0.7280840815055573,-0.04570959595600343
272,training,0,0.04118552431464195,0.06211008919094175,10.697763187159504,0.7271420601089591,-0.049644119313348244
273,training,0.005887823,0.050155514851212515,0.06211008919094175,10.757740605999398,0.7238742223825645,-0.05915527473906452
274,training,0.027704138,0.07473017554730177,0.06211008919094175,10.81748767365655,0.7201923186580759,-0.06420300952433945
275,training,0.002071603,0.0975760854780674,0.052912905784612545,10.857456271640475,0.7175973646221308,-0.06389367301739547
276,training,0.04653637,0.12401682883501053,0.052912905784612545,10.897315241239228,0.7151717602568219,-0.056559801690825855
277,training,0.0083785225,0.12544875591993332,0.052912905784612545,10.937053699722695,0.7131053800687553,-0.04666525782997826
278,training,0.005317522,0.06503780465573072,0.052912905784612545,10.977097993584183,0.7114634815124661,-0.036128177193879084
279,training,0.0022773882,0.06843956559896469,0.052912905784612545,11.016906444621844,0.7101379378209179,-0.03338147790845457
280,training,0.007287282,0.06252846494317055,0.052912905784612545,11.03688356247325,0.7094391441489014,-0.037589077419308774
281,training,0.044139538,0.0636923983693123,0.038584477766073766,11.077054961895586,0.7077153652638182,-0.04864893040155652
282,training,0,0.04909013584256172,0.038584477766073766,11.116901434915482,0.7055572471054686,-0.06016224430212588
283,training,0,0.023386415094137192,0.038584477766073766,11.156862907645298,0.7029280391069972,-0.0709886324593143
284,training,0,0.04832565784454346,0.038584477766073766,11.196876807398718,0.6999120438847343,-0.0790606307169449
285,training,0,0.0014813262969255447,0.038584477766073766,11.236549805222426,0.696612796590084,-0.08691884791722938
286,training,0,0.003071459010243416,0.038584477766073766,11.256501980474466,0.6948449230140115,-0.08981574890977577
287,training,0,0.008391878800466657,0.03875352233242038,11.31626145939186,0.6892941203195618,-0.09516871414340491
288,training,0,0.004224956501275301,0.03875352233242038,11.355976286772247,0.6854369932144072,-0.09846960988048789
289,training,0,0.0006660087965428829,0.03875352233242038,11.395845112905294,0.6814767418316342,-0.09931469136266427
290,training,0,0.0024934038519859314,0.03875352233242038,11.43546802602897,0.6775384345467886,-0.09975954109152606
291,training,0,0.0033784285187721235,0.03875352233242038,11.475298285555551,0.6735551411137991,-0.09964808912234473
292,training,0,0.027372723445296288,0.03875352233242038,11.495225502553476,0.6715748308024599,-0.09838592034714522
293,training,0,0.013576555997133255,0.03416882912142545,11.554704900807929,0.6658369528490332,-0.09467431800287507
294,training,0,0.01556992530822754,0.03416882912142545,11.574647556897178,0.6639591070758425,-0.09288470391502854
295,training,0,0.00017056055366993297,0.03416882912142545,11.634238815746846,0.6586579406309452,-0.0851151571853511
296,training,0,0.008417872712016106,0.03416882912142545,11.674062369748613,0.6553456381500867,-0.08091841327093077
297,training,0,0.003947585821151735,0.03416882912142545,11.713967654301241,0.6521991353050971,-0.07615002266689143
298,training,0,0.001508051529526707,0.03416882912142545,11.733761523041485,0.6507139077447466,-0.07478299446788748
299,training,0,0.016489244997501373,0.019435374833886056,11.793609596417413,0.6463749355575065,-0.06947804004612287
300,training,0,0.02218731213361025,0.019435374833886056,11.833371363240422,0.6437350162646913,-0.06393512689121145
301,training,0,0.012368137016892437,0.019435374833886056,11.85325049003225,0.642492565774763,-0.06122730114431625
302,training,0,0.021151522640138865,0.019435374833886056,11.91322516489349,0.6390738664211556,-0.05197993189415085
303,training,0,0.00026293471455574036,0.019435374833886056,11.933065327820955,0.6380795021013526,-0.04923631387318455
304,training,0,0.015244043432176113,0.019435374833886056,11.972911112918585,0.6362139713075309,-0.04514553391382647
305,training,0,0.015102311968803406,0.01090632042651153,12.012992121358606,0.6344622875399915,-0.04166720586496464
306,training,0,0.0032979841344058514,0.01090632042651153,12.07269919135585,0.6321484044695406,-0.036912475235917404
307,training,0,0.021016161888837814,0.01090632042651153,12.112801330126043,0.6306876837811852,-0.03610043371580094
308,training,0,0.04699661396443844,0.01090632042651153,12.152610600035022,0.6292029856595761,-0.03978564016108826
309,training,0,0.029648076742887497,0.01090632042651153,12.192608032393823,0.6274956663926387,-0.04601716414145819
310,training,0,0.02593989809975028,0.01090632042651153,12.232670605103221,0.6255675549557426,-0.05006029103482595
311,training,0.018772073,0.0627125767059624,0.01359966834389855,12.2723971385313,0.6235276049860574,-0.05223874608174319
312,training,0.034210514,0.07242971076630056,0.01359966834389855,12.332431445423303,0.6203748444172826,-0.05221799500141296
313,training,0,0.04731704294681549,0.01359966834389855,12.352245945483578,0.6193460339405741,-0.05219891712232362
314,training,0.009515713,0.0501241460442543,0.01359966834389855,12.392118263046491,0.6173246957849909,-0.04824915407142919
315,training,0,0.021207980811595917,0.01359966834389855,12.432170514717097,0.6155102690834034,-0.04158205148662399
316,training,0,0.009097024798393263,0.01359966834389855,12.47184703681445,0.6140279361269052,-0.033086723750429224
317,training,0,0.02125241607427597,0.03367113789982947,12.51183183307914,0.6129098608236978,-0.02206862935465042
318,training,0,0.0378164816647768,0.03367113789982947,12.551770732108,0.6122219172810167,-0.012772608003071206
319,training,0,0.04692217335104942,0.03367113789982947,12.571664723307952,0.6119985560436351,-0.010498666306470027
320,training,0,0.04105236567556858,0.03367113789982947,12.631776503148423,0.6114910585373995,-0.006775261226634834
321,training,0,0.043356295209378004,0.03367113789982947,12.671609915283646,0.611257135852948,-0.0051749850531136055
322,training,0,0.034484682604670525,0.03367113789982947,12.711618648085578,0.6110782614386676,-0.004059981054234322
323,training,0,0.038564253598451614,0.038271487438267936,12.75167069326621,0.6109493052412891,-0.002175869630752933
324,training,0,0.023959806188941002,0.038271487438267936,12.771561931801552,0.6109208103118955,-0.0009082622391015382
325,training,0,0.026285942643880844,0.038271487438267936,12.831622171026037,0.6109864013868948,0.0030652626194490606
326,training,0,0.035479974001646035,0.038271487438267936,12.851639677434859,0.6110513139402438,0.00400714189033819
327,training,0,0.02836117567494511,0.038271487438267936,12.891455856974414,0.6112603817692794,0.006055561780615523
328,training,0,0.028248215559870008,0.038271487438267936,12.951613494155058,0.6116906207262721,0.008533279747978493
329,training,0,0.04206761764362454,0.04572858013241088,12.971491675330357,0.6118756877963734,0.009153108055963014
330,training,0,0.03369636088609695,0.04572858013241088,13.011420647912601,0.612258638107375,0.009774991224065372
331,training,0,0.02346373163163662,0.04572858013241088,13.07147075215233,0.6128951067595722,0.012274291008304407
332,training,0,0.030283020809292793,0.04572858013241088,13.091375212152855,0.6131541546880211,0.013609253680826685
333,training,0.030078072,0.06348216021433473,0.04572858013241088,13.15149996213601,0.6140750493231986,0.016807861713212816
334,training,0,0.04324970208108425,0.04572858013241088,13.19131753270681,0.6147876247113039,0.018273209937893855
335,training,0.0070707044,0.06989262066781521,0.04612666803326282,13.231345244209209,0.6155044371904341,0.01694575998893148
336,training,0,0.014179447665810582,0.04612666803326282,13.271410513459365,0.616136575604626,0.015166030996708043
337,training,0,0.004783499985933304,0.04612666803326282,13.311302370362839,0.6166559874848005,0.009976710317268395
338,training,0,0.002571661025285721,0.04612666803326282,13.351478130035163,0.6169456995623599,0.004411435837053725
339,training,0,0.00966736301779747,0.04612666803326282,13.391410471212376,0.6170410182984886,0.0007730692947989116
340,training,0,0.0014120694249868393,0.04612666803326282,13.411370296852144,0.6170365494030821,-0.0012605492325781392
341,training,0,0.000512534286826849,0.04332037070966669,13.471547957265088,0.6168004640911456,-0.00570040743424256
342,training,0,0.010529350489377975,0.04332037070966669,13.491447043183074,0.6166849919550184,-0.006387424805637972
343,training,0,0.014427920803427696,0.04332037070966669,13.551466519894197,0.6163001294426553,-0.005384916669732811
344,training,0,0.009509067051112652,0.04332037070966669,13.57153265779311,0.6161981573808687,-0.004064867206780996
345,training,0,0.008495347574353218,0.04332037070966669,13.631321872526442,0.6160637246759525,-0.0009730326392408766
346,training,0,0.022655158798443154,0.04332037070966669,13.671466145086185,0.6160514754127515,0.0006551240147105215
347,training,0,0.0298540317453444,0.048152777940970025,13.691344055981807,0.6160775957398867,0.0019400327088582605
348,training,0.019911312,0.05168994888663292,0.048152777940970025,13.77133147867758,0.6166065720125002,0.011832923913589859
349,training,0,0.04856980964541435,0.048152777940970025,13.791264535260142,0.6168642516472225,0.014205618862284042
350,training,0,0.03875784948468208,0.048152777940970025,13.831087561971339,0.6175520647903386,0.020391498367542376
351,training,0,0.0331144705414772,0.048152777940970025,13.871197859304818,0.6184594726598281,0.024409237764877793
352,training,0,0.020477792248129845,0.048152777940970025,13.91102642556138,0.6194869338773561,0.02689931803986718
353,training,0,0.014829572290182114,0.04126611501059599,13.950991840851707,0.620581274237773,0.027481025840870078
354,training,0,0.029148437082767487,0.04126611501059599,13.9911278686952,0.6216652542368198,0.026950131312815304
355,training,0,0.027111517265439034,0.04126611501059599,14.03091974909267,0.6227245121643329,0.02564014990527952
356,training,0,0.03074794914573431,0.04126611501059599,14.071019656002743,0.6237192375047339,0.023744708340265007
357,training,0.002774363,0.06808206252753735,0.04126611501059599,14.110982714728056,0.6246141426326924,0.021231243611330015
358,training,0.0009707374,0.0651143379509449,0.04126611501059599,14.150922940132062,0.6253990403559647,0.017703674062402423
359,training,0.010696167,0.06323202513158321,0.018257468905930243,14.211033856967841,0.6262777851518305,0.011654405266477768
360,training,0,0.04383871518075466,0.018257468905930243,14.230962181567945,0.6264860505343246,0.009386084087264563
361,training,0,0.04807177744805813,0.018257468905930243,14.271041418111992,0.6267731146753055,0.004503796847156762
362,training,0.0047180597,0.07491339184343815,0.018257468905930243,14.331042605124015,0.6268075982175781,-0.003268818358168989
363,training,0.0069564823,0.07822798192501068,0.018257468905930243,14.371099124776297,0.6265644054796162,-0.009102479109982414
364,training,0.014599796,0.09386314451694489,0.018257468905930243,14.391224444366646,0.6263445862927979,-0.012686865786904075
365,training,0.0009521205,0.11844844371080399,0.019551965718740297,14.451136297796147,0.625226275580449,-0.026203563049750543
366,training,0.006457016,0.10913088917732239,0.019551965718740297,14.511345733463317,0.6232203895716181,-0.039903568976252635
367,training,0.0036797337,0.07921455986797808,0.019551965718740297,14.571159109347379,0.6205582407733892,-0.04806913590192898
368,training,0.0086117545,0.09351377934217456,0.019551965718740297,14.611212078160285,0.6186348962457376,-0.04549632250482425
369,training,0.005907638,0.08141770213842392,0.019551965718740297,14.630912262696352,0.6177871174349272,-0.04079496498219218
370,training,0.026794577,0.06705307215452194,0.03140968811331785,14.670726205546588,0.616441874252289,-0.0265895460436905
371,training,0,0.046934179961681366,0.03140968811331785,14.690757530658551,0.6159762370328993,-0.019075522136231995
372,training,0,0.0447946824133396,0.03140968811331785,14.73064521167365,0.6155092136181047,-0.004482894913553602
373,training,0,0.0025894157588481903,0.03140968811331785,14.750518885120966,0.6154818558020895,0.0012958101666792005
374,training,0,0.001417340710759163,0.03140968811331785,14.790530365113499,0.6157164826762176,0.010065390747543212
375,training,0,0.0023594889789819683,0.03140968811331785,14.830507030561394,0.6162494275796111,0.016545375912672525
376,training,0,0.006051458418369297,0.03140968811331785,14.870355195328086,0.6170211715082102,0.021904165488495286
377,training,0,0.03018176741898059,0.038184469234411454,14.910472305669467,0.6179882461793891,0.026759155307597735
378,training,0,0.038398063741624355,0.038184469234411454,14.950279297806444,0.6191441945071033,0.031101858020966808
379,training,0,0.03103975299745798,0.038184469234411454,14.97022576934083,0.619784174973593,0.03270312601549176
380,training,0,0.026491175405681133,0.038184469234411454,15.030313653097073,0.6218541564314941,0.036021581985413734
381,training,0,0.028202108107507236,0.038184469234411454,15.050172140112533,0.6225831813045187,0.03691750540887753
382,training,0,0.02834530163090676,0.038184469234411454,15.110189848309066,0.6248613601388429,0.0386394169999963
383,training,0,0.01955198764335364,0.028151531515847098,15.130230457665064,0.6256318158776871,0.0388142062412349
384,training,0,0.008822354371659456,0.028151531515847098,15.189997682134885,0.6279899590540742,0.03945255001683066
385,training,0,0.009050231310538946,0.028151531515847098,15.210064149374746,0.6287833629482092,0.0395423939687523
386,training,0,0.0016759306890890002,0.028151531515847098,15.269898611187743,0.6311586041583032,0.039860378931341395
387,training,0,0.002053643576800823,0.028151531515847098,15.309938443401432,0.6327579179313568,0.03976544225941443
388,training,0,0.0024454407393932343,0.028151531515847098,15.34990666760346,0.6343392235677008,0.03953490030578053
389,training,0,0.0057570310309529305,0.026726999261554744,15.369806322685344,0.6351277279499583,0.03946846860179095
390,training,0,0.007263716310262678,0.026726999261554744,15.409822313986288,0.6367064761283475,0.03913034965431451
391,training,0,0.005343030206859112,0.026726999261554744,15.469724122643068,0.6390269297038814,0.03847223294928945
392,training,0,0.006369894370436668,0.026726999261554744,15.509716543162819,0.6405596517469214,0.03786465512424508
393,training,0,0.007241294719278814,0.026726999261554744,15.529804268001726,0.6413141181623065,0.03737918966313709
394,training,0,0.00636722706258297,0.026726999261554744,15.58960556713629,0.6435158431351852,0.03598653047820701
395,training,0,0.007418333552777767,0.017693066016636495,15.629716648023976,0.6449371162094871,0.03469985451500487
396,training,0,0.006885309703648092,0.017693066016636495,15.66960639627965,0.6462976685235202,0.03367047411480381
397,training,0,0.008770012296736239,0.017693066016636495,15.709555959648691,0.6476222405943326,0.03233279453246834
398,training,0,0.008282117545604708,0.017693066016636495,15.74970894703482,0.6488856684821266,0.031173094957884836
399,training,0,0.0062123490497469885,0.017693066016636495,15.789491234388665,0.6501188246462596,0.030216727391167736
400,training,0,0.008264299482107162,0.017693066016636495,15.829564364928249,0.6513073407512289,0.028862736352741294
401,training,0,0.007181266322731972,0.012837236352036738,15.849650252749413,0.6518712404095779,0.028212549324411973
402,training,0,0.00806428398936987,0.012837236352036738,15.909435638079229,0.6535355151743683,0.02700319879803686
403,training,0,0.009681604802608492,0.012837236352036738,15.949588651236363,0.654597880315633,0.026113078630798918
404,training,0,0.010277146473526955,0.012837236352036738,15.989409047230962,0.6556408861985908,0.026009180601816395
405,training,0,0.006565979681909084,0.012837236352036738,16.029429237404774,0.6566783579178039,0.025596156709213738
406,training,0,0.008839799091219904,0.012837236352036738,16.069468082785967,0.6576862722592235,0.02538150631272189
407,training,0,0.008103854954242706,0.014092761260661025,16.10933116939098,0.6586925168340756,0.024826503559300557
408,training,0,0.02501217008102685,0.014092761260661025,16.149459727820297,0.659680734479833,0.024344578468883212
409,training,0,0.015888468478806313,0.014092761260661025,16.189330930496812,0.6606520169759478,0.02452746096179869
410,training,0,0.02489758387673646,0.014092761260661025,16.2092783817121,0.6611427204701781,0.02441405069328004
411,training,0,0.023222917690873146,0.014092761260661025,16.249385632760603,0.6621203482671985,0.024244060375924196
412,training,0,0.022793017327785492,0.014092761260661025,16.28929148575768,0.6630892900891265,0.024537792742098715
413,training,0,0.02621663652826101,0.008033135810536062,16.329232510471815,0.6640676153110149,0.024141101145021573
414,training,0,0.0190791740315035,0.008033135810536062,16.369387756613285,0.6650167299852131,0.02388586651093652
415,training,0,0.023795563727617264,0.008033135810536062,16.409180300099187,0.6659854364021838,0.024081359952578665
416,training,0,0.026014264323748648,0.008033135810536062,16.469328000404772,0.6674164856038458,0.023623400287893576
417,training,0,0.023053222452290356,0.008033135810536062,16.509137737902368,0.668372221689879,0.024026646189539515
418,training,0,0.022968485951423645,0.008033135810536062,16.54917073070487,0.669335597190249,0.023848255970088276
419,training,0,0.025215738569386307,0.009882554181389128,16.5692653377055,0.6698084372244377,0.023633094933971654
420,training,0,0.02289822045713663,0.009882554181389128,16.609099444102302,0.6707538425512026,0.02370883948381174
421,training,0,0.024735679849982258,0.009882554181389128,16.669204092718857,0.672165368225959,0.023041492066809326
422,training,0,0.037602350232191384,0.009882554181389128,16.709066186862014,0.6730826716512224,0.023099192282346807
423,training,0,0.023921694257296622,0.009882554181389128,16.729020419821428,0.6735446269804163,0.02296788948286124
424,training,0,0.02305341977626085,0.009882554181389128,16.769139047886576,0.6744639935104565,0.02274542512803671
425,training,0,0.024061031639575955,0.00968726933007165,16.828976191771886,0.6758265882115599,0.022641132852469156
426,training,0,0.026763381552882493,0.00968726933007165,16.848989849391742,0.6762797663539647,0.022363445264748472
427,training,0,0.03246249130461365,0.00968726933007165,16.90900600103631,0.677607171853752,0.022506116346031477
428,training,0,0.042182450299151235,0.00968726933007165,16.948933247283943,0.6785059917328994,0.02224357357663473
429,training,0,0.04124562547076494,0.00968726933007165,16.989086392478033,0.6793897217374156,0.02230436841532395
430,training,0,0.039865869213826954,0.00968726933007165,17.008976790686265,0.6798415253865251,0.022815347691286625
431,training,0,0.04055092122871429,0.001490513813097144,17.06893382484748,0.681221066866332,0.02297695769052004
432,training,0,0.0409391961293295,0.001490513813097144,17.108944746420736,0.6821392227042636,0.02354517945717906
433,training,0,0.03979623701889067,0.001490513813097144,17.1488173317176,0.6830864076614106,0.023766886552195964
434,training,0,0.04138417879585177,0.001490513813097144,17.18895599266321,0.6840413224538532,0.023832566858297474
435,training,0,0.040099109639413655,0.001490513813097144,17.22880157161603,0.6850035142822914,0.02451725613334253
436,training,0,0.0406959984684363,0.001490513813097144,17.268791024196855,0.6859895783307041,0.02452761184502425
437,training,0,0.03998879354912788,0.017582702678158812,17.30887995055017,0.6869637487143382,0.025020578542618854
438,training,0,0.039352941792458296,0.017582702678158812,17.348705930560993,0.687964472408977,0.024878330803178424
439,training,0,0.041971037280745804,0.017582702678158812,17.388812050273753,0.6889572687343896,0.024469361776791723
440,training,0,0.04832392663229256,0.017582702678158812,17.428726157206913,0.6899323955649873,0.02479163293674671
441,training,0,0.041450022836215794,0.017582702678158812,17.46866137366859,0.6909271029021048,0.02479381686938956
442,training,0.012417482,0.0561425342457369,0.02637534763960076,17.50880960308616,0.6919149735124243,0.025088356810884498
443,training,0.0049601546,0.05065932753495871,0.02637534763960076,17.54859941455075,0.6929442715196406,0.026186658358804907
444,training,0,0.0083096232265234,0.02637534763960076,17.58865359798885,0.6940082818541059,0.026201463897351875
445,training,0,0.00976218469440937,0.02637534763960076,17.628679304338466,0.6949866257580203,0.022413869817083747
446,training,0,0.01736966148018837,0.02637534763960076,17.66859269235754,0.6957786424133249,0.017369768036583466
447,training,0,0.01574114896357059,0.02637534763960076,17.70876861246927,0.6963967139856336,0.013916411893529506
448,training,0,0.010871825739741325,0.030035770094714486,17.74863555699989,0.6969239423609284,0.012689117941868182
449,training,0,0.012105249683372678,0.030035770094714486,17.788650427474582,0.69741644590939,0.0117465982647556
450,training,0,0.02321651566307992,0.030035770094714486,17.828727341952817,0.6978768831600747,0.012292472029153668
451,training,0,0.03967034153174609,0.030035770094714486,17.848623934346143,0.698126496897707,0.012358346441199982
452,training,0,0.04223050351720303,0.030035770094714486,17.90870044681589,0.6988747176879778,0.012337381904685828
453,training,0,0.04226957622449845,0.030035770094714486,17.948607051081087,0.6993798864650019,0.013182182444576949
454,training,0.010936332,0.0573112991405651,0.028823463698104634,17.988562460374702,0.6999161962607431,0.01341676755103881
455,training,0,0.02642082795500756,0.028823463698104634,18.028707805547022,0.700431610219881,0.012835086376859511
456,training,0,0.028491865843534477,0.028823463698104634,18.06854675074309,0.7008982360075429,0.009505196203953908
457,training,0,0.029783627949655056,0.028823463698104634,18.108644398384445,0.7012098877147058,0.0059232443580448674
458,training,0,0.04154304880648852,0.028823463698104634,18.14865392751175,0.7014047612142551,0.004243059246445233
459,training,0,0.04291478544473648,0.027684743309516473,18.188571459440276,0.7015452289127256,0.002720387008885789
460,training,0,0.04419786110520363,0.027684743309516473,18.208636192946347,0.701595306160851,0.0021318060438514884
461,training,0,0.03915926907211543,0.027684743309516473,18.268556673556223,0.7017035411304768,0.0015614747158893506
462,training,0,0.04390961478929967,0.027684743309516473,18.308584598042184,0.7017580898368116,0.0009183596744114413
463,training,0,0.039007861050777144,0.027684743309516473,18.348646380877184,0.7017934611804443,0.0009576735015679844
464,training,0,0.04279694042634219,0.027684743309516473,18.388512921069424,0.7018319153215251,0.0006358617921880282
465,training,0,0.042089926893822835,0.029067710184194545,18.428643510087714,0.7018556111587024,0.000524051105405737
466,training,0.018646209,0.09106827434152365,0.029067710184194545,18.468547599657374,0.7018827836093818,0.0006175516712544504
467,training,0.009523852,0.07830877136439085,0.029067710184194545,18.508518946622438,0.7019088291465085,0.00042470693386660233
468,training,0.017953506,0.07249658741056919,0.029067710184194545,18.54863616843007,0.7018966520693943,-0.0010784995804314283
469,training,0.0014573031,0.12247484736144543,0.029067710184194545,18.588506966093675,0.70180565242366,-0.003434683687197558
470,training,0.005263696,0.06091492436826229,0.029067710184194545,18.648643339206966,0.701652202382333,0.0019918063085325884
471,training,0,0.021314904093742364,0.025324387038409675,18.68841748598848,0.7018602634708079,0.0068833691697123426
472,training,0,0.0208467785269022,0.025324387038409675,18.708415204720804,0.7019977024140995,0.0059902038150581325
473,training,0,0.027996674180030823,0.025324387038409675,18.748598167541502,0.7021557516881332,0.0021011151311976085
474,training,0,0.026380274444818497,0.025324387038409675,18.78846378180994,0.7021871361026978,-0.0010395889603349892
475,training,0,0.02700427919626236,0.025324387038409675,18.828519021978668,0.7020792054501883,-0.004467937978008328
476,training,0,0.02044934220612049,0.025324387038409675,18.868565396376894,0.7018488467850692,-0.006740275439598308
477,training,0,0.026167407631874084,0.029820602899272373,18.908455520393517,0.7015218023659241,-0.00983900780440957
478,training,0,0.005876898765563965,0.029820602899272373,18.948606177334504,0.7010673507265353,-0.01284081305012624
479,training,0,0.007400942966341976,0.029820602899272373,18.968606437360663,0.7008015609636709,-0.014259838967002223
480,training,0,0.007615137845277783,0.029820602899272373,19.028499623066633,0.6997858963626497,-0.019910519771099745
481,training,0,0.008075345307588577,0.029820602899272373,19.068624007501967,0.6989141612799767,-0.02348050925751977
482,training,0,0.004438269883394241,0.026487855310996886,19.108424126674244,0.6978970209664342,-0.027881206129502244
483,training,0,0.002451125532388689,0.026487855310996886,19.148519669970874,0.6967059514273851,-0.03165517769170574
484,training,0,0.005502223968505859,0.026487855310996886,19.188424244203276,0.6953997663760618,-0.034407311358415835
485,training,0,0.0036978099960833792,0.026487855310996886,19.22833860085586,0.6939837539247024,-0.036780844413421235
486,training,0,0.00518141919746995,0.026487855310996886,19.268442685039922,0.6924775246661424,-0.038162850195144024
487,training,0,0.0011566299945116043,0.026487855310996886,19.288319973072007,0.6917209882258853,-0.038800173956561115
488,training,0,0.005556871648877859,0.02518964369816179,19.348241621154806,0.6893218014057774,-0.04176635763093617
489,training,0,0.004375116433948278,0.02518964369816179,19.388219134767258,0.6876308067982335,-0.04314686819864861
490,training,0,0.004900999832898378,0.02518964369816179,19.428026361138297,0.6858772937265516,-0.044915007751134176
491,training,0,0.002702108584344387,0.02518964369816179,19.468101122081666,0.6840832533091303,-0.04438454001544201
492,training,0,0.0027507534250617027,0.02518964369816179,19.50788121853406,0.6823789350561406,-0.04199543136664027
493,training,0,0.012971447315067053,0.02518964369816179,19.5278172491866,0.6815523710660963,-0.041180343425323694
494,training,0,0.03279407508671284,0.01630603796187586,19.58787228205978,0.6791432364875064,-0.039231539521843196
495,training,0,0.043461745604872704,0.01630603796187586,19.607750865361538,0.6783557650389835,-0.040867278188563005
496,training,0,0.033625198528170586,0.01630603796187586,19.647703586535396,0.6766338907690038,-0.0457408079387657
497,training,0,0.03196551464498043,0.01630603796187586,19.707632941994262,0.673690134319377,-0.052570716014067195
498,training,0,0.015594143886119129,0.01630603796187586,19.727546479066923,0.6726302550094505,-0.05394459684638611
499,training,0,0.026839263271540407,0.01630603796187586,19.787565462679755,0.6693262726891824,-0.05536784670338964
500,training,0,0.02742618089541793,0.010902317335676913,19.807421759020098,0.6682299730198524,-0.05592664931981173
501,training,0,0.0058272834867239,0.010902317335676913,19.847263714320594,0.6659722396952967,-0.057546330874943076
502,training,0,0.0028944220393896103,0.010902317335676913,19.88731360068987,0.6636420696431775,-0.05886894605987331
503,training,0,0.009819738566875458,0.010902317335676913,19.92705928718868,0.6612697025125186,-0.061449202473342075
504,training,0,0.013141177594661713,0.010902317335676913,19.9870295763581,0.6575054408130285,-0.06200550473079639
505,training,0,0.016622191295027733,0.010902317335676913,20.02675513571634,0.6551081200484778,-0.05959814206833466
506,training,0,0.015423066914081573,0.01944847944293359,20.046675949264586,0.653932947083042,-0.05837893170147591
507,training,0,0.0005247159861028194,0.01944847944293359,20.106650700783664,0.6505650881122675,-0.05337792453580369
508,training,0,0.00483126612380147,0.01944847944293359,20.146418782140717,0.6484514225362108,-0.05357029312359412
509,training,0,0.0011438708752393723,0.01944847944293359,20.16641483377113,0.6473819049557691,-0.053452229065725575
510,training,0,0.0012185630621388555,0.01944847944293359,20.226253204251723,0.6442274186332607,-0.05272296900960538
511,training,0,0.0057090730406343946,0.01944847944293359,20.26615027337334,0.6421174937424777,-0.05331667987371344
512,training,0,0.002914487849920987,0.034766289672926574,20.30618950300989,0.6399786468680717,-0.05326845645599126
513,training,0,0.0048605836927890795,0.034766289672926574,20.34592136659037,0.6378737182007169,-0.05320120970720794
514,training,0,0.007841139566153288,0.034766289672926574,20.365889282273486,0.6368151054699523,-0.05293929453900936
515,training,0,0.017844734713435177,0.034766289672926574,20.40594072567377,0.6347133329672011,-0.05189592436054531
516,training,0,0.019013077020645145,0.034766289672926574,20.4456806199915,0.6326706109917243,-0.051791382623818556
517,training,0,0.020986533723771572,0.034766289672926574,20.505701037142224,0.6295597805305504,-0.05150343283688375
518,training,0,0.009153846651315693,0.028790467214041215,20.545448062806873,0.6275440611124392,-0.05078785389028586
519,training,0,0.013230341952294111,0.028790467214041215,20.58540264890779,0.6255389205014055,-0.04952301152778945
520,training,0,0.030511536169797186,0.028790467214041215,20.625403635096504,0.6235818060054176,-0.04850110679772862
521,training,0,0.017004618886858225,0.028790467214041215,20.645240454232496,0.6226165642907557,-0.04911777559674161
522,training,0,0.013266967609524727,0.028790467214041215,20.705228862849573,0.6196468877205504,-0.0494534695939938
523,training,0,0.009785309433937073,0.028790467214041215,20.725211176911966,0.6186739127465035,-0.04805219561409923
524,training,0,0.01572567643597722,0.010624031751943276,20.784944699311637,0.6158981143614196,-0.044825642419340395
525,training,0,0.028252025134861473,0.010624031751943276,20.804996341849023,0.6150062336793951,-0.04419875849601646
526,training,0,0.02390667237341404,0.010624031751943276,20.86477028893894,0.6124186527704021,-0.04345637259701328
527,training,0,0.041246994165703654,0.010624031751943276,20.904806303068163,0.6106736425263181,-0.0438814118634427
528,training,0,0.03110314765945077,0.010624031751943276,20.924840677309028,0.6097958196053254,-0.04384907505719842
529,training,0,0.02998519642278552,0.010624031751943276,20.964604295930645,0.6080462099286661,-0.04481763894541135
530,training,0,0.03204366751015187,0.01871509417106575,21.02465823373724,0.6053387224194967,-0.044587848605249926
531,training,0,0.03318385174497962,0.01871509417106575,21.064417757619502,0.6036207342650638,-0.04250938359054948
532,training,0,0.04683257080614567,0.01871509417106575,21.10438588751094,0.6020038166448901,-0.037948181562714726
533,training,0,0.02754192380234599,0.01871509417106575,21.14436853915885,0.6006086221072809,-0.031719947012471265
534,training,0,0.031192272901535034,0.01871509417106575,21.184164381670083,0.5994292942964901,-0.02801448605135578
535,training,0,0.039521269500255585,0.01871509417106575,21.22426302583212,0.5983426112158152,-0.026324905455708963
536,training,0,0.03309175278991461,0.006109174030145492,21.26411288524131,0.5973738502247913,-0.022678435898764396
537,training,0.011964582,0.06343167647719383,0.006109174030145492,21.324128225623994,0.5961848741893782,-0.016821422200515072
538,training,0,0.04853290133178234,0.006109174030145492,21.34417523786835,0.5958694186101806,-0.014160165241603755
539,training,0,0.03528308216482401,0.006109174030145492,21.38393859953025,0.5954345782124408,-0.008481918738210222
540,training,0,0.022608098108321425,0.006109174030145492,21.4240101322614,0.5951752050416375,-0.005328350942547587
541,training,0,0.033954743295907974,0.006109174030145492,21.463969790568154,0.594975085739597,-0.005548802740404375
542,training,0,0.02562586683779955,0.0036283461796968734,21.503901164178245,0.5947143636420407,-0.007982899935702833
543,training,0,0.0390456635504961,0.0036283461796968734,21.52398034796605,0.5945404029635308,-0.009506077393337755
544,training,0,0.030658342409878973,0.0036283461796968734,21.563994004722318,0.5941081809254278,-0.012285813919270992
545,training,0,0.01649082871153951,0.0036283461796968734,21.62395067829764,0.5932744590063209,-0.014996408720222195
546,training,0,0.026226094458252188,0.0036283461796968734,21.6440377353287,0.5929708275034106,-0.014836832813721059
547,training,0,0.026048381230793893,0.0036283461796968734,21.68386915601264,0.5923997428900529,-0.014454903342540142
548,training,0,0.04288597451522947,0.011762123549660448,21.743965864979835,0.5915418854119275,-0.01435319665810607
549,training,0.0070273234,0.059454763308167465,0.011762123549660448,21.78382417768389,0.5909685175180506,-0.015057625181306527
550,training,0.0013696621,0.059695672243833535,0.011762123549660448,21.84390891588808,0.5899713768626684,-0.018757079389235362
551,training,0,0.036463760770857334,0.011762123549660448,21.863936042441537,0.58958687135961,-0.02006768986701761
552,training,0,0.048417214304208755,0.011762123549660448,21.903735760220393,0.5887474450456833,-0.021042101875972365
553,training,0.00340989,0.060435108840465546,0.017013720780921063,21.94380859353545,0.5879621864990467,-0.017329353100980216
554,training,0.0031960714,0.056385483592748656,0.017013720780921063,21.983685836907767,0.5873841728629198,-0.011567739179341618
555,training,0.0037434977,0.05451342463493346,0.017013720780921063,22.023541313799846,0.5870966100553553,-0.0014498057570085524
556,training,0.0056467983,0.0661433394998312,0.017013720780921063,22.083518451291717,0.5875321988296006,0.01563251173588474
557,training,0.0016872154,0.07662393804639579,0.017013720780921063,22.123373176794274,0.5882966846239366,0.021947501367527142
558,training,0.056163818,0.10669220238924028,0.017013720780921063,22.16350999471694,0.5892334979491117,0.024171623838518837
559,training,0.0041894848,0.10947737097740173,0.009046333312587324,22.203333102288756,0.5901814213787402,0.021368450492428557
560,training,0.00093034894,0.10231327265501022,0.009046333312587324,22.243414467893448,0.5908757705131077,0.011882644299098672
561,training,0.0043955916,0.10538527928292753,0.009046333312587324,22.30349147337574,0.5911519939585282,-0.002164078032654826
562,training,0,0.013828936964273453,0.009046333312587324,22.323470170709115,0.5910672776942199,-0.005680464437291575
563,training,0,0.02079084888100624,0.009046333312587324,22.363588523094474,0.5908367463538,-0.0025696365434418737
564,training,0,0.01749447360634805,0.015705323363840652,22.383583934027378,0.5908268363773863,0.0022868632106998773
565,training,0,0.021083466708660133,0.015705323363840652,22.42333198307408,0.5911260844143073,0.012457547979912317
566,training,0,0.01907448656857015,0.015705323363840652,22.46339458177904,0.5917910326232575,0.020575688285660903
567,training,0,0.030571071431040764,0.015705323363840652,22.50327824874919,0.5927303679855096,0.02660664507095853
568,training,0,0.027647988870739937,0.015705323363840652,22.543172846981832,0.5938908415017222,0.031225009555077125
569,training,0,0.011480627581477165,0.015705323363840652,22.58329795945597,0.5952082253340218,0.0351027833901297
570,training,0,0.010064535774290562,0.033389441649169814,22.623039786211677,0.5966886055221755,0.03879280458066362
571,training,0,0.009948798455297943,0.033389441649169814,22.663051760658526,0.5983057897863894,0.04201715984650233
572,training,0,0.03855449054390192,0.033389441649169814,22.683118466335095,0.5991568713571478,0.043424286577887806
573,training,0,0.009886969812214375,0.033389441649169814,22.742833943037365,0.6018938106261313,0.04770325305176894
574,training,0,0.04055570531636477,0.033389441649169814,22.762857382203595,0.6028612592508227,0.04895264732277153
575,training,0,0.03184060100466013,0.033389441649169814,22.802835267359228,0.6048625006293074,0.05142210087982834
576,training,0,0.02793608419597149,0.04768220646265998,22.84262240232307,0.6069742588331136,0.05444778538137199
577,training,0,0.022989465855062008,0.04768220646265998,22.882674943419484,0.609212971627689,0.05728840337953334
578,training,0,0.011612584814429283,0.04768220646265998,22.922459645828134,0.6115482757403916,0.059944625984760615
579,training,0,0.01034952886402607,0.04768220646265998,22.98238385572547,0.6152699423915078,0.06390590587035054
580,training,0,0.003038592636585234,0.04768220646265998,23.002375104818473,0.616555676915918,0.06470009587546058
581,training,0,0.011357269249856472,0.04768220646265998,23.042068574789432,0.6191933064433306,0.0673786025673532
582,training,0,0.025265458971261978,0.03881037753726934,23.082050324275226,0.6219382277659709,0.06977062195931202
583,training,0,0.024046045728027824,0.03881037753726934,23.121863475049224,0.6247642848059332,0.07191768423771104
584,training,0,0.036566220223903656,0.03881037753726934,23.181668244434398,0.6291877962841773,0.07546597284018226
585,training,0,0.0426738141104579,0.03881037753726934,23.221507791167383,0.6322257720586498,0.07669716462058658
586,training,0,0.035538496216759086,0.03881037753726934,23.261279501639862,0.635318479682315,0.07815896467442703
587,training,0,0.036203661817125976,0.03881037753726934,23.301288363675027,0.6384688619208125,0.0787095237448777
588,training,0,0.029880144633352757,0.02396207277491601,23.340992537471887,0.6416034701102105,0.07871848178256101
589,training,0.0032120962,0.05125578586012125,0.02396207277491601,23.380885494900223,0.6447466074765188,0.07818189787886945
590,training,0.01180481,0.06771121080964804,0.02396207277491601,23.46053999687472,0.650943087744536,0.07759197322515496
591,training,0.0369638,0.0605976115912199,0.02396207277491601,23.520482838297507,0.6556378551723855,0.07837114815179297
592,training,0,0.028672497719526305,0.02396207277491601,23.540271196981056,0.6572032153482698,0.07813989211319859
593,training,0,0.04938888177275656,0.011443918172916458,23.580153801706018,0.6602270926684322,0.0718765872742555
594,training,0,0.011362139135599143,0.011443918172916458,23.60022104737849,0.6616297736395177,0.06762241324652496
595,training,0,0.018821444362401955,0.011443918172916458,23.620273078502393,0.6629409829538344,0.06304130322216314
596,training,0,0.019815709441900246,0.011443918172916458,23.660048533686748,0.6653138783485185,0.05609835814567195
597,training,0,0.01611277088522911,0.011443918172916458,23.700124689670805,0.6674276602198399,0.048933551565959695
598,training,0,0.018810328096151352,0.011443918172916458,23.740107680746895,0.6692600078760912,0.04307137844528208
599,training,0.013749539,0.07474991492927074,0.011443918172916458,23.780005127115057,0.670898200824939,0.039072007404524225
600,training,0,0.016816120594739907,0.005734458046183294,23.82017378565494,0.6723787546468065,0.03459668327342888
601,training,0,0.04000286012887956,0.005734458046183294,23.859991184045125,0.6736214374605234,0.02675931337332243
602,training,0,0.04192228987812996,0.005734458046183294,23.900076612764618,0.6745081001275005,0.01718726675340644
603,training,0,0.02662819996476172,0.005734458046183294,23.9402108424089,0.6750109998680929,0.008516734781781667
604,training,0,0.029646899551153183,0.005734458046183294,23.960135063629284,0.6751352674682399,0.004349414054154577
605,training,0,0.02019782830029726,0.031797883289878946,24.00018669460815,0.6751530512554674,-0.0034639828534313165
606,training,0,0.027523223310708993,0.031797883289878946,24.040328376537644,0.6748732575835157,-0.009560692594800857
607,training,0,0.03363773971796035,0.031797883289878946,24.080218074019985,0.6743734068334539,-0.015609507740001196
608,training,0,0.03148929588496685,0.031797883289878946,24.12036053902453,0.6736362339954648,-0.020922638555412338
609,training,0,0.03254528157413005,0.031797883289878946,24.16024950996246,0.6727341622022078,-0.024593643102401093
610,training,0,0.017495087522547692,0.029075632008625254,24.220266623827168,0.6711566909836804,-0.027696429644211738
611,training,0,0.0034652920439839363,0.029075632008625254,24.260171894967442,0.6700557321368141,-0.028013983686900588
612,training,0,0.0028984127566218376,0.029075632008625254,24.30007508803963,0.6689513083051921,-0.02749583269360127
613,training,0,0.009942645207047462,0.029075632008625254,24.340190395508262,0.6678758919409048,-0.025875925460891108
614,training,0,0.005569084547460081,0.029075632008625254,24.379967354941485,0.6668844110448314,-0.024770388140188886
615,training,0,0.0006915917620062845,0.029075632008625254,24.41998961403864,0.6659189931105022,-0.023594526465237745
616,training,0,0.008509399369359016,0.01950324980105208,24.45996820142097,0.6650312346927876,-0.021029540482645222
617,training,0,0.013665858190506697,0.01950324980105208,24.49981146328224,0.6642554898337639,-0.018152313285471993
618,training,0,0.026229243725538254,0.01950324980105208,24.539922381909452,0.6635945385965648,-0.014338693611141453
619,training,0,0.031154300449998118,0.01950324980105208,24.57975149173083,0.6631293026915941,-0.009503160803968501
620,training,0,0.03187982365489006,0.01950324980105208,24.619704977168723,0.6628621780463445,-0.0037718041350084924
621,training,0,0.006344288587570197,0.01950324980105208,24.639784804173367,0.6628107607387533,-0.0006686497830247121
622,training,0,0.003627050668001175,0.007248090889396366,24.67964207991219,0.6629113341603974,0.005697669434075452
623,training,0,0.007073627784848217,0.007248090889396366,24.719559420046487,0.6632753391886145,0.01260478452671106
624,training,0,0.010613704100251201,0.007248090889396366,24.779525828484132,0.6643397713351972,0.02310173062467825
625,training,0,0.040631916373968124,0.007248090889396366,24.81940420204193,0.6653925119111062,0.029546439045973427
626,training,0.007906709,0.07939157821238041,0.007248090889396366,24.85951960788325,0.666689125146257,0.03607186256191073
627,training,0.008742254,0.1117115607485175,0.007248090889396366,24.899238143252997,0.6682218901188081,0.039872072046043476
628,training,0.012017118,0.12547237356193366,0.01205200877509161,24.939253766812477,0.6698453202396245,0.04085091944353196
629,training,0.0082757175,0.14238638861570505,0.01205200877509161,24.979236276830008,0.6714828192922895,0.041392828473135614
630,training,0.012548768,0.14286680426448584,0.01205200877509161,25.01908404853042,0.6731530424310389,0.04226358416797349
631,training,0.0029444904,0.1266117636114359,0.01205200877509161,25.059181969824277,0.6748826954336682,0.04450950313939013
632,training,0.0031547705,0.1727229878306389,0.01205200877509161,25.0989829312999,0.6767294613112588,0.04864897556493465
633,training,0.0025153458,0.14396728761494157,0.01205200877509161,25.138892456758814,0.6787863312585913,0.054757330274831886
634,training,0.0030161063,0.19060860574245456,0.012203365041750843,25.178896907546704,0.6811098493279983,0.06199328200576588
635,training,0.0090138875,0.17687926068902016,0.012203365041750843,25.2185505802265,0.6837524321820755,0.07076002322598972
636,training,0.012313743,0.2070921808481217,0.012203365041750843,25.258493129808745,0.686755961077072,0.07991536441782783
637,training,0.020520221,0.2333102785050869,0.012203365041750843,25.298181712630097,0.6901311453853132,0.09037360317369442
638,training,0.008537458,0.20733590424060816,0.012203365041750843,25.33782455512388,0.69398956790704,0.10447887123154627
639,training,0.015302524,0.2461013942956925,0.012203365041750843,25.377574702743594,0.6984704348132982,0.12050646200995195
640,training,0.0061420947,0.29198443889617914,0.006578299569714191,25.416949191256226,0.7035849612011598,0.13762116167375005
641,training,0.010657517,0.3043183870613575,0.006578299569714191,25.45645046131743,0.7093867737398684,0.15328004228839182
642,training,0.008225774,0.30890345200896263,0.006578299569714191,25.495868206931743,0.7157091232719015,0.1637147748515887
643,training,0.006291385,0.32594722136855125,0.006578299569714191,25.554801418356217,0.7258885210516862,0.17691503437378603
644,training,0.0060431524,0.3134721238166094,0.006578299569714191,25.574462090807906,0.7294340823050361,0.17920617975333727
645,training,0.011424831,0.3076265128329397,0.006578299569714191,25.613701142764477,0.7366180598657724,0.18298038746289277
646,training,0.034665678,0.3100264808163047,0.04374719044103979,25.652983472202745,0.7439538729542255,0.18561205708152198
647,training,0.0037218896,0.31494914041832084,0.04374719044103979,25.692292761825808,0.7513316264994602,0.18436882186702416
648,training,0.006910376,0.324306913651526,0.04374719044103979,25.731480803170506,0.7586229880664196,0.18310116059775788
649,training,0.01699562,0.3037417223677039,0.04374719044103979,25.770857446318693,0.7658729862329738,0.1802333394825488
650,training,0.0056872373,0.29346709512174135,0.04374719044103979,25.810222456787628,0.772948611731467,0.1755241680925905
651,training,0.014963951,0.32043342571705574,0.04374719044103979,25.84954738591594,0.7798801456077418,0.17308972308229942
652,training,0.0064296573,0.2884108319412917,0.11768998586140625,25.888979695185935,0.7867247799554509,0.17013748820935753
653,training,0.0053548156,0.5250296210870148,0.11768998586140625,25.929021660281368,0.793920461170756,0.19822334663024202
654,training,0.004434273,0.8486543279141188,0.11768998586140625,25.96702819220503,0.8030738616579614,0.2861427348630986
655,training,0.0060151033,0.8494612500071527,0.11768998586140625,26.00320654128819,0.8165299783998035,0.43703266581106937
656,training,0.020600822,0.6803842261433601,0.17895295128720906,26.036710174096594,0.835623099276777,0.5992544905718384
657,training,0.013848123,0.602406483143568,0.17895295128720906,26.06708200136298,0.8598338977018837,0.7454467115220598
658,training,0.0014576031,0.48003629222512245,0.18533485812619663,26.093496965029388,0.8877393399238855,0.8797439870600317
659,training,0.0832206,0.37862675637006754,0.18533485812619663,26.11637318819432,0.9191202067765736,0.9962554659309026
660,training,0.005174649,0.3085848540067673,0.1807387023570549,26.135948913612932,0.9529242905342586,1.093089200213557
661,training,0.035793412,0.29025100916624075,0.1807387023570549,26.152514937183803,0.988645464992362,1.1776086163712793
662,training,0.008512607,0.25351662933826447,0.1807387023570549,26.166109059528065,1.0253031395690555,1.251539692622752
663,training,0.008030474,0.26106198877096176,0.1411400971176315,26.177213674594405,1.0630514318810937,1.3156072672292818
664,training,0.017500456,0.23687239177525046,0.1411400971176315,26.186137015555904,1.1015344930444215,1.368052455361376
665,training,0.019298648,0.21711521595716476,0.1411400971176315,26.193238431227485,1.1406806804461949,1.413975717185559
666,training,0.050874192,0.21356192603707314,0.1411400971176315,26.198656314638104,1.1798111580437964,1.4508484263780514
667,training,0.008821758,0.2125319018959999,0.1411400971176315,26.202799956950805,1.219441464673242,1.4818182852260278
668,training,0.005498491,0.210146002471447,0.07984461635817758,26.205804570235024,1.2591763785321384,1.5081620685014567
669,training,0.012259113,0.20631807297468185,0.07984461635817758,26.207806028024187,1.2988464094753331,1.5318488270784751
670,training,0.0061266795,0.18992289900779724,0.07984461635817758,26.208933160382767,1.3387180939070507,1.5525514429644474
671,training,0.009257881,0.16609933227300644,0.07984461635817758,26.20919874181256,1.3983891055303264,1.5788182556875043
672,training,0.00616182,0.13454850763082504,0.07984461635817758,26.20812591453168,1.458225899529639,1.5967996261725386
673,training,0.005040041,0.12087524309754372,0.03232658057322751,26.206846505350082,1.4980650957352697,1.608947238000134
674,training,0.072988324,0.09565870836377144,0.03232658057322751,26.20595546041785,1.5178005354690562,1.6252353848124115
675,training,0.0054923305,0.16230360511690378,0.03232658057322751,26.203855257561827,1.5584680611344557,1.61443099061458
676,training,0.072831094,0.21756964921951294,0.03232658057322751,26.20251510733627,1.5983521370955056,1.5903760938961058
677,training,0.0068028374,0.11677837185561658,0.03232658057322751,26.202317483678897,1.638646960639472,1.5634874473485945
678,training,0.060435295,0.09386981278657913,0.03232658057322751,26.202570500400668,1.6587147735264842,1.5542620798362865
679,training,0.0050865146,0.12363893166184425,0.032482881683728974,26.203244157594547,1.6985969295710497,1.5550294885410834
680,training,0.03809388,0.13112685456871984,0.032482881683728974,26.203788030982416,1.7386344692243818,1.5586874569131444
681,training,0.010095207,0.12472758255898952,0.032482881683728974,26.20428319211909,1.778571150252219,1.5572075070887146
682,training,0.053794038,0.16329378820955753,0.032482881683728974,26.204830820199934,1.8185048547390075,1.556570018773183
683,training,0.016115444,0.18290040828287601,0.032482881683728974,26.205443286579452,1.8585892568815565,1.5534930319666203
684,training,0.018792298,0.19261554069817063,0.032482881683728974,26.206219618432183,1.8985090974758834,1.5487085609228992
685,training,0.01636562,0.30588040314614773,0.045725876629799704,26.207199133027572,1.9385620902836787,1.5438274176523825
686,training,0.055785384,0.3085986040532589,0.045725876629799704,26.208387427448365,1.9785685431252678,1.5382248587894651
687,training,0.016839169,0.30498126801103354,0.045725876629799704,26.209740638258317,2.0184575095319848,1.5356726655869228
688,training,0.005777001,0.2797766551375389,0.045725876629799704,26.211168297485806,2.058525398126567,1.5349244907971713
689,training,0.08850867,0.2704606428742409,0.045725876629799704,26.21258305330115,2.0984121626894674,1.537146454262553
690,training,0.009278912,0.2454093955457211,0.045725876629799704,26.21377037287488,2.1383267637158667,1.546128486875352
691,training,0.01231797,0.263071708381176,0.06897698906831326,26.214536596426974,2.1782465998316285,1.557329684000341
692,training,0.011493314,0.2279976680874825,0.06897698906831326,26.214789981305064,2.2180514172184314,1.5717244190805966
693,training,0.00405519,0.270286925137043,0.06897698906831326,26.21441226688941,2.2579681741908604,1.5889958560043398
694,training,0.0058165276,0.25799755007028574,0.06897698906831326,26.21333590751795,2.297764914062421,1.6074479868685256
695,training,0.017813578,0.24046379327774042,0.06897698906831326,26.21144330499872,2.33751293522102,1.629292352173275
696,training,0.0023640404,0.24305080622434616,0.06897698906831326,26.208728984862077,2.377242068592869,1.647509726387161
697,training,0.029294213,0.303725004196167,0.09416111065809449,26.20532517069268,2.41694952180529,1.6658971732285195
698,training,0.01786745,0.3473749607801438,0.09416111065809449,26.201133810477977,2.4565245043813366,1.6862569625716786
699,training,0.005412684,0.36987595632672315,0.09416111065809449,26.196258064384775,2.4961111357351733,1.6987365873736568
700,training,0.005442897,0.1807374209165573,0.09416111065809449,26.190952072526308,2.53568720812088,1.710053307150341
701,training,0.023567524,0.221950925886631,0.09416111065809449,26.185193622699174,2.57505798412074,1.7214194372335083
702,training,0.002139875,0.2126665636897087,0.09416111065809449,26.178985018685776,2.614585913509804,1.7319553130400362
703,training,0.005648441,0.16904498636722562,0.018252826686349772,26.17235185969286,2.65385970399463,1.7437367210547938
704,training,0.076341964,0.17215938121080399,0.018252826686349772,26.165289667994877,2.693070118704247,1.7549454178480999
705,training,0.0030482574,0.21107295155525208,0.018252826686349772,26.15768603308161,2.7323943806766544,1.7703257222921638
706,training,0.0073086163,0.1461087763309479,0.018252826686349772,26.149470772733828,2.77120877082072,1.7883244253488926
707,training,0.0044556456,0.10936973243951797,0.018252826686349772,26.140480031289396,2.8100626996752482,1.8092249290723852
708,training,0.0049057333,0.18370846658945084,0.018252826686349772,26.13061731087136,2.8487432240424324,1.8340890700107089
709,training,0.02417803,0.11161779612302783,0.07269193586578074,26.119791190178812,2.8868704880189324,1.8610519747406005
710,training,0.028292034,0.16639479994773865,0.07269193586578074,26.107868123123783,2.925001418350635,1.8862365337182214
711,training,0.004853384,0.20490755140781403,0.07269193586578074,26.09519986312436,2.9626908025294383,1.9017631920540987
712,training,0.010429287,0.17415490746498108,0.07269193586578074,26.082004427139584,3.0003330100194594,1.9136436862422324
713,training,0.0116145145,0.11359944567084312,0.07269193586578074,26.06838970433015,3.037930929883108,1.9221862214918624
714,training,0.07065644,0.19702710583806038,0.07269193586578074,26.054511781324926,3.07520185414216,1.9322684075962924
715,training,0.007262682,0.14513585716485974,0.10548973637915733,26.040182733825255,3.112536318756018,1.9418465139484669
716,training,0.014020617,0.12244217842817307,0.10548973637915733,26.02543832060073,3.1494680307376326,1.9665985652477078
717,training,0.050274987,0.19927318859845397,0.10548973637915733,26.009505013996005,3.1856904450484236,2.0022061650194884
718,training,0.016934674,0.10601923801004887,0.10548973637915733,25.992327462087452,3.2213595516604183,2.037599406735825
719,training,0.0068536196,0.06759871169924736,0.10548973637915733,25.97384561824383,3.2566805300484845,2.0655487624223428
720,training,0,0.028015352785587297,0.10548973637915733,25.954549714344306,3.2913605245438085,2.090164363149244
721,training,0.013282971,0.05965349078178406,0.09845607059949882,25.934476694067484,3.325777008550544,2.1054770862811103
722,training,0,0.016505058854818344,0.09845607059949882,25.91383657167405,3.3600055704869023,2.1245460715627136
723,training,0,0.042844504117965684,0.09845607059949882,25.892641493595924,3.393633018589037,2.1400388097887237
724,training,0,0.0019324198365211487,0.09845607059949882,25.870812517397034,3.4270923384776233,2.158375073727098
725,training,0,0.025544870644807816,0.09845607059949882,25.848485721389867,3.460163297128235,2.170632588873388
726,training,0,0.022415753453969962,0.09845607059949882,25.825865833035245,3.492980712050948,2.177218581858748
727,training,0,0.03469477407634258,0.053340155106090005,25.80289549149451,3.525873729676621,2.184599753404918
728,training,0,0.04320011846721172,0.053340155106090005,25.77988881046505,3.5582824750577844,2.191208764877786
729,training,0.006192074,0.07611382007598877,0.053340155106090005,25.756546799048383,3.590759011767915,2.196769551205627
730,training,0.0023749806,0.06423186883330345,0.053340155106090005,25.73304927060941,3.623149677411328,2.1991256551582237
731,training,0.0017304845,0.05089445039629936,0.053340155106090005,25.697740308049234,3.6714786861745474,2.206557172498509
732,training,0.0037299213,0.05010177008807659,0.053340155106090005,25.673852698103758,3.70360886975349,2.214321968413984
733,training,0.049644846,0.06858582887798548,0.053340155106090005,25.649865695413745,3.735328459890723,2.2211382579724908
734,training,0.013679217,0.05825255438685417,0.0050976967371564475,25.61334733892193,3.7830445362062783,2.2255608092910606
735,training,0.010164284,0.05141802877187729,0.0050976967371564475,25.589019137521944,3.814456970576426,2.2357969788117753
736,training,0.015676193,0.10691229440271854,0.0050976967371564475,25.564109953999477,3.8457026843813864,2.2530638854514087
737,training,0.01740288,0.09013371169567108,0.0050976967371564475,25.538732307350884,3.876339698371721,2.272734584745218
738,training,0.042466942,0.1044735237956047,0.0050976967371564475,25.512738880858233,3.906379556746304,2.295389543075957
739,training,0.0101488475,0.15304052364081144,0.0050976967371564475,25.485989297966473,3.935907968214575,2.318004395852577
740,training,0.00492089,0.24073877930641174,0.025932545595188834,25.45860606729291,3.964710891586499,2.3456968606249364
741,training,0.008445358,0.3022156059741974,0.025932545595188834,25.415924170467076,4.00607767940508,2.398308150885438
742,training,0.009370178,0.23562504351139069,0.025932545595188834,25.401182018068504,4.019383025110828,2.4168368552130963
743,training,0.004542764,0.19143933057785034,0.025932545595188834,25.371136741980816,4.0450165271524465,2.4507358363719423
744,training,0.0064619184,0.2162172980606556,0.025932545595188834,25.340294802923463,4.070155597463736,2.461755318598464
745,training,0.046897735,0.25001784414052963,0.025932545595188834,25.309093174992825,4.095235402228334,2.466774743364288
746,training,0.09841143,0.23483943566679955,0.025932545595188834,25.27786992757633,4.120016506586203,2.4744613394964077
747,training,0.021434376,0.25931043177843094,0.07779586062445625,25.262218170061978,4.132296283326288,2.4777370069857123
748,training,0.004105257,0.24820799380540845,0.07779586062445625,25.23063493816418,4.1568438868512105,2.48469872794719
749,training,0.006380963,0.2546205669641495,0.07779586062445625,25.21473841989798,4.169049897471807,2.490156946132309
750,training,0.0035486217,0.3170175999403,0.07779586062445625,25.166939890299215,4.20462677022707,2.513892931179196
751,training,0.012432795,0.3114435076713562,0.07779586062445625,25.134334866046547,4.227873576489712,2.5313363424528332
752,training,0.002576391,0.32358235120773315,0.07779586062445625,25.11797177005867,4.239216789108926,2.540699785048162
753,training,0.010204299,0.32164784520864487,0.07779586062445625,25.085017955512637,4.261334579516951,2.5604496692172307
754,training,0.029680599,0.29411621391773224,0.07779586062445625,25.0513930250332,4.282905844648528,2.580282548066859
755,training,0.0086533725,0.36835459992289543,0.14546068183290697,25.02007672612343,4.300158124063853,2.5730979725032004
756,training,0.0063719274,0.38049470633268356,0.14546068183290697,24.986411204458573,4.321992235822344,2.5413463896320287
757,training,0.004262656,0.4082071930170059,0.14546068183290697,24.95359975528161,4.346047109914033,2.4753615467816052
758,training,0.0035246634,0.31122473254799843,0.14546068183290697,24.922814234726744,4.371934779209214,2.4095839935884746
759,training,0.0112991305,0.31089768209494645,0.14546068183290697,24.89350266048393,4.399903901683655,2.3508592538189217
760,training,0.033038996,0.21589077170938253,0.17765772987894451,24.86588187863368,4.429451348897474,2.2926817396295585
761,training,0.008597617,0.18504389841109514,0.17765772987894451,24.840159598085872,4.460266482705051,2.2387514530131516
762,training,0.01303051,0.16827553045004606,0.17765772987894451,24.817186488778084,4.489251415864964,2.220247015750196
763,training,0.0059543415,0.194297531619668,0.17765772987894451,24.793302681356472,4.521876573614963,2.185050096469782
764,training,0.003405208,0.22691160440444944,0.17765772987894451,24.770807229382683,4.554998403647866,2.1500458334693846
765,training,0.0024419127,0.268735833466053,0.17765772987894451,24.749303367478596,4.588936286318852,2.1221158572068637
766,training,0.019930998,0.3169011324644089,0.15104433470305403,24.728616640964354,4.623509527584553,2.0985110440015617
767,training,0.017079227,0.29586635529994965,0.15104433470305403,24.7088551877793,4.6583509220021435,2.073599698994441
768,training,0.0039884653,0.2386099398136139,0.15104433470305403,24.680660082453244,4.711553214208816,2.0467281267503536
769,training,0.012635104,0.21953598409891129,0.15104433470305403,24.66250835452,4.747158802043029,2.0391057201350713
770,training,0.0050412235,0.192638348788023,0.15104433470305403,24.644557150129398,4.782992327540939,2.03062859516104
771,training,0.0033688992,0.16332098515704274,0.15104433470305403,24.62692663534304,4.818872097219471,2.0244462530220324
772,training,0.0488808,0.1679267156869173,0.07858898640957039,24.600783244623496,4.872789119936256,2.0204502772811983
773,training,0.008790993,0.05607536435127258,0.07858898640957039,24.574832478650837,4.926754379138859,2.015878692359655
774,training,0,0.03152663493528962,0.07858898640957039,24.566251899207472,4.9447905416515034,2.013954159600574
775,training,0.019692332,0.07955542020499706,0.07858898640957039,24.540487950428307,4.998901776518717,2.0193983978461847
776,training,0,0.033204471692442894,0.07858898640957039,24.531785894932376,5.016843621094839,2.025545613833452
777,training,0,0.0029111579060554435,0.04080042522217884,24.522991605992857,5.0346860006436165,2.0315316706847812
778,training,0,0.02306787297129631,0.04080042522217884,24.505027325741516,5.07039007505081,2.041515820408236
779,training,0,0.00425985828042031,0.04080042522217884,24.49595593503574,5.08811289410158,2.0465159080376774
780,training,0,0.029252968728542324,0.04080042522217884,24.477545045147544,5.12342756857498,2.0552086841579444
781,training,0.007875758,0.051118101924657836,0.04080042522217884,24.44931079731785,5.176283653502851,2.0687511231695472
782,training,0,0.0486329011619091,0.04080042522217884,24.43974234652882,5.193752046732763,2.0745968944165085
783,training,0,0.0028082728385925293,0.04080042522217884,24.420302898170053,5.228453429959972,2.089438770486402
784,training,0,0.03267710655927658,0.03456524364143725,24.400171529617744,5.262999588377228,2.1084090626389975
785,training,0,0.016612373292446136,0.03456524364143725,24.379488719857903,5.296856393380732,2.129180427563379
786,training,0,0.03999299183487892,0.03456524364143725,24.358045099889434,5.330479698842428,2.147657376833481
787,training,0,0.021621156483888626,0.03456524364143725,24.33599234392626,5.363824175302967,2.1634281761210596
788,training,0,0.002856176346540458,0.03456524364143725,24.324854754600867,5.380240642819876,2.1699088740801797
789,training,0,0.008830778300762163,0.03456524364143725,24.290602875579886,5.42947467635109,2.1872387398637603
790,training,0,0.007613137364387526,0.029755202657145624,24.26741797317965,5.461826881058145,2.198367844292174
791,training,0,0.008021570742130266,0.029755202657145624,24.2438187178935,5.493975181552659,2.209531162163754
792,training,0,0.006164170801639557,0.029755202657145624,24.21977470754936,5.526017033915394,2.220293629619702
793,training,0,0.03031880035996437,0.029755202657145624,24.195562921999514,5.557498022656383,2.2320895694993066
794,training,0,0.0018159151077270438,0.029755202657145624,24.170820464835366,5.5889361584774075,2.2432226826778505
795,training,0,0.019226484000682838,0.029755202657145624,24.14584933779293,5.620005589708558,2.252473574839842
796,training,0,0.04347270727157593,0.029755202657145624,24.120599563976707,5.6508239519914305,2.261594858825424
797,training,0.014995936,0.07610423862934114,0.02296873557586453,24.094976574968477,5.6815551001045055,2.2697225912346557
798,training,0,0.04252360388636589,0.02296873557586453,24.08211246478472,5.696794440179757,2.2735141640899497
799,training,0.009858608,0.07804042845964429,0.02296873557586453,24.043139250910162,5.742162550367621,2.2872197753904246
800,training,0,0.009513385593891137,0.02296873557586453,24.016786272443127,5.772175765855282,2.295155875469229
801,training,0,0.04415390267968178,0.02296873557586453,24.003577160305493,5.787021076482959,2.3000892704570095
802,training,0.0028742077,0.058620147407054915,0.02296873557586453,23.963349020729172,5.83136718820951,2.3141318364338033
803,training,0,0.01700750738382338,0.02296873557586453,23.936245657913485,5.8606060599610865,2.3228585606070222
804,training,0.008029367,0.05925646424293517,0.0020108484931777235,23.908838919788582,5.889581688084343,2.334068712406303
805,training,0.00937171,0.05091619864106178,0.0020108484931777235,23.881134937510815,5.918275000216667,2.3425267505291383
806,training,0,0.03293302282691002,0.0020108484931777235,23.853195558714656,5.9467238672153,2.351684123251164
807,training,0,0.03437764942646025,0.0020108484931777235,23.824965755922417,5.974894742876371,2.362137235110528
808,training,0.013698815,0.05169469863176343,0.0020108484931777235,23.796434087698547,6.0027906284775066,2.3731340383436743
809,training,0,0.04233942180871965,0.0020108484931777235,23.782061999953022,6.016583073373893,2.3800345428157543
810,training,0,0.021774925291538225,0.0020108484931777235,23.753042081489586,6.043846280565036,2.3942043049040853
811,training,0,0.0350492000579834,0.0020108484931777235,23.708723897635814,6.084086833782804,2.415160589423852
812,training,0,0.026629038155078888,0.023227874487450235,23.678783746655753,6.110234474875956,2.431267423683987
813,training,0,0.006913430988788605,0.023227874487450235,23.66365788793101,6.123142003392888,2.438797051819499
814,training,0,0.005225330591201768,0.023227874487450235,23.632956657988213,6.148752393480608,2.4539804580266975
815,training,0,0.044373009353876114,0.023227874487450235,23.58639508958271,6.186041027330935,2.477903758834325
816,training,0.027623411,0.08009905368089676,0.023227874487450235,23.55472822449268,6.210430154668012,2.492963768214106
817,training,0.055462155,0.07300085760653018,0.023227874487450235,23.52278740321148,6.234278916662322,2.5068780625142773
818,training,0.016077895,0.08516184613108635,0.023227874487450235,23.47437997982627,6.269574242524744,2.511899244746501
819,training,0.031421952,0.14969699643552303,0.01960816588879909,23.458139359674686,6.281446569404812,2.5080526082693773
820,training,0.055121444,0.11513318086508662,0.01960816588879909,23.426124560112854,6.305176242967803,2.5011421621092627
821,training,0.038184416,0.08961267210543156,0.01960816588879909,23.394031220257578,6.329059613893812,2.503352562301404
822,training,0.0054300167,0.10649456642568111,0.01960816588879909,23.361842542730944,6.3528150244620125,2.508888168528677
823,training,0.0093097165,0.08701294288039207,0.01960816588879909,23.32966744084894,6.376249218144259,2.5153372917186347
824,training,0.015909454,0.053674776107072816,0.01960816588879909,23.297101513726776,6.399627262495738,2.523361328636844
825,training,0.012128454,0.09333865530788897,0.01960816588879909,23.264547185836093,6.4225717697750015,2.5321091402804554
826,training,0,0.044786080718040466,0.06459399721954609,23.23173354006377,6.44531050401688,2.538336655731052
827,training,0.012359618,0.0784321427345276,0.06459399721954609,23.19866031782955,6.467998063577315,2.5430551407994937
828,training,0.0023667328,0.13262752443552017,0.06459399721954609,23.14919116647714,6.501574913067738,2.545812041457735
829,training,0.011083214,0.14665091037750244,0.06459399721954609,23.11596783890616,6.52423519491251,2.5379577367316455
830,training,0.0075107818,0.08889579214155674,0.06459399721954609,23.083275893172313,6.547064140423433,2.525772846511962
831,training,0.003804346,0.08743773400783539,0.06459399721954609,23.066966240709757,6.558667094156644,2.52159384441613
832,training,0.009692464,0.07447414845228195,0.06459399721954609,23.034302430041688,6.582008520093378,2.5239488693287795
833,training,0,0.04629037156701089,0.07625300972981738,23.001782992052622,6.604833664405849,2.5354412005799247
834,training,0.007139875,0.06513486057519913,0.07625300972981738,22.968817866283928,6.6274263587172655,2.5456587350939635
835,training,0.007077594,0.07494491711258885,0.07625300972981738,22.935622423947333,6.649699789950646,2.55680293360896
836,training,0.006685852,0.05126342549920082,0.07625300972981738,22.902329853961483,6.671448125044738,2.568907519116364
837,training,0,0.04875791072845459,0.07625300972981738,22.868536175945525,6.692968057446181,2.5807541228592195
838,training,0,0.0334707610309124,0.07625300972981738,22.834720304578763,6.713966948044712,2.590941875455929
839,training,0,0.0485578216612339,0.08188496268245431,22.800614786140898,6.734696285667589,2.599615448044356
840,training,0,0.01831316575407982,0.08188496268245431,22.766254775614787,6.755231683652733,2.6058325775027176
841,training,0.010787692,0.0882640294730663,0.08188496268245431,22.731968326033726,6.775409518297295,2.613177073783413
842,training,0,0.03958369791507721,0.08188496268245431,22.714690561859527,6.785449838686617,2.6173249724911747
843,training,0,0.012723617255687714,0.08188496268245431,22.679991937775984,6.805336414028636,2.6247931987927293
844,training,0,0.005140244960784912,0.08188496268245431,22.62783978185268,6.83449233144072,2.6393018596590667
845,training,0,0.04398737847805023,0.0834391069412967,22.592722688613765,6.853539498357167,2.6495402750537376
846,training,0.010784914,0.06232176348567009,0.0834391069412967,22.557518430710843,6.872152286232977,2.661039340062644
847,training,0,0.015110552310943604,0.0834391069412967,22.521995930888163,6.890388874492978,2.6734230957368776
848,training,0.014231434,0.08133785612881184,0.0834391069412967,22.486314686334957,6.9082209502286,2.682371567694748
849,training,0.01264328,0.06316154263913631,0.0834391069412967,22.432473412948248,6.934307632003813,2.6982206103890958
850,training,0.05757902,0.05863742716610432,0.0834391069412967,22.3963722441172,6.951299780224783,2.7045114530751113
851,training,0,0.04584412928670645,0.06737421128055938,22.360160201687183,6.968043361111623,2.712653887433424
852,training,0.0053826505,0.09188442677259445,0.06737421128055938,22.323843862197055,6.984483799458541,2.7189553974483203
853,training,0,0.044414959847927094,0.06737421128055938,22.305619299615266,6.992656454293299,2.7208598876603247
854,training,0,0.023120980709791187,0.06737421128055938,22.269156127066545,7.008882922664294,2.724148987786661
855,training,0.00428941,0.088807693682611,0.06737421128055938,22.214398349397577,7.033086425091146,2.725206341677392
856,training,0,0.03685333766043186,0.06737421128055938,22.196087835195957,7.041183217843412,2.72527121968929
857,training,0,0.04202946834266186,0.042706900654867694,22.159558543804433,7.057339844091086,2.7236720490700446
858,training,0,0.04912301525473595,0.042706900654867694,22.12312197657449,7.073610079657054,2.718869371206547
859,training,0,0.04081646539270878,0.042706900654867694,22.086673815733924,7.09011062459118,2.714160221481171
860,training,0,0.03426324017345907,0.042706900654867694,22.050289264706407,7.106772546656496,2.7097021890512862
861,training,0,0.027154892683029182,0.042706900654867694,22.014055267330658,7.123631251150817,2.702465081513862
862,training,0,0.04902534931898116,0.042706900654867694,21.995993641659325,7.132142053872909,2.699553831307635
863,training,0.0043055466,0.0846877247095108,0.024058206044680966,21.941892423494316,7.158036819628935,2.689301744212322
864,training,0,0.010017991065979004,0.024058206044680966,21.905986345321143,7.175697350386151,2.679739839207566
865,training,0,0.03763406351208687,0.024058206044680966,21.88810693951314,7.1846429360700785,2.6754941252130022
866,training,0,0.029725749045610428,0.024058206044680966,21.852392788687865,7.202800142170028,2.666187878267824
867,training,0,0.005850657820701599,0.024058206044680966,21.799288192836404,7.230625478884377,2.6528632136355585
868,training,0,0.0170479454100132,0.024058206044680966,21.78160903471651,7.240064672351706,2.6494040114927935
869,training,0,0.020171940326690674,0.01292450738850034,21.746389267064544,7.259130644926566,2.6404171967950933
870,training,0,0.015693794935941682,0.01292450738850034,21.711458793721985,7.2784568884504885,2.6320732232783217
871,training,0,0.020660962909460064,0.01292450738850034,21.659150785498287,7.3081351067245395,2.617402862926367
872,training,0,0.020269952714443207,0.01292450738850034,21.641901434486737,7.318166922683443,2.6122185839377723
873,training,0,0.002713317051529888,0.01292450738850034,21.607494558115317,7.3385098918874565,2.6034286407894247
874,training,0,0.03978031873703003,0.01292450738850034,21.57309201809009,7.359219608438702,2.5957693217834814
875,training,0,0.004384271800518039,0.009831453220428596,21.539071673885736,7.380032105554637,2.5897025352580796
876,training,0,0.03783621825277805,0.009831453220428596,21.487957461134062,7.411734000567898,2.583142465051449
877,training,0,0.04461095854640007,0.009831453220428596,21.471048408930372,7.422319350056244,2.5809096515786103
878,training,0,0.018085520714521408,0.009831453220428596,21.437303470472987,7.443573561678325,2.577815671557104
879,training,0,0.03627210296690464,0.009831453220428596,21.403403903373068,7.465082900352465,2.5743111526151203
880,training,0,0.0415626484900713,0.009831453220428596,21.36980659584721,7.48657894734356,2.5703770521556932
881,training,0,0.024131030775606632,0.019226478189877032,21.319331922151413,7.519189686180728,2.5653858928781155
882,training,0,0.04622861370444298,0.019226478189877032,21.285896062463724,7.540997017531009,2.5619653232317217
883,training,0,0.038977959658950574,0.019226478189877032,21.269212698087475,7.5519302487033455,2.560937957086726
884,training,0,0.03786551905795932,0.019226478189877032,21.235700782142946,7.5739545680346705,2.5592851823388543
885,training,0,0.03971197875216603,0.019226478189877032,21.202353823015535,7.595951954136031,2.557802578633899
886,training,0.015408048,0.07355923531576991,0.019226478189877032,21.135558510991757,7.640121935405481,2.556816955024433
887,training,0.004213196,0.0834466116502881,0.03139820216560413,21.10235983091532,7.662110217463871,2.556182431928206
888,training,0.010266064,0.06026184186339377,0.03139820216560413,21.052221539411146,7.695273381385205,2.559658206823933
889,training,0,0.015583958476781845,0.03139820216560413,21.035574455741035,7.7062008567568,2.561937796323139
890,training,0,0.027194388210773468,0.03139820216560413,21.018926141937804,7.717051831343283,2.5660150709297307
891,training,0,0.007024623453617103,0.03139820216560413,20.98529685943996,7.73860414179458,2.57717752924329
892,training,0,0.005446672439575188,0.03139820216560413,20.951396966857832,7.759832981172171,2.586947312693129
893,training,0,0.012809410691261295,0.03804738978115844,20.917479647066454,7.780584054940892,2.5979238679416685
894,training,0,0.014738652855157849,0.03804738978115844,20.883105071756905,7.801138934043319,2.6072480847404025
895,training,0,0.014255663380026817,0.03804738978115844,20.848760778889886,7.821309572756581,2.6137416948042187
896,training,0,0.0072471629828214645,0.03804738978115844,20.814207131684,7.841279743559696,2.621315369862699
897,training,0,0.028100461699068546,0.03804738978115844,20.779443028776424,7.86103892426762,2.627705999332605
898,training,0.011213083,0.05488532315939665,0.03804738978115844,20.72720848176765,7.890113779768195,2.6398495370472204
899,training,0,0.008299551904201508,0.04081189467603064,20.709628297971783,7.899709604110167,2.644199022730482
900,training,0,0.03649309743195772,0.04081189467603064,20.674514068346955,7.918611480921164,2.651172679059111
901,training,0.0050917063,0.06986149586737156,0.04081189467603064,20.62151311110691,7.946406227690334,2.6659858658272504
902,training,0.011821097,0.05396203324198723,0.04081189467603064,20.585981859251334,7.964546360040641,2.6727939360991044
903,training,0.0023065968,0.13117242977023125,0.04081189467603064,20.550351456207903,7.982308262825193,2.6868297641843264
904,training,0.01961703,0.14994807168841362,0.04081189467603064,20.514427177320155,7.999509597676056,2.702373619742947
905,training,0.010600077,0.11856450140476227,0.03361672534055444,20.46001721508733,8.02427515015473,2.7278925041539623
906,training,0.0057283803,0.12433689460158347,0.03361672534055444,20.423463671157123,8.040011711261768,2.7405840760548914
907,training,0.0052515417,0.09721658378839493,0.03361672534055444,20.368142133757765,8.062998546766808,2.755128027187557
908,training,0.02950333,0.11798113957047462,0.03361672534055444,20.331215708429387,8.077780696592438,2.76555981186494
909,training,0.008694073,0.21611014008522034,0.03361672534055444,20.293981807728528,8.092271996220946,2.7754134465930447
910,training,0.0051844395,0.22158101946115494,0.005435322230306672,20.256639927307123,8.106287174395725,2.7919977275403407
911,training,0.005918031,0.2630283683538437,0.005435322230306672,20.21922748796609,8.119514374541623,2.8116369329649937
912,training,0.031846568,0.3270706534385681,0.005435322230306672,20.181265981032375,8.132068028698068,2.8333910629852324
913,training,0.03787316,0.29478781670331955,0.005435322230306672,20.14330306390292,8.143664605425819,2.856219021435283
914,training,0.013341208,0.3090690150856972,0.005435322230306672,20.12421118277457,8.149153248911633,2.8668372601028955
915,training,0.008944696,0.32530639320611954,0.005435322230306672,20.085614556370377,8.159606053973143,2.887582403946183
916,training,0.007347103,0.3020068630576134,0.04280752333166355,20.066239902910763,8.164552803566052,2.8973356470039913
917,training,0.009360729,0.27768950164318085,0.04280752333166355,20.02764995858979,8.173813120925105,2.9130091012694916
918,training,0.004982064,0.28137577697634697,0.04280752333166355,19.98860090570166,8.182701519472998,2.9209018812790077
919,training,0.008293437,0.3058143900707364,0.04280752333166355,19.949604167831676,8.191398138611662,2.922781573459134
920,training,0.0039252276,0.276157240383327,0.04280752333166355,19.910625597349636,8.20002584206029,2.924529075059316
921,training,0.052189644,0.33484313264489174,0.04280752333166355,19.89103249526259,8.204333874479016,2.9262538038683927
922,training,0.008678371,0.3284437283873558,0.04280752333166355,19.851999100629268,8.212796682057846,2.9298094223197744
923,training,0.008998017,0.3381745368242264,0.11592671302078494,19.812999700646944,8.221068956343009,2.935435703961924
924,training,0.0073719993,0.3733520768582821,0.11592671302078494,19.77345100564601,8.229749531648231,2.9005970901775884
925,training,0.005082292,0.4041041731834411,0.11592671302078494,19.73460896688469,8.240553108522228,2.8380416336500653
926,training,0.011167418,0.36454209685325617,0.11592671302078494,19.67755212835928,8.261525519196216,2.740162585973702
927,training,0.0067622224,0.32397256419062614,0.11592671302078494,19.640751786863234,8.278321797577933,2.6874527438131723
928,training,0.002637867,0.3401690721511841,0.15248560826949156,19.622760235644172,8.2874167119129,2.6589032339146907
929,training,0.03729053,0.19163954257965088,0.15248560826949156,19.587583598010784,8.307124327570628,2.6027484413751596
930,training,0.009066034,0.12969525158405304,0.15248560826949156,19.553421684186066,8.328703821038403,2.55936522949882
931,training,0.06132878,0.1496851872652769,0.15248560826949156,19.52016339849846,8.351307791290461,2.5323059118813576
932,training,0,0.030611211434006688,0.15248560826949156,19.48759694581976,8.374600338394911,2.5083780001596216
933,training,0.010301715,0.09837751276791096,0.15248560826949156,19.455376392211598,8.398657825019562,2.4969714728439305
934,training,0,0.03755752183496952,0.13007811671219247,19.423550103615238,8.422726670966593,2.487108892774342
935,training,0.034065373,0.05556965246796608,0.13007811671219247,19.391889734506695,8.447184142274608,2.484902187969544
936,training,0,0.021993270143866532,0.13007811671219247,19.360184639961183,8.47171359661164,2.476958525614879
937,training,0,0.01890476513653994,0.13007811671219247,19.32900566942592,8.496276607558533,2.4767466921718997
938,training,0,0.02471773605793714,0.13007811671219247,19.29739950599697,8.520906281447601,2.4826777386823013
939,training,0.005167191,0.05299777351319791,0.13007811671219247,19.265786538175597,8.545176780592548,2.490450765327761
940,training,0,0.010722767561674111,0.13007811671219247,19.23396072080611,8.56916926690776,2.502006479805851
941,training,0,0.007252100855112076,0.07759714029101977,19.20166367349913,8.592899495359182,2.514498570861026
942,training,0,0.03541381657123566,0.07759714029101977,19.169369198297513,8.616072569617664,2.5225846056101937
943,training,0,0.041040420532226576,0.07759714029101977,19.13666505527935,8.639053322405932,2.536586599077319
944,training,0,0.022662147879600518,0.07759714029101977,19.103671401864045,8.661500130083201,2.5529741428038295
945,training,0,0.014639360830187798,0.07759714029101977,19.07043232264863,8.683365619848626,2.565849549813399
946,training,0,0.016494659474119544,0.07759714029101977,19.03670997479745,8.705065542216568,2.5737783443651328
947,training,0,0.04774516262114047,0.07759714029101977,19.003098714456044,8.726469751889569,2.5741045089217747
948,training,0.010417119,0.06635497719980776,0.041568366096980676,18.969327668728884,8.747795071019926,2.5838989611526597
949,training,0.008360508,0.11541767418384552,0.041568366096980676,18.918262164156506,8.77940702639234,2.5861438447213363
950,training,0.0074137836,0.16025464981794357,0.041568366096980676,18.884323212442958,8.800679550147997,2.5742829451572233
951,training,0.030012293,0.10976850986480713,0.041568366096980676,18.850576401277653,8.822639425276465,2.5543473225947295
952,training,0,0.031612321734428406,0.041568366096980676,18.8340388048396,8.833768064141823,2.5448294406537157
953,training,0,0.028519742190837846,0.041568366096980676,18.800973127888437,8.856045949571953,2.554248326850948
954,training,0,0.02170676738023758,0.021168077896822277,18.76746670786973,8.877952109912021,2.5716986030383153
955,training,0.023994677,0.08311556652188301,0.021168077896822277,18.733895394081458,8.899104736829736,2.5852007826801766
956,training,0.09874415,0.10164255648851395,0.021168077896822277,18.69981419454868,8.92006391565746,2.595038081383512
957,training,0.037581876,0.12129519041627647,0.021168077896822277,18.665607747736452,8.940740676893252,2.5994528049024694
958,training,0.007267986,0.173838447779417,0.021168077896822277,18.631430719326794,8.961375143492711,2.594606013006034
959,training,0.014383251,0.19064681977033615,0.021168077896822277,18.597196091474213,8.982593671413213,2.5774021665267957
960,training,0.00673177,0.3071472942829132,0.00042341147068093076,18.563678775424094,9.00433695087596,2.5542951477019478
961,training,0.01963182,0.27356354147195816,0.00042341147068093076,18.53047671041359,9.027043285836099,2.528048866672035
962,training,0.020398501,0.334867462515831,0.00042341147068093076,18.497878565322676,9.05067588282632,2.500416957557396
963,training,0.018823149,0.3100818693637848,0.00042341147068093076,18.46612636919891,9.07510349898142,2.470714151576488
964,training,0.072750635,0.2976461127400398,0.00042341147068093076,18.434905595668088,9.100636246056943,2.4415296308966785
965,training,0.0030966369,0.29857735335826874,0.00042341147068093076,18.40459176224481,9.126737333333981,2.421416454853449
966,training,0.014848232,0.29766637459397316,0.00042341147068093076,18.37466720844648,9.153345809501278,2.410173721107297
967,training,0.0030259008,0.28680720180273056,0.059927749140923164,18.344885644485228,9.180145525224216,2.4103149566438837
968,training,0.0021622577,0.31758835166692734,0.059927749140923164,18.31525721222137,9.206572657661328,2.4167711470458193
969,training,0.0025220981,0.3331173285841942,0.059927749140923164,18.285185041039757,9.232923760403155,2.428227504234011
970,training,0.02152981,0.3052378557622432,0.059927749140923164,18.25488837755542,9.258747872955642,2.442558463535819
971,training,0.011954119,0.31499172747135157,0.059927749140923164,18.224262982736857,9.28420641663623,2.452864160917306
972,training,0.0376397,0.3149622566998005,0.059927749140923164,18.193246862623578,9.309516675428055,2.461800367526629
973,training,0.008401484,0.2855210546404123,0.059927749140923164,18.162181843107092,9.33442265282881,2.468232480089334
974,training,0.0022653278,0.31659960374236107,0.16321622692109286,18.13086010171612,9.359322316977803,2.4709646707907824
975,training,0.004524771,0.4590759510174393,0.16321622692109286,18.083468732480277,9.395796509009458,2.522992920760166
976,training,0.0028546206,0.5051362365484238,0.16321622692109286,18.067249150508093,9.406926437495835,2.5603732180801386
977,training,0.013522295,0.4778311848640442,0.16321622692109286,18.033501810637766,9.426985387438636,2.650158294450601
978,training,0.0048838863,0.4802739471197129,0.2043923992720516,17.998105359386937,9.444045185764667,2.732177276232377
979,training,0.009148452,0.40069990605115885,0.2043923992720516,17.961582755212053,9.458296406680969,2.804688906222988
980,training,0.013564128,0.22811325639486313,0.2043923992720516,17.92405837853453,9.470133554982723,2.8650350805475497
981,training,0.008621201,0.08948905020952228,0.22790539279081445,17.885516841303893,9.4799262679149,2.9158077148503954
982,training,0,0.016635596752166748,0.22790539279081445,17.846814711391094,9.488087342008582,2.9508957527584423
983,training,0.0071425904,0.09633690863847733,0.22790539279081445,17.807672934602255,9.495014740207525,2.981323081043695
984,training,0.009311698,0.14826783537864685,0.22790539279081445,17.768314563414805,9.500880511646525,3.004985182148621
985,training,0.011268533,0.19312401115894318,0.22790539279081445,17.728880682233456,9.505807043770243,3.0296150422826145
986,training,0.008212193,0.2044472098350525,0.22790539279081445,17.66946845579614,9.51151042663447,3.060145562171545
987,training,0.0064160842,0.19824736565351486,0.22154591714518357,17.60983305437648,9.515541011203952,3.0875513235043206
988,training,0.0016884592,0.26976199354976416,0.22154591714518357,17.550165486915805,9.518063516228953,3.110964863997648
989,training,0.0077491375,0.25654974579811096,0.22154591714518357,17.490629713605482,9.519394763922879,3.1213771968425656
990,training,0.0069717574,0.3037251718342304,0.22154591714518357,17.410623811724246,9.521025114616435,3.1214224447436734
991,training,0.008262565,0.3038635775446892,0.1508748713756668,17.330662088838746,9.523109469418934,3.106273285030166
992,training,0.0064989654,0.2733047604560852,0.1508748713756668,17.290658578017762,9.524746982598948,3.09418849227157
993,training,0.003427107,0.20485780388116837,0.1508748713756668,17.270669841587445,9.525774241776583,3.0858654994650494
994,training,0.0048576565,0.2551511451601982,0.1508748713756668,17.21065716787881,9.529719848359004,3.069097000930682
995,training,0.0071605574,0.2873718589544296,0.09709278010719087,17.150824774067203,9.534603611370605,3.0496059768694206
996,training,0.0042674234,0.2856220193207264,0.09709278010719087,17.09102280923091,9.54071363485326,3.0301315026078566
997,training,0.03899678,0.28587380796670914,0.09709278010719087,17.051299730359663,9.545436201514033,3.0160700857089804
998,training,0.007984608,0.20801297575235367,0.09709278010719087,16.991765686501672,9.553587484983465,2.992865125482512
999,training,0.022767479,0.14680074527859688,0.09709278010719087,16.952132095894463,9.5598835407444,2.97424705735593
1000,training,0.0065501016,0.10354388796258718,0.08250513905049794,16.89307546748071,9.57049756588402,2.956332959003379
1001,training,0.0055869836,0.11042188853025436,0.08250513905049794,16.853699763888404,9.57797227418462,2.95274243056004
1002,training,0.008662742,0.10571111552417278,0.08250513905049794,16.794912894640824,9.58930907160774,2.948431198289911
1003,training,0.0008178784,0.11002388596534729,0.08250513905049794,16.75555304900902,9.597062169434075,2.945274142296321
1004,training,0.030998059,0.14050964079797268,0.08250513905049794,16.696864926002558,9.60881106382917,2.943869421400946
1005,training,0.015787538,0.05429712124168873,0.0557626925462114,16.657521230621274,9.616743933415446,2.939871185340969
1006,training,0,0.0013567535206675512,0.0557626925462114,16.618501305270897,9.624784618674127,2.9385956336533026
1007,training,0,0.03580298274755478,0.0557626925462114,16.598958520066255,9.62879599597335,2.9388641221804632
1008,training,0,0.033833537250757224,0.0557626925462114,16.57933045709401,9.632844895465137,2.9363377621089146
1009,training,0,0.005303205922245978,0.0557626925462114,16.540077083028617,9.641212271719409,2.9263112900555095
1010,training,0,0.01858930056914687,0.0557626925462114,16.520591855323246,9.645494943573597,2.924237537375759
1011,training,0,0.037837842013686895,0.0557626925462114,16.50111954601441,9.649799781617476,2.92360153140154
1012,training,0,0.00943262875080109,0.024710480550136898,16.46198566638004,9.658466300685031,2.9239982126290225
1013,training,0,0.014452487230300903,0.024710480550136898,16.4229545153299,9.667229004266424,2.9163651227030933
1014,training,0,0.0298263318836689,0.024710480550136898,16.40352254864598,9.671723264090575,2.912282481455082
1015,training,0,0.003988888114690781,0.024710480550136898,16.364481179298227,9.681009401376478,2.9031129991551974
1016,training,0.027354317,0.051831165328621864,0.024710480550136898,16.306274620601904,9.695719549790452,2.8844711790789708
1017,training,0.016429722,0.05028161033987999,0.024710480550136898,16.228934813604802,9.717313080995115,2.8531405989504703
1018,training,0.027594235,0.0647170189768076,0.008695114808008072,16.190703914226077,9.729003970974075,2.8363564845042486
1019,training,0,0.0063891299068927765,0.008695114808008072,16.171561911110956,9.735101067675258,2.8305433149112065
1020,training,0,0.0333893820643425,0.008695114808008072,16.152429622356614,9.741288262414756,2.8278169486663645
1021,training,0,0.024677720852196217,0.008695114808008072,16.114529190184847,9.753680156821547,2.8220601345712004
1022,training,0,0.00844800658524036,0.008695114808008072,16.076569490846875,9.766386511023095,2.8148327858627766
1023,training,0,0.026382298208773136,0.008695114808008072,16.057537990926846,9.772875231880333,2.811294251984152
1024,training,0,0.048331539146602154,0.05609395466853968,16.01983481302725,9.785928486636847,2.8043045603881946
1025,training,0.011877799,0.09471634030342102,0.05609395466853968,15.963232996237815,9.806142290583429,2.793016848804997
1026,training,0,0.0008176255505532026,0.05609395466853968,15.925769803256811,9.819828673912173,2.7894348170607097
1027,training,0,0.001314487308263777,0.05609395466853968,15.888288274613098,9.833635884816648,2.7879996090527137
1028,training,0,0.00973905436694622,0.05609395466853968,15.869468179189461,9.84058024003204,2.7883412586567644
1029,training,0,0.014968749135732644,0.05609395466853968,15.832010483505192,9.854324753265006,2.7913876415140297
1030,training,0,0.013110838830471039,0.04716275059170338,15.79452434256462,9.867934676449726,2.7956738007260546
1031,training,0,0.04304742603562772,0.04716275059170338,15.756785076384407,9.88139955634743,2.8031790530406813
1032,training,0,0.03259553015232086,0.04716275059170338,15.71923941184263,9.89441889591344,2.8116761100126966
1033,training,0,0.011109512299299247,0.04716275059170338,15.68136824240274,9.90720654489346,2.8206886745189292
1034,training,0,0.00274818018078804,0.04716275059170338,15.643379921749409,9.919617980775744,2.831048266401368
1035,training,0.010196654,0.06458770856261253,0.04716275059170338,15.586317556667398,9.93747968020699,2.845333018439274
1036,training,0,0.015647102147340778,0.019568059625212058,15.547975461611431,9.948990796309824,2.8550164708264516
1037,training,0.0012440269,0.09370499104261397,0.019568059625212058,15.509771633098303,9.960066385583465,2.8633084429521998
1038,training,0.0045804214,0.09145242348313332,0.019568059625212058,15.471196377115666,9.970930048706744,2.8714522933742797
1039,training,0,0.04117305483669042,0.019568059625212058,15.45190139166063,9.976241952984015,2.8755100660473434
1040,training,0,0.03700310457497835,0.019568059625212058,15.413486253433176,9.986613334776253,2.8778452049007717
1041,training,0,0.014477933757007122,0.019568059625212058,15.374778755724442,9.99709466595908,2.87603513812885
1042,training,0,0.02330208010971546,0.013546137562203388,15.336226817298085,10.007632373016248,2.873948461872876
1043,training,0,0.028641363605856895,0.013546137562203388,15.297725823626603,10.018189850575679,2.874552232622719
1044,training,0.008384057,0.06345803663134575,0.013546137562203388,15.23979432310628,10.033938180009555,2.8781045109447816
1045,training,0,0.03596297837793827,0.013546137562203388,15.201271061924292,10.04428630721062,2.879641653886436
1046,training,0,0.014592839404940605,0.013546137562203388,15.181901719317954,10.049471704439421,2.8804328407070967
1047,training,0.042287465,0.08396318182349205,0.013546137562203388,15.123998856930244,10.064866907814693,2.8835712929679795
1048,training,0.008796103,0.14440246671438217,0.01969373041656923,15.085313938934005,10.074970913386428,2.8896083887765984
1049,training,0.004695437,0.1595098152756691,0.01969373041656923,15.027320864527127,10.089333505227478,2.9127018936338374
1050,training,0.011233912,0.1852005198597908,0.01969373041656923,14.988462012261232,10.097933270389378,2.936040830709117
1051,training,0.0056140996,0.19076082110404968,0.01969373041656923,14.94926283964526,10.105642331560038,2.9572232753142487
1052,training,0.010485014,0.26144763827323914,0.01969373041656923,14.910123417892402,10.112591766865691,2.9735051080340202
1053,training,0.01840288,0.2884117439389229,0.01969373041656923,14.870689478601124,10.118942404264466,2.990592564087718
1054,training,0.0021388617,0.3165648430585861,0.004206377962842173,14.831278531619995,10.124624834684493,3.006373375305229
1055,training,0.05674949,0.2920885607600212,0.004206377962842173,14.791786640423492,10.129643301635623,3.023558321785007
1056,training,0.008248148,0.29047730937600136,0.004206377962842173,14.77195677062786,10.131914261550003,3.03040540795852
1057,training,0.022146842,0.3210719712078571,0.004206377962842173,14.732337017811611,10.136167046807637,3.0391671055241396
1058,training,0.017429788,0.32534218207001686,0.004206377962842173,14.692638709175478,10.140017789866526,3.05092898693165
1059,training,0.017666083,0.32369910180568695,0.004206377962842173,14.65301790081816,10.143375518560525,3.0629687220862847
1060,training,0.0035280322,0.36668610572814947,0.0713112561671095,14.613172038445803,10.146223607856342,3.07815949163664
1061,training,0.022802016,0.3873897194862366,0.0713112561671095,14.573497577325972,10.14831226195973,3.101759664975771
1062,training,0.011092296,0.4023406654596329,0.0713112561671095,14.533868413829014,10.149299694603279,3.1331419439153687
1063,training,0.0036685804,0.35777077078819275,0.0713112561671095,14.494012949728768,10.148863609526066,-3.108871590849614
1064,training,0.011242206,0.3368903696537018,0.0713112561671095,14.454638396269843,10.146702631091788,-3.0655222944590905
1065,training,0.0072629917,0.35004058480262756,0.0713112561671095,14.41513422151034,10.14281746105432,-3.0210660698325316
1066,training,0.0056323083,0.22971947491168976,0.11442691753857957,14.375830268335584,10.137167587396302,-2.9765336880764908
1067,training,0.014115275,0.13528691977262497,0.11442691753857957,14.337020315724128,10.130026021286461,-2.958747024980875
1068,training,0.0055580456,0.4011995662003756,0.11442691753857957,14.29736018621504,10.123064625546451,-2.976774291843378
1069,training,0.0033648887,0.3939677160233259,0.11442691753857957,14.258620099310392,10.117242208673842,-3.0224775064164757
1070,training,0.007864158,0.7425009571015835,0.11442691753857957,14.218043114154927,10.114058531588082,-3.104758697110363
1071,training,0.032330852,0.7954469174146652,0.11442691753857957,14.178138842595182,10.114517360057198,3.0677689733313094
1072,training,0.0030596182,0.7977759540081023,0.2455702046776082,14.137232997281208,10.120452189679217,2.9260180832386093
1073,training,0.015338256,0.6388187361881137,0.2455702046776082,14.097817001102127,10.131947280754375,2.786598420463067
1074,training,0.013759673,0.45031539350748073,0.27394373580349335,14.060331983347163,10.148736188648263,2.6544851291345157
1075,training,0.1839401,0.22387120127677917,0.27394373580349335,14.025354697729737,10.170019275133674,2.5388087220977265
1076,training,0.029946877,0.09113889932632446,0.2816021543478671,13.992811031529858,10.194673110136906,2.4507004971659856
1077,training,0.006668428,0.05466523766517639,0.2816021543478671,13.96266399603876,10.22171254080234,2.369387059699476
1078,training,0.046167195,0.1001889705657959,0.2816021543478671,13.948377197214302,10.236148615009263,2.3339383149960065
1079,training,0.023352787,0.1333075910806656,0.26339089436584623,13.921385875977094,10.266177456229709,2.2731984489545622
1080,training,0.014369583,0.1429072469472885,0.26339089436584623,13.8960472886455,10.29784733309824,2.220306501923467
1081,training,0.011611595,0.14426641166210175,0.26339089436584623,13.87242377861965,10.33029570857364,2.182449641184834
1082,training,0.01183641,0.10772964358329773,0.26339089436584623,13.849838973346566,10.363526340860135,2.153111626508747
1083,training,0.003497844,0.173634622246027,0.26339089436584623,13.81774173859834,10.414617840309809,2.109736087854279
1084,training,0.06635209,0.16314056143164635,0.26339089436584623,13.797539200454457,10.449254131486608,2.0922303417521704
1085,training,0.060101435,0.1274736374616623,0.2042709545858092,13.777729101968392,10.484107553447975,2.0840564907613564
1086,training,0.03769244,0.13987725228071213,0.2042709545858092,13.758255003177752,10.51920155995076,2.066890567857531
1087,training,0.010938219,0.09951181709766388,0.2042709545858092,13.73951588814233,10.55478599880648,2.0440983304972926
1088,training,0,0.004794105887413025,0.2042709545858092,13.73047478267063,10.572653163794792,2.0340372299476868
1089,training,0.009682328,0.057402890641242266,0.2042709545858092,13.704520695905154,10.626987456063246,1.9958597806070537
1090,training,0.009705806,0.0559052973985672,0.2042709545858092,13.688353312445052,10.663846567903082,1.976529438330048
1091,training,0,0.02822335064411166,0.002644495708523018,13.672461775200553,10.70041240678639,1.9949928996821449
1092,training,0,0.0006183981895446222,0.002644495708523018,13.664157166120367,10.718439592813679,2.0094620669203476
1093,training,0.010971749,0.06978459656238556,0.002644495708523018,13.637517078126086,10.771664600697912,2.06462747861862
1094,training,0.003506854,0.062180623412132235,0.002644495708523018,13.618067384556362,10.805858380782201,2.1122507646414355
1095,training,0.03135638,0.08622023463249205,0.002644495708523018,13.596789816416994,10.839382928327828,2.1604863097490576
1096,training,0.0071176994,0.11982750147581102,0.04006824259116572,13.574064272826282,10.871756389696298,2.205971566705482
1097,training,0.02008682,0.13919523730874062,0.04006824259116572,13.549884407907813,10.903012293208024,2.2538898468419126
1098,training,0,0.0064173415303230286,0.04006824259116572,13.53715339534245,10.918283421385654,2.2766806429796196
1099,training,0.011904432,0.08729289472103119,0.04006824259116572,13.497532887329012,10.96282336067541,2.312304634632369
1100,training,0,0.03500707820057868,0.04006824259116572,13.484014498808268,10.977451484170196,2.3211576340479954
1101,training,0,0.027205519378185286,0.04006824259116572,13.456583872268364,11.0063890462561,2.3370197160368416
1102,training,0.035964876,0.08032646775245667,0.04006824259116572,13.41462961147777,11.048907075860944,2.363385567993295
1103,training,0.01428074,0.07875525206327438,0.04541169418007653,13.386023951251152,11.076529577737988,2.3839335663836567
1104,training,0.019213304,0.12425582483410835,0.04541169418007653,13.356749169028108,11.103581200367069,2.4095984296261563
1105,training,0.034598034,0.1675939317792654,0.04541169418007653,13.311579996165886,11.142147497362261,2.4605676016546076
1106,training,0.008182043,0.2116911206394434,0.04541169418007653,13.264163115452398,11.178461580184404,2.5164028103743603
1107,training,0.048151057,0.08189951255917549,0.04541169418007653,13.215089115255891,11.211852675468078,2.571303519134187
1108,training,0.03448259,0.16205952316522598,0.04541169418007653,13.181211078707348,11.233193137605415,2.5869576549580406
1109,training,0.008529382,0.1109962910413742,0.06278051741189418,13.147282459989837,11.25384564659163,2.6028398902850522
1110,training,0.012191479,0.12185174785554409,0.06278051741189418,13.07811957479725,11.293661230643762,2.6345132075502664
1111,training,0.036800146,0.1373787857592106,0.06278051741189418,13.04319564857387,11.312580815869463,2.6564484427127804
1112,training,0.01805396,0.07336559891700745,0.06278051741189418,12.989902453131602,11.339649235577147,2.684428292171563
1113,training,0,0.002783421194180846,0.09278576082243259,12.97196744483233,11.348401784191688,2.688439191569227
1114,training,0.014529485,0.08911043195985258,0.09278576082243259,12.918019197346997,11.374466732495504,2.6922517999056916
1115,training,0.004194341,0.08936625299975276,0.09278576082243259,12.864105266011904,11.400542039024153,2.689924137744563
1116,training,0.0077090873,0.06748065166175365,0.09278576082243259,12.810157538923939,11.426626022901857,2.691573084227767
1117,training,0,0.03695266880095005,0.09278576082243259,12.792149351437217,11.435318603870913,2.6925867232153036
1118,training,0,0.025387849658727646,0.09278576082243259,12.77419129855971,11.443933335218142,2.695294980655037
1119,training,0,0.04053829703480005,0.10336317652076833,12.738110429432284,11.461266903427568,2.6915991428156794
1120,training,0,0.04297914355993271,0.10336317652076833,12.720256460135042,11.469904687788114,2.690178670899401
1121,training,0,0.015081051737070084,0.10336317652076833,12.702262238371043,11.478621429300496,2.6908327565102663
1122,training,0,0.020883435383439064,0.10336317652076833,12.666325343847312,11.495989824429,2.6891426222408548
1123,training,0,0.043969057500362396,0.10336317652076833,12.630385699781499,11.51356087048887,2.685523550239259
1124,training,0,0.04371683672070503,0.10336317652076833,12.594515885023151,11.531077012204944,2.6899868767476804
1125,training,0,0.011221394408494234,0.10336317652076833,12.558526666361873,11.548381015147395,2.696912023261772
1126,training,0,0.04812972992658615,0.07729621875338384,12.522398041350694,11.56558321387339,2.6959465056050624
1127,training,0.005869104,0.0733945220708847,0.07729621875338384,12.486358687589927,11.582698224234234,2.7016370625394717
1128,training,0.055670705,0.13251011446118355,0.07729621875338384,12.450195238688293,11.599507089992896,2.7112577300106047
1129,training,0.0037225103,0.10261676460504532,0.07729621875338384,12.413839470093059,11.615977478732237,2.721313548327734
1130,training,0.027307566,0.054803516250103705,0.07729621875338384,12.359059398223389,11.639813786105712,2.740212074409562
1131,training,0.012626285,0.07610957138240337,0.07729621875338384,12.340701517125398,11.64754807276588,2.745558576070477
1132,training,0.0035773607,0.1369188390672207,0.04414351803930397,12.303759354991104,11.662739487805782,2.7578127212065566
1133,training,0.0056525124,0.1617959626019001,0.04414351803930397,12.26664961738137,11.677561569203935,2.7563389098656823
1134,training,0.01716892,0.08769332617521286,0.04414351803930397,12.229619414343208,11.69304469780998,2.733551602146644
1135,training,0.018304793,0.10289325285702942,0.04414351803930397,12.192976549914004,11.709324089150218,2.7161925249410466
1136,training,0.013285377,0.08671023324131966,0.04414351803930397,12.156868911014039,11.725889919419675,2.7090659799407524
1137,training,0.027183697,0.08837266266345976,0.04414351803930397,12.12056509532908,11.742564481987946,2.713413817223017
1138,training,0.0126201175,0.07806851435452698,0.010833573262877169,12.06603212286543,11.767193331848976,2.7192252051429278
1139,training,0.036950056,0.1557765230536461,0.010833573262877169,12.047795028993264,11.77538629794123,2.719003137972131
1140,training,0.0024603684,0.1719156950712204,0.010833573262877169,12.011378922522521,11.791773914676831,2.7166093615550544
1141,training,0.0147073455,0.1716008074581623,0.010833573262877169,11.975012500593445,11.80839589948246,2.708095234404991
1142,training,0.0030616121,0.14499614015221596,0.010833573262877169,11.938748415241797,11.825372035318814,2.6998227309435188
1143,training,0.038199577,0.1596535313874483,0.010833573262877169,11.90264847468412,11.842533788588307,2.696196089545191
1144,training,0.0043783206,0.1873749624937773,0.02452452301134443,11.8666254617915,11.859821933598676,2.6911580595605917
1145,training,0.015668372,0.2177499607205391,0.02452452301134443,11.830687549950827,11.877302243009503,2.686677305270821
1146,training,0.014451111,0.23013562336564064,0.02452452301134443,11.794747278753587,11.894977560196258,2.681772855659474
1147,training,0.010893259,0.20764806866645813,0.02452452301134443,11.759004541927661,11.912855848062609,2.673783136104248
1148,training,0.005877495,0.24237688444554803,0.02452452301134443,11.72339920034734,11.930963337326425,2.6682555073530487
1149,training,0.014350653,0.22941399784758684,0.02452452301134443,11.687834890638525,11.949262771081367,2.6642520697861345
1150,training,0.016431112,0.2168603017926216,0.0815722638676597,11.652378302973075,11.967605613853657,2.6652304505903537
1151,training,0.007456152,0.20774805545806885,0.0815722638676597,11.616819946701838,11.985805087603735,2.6731390433149484
1152,training,0.009593227,0.23101107776165009,0.0815722638676597,11.58120343216269,12.003623033221503,2.6827924862907317
1153,training,0.020819852,0.2241461277008056,0.0815722638676597,11.54537942876462,12.02099960513317,2.6978802607139207
1154,training,0.0036146087,0.20412301272153854,0.0815722638676597,11.509282777182992,12.037764017386182,2.7150883296347965
1155,training,0.009783096,0.15365254133939743,0.0815722638676597,11.472821315898681,12.053959376349585,2.7321779689741788
1156,training,0.0114389,0.09177650511264801,0.12559176912666067,11.436147210874923,12.069446153826478,2.7519552964752765
1157,training,0.015161062,0.0916074886918068,0.12559176912666067,11.399308305056874,12.084139754388119,2.7761747056638733
1158,training,0.008952061,0.1334470771253109,0.12559176912666067,11.361844666112045,12.097695970549312,2.812558395706863
1159,training,0.029216088,0.16756211267784238,0.12559176912666067,11.324172336375156,12.109782666802346,2.848742962934786
1160,training,0.009023195,0.15484752506017685,0.12559176912666067,11.285951264760687,12.120606784233175,2.8819883127901167
1161,training,0.042765323,0.180696040391922,0.12559176912666067,11.247202894655782,12.130332617670748,2.9084270183856074
1162,training,0.017889597,0.2072582021355629,0.13605050017847187,11.208526865501794,12.139035349307145,2.9313817777668225
1163,training,0.0127343675,0.21853618323802948,0.13605050017847187,11.149756973275746,12.150621365461134,2.9619591125150615
1164,training,0.00614614,0.16390256583690643,0.13605050017847187,11.110629917037913,12.157326149473825,2.98129780781755
1165,training,0.011539884,0.07752905413508415,0.13605050017847187,11.071121203905273,12.163421434018918,2.99504434822719
1166,training,0,0.021827682852745056,0.13605050017847187,11.051406488312962,12.16628066690807,2.999999610872982
1167,training,0,0.013925565173849463,0.13605050017847187,11.011935727968332,12.171771528351838,3.0043180350565355
1168,training,0,0.019933059811592102,0.11164889864182588,10.972273687277783,12.177257914797417,3.0039667634762255
1169,training,0,0.011589212343096733,0.11164889864182588,10.932701896224854,12.182781035818776,3.0011565599970016
1170,training,0,0.002571258693933485,0.11164889864182588,10.893180273393778,12.188361240016441,3.0015208576342216
1171,training,0,0.038441574200987816,0.11164889864182588,10.853569706683748,12.193904824296208,3.00286320526076
1172,training,0.014512243,0.08344882214441894,0.11164889864182588,10.81401536270684,12.199518358107523,2.9976603213730764
1173,training,0,0.017394743859767914,0.11164889864182588,10.774376648862518,12.20545206916325,2.9860772972378373
1174,training,0,0.0036865361034870148,0.1113462983089654,10.734888185489831,12.211876347855938,2.9755489386977456
1175,training,0,0.020230501424521208,0.1113462983089654,10.695540418488513,12.218557431535759,2.9714767258274177
1176,training,0,0.04954577423632145,0.1113462983089654,10.675801774234545,12.221956522564176,2.9706428229125317
1177,training,0,0.017642274498939514,0.1113462983089654,10.616624426793853,12.232467958911748,2.955462902409914
1178,training,0,0.007327541708946228,0.1113462983089654,10.59701040314642,12.236222373538428,2.9500257325681067
1179,training,0,0.008470981381833553,0.1113462983089654,10.557628110757618,12.244043369124194,2.9412927127714488
1180,training,0,0.015314907301217318,0.055210257732738764,10.518448276254508,12.25215299615177,2.934517617475636
1181,training,0,0.010600996669381855,0.055210257732738764,10.45973513802,12.264611329987112,2.9295319093395205
1182,training,0,0.013148803263902664,0.055210257732738764,10.420654183582892,12.273088454161122,2.926285221593522
1183,training,0,0.00629729637876153,0.055210257732738764,10.401192921682293,12.27735127580988,2.9255777179476725
1184,training,0,0.04773440212011337,0.055210257732738764,10.342470573438156,12.29026443246994,2.9250685719498404
1185,training,0,0.03213058412075043,0.055210257732738764,10.303589770041125,12.298925729488825,2.9185686421466865
1186,training,0,0.028541794046759605,0.05409947340097396,10.26456189907267,12.307865983876432,2.914319115476901
1187,training,0,0.024814259260892868,0.05409947340097396,10.225524528375376,12.316950850716777,2.911433627479901
1188,training,0,0.0329024214297533,0.05409947340097396,10.18674693707181,12.325905868317443,2.9190462056202864
1189,training,0.01069806,0.05558283673599361,0.05409947340097396,10.147623884374992,12.33455489622219,2.9297250094542715
1190,training,0.005242646,0.09110823646187782,0.05409947340097396,10.108680176545812,12.34270563086357,2.9412655939217482
1191,training,0.00413121,0.13460398092865944,0.05409947340097396,10.03022003035412,12.357686234225772,2.9631716663288854
1192,training,0.009866796,0.10512913577258587,0.018300423008328626,9.991032028855992,12.364522704228833,2.9744797053089758
1193,training,0.003227033,0.08986865845508873,0.018300423008328626,9.931741847852697,12.374402265373268,2.9668390238083604
1194,training,0.011843184,0.12320860102772713,0.018300423008328626,9.89244090165352,12.381696214043469,2.9495945658311835
1195,training,0.024001285,0.1296144425868988,0.018300423008328626,9.85306851700679,12.389674134448294,2.9339125728351454
1196,training,0.005875881,0.09916146472096443,0.029726905819920078,9.794508613265574,12.402645496946668,2.914753169607952
1197,training,0.002402459,0.0990791255608201,0.029726905819920078,9.755502386229168,12.411765511134593,2.9094529089778756
1198,training,0.007721152,0.16283079236745834,0.029726905819920078,9.697164690320431,12.4258115703678,2.9009236797960622
1199,training,0.007192106,0.1763683669269085,0.029726905819920078,9.67775820480124,12.430615948241078,2.8960954236850873
1200,training,0.018294312,0.16394333913922313,0.029726905819920078,9.638800427702407,12.440599633524231,2.8855468154302506
1201,training,0.046801038,0.10663542337715626,0.029726905819920078,9.600264237069634,12.450859821985148,2.8783744224429335
1202,training,0.0060467133,0.07945702970027924,0.029726905819920078,9.580999366609863,12.45605905989097,2.877936512675949
1203,training,0.004578257,0.07888488098978994,0.005791049315698252,9.542274328849441,12.466418095477092,2.884887370282705
1204,training,0.0070333746,0.0631047412753105,0.005791049315698252,9.522910438843942,12.47146218784294,2.8898098065202475
1205,training,0,0.04982822388410568,0.005791049315698252,9.503690668192126,12.476341836190022,2.8957371929371662
1206,training,0.010094985,0.0703567676246166,0.005791049315698252,9.464974264960512,12.485762723565642,2.909563328482231
1207,training,0.008702628,0.17884765565395358,0.005791049315698252,9.445451728512525,12.490316795531859,2.9162729480064455
1208,training,0.021665946,0.19192906469106671,0.005791049315698252,9.406535802531783,12.498980943134828,2.92897802111791
1209,training,0.011205614,0.21912563033401966,0.005791049315698252,9.367542895459348,12.507149203036269,2.9400198425509267
1210,training,0.0077064624,0.16726581705734134,0.02801064637925825,9.328250388738379,12.515039986040433,2.9449749200985766
1211,training,0.0017506371,0.18565842183306813,0.02801064637925825,9.289163827378365,12.522808244595204,2.944492374638158
1212,training,0.0052341735,0.187582079321146,0.02801064637925825,9.249895642221245,12.530694309379172,2.941827980700334
1213,training,0.008854607,0.20811147801578045,0.02801064637925825,9.21066316065426,12.538718332469164,2.937080112503702
1214,training,0.0068239975,0.23125038295984265,0.02801064637925825,9.171613577852153,12.546890026045922,2.933395261026658
1215,training,0.0017346531,0.24728775210678575,0.02801064637925825,9.132347679471456,12.55524815311159,2.930289132003986
1216,training,0.0076647606,0.27571036387234926,0.08065368379042728,9.093368478902457,12.56366937674927,2.927261267787651
1217,training,0.019848775,0.3063534330576658,0.08065368379042728,9.034670450122523,12.57656056774383,2.923071952378822
1218,training,0.0060610347,0.26055101584643126,0.08065368379042728,8.995723364751198,12.585275728971183,2.919714104819452
1219,training,0.0056241956,0.27300821244716644,0.08065368379042728,8.976263606679876,12.589677601753156,2.9183567445335825
1220,training,0.021809032,0.2917300183326006,0.08065368379042728,8.917626695839115,12.603136135523249,2.9129743567526885
1221,training,0.0027685766,0.3000259157270193,0.08065368379042728,8.87881746544868,12.612232061772277,2.9093793417239673
1222,training,0.0043029645,0.30432620272040367,0.128755465668439,8.839810580068516,12.621527441390635,2.905660025124117
1223,training,0.016333792,0.31402021367102867,0.128755465668439,8.800900987447228,12.630938110680878,2.9079903029847185
1224,training,0.008860956,0.37506738491356373,0.128755465668439,8.762298655239647,12.638950063419136,2.9671236099003515
1225,training,0.0031125885,0.3222771100699902,0.128755465668439,8.72327521402913,12.644546683690498,3.032645470237066
1226,training,0.019699108,0.3393011763691902,0.128755465668439,8.683874129635385,12.647537397503585,3.096774604999323
1227,training,0.0047133053,0.2926640659570694,0.128755465668439,8.644471905284863,12.648231112925616,-3.1352024720419736
1228,training,0.0014995227,0.23838074505329135,0.16873025455184867,8.62470200489397,12.647902529257236,-3.1160983816745493
1229,training,0.059660107,0.23437683284282682,0.16873025455184867,8.584902223248873,12.646219923344487,-3.08390687331271
1230,training,0.017277904,0.13791230320930478,0.16873025455184867,8.545155175587494,12.643283424774172,-3.0493609840690095
1231,training,0.0026355928,0.07945499708876014,0.16873025455184867,8.505738753710114,12.638980731608155,-3.018441516677438
1232,training,0,0.013162646442651756,0.16873025455184867,8.466084314854024,12.633588855817125,-2.996647465369569
1233,training,0,0.011248990893363953,0.16873025455184867,8.426932793292792,12.627602144194267,-2.984950616459319
1234,training,0,0.04362938553094864,0.15077764486415562,8.387452038156582,12.621239468746401,-2.9789535014979855
1235,training,0,0.04701061174273491,0.15077764486415562,8.347946195629548,12.614735263332836,-2.978845797629203
1236,training,0.015608691,0.06549420580267906,0.15077764486415562,8.30864881192881,12.608257047516409,-2.978063028708965
1237,training,0,0.019833154976367954,0.15077764486415562,8.269041863671712,12.601755550586947,-2.9808640781619893
1238,training,0,0.01968438178300857,0.15077764486415562,8.22974825961122,12.595350070357332,-2.9779821176863797
1239,training,0,0.00455348938703537,0.15077764486415562,8.19041722811714,12.588653740366778,-2.9672200230598538
1240,training,0,0.046666160225868225,0.1141044673055973,8.170680215355459,12.585134175178538,-2.9632908415524124
1241,training,0.009900634,0.07345165312290192,0.1141044673055973,8.11198133065902,12.574344833060204,-2.9583705011834627
1242,training,0.048453417,0.06569572351872921,0.1141044673055973,8.052847010136228,12.56345427476129,-2.9627431394139006
1243,training,0,0.02996292151510715,0.1141044673055973,8.033280097412991,12.559936693936322,-2.9647678831925437
1244,training,0,0.02729284903034568,0.1141044673055973,7.993948464734069,12.552988175124067,-2.968438256596001
1245,training,0,0.02898788684979081,0.1141044673055973,7.954394295040088,12.54614036243926,-2.9726614248971956
1246,training,0,0.027058383449912078,0.07598812829153231,7.915089728957825,12.53954982252768,-2.9783873197101487
1247,training,0,0.0010907836258411407,0.07598812829153231,7.895345860016043,12.53633016910184,-2.981878535210553
1248,training,0,0.01932306401431561,0.07598812829153231,7.855642789380718,12.530082162257541,-2.988976703399358
1249,training,0,0.021418876945972443,0.07598812829153231,7.816230443900647,12.524134915825107,-2.994558994470796
1250,training,0.00947403,0.059965651482343674,0.07598812829153231,7.756673495676572,12.51556709254874,-3.0035691423839754
1251,training,0.011798421,0.06147639686241746,0.07598812829153231,7.6973246498008825,12.507446453139263,-3.005858890075272
1252,training,0,0.048390937969088554,0.04724863060847905,7.6774732119662765,12.504735301233133,-3.006225685033252
1253,training,0.011598973,0.052749911323189735,0.04724863060847905,7.637572788774623,12.499349513880409,-3.010933961571688
1254,training,0.0067077256,0.05154106393456459,0.04724863060847905,7.578058717969229,12.49208446200456,-3.0297913941246652
1255,training,0,0.024782791733741757,0.04724863060847905,7.558029198564102,12.489902811242814,-3.0366439717263467
1256,training,0,0.03160103876143694,0.04724863060847905,7.518185922808331,12.48597432418651,-3.0484569548893865
1257,training,0.006090978,0.050095062237232924,0.04724863060847905,7.4783506864594385,12.482442949302813,-3.0579296452785556
1258,training,0.007267654,0.05648744432255626,0.028345257670382474,7.418347616459522,12.477852604395984,-3.072531243353362
1259,training,0,0.04193810746073723,0.028345257670382474,7.398442523460162,12.476533128100463,-3.078096720747706
1260,training,0.008421234,0.05220229551196098,0.028345257670382474,7.338291538541652,12.473210378928643,-3.0943959998284334
1261,training,0.01844213,0.0554609103128314,0.028345257670382474,7.298414417481713,12.471515465411164,-3.1045309758486175
1262,training,0.007760239,0.07865732349455357,0.028345257670382474,7.258336138540577,12.470232055554565,-3.1145219728565614
1263,training,0.0037924694,0.10989081300795078,0.028345257670382474,7.2382442328496825,12.46974617681667,-3.1207347394531637
1264,training,0.0084187575,0.10840794071555138,0.022073294054253085,7.178251975793506,12.469141031299927,3.1386095233043916
1265,training,0.0041640108,0.1274283267557621,0.022073294054253085,7.138091354358252,12.46956134529392,3.1243897224334014
1266,training,0.012837051,0.10880627855658531,0.022073294054253085,7.118096365261651,12.469957788377192,3.119464721539042
1267,training,0.035686776,0.12184209004044533,0.022073294054253085,7.058085426908391,12.47164660452875,3.1077988286167884
1268,training,0.013543731,0.17142254114151,0.022073294054253085,7.038045276450106,12.472362830384133,3.1034109668204315
1269,training,0.0063931416,0.17376001179218292,0.03290461060968262,6.998022566551875,12.474085492452083,3.0924986662377854
1270,training,0.016150095,0.22288265451788902,0.03290461060968262,6.958009680406828,12.476335307430022,3.0783380731445718
1271,training,0.005393388,0.23191167041659355,0.03290461060968262,6.918024333654009,12.479101378556575,3.0678430669775945
1272,training,0.007056509,0.21520500630140305,0.03290461060968262,6.878182004715781,12.482202825705446,3.0594433587320577
1273,training,0.005921726,0.20934412674978375,0.03290461060968262,6.8382850695733595,12.485607457723749,3.0544716048383203
1274,training,0.0069800653,0.29196843691170216,0.03290461060968262,6.798471841012566,12.489068842671985,3.056086341688707
1275,training,0.0026656701,0.22012020833790302,0.06132572337904193,6.758796987822557,12.49241045971253,3.0594677851630583
1276,training,0.02646053,0.25579557195305824,0.06132572337904193,6.718981302709545,12.495528899153463,3.0681452449126376
1277,training,0.01971298,0.244319498538971,0.06132572337904193,6.679254901845806,12.498203933072022,3.08005939103491
1278,training,0.008567555,0.2433827966451645,0.06132572337904193,6.639399390686667,12.50043058314951,3.0915841102828754
1279,training,0.043011382,0.2418045587837696,0.06132572337904193,6.5995359137082,12.502192015883919,3.1029391137045677
1280,training,0.024740852,0.2578643653541803,0.06132572337904193,6.559717148093388,12.503585017727655,3.1083724736309355
1281,training,0.00911754,0.2928036153316498,0.08781144975362322,6.519677389127785,12.504886419213687,3.108570926367779
1282,training,0.0039745173,0.32160448282957077,0.08781144975362322,6.479780660320611,12.50627113480979,3.1037427119473215
1283,training,0.012666271,0.29253124445676804,0.08781144975362322,6.439798323550478,12.507982840295984,3.093292336062451
1284,training,0.00644152,0.31050486117601395,0.08781144975362322,6.399776030616604,12.510117255951435,3.0833352919417285
1285,training,0.0154216625,0.26657263562083244,0.08781144975362322,6.359906021446575,12.51266087144181,3.0711290477418465
1286,training,0.011631867,0.29351677000522614,0.08781144975362322,6.319913352219917,12.515737143270405,3.0588277495559697
1287,training,0.018804051,0.33291132003068924,0.12171285755886299,6.2800235454810895,12.519232692904373,3.0497263687407354
1288,training,0.013774538,0.44325114041566854,0.12171285755886299,6.241255675704628,12.52260591357575,3.074088565715634
1289,training,0.01230192,0.4054157957434654,0.12171285755886299,6.201690793923144,12.523996691830249,-3.139025662809988
1290,training,0.016659789,0.4326796382665634,0.12171285755886299,6.162513751696936,12.52243198558929,-3.0666352253121936
1291,training,0.009722725,0.3411058038473129,0.12171285755886299,6.123334566607072,12.518108887386331,-2.996342545947358
1292,training,0.020255135,0.2532293349504471,0.1669479634746838,6.084496586108108,12.511114695440645,-2.9348314408685545
1293,training,0.008576374,0.19246815145015717,0.1669479634746838,6.046104091897789,12.502139105697111,-2.893035843273204
1294,training,0.004470245,0.2034502811729908,0.1669479634746838,6.007719059880259,12.49175143337361,-2.863934926613531
1295,training,0.010899385,0.15861554071307182,0.1669479634746838,5.969546298083724,12.480351839075068,-2.8374506336715726
1296,training,0.017025298,0.11357251927256584,0.1669479634746838,5.91307953973082,12.461382951313105,-2.8015858091709447
1297,training,0.009082099,0.19392052292823792,0.1669479634746838,5.894311959858464,12.45466984650154,-2.795484887142525
1298,training,0.015916348,0.14886995777487755,0.17194818588029076,5.838254145983197,12.433655967658392,-2.7648852724515462
1299,training,0.008125949,0.15493908151984215,0.17194818588029076,5.819846036171133,12.42627381391723,-2.7571491878344863
1300,training,0.008417683,0.11261909827589989,0.17194818588029076,5.764384355458102,12.403357490305995,-2.744175671151184
1301,training,0.0144253755,0.09204430505633354,0.17194818588029076,5.727786488528262,12.387990415316324,-2.7467732813739967
1302,training,0.0012847069,0.13882950320839882,0.17194818588029076,5.690750710429574,12.372766781921118,-2.7571706352273577
1303,training,0.005668396,0.09562893956899643,0.17194818588029076,5.6535653165096305,12.35782221758279,-2.758479359001556
1304,training,0.012351826,0.08566992729902267,0.12803281239524625,5.61657594137813,12.34294503635699,-2.7622834186296603
1305,training,0.004836618,0.059876516461372375,0.12803281239524625,5.5605597398518,12.32101010392104,-2.7759557629765115
1306,training,0,0.021448485553264604,0.12803281239524625,5.541877087767621,12.313917674305706,-2.782848520086434
1307,training,0.006345669,0.10949434712529182,0.12803281239524625,5.485168267940779,12.2936337158832,-2.814745893380077
1308,training,0.006298309,0.08395781740546227,0.12803281239524625,5.44721105282913,12.280908580276673,-2.817809201823676
1309,training,0.009366058,0.07440253347158432,0.08087623961783114,5.4093303672669295,12.268302902524702,-2.8231363307571096
1310,training,0.00741924,0.05106590688228607,0.08087623961783114,5.3713317269638985,12.255884247519504,-2.8289707510486637
1311,training,0.013698904,0.09027019515633583,0.08087623961783114,5.33319074202136,12.243805134580867,-2.842970604470464
1312,training,0.02626283,0.06263254955410957,0.08087623961783114,5.314050201785825,12.237982269850283,-2.8486405047103043
1313,training,0,0.03807565942406654,0.08087623961783114,5.275676262500124,12.226582546901636,-2.856316385038907
1314,training,0,0.03354543820023537,0.08087623961783114,5.256462577365224,12.220979150306405,-2.8594227933900287
1315,training,0.006877121,0.06840184680186212,0.08087623961783114,5.17945213154039,12.19931286082207,-2.875125317779165
1316,training,0,0.04929332807660103,0.03896788889997136,5.16015765939919,12.19407080087689,-2.8767633732249243
1317,training,0,0.030027858912944794,0.03896788889997136,5.140799651507134,12.188819646690078,-2.8781809526742195
1318,training,0,0.0264865942299366,0.03896788889997136,5.102049978001134,12.178590216146903,-2.8889421039965297
1319,training,0,0.014733854681253433,0.03896788889997136,5.0632995161519245,12.16874431363886,-2.8959013287360893
1320,training,0,0.012089141644537449,0.03896788889997136,5.0244898380031975,12.159041412751883,-2.897460274164493
1321,training,0,0.005183940753340721,0.03896788889997136,4.985717146537677,12.149379563644667,-2.8966937729510533
1322,training,0,0.015849027782678604,0.010394080645330827,4.96638918513117,12.144526490765784,-2.8944504284285966
1323,training,0,0.031758193857967854,0.010394080645330827,4.927669678156045,12.134662176444944,-2.89078401536921
1324,training,0,0.0033338535577058827,0.010394080645330827,4.888952864530759,12.124694750552058,-2.888401876829154
1325,training,0,0.0023734457790851593,0.010394080645330827,4.831090079610951,12.10947863902689,-2.881324239612737
1326,training,0,0.009955783374607563,0.010394080645330827,4.81179219184053,12.104323541130242,-2.880110535310385
1327,training,0,0.044246599078178406,0.010394080645330827,4.773256645602369,12.09394363633117,-2.876776968749764
1328,training,0,0.04702903144061566,0.03374156533004254,4.734730547269338,12.083430708484956,-2.8750566227216394
1329,training,0.011074297,0.07552957162261009,0.03374156533004254,4.6768935379024805,12.067724878858657,-2.8777751625060377
1330,training,0.01709284,0.06726292194798589,0.03374156533004254,4.618968396775333,12.052169951290763,-2.882381231231525
1331,training,0.00727668,0.09064028831198812,0.03374156533004254,4.580334113039271,12.041975299557988,-2.8839387063108357
1332,training,0.042955328,0.0808322662487626,0.03374156533004254,4.541683112974905,12.031773697579762,-2.883113660835283
1333,training,0.011007517,0.109132781624794,0.03374156533004254,4.503052201226472,12.021553826046775,-2.8830196605112293
1334,training,0.014311877,0.07111376523971559,0.01858869515128352,4.483763855727982,12.016425983740453,-2.879985846359829
1335,training,0.0019177535,0.052287839353084564,0.01858869515128352,4.426122838263854,12.000535279938777,-2.8657668766768265
1336,training,0.017840222,0.08592717349529266,0.01858869515128352,4.387718527778621,11.9894860532809,-2.8569025227185465
1337,training,0.0043178503,0.14879313483834264,0.01858869515128352,4.349546283745922,11.978104684008082,-2.8475217273943603
1338,training,0.00526115,0.12541684508323667,0.01858869515128352,4.311405649608828,11.966431952030064,-2.8425772837402232
1339,training,0.0026640235,0.12937821820378304,0.01858869515128352,4.273249574153765,11.954586625999598,-2.838304033181025
1340,training,0.02330526,0.1581940231844783,0.010375286118304898,4.235188750875561,11.942599698998817,-2.8362668641070616
1341,training,0.008297132,0.16511325910687444,0.010375286118304898,4.216149347285388,11.936593138603671,-2.8357382400080997
1342,training,0.016027045,0.16214831918478012,0.010375286118304898,4.178036436380331,11.924489427105998,-2.8305134416451394
1343,training,0.0053611174,0.17927438765764236,0.010375286118304898,4.140176444495012,11.91210505800999,-2.8207301463475436
1344,training,0.002411535,0.18188029527664185,0.010375286118304898,4.1023656130859685,11.89933460887978,-2.810309446335432
1345,training,0.003379176,0.18634642660617823,0.010375286118304898,4.064713558428792,11.886096217309788,-2.795416076327699
1346,training,0.0036514718,0.19296095520257944,0.009024819189099463,4.027433812876266,11.872319968778594,-2.780545879997135
1347,training,0.0031232177,0.18064051866531378,0.009024819189099463,3.99014069233421,11.85790221548502,-2.7638607971658606
1348,training,0.0074479035,0.20600761473178864,0.009024819189099463,3.953297929930781,11.842857068627415,-2.7434013055537214
1349,training,0.010396184,0.17379707843065262,0.009024819189099463,3.9167912773587976,11.827079039219944,-2.7242414266763495
1350,training,0.046859253,0.19772225618362427,0.009024819189099463,3.8802860187298123,11.810542538408125,-2.7076496179843628
1351,training,0.0347465,0.24092731624841696,0.009024819189099463,3.8443917265394703,11.793598223258206,-2.6945194660232197
1352,training,0.0034070723,0.20173594728112224,0.04463217102011819,3.808407265012984,11.776143190322236,-2.686100506259894
1353,training,0.0039368146,0.24522425793111324,0.04463217102011819,3.772552664024844,11.758465346706929,-2.680986933273634
1354,training,0.027185006,0.23552927561104298,0.04463217102011819,3.7368881213121568,11.740676328026149,-2.6772924052323877
1355,training,0.013693468,0.29690899606794124,0.04463217102011819,3.7010198244143924,11.722674278952054,-2.6761442827713315
1356,training,0.00933177,0.27895054779946804,0.04463217102011819,3.66541362201973,11.70477415778859,-2.6751318725834845
1357,training,0.009600301,0.2545201145112514,0.04463217102011819,3.629736233949896,11.686743495012216,-2.6717035458712495
1358,training,0.014526096,0.26163043454289436,0.07946211476221361,3.594064606484408,11.668515685439974,-2.665699604260861
1359,training,0.0019619332,0.22105827927589422,0.07946211476221361,3.5588764504680053,11.650101840231267,-2.6530285703290457
1360,training,0.0029956987,0.21811269223690033,0.07946211476221361,3.5237066197809255,11.631062942636664,-2.6366051502910097
1361,training,0.0029625043,0.18056511133909225,0.07946211476221361,3.489085386517923,11.611510882152693,-2.6170733527474357
1362,training,0.015169976,0.16733145713806152,0.07946211476221361,3.454931092383327,11.591202429623777,-2.5927471200090357
1363,training,0.006577021,0.16268059611320496,0.07946211476221361,3.4211812633549443,11.569998436121598,-2.5691428680634836
1364,training,0.01643234,0.07706322520971298,0.1456515337647406,3.387976620018587,11.548109651671943,-2.549219922300911
1365,training,0.010002154,0.08797607570886609,0.1456515337647406,3.355210752852883,11.525542523379345,-2.5236790915387095
1366,training,0,0.019750550389289884,0.1456515337647406,3.3232763960838527,11.50202226264202,-2.487907089190472
1367,training,0,0.02075825631618497,0.1456515337647406,3.29239634875553,11.477365881943028,-2.4496340872411695
1368,training,0.011888289,0.07582318037748337,0.1456515337647406,3.262230026989676,11.451616945283343,-2.4223782613676432
1369,training,0.0067160665,0.05153213441371918,0.1456515337647406,3.2177178948970693,11.411501033349591,-2.3965290288601957
1370,training,0,0.0296243317425251,0.1456515337647406,3.2032136921174366,11.398003492292833,-2.388334719577039
1371,training,0.0056740837,0.0662481039762497,0.1730248693443216,3.174336930937889,11.370572104811197,-2.377419414844189
1372,training,0.079257995,0.0959126465022564,0.1730248693443216,3.131321795992191,11.328781615303534,-2.362782520046984
1373,training,0.010594701,0.07835784554481506,0.1730248693443216,3.1029731552246935,11.300668689414483,-2.3635908484076578
1374,training,0.010743203,0.15838438272476196,0.1730248693443216,3.0742321075450194,11.272581094789684,-2.3688386389684615
1375,training,0.0055516995,0.22656679153442377,0.1730248693443216,3.045626965338693,11.244805092142112,-2.3775287955059303
1376,training,0.0033483785,0.24068087339401245,0.1730248693443216,3.0310604464701876,11.231005826905667,-2.3907696995626493
1377,training,0.009605311,0.28748881816864014,0.1730248693443216,3.0011683224151606,11.203911581948272,-2.418899637925527
1378,training,0.012495335,0.15105538070201874,0.1734542703579791,2.9707961811159014,11.177808098079504,-2.4457673368333337
1379,training,0.019847164,0.21555575728416443,0.1734542703579791,2.939678679527692,11.152428032055997,-2.4638560589013543
1380,training,0.005210064,0.22043513506650925,0.1734542703579791,2.9084847410639454,11.127556704447743,-2.476088797790329
1381,training,0.016879886,0.1872534602880478,0.1734542703579791,2.876700084973741,11.10314703441132,-2.49840458132951
1382,training,0.0059980466,0.20225606858730316,0.1734542703579791,2.844337240143969,11.079413412809863,-2.5180314004227697
1383,training,0.025062673,0.15228545665740967,0.1734542703579791,2.7950990449731723,11.044898298663952,-2.5431534246361474
1384,training,0.014955455,0.12596826255321503,0.1734542703579791,2.761898304158949,11.02258293249177,-2.555084179653266
1385,training,0,0.014370669145137072,0.13649820335393267,2.7284095198218767,11.000592425709879,-2.5667606004328265
1386,training,0,0.04242827557027339,0.13649820335393267,2.711580110909469,10.98973014661868,-2.569278563035685
1387,training,0,0.00744800828397274,0.13649820335393267,2.6779670991950737,10.968180308516155,-2.5749362665468216
1388,training,0.007928217,0.05112919397652149,0.13649820335393267,2.644218872321348,10.94677816082551,-2.576496664416247
1389,training,0.008355144,0.05026528181042522,0.13649820335393267,2.593713100525608,10.91464632116936,-2.5720925892313407
1390,training,0,0.002585003152489662,0.13649820335393267,2.576986732615022,10.903907370465017,-2.5707097568886987
1391,training,0.0041351053,0.11076956056058405,0.07415524648885434,2.5264260581652267,10.871535318206847,-2.575471732210883
1392,training,0.019801626,0.15872631967067719,0.07415524648885434,2.492957124645405,10.850003591063057,-2.560848004612594
1393,training,0,0.00763546489179134,0.07415524648885434,2.476394369608811,10.839005641986047,-2.54830442242525
1394,training,0.017327454,0.08690390735864642,0.07415524648885434,2.443351495363383,10.816214461505679,-2.5336211194833704
1395,training,0.013007696,0.10511906817555428,0.07415524648885434,2.410546464233994,10.793221467497236,-2.5229684552387597
1396,training,0.003247584,0.10663038492202759,0.07415524648885434,2.3785646068655075,10.769696087403052,-2.4911807215121025
1397,training,0.0027313991,0.15752756223082542,0.07415524648885434,2.3473857474106676,10.745179023478814,-2.4586662088326396
1398,training,0.006786135,0.06803272664546964,0.012210699129218109,2.3023459823531396,10.706327915414928,-2.398207551469853
1399,training,0,0.04847440868616107,0.012210699129218109,2.287822397011405,10.692798457723708,-2.388884239325135
1400,training,0.034344457,0.09759185463190079,0.012210699129218109,2.2588609435017015,10.665283043535894,-2.3726986516317066
1401,training,0.007889004,0.12713759392499924,0.012210699129218109,2.2305037278356794,10.637326188277026,-2.354187191584822
1402,training,0.018758653,0.08702787756919861,0.012210699129218109,2.202683436025153,10.608929932678466,-2.337730924993834
1403,training,0.010507515,0.19184098392724996,0.012210699129218109,2.1751237485744537,10.579863137662693,-2.3201946198065437
1404,training,0.005624776,0.10929064452648163,0.012210699129218109,2.148336790460458,10.550559079297292,-2.302609678884863
1405,training,0.014734038,0.23232023511081934,0.012210699129218109,2.1219252018805936,10.520664109071294,-2.2870472699221063
1406,training,0.0076962477,0.25084430910646915,0.0742221253425845,2.095785575979587,10.490299139266728,-2.2778608684670827
1407,training,0.010069301,0.24034986272454262,0.0742221253425845,2.0571847002281958,10.444640790633457,-2.2670514430546405
1408,training,0.0071803285,0.24924565106630325,0.0742221253425845,2.044363417856487,10.429230136694537,-2.2609838361506744
1409,training,0.011841956,0.18886630982160568,0.0742221253425845,2.019209068906737,10.398348945276744,-2.2462686090195
1410,training,0.011200162,0.20403854548931122,0.0742221253425845,1.9946956739257946,10.367048005098255,-2.2227432480310627
1411,training,0.015820326,0.17621451616287231,0.0742221253425845,1.9709763552824535,10.335099415964208,-2.1960822935413176
1412,training,0.0044453056,0.22714912146329885,0.0742221253425845,1.9481946880014034,10.302572876077896,-2.1668166434004403
1413,training,0.005245777,0.24897122383117676,0.013195761470204192,1.9263783247392252,10.269370284218434,-2.139482614202915
1414,training,0.008473483,0.22861701995134354,0.013195761470204192,1.9053022906293255,10.235600512378722,-2.1188006417107825
1415,training,0.005117948,0.14900986850261688,0.013195761470204192,1.8849043488973378,10.201376442156102,-2.097370936598852
1416,training,0.041280583,0.14556245505809778,0.013195761470204192,1.8653665552352803,10.16688570422996,-2.074636315219376
1417,training,0.013191661,0.12366826832294459,0.013195761470204192,1.846546457231944,10.131702422414623,-2.048586744826537
1418,training,0.0026569043,0.09081210196018219,0.013195761470204192,1.8288331475192872,10.096188539288965,-2.017360452162339
1419,training,0.0073544704,0.08736954629421234,0.07614423501792382,1.8123082120498908,10.060148568886774,-1.9837956823456373
1420,training,0.019299451,0.11114569008350372,0.07614423501792382,1.7968873751994698,10.023314307676914,-1.9498995772537393
1421,training,0.007851683,0.13027650862932205,0.07614423501792382,1.7828261265846732,9.986321183210046,-1.9199198076263455
1422,training,0.008535887,0.12835367769002917,0.07614423501792382,1.769668502096524,9.9486998110673,-1.8954445729800218
1423,training,0.0013342996,0.14383093267679212,0.07614423501792382,1.7573722792679964,9.910802754391245,-1.8737653921532418
1424,training,0.010023777,0.10149604082107541,0.07614423501792382,1.7459377844577757,9.872758118598785,-1.8526965622442129
1425,training,0,0.04448911547660825,0.1365944587768572,1.7352290085144892,9.834389567859493,-1.8341082571777756
1426,training,0,0.04839903116226196,0.1365944587768572,1.7253327369538634,9.79582710723345,-1.806419692614185
1427,training,0.011579384,0.08084249496459964,0.1365944587768572,1.7167614788208598,9.757100241717438,-1.7708412068984503
1428,training,0.0048711225,0.060641653835773496,0.1365944587768572,1.70947699825326,9.71811849355596,-1.7409332794940648
1429,training,0.009063099,0.05691172927618024,0.1365944587768572,1.703268029415421,9.678710808369791,-1.7131189253519679
1430,training,0,0.0347575917840004,0.1365944587768572,1.6981756708319247,9.639400391333261,-1.687161615357183
1431,training,0.010511484,0.05291377380490302,0.14955367816252157,1.6938384075673516,9.599699615418954,-1.6733242157065795
1432,training,0,0.043351169675588615,0.14955367816252157,1.6899793140576829,9.559916550423623,-1.6619973649808548
1433,training,0,0.018884774297475815,0.14955367816252157,1.6865491523719616,9.52028098014822,-1.6525662298531258
1434,training,0,0.00450127013027668,0.14955367816252157,1.6849524856309874,9.50032578681508,-1.6486158894666663
1435,training,0,0.0009078383445739746,0.14955367816252157,1.68198685472005,9.46040557281658,-1.641461021638709
1436,training,0,0.023765290156006813,0.14955367816252157,1.6792943438516252,9.420704270664288,-1.6353945583425615
1437,training,0,0.045466793701052666,0.12592817023661024,1.6756963783351304,9.360702359649256,-1.6262127179633687
1438,training,0.082803726,0.054088449105620384,0.12592817023661024,1.6725675431723586,9.300986303200274,-1.6204742597949133
1439,training,0,0.0014320481568574888,0.12592817023661024,1.671585085592338,9.280935683526879,-1.6189661160273792
1440,training,0,0.005406360141932966,0.12592817023661024,1.6696917278960648,9.241042424096023,-1.6173062691695759
1441,training,0,0.04707291815429926,0.12592817023661024,1.6678323486519493,9.201153490201508,-1.6187317712982192
1442,training,0.050254945,0.0713093001395464,0.12592817023661024,1.6659187950939338,9.161054334425126,-1.6173791509767779
1443,training,0.008983761,0.09284132346510887,0.09440138916757872,1.6632378474170884,9.101328255882445,-1.6133701150054047
1444,training,0,0.049695245921611786,0.09440138916757872,1.662379799676431,9.081278350244828,-1.6146655677982855
1445,training,0.006347144,0.06732610985636711,0.09440138916757872,1.6579486705385953,9.001307851239435,-1.6402236165712831
1446,training,0.016627748,0.05913397669792175,0.09440138916757872,1.653200182774198,8.941243727951074,-1.6586087510011671
1447,training,0,0.037891797721385956,0.09440138916757872,1.6513988733687266,8.921430658655552,-1.6639712127505462
1448,training,0,0.04899265244603157,0.06524991131803876,1.6494977731525422,8.90154577180964,-1.6676054030968492
1449,training,0,0.046790819615125656,0.06524991131803876,1.6475471468673217,8.881599994917037,-1.6691975001707255
1450,training,0,0.0015215761959552696,0.06524991131803876,1.6436145570068073,8.841709569165554,-1.6689028122046927
1451,training,0,0.007597085088491447,0.06524991131803876,1.6396026531986836,8.802077706504905,-1.6767418290423182
1452,training,0,0.026825543493032455,0.06524991131803876,1.6351588555029486,8.762157708145972,-1.686396682180575
1453,training,0,0.014298206195235252,0.06524991131803876,1.6304725048340138,8.722458552409433,-1.6900727505296196
1454,training,0,0.02144034393131733,0.06524991131803876,1.6256209697851005,8.682786111112389,-1.6954839857241202
1455,training,0,0.02223130129277706,0.044218637784292636,1.6205426453100773,8.642981633609775,-1.6996043952918283
1456,training,0.0049295668,0.05074167065322399,0.044218637784292636,1.615296708640542,8.603519728312342,-1.7072676875875903
1457,training,0,0.02021855022758246,0.044218637784292636,1.6097011030942017,8.563821881072926,-1.7138944240284912
1458,training,0,0.020637455396354195,0.044218637784292636,1.6039432461368275,8.524223758634776,-1.7164024521049026
1459,training,0,0.02496207505464554,0.044218637784292636,1.5981009366955519,8.484811918582713,-1.7194607776956647
1460,training,0,0.0016235010698437673,0.044218637784292636,1.5921073606145235,8.445157376008801,-1.7221977442403158
1461,training,0,0.011048040352761745,0.031725596955570916,1.5860759831341575,8.405784619371701,-1.7244730755284459
1462,training,0,0.004599975422024727,0.031725596955570916,1.5830139927737261,8.386056403035518,-1.7252116091194551
1463,training,0,0.02119656791910529,0.031725596955570916,1.5768419545745513,8.346447281834184,-1.7253441277020238
1464,training,0.0035989077,0.08156493678689003,0.031725596955570916,1.5677481923488485,8.287432488823477,-1.7223275965438372
1465,training,0,0.04760544560849667,0.031725596955570916,1.5617926475795751,8.247820056035192,-1.7167643490016216
1466,training,0,0.04340384341776371,0.031725596955570916,1.5561366235275569,8.208405716079803,-1.711568333594125
1467,training,0,0.04898371919989586,0.022001993541599263,1.550587286924132,8.168857188548596,-1.709195246639066
1468,training,0.007543868,0.0527388546615839,0.022001993541599263,1.5451258500514797,8.129167664549241,-1.705325201293057
1469,training,0.015569013,0.05202074348926544,0.022001993541599263,1.5398674644010935,8.08973670802267,-1.702330586048506
1470,training,0.00444431,0.08084331080317497,0.022001993541599263,1.5321463938206823,8.030162873413976,-1.695780918732003
1471,training,0.0019687,0.11142482981085779,0.022001993541599263,1.5273397166657043,7.990689144909374,-1.688785697422536
1472,training,0.003846169,0.11434445530176164,0.022001993541599263,1.522780097615763,7.9509585493476145,-1.6807340040453054
1473,training,0,0.019947726279497147,0.0320835470679958,1.5206223032202446,7.931015747596521,-1.6760069123918386
1474,training,0,0.009793952107429504,0.0320835470679958,1.5166609976457506,7.891477804333761,-1.6657654151360484
1475,training,0,0.006734482944011688,0.0320835470679958,1.5131053138942951,7.851704909052196,-1.653620841089621
1476,training,0,0.00665678083896637,0.0320835470679958,1.5114977241528693,7.831698065284877,-1.6471289492877503
1477,training,0,0.026129968464374542,0.0320835470679958,1.5087334063427382,7.7920228117317,-1.6330164331545014
1478,training,0,0.03938833996653557,0.0320835470679958,1.506575290696823,7.752211377226676,-1.6170169646106298
1479,training,0,0.03173073008656502,0.012549142004743313,1.5050237400256343,7.712212340779727,-1.6016554825638953
1480,training,0,0.013845160603523254,0.012549142004743313,1.503825711790964,7.652509836937261,-1.5818085938732491
1481,training,0,0.024931385647505522,0.012549142004743313,1.5035177885965447,7.612462018736913,-1.5757953576533092
1482,training,0,0.033111292868852615,0.012549142004743313,1.5034559122016447,7.592543961630843,-1.5730166317068768
1483,training,0.0044604596,0.052661608438938856,0.012549142004743313,1.5036131567851831,7.5326018811890805,-1.5630702578141698
1484,training,0,0.03313797025475651,0.012549142004743313,1.5040516564121713,7.492693804666057,-1.5565356323206985
1485,training,0,0.0453675608150661,0.009136533890201937,1.5047706805861656,7.452837423645721,-1.5493320961058126
1486,training,0.0031255411,0.06693547777831554,0.009136533890201937,1.5057769238940524,7.412799279888515,-1.5418834599676563
1487,training,0.011636432,0.0905130784958601,0.009136533890201937,1.5078990070292975,7.3530959957834465,-1.5274432283782178
1488,training,0.0025636328,0.10916611924767494,0.009136533890201937,1.5098924477121576,7.313143112412302,-1.514233531227575
1489,training,0.015270578,0.15085530281066895,0.009136533890201937,1.5124051224082604,7.273418167319082,-1.5003816233313794
1490,training,0.0027704958,0.16752159222960472,0.009136533890201937,1.5174658385192654,7.2138587880278155,-1.470366879200461
1491,training,0.004133072,0.1661209687590599,0.014774142357644942,1.5218510498468554,7.174242010320655,-1.450729027647404
1492,training,0.0019224574,0.1710253544151783,0.014774142357644942,1.5270278331961695,7.134807636208862,-1.4309891338902334
1493,training,0.012617041,0.18428126350045204,0.014774142357644942,1.5328741732888127,7.095378842711912,-1.4178459247057842
1494,training,0.003885703,0.1701275110244751,0.014774142357644942,1.5391718068613334,7.055967954698428,-1.406766984965923
1495,training,0.013115439,0.1696459478698671,0.014774142357644942,1.5424762163806867,7.0362895101664895,-1.4025211299527767
1496,training,0.0025830427,0.19233088940382004,0.014774142357644942,1.5492463298144301,6.996960889221318,-1.400545705496091
1497,training,0.007763882,0.1839470099657774,0.03816078927447147,1.555986368152831,6.957528190551405,-1.4030604762582586
1498,training,0.0021089432,0.1262761540710926,0.03816078927447147,1.562588697952525,6.918103688443557,-1.4076705536077998
1499,training,0.02776753,0.12626920454204082,0.03816078927447147,1.5658048589597349,6.89837956900939,-1.4109738617921501
1500,training,0.0050311256,0.19056609272956848,0.03816078927447147,1.572042611298003,6.858832257170634,-1.417548783125876
1501,training,0.008944771,0.15376971662044525,0.03816078927447147,1.578057685237477,6.819292331489266,-1.422355195318865
1502,training,0.003700296,0.15424109064042568,0.03816078927447147,1.5838557494614456,6.779706511849721,-1.4283106646171202
1503,training,0.055816207,0.1506059467792511,0.07098224372853983,1.5894741235685745,6.7401382728138355,-1.4305409723911258
1504,training,0.0068532787,0.177225851919502,0.07098224372853983,1.5950446583355338,6.700560894839111,-1.431687211691774
1505,training,0.05146735,0.1870883796364069,0.07098224372853983,1.6005728824735808,6.660932663461209,-1.4326373691263687
1506,training,0.0018670708,0.17536119744181633,0.07098224372853983,1.6060748674902858,6.621390502109741,-1.4335342796876764
1507,training,0.004134646,0.17682291567325592,0.07098224372853983,1.6114586168539597,6.581745860443489,-1.4392961273379605
1508,training,0.008794825,0.1686768680810928,0.07098224372853983,1.6165807677911939,6.5421376482474765,-1.4449412122377447
1509,training,0.0013462796,0.16627255454659462,0.09685339400659052,1.62149644867978,6.502385628749514,-1.451236334303108
1510,training,0.020784963,0.17196992225944996,0.09685339400659052,1.6261066488131417,6.4626046863539495,-1.4594039060913966
1511,training,0.0069643767,0.18919270765036345,0.09685339400659052,1.6304875104088938,6.422937297790508,-1.461744401310811
1512,training,0.04385748,0.21222878294065592,0.09685339400659052,1.63485494461164,6.383168657112371,-1.4607705831454114
1513,training,0.005120723,0.23408903181552887,0.09685339400659052,1.6393031638792999,6.343524345869667,-1.4567825683024895
1514,training,0.05701498,0.2356249112635851,0.09685339400659052,1.6439705701322485,6.303846537023609,-1.4508832931568303
1515,training,0.009366921,0.29239786788821215,0.11910968659235333,1.6488103207760028,6.264179441470818,-1.4486111719166903
1516,training,0.0046965973,0.24025352671742442,0.11910968659235333,1.6533975705277537,6.225217241876474,-1.4720135111139554
1517,training,0.005501916,0.32155469059944153,0.11910968659235333,1.65634827835127,6.184821148608982,-1.5221648641902028
1518,training,0.014525826,0.309689462184906,0.11910968659235333,1.6573895926974074,6.144619317407168,-1.5660655076705852
1519,training,0.006035487,0.26162271201610565,0.11910968659235333,1.656803337488508,6.104329065246195,-1.6034361512311235
1520,training,0.011338183,0.24205536395311356,0.11910968659235333,1.6548356665226704,6.063999994888476,-1.6327368215721423
1521,training,0.0047298246,0.24380728602409363,0.12450854070108447,1.6518819731123955,6.024120728541925,-1.6554026158524064
1522,training,0.0041518463,0.23066623881459236,0.12450854070108447,1.6481142560831294,5.984060164213142,-1.6726271724178619
1523,training,0.0032037036,0.15479723177850246,0.12450854070108447,1.6414460678459037,5.924484942204078,-1.691742109112163
1524,training,0.0042862482,0.2280237004160881,0.12450854070108447,1.6365634621860115,5.88470561131359,-1.6926186501475318
1525,training,0.0015219315,0.18312476761639118,0.12450854070108447,1.6316536411088653,5.845138039864774,-1.6981613987776467
1526,training,0.0037816677,0.23808061331510544,0.12450854070108447,1.6266152726570433,5.8056216632604585,-1.6955328124775955
1527,training,0.00919665,0.22187473252415657,0.09829036932325613,1.6216287255245057,5.765815686490921,-1.6975215901771765
1528,training,0.043709856,0.140077143907547,0.09829036932325613,1.6165301364083684,5.726328212665724,-1.7015534199564084
1529,training,0.00605337,0.13293102383613586,0.09829036932325613,1.6112545261090916,5.686640860314511,-1.703696734148436
1530,training,0.0051028337,0.18540464341640472,0.09829036932325613,1.6059687940992118,5.646978552825554,-1.7030028572131974
1531,training,0.0011103902,0.2224482912570238,0.09829036932325613,1.6033496264592002,5.627305826301637,-1.7037106996398774
1532,training,0.016341854,0.21378124505281448,0.09829036932325613,1.5980521077649263,5.587661456982821,-1.7031959882862333
1533,training,0.0046364875,0.21766755171120167,0.06817495256907301,1.5903064400274687,5.528286430964232,-1.6978375017068545
1534,training,0.0069839144,0.1420892346650362,0.06817495256907301,1.5853156279202218,5.488645209091602,-1.6943070727133511
1535,training,0.0141018275,0.0706514474004507,0.06817495256907301,1.580477298454859,5.4488900153248,-1.688674163419923
1536,training,0.009992872,0.09055451862514019,0.06817495256907301,1.575894982476799,5.409371335824173,-1.6847532551465099
1537,training,0.006083878,0.09693089313805103,0.06817495256907301,1.5692481159020966,5.349659395392274,-1.677574197472073
1538,training,0.008036232,0.08985341340303421,0.033633430616616444,1.565116529548345,5.310103395314293,-1.6729217156135308
1539,training,0.019908251,0.15814237482845783,0.033633430616616444,1.5610604617031487,5.270160323436834,-1.6732113842284977
1540,training,0.0066750254,0.19761626422405243,0.033633430616616444,1.5565077638293903,5.210743578106406,-1.6174877845522382
1541,training,0.0059014848,0.14191831881180406,0.033633430616616444,1.5555412363940022,5.171089697711563,-1.5722364176337087
1542,training,0.03499245,0.08807595446705818,0.033633430616616444,1.5561906491982378,5.13103580639224,-1.5421624975299513
1543,training,0.0035102346,0.14120284467935562,0.033633430616616444,1.5576880722588402,5.091314104857145,-1.5271674664445245
1544,training,0.005374695,0.18803206086158752,0.024329806558659937,1.5596895716644248,5.051394865614742,-1.5124106497355554
1545,training,0.0028963995,0.14342378452420235,0.024329806558659937,1.5609331781761473,5.031530125852009,-1.5042812766325087
1546,training,0.0026998417,0.12260246276855469,0.024329806558659937,1.5638962010903237,4.991851894841831,-1.4902649095887566
1547,training,0.0031362157,0.12270619161427021,0.024329806558659937,1.567277798872426,4.951982938967836,-1.4832288187418374
1548,training,0.01051092,0.1132384268566966,0.024329806558659937,1.5708129532106119,4.912231521858399,-1.4816782543246465
1549,training,0.012865227,0.11043919995427132,0.024329806558659937,1.5725896059230065,4.892379783307162,-1.4822545939593135
1550,training,0.009716407,0.10057079792022705,0.024329806558659937,1.576080058487989,4.852445587043265,-1.4861770778700398
1551,training,0,0.03267673403024672,0.04459092754098184,1.5777316461740598,4.832476608434539,-1.491263409475479
1552,training,0.0072271265,0.06861639767885208,0.04459092754098184,1.5806725818007747,4.792645225244095,-1.5022878930052974
1553,training,0.0031748998,0.13828332722187042,0.04459092754098184,1.5832145913609166,4.752584470693481,-1.5131255189298156
1554,training,0.009842676,0.05529379099607469,0.04459092754098184,1.5852904446703222,4.71260065160919,-1.5239574875541073
1555,training,0.005987726,0.06833459436893463,0.04459092754098184,1.5877585277078632,4.652635348161245,-1.534790718338718
1556,training,0.0014924243,0.1253705807030201,0.04459092754098184,1.5892059559116603,4.6126340190774,-1.5335135428096303
1557,training,0.017622855,0.08284099772572517,0.06260639870409601,1.5908130769058166,4.572863766607999,-1.526860926671287
1558,training,0,0.04420730099081992,0.06260639870409601,1.5917229877777392,4.552853749875155,-1.524674262446209
1559,training,0.0041332087,0.10664747655391693,0.06260639870409601,1.5935160908069257,4.512782229594714,-1.529772837782425
1560,training,0.004590993,0.10847603157162666,0.06260639870409601,1.5949803246636722,4.472938627627322,-1.5394427598461426
1561,training,0.008861724,0.10351892560720441,0.06260639870409601,1.5960278881449284,4.432751883550372,-1.5498801666924635
1562,training,0,0.03469887003302573,0.06260639870409601,1.5966842114761906,4.392831271120636,-1.55826724102462
1563,training,0.008276537,0.10538224503397939,0.06138605108175796,1.5970582139412446,4.352829836588424,-1.5645634323330997
1564,training,0.0034564633,0.1206350792199373,0.06138605108175796,1.5972068170670977,4.3126529318520195,-1.5691993425377988
1565,training,0.0041592857,0.10711252689361572,0.06138605108175796,1.597254865402375,4.272824624452485,-1.5700832468216868
1566,training,0.003395732,0.10621068440377712,0.06138605108175796,1.5972687009541822,4.232730746811941,-1.5710658994508295
1567,training,0.007375165,0.07047764584422112,0.06138605108175796,1.5972193656994391,4.192750870669017,-1.5730503912542897
1568,training,0,0.033909523859620094,0.06151173353531534,1.5971022455533772,4.152824400213081,-1.5745407897495791
1569,training,0.0052802498,0.11234357580542566,0.06151173353531534,1.596908428932857,4.112642864405908,-1.5769842504214808
1570,training,0.013053255,0.05459212418645621,0.06151173353531534,1.5966156184829765,4.072788552472283,-1.5793540237299193
1571,training,0.0073887,0.11786711961030963,0.06151173353531534,1.5962438264605243,4.032747423490676,-1.580935228230061
1572,training,0,0.03625070862472057,0.06151173353531534,1.5957929101919268,3.992678941917845,-1.5833415286127406
1573,training,0.0015349342,0.05052546411752701,0.06095878972317416,1.5952664839036867,3.9527924739855806,-1.5843845832625219
1574,training,0,0.04528437461704016,0.06095878972317416,1.594724226968771,3.912669201095793,-1.5838621250420901
1575,training,0.006973553,0.1228365721181035,0.06095878972317416,1.5942148848596884,3.872800333884729,-1.5835811392175394
1576,training,0.0042034304,0.0565838860347867,0.06095878972317416,1.5937366176603223,3.832824922807728,-1.581773109760322
1577,training,0.0021557794,0.11960684508085251,0.06095878972317416,1.5933368379401216,3.792753141007706,-1.5800973205932884
1578,training,0.004420704,0.11563170654699205,0.06095878972317416,1.5930147229739784,3.7529119608341124,-1.5782043080483243
1579,training,0.004039471,0.1234613312408328,0.05716287216597353,1.5927379187902064,3.7128218971176636,-1.5777277041256965
1580,training,0.016062278,0.11509280512109399,0.05716287216597353,1.5924510344603948,3.672876746940123,-1.5785811201923103
1581,training,0.0018206886,0.10748713836073875,0.05716287216597353,1.5921092484042283,3.632935686317517,-1.5809751857278262
1582,training,0.0114138415,0.0917273499071598,0.05716287216597353,1.5916080007579791,3.592732952690355,-1.5858738725812722
1583,training,0.002310248,0.0643860250711441,0.05716287216597353,1.5908881437974125,3.5528802419862315,-1.5926361005520102
1584,training,0,0.0044220834970474104,0.05522767470045744,1.5898398640737774,3.5127719017998285,-1.6025937396800765
1585,training,0,0.030541539192199707,0.05522767470045744,1.5882933442028182,3.4726548566170874,-1.6156970496212968
1586,training,0,0.013603605329990387,0.05522767470045744,1.586244673173732,3.4327584560241755,-1.628375975384966
1587,training,0,0.0024076551198959316,0.05522767470045744,1.5850343733177377,3.4127058230018044,-1.6338374263673539
1588,training,0,0.013485989533364773,0.05522767470045744,1.5808582612352704,3.352772229830804,-1.6455850555532665
1589,training,0,0.0072562635177746415,0.04586846775038009,1.5793402672492147,3.332857970190271,-1.6482213353696529
1590,training,0,0.011120354756712914,0.04586846775038009,1.5761470296850417,3.2928381007724625,-1.6519227290086713
1591,training,0,0.023607373237609863,0.04586846775038009,1.5729100803974791,3.253128663451964,-1.652339592915495
1592,training,0,0.03953789174556732,0.04586846775038009,1.5697019532727041,3.21330516095158,-1.6495639343359016
1593,training,0.0022993255,0.05989578366279602,0.04586846775038009,1.565185014729068,3.153513765771068,-1.6431856744005648
1594,training,0,0.035187424160540104,0.04586846775038009,1.5623367990972101,3.1136810755459576,-1.6422817686065811
1595,training,0,0.04014174919575453,0.026431229439977288,1.5594438225782838,3.073628647193068,-1.6434714734686304
1596,training,0,0.01657535508275032,0.026431229439977288,1.5579999496966765,3.0537913183891594,-1.6443979803885944
1597,training,0,0.008856650441884995,0.026431229439977288,1.5534783723367853,2.993958281475902,-1.6489431658493556
1598,training,0,0.044249046593904495,0.026431229439977288,1.551888281317698,2.973919738254411,-1.6512089422984215
1599,training,0,0.044646299444139004,0.026431229439977288,1.54685255047413,2.914302366249132,-1.6594117804464064
1600,training,0.001263093,0.050299729220569134,0.026431229439977288,1.5432246465737811,2.874306698587092,-1.6628786309607195
1601,training,0,0.00579402782022953,0.02665261777121918,1.5395315515482422,2.8346852762902657,-1.6646420743534283
1602,training,0,0.029093950986862176,0.02665261777121918,1.535836414607907,2.794874661274478,-1.6608251975727668
1603,training,0,0.038997188210487366,0.02665261777121918,1.5323389483192489,2.7549809881908085,-1.6558437783666107
1604,training,0,0.036350404843688004,0.02665261777121918,1.5290021922578334,2.715307336104148,-1.6540530016164696
1605,training,0,0.036149762570858,0.02665261777121918,1.525707609274336,2.675341281387386,-1.6518794240809394
1606,training,0,0.02647598460316658,0.02665261777121918,1.524102745601105,2.655387294845405,-1.650158567599947
1607,training,0,0.024813253432512283,0.0006702698896774707,1.5210100868752061,2.6157185257092803,-1.6472672574151324
1608,training,0,0.03065608628094197,0.0006702698896774707,1.5180164555641582,2.575752850449616,-1.6437915610518288
1609,training,0,0.04102614149451255,0.0006702698896774707,1.5137954345840212,2.5160540104232334,-1.6399030110816522
1610,training,0,0.047202109824866056,0.0006702698896774707,1.512425220467834,2.496104077324406,-1.6390935171959322
1611,training,0.006439423,0.061432923655956984,0.0006702698896774707,1.5070486352703392,2.416323718254715,-1.6379148064454034
1612,training,0.0074529317,0.09218022227287292,0.0006702698896774707,1.5030199371755535,2.356323539552405,-1.6377822098607937
1613,training,0.0034994462,0.1368241310119629,0.016189841613190172,1.4988719328983697,2.29662847901363,-1.645088896157081
1614,training,0.010756195,0.1280529797077179,0.016189841613190172,1.4956196967256628,2.25651067966802,-1.6592214583774587
1615,training,0.004049342,0.07659221440553665,0.016189841613190172,1.4937997832422563,2.236632563563538,-1.6650818834953858
1616,training,0.02038984,0.06877901032567024,0.016189841613190172,1.4900659951049144,2.197159162501994,-1.6606405683273116
1617,training,0.041443333,0.06248493492603299,0.016189841613190172,1.4866670089225735,2.157237507705359,-1.6486767933043425
1618,training,0.0032115758,0.06756601482629776,0.033383423261431455,1.4838741802928053,2.1175398124302465,-1.633543031110121
1619,training,0.0030619723,0.09459307231009007,0.033383423261431455,1.4816459421321797,2.077727578705544,-1.6211329264702246
1620,training,0.00913129,0.09808506816625594,0.033383423261431455,1.4797661695361193,2.037664029301114,-1.6145308882719813
1621,training,0.040345825,0.09204046288505198,0.033383423261431455,1.4772856696241037,1.9779090723814672,-1.611092981104994
1622,training,0.012651817,0.12384558655321598,0.033383423261431455,1.4764795680155498,1.9578492171077757,-1.6111135548406534
1623,training,0.001260884,0.09613720234483482,0.033383423261431455,1.4748447652132204,1.9178967971071013,-1.612205210957857
1624,training,0.0017634698,0.10044116340577601,0.051042708351254,1.4732215178656984,1.8780232589928156,-1.6102372185200458
1625,training,0.0049250443,0.12151223048567772,0.051042708351254,1.4724490209234957,1.8579846055767242,-1.6078000896806421
1626,training,0.008991314,0.10851278156042099,0.051042708351254,1.4710825182933593,1.818064657275626,-1.6014952211739197
1627,training,0.004398277,0.14730730652809146,0.051042708351254,1.4705198896062976,1.798201405267614,-1.5966791216552318
1628,training,0.003449429,0.1569971665740013,0.051042708351254,1.4696879582495495,1.758242466891461,-1.5863537945368695
1629,training,0.0036538057,0.2621253579854965,0.051042708351254,1.4692530116381004,1.718240963081461,-1.5773796879155095
1630,training,0.0049324846,0.2449347041547299,0.051042708351254,1.469168151654548,1.6784352697021698,-1.5688879547271268
1631,training,0.002088077,0.283801719546318,0.05222918416527935,1.4694032449628824,1.638359889361098,-1.5602232804413096
1632,training,0.007471785,0.28329753875732416,0.05222918416527935,1.4699894281379413,1.5985255811589774,-1.5518326292958742
1633,training,0.004031263,0.33199216052889824,0.05222918416527935,1.4709419592934607,1.5586252555410811,-1.542297647452265
1634,training,0.04480696,0.3419146537780761,0.05222918416527935,1.4722326917014694,1.5185648438930408,-1.5355721700434795
1635,training,0.005492163,0.33158775418996805,0.05222918416527935,1.4737029741293253,1.4788341306603634,-1.5350694049171951
1636,training,0.0031599663,0.35947822779417044,0.05222918416527935,1.4749933474241919,1.4387027863276611,-1.5443575304411907
1637,training,0.0077957297,0.3059510886669159,0.034686252491070504,1.4757421155776784,1.3986475806630216,-1.561033159469415
1638,training,0.018000372,0.27988260984420776,0.034686252491070504,1.4757858291912633,1.35861150517535,-1.5779029158528315
1639,training,0.011468308,0.2822948060929775,0.034686252491070504,1.4752164340021185,1.3183473886328232,-1.590178852315074
1640,training,0.008689739,0.27991006523370743,0.034686252491070504,1.474297565347592,1.2784854673837294,-1.5963803713471085
1641,training,0.005198535,0.2912287581712007,0.034686252491070504,1.4732459729666874,1.2384617851984783,-1.5955970716051466
1642,training,0.013494306,0.3136264383792877,0.059744084231479644,1.4723555221589333,1.1984959176032137,-1.5899342456625585
1643,training,0.0061476603,0.30816256999969477,0.059744084231479644,1.4717929102799485,1.1587079727876486,-1.578900955137543
1644,training,0.008120738,0.31247906386852264,0.059744084231479644,1.4717294745402578,1.1186547409974057,-1.564752871720769
1645,training,0.011642804,0.3378956615924835,0.059744084231479644,1.4722329015339652,1.0788477817277777,-1.5517219008565009
1646,training,0.017582074,0.301638912409544,0.059744084231479644,1.4732461131710708,1.0389585642914376,-1.5397546337972257
1647,training,0.026935712,0.2992969825863839,0.059744084231479644,1.4746635519169988,0.9989462288842528,-1.5315932848263867
1648,training,0.017813474,0.29917070269584656,0.16991049772988281,1.4763670820402806,0.9592477719914745,-1.5254324693322308
1649,training,0.0054890933,0.3052499275654554,0.16991049772988281,1.4785193572404776,0.9196279984439739,-1.4926131611760798
1650,training,0.0038163764,0.7675959467887878,0.16991049772988281,1.4828516673867587,0.8804605725625957,-1.4285798960905718
1651,training,0.0051595904,0.9397235661745071,0.16991049772988281,1.4901551011319387,0.8410374139981472,-1.3311743756106214
1652,training,0.008356322,1.1557573974132538,0.2623885547015073,1.50178915626105,0.8042605642849592,-1.1916606468394932
1653,training,0.012239791,1.1544483006000519,0.2623885547015073,1.5292708741030598,0.7535428476311014,-0.9513265381312317
1654,training,0.10186213,0.807670533657074,0.2891805732916865,1.5541368537940428,0.7238802536284313,-0.795381405640202
1655,training,0.010067308,0.7019636854529381,0.2891805732916865,1.5832263028340585,0.6983421010409672,-0.6476441132025433
1656,training,0.0032704691,0.5180267603136599,0.29060229566562634,1.6154777134402416,0.6773006153102201,-0.5111726614480675
1657,training,0.02380285,0.3802336771041155,0.29060229566562634,1.650463813599374,0.6602013031141865,-0.40224972709912005
1658,training,0.002753591,0.4335784390568734,0.2819645614588786,1.687334791113983,0.6464956445659263,-0.31418920290765956
1659,training,0.0052593495,0.321589682251215,0.2819645614588786,1.7252949766657732,0.6357908582327911,-0.23556941279435273
1660,training,0.018347545,0.16431349515914923,0.2819645614588786,1.7444783963405113,0.6315682297312973,-0.1973147348026766
1661,training,0,0.0003979802131652832,0.2475858290028797,1.7832177270350202,0.6252908363458605,-0.12815836281828508
1662,training,0,0.0005503445863723755,0.2475858290028797,1.8226858650706836,0.6212116910837028,-0.08035604628447382
1663,training,0,0.025607585906982422,0.2475858290028797,1.8623089080341757,0.6187418220069943,-0.04677471606122244
1664,training,0,0.019495785236358643,0.2475858290028797,1.9019741800936567,0.6175296510925197,-0.014456011371356502
1665,training,0,0.004088200628757477,0.2475858290028797,1.9416954888823978,0.6175310415831716,0.013050948447016427
1666,training,0,0.008218478411436095,0.2475858290028797,1.9816104269833157,0.6184566034859003,0.03261723175741636
1667,training,0,0.03048557788133622,0.15346851689027796,2.0213736630852583,0.6200732106206969,0.04705717452760029
1668,training,0,0.04217531438916922,0.15346851689027796,2.061240712758439,0.6221374693802665,0.05621389979236816
1669,training,0.009645484,0.061238151043653495,0.15346851689027796,2.1010980102405057,0.6245441818006716,0.06463647344246555
1670,training,0.0055663846,0.1287955865263939,0.15346851689027796,2.160796725426387,0.6287144675903531,0.07382202995035371
1671,training,0.0019213569,0.13393216207623482,0.15346851689027796,2.2006391664580507,0.6318284818249763,0.08428887086670064
1672,training,0.0070760758,0.14700095355510712,0.15346851689027796,2.2403077830661275,0.6353824262300297,0.09165076899861026
1673,training,0.0031836994,0.09627132024616003,0.08408108040492535,2.2801861473082594,0.639107013496,0.09369562516326015
1674,training,0.00918843,0.07676134211942554,0.08408108040492535,2.319928407768059,0.6428694436499793,0.0942401857365651
1675,training,0.014631275,0.16201860457658768,0.08408108040492535,2.3596788573279333,0.6465940820887961,0.09231171552340396
1676,training,0.010776548,0.21279478818178177,0.08408108040492535,2.3995695480296515,0.6502891844610439,0.09482748055296336
1677,training,0.0063837557,0.10916043817996979,0.08408108040492535,2.4392112960996295,0.6541909542882998,0.09971446975601567
1678,training,0,0.04833248257637024,0.08408108040492535,2.45903798578805,0.6562104191049931,0.10728964709167646
1679,training,0.018360443,0.05063345283269882,0.013813894495787493,2.518955591444584,0.66217069800828,0.08867406659384097
1680,training,0,0.018360376358032227,0.013813894495787493,2.5388601351885653,0.6638618038414279,0.07980036369102746
1681,training,0,0.0070535168051719735,0.013813894495787493,2.5789038862385394,0.6666611029102042,0.06069348186908351
1682,training,0,0.001596212387084961,0.013813894495787493,2.618959760639523,0.6688089623669884,0.04737300977894927
1683,training,0,0.007719710469245911,0.013813894495787493,2.6589210932043894,0.670497038629107,0.03696601757904179
1684,training,0,0.009456772357225418,0.013813894495787493,2.6989794488721564,0.6718050565331269,0.028953583317391344
1685,training,0,0.008535889908671379,0.02793967596788787,2.718931080460125,0.672367073336685,0.027179762834348944
1686,training,0,0.019070523791015148,0.02793967596788787,2.758903920053219,0.6733807484699623,0.02305486455676966
1687,training,0,0.03285518381744623,0.02793967596788787,2.7989403609938197,0.6742219934527879,0.019490655738879252
1688,training,0,0.022286549210548404,0.02793967596788787,2.8388553263007346,0.6750017012504752,0.019375120112187498
1689,training,0,0.029847907833755016,0.02793967596788787,2.8788185158683124,0.6757612394215938,0.018063155181281515
1690,training,0,0.030949894338846207,0.02793967596788787,2.918751007118717,0.6764809064231708,0.018326099747285694
1691,training,0,0.027259386144578464,0.022902650496464193,2.958715650607257,0.6772315214101594,0.01831063132486053
1692,training,0,0.020945469848811626,0.022902650496464193,2.9987324228163303,0.6779299305807263,0.01660517586496673
1693,training,0,0.017925777472555637,0.022902650496464193,3.038632440391863,0.6786132084566785,0.01730482710733779
1694,training,0,0.031784056685864925,0.022902650496464193,3.0785964852872674,0.6792950275693178,0.015846524159431854
1695,training,0,0.028093790635466576,0.022902650496464193,3.138528960711826,0.6802017064309152,0.015176951230779782
1696,training,0,0.022050329484045512,0.022902650496464193,3.178498784563498,0.6807976548600836,0.013745099525818908
1697,training,0,0.026700579561293125,0.00952428844775265,3.2184677685264944,0.6813014887535771,0.011946114245367056
1698,training,0,0.015934756956994534,0.00952428844775265,3.258452577594515,0.6817682878517993,0.010834241083827226
1699,training,0,0.01202511228621006,0.00952428844775265,3.2984563235706297,0.6821353197005818,0.007121078516614437
1700,training,0,0.032490731216967106,0.00952428844775265,3.318430289002617,0.6822640816726435,0.005800635469407633
1701,training,0,0.044476152397692204,0.00952428844775265,3.358399443091168,0.6824663366787899,0.003988120835992977
1702,training,0,0.036499676294624805,0.00952428844775265,3.3984094600543227,0.682562868020691,0.00020044208420149837
1703,training,0,0.002872721292078495,0.040672551108412586,3.458360878690888,0.6824715850327919,-0.002990213207389528
1704,training,0,0.01821362692862749,0.040672551108412586,3.478365139115464,0.68240456211954,-0.00441647811001088
1705,training,0,0.012060927227139473,0.040672551108412586,3.5383440261088457,0.6820106786888315,-0.007948569078382706
1706,training,0,0.007157594896852972,0.040672551108412586,3.5783128398798265,0.6816931844672054,-0.008707037391554331
1707,training,0,0.02148887701332569,0.040672551108412586,3.6183189694947515,0.6813178668416173,-0.010228502152876125
1708,training,0,0.0230821268633008,0.040672551108412586,3.6582814295716948,0.6809383628816208,-0.00868456642696474
1709,training,0,0.018852101638913155,0.03045285438273876,3.6782631724264987,0.6807793764788939,-0.007987213204975285
1710,training,0,0.0287732444703579,0.03045285438273876,3.7181907705801214,0.6804650672081406,-0.007606532043210652
1711,training,0,0.033996774815022945,0.03045285438273876,3.7781412453559615,0.6801458023191442,-0.003317047802400233
1712,training,0,0.027711383067071438,0.03045285438273876,3.79805252519959,0.680085560557142,-0.003157257679805328
1713,training,0,0.018667729571461678,0.03045285438273876,3.8580254063125334,0.6799576090588432,-0.0007741379158862982
1714,training,0,0.01871666219085455,0.03045285438273876,3.8780270755474273,0.6799558787039882,0.00014024189516263162
1715,training,0,0.01180671341717243,0.039397880987710306,3.917970077768227,0.6799638126779741,-0.00032940000445625593
1716,training,0,0.017630367539823052,0.039397880987710306,3.9779345974397806,0.679968703834257,0.0003851264656868753
1717,training,0,0.010911741293966768,0.039397880987710306,3.9979245898837807,0.6799804364529302,5.521696158436165e-05
1718,training,0,0.024449360556900498,0.039397880987710306,4.037935194349283,0.679958033771874,-0.001162976965435407
1719,training,0,0.03211007919162512,0.039397880987710306,4.077882704849161,0.6799329385513301,-0.0004565970434795747
1720,training,0,0.042998358607292175,0.03714804349041306,4.13786665331466,0.6799153350426228,9.647951100653308e-05
1721,training,0.029164411,0.061251332983374596,0.03714804349041306,4.177818074828393,0.680010612812283,0.0051378169461966895
1722,training,0.008452451,0.06283003836870193,0.03714804349041306,4.237655093914069,0.680535943227342,0.012569659689875314
1723,training,0,0.019453607499599457,0.03714804349041306,4.277602273405358,0.6811759233849872,0.018829396572764744
1724,training,0,0.033682094886898994,0.03714804349041306,4.297645662565964,0.6815748441540512,0.019799800346530037
1725,training,0,0.042221312411129475,0.03714804349041306,4.337646560219778,0.682306710511131,0.017142206632464498
1726,training,0.0076509346,0.05458679422736168,0.013034352362970887,4.39757573157216,0.6834400760156936,0.021453083825280498
1727,training,0,0.0070849694311618805,0.013034352362970887,4.417526788367982,0.683879021875566,0.021719818035386904
1728,training,0,0.00029782950878144004,0.013034352362970887,4.45756117322611,0.6846734028159525,0.015782854429684905
1729,training,0,0.01551125943660736,0.013034352362970887,4.497561026984736,0.685147712085727,0.007721839042802444
1730,training,0,0.026433110237121586,0.013034352362970887,4.537617648425984,0.6852644293025737,-0.002432483307644887
1731,training,0,0.0314650759100914,0.005448823782748137,4.577598488213997,0.6849709102469673,-0.012103215731579004
1732,training,0,0.040887922048568726,0.005448823782748137,4.597646380095614,0.6846812755852137,-0.016755558924889422
1733,training,0,0.040860097855329514,0.005448823782748137,4.637729842946908,0.6838000543967464,-0.027643916943256637
1734,training,0,0.03239786997437477,0.005448823782748137,4.677686491854517,0.682505109615363,-0.03656597411640092
1735,training,0,0.027408949099481106,0.005448823782748137,4.717726812840469,0.6809035195343373,-0.04351999908116516
1736,training,0,0.013606744818389412,0.005448823782748137,4.777578648193855,0.6779776129145807,-0.052582165536191515
1737,training,0,0.0008892267942428658,0.011544219564520545,4.7975469402584565,0.6769252173551895,-0.05242743339662874
1738,training,0,0.01868096459656953,0.011544219564520545,4.837382847747202,0.6748626819479367,-0.05100899361580874
1739,training,0,0.010471576824784282,0.011544219564520545,4.897199234787919,0.6720184614480137,-0.04476649866208559
1740,training,0,0.022735618986189365,0.011544219564520545,4.937081180708321,0.6703618620112947,-0.03867821489599486
1741,training,0,0.001392384991049763,0.011544219564520545,4.976989263682815,0.6689477746922343,-0.03221159519059626
1742,training,0,0.02374901343137026,0.007908724115464592,5.016929052919559,0.6677762975640328,-0.026851976165812964
1743,training,0,0.04229533392935991,0.007908724115464592,5.036915268818044,0.6672519458413012,-0.027109585277356223
1744,training,0,0.03963452950119972,0.007908724115464592,5.076924238067421,0.6661131159353365,-0.030911682758885853
1745,training,0,0.035486236214637756,0.007908724115464592,5.116912839341272,0.6647876431263561,-0.03529030593240849
1746,training,0,0.04625882860273123,0.007908724115464592,5.176827393146524,0.662437430660073,-0.04287812167214065
1747,training,0.016700294,0.052660807967185974,0.007908724115464592,5.216766525654018,0.6606909879924808,-0.04469135912802898
1748,training,0.015374817,0.08184335380792618,0.014611591838455694,5.256720497874476,0.6588200531177775,-0.05036690540319684
1749,training,0.026327249,0.062159961089491844,0.014611591838455694,5.316625726944908,0.655507846722227,-0.060217014532573464
1750,training,0,0.04482347797602415,0.014611591838455694,5.336637012585757,0.6542842281421092,-0.06151611497605169
1751,training,0,0.0478038415312767,0.014611591838455694,5.376454376695396,0.6518122542011335,-0.06192859761539629
1752,training,0.0036724827,0.05536356195807457,0.014611591838455694,5.436285892316725,0.6482778771612535,-0.05610080320473504
1753,training,0,0.017356768250465393,0.014611591838455694,5.456174193934158,0.6471766718027044,-0.05530598863079294
1754,training,0,0.02374026551842688,0.03270035961490986,5.496044677351757,0.6451023617861149,-0.0478073109808791
1755,training,0,0.024734877049922943,0.03270035961490986,5.535935825223976,0.6434164408103976,-0.036900898766435604
1756,training,0,0.03283364698290825,0.03270035961490986,5.575816657206531,0.6420821716789226,-0.030572247382591382
1757,training,0,0.023326972499489777,0.03270035961490986,5.595790961477442,0.6415068450219377,-0.028197004961273777
1758,training,0,0.027478039264678955,0.03270035961490986,5.6357166928046025,0.6404926053803135,-0.02239086206729601
1759,training,0.009948137,0.05407328577712179,0.03270035961490986,5.69558682631011,0.6393412581729515,-0.016621390686166162
1760,training,0,0.03112776391208172,0.04591203764469847,5.7355262590995535,0.6387660370802895,-0.01275860633930684
1761,training,0,0.021862108260393143,0.04591203764469847,5.755442324884623,0.6385282475570788,-0.012386258536938897
1762,training,0,0.0016785487532615592,0.04591203764469847,5.795423073832841,0.6380657402343617,-0.010027071669704233
1763,training,0.0038739506,0.052338488399982445,0.04591203764469847,5.855234736208472,0.6378505693559252,0.003727557361864959
1764,training,0.0695522,0.07506851106882095,0.04591203764469847,5.915078650393625,0.63864974223614,0.02557709552837964
1765,training,0.07888372,0.10093404352664948,0.04591203764469847,5.954791687353764,0.6400548890709128,0.04427615149674751
1766,training,0.011787478,0.10236995480954647,0.05343019369952587,6.014552948772545,0.643502312622846,0.07104789637685661
1767,training,0.002856785,0.11069788411259651,0.05343019369952587,6.074046482313826,0.648588851733394,0.09797639332646864
1768,training,0.032316916,0.058778052683919675,0.05343019369952587,6.113850871118101,0.6527451027948099,0.10910837980553934
1769,training,0.0073062377,0.07361708255484702,0.05343019369952587,6.153395600265106,0.6572363476008016,0.11470453360008069
1770,training,0.011910949,0.09087591804563999,0.05343019369952587,6.193049702029385,0.661838514113164,0.11617247273533449
1771,training,0.005814732,0.09347458835691214,0.03669990142883696,6.232866745036354,0.6665154822352735,0.11803533939588493
1772,training,0.010313372,0.05381316319108009,0.03669990142883696,6.272441936394234,0.6712361922644,0.11737472806750024
1773,training,0.0024235924,0.06834151595830917,0.03669990142883696,6.312292937834135,0.6757855247303926,0.10800920686302144
1774,training,0.01126843,0.09108865819871426,0.03669990142883696,6.352179618241318,0.6799530487659381,0.10183952783176664
1775,training,0.0040465975,0.16210846975445747,0.03669990142883696,6.39189158182977,0.6839192545000949,0.09806112184222185
1776,training,0.017712843,0.15988939255475998,0.03669990142883696,6.451557947627521,0.6900522693285928,0.1124360916032516
1777,training,0.0046693413,0.21044441312551498,0.012240866100901039,6.471273800245075,0.6923525038117706,0.11977462600400429
1778,training,0.002783653,0.2080102190375328,0.012240866100901039,6.51079707017142,0.6974473903387319,0.13821437392255537
1779,training,0.025343599,0.27127379924058914,0.012240866100901039,6.550352232790458,0.7033447721519465,0.15969431859532193
1780,training,0.008673197,0.24778348580002782,0.012240866100901039,6.569905074213375,0.7065909512208044,0.168209774816563
1781,training,0.013867854,0.25296416506171227,0.012240866100901039,6.609163385923713,0.7135395909427608,0.18043266999098376
1782,training,0.03857282,0.2603731118142605,0.012240866100901039,6.648616831321919,0.7208530809094348,0.18625312722889195
1783,training,0.0036125882,0.21739450097084045,0.02339151617552651,6.668105969401668,0.7245588281503735,0.18860545218391545
1784,training,0.0070245527,0.21561844181269404,0.02339151617552651,6.7072950767554005,0.7321222899406954,0.19197190925311217
1785,training,0.053796284,0.19086387753486633,0.02339151617552651,6.746714585572312,0.739797867016207,0.19240782636803905
1786,training,0.00488603,0.18327844142913818,0.02339151617552651,6.785781571019162,0.7473610340569098,0.1887113875719708
1787,training,0.019947654,0.1651224754750729,0.02339151617552651,6.80544743944791,0.7510822914080724,0.18468095733569273
1788,training,0.011773873,0.15879026055335996,0.02339151617552651,6.845048124777903,0.7582719261043288,0.17379267404091003
1789,training,0.045310527,0.14863362163305285,0.02339151617552651,6.884409795958964,0.7649140630753685,0.15937546454664867
1790,training,0.020696167,0.14632844179868698,0.06757897432751953,6.924106968103591,0.7709567644361198,0.14252355760301796
1791,training,0.016471855,0.118670679628849,0.06757897432751953,6.963924286049894,0.7763578959186161,0.1280254609907893
1792,training,0.006939208,0.10565046966075897,0.06757897432751953,7.003601355493932,0.7811542394996794,0.11145795687610473
1793,training,0.00655907,0.10566758364439008,0.06757897432751953,7.043646785353808,0.785257872488522,0.09241255050351971
1794,training,0.0068285884,0.0886627584695816,0.06757897432751953,7.0835043335528,0.7886102649548623,0.07510975534225321
1795,training,0.017936647,0.09267805516719821,0.06757897432751953,7.12353547907233,0.7912539067667085,0.05654551844984432
1796,training,0.078701556,0.08342473208904266,0.0926789135264704,7.163581445248281,0.7931647510802001,0.0388286524552807
1797,training,0.013852286,0.07469148561358452,0.0926789135264704,7.2036445045086035,0.7943574308145627,0.02045744628663568
1798,training,0.034968153,0.07025536522269249,0.0926789135264704,7.243755403380203,0.7948397228808426,0.00508910227627875
1799,training,0.00545285,0.09420677274465558,0.0926789135264704,7.283785001855491,0.7948459105579598,-0.003934855004183116
1800,training,0.0045638513,0.1041301153600216,0.0926789135264704,7.323832746003397,0.7945329692031888,-0.011459040575500028
1801,training,0.005344912,0.09907903522253036,0.10752136819830921,7.363791078982229,0.7939908238792356,-0.015043934395346976
1802,training,0.009379914,0.11218503396958113,0.10752136819830921,7.403974796159744,0.7932508643304954,-0.026804212683581918
1803,training,0.02389855,0.11776440963149072,0.10752136819830921,7.444072647928465,0.7917079375819558,-0.05017207940581068
1804,training,0.006814789,0.07206601649522781,0.10752136819830921,7.484092530639028,0.7892690927670236,-0.07118809934597664
1805,training,0.01188601,0.14424445293843746,0.10752136819830921,7.524003978693403,0.7860559505167444,-0.08834406147236613
1806,training,0.002264887,0.15256353467702866,0.10836099668218774,7.563766441645436,0.7822502890509079,-0.10519751307666374
1807,training,0.0023454514,0.17807037383317947,0.10836099668218774,7.623670106092407,0.7749854377996395,-0.13557482904430274
1808,training,0.0020723427,0.08873760793358088,0.10836099668218774,7.682982697304923,0.7661792943404253,-0.1578435611501237
1809,training,0,0.03645477443933487,0.10836099668218774,7.7226539951332525,0.7596563065544639,-0.16508107715298387
1810,training,0,0.03563326969742774,0.10836099668218774,7.742332002960375,0.7563777400310286,-0.16499259375198527
1811,training,0,0.0366972628980875,0.10836099668218774,7.761952465911251,0.7531356308966384,-0.1623605493147685
1812,training,0,0.019014842808246613,0.07765940827940657,7.801431090467058,0.7467964740613425,-0.15610387733021144
1813,training,0,0.018786882981657982,0.07765940827940657,7.840979940823574,0.740704087780801,-0.14922000437682736
1814,training,0,0.0001064203679561615,0.07765940827940657,7.880366693512694,0.7349329988151648,-0.1424186758846002
1815,training,0,0.00378209725022316,0.07765940827940657,7.920058875016386,0.7293840222432678,-0.13473814400259518
1816,training,0,0.000398833304643631,0.07765940827940657,7.93986116439883,0.7267327681394069,-0.13202622306598397
1817,training,0,0.004112387076020244,0.07765940827940657,7.979343096501925,0.7216292524225365,-0.1251635590480724
1818,training,0,0.003940127789974206,0.04032987271091561,8.038933853871837,0.7144332969799818,-0.1162390721366592
1819,training,0,0.008311521261930473,0.04032987271091561,8.058722569302004,0.7121583260124908,-0.11332974600214954
1820,training,0,0.011860359460115433,0.04032987271091561,8.098376026920501,0.7077862585326419,-0.10634110881428169
1821,training,0,0.0012164805084466934,0.04032987271091561,8.138167837642213,0.7036650731965064,-0.10062310877085028
1822,training,0,0.01625293865799904,0.04032987271091561,8.197716316860229,0.6979211485175811,-0.09190893993538607
1823,training,0,0.031159734353423126,0.04032987271091561,8.217672804639662,0.6961050645701864,-0.08945503383787526
1824,training,0,0.031418077647686,0.010442702100358697,8.257452423466567,0.6926025721593552,-0.08708065958331007
1825,training,0,0.0281209759414196,0.010442702100358697,8.297194902441886,0.6892056332288388,-0.08378243825556547
1826,training,0,0.024327585007995367,0.010442702100358697,8.337074713931843,0.6859075336235602,-0.0821162743710481
1827,training,0,0.027848784346133464,0.010442702100358697,8.396739008403967,0.6810543625997665,-0.07991245800875672
1828,training,0,0.023688575252890587,0.010442702100358697,8.436653326657858,0.6779012497468911,-0.07842587245149761
1829,training,0,0.036616336554288864,0.010442702100358697,8.476422369098257,0.6747890878172885,-0.07754821629687962
1830,training,0,0.0465816562063992,0.011783967357284719,8.516265571986535,0.6717457579038769,-0.07510736309942777
1831,training,0,0.03418088145554066,0.011783967357284719,8.536241738437486,0.6702547817348863,-0.07447033029243624
1832,training,0,0.041959645226597786,0.011783967357284719,8.576031872106043,0.6672834107438111,-0.07444289622515228
1833,training,0,0.04509468376636505,0.011783967357284719,8.615862809958013,0.6643646198422785,-0.07193008839545764
1834,training,0,0.045311836525797844,0.011783967357284719,8.65572848678838,0.6615306082014022,-0.07106750792036705
1835,training,0,0.043206213042140014,0.011783967357284719,8.695543792507378,0.6587297317358589,-0.06913439506795362
1836,training,0.0062508043,0.059680063277482986,0.031081115383286593,8.755353786989309,0.654735187063932,-0.0653359286693676
1837,training,0.005585538,0.06452320143580437,0.031081115383286593,8.815150320578061,0.6508618122606377,-0.06430827191212286
1838,training,0,0.037725999951362624,0.031081115383286593,8.835140222189583,0.6495869918499886,-0.06277339214857283
1839,training,0,0.03556619957089424,0.031081115383286593,8.87489144630625,0.647191110150881,-0.057419389490299746
1840,training,0,0.029860731214284897,0.031081115383286593,8.914709012919563,0.6450807667044575,-0.04838786787016667
1841,training,0,0.02971201390028,0.031081115383286593,8.934686028920924,0.6441579307280223,-0.043834184934957124
1842,training,0,0.04406421259045601,0.03421855960790933,8.974535429276779,0.6425453454409413,-0.0377225686537109
1843,training,0,0.04408423975110054,0.03421855960790933,9.034410092766405,0.6405839893248194,-0.028259163816509756
1844,training,0,0.04737293953076005,0.03421855960790933,9.074313110027338,0.6395047752200462,-0.02694972884159539
1845,training,0.008590737,0.06605748506262897,0.03421855960790933,9.11426680827812,0.6384576869788225,-0.025405734059185524
1846,training,0,0.04744751285761595,0.03421855960790933,9.154197396920672,0.6375021855064297,-0.02300630295741998
1847,training,0.006544653,0.051037459634244435,0.03421855960790933,9.194142408300374,0.6366103449322749,-0.021908824084080517
1848,training,0.006162003,0.0689282026141882,0.028296025729367427,9.25406788896543,0.6354073220226213,-0.01928539659269495
1849,training,0.008823611,0.11460866779088974,0.028296025729367427,9.31400384894405,0.6340770443957818,-0.02584242279671374
1850,training,0.005126695,0.10322567448019983,0.028296025729367427,9.374084562652149,0.632194591904655,-0.038130338977839046
1851,training,0.00377159,0.08850022032856941,0.028296025729367427,9.454056851454386,0.6285746385177692,-0.050166379709737925
1852,training,0.00862239,0.09460092708468434,0.03715887078589677,9.473896079184627,0.6275578504742542,-0.05261440466636272
1853,training,0.0019446992,0.11034002155065534,0.03715887078589677,9.513836048410893,0.6254969095449959,-0.04934227535821714
1854,training,0.011061074,0.0572032369673252,0.03715887078589677,9.573616344455104,0.6229347417695049,-0.037502842676707074
1855,training,0,0.009750999975949526,0.03715887078589677,9.61355300543744,0.6215462392362214,-0.0330607828702708
1856,training,0,0.015420786105096342,0.03715887078589677,9.63349386628584,0.6209010825707718,-0.03236162201379306
1857,training,0,0.014739076606929302,0.03715887078589677,9.673434019893774,0.6196126442441582,-0.0332805602782121
1858,training,0,0.015785254538059235,0.00833370853833746,9.713403269323287,0.6182367613551061,-0.03574913304732043
1859,training,0,0.02804463822394609,0.00833370853833746,9.75334342858398,0.6168043585298421,-0.03602639576894747
1860,training,0,0.02107354998588562,0.00833370853833746,9.79324686274946,0.615350447923435,-0.037769607696438175
1861,training,0,0.03738726209849119,0.00833370853833746,9.833204572693736,0.6138068201242468,-0.03938747936500812
1862,training,0,0.030054488219320774,0.00833370853833746,9.873186255196115,0.6122264962352179,-0.04006073703584095
1863,training,0,0.036162749864161015,0.00833370853833746,9.913093525188314,0.6105691351943319,-0.04306290027047716
1864,training,0,0.0439321929588914,0.029850765975439893,9.953016186531096,0.6088303219819656,-0.04428320206037538
1865,training,0.1410917,0.09132284950464964,0.029850765975439893,9.992932267119649,0.6070351943898905,-0.04673391526997928
1866,training,0.009369187,0.0692510288208723,0.029850765975439893,10.0528402279141,0.6041518724820606,-0.04820916713619447
1867,training,0.016355354,0.1047892151400447,0.029850765975439893,10.092718833158436,0.602320718829056,-0.0440252409170535
1868,training,0.014364935,0.13166747614741325,0.029850765975439893,10.132677865940085,0.6005508622919473,-0.04659034887604906
1869,training,0.007065869,0.10087065398693085,0.029850765975439893,10.17265328773176,0.5985820533940831,-0.053522646524265534
1870,training,0.009643189,0.12089849635958672,0.043732505242013726,10.212546702885897,0.5962339850987051,-0.0640209626152856
1871,training,0.007007193,0.10969462478533387,0.043732505242013726,10.252425546707054,0.5935514813874537,-0.06918378162174488
1872,training,0.0039893715,0.09997475426644085,0.043732505242013726,10.292373312397459,0.5907580724322312,-0.06982175217268355
1873,training,0.004913601,0.10285737365484238,0.043732505242013726,10.312222421970107,0.5893717584335585,-0.06970980969958991
1874,training,0.0039990004,0.09568651765584946,0.043732505242013726,10.352042830596012,0.586662437550015,-0.06559109566704092
1875,training,0.0042731096,0.09508084133267403,0.043732505242013726,10.39195410312759,0.5841713453466997,-0.059289012866214456
1876,training,0.0019029947,0.08444740995764731,0.06759204833780463,10.431778459722644,0.5818861656009161,-0.055609222920377725
1877,training,0.005183013,0.08047120273113251,0.06759204833780463,10.47162645233147,0.5797929860155528,-0.04902077012765341
1878,training,0.030204106,0.07769915647804737,0.06759204833780463,10.511484842390047,0.5779690720344546,-0.04348109733445118
1879,training,0.0029989134,0.08328260853886603,0.06759204833780463,10.551406568658035,0.5763306801858058,-0.03881047293702844
1880,training,0.013313463,0.08495934028178453,0.06759204833780463,10.591336026417233,0.5748914031691134,-0.03365297004065459
1881,training,0.010846114,0.11084582330659032,0.06759204833780463,10.631214993035227,0.573578773767179,-0.033571114767911386
1882,training,0.013002297,0.1072998261079192,0.08444532553292795,10.671164163781098,0.5722351361086057,-0.033800871684431764
1883,training,0.009384911,0.09887281013652682,0.08444532553292795,10.711062792605665,0.570899386662138,-0.033866406926228276
1884,training,0.0042860038,0.08676931075751781,0.08444532553292795,10.751036326250057,0.5695661947057118,-0.03253266126965648
1885,training,0.017328465,0.08210457116365433,0.08444532553292795,10.790945781820312,0.5683701760215535,-0.026337328093754102
1886,training,0.013227882,0.06836840137839316,0.08444532553292795,10.830766476182593,0.5674489974417762,-0.02024122825061151
1887,training,0.0022274358,0.060165513306856155,0.08444532553292795,10.910568602983924,0.5665219549603624,-0.0031256646895393954
1888,training,0.0045521706,0.05058886110782623,0.09725280069448097,10.950495009088707,0.5665285121717965,0.0034277130238472577
1889,training,0.053776614,0.06430299207568169,0.09725280069448097,11.010339029062514,0.567112970130359,0.015305556202868682
1890,training,0,0.03232326358556746,0.09725280069448097,11.030244561031816,0.5674476224909569,0.018144269293682784
1891,training,0,0.014673814177513123,0.09725280069448097,11.050237247615078,0.5678365309807981,0.0210512290549093
1892,training,0,0.00825423747301103,0.09725280069448097,11.090199056876726,0.5688634540038348,0.0311956227591185
1893,training,0,0.02009270712733268,0.09725280069448097,11.110056053082529,0.5695500158131422,0.03676522747985334
1894,training,0,0.03209558501839638,0.0949717782181828,11.149850949812265,0.5712473401302802,0.04918335710444707
1895,training,0,0.008192297071218498,0.0949717782181828,11.189788346478196,0.5735102642598917,0.06474700626770416
1896,training,0,0.027026034891605377,0.0949717782181828,11.229535774406715,0.5763681513226697,0.07630579749014423
1897,training,0,0.04072878137230873,0.0949717782181828,11.269464644078514,0.5794560819613584,0.07692446607444715
1898,training,0,0.02689852099865675,0.0949717782181828,11.309329787438337,0.5825010768517818,0.07482657650257364
1899,training,0,0.017305290792137384,0.0949717782181828,11.349147003786976,0.5854170832975286,0.07113699030516928
1900,training,0,0.021292916499078274,0.07417840518671914,11.389128094749921,0.5882135071090216,0.06903907306591815
1901,training,0,0.02295065578073263,0.07417840518671914,11.428909087128531,0.590967457841342,0.0681988041098257
1902,training,0,0.020768667571246624,0.07417840518671914,11.468838904905644,0.593657482595699,0.06615745588832599
1903,training,0,0.0042376655619591475,0.07417840518671914,11.50873185166615,0.596294984156564,0.06614841507145629
1904,training,0,0.006145300343632698,0.07417840518671914,11.548532685822474,0.5989295319775236,0.06552120713874357
1905,training,0,0.004797922447323799,0.07417840518671914,11.568516885302888,0.6002428220456887,0.06568691781539895
1906,training,0,0.036174852401018136,0.05933807190605478,11.628291238683888,0.6042712909444584,0.06860674506809916
1907,training,0,0.041384849697351456,0.05933807190605478,11.6681596609381,0.6070134284636253,0.06840025470959933
1908,training,0,0.025556312873959545,0.05933807190605478,11.708077647966824,0.6097509467690584,0.06897572399030644
1909,training,0,0.014729535207152363,0.05933807190605478,11.74786524102037,0.6125108315563873,0.06868890407341442
1910,training,0,0.004103772342205046,0.05933807190605478,11.787829811189791,0.6152648150961361,0.06899048362521644
1911,training,0,0.010477419942617416,0.05933807190605478,11.82765922597506,0.6180932470276277,0.07285949359664595
1912,training,0,0.0009750951430760324,0.046140012976567585,11.86745408680765,0.6210390704899814,0.07451371428544268
1913,training,0,0.01682085171341896,0.046140012976567585,11.907398137890272,0.6240234440918692,0.0748434636598483
1914,training,0,0.01838571112602949,0.046140012976567585,11.947145020467927,0.6270515958502093,0.07633349890480662
1915,training,0,0.022680090740323063,0.046140012976567585,11.987045747426817,0.630112105950363,0.07656892579237783
1916,training,0,0.032263437286019325,0.046140012976567585,12.026899677561305,0.6331937372276932,0.0777548908064393
1917,training,0,0.04351603426039219,0.046140012976567585,12.066666016698646,0.6362897002365728,0.07714910297180216
1918,training,0,0.04561657272279263,0.03129072879488299,12.106645569063312,0.6393662218949829,0.0766043250690235
1919,training,0.01974473,0.056542994454503066,0.03129072879488299,12.146386376624365,0.6424622710298415,0.07777058803097539
1920,training,0,0.004074450582265854,0.03129072879488299,12.186239583975453,0.6455603989699942,0.07707338675028039
1921,training,0,0.020676318556070328,0.03129072879488299,12.226169337213692,0.648574123492982,0.07247881589323024
1922,training,0,0.003723248839378364,0.03129072879488299,12.266046959262498,0.6512722175466608,0.060895796237306
1923,training,0,0.026893576607108116,0.03129072879488299,12.30612277588149,0.6535088334787993,0.05116138446414916
1924,training,0,0.034143233206123114,0.020036100768762163,12.346050804166646,0.6555107070952909,0.04923388551008628
1925,training,0,0.022489456459879875,0.020036100768762163,12.385930013886417,0.6574710124501403,0.048999459780492374
1926,training,0,0.025574875995516784,0.020036100768762163,12.425892060328728,0.6593825849527168,0.04663130218468251
1927,training,0,0.023660501465201378,0.020036100768762163,12.465792907356787,0.6612000724786353,0.04353392225030991
1928,training,0,0.009771296754479405,0.020036100768762163,12.505805924914233,0.6628686106905686,0.039821518190901566
1929,training,0,0.0007995329797267844,0.020036100768762163,12.545706813888835,0.6643735750026338,0.03487233603086943
1930,training,0,0.0005665235221385956,0.008251863156249047,12.585682946819546,0.6656100793438531,0.02617692560422095
1931,training,0,0.009293245151638985,0.008251863156249047,12.625711237834663,0.666498179765237,0.018895548075054114
1932,training,0,0.008797803893685337,0.008251863156249047,12.665705650850676,0.6671819945421227,0.015029001642238343
1933,training,0,0.0012778174132108688,0.008251863156249047,12.705718662121642,0.667695790226133,0.010567394626945743
1934,training,0,0.008853243663907051,0.008251863156249047,12.745649782272018,0.6680791514530033,0.008739066406149345
1935,training,0,0.0007206127047538723,0.008251863156249047,12.785630691939094,0.6683881310400361,0.005906835887617867
1936,training,0,0.009640563279390332,0.011713776630994576,12.825660286771427,0.6685311145276615,0.0014634425635171732
1937,training,0,0.023520881310105324,0.011713776630994576,12.865623963362184,0.6685243463157228,-0.0023839190169515924
1938,training,0,0.037129245698451996,0.011713776630994576,12.905659844454862,0.6682912180699124,-0.009994714845964299
1939,training,0,0.04216627823188901,0.011713776630994576,12.945619186207256,0.6677562949550719,-0.016539733247187514
1940,training,0,0.040244217962026596,0.011713776630994576,12.985695721908911,0.6669365480071293,-0.02519850535898984
1941,training,0.005467062,0.05156164523214102,0.017623437883379087,13.025740263516688,0.665738603552069,-0.03437141692942976
1942,training,0.010205693,0.09366714768111706,0.017623437883379087,13.065720348131315,0.6642105904409279,-0.04248090472148474
1943,training,0.0031153758,0.0794692113995552,0.017623437883379087,13.125738478093087,0.661176604486403,-0.059564563748547905
1944,training,0.0132242665,0.09620736166834831,0.017623437883379087,13.16565732873804,0.6586262380781223,-0.06780319652964796
1945,training,0.006860116,0.11589689925312997,0.017623437883379087,13.185682939270569,0.6572245794018513,-0.0724067095094811
1946,training,0.010745875,0.09723808616399765,0.017623437883379087,13.24544736242375,0.6523388042284933,-0.08998752654404345
1947,training,0.0036777398,0.07278823107481003,0.034300120216767496,13.285342366040009,0.6485908574152857,-0.09554358168454316
1948,training,0.004611291,0.0659368671476841,0.034300120216767496,13.324982023788612,0.6447951791648078,-0.09398492148112893
1949,training,0.0013422009,0.05983532592654228,0.034300120216767496,13.364667602167978,0.6412350552908523,-0.0847323274888587
1950,training,0,0.011802945286035552,0.034300120216767496,13.384601999562411,0.6395944101300625,-0.07886328647061018
1951,training,0.0027532994,0.05037175118923187,0.034300120216767496,13.424375233067208,0.6366685038777172,-0.06845023751292781
1952,training,0,0.032522909343242645,0.034300120216767496,13.464139136525047,0.6341944026476071,-0.055877129953486114
1953,training,0.003081752,0.06903617084026335,0.05259219962370695,13.503957969602974,0.6322503306411688,-0.042009009555734556
1954,training,0,0.04739687591791153,0.05259219962370695,13.544244832268923,0.6307788413842338,-0.030501381724905068
1955,training,0,0.020490415394306183,0.05259219962370695,13.584127139061048,0.6301005205650856,-0.0026694024872910187
1956,training,0,0.025032933801412582,0.05259219962370695,13.623945179435045,0.6304100439939466,0.01648827119660833
1957,training,0,0.022142243571579456,0.05259219962370695,13.663909153370803,0.6313677824792594,0.031218964498593196
1958,training,0,0.008592767408117652,0.05259219962370695,13.703748917948456,0.6328219018309618,0.04018277417023706
1959,training,0,0.009339670184999704,0.041738986890949764,13.74370050334779,0.6344828949086806,0.042299505164575056
1960,training,0,0.0037824553437530994,0.041738986890949764,13.783603290688951,0.636227707745552,0.04531983137544234
1961,training,0,0.005483532324433327,0.041738986890949764,13.80354534628926,0.6371460737413165,0.04566163909280252
1962,training,0,0.0048806630074977875,0.041738986890949764,13.843500097520844,0.6389481678896675,0.043438711329317384
1963,training,0,0.003027644008398056,0.041738986890949764,13.90340840420596,0.6414415549302016,0.039643358706147255
1964,training,0,0.008003799244761467,0.041738986890949764,13.943361166340832,0.6429584711223271,0.03603105003907366
1965,training,0,0.006889806129038334,0.02292074984638725,13.983327563085776,0.6443434487819768,0.033523996632368
1966,training,0,0.012630527839064598,0.02292074984638725,14.023254076439617,0.6456287219461867,0.029986040475530235
1967,training,0,0.019323196727782488,0.02292074984638725,14.06332122617175,0.6467119388939666,0.02401536864376606
1968,training,0,0.019307343289256096,0.02292074984638725,14.103258282240668,0.6476058426566645,0.020345026674835016
1969,training,0,0.02752972487360239,0.02292074984638725,14.14324413358729,0.6482997540510106,0.013673394619657022
1970,training,0,0.046591296792030334,0.02292074984638725,14.183254187124007,0.6487033525593079,0.006807274222167006
1971,training,0,0.045131489634513855,0.009347212722330066,14.22329753204721,0.6488260433660635,-0.0014017904044013822
1972,training,0.0043542353,0.05823006294667721,0.009347212722330066,14.263373718907916,0.6485667195774595,-0.011425704848849666
1973,training,0.0048406012,0.051428696140646935,0.009347212722330066,14.323384869099545,0.6475631257917003,-0.022262748509733664
1974,training,0,0.042392977513372905,0.009347212722330066,14.363422765983135,0.6465026730158941,-0.0301520798441581
1975,training,0,0.018266335129737854,0.009347212722330066,14.383416459085389,0.6458803802407137,-0.03172197013386528
1976,training,0,0.0013301409780979156,0.013331680291747439,14.423369235136605,0.6446832025193087,-0.02762197880095477
1977,training,0,0.0025169216096401215,0.013331680291747439,14.463186005102935,0.6436884701320225,-0.021025625013895814
1978,training,0,0.01944800838828087,0.013331680291747439,14.50308827422651,0.6430732565820902,-0.009624571773062304
1979,training,0,0.027064047753810883,0.013331680291747439,14.542900187164388,0.6429134186572372,0.00041036262305821705
1980,training,0,0.04592443257570267,0.013331680291747439,14.582869670651304,0.6431300114304466,0.010433116349048126
1981,training,0,0.0387212298810482,0.013331680291747439,14.622759909826446,0.643790583181778,0.022553041699108295
1982,training,0,0.02756999433040619,0.010269249099460847,14.66259495301349,0.6448360312623476,0.02950126932338136
1983,training,0,0.017613022588193417,0.010269249099460847,14.702533444296423,0.646107900559468,0.03438476249619248
1984,training,0,0.0016144551336765324,0.010269249099460847,14.74243016999578,0.6475257767232888,0.03513048202690406
1985,training,0,0.007408039644360546,0.010269249099460847,14.782453016828935,0.6488558290838476,0.030847807435726838
1986,training,0,0.017602616921067238,0.010269249099460847,14.822392333851118,0.6500299744071719,0.027768228969536395
1987,training,0,0.022915818262845278,0.010269249099460847,14.84236909610142,0.6505677607157834,0.025345410048185756
1988,training,0,0.01676245452836156,0.011924054274992425,14.902373940939913,0.6518231920254717,0.017038260820442405
1989,training,0,0.008259790018200874,0.011924054274992425,14.942354846861013,0.6524444092527142,0.013513550318835969
1990,training,0,0.01487151999026537,0.011924054274992425,14.98236212202272,0.6528971877814257,0.008998001942488714
1991,training,0,0.009293852373957634,0.011924054274992425,15.0223013720905,0.6532157540955803,0.007136361436845022
1992,training,0,0.008772646076977253,0.011924054274992425,15.062272246661385,0.6534778149683244,0.005233609770173007
1993,training,0,0.003992762882262469,0.011924054274992425,15.102305260567805,0.6536371737696639,0.0029501856826516563
1994,training,0,0.006827710196375847,0.0020849716820862912,15.142252586872655,0.6537546453150295,0.002463214426758604
1995,training,0,0.0034583569504320626,0.0020849716820862912,15.182230878339777,0.653820650509217,0.00030821519498756123
1996,training,0,0.005871015600860119,0.0020849716820862912,15.22220501812526,0.6538110010145813,-0.0006180303119725204
1997,training,0,0.008241367526352406,0.0020849716820862912,15.262188672991902,0.6537856027975948,-0.0013478994536831096
1998,training,0,0.0038034673780202866,0.0020849716820862912,15.302216312255126,0.6536827618142139,-0.003776611398771605
1999,training,0,0.007956747896969318,0.0020849716820862912,15.342165852620541,0.6535442429481236,-0.003550059962434484
2000,training,0,0.005280330777168274,0.008769683483742628,15.382147142801406,0.6533808990466518,-0.005432973778358061
2001,training,0,0.020434473641216755,0.008769683483742628,15.422182054029358,0.6531324133029668,-0.006852863733919328
2002,training,0,0.016017664223909378,0.008769683483742628,15.462140132545379,0.6528672834204566,-0.007029735046788547
2003,training,0,0.022827837616205215,0.008769683483742628,15.50213031047177,0.6525517286989514,-0.00917606647115323
2004,training,0,0.026190979406237602,0.008769683483742628,15.5421182005689,0.6521640172467046,-0.010358260045507363
2005,training,0,0.025063336826860905,0.008769683483742628,15.582053056055958,0.6517356492125275,-0.012008620488996619
2006,training,0,0.036637259647250175,0.025097530838422123,15.62208967649331,0.651208125238557,-0.01431148197297418
2007,training,0,0.02601519227027893,0.025097530838422123,15.66207080983878,0.650625658738504,-0.015171278931654333
2008,training,0,0.037581427954137325,0.025097530838422123,15.701982491344701,0.649978781970074,-0.017573751702035505
2009,training,0,0.02966693509370089,0.025097530838422123,15.741973800816641,0.649256879157761,-0.01846882728890893
2010,training,0,0.03964368533343076,0.025097530838422123,15.781880405805436,0.648517781971471,-0.019779250099738677
2011,training,0,0.03144282940775156,0.025097530838422123,15.821893287865509,0.6477041385942978,-0.021000869074810153
2012,training,0,0.034169034101068974,0.028360489009273397,15.86185231759711,0.6468924435795296,-0.019630782661082945
2013,training,0,0.03938222397118807,0.028360489009273397,15.901731417031804,0.6461009699914548,-0.020965946019472957
2014,training,0,0.037249510176479816,0.028360489009273397,15.941729902337535,0.6452572013381163,-0.021042339408415774
2015,training,0,0.04980800021439791,0.028360489009273397,15.981672043328517,0.644448601269169,-0.020290193488133382
2016,training,0,0.04725773353129625,0.028360489009273397,16.021622103864466,0.6436074927426368,-0.0219317330327575
2017,training,0,0.04436965193599462,0.028360489009273397,16.06159242375473,0.6427467466816428,-0.021046149316619703
2018,training,0,0.04059871006757021,0.04423683406200813,16.101477886037184,0.6419270782766288,-0.02108790766611064
2019,training,0.007232705,0.05341365281492472,0.04423683406200813,16.181454508173832,0.6402553610560346,-0.020200875320097123
2020,training,0.003639496,0.07814113423228264,0.04423683406200813,16.26133980299426,0.6384573731311494,-0.024894049748772757
2021,training,0.0034862414,0.0659796386025846,0.04423683406200813,16.30130684246377,0.6374163100990701,-0.02889296747762674
2022,training,0,0.004232984036207199,0.06407984867941138,16.32131294922058,0.6368067077826034,-0.031925873767482876
2023,training,0,0.030777700245380388,0.06407984867941138,16.361290790286752,0.6356318162730578,-0.024575735009861346
2024,training,0,0.04018681868910788,0.06407984867941138,16.381242340926402,0.6352031886118592,-0.018209243603979273
2025,training,0.0024901486,0.05386050045490265,0.06407984867941138,16.421075567668716,0.6346727024377083,-0.009367371293592141
2026,training,0,0.047518596053123474,0.06407984867941138,16.461051713850768,0.6344762209338123,-0.0006469374690224773
2027,training,0,0.014166634529829025,0.06407984867941138,16.4810092410568,0.6345060436177051,0.003688709421600861
2028,training,0,0.02189764939248562,0.06407984867941138,16.500894325935484,0.6346202220243663,0.006227238698811668
2029,training,0,0.002581628039479252,0.06407984867941138,16.540861707939513,0.634947476914961,0.009969663864061569
2030,training,0,0.0009295456111431122,0.07009812228010269,16.58083747074304,0.6354464539911624,0.015221914493719445
2031,training,0,0.00810888223350048,0.07009812228010269,16.62070719647433,0.6361460226274889,0.01902266818464695
2032,training,0,0.007014073431491852,0.07009812228010269,16.66071569748002,0.636968659421555,0.02225375918126877
2033,training,0,0.014181414619088173,0.07009812228010269,16.700608147566957,0.6379605843245668,0.026761807795554572
2034,training,0,0.00708590866997838,0.07009812228010269,16.740537683024172,0.6390757592631595,0.028826268251109954
2035,training,0,0.009369075298309326,0.07009812228010269,16.780474880499895,0.6402727922359096,0.031375320084398244
2036,training,0,0.009552731178700924,0.0755463389788881,16.820360335885567,0.6415722660388287,0.0327559124212065
2037,training,0,0.010480697732418776,0.0755463389788881,16.860382347739105,0.642884513769363,0.03273869087169875
2038,training,0,0.01408186601474881,0.0755463389788881,16.90025800156934,0.6442404212147378,0.03466187105395779
2039,training,0,0.011175577994436026,0.0755463389788881,16.94016476986348,0.6456192533932963,0.0338985175932829
2040,training,0,0.004869649652391674,0.0755463389788881,16.9801317294433,0.6469657000293211,0.034027033050968054
2041,training,0,0.003009065520018339,0.06875795961299537,17.020038120265454,0.6483408663481278,0.033863535691768955
2042,training,0,0.013896801974624399,0.06875795961299537,17.060039127242504,0.6496581922459664,0.03178995160624415
2043,training,0,0.0186537685804069,0.06875795961299537,17.09995632622634,0.65093230958004,0.03210505324896938
2044,training,0,0.00982286175712943,0.06875795961299537,17.139859845148816,0.6522038585829073,0.03082202394097851
2045,training,0,0.015129563864320517,0.06875795961299537,17.179887706164553,0.6534047020823592,0.02937703222840547
2046,training,0,0.016462698113173246,0.06875795961299537,17.219772497668306,0.6546093812016213,0.030191643768600927
2047,training,0,0.038484886754304164,0.059669349325355954,17.259735857273817,0.6557927402116203,0.02866344406238598
2048,training,0,0.026483752299100164,0.059669349325355954,17.2996822219588,0.656931239219316,0.028584944322127076
2049,training,0.008541366,0.06878655822947621,0.059669349325355954,17.33959703452425,0.6580682388024048,0.027464135607231602
2050,training,0.015095437,0.08571386896073817,0.059669349325355954,17.39955760504068,0.6596478512125878,0.02595383087757985
2051,training,0,0.0033284835517406464,0.059669349325355954,17.419536670272446,0.6601663021696456,0.025156800910368825
2052,training,0.005583659,0.050733907148242,0.059669349325355954,17.459492207739775,0.6610715066533526,0.019740268433598277
2053,training,0.0010786658,0.07480313256382942,0.04481218314545548,17.539465855263295,0.6623257029768256,0.011484053538417888
2054,training,0.0040989593,0.12078215554356575,0.04481218314545548,17.599494378008504,0.6626299230313617,-0.0010138695815088874
2055,training,0.0067194547,0.08567079529166222,0.04481218314545548,17.65958403956168,0.662126865296289,-0.01756386633560227
2056,training,0.0014308341,0.050034206826239824,0.03609848123410597,17.699584883562693,0.6611900052709562,-0.028296544033143682
2057,training,0,0.04301485512405634,0.03609848123410597,17.739389264750525,0.6600388517409873,-0.02527481585701636
2058,training,0,0.03206409886479378,0.03609848123410597,17.759200441567753,0.6595648543554191,-0.021837502911178027
2059,training,0,0.04568482004106045,0.03609848123410597,17.779172418229567,0.659179303603934,-0.01692288688543815
2060,training,0,0.013010304421186447,0.03609848123410597,17.799153868930706,0.6589016729973227,-0.011496534468841165
2061,training,0,0.01700903847813607,0.03609848123410597,17.839041652451694,0.6586784619570689,-0.0004964928721331425
2062,training,0,0.038311026990413666,0.03609848123410597,17.858923917134987,0.6587004289918345,0.0023171672828723607
2063,training,0,0.03004907770082354,0.03609848123410597,17.89893761144377,0.6588899042207201,0.006181240192026765
2064,training,0,0.032510758843272924,0.04264607652068886,17.93889805639045,0.6592029147806419,0.00898891619853725
2065,training,0,0.0369389015249908,0.04264607652068886,17.97884951457251,0.659576372149402,0.0091963022323194
2066,training,0,0.034221410285681486,0.04264607652068886,18.01882541312017,0.6599635433059875,0.010474879108706694
2067,training,0,0.029350870754569772,0.04264607652068886,18.058764023072822,0.6604228754218319,0.01158042554576534
2068,training,0,0.03249926073476672,0.04264607652068886,18.09878380694234,0.6608733887838437,0.010862231364141916
2069,training,0,0.03675144305452704,0.04264607652068886,18.138718006779317,0.6613472220036917,0.012872409713204325
2070,training,0,0.03193440055474639,0.03672996989830405,18.17866502613916,0.661874292761729,0.012591333439561708
2071,training,0,0.02210403559729457,0.03672996989830405,18.218654224143492,0.6623850506679498,0.013554557161090034
2072,training,0.0012575195,0.06268792739138007,0.03672996989830405,18.278550672959664,0.6633062394688328,0.01604161058523305
2073,training,0,0.010514402762055397,0.03672996989830405,18.298570209584856,0.6636315524709273,0.016377651846271223
2074,training,0,0.04037894308567046,0.03672996989830405,18.338514193888162,0.6643537611312139,0.020255767920213334
2075,training,0,0.04151968285441398,0.03672996989830405,18.378402032924296,0.6652538734649688,0.02427428663929887
2076,training,0,0.03938977606594562,0.030860777265363452,18.418417995547863,0.6662928959123602,0.0276485747943576
2077,training,0,0.03906158544123173,0.030860777265363452,18.45828143739136,0.667509819036022,0.032617411621892134
2078,training,0,0.04233963554725051,0.030860777265363452,18.498191074289615,0.6688485353214465,0.03398664774265763
2079,training,0,0.03302359441295266,0.030860777265363452,18.538141837021186,0.6702346369886396,0.035714702529460955
2080,training,0,0.04006985807791352,0.030860777265363452,18.57802490235929,0.6716970388146078,0.0365772934380333
2081,training,0,0.04484952846542001,0.030860777265363452,18.618036545864975,0.6731447082136038,0.03558895155322472
2082,training,0,0.030545173678547144,0.00877390142590144,18.65793155215501,0.6745916365278206,0.03668517296250001
2083,training,0,0.04488942632451654,0.00877390142590144,18.69783394103569,0.67604480437253,0.03543135363783681
2084,training,0,0.04529093438759446,0.00877390142590144,18.737819442271753,0.6774408873500649,0.034891168600660334
2085,training,0.005019772,0.056343766395002604,0.00877390142590144,18.79766493296828,0.6795763953486554,0.035273940276591614
2086,training,0.0045582848,0.05259004049003124,0.00877390142590144,18.857601444850733,0.6817102801672533,0.036704534120565256
2087,training,0,0.047290661837905645,0.016550774667394658,18.87753787266961,0.6824538634649125,0.03710777757140275
2088,training,0,0.04934564372524619,0.016550774667394658,18.917485174763083,0.6839554531503692,0.037062079728186134
2089,training,0.0034090881,0.054411312099546194,0.016550774667394658,18.97737480281454,0.6861861421331834,0.037380788071144436
2090,training,0,0.041393550112843513,0.016550774667394658,18.997309628314923,0.6869277874643092,0.03648002391499957
2091,training,0,0.0393481831997633,0.016550774667394658,19.017310656672958,0.6876486714861542,0.035367995209221285
2092,training,0.0033411463,0.05387777602300049,0.016550774667394658,19.077258629544907,0.6896771969703872,0.03270953892109337
2093,training,0.010930482,0.054190075024962425,0.016550774667394658,19.13722301836043,0.6915587405614378,0.030006148300580224
2094,training,0.0046449928,0.05230468139052391,0.016773445840717945,19.197062617909197,0.6933555231575588,0.028721779313092426
2095,training,0.00731703,0.07922660559415817,0.016773445840717945,19.256983942784988,0.6951420043859622,0.032316224229033796
2096,training,0.0026623579,0.12301582098007202,0.016773445840717945,19.296798966281205,0.6966213698472699,0.041639300315794374
2097,training,0.00082031236,0.12719952315092087,0.016773445840717945,19.356667958882813,0.6996298244625969,0.060614127837917496
2098,training,0.0059750495,0.14131730794906616,0.028829066119477696,19.396399164807804,0.7023564971200115,0.07545468086920021
2099,training,0.0064106463,0.12352229934185745,0.028829066119477696,19.436166836210983,0.7055971268225707,0.08670837509602776
2100,training,0.0016741928,0.09795481711626051,0.028829066119477696,19.476013260483917,0.7091805798141757,0.09092739352873214
2101,training,0.0028262339,0.09850299358367923,0.028829066119477696,19.49591762886582,0.7109943116948353,0.08925581758538018
2102,training,0.00043666802,0.13397089019417763,0.028829066119477696,19.535767118839242,0.7144259595357304,0.08172615338943916
2103,training,0.0045743943,0.11835607513785362,0.028829066119477696,19.59564631823954,0.7189599656483213,0.06932238343648933
2104,training,0.118885845,0.06638314574956894,0.053130959694924866,19.6155722050358,0.7202874723702256,0.0632859052464507
2105,training,0.002645339,0.09103098139166832,0.053130959694924866,19.655656688608666,0.7225716900670079,0.05074020659330079
2106,training,0,0.03422347456216812,0.053130959694924866,19.71559221671003,0.7251717236378685,0.03491489680744333
2107,training,0.0022038314,0.05454996973276138,0.053130959694924866,19.7557224655769,0.7262726501966589,0.019580717410826953
2108,training,0,0.04972196370363237,0.053130959694924866,19.79574590366196,0.7267881867570564,0.005922039324960957
2109,training,0,0.03631560504436494,0.059926803574088444,19.83579215244355,0.7267524093262351,-0.0080413286066135
2110,training,0.006727515,0.05875340476632118,0.059926803574088444,19.875806424810552,0.7262040366258361,-0.018717461231607384
2111,training,0,0.03745459020137787,0.059926803574088444,19.915852372733497,0.7252782325285912,-0.026801546813789802
2112,training,0,0.003755953162908554,0.059926803574088444,19.95587017543141,0.7240540500335458,-0.034559274755390904
2113,training,0,0.04344839602708814,0.059926803574088444,19.975830858183652,0.7233279128858797,-0.038903055956264025
2114,training,0,0.00536317378282547,0.06261572533149141,20.015903586492165,0.7215587691805277,-0.0510940530336988
2115,training,0,0.020738266408443465,0.06261572533149141,20.056012876013746,0.7191015036817875,-0.07285097086853676
2116,training,0,0.0240599252283573,0.06261572533149141,20.095864819680333,0.7158345233195129,-0.08942097135903927
2117,training,0.0046614762,0.06392700783908367,0.06261572533149141,20.155688172878534,0.7100054841137629,-0.10433426446524986
2118,training,0.0009458132,0.07516288198530674,0.06261572533149141,20.215284020368852,0.7036576107627418,-0.10612466664195132
2119,training,0,0.020016852766275406,0.05517899680149658,20.255020431009225,0.699425420268781,-0.10648742078730097
2120,training,0,0.025722689926624298,0.05517899680149658,20.274790503966862,0.6973130206056762,-0.10786508477885672
2121,training,0,0.02057170867919922,0.05517899680149658,20.31453632248772,0.692915119536749,-0.1128936900878611
2122,training,0,0.016291912645101554,0.05517899680149658,20.33448573913758,0.6906270961551987,-0.11563662757210023
2123,training,0.001175372,0.0659273387864232,0.05517899680149658,20.39395233785614,0.6834468119716621,-0.12351069081803201
2124,training,0,0.010555200278759003,0.05517899680149658,20.413815555564305,0.6809645797069136,-0.12580722847924466
2125,training,0,0.04075629636645317,0.05517899680149658,20.45362461185298,0.675775745432931,-0.13550255663584682
2126,training,0.005495784,0.0794837549328804,0.04452822757610443,20.51297841710098,0.6670665889526579,-0.1561666688307868
2127,training,0.005511601,0.1085198875516653,0.04452822757610443,20.55272301474739,0.6604656724269167,-0.1735995053249842
2128,training,0.0076508014,0.1189255528151989,0.04452822757610443,20.591996028662464,0.6532119203855831,-0.19127638776103006
2129,training,0.010764359,0.06330770906060933,0.04452822757610443,20.651034891939716,0.6412293775766832,-0.20754764482968227
2130,training,0.06775195,0.09437861107289792,0.04452822757610443,20.689936107948796,0.6329374788642198,-0.20968376967344282
2131,training,0.00505854,0.06353124789893627,0.026666686351842064,20.72905439099692,0.624728823618498,-0.20360317505849063
2132,training,0.016167087,0.08088578656315802,0.026666686351842064,20.768294804448576,0.6167297866609556,-0.1984649193022105
2133,training,0.0058422163,0.14316552504897118,0.026666686351842064,20.827000977350693,0.6050257553966215,-0.19729334190556655
2134,training,0.004013515,0.1688256859779358,0.026666686351842064,20.84672227013363,0.6010700840735239,-0.20004924424016854
2135,training,0.007365786,0.19601183384656906,0.026666686351842064,20.88586937539611,0.5928653276170979,-0.21350110324657467
2136,training,0.0059372946,0.20122675597667694,0.026666686351842064,20.924940340991522,0.5840993405137731,-0.2279910429229013
2137,training,0.0061804946,0.18144854949787262,0.015767544949353708,20.964060367287814,0.5747979139880433,-0.23723274483996318
2138,training,0.006478345,0.19323114305734637,0.015767544949353708,20.983284842548354,0.5701366504377263,-0.23861398083785001
2139,training,0.0048391074,0.2178400605916977,0.015767544949353708,21.022071948925287,0.560751956463038,-0.235708825887062
2140,training,0.057015024,0.205681324005127,0.015767544949353708,21.08046520128998,0.5469221763972089,-0.2294583459750101
2141,training,0.0039597377,0.17020366340875626,0.015767544949353708,21.119271048705897,0.5380876205929654,-0.21728918033381414
2142,training,0.010346826,0.12644359469413757,0.015767544949353708,21.138819144411936,0.5338475769392196,-0.20865261488143164
2143,training,0.004203288,0.139130488038063,0.015767544949353708,21.17790830308665,0.5260401482935231,-0.18246033983850193
2144,training,0.005277556,0.12182356417179108,0.03485675824023669,21.21698547983907,0.5194071097761297,-0.15457712585814318
2145,training,0.0061411504,0.09656251966953278,0.03485675824023669,21.25650989438732,0.5137894863478307,-0.12774634128524898
2146,training,0.00545377,0.1888558529317379,0.03485675824023669,21.295950863185567,0.5092408413600525,-0.10115435712770963
2147,training,0.04141892,0.2067438140511513,0.03485675824023669,21.33555730085811,0.5054169473967283,-0.09339324233073013
2148,training,0.013036862,0.29695601016283035,0.03485675824023669,21.375366305244498,0.5016751006378163,-0.09584414928693084
2149,training,0.00544764,0.31689202785491943,0.03485675824023669,21.41499551547442,0.4976524435483834,-0.10967075980443325
2150,training,0.055303957,0.29906679689884186,0.0796913408987455,21.45495559365918,0.4928543114522672,-0.13047993968811536
2151,training,0.028537022,0.24265485256910324,0.0796913408987455,21.49461378651619,0.4871814044886314,-0.15360350353390884
2152,training,0.011215456,0.28604084625840187,0.0796913408987455,21.53413220421223,0.48071293155233447,-0.17051201013805473
2153,training,0.0053640474,0.29459901154041285,0.0796913408987455,21.57373999386792,0.47366120509412873,-0.18116634161945364
2154,training,0.013840217,0.3137340694665908,0.0796913408987455,21.612930157079553,0.4663198140913295,-0.1886736395727839
2155,training,0.0047599836,0.32240148819983006,0.0796913408987455,21.63257107448561,0.4625480607117355,-0.19083831833596235
2156,training,0.0142172035,0.31392274145036936,0.12969807972846892,21.69155319726217,0.4510360362096671,-0.1935321530334388
2157,training,0.0027528135,0.2957383766770363,0.12969807972846892,21.730465634349063,0.44387432132671495,-0.1554054762063183
2158,training,0.006543733,0.19042190164327621,0.12969807972846892,21.750039792357963,0.44113711268347244,-0.12180701699400875
2159,training,0.0033533203,0.1943526640534401,0.12969807972846892,21.789342441187962,0.4376195371613692,-0.05942709567004598
2160,training,0.013931039,0.09698273241519928,0.12969807972846892,21.8485829527624,0.43654495960757866,0.022562306381424046
2161,training,0.007840865,0.15774289146065712,0.13949137910959078,21.88801205711681,0.43838818689807435,0.06941367065996652
2162,training,0.003081738,0.15888101980090139,0.13949137910959078,21.927689693772273,0.4420082746316365,0.1124386626877416
2163,training,0.006019896,0.14742376282811165,0.13949137910959078,21.947391319888496,0.44443305838376795,0.13149622657331012
2164,training,0.007726142,0.12125171720981599,0.13949137910959078,22.00630047084926,0.4535675147992422,0.1710650710792602
2165,training,0.002722405,0.13702316209673882,0.13949137910959078,22.045627026323142,0.4607303086161468,0.18912574442926372
2166,training,0.0033070778,0.09675741568207741,0.13949137910959078,22.08461238112142,0.46848573675875144,0.20271699355463565
2167,training,0.0055051525,0.06955444440245628,0.10570117544009937,22.143331152217993,0.4810137369509074,0.21601496276348456
2168,training,0.014300844,0.07582845911383629,0.10570117544009937,22.182121385898302,0.48970358984787304,0.22432387013015906
2169,training,0.006366372,0.10295663774013519,0.10570117544009937,22.221137025300532,0.4987658372948401,0.2324083041241843
2170,training,0.01563355,0.10240945406258106,0.10570117544009937,22.25979807514275,0.5080579712288801,0.23869938500366464
2171,training,0.016790597,0.09980741143226624,0.10570117544009937,22.318134946506984,0.5222431121975345,0.23524175201890224
2172,training,0.006209686,0.1290595456957817,0.08633459861689749,22.376482153422156,0.5358899552178769,0.22431756888946053
2173,training,0,0.01767374575138092,0.08633459861689749,22.415531550779484,0.5447908854142247,0.22693826795359712
2174,training,0,0.028469931334257133,0.08633459861689749,22.43471200368334,0.5492951793818281,0.23516848270684998
2175,training,0,0.023365363478660583,0.08633459861689749,22.454110836196726,0.5538950617134166,0.229978216265169
2176,training,0,0.022983737289905548,0.08633459861689749,22.47354759462158,0.5583885865443873,0.2239771799288245
2177,training,0,0.01588529348373413,0.08633459861689749,22.512746380576573,0.56704291161337,0.21033749654963116
2178,training,0,0.0447486750781536,0.08633459861689749,22.53246535984996,0.5711778385663381,0.2028484331344306
2179,training,0,0.02593253180384636,0.06190987038237607,22.571607782755994,0.5789271208008094,0.18999787553050393
2180,training,0,0.01804376021027565,0.06190987038237607,22.610989421314247,0.5863356091177867,0.18132025970868287
2181,training,0,0.023147430270910263,0.06190987038237607,22.650507354303272,0.5933750820169744,0.17124542424906816
2182,training,0,0.03478330001235008,0.06190987038237607,22.689881110049757,0.5999538724340812,0.15965187105603493
2183,training,0,0.026767265051603317,0.06190987038237607,22.72961786364291,0.606128885703067,0.14891677419390903
2184,training,0,0.00794942677021028,0.06190987038237607,22.769184077470435,0.6118574090624754,0.13846877586631784
2185,training,0,0.0007254816591739655,0.04316111649676269,22.80888356259315,0.617137836767709,0.12544405572673295
2186,training,0,0.014452312141656869,0.04316111649676269,22.84878118583771,0.6219126724398301,0.11369099216966509
2187,training,0,0.03254907391965389,0.04316111649676269,22.888457165382388,0.6262423338040186,0.10374848375173873
2188,training,0,0.04567257780581713,0.04316111649676269,22.928373541048614,0.6302584403506736,0.09759912894578555
2189,training,0.0053321407,0.05360080488026143,0.04316111649676269,22.98800189106692,0.6360589615618042,0.09643938682484181
2190,training,0,0.0028415508568286896,0.04316111649676269,23.027880009818535,0.6398929866907508,0.09491852038129449
2191,training,0,0.009816277772188187,0.031695592000982764,23.04785038764947,0.6417683720154747,0.09178475244292474
2192,training,0,0.019524801522493362,0.031695592000982764,23.08761836245355,0.6452686570303616,0.08335201740340578
2193,training,0,0.013547463342547417,0.031695592000982764,23.127576136512367,0.6484376725661513,0.07526899378750722
2194,training,0,0.01951909251511097,0.031695592000982764,23.16748464931687,0.6513429000981535,0.07029639450755112
2195,training,0,0.012558443471789367,0.031695592000982764,23.207320908726363,0.6540288853753059,0.06412906899365288
2196,training,0,0.02236531861126423,0.031695592000982764,23.247351901881423,0.656484910596503,0.05872949266191474
2197,training,0,0.0045024324208498,0.023626192453776545,23.287198359091196,0.6587651528624334,0.05460488872389036
2198,training,0,0.011269545182585716,0.023626192453776545,23.327167005937447,0.6608253548047713,0.048051922604126274
2199,training,0,0.007766401395201683,0.023626192453776545,23.367131564836274,0.6626420287062524,0.04305969115359616
2200,training,0,0.025147793814539902,0.023626192453776545,23.407044009105633,0.664260853713154,0.03754586274049267
2201,training,0,0.041477483697235584,0.023626192453776545,23.447095023355974,0.665673031582245,0.033726630774853696
2202,training,0,0.03896472230553627,0.023626192453776545,23.486970387322216,0.667048321126125,0.03504175383874387
2203,training,0.008790046,0.05147958733141422,0.02062378185107683,23.526884329635628,0.6684574299461559,0.0353043087442105
2204,training,0,0.010430753231048584,0.02062378185107683,23.5668351296461,0.6698832029501935,0.0356942239783417
2205,training,0,0.00410306453704834,0.02062378185107683,23.60677317001655,0.6712355047894678,0.029707891627729535
2206,training,0,0.019735818728804592,0.02062378185107683,23.646840129208964,0.6722598994838102,0.021992581659898383
2207,training,0,0.022619131952524185,0.02062378185107683,23.686787311097234,0.6730945574078622,0.020557062596280283
2208,training,0,0.02551594469696284,0.02062378185107683,23.72672810899414,0.6739029018466771,0.019398035790433157
2209,training,0,0.02924517821520567,0.013363368256990952,23.76669115527879,0.6746589040993808,0.01882362400102107
2210,training,0,0.026976563967764378,0.013363368256990952,23.806650359772426,0.6754154113250119,0.018194704238756833
2211,training,0.0026155612,0.06298000458627938,0.013363368256990952,23.86660695092152,0.6764356381660968,0.01651268183214348
2212,training,0.0032389006,0.07430471992120148,0.013363368256990952,23.906559234044185,0.6771086924506848,0.01615344870261311
2213,training,0.009981839,0.1331222802400589,0.013363368256990952,23.966544407717365,0.6780463355037362,0.01741811149182866
2214,training,0.013294101,0.19296472519636154,0.010383502989936504,24.006375333619328,0.6789762239838432,0.0313320019841142
2215,training,0.0045628687,0.19735360890626907,0.010383502989936504,24.066020767225808,0.6817264329625893,0.06393424052519363
2216,training,0.00375765,0.14310382679104805,0.010383502989936504,24.085858545172357,0.6831091664271309,0.07436791293136702
2217,training,0.008921188,0.0887394673191011,0.010383502989936504,24.14548576974895,0.6880648586010748,0.08595118896991535
2218,training,0.00820525,0.08359686192125082,0.010383502989936504,24.185408771090398,0.6914809801684918,0.08460612889141225
2219,training,0.017333895,0.11629899591207506,0.010383502989936504,24.245059606913053,0.696490503137956,0.08244017488769301
2220,training,0.0043966165,0.13735217601060867,0.040629202558469975,24.284990814493952,0.6998562711826097,0.08710396530855247
2221,training,0.005650487,0.13054321333765984,0.040629202558469975,24.30482448831157,0.7016354636718082,0.09139079364560565
2222,training,0.009516198,0.12486480874940752,0.040629202558469975,24.344487918015705,0.7054114576218723,0.0967822536925831
2223,training,0.0071905013,0.12531546363607052,0.040629202558469975,24.384405872954304,0.7093060561018523,0.09708218549013377
2224,training,0.003960848,0.10986938001587987,0.040629202558469975,24.42409513877153,0.7131883092275992,0.09675623738807458
2225,training,0.019007418,0.13571261195465922,0.040629202558469975,24.44395726633536,0.7151091312461597,0.09594700371369536
2226,training,0.00661645,0.14030156657099724,0.05884540254509134,24.463890212626243,0.7170242147038294,0.09558752739742832
2227,training,0.00402519,0.15612695179879665,0.05884540254509134,24.50371679112208,0.7208867873817403,0.09921174219443418
2228,training,0.010100983,0.16299839317798612,0.05884540254509134,24.543349894203,0.7249345477916508,0.10372467477334622
2229,training,0.0047086715,0.1643469948321581,0.05884540254509134,24.583186779987173,0.7291637657837444,0.10804750983707971
2230,training,0.0044835554,0.15139017440378666,0.05884540254509134,24.622879009670473,0.7335398532562185,0.11068246088933481
2231,training,0.001405067,0.14225293323397636,0.05884540254509134,24.66255938474935,0.7379568265253154,0.1104197717971657
2232,training,0.003958504,0.2007569894194603,0.05884540254509134,24.702411512877887,0.7423813352074041,0.11184320889679204
2233,training,0.072841294,0.18098729848861694,0.08020585193826793,24.74196084814056,0.7469262001517023,0.11702750341810529
2234,training,0.005206496,0.20417285710573196,0.08020585193826793,24.78163185003266,0.7517802828882953,0.12800856649393902
2235,training,0.0038377931,0.19432996958494186,0.08020585193826793,24.821205624460102,0.757200607851332,0.14601751772028335
2236,training,0.002220733,0.22072070091962814,0.08020585193826793,24.860425906654108,0.7633533996222646,0.16559265935240042
2237,training,0.0032898108,0.25685231387615204,0.08020585193826793,24.899830663326973,0.770334393224438,0.1856834163796618
2238,training,0.005963908,0.25709017366170883,0.08020585193826793,24.93871317486219,0.7780909560725418,0.20914485699127153
2239,training,0.0033601453,0.2788367122411728,0.1056287851153752,24.977494326791387,0.7868605054695311,0.23583924886143595
2240,training,0.006251432,0.19624530524015427,0.1056287851153752,24.99712195789744,0.7917002247743443,0.24404030207768648
2241,training,0.0076352125,0.23686567693948749,0.1056287851153752,25.05619680775208,0.8053923795466235,0.20982662514329242
2242,training,0.012725864,0.22225738316774368,0.1056287851153752,25.095715002356286,0.8133081050942839,0.1851106413215099
2243,training,0.0046396824,0.17361130751669407,0.1056287851153752,25.135237679379525,0.8202948114887919,0.16783680203154283
2244,training,0.0035522215,0.17846636474132538,0.1056287851153752,25.194512144335768,0.8299491849766402,0.15806799614808537
2245,training,0.0017472894,0.14868346601724625,0.13879247984618773,25.253666907771674,0.8393832554965316,0.15844985228644815
2246,training,0.023144014,0.19912376627326012,0.13879247984618773,25.31294423514316,0.8491599122326536,0.17182818461334423
2247,training,0.0040009804,0.07326920330524445,0.13879247984618773,25.35208345714603,0.8561739007142825,0.18197419707930304
2248,training,0.0064988667,0.05722282826900482,0.13879247984618773,25.37170563789425,0.859819025544736,0.183891663167545
2249,training,0.005990534,0.0900813490152359,0.13879247984618773,25.43028814473289,0.8720218095190466,0.2274418233647288
2250,training,0.013392303,0.0945771858096123,0.15960242521518914,25.468768817476917,0.8814453134698476,0.2505551137839255
2251,training,0.0039257486,0.1021280959248543,0.15960242521518914,25.487988936044705,0.8865291263173414,0.26851823061016217
2252,training,0.0020377045,0.16026218235492706,0.15960242521518914,25.507150696897085,0.8919963904485417,0.2869873666934071
2253,training,0.005325198,0.1866327598690987,0.15960242521518914,25.544979359000074,0.9038676985511298,0.32380896042652757
2254,training,0.0034451252,0.19499471271410587,0.15960242521518914,25.56364075310749,0.9103628016483399,0.34624068590529633
2255,training,0.0027233243,0.23004510765895245,0.15960242521518914,25.60060652895923,0.9246298203101647,0.3889365073299916
2256,training,0.0116292965,0.19409006461501122,0.15960242521518914,25.63696686921308,0.940441649252762,0.4331312675534071
2257,training,0.0031487837,0.17578903958201408,0.1468060292784595,25.672468395292842,0.9578883720991093,0.4801471607245454
2258,training,0.005641374,0.19062158837914467,0.1468060292784595,25.707151363012816,0.9768480242140186,0.5184599834956582
2259,training,0.0049798456,0.20997675135731697,0.1468060292784595,25.7412251573655,0.9973228426388818,0.5654703461476858
2260,training,0.0027175841,0.19105750322341913,0.1468060292784595,25.77400893064667,1.0193162629768733,0.6177717452793963
2261,training,0.0031731995,0.1620105281472206,0.1468060292784595,25.805529985604494,1.0430698867348835,0.6741744464642343
2262,training,0.008927096,0.09422528743743902,0.1433176412297411,25.835769255751664,1.0685864923896597,0.7263355351411891
2263,training,0.011293491,0.07155410945415497,0.1433176412297411,25.86467812986063,1.0955942492092912,0.7772280511826891
2264,training,0.004340425,0.11437679827213293,0.1433176412297411,25.878590103575146,1.1096294428180449,0.8022130961909497
2265,training,0,0.012369856238365173,0.1433176412297411,25.90525849643493,1.1386123378278146,0.8552415602086921
2266,training,0,0.01340985298156741,0.15159637255191305,25.93044116430791,1.169303231413708,0.9061763781374607
2267,training,0,0.008194580674171448,0.15159637255191305,25.954221128409813,1.2009344160053026,0.9490671572622101
2268,training,0,0.0028551518917084018,0.15159637255191305,25.976552439844525,1.2336395054849023,0.9923019365290259
2269,training,0,0.025212645530700684,0.15159637255191305,25.997637273066083,1.26729874650325,1.0293490505095073
2270,training,0,0.021908968687057495,0.15159637255191305,26.01741913343036,1.301628547244843,1.0671507917722203
2271,training,0.0071840296,0.07522076368331909,0.15950035770439752,26.035861308326375,1.336669805839261,1.1045861137910038
2272,training,0.007766685,0.05514233559370041,0.15950035770439752,26.053165239218952,1.372482452350526,1.1337276839026655
2273,training,0,0.020062729716300964,0.15950035770439752,26.06959033856083,1.4087753661102371,1.1575288831338728
2274,training,0,0.0007620602846145769,0.15950035770439752,26.08508412406211,1.4452544597890318,1.1818671563872443
2275,training,0,0.0033829137682914734,0.15950035770439752,26.099783106110007,1.4824049107718236,1.205312645112503
2276,training,0,0.03388326615095141,0.15950035770439752,26.113572004507592,1.519668276522687,1.2266754696290136
2277,training,0,0.004027724266052246,0.11461981293525766,26.126495838521095,1.557235438977093,1.2544558329729536
2278,training,0,0.010411441326141357,0.11461981293525766,26.138413583546747,1.5953963872799333,1.2817736830087019
2279,training,0.0045321225,0.057815417647361755,0.11461981293525766,26.149115825377198,1.6334752156232295,1.3133001096239432
2280,training,0.0037874046,0.07816874235868454,0.11461981293525766,26.158665527139146,1.6721601772962056,1.341426084924052
2281,training,0.004766922,0.06864083558320999,0.11461981293525766,26.167321389838857,1.7110392952794942,1.361527418512974
2282,training,0,0.015060067176818848,0.11461981293525766,26.175145489120904,1.7499920376767646,1.383745698250073
2283,training,0,0.010758072137832655,0.07740005243612838,26.182079552350107,1.7891557493767314,1.4079102118862685
2284,training,0,0.046269491314888,0.07740005243612838,26.1880440274929,1.828517363017342,1.432514563939984
2285,training,0,0.04316385090351105,0.07740005243612838,26.193054005914718,1.8679938170738162,1.4555832299388578
2286,training,0.0029432997,0.06952929496765138,0.07740005243612838,26.197183142507562,1.9074664419911345,1.4788074063982688
2287,training,0.0063738106,0.07514779269695282,0.07740005243612838,26.200336167351253,1.9471988862244978,1.504020616041328
2288,training,0.0051289354,0.09727922081947327,0.07740005243612838,26.202467059813543,1.9866891657509516,1.530366309445949
2289,training,0.0067263944,0.11019760370254517,0.061387422852426675,26.203510224546516,2.026515085116596,1.5583811703638375
2290,training,0.006694004,0.12845748662948608,0.061387422852426675,26.203435072312022,2.066358291415355,1.5881514592677406
2291,training,0.0022174974,0.11373645067214966,0.061387422852426675,26.20212797818304,2.105967026315383,1.6187570220483531
2292,training,0.0047421874,0.1408206671476364,0.061387422852426675,26.199601901525845,2.1458005541497447,1.6511035339041666
2293,training,0.0027714735,0.08459997177124023,0.061387422852426675,26.193436077430434,2.2049598554278234,1.6971218994614963
2294,training,0.0044969507,0.06708876788616183,0.061387422852426675,26.18780586959583,2.24442869166929,1.728232404688996
2295,training,0,0.008441418409347562,0.08859018427032754,26.181025388242173,2.283552105082841,1.7564760314407724
2296,training,0.0038760696,0.05342864245176318,0.08859018427032754,26.173081207127304,2.3224477236687013,1.7883841099640891
2297,training,0.014506818,0.10493888519704342,0.08859018427032754,26.1639041766432,2.361119600000406,1.8184773151671725
2298,training,0,0.009814569726586342,0.08859018427032754,26.158883975605704,2.380408897775267,1.8319529608464804
2299,training,0.004180141,0.0803653821349144,0.08859018427032754,26.14272378515931,2.437887582227019,1.8488678537516714
2300,training,0.0030681633,0.09648606367409229,0.08859018427032754,26.13166578558449,2.4762968789847037,1.854093828252249
2301,training,0.009786295,0.14411223866045475,0.025838723280945664,26.120387884133727,2.514543083906945,1.8605725343977797
2302,training,0.008348295,0.08937665168195963,0.025838723280945664,26.108998395134243,2.5529375306122652,1.84977311149985
2303,training,0,0.03387673664838076,0.025838723280945664,26.103574320012537,2.5723225993882814,1.8374223172500146
2304,training,0,0.0014542564749717712,0.025838723280945664,26.09328847174517,2.611033480611943,1.8271498571975828
2305,training,0,0.006782233715057373,0.025838723280945664,26.083083216155508,2.6495477183482388,1.835290433756565
2306,training,0,0.007906429469585405,0.025838723280945664,26.07231618255476,2.688006735465893,1.8520453952635898
2307,training,0,0.030770372599363327,0.05641324696007534,26.060919556844723,2.726109706670379,1.8699643154201657
2308,training,0,0.0009359531104564806,0.05641324696007534,26.04889608238148,2.7640756226980048,1.8846156832794405
2309,training,0,0.021990284323692322,0.05641324696007534,26.036313377013027,2.8020044806044138,1.8984041887751941
2310,training,0,0.04326784610748291,0.05641324696007534,26.023266476180705,2.8395976063403947,1.9098991825106582
2311,training,0,0.019139975309371948,0.05641324696007534,26.009781222458326,2.8772406073021455,1.9199433197898144
2312,training,0.0049865227,0.05338961258530617,0.05641324696007534,25.974252524359628,2.9704151732179405,1.9501596062219222
2313,training,0,0.034304969012737274,0.04426159422270834,25.966772521844785,2.989036792481097,1.9570481884026318
2314,training,0.004523278,0.06333065778017044,0.04426159422270834,25.93569898250067,3.062366337956394,1.9854921746502938
2315,training,0.00054635335,0.07647890597581863,0.04426159422270834,25.91933518121833,3.0989040967389188,1.9995054400864767
2316,training,0.002647339,0.09865829721093178,0.04426159422270834,25.90256815807627,3.1348900777881976,2.01358301421618
2317,training,0.0020321803,0.08166114892810583,0.04172391957683017,25.88514354060919,3.170896283403031,2.0301813761847227
2318,training,0.0059984773,0.07872159965336323,0.04172391957683017,25.85798538891489,3.2239806600211436,2.0584699444937358
2319,training,0.003147893,0.09209359809756279,0.04172391957683017,25.829170132284176,3.276461932067045,2.086568112495665
2320,training,0.00088078337,0.07944590784609318,0.04172391957683017,25.79918780196126,3.3280692621219985,2.1071738868247496
2321,training,0,0.0009465180337429047,0.04172391957683017,25.788921592692727,3.3452637465619226,2.1098579808553017
2322,training,0,0.008342176675796505,0.06127806645320184,25.77865694324119,3.3624184234392582,2.1082257442420005
2323,training,0,0.02791813760995865,0.06127806645320184,25.75835705476836,3.3967983556852808,2.1006325889480606
2324,training,0,0.017294096760451794,0.06127806645320184,25.738190929523217,3.4313877664962398,2.0974764560844608
2325,training,0,0.024309979751706123,0.06127806645320184,25.718128015030537,3.465940782762749,2.096745952734381
2326,training,0,0.029628373682498932,0.06127806645320184,25.69805966185154,3.5003558072542194,2.1005058872646876
2327,training,0,0.036461375653743744,0.06127806645320184,25.67777986870549,3.5348513905485195,2.103331437476162
2328,training,0.0025168192,0.05151810124516487,0.06127806645320184,25.647318922718476,3.586337223424272,2.107291513379876
2329,training,0,0.008147199172526598,0.08810596186416259,25.62680576944183,3.6207002943541817,2.1100364999724732
2330,training,0,0.038011688739061356,0.08810596186416259,25.61654612696064,3.637842901176214,2.109677590067371
2331,training,0,0.0005134912207722681,0.08810596186416259,25.59607752663512,3.672046288186657,2.1103766141615448
2332,training,0,0.005638660863041878,0.08810596186416259,25.5755146877448,3.706414111710032,2.108820945188409
2333,training,0,0.030896428972482688,0.08810596186416259,25.56528689455587,3.7235940131629173,2.106154097254664
2334,training,0.0035214857,0.06176320835947991,0.08810596186416259,25.534880447807538,3.775192941687414,2.1008452803242714
2335,training,0,0.024422168266028166,0.09484444995207132,25.514685454636997,3.809789481624088,2.0966098431204343
2336,training,0.0018850935,0.08000811887905002,0.09484444995207132,25.494691623594807,3.8442807229336333,2.096258910417119
2337,training,0.0030566258,0.08714442513883114,0.09484444995207132,25.474590204707553,3.8788713293573753,2.0984865758500217
2338,training,0,0.04405527748167515,0.09484444995207132,25.454440900660344,3.9133947176098998,2.0991393397536617
2339,training,0.0060278876,0.05206735245883465,0.09484444995207132,25.424122688235137,3.9650044911300277,2.1048450771838336
2340,training,0.0013744214,0.05175423622131346,0.06895808215615648,25.40372848806955,3.999357255102135,2.108137301720793
2341,training,0,0.009853351861238487,0.06895808215615648,25.393518004164658,4.0164284182069085,2.1111845527818445
2342,training,0,0.0400141514837742,0.06895808215615648,25.372854307746795,4.050588244824295,2.1186905031477936
2343,training,0,0.015716351568698876,0.06895808215615648,25.35194125248359,4.084607514460189,2.1248244193545256
2344,training,0,0.033115930855274214,0.06895808215615648,25.33084297582561,4.118388620849071,2.1334074146174777
2345,training,0,0.02590735256671907,0.06895808215615648,25.309374816899936,4.152054718509686,2.14295919487502
2346,training,0.0065717706,0.05123518407344818,0.06895808215615648,25.28761628509142,4.1855201763489704,2.1517369358035983
2347,training,0.0014084766,0.051829468458890915,0.04397509346700789,25.254392476287613,4.23520547271814,2.1676806832792272
2348,training,0,0.027554050087928786,0.04397509346700789,25.243157150475685,4.251667574779476,2.1716395559348287
2349,training,0.0029880253,0.051873912103474126,0.04397509346700789,25.208993249906598,4.30080964539358,2.1859751805790824
2350,training,0.0024192752,0.10937139764428139,0.04397509346700789,25.174662903586167,4.349029245005918,2.18672261353337
2351,training,0.027353218,0.17127324640750885,0.04397509346700789,25.151751790573236,4.381472779814683,2.181479327570758
2352,training,0.003452186,0.12164659798145294,0.04397509346700789,25.129031933459686,4.414506072583649,2.1628108095632808
2353,training,0.05309368,0.11118710041046143,0.016535418407046466,25.117910791839456,4.431224845062462,2.152846543130972
2354,training,0.0018217613,0.12071386259049177,0.016535418407046466,25.096142604958818,4.464767307598803,2.1429852940758893
2355,training,0.0035931945,0.056950101628899574,0.016535418407046466,25.074783987675644,4.497748997442147,2.1472128413376907
2356,training,0.0026642308,0.1187334917485714,0.016535418407046466,25.052963746656534,4.531247434471106,2.1487733630496706
2357,training,0.004247887,0.06936910934746264,0.016535418407046466,25.031074135587467,4.564660891064591,2.1523620906998264
2358,training,0.0027343156,0.10198944807052612,0.016535418407046466,25.009079410114765,4.598079190466161,2.152666638105364
2359,training,0.0044967085,0.1660078763961792,0.03007193584853364,24.976227297411423,4.648237100752564,2.1444086434301206
2360,training,0.010577493,0.09189093858003616,0.03007193584853364,24.965387330875902,4.665127811138145,2.1373675187737766
2361,training,0.0056278827,0.08899433165788653,0.03007193584853364,24.944128651937422,4.699049972863582,2.1269202993997762
2362,training,0,0.039798445999622345,0.03007193584853364,24.933579371273293,4.715982714355832,2.1301798162613705
2363,training,0,0.02266663685441017,0.03007193584853364,24.922942187427804,4.732861100051648,2.136762037871323
2364,training,0,0.020457930862903595,0.03007193584853364,24.901299270106843,4.7663374125751075,2.152089726242365
2365,training,0,0.04765725135803223,0.03007193584853364,24.879159993656135,4.7994620067504865,2.1683607314657114
2366,training,0,0.008234981447458281,0.07657539917459166,24.856445222882524,4.832201963061834,2.1857587395009928
2367,training,0,0.03565489500761032,0.07657539917459166,24.833239349539245,4.864593595454977,2.1984079958895997
2368,training,0,0.01960938796401024,0.07657539917459166,24.809629793517278,4.896722994163613,2.2104194777295283
2369,training,0.0023271074,0.051534555619582534,0.07657539917459166,24.77359507033443,4.944436399523451,2.2234569555307067
2370,training,0.006576359,0.06517495558364317,0.07657539917459166,24.749179251928474,4.976065516148794,2.233959132848969
2371,training,0.005445386,0.09773902036249638,0.07657539917459166,24.711985780950958,5.022780092754605,2.2517978005763934
2372,training,0.0016461241,0.10720420628786087,0.07764698320523158,24.686576044491936,5.053666851283346,2.2678638933132262
2373,training,0.0024850846,0.07300124317407608,0.07764698320523158,24.64777432178369,5.099053069527781,2.284661562480897
2374,training,0.0040216697,0.0791324395686388,0.07764698320523158,24.62142280871759,5.12926661767392,2.2918523634772234
2375,training,0.006741649,0.16025426983833313,0.07764698320523158,24.581670681972227,5.173673885816861,2.3106129629764403
2376,training,0.0007622792,0.17895305901765823,0.07764698320523158,24.540701483795992,5.217491289229483,2.3370258865567886
2377,training,0.007883931,0.23391161113977432,0.07764698320523158,24.52689991408989,5.231684490270597,2.3473195433249012
2378,training,0.00548472,0.16694819182157516,0.01022425783824449,24.48433759117285,5.273739432120872,2.376117499890921
2379,training,0.0028699986,0.21321409568190575,0.01022425783824449,24.469880600431395,5.287535219895764,2.38416888693314
2380,training,0.0028684055,0.12918950617313385,0.01022425783824449,24.440821570614208,5.31459312196973,2.3970561933450902
2381,training,0.0055642594,0.20853760465979576,0.01022425783824449,24.411293655715166,5.341636477396996,2.4028322945866
2382,training,0.006977685,0.14540662616491318,0.01022425783824449,24.381736817551623,5.3684463631712624,2.4068506839015558
2383,training,0.026791248,0.23675616085529325,0.01022425783824449,24.352065658471506,5.3950708198322435,2.413726613523496
2384,training,0.003259523,0.17722643911838531,0.01022425783824449,24.322070953424642,5.421588950935382,2.4220281641167034
2385,training,0.05748897,0.25684408843517303,0.06497223853326714,24.29201896580889,5.4476531379232815,2.4330900087109653
2386,training,0.0060285833,0.27100416272878647,0.06497223853326714,24.276851939891948,5.460536509158569,2.442217870245779
2387,training,0.011750382,0.3294580429792404,0.06497223853326714,24.24608465519189,5.485888823612621,2.463617850987202
2388,training,0.01328925,0.40502485632896423,0.06497223853326714,24.23052725327745,5.49822802836326,2.4796491930542617
2389,training,0.0034862729,0.33488839864730835,0.06497223853326714,24.214783324802404,5.510258755685259,2.49869146671898
2390,training,0.006247253,0.2642306089401245,0.06497223853326714,24.182588886460906,5.533353517309065,2.539471454441269
2391,training,0.07674964,0.25622260570526123,0.06497223853326714,24.14954250553071,5.555234706980206,2.5712876225711216
2392,training,0.009171343,0.33752138912677765,0.06497223853326714,24.115711022229576,5.576321569828527,2.596692152161279
2393,training,0.0033905618,0.30952800810337067,0.12564977132405472,24.081541807911908,5.596453086270828,2.6207824354552693
2394,training,0.0062958524,0.21328724548220634,0.12564977132405472,24.046760565387334,5.6162064412697505,2.613219268545142
2395,training,0.0035085168,0.3973836824297905,0.12564977132405472,24.01232273866857,5.637155870174264,2.578256457345686
2396,training,0.017927261,0.33882519602775574,0.12564977132405472,23.978683487866796,5.6594080913980305,2.5292284816184103
2397,training,0.014156908,0.34617202728986746,0.12564977132405472,23.946262867706686,5.683545787989011,2.4756352624022093
2398,training,0.0032299447,0.24950644746422768,0.12564977132405472,23.915066277281696,5.709355434512492,2.423359322472641
2399,training,0.009820778,0.20434068515896797,0.12564977132405472,23.88547577758625,5.736618595437572,2.3743444408306744
2400,training,0.0021108594,0.16751720383763313,0.16869794414772243,23.857038331362514,5.764924641810925,2.3431597012354755
2401,training,0.0047062044,0.19795899093151093,0.16869794414772243,23.815645469946215,5.808690459030198,2.3185552705293335
2402,training,0.012778975,0.13440188765525818,0.16869794414772243,23.788678792836244,5.838196630964166,2.30279753159904
2403,training,0.0041652145,0.10358577221632004,0.16869794414772243,23.74886001611854,5.8833392429434594,2.2877296652094374
2404,training,0.003388445,0.06182003952562809,0.16869794414772243,23.722788414026976,5.913561108680743,2.27644914970828
2405,training,0.0050868997,0.06071099266409874,0.16869794414772243,23.696878965119364,5.944236392434643,2.268547520448043
2406,training,0.0055228374,0.06238558143377304,0.13615739752949363,23.684045648273802,5.959554010170628,2.267955158865454
2407,training,0.013218339,0.08942105527967215,0.13615739752949363,23.658486557002092,5.990065535505984,2.2702636936231797
2408,training,0,0.048379700630903244,0.13615739752949363,23.632577950832523,6.02060128239991,2.277271745420943
2409,training,0,0.016735590994358063,0.13615739752949363,23.61956493174314,6.035802767059469,2.2809900182726905
2410,training,0.0049524177,0.061429228633642204,0.13615739752949363,23.580267334795572,6.080655035095809,2.3008664900644074
2411,training,0.004579244,0.0725589394569397,0.13615739752949363,23.553417852818136,6.110414112424388,2.3086399764904724
2412,training,0,0.0004705861210823059,0.13615739752949363,23.54002036905494,6.125085932068704,2.3118551561548726
2413,training,0,0.0032826438546180725,0.07991256012787443,23.513113461480078,6.154490224074036,2.3138003145554715
2414,training,0,0.04894931800663471,0.07991256012787443,23.48579752342255,6.183817417810645,2.328521689307655
2415,training,0,0.0236988365650177,0.07991256012787443,23.472068868652727,6.198227423970111,2.3341930191273095
2416,training,0.0035167336,0.17198574542999268,0.07991256012787443,23.430446447221946,6.241220352714909,2.3474569169058883
2417,training,0.009634685,0.12484063208103183,0.07991256012787443,23.402055397659794,6.269125553909957,2.3884067687014414
2418,training,0.0018631624,0.09832514077425003,0.07991256012787443,23.372678253666493,6.295442026479262,2.4332057969688012
2419,training,0.0058406373,0.08937963843345642,0.07991256012787443,23.341997585009945,6.32066664518489,2.472890586939545
2420,training,0,0.04890347272157669,0.07991256012787443,23.326323265308037,6.33284514774912,2.4885244567327347
2421,training,0,0.045981857925653444,0.09806143915178459,23.294432074453137,6.356482917777114,2.5185782824790923
2422,training,0.0067442516,0.08253524079918861,0.09806143915178459,23.24537171616,6.390368213916056,2.5523872539242425
2423,training,0,0.03414899483323097,0.09806143915178459,23.228724377574263,6.401367966158097,2.5635448682643074
2424,training,0.020719476,0.05544939264655112,0.09806143915178459,23.178236769638286,6.433103873017251,2.593223623289489
2425,training,0,0.02960733324289322,0.09806143915178459,23.161215154918352,6.44339902439994,2.602348442293126
2426,training,0,0.00014144927263260582,0.09806143915178459,23.12693045914112,6.46343047586421,2.6243017970958507
2427,training,0.0067789154,0.05005066096782686,0.10216564199356278,23.07512998507331,6.49240082768246,2.6365660556098685
2428,training,0.005324384,0.08775198133662344,0.10216564199356278,23.040002112123563,6.51162782979145,2.6472961110350672
2429,training,0,0.03392031230032444,0.10216564199356278,23.004845363249558,6.5301978652490345,2.66418462728645
2430,training,0,0.0008586766198277473,0.10216564199356278,22.987147927917597,6.539285173921887,2.6688934407249665
2431,training,0,0.02253536693751812,0.10216564199356278,22.95142404038857,6.557422438424104,2.6736467658316743
2432,training,0,0.012676738202571869,0.10216564199356278,22.915791818461788,6.575342231218486,2.678219063797701
2433,training,0,0.030121983960270878,0.07937773125248132,22.880060739008854,6.593060207012329,2.6836059837023196
2434,training,0,0.0051986658945679665,0.07937773125248132,22.844028557207416,6.610776827569548,2.683893031342738
2435,training,0,0.04999724403023719,0.07937773125248132,22.808329720073175,6.628391551067646,2.683548765994939
2436,training,0,0.022301724180579185,0.07937773125248132,22.772396935758245,6.646123572218773,2.67967847698895
2437,training,0,0.013801097869873047,0.07937773125248132,22.736560432849526,6.664134951695147,2.673113398714992
2438,training,0,0.037631537765264504,0.07937773125248132,22.701000700082133,6.682214827806198,2.6695133706580374
2439,training,0,2.073775976896286e-05,0.0630259100319226,22.665263951822737,6.700556405655394,2.6640284789882744
2440,training,0,0.018277263268828392,0.0630259100319226,22.629946874457968,6.718967343963365,2.658444827352985
2441,training,0,0.04569871537387371,0.0630259100319226,22.594549943320228,6.73756669015614,2.6573020752542393
2442,training,0,0.014667197596281767,0.0630259100319226,22.559100366391373,6.756178127357696,2.660420496652871
2443,training,0,0.02014746703207493,0.0630259100319226,22.523785243472954,6.774547508515201,2.661418604149817
2444,training,0,0.0003052428364753758,0.0630259100319226,22.4882324246022,6.793086338374698,2.6605935569416395
2445,training,0,0.04214840941131115,0.054538080665531216,22.452897424700243,6.811533935604089,2.658410248011158
2446,training,0,0.014271867461502552,0.054538080665531216,22.417562866575565,6.830128802383021,2.6577465764832464
2447,training,0,0.03974570333957672,0.054538080665531216,22.382043829735334,6.848757314332847,2.658474696487114
2448,training,0,0.042728736996650696,0.054538080665531216,22.346812233000577,6.86723664331722,2.658983625839533
2449,training,0,0.013249596580862999,0.054538080665531216,22.31132521168754,6.885759083557245,2.6624743249068956
2450,training,0,0.018007355742156506,0.054538080665531216,22.27592890789167,6.904084540559436,2.662037682721273
2451,training,0,0.028865014435723424,0.03677271497105978,22.240581793402043,6.9225953394925535,2.6573585695868047
2452,training,0,0.023790692910552025,0.03677271497105978,22.20507324367423,6.941350213138948,2.652856478377905
2453,training,0,0.038095444440841675,0.03677271497105978,22.169919541290195,6.960170695946034,2.646130896910028
2454,training,0,0.03121153824031353,0.03677271497105978,22.13476697136939,6.979344989074461,2.6381301055808346
2455,training,0,0.01594203244894743,0.03677271497105978,22.099704047083573,6.998812495304195,2.6319144093990845
2456,training,0,0.01724811876192689,0.03677271497105978,22.064990630368772,7.018357940787644,2.6256527657094955
2457,training,0.023604795,0.05901448614895344,0.03537537946046466,22.012811987797647,7.048194340020491,2.6194092033415988
2458,training,0.010135117,0.09874660708010198,0.03537537946046466,21.97833919917741,7.0681161607390885,2.6152580096834233
2459,training,0.0026482986,0.05715407803654671,0.03537537946046466,21.94370848842204,7.088366217884896,2.6081454752315922
2460,training,0.0054145157,0.11403583735227585,0.03537537946046466,21.90936759290718,7.1088485015951495,2.598017650800308
2461,training,0.013256729,0.12405261024832726,0.03537537946046466,21.875285236934566,7.1297803104295,2.582638582351463
2462,training,0.003744317,0.1301080361008644,0.03537537946046466,21.84144077805692,7.1513413705057935,2.565533178456217
2463,training,0.0037815915,0.1541224829852581,0.03469111915863165,21.808071541926427,7.173419628975591,2.54842124820581
2464,training,0.004387565,0.1617548167705536,0.03469111915863165,21.77498174452415,7.196012802312027,2.5391228479692938
2465,training,0.00818292,0.11383322859182954,0.03469111915863165,21.742079429333558,7.218666286866078,2.5388476437252074
2466,training,0.0061512813,0.08615457080304621,0.03469111915863165,21.692742036075536,7.252584432624754,2.540364163409338
2467,training,0.0056260834,0.07703873515129087,0.03469111915863165,21.65976887948061,7.275065665476934,2.5467845719090683
2468,training,0,0.04883256182074547,0.03469111915863165,21.643242547209304,7.286179880895224,2.5515383123780593
2469,training,0,0.010461769998073564,0.03469111915863165,21.609990942286416,7.308210134966193,2.561859161961634
2470,training,0,0.043469950556755066,0.0580418241651479,21.576467646460777,7.329833321960915,2.5759297226698004
2471,training,0,0.014882218092679977,0.0580418241651479,21.559645891193227,7.340417461564147,2.5828884124129377
2472,training,0,0.020822785794734962,0.0580418241651479,21.525719556534995,7.361330765656114,2.5949081015568636
2473,training,0.009495831,0.08221130073070526,0.0580418241651479,21.491475849653558,7.381922135242722,2.605254282059872
2474,training,0,0.010098902508616447,0.0580418241651479,21.45720915243702,7.402103417634685,2.6113975542933208
2475,training,0.011782549,0.05932647828012705,0.0580418241651479,21.40535410590941,7.432339503904526,2.6163534737700775
2476,training,0.005517741,0.07394354790449142,0.067694713766934,21.353561788563486,7.462259325475,2.617323122481638
2477,training,0.011531521,0.10494152083992958,0.067694713766934,21.30162160434736,7.492430862825859,2.610120045974315
2478,training,0.0050259335,0.06685755867511033,0.067694713766934,21.250152122682742,7.5231751419961475,2.596725107891692
2479,training,0,0.023390971124172225,0.067694713766934,21.233045787182498,7.5335558258960305,2.5970358072397413
2480,training,0.004006951,0.062046349048614516,0.067694713766934,21.215963376287608,7.543870914592665,2.6002576345678605
2481,training,0,0.010467655956745148,0.08045071931420243,21.19893911129859,7.55405387859044,2.6039447340823303
2482,training,0,0.022686216980218887,0.08045071931420243,21.164555117627234,7.574344985988498,2.613137642360211
2483,training,0,0.04873299598693846,0.08045071931420243,21.129933221824917,7.594323114172508,2.6237033402458296
2484,training,0,0.02630968764424324,0.08045071931420243,21.09529806874358,7.613843765079681,2.632326616803268
2485,training,0,0.02153633907437324,0.08045071931420243,21.060257113150882,7.6332457845219714,2.639564132107683
2486,training,0.0022987227,0.06249907799065113,0.08045071931420243,21.025269328572186,7.652277924980716,2.646125088874951
2487,training,0,0.02430915087461471,0.07716173799530643,20.99011527149661,7.671149024592033,2.6518597750374653
2488,training,0,0.025366317480802543,0.07716173799530643,20.95466208066949,7.689815687753966,2.665132858322031
2489,training,0,0.014802780002355576,0.07716173799530643,20.91923521531283,7.707769066998568,2.6788323674704553
2490,training,0,0.04898981191217899,0.07716173799530643,20.901351458342738,7.716632812040022,2.6834672906407864
2491,training,0,0.018263433128595352,0.07716173799530643,20.865306785981577,7.734249329647865,2.6909737943272614
2492,training,0,0.009680348448455334,0.07716173799530643,20.82943993239596,7.751460540042277,2.696374569239388
2493,training,0,0.027605458162724965,0.07716173799530643,20.793298699449558,7.768636171695424,2.698988968207316
2494,training,0,0.014611915685236457,0.06458267432835567,20.757117881916926,7.785752982997162,2.7005852945052933
2495,training,0,0.02539751213043928,0.06458267432835567,20.721057408586077,7.802746103141315,2.7014000724815985
2496,training,0,0.0071194814518094045,0.06458267432835567,20.684750504151058,7.8198338416851305,2.701969951113011
2497,training,0,0.010454280767589808,0.06458267432835567,20.648670570209756,7.836789677085995,2.7027023064664513
2498,training,0,0.043365106917917735,0.06458267432835567,20.612477878948795,7.853754382782804,2.7037122067316166
2499,training,0,0.024998855777084827,0.06458267432835567,20.576149923451165,7.870745871089984,2.70501311860529
2500,training,0,0.005289861001074314,0.05391858033789644,20.540060774124747,7.887541358176026,2.7065513318791203
2501,training,0.004391351,0.05781196150928736,0.05391858033789644,20.485497041809083,7.91282714829256,2.709168648968606
2502,training,0,0.04716840572655201,0.05391858033789644,20.44935451162867,7.929425193658563,2.7132463789839734
2503,training,0.0027646266,0.05257735960185528,0.05391858033789644,20.412888406138723,7.945950812250182,2.7193028406557995
2504,training,0,0.033991480246186256,0.05391858033789644,20.376401905950946,7.962233572929269,2.7244567678611853
2505,training,0,0.010428566485643387,0.05391858033789644,20.35820065316372,7.970278333206,2.725025242718927
2506,training,0,0.003333069384098053,0.048284306499987835,20.32159501355718,7.986587567227239,2.719134458085573
2507,training,0,0.008365674875676634,0.048284306499987835,20.285099650625597,8.003142482235928,2.7129809983990993
2508,training,0,0.015036328695714475,0.048284306499987835,20.24884873804051,8.019811096233385,2.708235474055528
2509,training,0,0.021547014359384775,0.048284306499987835,20.21242649640123,8.036774757575365,2.702748900602385
2510,training,0,0.01927610719576478,0.048284306499987835,20.176357904524018,8.053840516687995,2.6968779937791094
2511,training,0,0.03372602351009846,0.048284306499987835,20.14028205188821,8.071146341327577,2.6917438725771796
2512,training,0,0.023580191656947136,0.038523858858331955,20.104181337463547,8.088672910096063,2.6882327144288847
2513,training,0,0.0044876704923808575,0.038523858858331955,20.068382830975093,8.106180742959953,2.685121563081698
2514,training,0,0.021621766500175,0.038523858858331955,20.032398016179325,8.123908643603498,2.6825189871122634
2515,training,0,0.03823255561292171,0.038523858858331955,19.996609807505276,8.141637482707438,2.680694289038404
2516,training,0,0.008426796644926071,0.038523858858331955,19.96085095292978,8.159431946900835,2.678752338946127
2517,training,0,0.009286468848586082,0.038523858858331955,19.924938349623016,8.17739627998753,2.676968257800655
2518,training,0,0.03693207586184144,0.03293236057622805,19.88935646476316,8.195265251179572,2.674979592459565
2519,training,0,0.012879795860499144,0.03293236057622805,19.853594754814615,8.213314907758457,2.6732506978060293
2520,training,0,0.003320502582937479,0.03293236057622805,19.817914722364307,8.231380984985735,2.6725141293852643
2521,training,0,0.004866099450737238,0.03293236057622805,19.782335528448236,8.249423558043617,2.6716939880615094
2522,training,0,0.00939904898405075,0.03293236057622805,19.74655234575979,8.267615525433639,2.670810609269476
2523,training,0,0.009959049057215454,0.03293236057622805,19.71105076884055,8.285690197642676,2.6698449270906224
2524,training,0,0.02392609277740121,0.03149655952552801,19.675426862391884,8.303886846786181,2.6685932865249766
2525,training,0,0.04997422406449914,0.03149655952552801,19.639761006473698,8.322152552789072,2.667953103624402
2526,training,0,0.026372042950242758,0.03149655952552801,19.604327594761056,8.340344768299566,2.666357577920831
2527,training,0,0.0066110664047300816,0.03149655952552801,19.568672683113093,8.35872181504184,2.664888699353684
2528,training,0,0.043712323531508446,0.03149655952552801,19.53323308096656,8.377032519662107,2.663811333162482
2529,training,0,0.008592035621404648,0.03149655952552801,19.49777016255992,8.395428576277764,2.661818957798437
2530,training,0,0.017027210007654503,0.025555034242900038,19.462198201133557,8.413990255951957,2.6597700497644254
2531,training,0,0.03678448311984539,0.025555034242900038,19.426937444291138,8.432484025823726,2.6564689063368725
2532,training,0,0.016990880481898785,0.025555034242900038,19.391515162483593,8.45123246114283,2.6529752457314855
2533,training,0,0.010853524785488844,0.025555034242900038,19.35624391857284,8.47002124225149,2.6510361033349623
2534,training,0,0.02101157931610942,0.025555034242900038,19.32106311148742,8.48885148269971,2.648936167620968
2535,training,0,0.0441723563708365,0.025555034242900038,19.285720774980025,8.507860618666719,2.6474114297753593
2536,training,0,0.039442884270101786,0.011546188074904967,19.250664568215605,8.52675192805503,2.646371438686739
2537,training,0,0.02128309803083539,0.011546188074904967,19.21547074433545,8.545788551896003,2.6448572637806014
2538,training,0,0.04955186368897557,0.011546188074904967,19.180268490324927,8.564879700236874,2.64449344304476
2539,training,0,0.040875090286135674,0.011546188074904967,19.145268153938282,8.583900044747317,2.6428211620606263
2540,training,0,0.00257984921336174,0.011546188074904967,19.11005824077808,8.603120086634872,2.640876374583075
2541,training,0,0.02963377023115754,0.011546188074904967,19.075086329403245,8.622262385318798,2.6399344720442683
2542,training,0.0018788702,0.06899601081386207,0.018287877302441403,19.02247440808647,8.651167367887512,2.6386340581987393
2543,training,0.015035514,0.09297394752502441,0.018287877302441403,18.9875325479772,8.670394215958302,2.6366109171518595
2544,training,0.050735876,0.0854227114468813,0.018287877302441403,18.95260819720692,8.689834740843851,2.6293239258106804
2545,training,0,0.01843496412038803,0.018287877302441403,18.917665422429955,8.709666819450534,2.623344104571936
2546,training,0,0.019691567867994295,0.018287877302441403,18.883204258550048,8.729251644989944,2.6275214764796875
2547,training,0,0.04135872423648833,0.018287877302441403,18.86580990207491,8.73902579876688,2.632026782930459
2548,training,0,0.040384143590927124,0.020949373187595828,18.830743942711003,8.758424890647433,2.639980752117898
2549,training,0.0036016635,0.09848393965512516,0.020949373187595828,18.778226545735155,8.786948078098442,2.6462737957168283
2550,training,0.0065659825,0.06351580377668141,0.020949373187595828,18.742911603497856,8.805965907827149,2.6492529865388708
2551,training,0.0035915622,0.11009774357080461,0.020949373187595828,18.707786886504934,8.82471454851851,2.6521493296996463
2552,training,0.00616482,0.1063600666821003,0.020949373187595828,18.67248979139516,8.843549434762188,2.648867934556374
2553,training,0.0070696757,0.14275367185473442,0.03327777525844223,18.619760411690535,8.872141873282322,2.6391201066324688
2554,training,0.006255245,0.13718146085739136,0.03327777525844223,18.60227582187796,8.881817698507492,2.632336558930799
2555,training,0.0025677476,0.07447617501020432,0.03327777525844223,18.54998775521077,8.91164653771555,2.6160824932353033
2556,training,0.025953017,0.08663886040449142,0.03327777525844223,18.515851204603152,8.931385884119427,2.6203767231625323
2557,training,0.0025623336,0.10808742046356201,0.03327777525844223,18.49851192989651,8.941287694527333,2.6255862209773233
2558,training,0.0027861614,0.09723374992609025,0.03327777525844223,18.463590290263014,8.960856130205515,2.636005566711522
2559,training,0.00083250226,0.1495548561215401,0.03327777525844223,18.4287048042102,8.979993913832192,2.6414595019551124
2560,training,0.0031749543,0.14603851549327374,0.046145864584227196,18.393549490127725,8.999182986497692,2.6414223388304916
2561,training,0.003302324,0.17476633982732892,0.046145864584227196,18.358486230086115,9.018351601440859,2.6403938537743734
2562,training,0.0065301033,0.15727739222347736,0.046145864584227196,18.323512474203145,9.037540776420395,2.6391307323482893
2563,training,0.0014824349,0.15174768865108493,0.046145864584227196,18.288353996948388,9.056861117230588,2.639323547556823
2564,training,0.0069521833,0.15250228811055425,0.046145864584227196,18.25343909049059,9.075991192707772,2.640526644391985
2565,training,0.0037616328,0.1366174514405429,0.046145864584227196,18.21834989882761,9.095186679307554,2.6413395880782704
2566,training,0.0027991727,0.1494291452690959,0.07069762842040152,18.18319845505314,9.11434957274423,2.6438473418006923
2567,training,0.0013478951,0.15549155883491037,0.07069762842040152,18.14819300769909,9.133318061436407,2.646096354684817
2568,training,0.00093112595,0.17425166256725785,0.07069762842040152,18.11290009746115,9.15234426724861,2.6481077602866137
2569,training,0.0022290489,0.21014543157070878,0.07069762842040152,18.077761787011628,9.171166969817072,2.650747283007738
2570,training,0.0052865883,0.17957986518740654,0.07069762842040152,18.042519438114173,9.189944781198513,2.6533236720582174
2571,training,0.0033017546,0.16868251562118533,0.07069762842040152,18.007086616637984,9.20869806768902,2.6569106403307288
2572,training,0.00736079,0.18585334718227386,0.10929457484300936,17.971860160256053,9.227152983116547,2.660659997662699
2573,training,0.0054466706,0.19914381951093674,0.10929457484300936,17.936368391376913,9.24516815877512,2.69123452099262
2574,training,0.004800819,0.1867227554321289,0.10929457484300936,17.900265258292865,9.261732323495794,2.7324282754374334
2575,training,0.011094653,0.07398276031017303,0.10929457484300936,17.8636795977366,9.276677082392013,2.775432065320316
2576,training,0.0031310618,0.06996992230415344,0.10929457484300936,17.826312231631398,9.290343889956416,2.8041189412924847
2577,training,0.012094798,0.06373856961727142,0.10929457484300936,17.78864227999314,9.30300203596116,2.831029457006283
2578,training,0,0.01298421248793602,0.12275309367910449,17.769699491082847,9.308932065753194,2.845365075876793
2579,training,0,0.006415665149688721,0.12275309367910449,17.73138891411875,9.320077922577687,2.867260685443145
2580,training,0,0.005216006189584732,0.12275309367910449,17.692888799081118,9.330718791609135,2.876356006658923
2581,training,0,0.0093751922249794,0.12275309367910449,17.654342488615384,9.340959015187806,2.887705552951508
2582,training,0,0.004367269575595856,0.12275309367910449,17.615762063538593,9.350781460636036,2.896554985019128
2583,training,0.05428859,0.05304650217294693,0.12275309367910449,17.55754489239726,9.364857446035098,2.912785244999276
2584,training,0.0044001895,0.05518906097859144,0.1067866718074967,17.47969889190169,9.38258775290338,2.9186605574929843
2585,training,0,0.00026269815862178456,0.1067866718074967,17.460211198167208,9.386993887450746,2.919766309643953
2586,training,0,0.014431528747081757,0.1067866718074967,17.421380273442605,9.39572545995789,2.9210717914695072
2587,training,0,0.02087953966110944,0.1067866718074967,17.40184924883349,9.400082625778337,2.923539001936821
2588,training,0,0.013744712807238102,0.1067866718074967,17.36279178086743,9.408589318654457,2.9313370984242906
2589,training,0,0.003908504731953144,0.1067866718074967,17.323835660931884,9.416775852959884,2.936180388804146
2590,training,0,0.001973008271306753,0.0738260999259985,17.28461087306876,9.42490715886535,2.9370771540154386
2591,training,0,0.03767743799835443,0.0738260999259985,17.26504538617217,9.428958333264118,2.93742350605318
2592,training,0,0.0027523329481482506,0.0738260999259985,17.225998468910745,9.437096395327616,2.9322586004491744
2593,training,0,0.002472176216542721,0.0738260999259985,17.18681469281621,9.445554105123405,2.9278590239611346
2594,training,0.0054744044,0.06331814918667078,0.0738260999259985,17.128356449816764,9.458197421174727,2.9279198423397523
2595,training,0,0.04342327266931534,0.04300197819361975,17.08919502676207,9.466789815088646,2.919697156384129
2596,training,0,0.01409626193344593,0.04300197819361975,17.0501819503611,9.475748462712604,2.913887229832895
2597,training,0,0.009545715525746346,0.04300197819361975,17.01139055481286,9.484801018012753,2.9106932009966067
2598,training,0,0.019288024865090847,0.04300197819361975,16.991880766776543,9.489398745316258,2.909570322791281
2599,training,0,0.047281712293624885,0.04300197819361975,16.952970763697778,9.498597805148659,2.9091211590292727
2600,training,0,0.034208185970783234,0.04300197819361975,16.91419067750649,9.507818753438928,2.9063898903065057
2601,training,0,0.029058624058961872,0.04300197819361975,16.8752589333849,9.517193310889148,2.90454380871506
2602,training,0,0.02728910744190216,0.022131998156705985,16.836470476932657,9.526551063277397,2.9044930228043384
2603,training,0,0.018067953176796436,0.022131998156705985,16.79763175951955,9.535947290374123,2.903789267548479
2604,training,0,0.018197705037891865,0.022131998156705985,16.758766146705263,9.545340904169443,2.905518690476605
2605,training,0,0.028702579438686367,0.022131998156705985,16.720026785955717,9.55462312832785,2.9062992674866837
2606,training,0,0.02818135917186737,0.022131998156705985,16.68108793897036,9.563935861711427,2.907298308634721
2607,training,0.0027168216,0.08609754219651222,0.022131998156705985,16.622895685580836,9.57769327128349,2.910306702230813
2608,training,0.073467776,0.07862371020019054,0.01723451202841039,16.58392733251947,9.586854076530985,2.9108316956680573
2609,training,0.003161917,0.13968291133642197,0.01723451202841039,16.525686349955546,9.60032554800995,2.9180208956097142
2610,training,0.008693293,0.1240733340382576,0.01723451202841039,16.486694463443502,9.608987497710684,2.93020703845152
2611,training,0.004426298,0.15915296226739883,0.01723451202841039,16.44762005274909,9.617001163988707,2.948697802704664
2612,training,0.010326903,0.06749725341796876,0.01723451202841039,16.388865840414912,9.627921984847095,2.9640469352064285
2613,training,0.004081455,0.08427315205335616,0.029028691047087055,16.369117766072264,9.631442668314408,2.9647637201931523
2614,training,0.0031149632,0.08262722939252856,0.029028691047087055,16.3297978126302,9.638512074464517,2.9599813673604163
2615,training,0.0076535046,0.10717572271823883,0.029028691047087055,16.290421491644913,9.645978894956253,2.9475432066456064
2616,training,0.006936198,0.10785949602723122,0.029028691047087055,16.251093735899893,9.653919388651598,2.937725561458967
2617,training,0.004947158,0.08483312651515007,0.029028691047087055,16.23163274703761,9.657984404056467,2.9331598492263486
2618,training,0.004401827,0.12150435708463192,0.029028691047087055,16.192528604035786,9.666415092016534,2.9256383378633735
2619,training,0.0031281328,0.18565026856958866,0.029028691047087055,16.15340316028377,9.67509000697936,2.921856351923721
2620,training,0.0022524362,0.14934641309082508,0.04624200484242119,16.11452093805171,9.683832733722165,2.9181048726747183
2621,training,0.0020338509,0.12008443102240562,0.04624200484242119,16.075451262313376,9.692831161064882,2.911512323078225
2622,training,0.0025520958,0.16902069374918938,0.04624200484242119,16.036519768059485,9.702094320545086,2.903780816328912
2623,training,0.004495655,0.16982734575867653,0.04624200484242119,15.997754291731102,9.711719592432623,2.8922970174066496
2624,training,0.0021633059,0.12998976930975914,0.04624200484242119,15.958969292687353,9.721787060164798,2.883307198607236
2625,training,0.0063503375,0.10336959362030032,0.04624200484242119,15.920368696084346,9.732181035958702,2.8725019954771516
2626,training,0.0050888024,0.07195179536938667,0.03517104086536453,15.881788881835954,9.743083765148938,2.8598186942194674
2627,training,0.010728765,0.10511985421180725,0.03517104086536453,15.84339802339965,9.754404970539616,2.8498362141559204
2628,training,0.0063831597,0.06483807414770126,0.03517104086536453,15.805147701280092,9.766144854167836,2.8367113113570968
2629,training,0,0.015394225716590881,0.03517104086536453,15.786035854055958,9.77223661708349,2.829244237624342
2630,training,0.019094529,0.08574890345335007,0.03517104086536453,15.729022583311822,9.791272838925918,2.8093812206742617
2631,training,0.0039598695,0.06408242508769035,0.03517104086536453,15.69133192446163,9.804566867467452,2.7958933788881324
2632,training,0,0.04730171337723732,0.07685663579588971,15.672573950070783,9.81136975202128,2.7913567073171515
2633,training,0,0.027033649384975426,0.07685663579588971,15.63499223119693,9.8252667584695,2.7836609999075352
2634,training,0.0032853824,0.08395391888916491,0.07685663579588971,15.578973004489294,9.846600768353468,2.7723460505734736
2635,training,0.012357304,0.05641613528132437,0.07685663579588971,15.541679959085187,9.861111480861037,2.768698038987249
2636,training,0,0.029556289315223687,0.07685663579588971,15.504433353113804,9.875794184127077,2.7623212007854514
2637,training,0.006360764,0.10181804373860359,0.07685663579588971,15.467400952671227,9.890615934627236,2.759641750379154
2638,training,0,0.022481955587863922,0.05920344753964516,15.430205083758947,9.905605286355383,2.756968196959122
2639,training,0,0.005055073648691174,0.05920344753964516,15.393237947690842,9.920659661797774,2.7526622085337435
2640,training,0,0.015842461958527565,0.05920344753964516,15.37478764658191,9.928236027898368,2.7510654785757778
2641,training,0,0.04558470658957958,0.05920344753964516,15.33773064557603,9.943566022624005,2.7470833906507783
2642,training,0,0.004022965207695961,0.05920344753964516,15.300886711821462,9.959026487783508,2.741187374440761
2643,training,0,0.012039590161293745,0.05920344753964516,15.264138188505807,9.974666475790897,2.7377480713378044
2644,training,0.00724201,0.05732761695981026,0.06092507248841866,15.208961865737624,9.998379617397791,2.732860876022643
2645,training,0,0.020614085253328085,0.06092507248841866,15.1723536702347,10.01429187259536,2.729635098821476
2646,training,0.010822499,0.0744128217920661,0.06092507248841866,15.117356324527362,10.038555805192104,2.721802094202683
2647,training,0.0077174455,0.05112309940159321,0.06092507248841866,15.080952067391765,10.054868715961078,2.7188298086053506
2648,training,0.0026638631,0.05880324635654687,0.06092507248841866,15.044364619819943,10.071376274648037,2.7169878651857116
2649,training,0.0037238942,0.12073268461972475,0.035217780314101325,15.008053670698905,10.087806971495038,2.7168399014669595
2650,training,0.007106782,0.09270554408431053,0.035217780314101325,14.97161759008528,10.104300766718678,2.7145474065244133
2651,training,0.0029713293,0.15299611538648605,0.035217780314101325,14.935130562119102,10.121059248340424,2.70603023486556
2652,training,0.0010774919,0.17880024388432503,0.035217780314101325,14.881011543671738,10.146969196714716,2.681859818211278
2653,training,0.004802219,0.1986580714583397,0.035217780314101325,14.84506807144303,10.165238812937051,2.6597921494158143
2654,training,0.009356241,0.16907469928264618,0.035217780314101325,14.809875965313616,10.18421741598554,2.633208154291184
2655,training,0.015139775,0.2817545086145401,0.012098841356471312,14.774958296814876,10.204256084882717,2.6097124512593655
2656,training,0.0025845822,0.22132224589586258,0.012098841356471312,14.7406241543992,10.22495028288684,2.584895858600732
2657,training,0.0028736817,0.293633833527565,0.012098841356471312,14.706890055168644,10.246762079526619,2.5486788066163664
2658,training,0.013478337,0.2359183318912983,0.012098841356471312,14.673909725085297,10.269896205404113,2.5114191690264476
2659,training,0.0055039576,0.27410510927438736,0.012098841356471312,14.641801522796962,10.294182952337847,2.4759565709168743
2660,training,0.0043760603,0.26924777030944824,0.012098841356471312,14.610630527229876,10.3195166092677,2.4438865013041333
2661,training,0.0029014042,0.27240293473005295,0.012098841356471312,14.580227172098738,10.345696251465718,2.41784421699117
2662,training,0.0006824155,0.278184212744236,0.10985441472574749,14.565201612954544,10.359135230115946,2.4058861411861745
2663,training,0.007747673,0.3154054880142212,0.10985441472574749,14.55052266434135,10.372561451427734,2.3965533944437927
2664,training,0.004917465,0.29818587005138397,0.10985441472574749,14.521249700607184,10.398747482410677,2.429898877691488
2665,training,0.0006412271,0.24436340481042862,0.10985441472574749,14.490708183968053,10.424084516220944,2.4681077518419334
2666,training,0.0096162,0.19424070417881012,0.10985441472574749,14.443267285110169,10.460148151106278,2.513749284182474
2667,training,0.041520435,0.22620441764593124,0.10985441472574749,14.41082470853697,10.48312251486302,2.5345194481217668
2668,training,0.003630245,0.23942966386675835,0.10985441472574749,14.377963193625936,10.50560641570915,2.5483865610227556
2669,training,0.0062616947,0.17826977465301752,0.20930506448676467,14.344694549874164,10.527744882431548,2.5601572227311826
2670,training,0.046467993,0.21121234446763992,0.20930506448676467,14.3112775325843,10.549526261418784,2.5650067274538033
2671,training,0.005057182,0.10626587498700246,0.20930506448676467,14.260886778183377,10.582119438485106,2.5718672044488344
2672,training,0,0.04438010253943503,0.20930506448676467,14.24407456889625,10.592839997379318,2.5749387845634977
2673,training,0,0.03677667025476694,0.20930506448676467,14.210425618000425,10.614263921986138,2.573979476204901
2674,training,0,0.012595734558999538,0.20930506448676467,14.193521362862516,10.625041598448442,2.57401908515756
2675,training,0,0.006125289946794506,0.20930506448676467,14.15981104026204,10.646507068356243,2.5741234796572554
2676,training,0,0.007214110344648354,0.19134002342454723,14.126254423230566,10.668019256708353,2.5680609431545207
2677,training,0.009786019,0.07110008224844934,0.19134002342454723,14.092634735298006,10.689929920161964,2.559854897057721
2678,training,0,0.008571045473217964,0.19134002342454723,14.059429444288323,10.712131945778674,2.541871461227439
2679,training,0,0.031684426590800285,0.19134002342454723,14.043192076351781,10.72327241045462,2.5403634727586373
2680,training,0.007929608,0.07462029159069061,0.19134002342454723,13.99376539588745,10.75734382496487,2.5373383535745617
2681,training,0,0.002620793879032135,0.19134002342454723,13.96101857338438,10.77979478872641,2.544610851328225
2682,training,0,0.00019967183470726013,0.19134002342454723,13.944467910631724,10.791058285814245,2.541901314915468
2683,training,0,0.021614504978060722,0.0695570411429643,13.911473257170172,10.813731686703747,2.5372991813555683
2684,training,0,0.021390579640865326,0.0695570411429643,13.878703259720398,10.836471698824184,2.531561745017958
2685,training,0,0.010946135967969887,0.0695570411429643,13.845925752837468,10.85955956346559,2.5238038318231863
2686,training,0,0.04873814061284065,0.0695570411429643,13.813400043347182,10.88284810860092,2.5157972711295282
2687,training,0.003340056,0.09257464483380318,0.0695570411429643,13.765050696146487,10.918430783746086,2.4983160359179872
2688,training,0.0026937905,0.1132857771590352,0.0695570411429643,13.733131219836523,10.942500944839864,2.493700549672336
2689,training,0.0035703182,0.13515298441052437,0.0695570411429643,13.701364708174783,10.966617247236718,2.490709546278919
2690,training,0.010986272,0.1914181984611787,0.06992652566616263,13.653750106873042,11.003131594817031,2.4831899935134083
2691,training,0.004160822,0.14160163700580597,0.06992652566616263,13.622185362218119,11.027589555793485,2.4814750725638492
2692,training,0.002868574,0.0921566653996706,0.06992652566616263,13.590618022007904,11.052104701191563,2.4813787050733724
2693,training,0.008957252,0.17309146374464035,0.06992652566616263,13.559033351954787,11.076616096132417,2.4805491502856296
2694,training,0.0017732065,0.16671589855104685,0.06992652566616263,13.527541261764751,11.101112259977198,2.482447097456363
2695,training,0.006990593,0.14583378471434116,0.06992652566616263,13.495952963214735,11.125448848645899,2.4869849482368194
2696,training,0.003940534,0.11641324684023857,0.041962744225222,13.432465000808357,11.173858336577673,2.493800563151226
2697,training,0.010450106,0.07083531469106674,0.041962744225222,13.400645245982764,11.197975310570571,2.489073331747365
2698,training,0.003740533,0.05451110005378723,0.041962744225222,13.353196166281219,11.234621828747253,2.4811122000438712
2699,training,0.0032193284,0.05584779381752014,0.041962744225222,13.321626054032969,11.259032584303409,2.48642076514614
2700,training,0.005234915,0.12647500075399873,0.041962744225222,13.289954307710781,11.28326822284,2.489300181602617
2701,training,0.006480944,0.13466091454029086,0.041962744225222,13.258171822649349,11.307475698382769,2.492019062174304
2702,training,0.0075270543,0.10019160620868206,0.017581891788238747,13.242254450592375,11.319543288085821,2.49390968928034
2703,training,0.0080557205,0.12282678578048942,0.017581891788238747,13.21041040290713,11.343586245286982,2.494398527131812
2704,training,0.0045439615,0.17221958376467228,0.017581891788238747,13.178529050469772,11.367715346227136,2.4930720029462585
2705,training,0.0067174896,0.22105479892343283,0.017581891788238747,13.16259968627477,11.379794454691481,2.4921719394796056
2706,training,0.004783172,0.24205500818789003,0.017581891788238747,13.130846203936274,11.403986198015494,2.4881389699440324
2707,training,0.013311986,0.23936224821954966,0.017581891788238747,13.099122300637998,11.428318925700745,2.487697743630692
2708,training,0.0026278875,0.2383124753832817,0.017581891788238747,13.06734739316132,11.452499373935833,2.4946489704183703
2709,training,0.008256146,0.19046016037464142,0.017581891788238747,13.051522741712652,11.464402429047064,2.4992972873066415
2710,training,0.03703082,0.1946791335940361,0.015725007933283405,13.019381106430748,11.488097543589438,2.5144348419313602
2711,training,0.01139917,0.1979379504919052,0.015725007933283405,12.9869443880434,11.511091080974683,2.5361003105111846
2712,training,0.008846375,0.1683489978313446,0.015725007933283405,12.954044421642795,11.533356456701704,2.556989902236514
2713,training,0.004916832,0.19171556085348124,0.015725007933283405,12.92053052930404,11.555112698768767,2.5749211635763127
2714,training,0.007906368,0.11938171088695526,0.015725007933283405,12.886837976430568,11.576120910198634,2.592193893123884
2715,training,0.005789486,0.05102089047431943,0.015725007933283405,12.869822043419473,11.586408515415473,2.604362647083399
2716,training,0.0033536474,0.06022503972053528,0.04467694879962257,12.835219718286549,11.606368704859193,2.63407941168358
2717,training,0.0052648974,0.05602003633975983,0.04467694879962257,12.800312065549663,11.62505385771595,2.666168962585168
2718,training,0.003166419,0.06062963604927063,0.04467694879962257,12.764679683935194,11.642696731932661,2.697053785422693
2719,training,0.0057215705,0.08056429028511047,0.04467694879962257,12.72840040948395,11.659361098005023,2.723575857183774
2720,training,0.009833658,0.1366286799311638,0.04467694879962257,12.691973107427046,11.675131138678717,2.739430770826347
2721,training,0.009704763,0.16552411951124668,0.04467694879962257,12.65505761578152,11.690644978093038,2.747016318226675
2722,training,0.014570658,0.09125989302992818,0.08305810095028408,12.618236821578746,11.705884156996609,2.7511487757161825
2723,training,0.005825612,0.14042465761303904,0.08305810095028408,12.581278599770048,11.720973186944546,2.7570666701820588
2724,training,0.066620335,0.12376394867897034,0.08305810095028408,12.544181452850149,11.735867970410393,2.7617994711532194
2725,training,0.016724885,0.13174213469028473,0.08305810095028408,12.507152243717718,11.750459934884978,2.7709964651769723
2726,training,0.003072616,0.08514617383480072,0.08305810095028408,12.469813257213977,11.764738485754833,2.781769910335115
2727,training,0.0056564333,0.08472045511007309,0.08305810095028408,12.43243950538234,11.778616254875871,2.7901754851387945
2728,training,0.0024230964,0.08801687136292458,0.08305810095028408,12.41374020743395,11.78541192694499,2.79553130897829
2729,training,0.0037587574,0.0876462459564209,0.125668584920481,12.357299194263026,11.805239552268333,2.8112775716492777
2730,training,0,0.019512616097927094,0.125668584920481,12.33832026808919,11.811707742540305,2.8167085498813567
2731,training,0,0.024956114590168013,0.125668584920481,12.30050577750259,11.823852611549864,2.842461988495912
2732,training,0,0.046668171882629395,0.125668584920481,12.24317556612391,11.840685435505254,2.8675670015330437
2733,training,0,0.04792909324169159,0.125668584920481,12.22390523752222,11.846023551174554,2.8742348320598197
2734,training,0.008411762,0.08093132823705673,0.125668584920481,12.166176445235001,11.861179631181303,2.8940143864816346
2735,training,0.0017748182,0.08469937928020954,0.1118120936396864,12.10793973844978,11.87552483439043,2.9043179861276123
2736,training,0.025556678,0.0550700519233942,0.1118120936396864,12.069242841368247,11.884781245452642,2.9077659753957668
2737,training,0.0039128647,0.06168627738952637,0.1118120936396864,12.010816230298085,11.898496435930358,2.915415370982377
2738,training,0.003205815,0.06878634355962276,0.1118120936396864,11.95255059075797,11.911634879786869,2.9228695682912758
2739,training,0.010441257,0.1125657563097775,0.08897694778729484,11.874491002643127,11.928515612609582,2.9343439461694865
2740,training,0.0031820866,0.10605037771165371,0.08897694778729484,11.835368429774197,11.936730386556613,2.9339472119308594
2741,training,0.0063888575,0.0528083611279726,0.08897694778729484,11.757259203976925,11.953413350400778,2.9253168940910457
2742,training,0,0.029365291818976402,0.08897694778729484,11.718115073821682,11.96212115893446,2.9210217747722185
2743,training,0,0.03268727660179138,0.05485683977684193,11.698579918862333,11.966497482978138,2.9212052588690645
2744,training,0.005856295,0.07739945128560066,0.05485683977684193,11.640234185823642,11.979578070760418,2.9202590585575594
2745,training,0.007119541,0.08192133530974388,0.05485683977684193,11.523376750082504,12.007124172715676,2.896838616031395
2746,training,0.008734091,0.10501010157167912,0.05485683977684193,11.465313727812042,12.021907436096123,2.887540275928834
2747,training,0.020067094,0.09436390548944473,0.030029776142385844,11.407242151323718,12.037277410517833,2.8783976001613163
2748,training,0,0.04713794216513634,0.030029776142385844,11.388047762976953,12.042455019375742,2.8813290488453167
2749,training,0.004257909,0.06103502959012985,0.030029776142385844,11.330242147023904,12.057084302841824,2.9055697512228833
2750,training,0,0.04420514777302742,0.030029776142385844,11.310751903569013,12.061688273002156,2.9130015149042814
2751,training,0,0.0013939477503299713,0.030029776142385844,11.291298968715195,12.066146662530178,2.920034748095013
2752,training,0,0.048060640692710876,0.030029776142385844,11.252522257729686,12.074711334804038,2.9279537347765934
2753,training,0.016408151,0.051089536398649216,0.011831120605889277,11.193772039610177,12.08705106440077,2.9421946264249743
2754,training,0.0051992456,0.0814286433160305,0.011831120605889277,11.154764830410675,12.094745512011325,2.950393160828949
2755,training,0.005179709,0.10601802170276642,0.011831120605889277,11.115438959238295,12.102188990785992,2.960013570401167
2756,training,0.0068061883,0.09811564162373543,0.011831120605889277,11.07616609114234,12.10912732128001,2.973477245941826
2757,training,0.0026556435,0.1315377615392208,0.011831120605889277,11.017081016571934,12.1185581841322,2.993175244702197
2758,training,0.005723265,0.128090750426054,0.011027116940223916,10.938145005064316,12.12909789920123,3.0282196312167486
2759,training,0.0049117617,0.13268812000751495,0.011027116940223916,10.878515037562812,12.134928001774178,3.059955855347742
2760,training,0.0031051163,0.15369670093059537,0.011027116940223916,10.838902226968802,12.137794199615323,3.078104879537357
2761,training,0.005475145,0.1546655036509037,0.011027116940223916,10.798951983324162,12.140056567449172,3.0915285449404735
2762,training,0.0034597144,0.15804345905780792,0.011027116940223916,10.739235056908328,12.142682589389294,3.103890204469404
2763,training,0.0043469085,0.18425492197275162,0.06230073329626085,10.699254992642558,12.143978772249346,3.115038387427467
2764,training,0.0027784235,0.19821730256080627,0.06230073329626085,10.679388070090909,12.14445870914988,3.1205395092211625
2765,training,0.006879794,0.22210533171892166,0.06230073329626085,10.63957265520788,12.145000482855238,3.13583062785781
2766,training,0.0046318136,0.22003422677516937,0.06230073329626085,10.61963654826167,12.145026609085578,-3.138391769971119
2767,training,0.005908687,0.22021778672933578,0.06230073329626085,10.579808748433587,12.144564469016332,-3.1224123992845816
2768,training,0.0071571227,0.23269750177860263,0.06230073329626085,10.53993352763858,12.143484968138717,-3.1068935737648267
2769,training,0.004869826,0.265946701169014,0.09292279021107501,10.50008042198788,12.141788628404571,-3.0925211605752856
2770,training,0.003998108,0.26105615496635437,0.09292279021107501,10.460228190463212,12.139641156658225,-3.0835717704567287
2771,training,0.0047683497,0.2722276244312525,0.09292279021107501,10.420471100532346,12.13715787888607,-3.0754015214082244
2772,training,0.011745341,0.2528256643563509,0.09292279021107501,10.380630612490013,12.134401787465912,-3.0711698374295717
2773,training,0.006160995,0.27384275011718273,0.09292279021107501,10.340724480701716,12.131529600508884,-3.0680052892044816
2774,training,0.0012675026,0.2773139737546444,0.09292279021107501,10.30096480494211,12.128464541078294,-3.0616997907203705
2775,training,0.0022106152,0.30266313627362246,0.10180698678606732,10.261191918214728,12.125179198092816,-3.0567201963832735
2776,training,0.0053546154,0.3096502721309662,0.10180698678606732,10.222319351814201,12.12207083137607,-3.0791791144230993
2777,training,0.007657873,0.41265542060136795,0.10180698678606732,10.181862763702057,12.120632822270139,-3.134045224924487
2778,training,0.0043723388,0.35847651958465576,0.10180698678606732,10.141468961093382,12.121594723676306,3.0837376508697285
2779,training,0.00510191,0.28469935804605484,0.10180698678606732,10.101219737350632,12.125045221933641,3.03261852488706
2780,training,0.0023289083,0.2090046927332878,0.09275095507814327,10.061060230397867,12.130312740699475,2.9911902544345312
2781,training,0.010262996,0.1060086889192462,0.09275095507814327,10.021563621307243,12.13705322039933,2.9554425326345295
2782,training,0.0056967074,0.1073765829205513,0.09275095507814327,9.962453339924714,12.14944239040836,2.9178806282883705
2783,training,0.0051653464,0.17987919598817825,0.09275095507814327,9.923603368852124,12.158558606118874,2.905091513741619
2784,training,0.0073808003,0.1372710019350052,0.09275095507814327,9.884617048281163,12.168365787137818,2.883829671605022
2785,training,0.0041419114,0.13281476311385632,0.09275095507814327,9.84585656284982,12.178899856870565,2.869903953633911
2786,training,0.005845511,0.21766557544469833,0.07455525991783793,9.807601929992208,12.18973117351917,2.8623339757634403
2787,training,0.0023678462,0.2028486281633377,0.07455525991783793,9.750285300664345,12.206635788662002,2.841753643660467
2788,training,0.0023067656,0.1845681369304657,0.07455525991783793,9.693219624926224,12.225129201977376,2.816609380201901
2789,training,0.0022560847,0.22379078343510628,0.07455525991783793,9.655343015092823,12.237960054433918,2.815683664871268
2790,training,0.006835049,0.1758395410142839,0.07455525991783793,9.617456043020685,12.250739561251734,2.814880601226218
2791,training,0.0031283728,0.12948760390281677,0.04766020401496637,9.57960759452799,12.26360490462918,2.8140676823277357
2792,training,0.006107349,0.22516094986349344,0.04766020401496637,9.522951643226891,12.282072718789951,2.849396866066893
2793,training,0.008229695,0.23788696993142366,0.04766020401496637,9.48469555869493,12.292807587820091,2.8894388286685366
2794,training,0.005403604,0.2705140486359596,0.04766020401496637,9.426877797655404,12.305445350660818,2.964778983616282
2795,training,0.0055495575,0.11668429896235466,0.04766020401496637,9.387650101202006,12.311519210494309,3.0090699669670755
2796,training,0.025316173,0.1443678718060255,0.011285970853857479,9.347959995676636,12.31621994874761,3.0311585105136607
2797,training,0.005441853,0.07631997019052505,0.011285970853857479,9.30833526288122,12.320491553050715,3.0364267160147036
2798,training,0.0051859994,0.07775398716330528,0.011285970853857479,9.268429805748427,12.324595381874802,3.042504999114203
2799,training,0.002767812,0.06397225707769394,0.011285970853857479,9.228803113180154,12.328408195182444,3.0490251383331657
2800,training,0.010658307,0.07064734026789665,0.011285970853857479,9.208945941455212,12.330208855176952,3.0531299220204633
2801,training,0.0031621298,0.05010318756103517,0.011285970853857479,9.149116344383591,12.335123343470995,3.0664382394436496
2802,training,0,0.01155448704957962,0.02976242834389592,9.129304709570832,12.336552904912914,3.0730185191721726
2803,training,0,0.031561873853206635,0.02976242834389592,9.089524659948887,12.338972314428224,3.0892427710316297
2804,training,0,0.04459667205810547,0.02976242834389592,9.049695045490724,12.340714041910369,3.107545744987631
2805,training,0,0.04386517405509948,0.02976242834389592,9.009975894068853,12.341609729796131,3.130956738862615
2806,training,0,0.014836736023426056,0.02976242834389592,8.970092368909663,12.341588972582155,-3.131411604724278
2807,training,0,0.013556472957134233,0.02976242834389592,8.930212413141202,12.340956376821227,-3.1210107251873422
2808,training,0,0.013659395277500153,0.03902578991720583,8.8903489867802,12.339909977632395,-3.109629265151827
2809,training,0,0.007282007485628128,0.03902578991720583,8.850469656921943,12.338427445407142,-3.0999446379114954
2810,training,0,0.005320940166711807,0.03902578991720583,8.810631472287604,12.33657770705121,-3.0903178204496298
2811,training,0,0.004732351750135422,0.03902578991720583,8.770777053176888,12.334324210332705,-3.080611883747802
2812,training,0,0.010799366980791092,0.03902578991720583,8.730918258275908,12.331785665742265,-3.0757289349316728
2813,training,0,0.024079440161585808,0.03902578991720583,8.69113805570097,12.329038023321187,-3.069455137567199
2814,training,0,0.009474657010287046,0.028784478042592876,8.651324289416964,12.326055794345345,-3.0656640960042743
2815,training,0,0.011582624167203903,0.028784478042592876,8.611432851431351,12.322988109296665,-3.0646106929945582
2816,training,0,0.013237785547971729,0.028784478042592876,8.57164463376457,12.319887250045879,-3.0639566810714647
2817,training,0,0.028498485684394836,0.028784478042592876,8.531787892658262,12.31682507608424,-3.0666729529066408
2818,training,0,0.028637390583753586,0.028784478042592876,8.491948543108672,12.313875702932013,-3.0684232801437172
2819,training,0,0.024394727312028408,0.028784478042592876,8.452074293881756,12.310962435169152,-3.069557864724296
2820,training,0,0.031772871501743793,0.010657319917301287,8.412154832917302,12.308121457752328,-3.0713885141194615
2821,training,0,0.03404505550861358,0.010657319917301287,8.372352553007856,12.305297350861476,-3.0703709545775366
2822,training,0,0.04171357303857803,0.010657319917301287,8.332484445593977,12.302455518115496,-3.071448599300416
2823,training,0.0051429523,0.05229639541357756,0.010657319917301287,8.272688751416604,12.298307409082549,-3.072750974543474
2824,training,0.007271612,0.09517444297671318,0.010657319917301287,8.212894871428878,12.294139280133065,-3.0701613623007007
2825,training,0.011424172,0.07903885841369629,0.010747009213427588,8.153221154697436,12.289517210850251,-3.056763307716754
2826,training,0,0.02665308117866516,0.010747009213427588,8.133372751395655,12.287784973464662,-3.0528538034498305
2827,training,0,0.03026755154132843,0.010747009213427588,8.093505799064985,12.284302688704505,-3.060344888798136
2828,training,0,0.005728878080844865,0.010747009213427588,8.073560067657107,12.28276039208637,-3.0687067200389797
2829,training,0,0.024632118642330177,0.010747009213427588,8.053532332770676,12.28138735895038,-3.0774286386331657
2830,training,0.0025196173,0.07258886843919754,0.010747009213427588,7.993548570883252,12.278072773437534,-3.0930443114683057
2831,training,0.015596064,0.07785899192094803,0.010747009213427588,7.933686760342482,12.275242661842656,-3.093896976790173
2832,training,0.0025801319,0.12243763357400894,0.012969427228157332,7.913733362523706,12.274277228249808,-3.092297566215954
2833,training,0.002553401,0.16155697405338287,0.012969427228157332,7.853876333255152,12.270862461340066,-3.0724880798917735
2834,training,0.010846463,0.1425463855266571,0.012969427228157332,7.81426737839729,12.267729909726482,-3.0522560931859806
2835,training,0.0054319706,0.051539383828639984,0.012969427228157332,7.754780008247793,12.26160758113792,-3.0283142279331767
2836,training,0,0.030354201793670654,0.012969427228157332,7.734997760922359,12.2592864315253,-3.0226689952765087
2837,training,0,0.03345201909542085,0.029571864285446437,7.694909294409216,12.254856734519741,-3.0433841480069455
2838,training,0,0.026550665497779846,0.029571864285446437,7.674894182910156,12.253026288057974,-3.0573572939271383
2839,training,0.0039862515,0.052162747830152525,0.029571864285446437,7.6348530268418315,12.25010749846095,-3.0776550510082035
2840,training,0.005581327,0.07722503226250409,0.029571864285446437,7.594844650176602,12.247825992563897,-3.0905232817896846
2841,training,0.011474924,0.1088100615888834,0.029571864285446437,7.55492154465959,12.245879003711993,-3.09307696482806
2842,training,0.010023591,0.18573997914791107,0.029571864285446437,7.495095581130155,12.242747156853001,-3.082827367118586
2843,training,0.038020976,0.2103741243481636,0.0366425116971786,7.45549774683444,12.240197320713902,-3.0678546718271664
2844,training,0.01120843,0.07865054719150066,0.0366425116971786,7.4158545988904665,12.236778603883156,-3.0452324892372653
2845,training,0,0.010731682181358324,0.0366425116971786,7.396041050247867,12.23477212180125,-3.0363500325188792
2846,training,0,0.01437466591596602,0.0366425116971786,7.356381820167915,12.230624695866025,-3.0417088830613586
2847,training,0,0.020012840628623962,0.0366425116971786,7.336431981017483,12.2286935861504,-3.048723821162314
2848,training,0,0.04892043583095075,0.0366425116971786,7.296512453619492,12.22528945001279,-3.0641415168435184
2849,training,0.0043244027,0.05859747575595975,0.0366425116971786,7.236631695535213,12.221054071977862,-3.0748621100951916
2850,training,0.013618637,0.07328129094094038,0.049587620083723326,7.196697514724519,12.218448100153726,-3.0783762151865885
2851,training,0.002652548,0.12043359875679016,0.049587620083723326,7.156838709019685,12.215933795953976,-3.076850905978329
2852,training,0.028303787,0.1588800847530365,0.049587620083723326,7.097141656653154,12.211680044325224,-3.0624212509613384
2853,training,0.0069090314,0.11659229546785355,0.049587620083723326,7.037539546996421,12.206449073435564,-3.044600062859216
2854,training,0.012505801,0.06511972844600677,0.049587620083723326,7.017651468685963,12.204446411803819,-3.039671578594036
2855,training,0,0.03951060026884079,0.06525341900067737,6.977838576193655,12.200396424774798,-3.0447227160654413
2856,training,0.02236431,0.05264577269554138,0.06525341900067737,6.957857298670788,12.19851865997842,-3.0513780251823435
2857,training,0,0.04707379639148712,0.06525341900067737,6.9179679426772385,12.195159340852534,-3.064606839439492
2858,training,0,0.039338272064924226,0.06525341900067737,6.898009353807214,12.193686050608058,-3.0715932051090964
2859,training,0,0.038768630474805846,0.06525341900067737,6.858005020506966,12.191147286065775,-3.084068988489862
2860,training,0,0.037057843059301376,0.06525341900067737,6.818058686160288,12.189042884951329,-3.094421779177829
2861,training,0,0.03812557831406593,0.06525341900067737,6.777994114503692,12.187390574424285,-3.106805943524677
2862,training,0,0.042337227612733855,0.07080362650683274,6.738038702644363,12.186214958946367,-3.1168215491056586
2863,training,0.015324772,0.05484597757458687,0.07080362650683274,6.657906125586623,12.184816019246203,-3.1321175965605534
2864,training,0,0.027828220278024673,0.07080362650683274,6.637992118756009,12.184646361615586,-3.1342853798235755
2865,training,0,0.02947129961103201,0.07080362650683274,6.617989667601803,12.184517344389235,-3.135944345525589
2866,training,0,0.031183580867946148,0.07080362650683274,6.577982050688425,12.184235434651223,-3.1334872582504762
2867,training,0,0.04676785506308079,0.07080362650683274,6.538061150335005,12.18384466281416,-3.1299040880219766
2868,training,0,0.004194363951683044,0.059697530531965415,6.498085680988749,12.183269267155755,-3.124379325937141
2869,training,0,0.001174889504909512,0.059697530531965415,6.458128209588549,12.182499185760626,-3.1205398310361603
2870,training,0,0.0012490823864936829,0.059697530531965415,6.418275200012815,12.181536262600435,-3.114506188302827
2871,training,0,0.0001325551420450228,0.059697530531965415,6.378289620603785,12.180341782926856,-3.1096487804076944
2872,training,0,0.04402152262628077,0.059697530531965415,6.3384035053717405,12.179007777582123,-3.1066611541003954
2873,training,0,0.04351417161524295,0.059697530531965415,6.298501596647933,12.17753372264684,-3.1028529618643614
2874,training,0,0.03741700388491154,0.05619980039700385,6.25854232015179,12.17592066885667,-3.1002774259691575
2875,training,0,0.03350497595965862,0.05619980039700385,6.2187093269265254,12.174202431083458,-3.0965294959728373
2876,training,0,0.020338118076324463,0.05619980039700385,6.178765970270075,12.172306711354974,-3.0921557860253466
2877,training,0.008982662,0.06277416460216047,0.05619980039700385,6.1388538913445245,12.170273124480802,-3.089215035085977
2878,training,0,0.010643832385540009,0.05619980039700385,6.099076254880934,12.16805148303017,-3.081478538537103
2879,training,0,0.017688639461994185,0.05619980039700385,6.059307737487098,12.165440728076483,-3.069488553511702
2880,training,0,0.03198906779289245,0.05743956937551666,6.019578081820147,12.162258823891065,-3.0531897345762
2881,training,0,0.037404302507638924,0.05743956937551666,5.979936816866477,12.15837082544464,-3.0347219120369764
2882,training,0.008403501,0.05953575577586889,0.05743956937551666,5.940336530027947,12.153830991882392,-3.0204436331935027
2883,training,0.007453137,0.08653008937835693,0.05743956937551666,5.881111442385217,12.1458387115852,-2.993785928097042
2884,training,0.006115431,0.0629112496972084,0.05743956937551666,5.841776959519612,12.139655990561428,-2.9778783773337563
2885,training,0,0.023144854232668877,0.05743956937551666,5.822029472772495,12.136326741781259,-2.9721479680500913
2886,training,0,0.019377727061510086,0.05477033312978212,5.782749729807228,12.129508502958762,-2.9698810650209913
2887,training,0,0.013618572615087032,0.05477033312978212,5.74338485686502,12.122760340613588,-2.974078329690773
2888,training,0,0.016400983091443777,0.05477033312978212,5.703862560912455,12.116145670996533,-2.976687574894557
2889,training,0,0.034931257367134094,0.05477033312978212,5.664563772033753,12.109549820431967,-2.9744196305633612
2890,training,0,0.04673640429973602,0.05477033312978212,5.625124640450578,12.102838262161232,-2.971474210455519
2891,training,0.0059287185,0.05742430314421654,0.05477033312978212,5.585768204995969,12.095972852108186,-2.9660470712971256
2892,training,0.0069051557,0.05687129031866789,0.015332062936785212,5.546541635364933,12.088937962797635,-2.962943782598237
2893,training,0,0.024000616744160652,0.015332062936785212,5.507092751969385,12.081768590387767,-2.9603571235608364
2894,training,0,0.0473099909722805,0.015332062936785212,5.4679493166152096,12.074485457488919,-2.9555396890914767
2895,training,0.003515074,0.05995115824043751,0.015332062936785212,5.428720608280541,12.066998510616656,-2.9501617490369663
2896,training,0.016978348,0.0809340588748455,0.015332062936785212,5.369958746162408,12.055280942472274,-2.93889257592097
2897,training,0.013376424,0.12836898863315582,0.015332062936785212,5.311361228479845,12.042771325419773,-2.9228888502474395
2898,training,0.0007047147,0.1348780393600464,0.010668724125168273,5.2532098367585585,12.029146002850664,-2.899395301894121
2899,training,0.0011587873,0.08182552270591259,0.010668724125168273,5.194992808781783,12.014320418027534,-2.885188481974176
2900,training,0.006104402,0.1073500793427229,0.010668724125168273,5.156602837700736,12.004110190652634,-2.8797787502803605
2901,training,0.0022940724,0.07425097189843653,0.010668724125168273,5.098529504858397,11.988504980607544,-2.879716163951061
2902,training,0.004544927,0.140403151512146,0.01385078345361617,5.060040850537064,11.97821143359434,-2.8811119802819056
2903,training,0.011065829,0.15378845483064651,0.01385078345361617,5.0407631074295285,11.973058956194707,-2.879157198303821
2904,training,0.0023506028,0.16724132746458054,0.01385078345361617,5.002064608074346,11.962535769972419,-2.8716903682972
2905,training,0.0021437453,0.20085124671459195,0.01385078345361617,4.963748112082824,11.951750488283807,-2.86231895171839
2906,training,0.007820365,0.1474294662475586,0.01385078345361617,4.944616731014687,11.946213911570023,-2.8577660666317586
2907,training,0.0057628034,0.16378377377986908,0.01385078345361617,4.9061953181607345,11.934835664246874,-2.8493126811398346
2908,training,0.0059931455,0.17380201071500775,0.01385078345361617,4.8870481764865294,11.929041710466546,-2.845694515468061
2909,training,0.0040380815,0.19449802488088608,0.04144162979035153,4.849101049317288,11.917279478316264,-2.8365669383505883
2910,training,0.0021335017,0.16163842752575874,0.04144162979035153,4.830059690562657,11.91123064573914,-2.831379811140852
2911,training,0.0077185407,0.19114219024777412,0.04144162979035153,4.810980536831032,11.905067879716919,-2.8261074525192935
2912,training,0.003212084,0.20015046000480655,0.04144162979035153,4.754369680732982,11.886071207786458,-2.8091595380723837
2913,training,0.058176346,0.16439485549926758,0.04144162979035153,4.7166335950949145,11.872827148579567,-2.798984524414085
2914,training,0.0135552995,0.1881280429661274,0.04144162979035153,4.697801342685406,11.866067131952354,-2.7952557886609966
2915,training,0.0043861866,0.15575658157467842,0.04144162979035153,4.660439444617109,11.852408390586488,-2.7867728486432237
2916,training,0.0034997421,0.1283021830022335,0.09470927713986486,4.604398099080916,11.831160904274459,-2.7716899287940913
2917,training,0.0025750063,0.12014583963900805,0.09470927713986486,4.567332198701468,11.816602515669612,-2.7630531664021696
2918,training,0.0034837052,0.11675509763881566,0.09470927713986486,4.530222473380272,11.801755213740028,-2.759963896474308
2919,training,0.014956478,0.08268816769123077,0.09470927713986486,4.49307445095401,11.78686736776584,-2.7616764484453356
2920,training,0.011870291,0.09479288337752223,0.09470927713986486,4.456065254726485,11.772096568971348,-2.762402373610753
2921,training,0.0145690655,0.13260561600327492,0.09470927713986486,4.400319683671739,11.749844503693279,-2.760722554339671
2922,training,0.008455763,0.09276720136404037,0.15757481742425616,4.363422385260541,11.73487190379974,-2.7502493626636126
2923,training,0,0.047199071384966367,0.15757481742425616,4.344950164093206,11.727201303398305,-2.74850282356667
2924,training,0,0.040820482186973095,0.15757481742425616,4.307855796497403,11.71201190630897,-2.7583196498067064
2925,training,0,0.033575284760445356,0.15757481742425616,4.289322155204967,11.70458355195877,-2.7617645087621314
2926,training,0,0.045867862179875374,0.15757481742425616,4.252239802619827,11.68982993874375,-2.7628387374437895
2927,training,0,0.04364775121212005,0.15757481742425616,4.215093026854412,11.675006877623137,-2.7611324373166375
2928,training,0,0.03014886751770974,0.19433179880138773,4.178174768509141,11.660125355713046,-2.754825382023408
2929,training,0,0.047702088952064514,0.19433179880138773,4.141260469265761,11.644868917083215,-2.743721290274189
2930,training,0,0.031746741384267814,0.19433179880138773,4.104521671620391,11.629245818680646,-2.7362899789113664
2931,training,0,0.028666935861110687,0.19433179880138773,4.067997385922511,11.613381588356688,-2.7274806080040968
2932,training,0,0.003751145675778389,0.19433179880138773,4.0314660363285695,11.597201065099304,-2.7231708798004357
2933,training,0,0.04875690210610628,0.19433179880138773,3.995030549576605,11.580917373209354,-2.7188142025960924
2934,training,0,0.043787107802927494,0.05385382599034909,3.9587625133392277,11.564335423367227,-2.705968531346498
2935,training,0,0.026866618543863297,0.05385382599034909,3.9226826356934623,11.547321072195693,-2.696992501142834
2936,training,0,0.04873406421393157,0.05385382599034909,3.8867137438829347,11.530044595681801,-2.6918009589835723
2937,training,0,0.036979286931455135,0.05385382599034909,3.8508411172129695,11.512585997390154,-2.6856056989765182
2938,training,0,0.04815015662461519,0.05385382599034909,3.81499568991011,11.494895570933068,-2.6807472332848628
2939,training,0.0039109243,0.06639475747942924,0.05385382599034909,3.7793573089254546,11.476980761020911,-2.6703914507413704
2940,training,0.005893777,0.10623585060238838,0.08585610015513294,3.726216172023245,11.44945686905917,-2.6573612093304355
2941,training,0.0051758518,0.10583179444074631,0.08585610015513294,3.691011008161761,11.430692228108548,-2.6461353722552903
2942,training,0.04719732,0.05754480231553317,0.08585610015513294,3.65609949454056,11.411582811988223,-2.6360687696787575
2943,training,0,0.037992872297763824,0.08585610015513294,3.638630012890736,11.401861878435124,-2.6311571482832736
2944,training,0,0.03313382342457771,0.08585610015513294,3.603899695391242,11.382204376908755,-2.622236213348124
2945,training,0,0.04665849357843399,0.08585610015513294,3.5694337135198597,11.3623390351454,-2.6146540034493295
2946,training,0.0058975765,0.06936106132343411,0.059399514788957906,3.5177329881417423,11.33191888638695,-2.60513158867744
2947,training,0.0019414303,0.11088797263801098,0.059399514788957906,3.4834708076909195,11.311500699635841,-2.604729027804996
2948,training,0.0024070428,0.0758170336484909,0.059399514788957906,3.4489974559114525,11.291037720139094,-2.6084998949399445
2949,training,0.0005267829,0.13574745692312717,0.059399514788957906,3.414583604999999,11.270685374037276,-2.6053000405532476
2950,training,0,0.042424336075782776,0.059399514788957906,3.397457715089957,11.260504837420497,-2.6063136490739067
2951,training,0.0062873242,0.08682551234960556,0.059399514788957906,3.3458600814224577,11.229809924146487,-2.5987677346150075
2952,training,0.035824552,0.12668876349925995,0.023143289449866593,3.3118236514565904,11.209171396945353,-2.59670711013285
2953,training,0.0022996622,0.06832555681467056,0.023143289449866593,3.277711317405561,11.188349509893465,-2.5872608225507934
2954,training,0.0032640325,0.11185852065682411,0.023143289449866593,3.243904403194837,11.167085787642874,-2.5722989879537734
2955,training,0.0048272787,0.1621273159980774,0.023143289449866593,3.210563087554083,11.145444740958768,-2.5598270400740444
2956,training,0.0050661806,0.13582438603043556,0.023143289449866593,3.1772620729339076,11.123209815358578,-2.5449329910344765
2957,training,0.0055618626,0.15060532651841638,0.023143289449866593,3.1607874506509632,11.111937681334226,-2.5366630299238038
2958,training,0.0012070994,0.14080125838518143,0.012025743436730928,3.1281824878693367,11.08917658609407,-2.5313462083388427
2959,training,0.009162834,0.1312766261398792,0.012025743436730928,3.078670617092881,11.054880776370997,-2.5424436820596696
2960,training,0.009102261,0.1251582205295563,0.012025743436730928,3.062192428395465,11.043682926404738,-2.547341753692768
2961,training,0.0027729375,0.1347615197300911,0.012025743436730928,3.028964598275615,11.02144683237032,-2.5557574646068835
2962,training,0.007702638,0.0964532233774662,0.012025743436730928,2.9954052702347593,10.999355916313787,-2.5629248357298495
2963,training,0.009260589,0.16855807881802323,0.012025743436730928,2.9619754679383163,10.977662785582309,-2.5687209183344573
2964,training,0.003611194,0.16483600810170174,0.012025743436730928,2.9282944790979144,10.955985285762475,-2.5687336661955222
2965,training,0.0031603607,0.2070588506758213,0.00854754940203632,2.8948279685444893,10.934271097383697,-2.562050738942787
2966,training,0.0032670065,0.16459366865456104,0.00854754940203632,2.845020198505741,10.901118267781094,-2.546494344029344
2967,training,0.0042659026,0.2004423327744007,0.00854754940203632,2.828410901350994,10.8898347232592,-2.5425966734044647
2968,training,0.0046829735,0.2177528329193592,0.00854754940203632,2.795633048923181,10.86727949696074,-2.5354715426686187
2969,training,0.0017739275,0.18441474437713626,0.00854754940203632,2.7628835393761793,10.844396285313623,-2.5273103838078432
2970,training,0.004612455,0.16265367716550827,0.00854754940203632,2.7142346185266772,10.80951881091863,-2.5103526470657016
2971,training,0.0053482773,0.19446248561143875,0.00854754940203632,2.6821981092161815,10.785773730358045,-2.4971627056017645
2972,training,0.0076661776,0.24142776429653168,0.07464610127466154,2.66619892605986,10.773680575761375,-2.4904117625254907
2973,training,0.004866476,0.12128616496920586,0.07464610127466154,2.6190997126951636,10.737029742857912,-2.469439675794101
2974,training,0.0028044418,0.05913039669394494,0.07464610127466154,2.588028919015035,10.7118856228584,-2.452563354436928
2975,training,0.0027005565,0.17453094199299812,0.07464610127466154,2.5575153027065816,10.686324802657067,-2.4355129287695534
2976,training,0.0023115948,0.2635081112384796,0.07464610127466154,2.5424971445300724,10.673371279698001,-2.4238946478787984
2977,training,0.0024211667,0.2132284827530384,0.07464610127466154,2.498383602242974,10.633206634605024,-2.3809941564486854
2978,training,0.001738102,0.12319225072860718,0.07464610127466154,2.4700698367952985,10.605389977029327,-2.3482811628274898
2979,training,0.008457752,0.10509154945611954,0.17564597523059927,2.442710371733953,10.576638357145914,-2.315811095542438
2980,training,0.0037693388,0.17636610753834248,0.17564597523059927,2.415912647663401,10.547104867113749,-2.3041899782989828
2981,training,0.004520699,0.16440268233418465,0.17564597523059927,2.375997404024339,10.502568741297104,-2.3026039909540734
2982,training,0.003732233,0.13393909856677055,0.17564597523059927,2.3492799984695605,10.472925703160715,-2.306003151499627
2983,training,0.005927932,0.08871440589427948,0.17564597523059927,2.322533281541699,10.443233592470998,-2.300579049667156
2984,training,0.0039719227,0.08352217078208923,0.17564597523059927,2.3092866512985903,10.42835037151942,-2.2947614295104377
2985,training,0.004694068,0.17713487148284912,0.17564597523059927,2.2832534871872077,10.398334883185415,-2.2740615901687358
2986,training,0.007710757,0.14896762371063232,0.25091176933553383,2.2576946365574777,10.36764420672269,-2.258570120100578
2987,training,0,0.03138047456741333,0.25091176933553383,2.2326686139425447,10.336789648458609,-2.246595960568695
2988,training,0,0.005039602518081637,0.25091176933553383,2.2080321196706416,10.305456599526936,-2.2242193203412532
2989,training,0.004983571,0.05775847285985945,0.25091176933553383,2.1843142239263504,10.273455123976156,-2.191813538798371
2990,training,0.020148136,0.06392589956521989,0.25091176933553383,2.172918581731614,10.257291862582639,-2.1790610884959833
2991,training,0,0.017857104539871216,0.25091176933553383,2.1505309440992155,10.224359385640412,-2.157194995478273
2992,training,0.0031930187,0.0995764061808586,0.25091176933553383,2.128785912208064,10.190824975724443,-2.1331484958650893
2993,training,0.0039822627,0.07327400892972946,0.18179979553206313,2.0977856664491488,10.139897523028699,-2.106135780679238
2994,training,0.0012569537,0.05034472048282623,0.18179979553206313,2.0776213949669184,10.105355551504676,-2.0915407681074116
2995,training,0,0.04315038025379181,0.18179979553206313,2.0678280125771247,10.088093081550594,-2.081816698850923
2996,training,0.009045584,0.11376439034938812,0.18179979553206313,2.0488795339006627,10.053202336331205,-2.0539595447326064
2997,training,0.0056381677,0.21241701021790504,0.18179979553206313,2.0308347941653038,10.017639089618385,-2.029147261176888
2998,training,0.007642672,0.21565521508455276,0.18179979553206313,2.005115004848602,9.963879946262251,-2.008490358883262
2999,training,0.008253331,0.18500827252864838,0.10000266605082093,1.9967300036141655,9.945772478275007,-2.0001093110109727
3000,training,0.0060405326,0.13736064732074738,0.10000266605082093,1.9804892784271158,9.909455806674194,-1.9817851783485638
3001,training,0.0035839942,0.06965146958827971,0.10000266605082093,1.9649886550376867,9.872796465737094,-1.9597661377665017
3002,training,0,0.0408637672662735,0.10000266605082093,1.9503224795588072,9.835890600440125,-1.9393724225197837
3003,training,0.004093781,0.07216828316450119,0.10000266605082093,1.9362965835315205,9.798505262020027,-1.9203148538588644
3004,training,0.0068002352,0.07398438826203346,0.10000266605082093,1.9166962456909558,9.742201021446492,-1.8934494860952604
3005,training,0.005348981,0.05243752896785736,0.03991081250553138,1.9042018022352736,9.704205286498595,-1.8840322901574253
3006,training,0,0.042115889489650726,0.03991081250553138,1.8980539511313326,9.685050217962619,-1.8773008152957051
3007,training,0.0029192844,0.060013264417648315,0.03991081250553138,1.8810723019182871,9.627971326472105,-1.843584624733607
3008,training,0.00788622,0.10163160040974617,0.03991081250553138,1.8614280764081004,9.550767406898826,-1.795057016531302
3009,training,0.00438328,0.1581275761127472,0.03991081250553138,1.8494583605130168,9.492240952022303,-1.7492204704617553
3010,training,0.004335037,0.10420674458146095,0.01830286699280997,1.8402214242315658,9.43346555828439,-1.7032185959408457
3011,training,0,0.03496095538139342,0.01830286699280997,1.8377295175819246,9.413680398194167,-1.6916586228917876
3012,training,0,0.0415836274623871,0.01830286699280997,1.8330354291945958,9.37378506115846,-1.6902718560210723
3013,training,0,0.0439312234520912,0.01830286699280997,1.8281128590932743,9.334140192528585,-1.6974476239361584
3014,training,0,0.04119846597313881,0.01830286699280997,1.822956125712582,9.294377896707806,-1.7021767972592883
3015,training,0.001096278,0.13056449964642525,0.025083423047652518,1.814859631494666,9.235050502765644,-1.7099343552952855
3016,training,0.0032142622,0.07776473835110666,0.025083423047652518,1.81206709753991,9.215234906831109,-1.7119278277090122
3017,training,0.009161147,0.1006469614803791,0.025083423047652518,1.8063340489750337,9.175562400142958,-1.7181555096082342
3018,training,0,0.03544501028954983,0.025083423047652518,1.800323387326197,9.136087619787165,-1.7256914727354378
3019,training,0,0.03509005345404149,0.025083423047652518,1.7940249880617585,9.096509904525371,-1.7313560758631619
3020,training,0.0022776283,0.0890610539354384,0.025083423047652518,1.784239093198481,9.037401135386022,-1.7376379225023484
3021,training,0.0017864425,0.07324787974357604,0.04165350931198096,1.777555494181745,8.997933839886631,-1.7396936693709477
3022,training,0.006861251,0.09791303519159554,0.04165350931198096,1.7707677037388165,8.958463374249158,-1.7434200668430921
3023,training,0.0036105271,0.12824760470539331,0.04165350931198096,1.7638865090466784,8.919182276629432,-1.744349179638327
3024,training,0.0011207283,0.11766103096306324,0.04165350931198096,1.757005426630747,8.879682664136148,-1.7413689076297194
3025,training,0.0014439533,0.06009003380313516,0.04165350931198096,1.7470198717934664,8.820721161856113,-1.7351227608919357
3026,training,0.0059391763,0.059412745758891106,0.051221379595662524,1.7373780413733286,8.76146286703232,-1.7304919129301306
3027,training,0.0043738545,0.06495529413223267,0.051221379595662524,1.7310234050891165,8.722125846111464,-1.7335180841701388
3028,training,0,0.04933212697505951,0.051221379595662524,1.727723519192843,8.702349612923044,-1.7400791715539992
3029,training,0.007869409,0.0637519434094429,0.051221379595662524,1.724252793210572,8.682514284437845,-1.7482600136816349
3030,training,0,0.004524976015090942,0.051221379595662524,1.716835145439031,8.643142772063337,-1.7658243081687328
3031,training,0,0.02624668926000595,0.051221379595662524,1.7128929503039632,8.62357566925395,-1.7727515878578308
3032,training,0,0.018592685461044305,0.051221379595662524,1.7046468624639137,8.584312752545772,-1.7818299162771936
3033,training,0.005139806,0.10654097236692905,0.05986832426429291,1.6961692250230047,8.545230557169615,-1.7864623052679027
3034,training,0.004666792,0.06912094168365002,0.05986832426429291,1.683192951327325,8.4866728228664,-1.7920464268971177
3035,training,0,0.01186368241906166,0.05986832426429291,1.6787413382371266,8.467045498570776,-1.7958289073127736
3036,training,0,0.014371920377016068,0.05986832426429291,1.6696504468526925,8.428187399741473,-1.8055052437120036
3037,training,0,0.026882652193307877,0.05986832426429291,1.6601617679264384,8.389267149186862,-1.8142150327227098
3038,training,0,0.00395916402339936,0.05986832426429291,1.650324208653042,8.35034615655075,-1.8226079896885063
3039,training,0,0.00023461133241653442,0.05047291224517483,1.6401920050218117,8.311750972498178,-1.8329052110298925
3040,training,0.012103945,0.05643903370946646,0.05047291224517483,1.624057287899437,8.253686126476671,-1.8509864495456603
3041,training,0.0052507757,0.06157227233052254,0.05047291224517483,1.6127868755079309,8.215445009413244,-1.8639665534959116
3042,training,0,0.03489915886893869,0.05047291224517483,1.6069396372419846,8.196269300776168,-1.869187772504929
3043,training,0,0.026698011904954903,0.05047291224517483,1.5950689050157139,8.157963946265747,-1.8710634351762427
3044,training,0,0.03517707251012327,0.05047291224517483,1.5833587150672304,8.1199628151487,-1.8682546069744577
3045,training,0,0.047663810197263956,0.02639149119671409,1.5717121431087926,8.081653181197616,-1.8632067533502843
3046,training,0,0.038842803332954645,0.02639149119671409,1.5603045406009228,8.04339690353653,-1.8596761871965575
3047,training,0,0.012566335499286652,0.02639149119671409,1.5489281927818295,8.005140540429885,-1.8608063283480485
3048,training,0,0.007074881345033646,0.02639149119671409,1.537474169132642,7.966693331779614,-1.8585089869548432
3049,training,0.008849142,0.10067616403102875,0.02639149119671409,1.5263929458051966,7.928661601122746,-1.8490030056606486
3050,training,0.00468427,0.10106212645769119,0.02639149119671409,1.515726324157622,7.89021830618959,-1.8320717872994066
3051,training,0,0.039966024458408356,0.02449617597275317,1.5057788906941154,7.85152243567003,-1.8120769459165023
3052,training,0,0.04954487085342407,0.02449617597275317,1.4967142555985966,7.8129012518198815,-1.789923853494903
3053,training,0,0.007234707474708557,0.02449617597275317,1.4884612189558366,7.773891363081818,-1.7640827297572113
3054,training,0,0.04281068593263626,0.02449617597275317,1.4814893227495773,7.7348178105979395,-1.731874501043315
3055,training,0.000999649,0.05380864441394807,0.02449617597275317,1.4755463459632818,7.695463150556971,-1.7118734505521274
3056,training,0,0.0375319868326187,0.02449617597275317,1.4702003154784635,7.655903275553851,-1.6996489459967208
3057,training,0.0035861633,0.06740031391382217,0.023968342480630025,1.465331013005536,7.616376367072089,-1.6869565234706705
3058,training,0.0026821014,0.08518931269645691,0.023968342480630025,1.4609513693321448,7.576653761284675,-1.6754895857472059
3059,training,0.00080555724,0.07667424529790878,0.023968342480630025,1.4550079462814678,7.517151121167879,-1.6653035731506898
3060,training,0.002459999,0.10496661812067032,0.023968342480630025,1.4514102782174152,7.47735553788646,-1.656755326313703
3061,training,0.009036066,0.10102921910583973,0.023968342480630025,1.44807425635885,7.437602964544245,-1.6530502256158097
3062,training,0.005382131,0.10629377327859403,0.023968342480630025,1.4448658172131676,7.397800675925242,-1.6500825755565334
3063,training,0.00872066,0.10692860744893552,0.05415022084447816,1.443293167864346,7.377848334883619,-1.649076703320915
3064,training,0.0026887588,0.11616842541843654,0.05415022084447816,1.4401751872362227,7.338059485838019,-1.6493649475533525
3065,training,0.0061131837,0.1283155418932438,0.05415022084447816,1.437066232591711,7.298228056621964,-1.6482753167214226
3066,training,0.004565387,0.11777572566643357,0.05415022084447816,1.4339919550155436,7.258413560589952,-1.6488324475523732
3067,training,0.009382844,0.1345853959210217,0.05415022084447816,1.4308567145328532,7.218530494807767,-1.649457792836868
3068,training,0.0032102424,0.12379087135195735,0.05415022084447816,1.4277676069701317,7.178698862642391,-1.646621776900452
3069,training,0.0026972922,0.11474943533539769,0.07455269926856878,1.4247977530289833,7.138940172634095,-1.6443055352234262
3070,training,0.0065791197,0.12112992629408839,0.07455269926856878,1.4219588770325082,7.099083178451284,-1.639037480345063
3071,training,0.002752712,0.10600617527961731,0.07455269926856878,1.4193822713188025,7.059265490559942,-1.6327091264762423
3072,training,0.007829523,0.11389552429318428,0.07455269926856878,1.4170042842779362,7.019406362035189,-1.628183399268492
3073,training,0.035359982,0.11599428579211238,0.07455269926856878,1.4148352365310604,6.9795287284719025,-1.6221291812308742
3074,training,0.00144811,0.14735420607030392,0.07455269926856878,1.4128758362593619,6.939712571268466,-1.6198544091063787
3075,training,0.0056048967,0.15093115158379078,0.09217537693641847,1.409919993476749,6.8797844386264275,-1.6208548185302682
3076,training,0.05775401,0.16107275895774364,0.09217537693641847,1.4089175556461757,6.859815136348938,-1.6216606226978485
3077,training,0.002948568,0.14802519232034683,0.09217537693641847,1.4068493908182378,6.819962307694555,-1.6224779231203015
3078,training,0.004823833,0.11545910313725471,0.09217537693641847,1.4048763186624078,6.780046228440126,-1.6162546114851317
3079,training,0.004060773,0.1102386936545372,0.09217537693641847,1.402586074206924,6.720384726612548,-1.6018574816479525
3080,training,0.007244128,0.09203297272324562,0.09217537693641847,1.4016047860038607,6.6804439389085895,-1.5886435878683094
3081,training,0.0027122924,0.11240057647228241,0.1011952305559459,1.4011514548442325,6.6406917246714965,-1.5774733571439403
3082,training,0.007842544,0.11296740919351579,0.1011952305559459,1.401344399221891,6.6008540381864975,-1.5530909924374356
3083,training,0.0044919937,0.09282111562788485,0.1011952305559459,1.4025517072013771,6.56100757821734,-1.5280902385176007
3084,training,0.009526672,0.0946558304131031,0.1011952305559459,1.4046766391488212,6.521365985756036,-1.5083361102250001
3085,training,0.04563175,0.1202232651412487,0.1011952305559459,1.409086200868976,6.461555317876186,-1.486979993464968
3086,training,0.0021558292,0.14788027852773666,0.09745067022999844,1.4126055968706237,6.421924222247137,-1.478107016956807
3087,training,0.004235855,0.14373701065778732,0.09745067022999844,1.418484477370947,6.362137311476144,-1.466232451966989
3088,training,0.007289918,0.10627144481986761,0.09745067022999844,1.4227357124590374,6.3225563668444575,-1.462271129759494
3089,training,0,0.03885031444951892,0.09745067022999844,1.427138318699702,6.282703912461497,-1.4593761184091718
3090,training,0,0.04240289982408285,0.09745067022999844,1.4293534376816457,6.262771207902504,-1.459267145222106
3091,training,0.0063941614,0.05303748790174723,0.09745067022999844,1.4359503200854555,6.203299048285911,-1.4623002438352304
3092,training,0.011234805,0.05495299585163593,0.07435054567531371,1.440243897294042,6.163356886116405,-1.4644880720592517
3093,training,0.009498326,0.12407249957323074,0.07435054567531371,1.4484885664486595,6.083860643909016,-1.4715291857982766
3094,training,0.007353222,0.17307596281170845,0.07435054567531371,1.454288332208312,6.0241767704018,-1.4762197497779275
3095,training,0.0015462385,0.11748619424179196,0.07435054567531371,1.4600807428480391,5.964354235151937,-1.4710887213835067
3096,training,0.009966884,0.06603461690247059,0.05763896726340605,1.4641407698822348,5.924732989994398,-1.467152651724775
3097,training,0.0027080304,0.07230066508054733,0.05763896726340605,1.4683006833735086,5.884939420544992,-1.4675526110613504
3098,training,0.005994995,0.07310760021209717,0.05763896726340605,1.4742789998187604,5.825194275557138,-1.4753309914625707
3099,training,0.0028394822,0.07796631380915642,0.05763896726340605,1.477936699421246,5.785332957951839,-1.4836682805340784
3100,training,0.0034800314,0.06362226977944374,0.05763896726340605,1.4812654935742149,5.7453273587555,-1.490933833441463
3101,training,0,0.027943227440118783,0.037618012360055894,1.4828270767795797,5.725449904841964,-1.4945392763679735
3102,training,0,0.042346155270934105,0.037618012360055894,1.4857162197241411,5.685540505719453,-1.5043097843171522
3103,training,0,0.03793666698038578,0.037618012360055894,1.4869836155312668,5.665445017003689,-1.5113684511860244
3104,training,0,0.02953864261507988,0.037618012360055894,1.488110098736998,5.645440571025609,-1.5173956545156622
3105,training,0,0.02388082817196846,0.037618012360055894,1.4900066585173093,5.605535497116201,-1.5293044810451353
3106,training,0,0.03542397893033922,0.037618012360055894,1.4907891000247944,5.585516739651242,-1.5341341935882933
3107,training,0,0.04358976008370519,0.037618012360055894,1.4920957227513005,5.5454520077217175,-1.541467712800369
3108,training,0.002150683,0.058827273547649384,0.037618012360055894,1.4937419684618636,5.465401652268682,-1.5606687740667144
3109,training,0,0.023218173533678055,0.03203999690992263,1.4939021150096181,5.445404708354017,-1.5647323209512043
3110,training,0,0.03691429644823074,0.03203999690992263,1.4940301537535814,5.4054356587456445,-1.5701711208604643
3111,training,0,0.020190614275634292,0.03203999690992263,1.4940202639254716,5.3854479041537475,-1.5724170724647037
3112,training,0,0.022286164574325088,0.03203999690992263,1.4938992341891575,5.345359861561654,-1.574334953714053
3113,training,0,0.013754320330917835,0.03203999690992263,1.4937901090765544,5.305486122523982,-1.5733568985952633
3114,training,0,0.006585141643881798,0.03203999690992263,1.4937132276003153,5.265507818473534,-1.5718779587915275
3115,training,0,0.002491956576704979,0.03274580028862913,1.4937483533832119,5.225491607339101,-1.5670225847901282
3116,training,0,0.014968140050768854,0.03274580028862913,1.4940031970691459,5.185714328620313,-1.562548961520719
3117,training,0,0.0333678238093853,0.03274580028862913,1.494431878861415,5.145669580928454,-1.5573857649513847
3118,training,0,0.03627569600939751,0.03274580028862913,1.4951125207136085,5.105810420247774,-1.5505669180847872
3119,training,0.0042103976,0.05232857167720795,0.03274580028862913,1.496598136045539,5.045879285956305,-1.5410876674434457
3120,training,0,0.03240944352000952,0.03274580028862913,1.497957874196092,5.005977832315136,-1.5326497071162595
3121,training,0,0.04080483876168728,0.032949472071814055,1.4995791336490638,4.966124224813034,-1.528188706012121
3122,training,0,0.02949441783130169,0.032949472071814055,1.5004497581335159,4.9460935730540685,-1.5263387498264
3123,training,0,0.0198918879032135,0.032949472071814055,1.5023197244428503,4.906205700766358,-1.5220988219687699
3124,training,0,0.024487709626555443,0.032949472071814055,1.504270429834642,4.866353594812773,-1.5231502910817565
3125,training,0,0.013067228719592101,0.032949472071814055,1.5061195698534031,4.826273811950003,-1.5260814847799262
3126,training,0,0.0038829278200864827,0.032949472071814055,1.5078758823185707,4.786432683497233,-1.5286124513880062
3127,training,0,0.02725940989330411,0.027161385100665784,1.5094740252685122,4.7464325381292225,-1.5336204761962808
3128,training,0,0.0011670924723148346,0.027161385100665784,1.5108726406440316,4.706445672303165,-1.537946217159977
3129,training,0,0.00465497188270092,0.027161385100665784,1.512068270023883,4.666545621634794,-1.544267364361695
3130,training,0,0.002109834924340248,0.027161385100665784,1.5129997137220665,4.626430550675846,-1.5506937114195012
3131,training,0,0.006455091759562496,0.027161385100665784,1.5137405131137098,4.586527854127539,-1.5542966329920167
3132,training,0,0.018251141067594286,0.027161385100665784,1.5143246613134491,4.546553143733464,-1.5577927971048304
3133,training,0,0.0034388005733490025,0.02293525174429128,1.5148229820104155,4.506550469165464,-1.5580914911846309
3134,training,0,0.01254044286906719,0.02293525174429128,1.5153241068455767,4.466635902969433,-1.559879551302684
3135,training,0,0.007154600694775581,0.02293525174429128,1.515674643308975,4.426556055667574,-1.5646010810789448
3136,training,0,0.004480401054024696,0.02293525174429128,1.5158676833275615,4.386607671954556,-1.5677301985730536
3137,training,0,0.014038758352398872,0.02293525174429128,1.5158978839982726,4.346650319623849,-1.5726074080825354
3138,training,0,0.011119503527879715,0.02293525174429128,1.5157487663596332,4.306610082282263,-1.5757061264462133
3139,training,0,0.008932077325880527,0.024433191700674026,1.5155306962550885,4.266656415369025,-1.5775289807031543
3140,training,0,0.013132378458976746,0.024433191700674026,1.5152002367161412,4.226628354069991,-1.5808105142903226
3141,training,0,0.02633380889892578,0.024433191700674026,1.514765793277918,4.1866234076405995,-1.5826416971703303
3142,training,0,0.03773912414908409,0.024433191700674026,1.514225273521714,4.146702691620398,-1.5872290651106056
3143,training,0.0059147836,0.057089850306510925,0.024433191700674026,1.5129511881322493,4.086656768244576,-1.5968987280498441
3144,training,0.0066384794,0.09534948505461216,0.024433191700674026,1.5109557992003926,4.026603772441897,-1.6121878267721264
3145,training,0.011113921,0.08608662523329258,0.02821661449132996,1.5078220279729477,3.966563300667623,-1.6341704652784494
3146,training,0.0011830664,0.07769441232085228,0.02821661449132996,1.5049902961165327,3.92656705504591,-1.6484366984234893
3147,training,0.0025307194,0.08758623804897069,0.02821661449132996,1.50000285254639,3.8667268349501387,-1.656240613431958
3148,training,0.0049350653,0.11077916622161864,0.02821661449132996,1.494760196899775,3.807018291230394,-1.6599876127198683
3149,training,0.005360306,0.11845877394080162,0.04287003179337382,1.4893313160092627,3.747281332732855,-1.6646040897637169
3150,training,0.005132786,0.13531623408198357,0.04287003179337382,1.4812304916669943,3.6677162258202514,-1.6809152362953963
3151,training,0.0019925516,0.11449877917766572,0.04287003179337382,1.4742564765409516,3.608113145839149,-1.6934584489119175
3152,training,0.016411277,0.11165918689221145,0.04287003179337382,1.469378469861407,3.5684905077483817,-1.6923161660353867
3153,training,0.004620135,0.11429104208946228,0.06092210978308063,1.4669623170641528,3.5486021106966184,-1.6909471736241748
3154,training,0.02487293,0.10676426440477371,0.06092210978308063,1.4622135646199939,3.508976849657211,-1.689409933289285
3155,training,0.005319339,0.10334615409374237,0.06092210978308063,1.4575921644192749,3.469359679674917,-1.6838750414841241
3156,training,0.0015317774,0.08826267346739769,0.06092210978308063,1.4532378530619068,3.429670063379834,-1.677026276608466
3157,training,0.0034345614,0.08033966645598412,0.06092210978308063,1.4491464070560138,3.389962541790989,-1.6698542752996586
3158,training,0.002854668,0.09104118123650551,0.06092210978308063,1.4453840979615662,3.3502180625072966,-1.6602654557176488
3159,training,0.0047400156,0.08428804948925973,0.06092210978308063,1.4436493113036986,3.3303835818955805,-1.6569446370365122
3160,training,0.0041404143,0.0789709948003292,0.08060634585036983,1.4403433993153196,3.2905699425337374,-1.6506788866358002
3161,training,0.0057782982,0.10401217266917229,0.08060634585036983,1.4373190114665417,3.2507753907125574,-1.642474716925756
3162,training,0.0080356905,0.11911373399198055,0.08060634585036983,1.43592683402044,3.230905446436568,-1.6406864796050933
3163,training,0.0061717005,0.09484405443072319,0.08060634585036983,1.4331570207447615,3.1910081952654994,-1.6410630350057291
3164,training,0.006916059,0.10763890855014324,0.08060634585036983,1.430314325882547,3.1511221223608086,-1.6436993363323862
3165,training,0.0018681646,0.08756058290600777,0.08060634585036983,1.4257132476569603,3.0913474004138197,-1.6516937323296574
3166,training,0,0.010893836617469788,0.09685990977551327,1.4240917803621045,3.0714420950527552,-1.6522566547784894
3167,training,0.009610727,0.09343591332435605,0.09685990977551327,1.4209350832298635,3.0316052053529225,-1.6461646518481583
3168,training,0,0.03566054999828339,0.09685990977551327,1.4181157246525788,2.99187526011025,-1.6358812610696618
3169,training,0.004771714,0.058925569988787174,0.09685990977551327,1.4158098163515913,2.9520636366231616,-1.621164013306988
3170,training,0,0.042798648588359356,0.09685990977551327,1.4140459752135763,2.9123070032184244,-1.6110265258559455
3171,training,0.052629113,0.055461641401052475,0.09685990977551327,1.4125759652201673,2.8723328362474367,-1.6048374590285228
3172,training,0,0.022843921557068825,0.026547511081319187,1.4113831468574485,2.8324439831576225,-1.596612968791843
3173,training,0.0043526543,0.08681056648492813,0.026547511081319187,1.410507190254992,2.792668367920439,-1.5883985304809165
3174,training,0.0028507323,0.12152651324868202,0.026547511081319187,1.4099824779700347,2.7327628637313772,-1.5699453124144194
3175,training,0.004008658,0.1370294988155365,0.026547511081319187,1.4102771422280727,2.693047652881112,-1.5563188846944462
3176,training,0.009727993,0.06982935592532158,0.026547511081319187,1.411144302849566,2.6530222130374703,-1.5416510647776105
3177,training,0.008847058,0.051785772666335106,0.026547511081319187,1.4125850883355355,2.6132412056504073,-1.5304296289883335
3178,training,0.0006127951,0.0699358731508255,0.02604766550400095,1.4143112476828077,2.573294437821703,-1.5254054360622658
3179,training,0.0057035657,0.06321308016777039,0.02604766550400095,1.4162316029854491,2.533351839025584,-1.5197831961974906
3180,training,0.004901577,0.11167651787400246,0.02604766550400095,1.4183741556703333,2.4935768779226146,-1.513801605200969
3181,training,0.011113783,0.1397945024073124,0.02604766550400095,1.4222632939027962,2.4336978437680714,-1.4942005372493548
3182,training,0.037869003,0.10289355367422104,0.02604766550400095,1.425617422757679,2.3941146768336052,-1.4789596490275214
3183,training,0.0038649328,0.06615869142115115,0.04235297705030626,1.4295276993220523,2.3542607516048126,-1.4693668899693204
3184,training,0.005590405,0.07454496249556543,0.04235297705030626,1.435702936320155,2.2947137461504856,-1.4684475100659362
3185,training,0.0037327756,0.14860067144036293,0.04235297705030626,1.43773784939623,2.2748070504126088,-1.4696094801701087
3186,training,0.013318068,0.1588091067969799,0.04235297705030626,1.4418152487522966,2.2348754875527375,-1.4639344989146224
3187,training,0.0059501235,0.15516311302781105,0.04235297705030626,1.4439995696796002,2.2151494088673602,-1.4570195318411023
3188,training,0.0027809748,0.14070293121039867,0.04235297705030626,1.448764275975306,2.17561349009058,-1.4460212716246597
3189,training,0.0011061844,0.1260936325415969,0.04235297705030626,1.4512945643330284,2.155727528438962,-1.4425306725809448
3190,training,0.0010390809,0.11410987749695778,0.067696390237995,1.45647263084518,2.1159914275761933,-1.440636733592018
3191,training,0.008763124,0.05873020738363266,0.067696390237995,1.4615854851042809,2.076413877621636,-1.4445434402205573
3192,training,0.0063581164,0.06379327923059464,0.067696390237995,1.4665181152621933,2.0365065119313743,-1.4519954917562716
3193,training,0.005535996,0.11015716381371023,0.067696390237995,1.471112152404881,1.9968647866489158,-1.4580714282287208
3194,training,0.0021129756,0.09491902217268944,0.067696390237995,1.477814405773025,1.9371454916359088,-1.4570056853996347
3195,training,0.004586635,0.12071363255381584,0.067696390237995,1.4825064762097,1.8975968393506317,-1.4471583583827412
3196,training,0.021399163,0.10030459240078926,0.07897848130793551,1.4876492003572948,1.8580397089669953,-1.4354265969513886
3197,training,0,0.04769161343574524,0.07897848130793551,1.4903907315483613,1.8381504268479902,-1.432872858440004
3198,training,0,0.02326194941997528,0.07897848130793551,1.4958854749732815,1.7987019813533307,-1.4335267909204537
3199,training,0,1.6004312783480124e-05,0.07897848130793551,1.4985918341212991,1.7789382281501633,-1.435783972675749
3200,training,0,0.033846091479063034,0.07897848130793551,1.50393229769672,1.7391909402459664,-1.4379713994158803
3201,training,0,0.016064492985606194,0.07897848130793551,1.509219152643765,1.6995779505070159,-1.4375644050222007
3202,training,0.0021648938,0.05248601734638214,0.08912145296202262,1.517286649886067,1.640152285018155,-1.4334874269217013
3203,training,0.0057619736,0.11995621584355833,0.08912145296202262,1.522800360472835,1.6005585018135842,-1.4311325172077667
3204,training,0.006299617,0.1647354485467076,0.08912145296202262,1.528360800360951,1.5610508356175468,-1.4313432035099714
3205,training,0.0069308276,0.13766062632203102,0.08912145296202262,1.5339413012627243,1.5212902265530301,-1.4309857696437225
3206,training,0.007902544,0.22099646553397184,0.08912145296202262,1.539547270048199,1.4818528482198943,-1.4277936008945116
3207,training,0.008185602,0.19379606842994695,0.08912145296202262,1.5453696480075603,1.4423091435908226,-1.420241664772655
3208,training,0.0022050492,0.2378018125891686,0.10210975863737252,1.5515847063587662,1.402771629914274,-1.408450816002563
3209,training,0.0039181975,0.22691758722066885,0.10210975863737252,1.558774320802067,1.3639404591296649,-1.358939826638946
3210,training,0.057110198,0.244839645922184,0.10210975863737252,1.568175727977153,1.325496841686575,-1.3036777820679988
3211,training,0.0009049979,0.23300962522625923,0.10210975863737252,1.5795176201927659,1.2874983852246977,-1.2606364728899193
3212,training,0.02983756,0.10983908176422116,0.10210975863737252,1.5925322165803195,1.2501622926723297,-1.2081868762718697
3213,training,0.0043897172,0.1282607614994049,0.12217137413749617,1.5997568508814013,1.2317995601836238,-1.1853051163594333
3214,training,0.010999687,0.05946722626686096,0.12217137413749617,1.6154707526655574,1.195487654874395,-1.134242800580493
3215,training,0.038211893,0.09142473340034485,0.12217137413749617,1.6428754815939506,1.1430783879783302,-1.0406021617296455
3216,training,0.0015266368,0.06453046202659607,0.12217137413749617,1.6637587905039457,1.1095260307203523,-0.9890225603457332
3217,training,0.0010941508,0.055075645446777344,0.1272360480463843,1.6863184233602821,1.076980396296886,-0.9405624933616554
3218,training,0,0.04637348651885986,0.1272360480463843,1.6981822897761207,1.0611276409035555,-0.916010390551241
3219,training,0,0.03425814211368561,0.1272360480463843,1.7230157667644919,1.0304528035971472,-0.8645722718618575
3220,training,0,0.012797743082046509,0.1272360480463843,1.7493527556654087,1.0011018296623608,-0.8138517432946396
3221,training,0.0050422167,0.07561002671718597,0.11211994255984584,1.7773613644903312,0.9729635130449109,-0.760833424066677
3222,training,0.0021786543,0.07887095212936401,0.11211994255984584,1.8066116170334432,0.9465210596188928,-0.710111957698266
3223,training,0.017358359,0.06622949987649918,0.11211994255984584,1.8372344319307718,0.9213349122740632,-0.6694863758497906
3224,training,0.0061680595,0.12837507575750354,0.11211994255984584,1.8848411523583017,0.8854767641044896,-0.6210187655184745
3225,training,0.011521206,0.19007282238453627,0.11211994255984584,1.917529045306614,0.8631764844669265,-0.5747007355571102
3226,training,0.0040247645,0.1930927187204361,0.09759377373284052,1.9512230220988198,0.8423290617155064,-0.5347087807901073
3227,training,0.006232355,0.08755064755678174,0.09759377373284052,1.9857980191019935,0.8228539444207843,-0.48994253407238475
3228,training,0.0058520106,0.07042251527309415,0.09759377373284052,2.021034898711702,0.8049645613597389,-0.4514584552989102
3229,training,0,0.00492994487285614,0.09759377373284052,2.0570656747211884,0.7883294209353391,-0.41297614722212667
3230,training,0,0.042181223630905124,0.09759377373284052,2.075420869323874,0.7804788628492139,-0.39522069888800737
3231,training,0.011599507,0.09299863874912259,0.09759377373284052,2.11225497911799,0.7657929823068267,-0.3647991218397226
3232,training,0.008844014,0.14523746818304062,0.07729869770631248,2.1495760040214806,0.7521196278808808,-0.33655877643834603
3233,training,0.0023041116,0.14289017021656036,0.07729869770631248,2.2063878099375636,0.7335954580645123,-0.29615618916392433
3234,training,0.010595642,0.13531900942325592,0.07729869770631248,2.2253983144157954,0.727920052199205,-0.28439366861674237
3235,training,0.0030156209,0.12239974737167358,0.07729869770631248,2.283030347189725,0.7120872255476629,-0.25348417737269113
3236,training,0.014320748,0.07343509048223495,0.07729869770631248,2.3216552477062242,0.7024669517985919,-0.23527186607884557
3237,training,0.0023548463,0.07476536929607391,0.07729869770631248,2.379916748947581,0.6893156584510202,-0.21018891810267273
3238,training,0.0034174712,0.08374256640672685,0.046277441342387565,2.418994433667851,0.6813068693434885,-0.19384354707831783
3239,training,0,0.021463036537170438,0.046277441342387565,2.438598199848053,0.6776229685682159,-0.17507460834662264
3240,training,0,0.015171259641647339,0.046277441342387565,2.477682413321412,0.6714576893943809,-0.1388934335188637
3241,training,0,0.015074856579303728,0.046277441342387565,2.49740665160666,0.6688660617261851,-0.12399614475797932
3242,training,0,0.015086077153682709,0.046277441342387565,2.5370762403235694,0.6643526761149712,-0.1029746703930081
3243,training,0,0.00029790401458740234,0.046277441342387565,2.576599759663331,0.6606099373150938,-0.0874231539396878
3244,training,0,0.004189841449260712,0.012308424077798565,2.616453023200578,0.6573989184553661,-0.07278803417679199
3245,training,0,0.01932039856910705,0.012308424077798565,2.6562432210233915,0.6548141417292285,-0.05691240214669573
3246,training,0,0.019554704427719116,0.012308424077798565,2.695980002791499,0.6528650806379742,-0.04121534826278572
3247,training,0,0.020190913230180747,0.012308424077798565,2.7360359030846544,0.6515072972576725,-0.025879790214972026
3248,training,0,0.0034165605902671814,0.012308424077798565,2.775785869953526,0.6507410013589536,-0.013706620494779538
3249,training,0,0.002003498375415802,0.012308424077798565,2.815760145583532,0.6503759350147248,-0.005559524326761299
3250,training,0,0.0058000790886580935,0.005417116895804319,2.8557892063027985,0.6502512424811091,-0.0012298905140642402
3251,training,0,0.0036471025086939335,0.005417116895804319,2.8956319939910293,0.6502821643161362,0.0021707119971810383
3252,training,0,0.0026110955514013767,0.005417116895804319,2.9357533550017196,0.6504095755550726,0.0038088598857518186
3253,training,0,0.0021552131511271,0.005417116895804319,2.975656289656414,0.6505767245357024,0.004580681925509807
3254,training,0,0.0007691257633268833,0.005417116895804319,3.0156231578956856,0.6507800756053457,0.005318371690597106
3255,training,0,0.004911025520414114,0.005417116895804319,3.05577784196133,0.6509955123480068,0.005630629324231091
3256,training,0,0.007001699414104223,0.010970805303547543,3.095584228804379,0.6512324174587691,0.00553553227299521
3257,training,0,0.011978620663285255,0.010970805303547543,3.135678532125458,0.6514405363107048,0.004547580002585346
3258,training,0,0.01615254394710064,0.010970805303547543,3.175665674572856,0.6515894195370567,0.002826456512056058
3259,training,0,0.015142852440476418,0.010970805303547543,3.2155957871710164,0.6516593971282733,0.000265949616947568
3260,training,0,0.01125561073422432,0.010970805303547543,3.255781949680023,0.6516049882558124,-0.002767682311386392
3261,training,0,0.025478350929915905,0.009758825490854502,3.2956281195068615,0.6514524545855539,-0.004942250109919696
3262,training,0,0.020893693435937166,0.009758825490854502,3.335676191657007,0.6512186130918987,-0.006946468477006214
3263,training,0,0.018764848355203867,0.009758825490854502,3.3757231242468655,0.6509005095137638,-0.008871290040260823
3264,training,0.003570668,0.05617367243394256,0.009758825490854502,3.435647024604833,0.650326674223901,-0.010367991995727991
3265,training,0,0.02426598221063614,0.009758825490854502,3.4757331080229728,0.6498880401668544,-0.011472801816700549
3266,training,0,0.025766419246792793,0.01404974621871093,3.4956361414297223,0.6496611120583229,-0.011738225722748971
3267,training,0,0.024879625067114827,0.01404974621871093,3.535620034707059,0.6491871416201243,-0.012176289043729426
3268,training,0,0.029238263145089153,0.01404974621871093,3.575730383110709,0.648685845787913,-0.013012602596531909
3269,training,0,0.026677517220377922,0.01404974621871093,3.6155751538969474,0.6481716427701308,-0.012937811027289225
3270,training,0,0.02298318035900593,0.01404974621871093,3.6556651232955724,0.6476662750283796,-0.012328099227555183
3271,training,0,0.015837617218494415,0.01404974621871093,3.6956156311570774,0.6471762419858753,-0.012253832110310305
3272,training,0,0.02325662039220333,0.004183632416331598,3.735543383107151,0.6467048694768742,-0.011507452953854901
3273,training,0,0.026143444702029225,0.004183632416331598,3.775684249143126,0.6462534853760047,-0.010912436992649995
3274,training,0,0.028279392048716545,0.004183632416331598,3.8155200054688785,0.6458227394732196,-0.010921344675803609
3275,training,0,0.026884919032454487,0.004183632416331598,3.8555656310637714,0.6453912172800714,-0.011052746066187715
3276,training,0,0.03412012197077274,0.004183632416331598,3.895604320544668,0.6449283154961466,-0.01228289240484149
3277,training,0,0.03895276598632336,0.004183632416331598,3.9354929422505416,0.6444238662197244,-0.013196711341602356
3278,training,0,0.03542506881058216,0.01036213300146445,3.9756347999195216,0.6438787459978318,-0.013963559254120036
3279,training,0,0.03718222863972187,0.01036213300146445,4.015509719016853,0.6433059835420917,-0.014377886656249554
3280,training,0,0.02194117195904255,0.01036213300146445,4.055498278723555,0.642752277213972,-0.013360916852970499
3281,training,0,0.019130988046526902,0.01036213300146445,4.095582600632319,0.6422382273102515,-0.012374207192157044
3282,training,0,0.024909907951951027,0.01036213300146445,4.135417717168059,0.6417945060844327,-0.01007032240817631
3283,training,0,0.028137771412730217,0.01036213300146445,4.175509821490331,0.6414414870227165,-0.007497976146008704
3284,training,0,0.01704815961420536,0.011384129254421008,4.215435362395455,0.6411780175311284,-0.005871735867101317
3285,training,0,0.00692009553313255,0.011384129254421008,4.255364869905139,0.6409960670384682,-0.003051082306630447
3286,training,0,0.002878393977880478,0.011384129254421008,4.315383868845048,0.640961267216139,0.0017801884323279768
3287,training,0,0.0034719035029411316,0.011384129254421008,4.3352933928269595,0.6410180671456226,0.003695727276919536
3288,training,0,0.009834637865424156,0.011384129254421008,4.375331117186668,0.641246181006833,0.008117799592770121
3289,training,0,0.0069442614912986755,0.011384129254421008,4.415295867831877,0.6416624444849419,0.01251410966749721
3290,training,0,0.010761456564068794,0.005574417979428848,4.455146345022781,0.6422794280999343,0.018344140767084665
3291,training,0,0.007611924782395363,0.005574417979428848,4.495261160070204,0.6431059378566337,0.02214660566286165
3292,training,0,0.035986523143947124,0.005574417979428848,4.535049524657735,0.6440206965898813,0.02279599366455424
3293,training,0.015081596,0.05925527215003967,0.005574417979428848,4.595203331274953,0.6451929055305873,0.013666023983013975
3294,training,0.0010266183,0.07786330487579107,0.005574417979428848,4.675173191180717,0.6454492357877356,-0.008739342004758927
3295,training,0.0033258419,0.06037024408578873,0.01277318339853017,4.715437296295691,0.6448058365674412,-0.023066115443832476
3296,training,0,0.03185253962874413,0.01277318339853017,4.755287525845519,0.6436285328177498,-0.034160805398399066
3297,training,0,0.02061630785465242,0.01277318339853017,4.775297904063408,0.6429192028079298,-0.035535026539017044
3298,training,0,0.018327854573726654,0.01277318339853017,4.7953575661572705,0.6422234255286734,-0.0332368281081627
3299,training,0,0.0322880856692791,0.01277318339853017,4.835195160531986,0.6410939915165381,-0.02166036173608508
3300,training,0.007043232,0.055790847167372704,0.01277318339853017,4.894997595098139,0.6405639895646763,0.004335838697141033
3301,training,0.0031186482,0.07862977392505854,0.01277318339853017,4.954856753951308,0.6413456430667285,0.020207308616594283
3302,training,0.008643366,0.06660442799329758,0.012781760215222893,4.9947992382751965,0.6423933560281805,0.03332681805504997
3303,training,0,0.03710637800395489,0.012781760215222893,5.014899216242391,0.643120161477211,0.03887070430131431
3304,training,0.003764654,0.061632625758647905,0.012781760215222893,5.054633701809935,0.6447332506219247,0.04050012377185096
3305,training,0,0.0460970476269722,0.012781760215222893,5.094623492597867,0.646321721438128,0.03915699304624517
3306,training,0,0.049332356080412865,0.012781760215222893,5.114692947259236,0.64710794794623,0.039917029651271606
3307,training,0.0014583092,0.05643134191632271,0.012781760215222893,5.194409401429811,0.6506699578995546,0.04990578782238845
3308,training,0.0036236553,0.10488247685134411,0.012948710870572836,5.254190226276567,0.6539956160934524,0.06253471855304607
3309,training,0.0032747532,0.14614420384168625,0.012948710870572836,5.313897155444607,0.6583567567578585,0.08433397182114624
3310,training,0.0062221177,0.15579373389482498,0.012948710870572836,5.373287129627465,0.6641242478905084,0.11101063600790761
3311,training,0.0030912668,0.10901067592203617,0.012948710870572836,5.452430138827571,0.6743012235451804,0.1426966565948393
3312,training,0.003900818,0.08219068869948387,0.014210320093629865,5.471929128483094,0.6771719848994129,0.14822686723642967
3313,training,0.009496873,0.07379395514726639,0.014210320093629865,5.531259661873189,0.6860643045104716,0.14489644833882256
3314,training,0.011135109,0.08305915072560313,0.014210320093629865,5.570836651023897,0.6916688507745387,0.13674272909939728
3315,training,0.007923311,0.12155650276690722,0.014210320093629865,5.610538433547043,0.6969923456781826,0.12988772613595884
3316,training,0.005695974,0.1418119464069605,0.014210320093629865,5.650230705252414,0.7020751143190659,0.1256640776590605
3317,training,0.009602703,0.16939695924520493,0.04501347095413225,5.689794926404963,0.7070776346298324,0.12603484961017677
3318,training,0.0060141515,0.10471331141889098,0.04501347095413225,5.709661530045553,0.7095969372659132,0.12564566969921306
3319,training,0.011184212,0.18057942390441892,0.04501347095413225,5.749402285497701,0.7145313711042784,0.1204712783774226
3320,training,0.010911707,0.1627519987523556,0.04501347095413225,5.788986946059697,0.7192214603868137,0.11495998677613763
3321,training,0.0025381157,0.128086119890213,0.04501347095413225,5.828878177645558,0.7236495976428975,0.10528900934912229
3322,training,0,0.024747170507907867,0.04501347095413225,5.848827958642711,0.7256834506463358,0.0974269560047497
3323,training,0,0.04167787730693817,0.04501347095413225,5.86867829771822,0.7275432617888171,0.08926070221416516
3324,training,0.0031200214,0.10128165781497955,0.06915280657664774,5.908613166534725,0.7307417989029042,0.07001420348427921
3325,training,0.0051855785,0.06436620652675629,0.06915280657664774,5.948806543485932,0.7331758514757556,0.05088174705331391
3326,training,0.006182775,0.07984653115272525,0.06915280657664774,5.988692749740716,0.7348363721953078,0.032366544408495804
3327,training,0.04532914,0.061053130775690065,0.06915280657664774,6.028885175963857,0.7357779915917617,0.01488051004181932
3328,training,0,0.04906367510557175,0.06915280657664774,6.068900457974071,0.7360744788653486,0.001896514158730877
3329,training,0.0030331016,0.07619733363389969,0.06630438109219246,6.108863794306367,0.7359270433390913,-0.009784415357943258
3330,training,0,0.04831874370574951,0.06630438109219246,6.149098039305698,0.7353176285475977,-0.01969133501325223
3331,training,0.0031518522,0.06299182027578355,0.06630438109219246,6.188985629875629,0.734411014977781,-0.024928250997378023
3332,training,0.004839224,0.05102331191301346,0.06630438109219246,6.249130189739929,0.7326697240216182,-0.03373665389543267
3333,training,0,0.03127449378371239,0.06630438109219246,6.26909814914907,0.7319588790533691,-0.03772059745180948
3334,training,0.027582476,0.05801988206803799,0.0499568657991911,6.328957489128408,0.7295118397904158,-0.04266991424011972
3335,training,0.0030146386,0.0642135851085186,0.0499568657991911,6.36903484975341,0.7277936729657818,-0.041475571978834475
3336,training,0.0021583356,0.05801195837557316,0.0499568657991911,6.4087947080875844,0.7262225496166727,-0.03745789639355548
3337,training,0,0.044854475185275085,0.0499568657991911,6.428787921010385,0.7254966856893813,-0.03517184738902856
3338,training,0,0.03727066516876221,0.0499568657991911,6.468894498614943,0.7241377939806986,-0.03235936309729073
3339,training,0,0.04759852774441242,0.0499568657991911,6.508673122740296,0.7228879820933439,-0.030992826584392487
3340,training,0.003476515,0.05123160220682621,0.03803527821323206,6.568788111264759,0.7211012654911159,-0.027923832508012853
3341,training,0.0021078868,0.06295548379421234,0.03803527821323206,6.628543297109646,0.7195606414562563,-0.023278972706525056
3342,training,0.0066378647,0.06265371292829514,0.03803527821323206,6.668665584380933,0.7187036577508163,-0.01882757674807676
3343,training,0.0042763315,0.07359138131141663,0.03803527821323206,6.708459145904595,0.7180506505407968,-0.013661739354823194
3344,training,0.003547266,0.09094326570630074,0.03803527821323206,6.768519346839029,0.7175429896560475,-0.0020045600949596064
3345,training,0.005847325,0.09784440323710442,0.031242211065788048,6.808311347048301,0.7176381293088169,0.007207321613514527
3346,training,0.00438884,0.11023949831724167,0.031242211065788048,6.84822790843411,0.7181516657525695,0.018849365162889337
3347,training,0.006032462,0.10370300710201263,0.031242211065788048,6.888227546040844,0.7191364641836981,0.030581796424062373
3348,training,0.0009246379,0.08273889496922492,0.031242211065788048,6.927989861554523,0.7205705307220653,0.04067564320840883
3349,training,0.010648176,0.09924857178702949,0.031242211065788048,6.968022306619653,0.7223084418496724,0.04457661236673108
3350,training,0.025441237,0.10681157745420933,0.031242211065788048,7.00788966518584,0.7241048852045701,0.04516668746829672
3351,training,0.0032510308,0.09846692532300952,0.03178759219382724,7.027805598344038,0.7250055324697309,0.04401577581818751
3352,training,0.005135823,0.06844938918948176,0.03178759219382724,7.067926336858464,0.7266086493070119,0.034615185314807354
3353,training,0,0.029893569648265825,0.03178759219382724,7.107961102263721,0.7277442257697724,0.021687706920248424
3354,training,0,0.029253110289573683,0.03178759219382724,7.12791055189779,0.7281176115873744,0.015978459928275006
3355,training,0.013683576,0.08986442908644676,0.03178759219382724,7.14793672652632,0.7283875239832925,0.010842073243944117
3356,training,0,0.03006194531917572,0.03178759219382724,7.188177927293519,0.7286285100152006,0.0013220109862907385
3357,training,0,0.025813471525907516,0.04206565348870453,7.228059700812723,0.7285056303271674,-0.007271246424261018
3358,training,0,0.03856100142002106,0.04206565348870453,7.2681462862023505,0.7280596011586679,-0.015117178327633967
3359,training,0,0.032181642949581146,0.04206565348870453,7.308247380369109,0.7273187439397978,-0.020987285863120046
3360,training,0,0.03327094810083508,0.04206565348870453,7.328159512458817,0.7268822991798534,-0.022782172059671903
3361,training,0,0.04870928125455976,0.04206565348870453,7.368168965866181,0.7259210783238002,-0.02515988108859366
3362,training,0,0.03743842104449869,0.045085165063627086,7.408250820172347,0.7248831015194939,-0.026290330221585643
3363,training,0,0.04225469334051013,0.045085165063627086,7.4480968836306545,0.7238408692387998,-0.026474652503819016
3364,training,0,0.040531062986701734,0.045085165063627086,7.488205339357606,0.722770015419297,-0.02702112828416552
3365,training,0,0.046799285802990205,0.045085165063627086,7.528104267404425,0.7216755584903157,-0.02782492990905561
3366,training,0,0.042296762112528086,0.045085165063627086,7.568048310423196,0.7205584541156425,-0.028106317413710096
3367,training,0,0.03909855475649237,0.045085165063627086,7.608176481730252,0.7194310803991825,-0.027756093307959084
3368,training,0,0.04209556430578232,0.05181830232562373,7.647972915371587,0.7183351610969911,-0.02765801249028071
3369,training,0,0.040553327184170485,0.05181830232562373,7.688030831263672,0.7172321105125603,-0.02759141266472636
3370,training,0,0.027025831397622827,0.05181830232562373,7.728001020008965,0.7161258107939684,-0.0277774608834089
3371,training,0,0.025369507726281885,0.05181830232562373,7.7678942212681035,0.7150209426034915,-0.02781063336501953
3372,training,0,0.02476858301088214,0.05181830232562373,7.808029648939901,0.7139033807367375,-0.027754324188190325
3373,training,0,0.023856250103563074,0.0458159876461149,7.867821795936768,0.7122402365543327,-0.02791266732322432
3374,training,0,0.02708019409328699,0.0458159876461149,7.907949969902495,0.7111176929685696,-0.02809779037012254
3375,training,0,0.026963672135025266,0.0458159876461149,7.927900235318341,0.7105530549925715,-0.028384244622652096
3376,training,0.0060073407,0.07521308632567525,0.0458159876461149,7.987780674295504,0.7088588310587377,-0.02872247956742748
3377,training,0.0034305216,0.050327785313129425,0.0458159876461149,8.027875223844992,0.7076784771734109,-0.03040185911189754
3378,training,0,0.04523489624261856,0.0458159876461149,8.067711237999651,0.7064102841482784,-0.034229603901314895
3379,training,0,0.04901115223765373,0.04599538583225901,8.107825260696497,0.7049404972859881,-0.039062287992556635
3380,training,0,0.04503922816365957,0.04599538583225901,8.147747620566596,0.7033006215192402,-0.04312333550915928
3381,training,0,0.04676129948347807,0.04599538583225901,8.16767000962838,0.7024239251460032,-0.044770709179224634
3382,training,0,0.04191246535629034,0.04599538583225901,8.207726744649085,0.7005757137603073,-0.04745758035505029
3383,training,0,0.03374003525823355,0.04599538583225901,8.267556597424937,0.6976503672262868,-0.05055773513314503
3384,training,0,0.048204836435616016,0.03894361172224835,8.287528535384165,0.6966342809727475,-0.051366941286781584
3385,training,0,0.041487775277346366,0.03894361172224835,8.32762989408393,0.6945489975700555,-0.052204146803065045
3386,training,0,0.04215399967506528,0.03894361172224835,8.367394921048763,0.6924766650180468,-0.05240013744393589
3387,training,0,0.04451092565432191,0.03894361172224835,8.407372581281868,0.6903847217273359,-0.05244044786261638
3388,training,0,0.03408897249028087,0.03894361172224835,8.447351335324475,0.6882941385316971,-0.05220177080809045
3389,training,0,0.043056890834122896,0.03894361172224835,8.487164443058038,0.6862273184729767,-0.05180289021984335
3390,training,0,0.043576266616582864,0.027444793483724864,8.527238741084616,0.6841644209491072,-0.05098800549976732
3391,training,0,0.027073580771684647,0.027444793483724864,8.567048835420746,0.6821620384329362,-0.04992321644554377
3392,training,0,0.008977916091680527,0.027444793483724864,8.606973866774473,0.6801966720240584,-0.048621086833937045
3393,training,0,0.009951638989150524,0.027444793483724864,8.647042036560487,0.6782757179591812,-0.04708961430596807
3394,training,0,0.005162334069609642,0.027444793483724864,8.686807658994505,0.6764250048791565,-0.04629145590742702
3395,training,0,0.010031064972281458,0.027444793483724864,8.746896563471095,0.6736838110946924,-0.04454472578647501
3396,training,0,0.024553977884352207,0.024947960063799533,8.766760146372059,0.6728101250207399,-0.04418352379181267
3397,training,0,0.02590063028037548,0.024947960063799533,8.806646816224788,0.67106539320188,-0.043485485131952245
3398,training,0,0.02526376117020845,0.024947960063799533,8.8467570265465,0.6693325664121722,-0.042617707308537665
3399,training,0,0.024064025841653347,0.024947960063799533,8.886538271309972,0.6676570492747395,-0.04194241143784547
3400,training,0,0.021707304753363132,0.024947960063799533,8.94661798806029,0.665169256627014,-0.0408387918406794
3401,training,0,0.022977172397077084,0.024947960063799533,8.966526045361023,0.6643612738814909,-0.04050929058569358
3402,training,0,0.026388450525701046,0.02316070436116386,9.006372461085187,0.6627722250507756,-0.039555163725619416
3403,training,0,0.022326151840388775,0.02316070436116386,9.046478634985723,0.6611999759166579,-0.03890163645695023
3404,training,0,0.022590420208871365,0.02316070436116386,9.086309884505816,0.6596572536525342,-0.038510954389611725
3405,training,0,0.02574089728295803,0.02316070436116386,9.126269889861856,0.6581381064278963,-0.03766443579792072
3406,training,0,0.022277549840509895,0.02316070436116386,9.166343442712305,0.6566409636348595,-0.03695885122202259
3407,training,0,0.02233115583658218,0.02316070436116386,9.20614304523175,0.6551855310562518,-0.036333078834860554
3408,training,0,0.026881547644734383,0.014487720767749908,9.266255317857647,0.6530446670739736,-0.034612117896590196
3409,training,0,0.03884231485426425,0.014487720767749908,9.286119760074563,0.6523647451547736,-0.03433483450154995
3410,training,0,0.03870959300547838,0.014487720767749908,9.326033229834673,0.6510139229668928,-0.033475166565391144
3411,training,0,0.03970476612448693,0.014487720767749908,9.366155275937166,0.6496874987342867,-0.032168046121254054
3412,training,0,0.0368609381839633,0.014487720767749908,9.405940803727134,0.6484360712541566,-0.030875351306348713
3413,training,0,0.03624161891639233,0.014487720767749908,9.445970237625398,0.647237157666418,-0.028928410072973487
3414,training,0,0.03484630212187767,0.006569816884490569,9.485948473325903,0.6461208739686009,-0.02663302889106603
3415,training,0,0.02352475002408027,0.006569816884490569,9.525805340862622,0.6451274803393391,-0.02340043203827535
3416,training,0,0.023339128121733665,0.006569816884490569,9.58587091358972,0.6438583323685959,-0.01883343843734292
3417,training,0,0.027055393904447556,0.006569816884490569,9.605757756695649,0.6435024020906001,-0.017092728026321162
3418,training,0,0.040066782385110855,0.006569816884490569,9.645739438634406,0.6428919399284188,-0.013492449755917277
3419,training,0,0.035573492757976055,0.03381718443336004,9.685808773318689,0.6424125065910472,-0.01055721035625474
3420,training,0,0.04049466736614704,0.03381718443336004,9.725635065533204,0.6420710106012885,-0.006779346428678291
3421,training,0,0.037285106256604195,0.03381718443336004,9.765727211451159,0.6418771782074638,-0.002719368575214099
3422,training,0,0.04251975007355213,0.03381718443336004,9.80563320996688,0.6418347505315631,0.00040395976877353085
3423,training,0.0061116363,0.05254127085208892,0.03381718443336004,9.86563348665787,0.6420157223852372,0.005648710425480362
3424,training,0.001376715,0.056442087516188615,0.03381718443336004,9.905562078336636,0.6423056666930833,0.008686081830848232
3425,training,0,0.036811052821576595,0.01694843852119478,9.945464021882845,0.6427237329766016,0.011580772027059849
3426,training,0,0.033776597119867795,0.01694843852119478,9.985632894666113,0.6431831052156918,0.010504453666835193
3427,training,0,0.01907708588987589,0.01694843852119478,10.025460446134575,0.643558578770924,0.008086690460360573
3428,training,0,0.02319606952369213,0.01694843852119478,10.065513642260258,0.6438392949345333,0.005712449389597769
3429,training,0,0.02284661866724491,0.01694843852119478,10.105567801265433,0.6440223794207848,0.003739515271882577
3430,training,0,0.024559880606830117,0.01694843852119478,10.145455540829007,0.6441426293099249,0.002092831217126741
3431,training,0,0.02649406250566244,0.01121187192022924,10.18560731173329,0.6441992441234854,0.0006644565061953589
3432,training,0,0.026502597145736217,0.01121187192022924,10.225500456342953,0.6441997186885651,-0.0006296249872508443
3433,training,0,0.028218143619596958,0.01121187192022924,10.265495432713307,0.6441513064097685,-0.002059142340769154
3434,training,0,0.043140226043760777,0.01121187192022924,10.30565205179513,0.6440218400241424,-0.004059984967704537
3435,training,0,0.039890593849122524,0.01121187192022924,10.325529926675227,0.6439368394249889,-0.005032172381493302
3436,training,0,0.04065210092812776,0.008816590559001058,10.385594344366243,0.6435449402819736,-0.008048107632990284
3437,training,0,0.03683359455317259,0.008816590559001058,10.425546223571766,0.6431818420664568,-0.01005342316243643
3438,training,0,0.03831623028963804,0.008816590559001058,10.465487531431668,0.6427558562103156,-0.011475944025105536
3439,training,0,0.03956592734903097,0.008816590559001058,10.48556237833806,0.6425217762844453,-0.011953651753333554
3440,training,0,0.041484749875962734,0.008816590559001058,10.525557950250679,0.642017161422478,-0.013220776442558807
3441,training,0,0.038262936286628246,0.008816590559001058,10.585529120256615,0.6412138289087161,-0.013710740514140425
3442,training,0,0.039851277135312564,0.023061333176585055,10.625552337127475,0.6406599336214684,-0.014036846544434161
3443,training,0,0.038890025578439236,0.023061333176585055,10.66543767744895,0.640111809356879,-0.01366696305679167
3444,training,0,0.039715892635285854,0.023061333176585055,10.705571847593854,0.639576586814555,-0.012996344620219365
3445,training,0,0.04214252438396216,0.023061333176585055,10.745434591188477,0.6390652494774779,-0.012518252810246617
3446,training,0,0.0432495353743434,0.023061333176585055,10.765395737748223,0.6388243308372403,-0.01190636203308216
3447,training,0,0.04138443898409606,0.02675460985185511,10.8055158291237,0.6383704101329991,-0.010883715459432461
3448,training,0,0.0410467116162181,0.02675460985185511,10.84541247099917,0.6379391249558073,-0.010700801990658102
3449,training,0,0.039466931484639645,0.02675460985185511,10.905465085355958,0.6373352429606034,-0.009600884149734066
3450,training,0,0.04175963159650565,0.02675460985185511,10.945397381723762,0.6369596710556721,-0.009150538961732327
3451,training,0,0.03825226705521345,0.02675460985185511,10.985337263286715,0.6366291971530722,-0.007596039834405897
3452,training,0,0.03965283837169409,0.02675460985185511,11.025459318541795,0.6363574092531032,-0.005854384413783418
3453,training,0,0.03973441850394011,0.03761913685550041,11.045368198599716,0.6362538078669505,-0.005024030713105868
3454,training,0,0.021472789347171777,0.03761913685550041,11.10533558030613,0.6360718252239436,-0.0011432650283827797
3455,training,0,0.017717070877552032,0.03761913685550041,11.14531972362664,0.6360791263197123,0.0013499126372366389
3456,training,0,0.0051116701215505565,0.03761913685550041,11.165219921496389,0.636127288063209,0.0034108142262332373
3457,training,0,0.005061555653810501,0.03761913685550041,11.205234722855588,0.6363514088856327,0.008035890879544498
3458,training,0,0.009128684177994728,0.03761913685550041,11.265107245895155,0.6370494485294965,0.015576641542468414
3459,training,0,0.004132283851504326,0.037305642104554955,11.285054025641937,0.6373925180151712,0.018555489258142793
3460,training,0,0.009232425130903719,0.037305642104554955,11.345128055502492,0.638748261750889,0.026272381896796607
3461,training,0,0.022965632961131632,0.037305642104554955,11.384893304918632,0.6399114804704817,0.031804045639065776
3462,training,0,0.011582797043956816,0.037305642104554955,11.404896180786437,0.640571685962077,0.03429068616098374
3463,training,0,0.02929713297635317,0.037305642104554955,11.444967458230774,0.6420255536988078,0.037625323821521846
3464,training,0,0.01989280804991722,0.037305642104554955,11.504719146605266,0.6444113600931342,0.04180855937647469
3465,training,0,0.01788344420492649,0.028912520964703557,11.52476658068953,0.6452597445564562,0.04291271062196171
3466,training,0,0.03359886910766363,0.028912520964703557,11.564621856242884,0.6470030412781325,0.04436399370115886
3467,training,0,0.024542597122490406,0.028912520964703557,11.604501626032334,0.6488078809238782,0.04582906837767013
3468,training,0,0.04611181933432818,0.028912520964703557,11.644570969574914,0.6506729924053628,0.046946072196137445
3469,training,0,0.028253539465367794,0.028912520964703557,11.68432654675122,0.6525801196355773,0.04897900092976133
3470,training,0,0.03877172898501157,0.028912520964703557,11.744346291393226,0.6556082788886906,0.05068512173312975
3471,training,0,0.031128923408687115,0.01953540614927095,11.764271939683816,0.6566187930217431,0.05037668459375593
3472,training,0,0.02522945497184992,0.01953540614927095,11.80405872708851,0.6586528324166476,0.05137508745917874
3473,training,0,0.01834199950098992,0.01953540614927095,11.84412818764843,0.660724948139214,0.051062001556175636
3474,training,0,0.018547099083662033,0.01953540614927095,11.883927155350946,0.66271254415081,0.04858531911882246
3475,training,0,0.012315720319747925,0.01953540614927095,11.923889645617102,0.6646014664668353,0.045578334955180336
3476,training,0,0.015694204717874527,0.01953540614927095,11.98385378956151,0.6671405424364967,0.03833341373041942
3477,training,0,0.002235274761915207,0.003659821452474153,12.023820565026446,0.6685746929960453,0.03320103233141703
3478,training,0,0.0013047568500041962,0.003659821452474153,12.043914297918427,0.6692135583966268,0.030249185253369545
3479,training,0,0.004168745130300522,0.003659821452474153,12.0838565147952,0.670293742605347,0.02358996631652924
3480,training,0,0.004264747723937035,0.003659821452474153,12.143932808217583,0.6713907859566105,0.012470990138507252
3481,training,0,0.023522878997027874,0.003659821452474153,12.164046263860012,0.6716031248958432,0.009471260351370636
3482,training,0.0035009007,0.05598275735974312,0.006031074367914297,12.243922515683472,0.6722128238665741,0.008149328144270516
3483,training,0,0.014463065657764673,0.006031074367914297,12.283893274256867,0.6726208516308314,0.012433465990490052
3484,training,0,0.028945349156856533,0.006031074367914297,12.303794358531619,0.6728808181802259,0.013018560491628969
3485,training,0,0.008275313302874562,0.006031074367914297,12.343866984715113,0.6733168474329659,0.006789128929663227
3486,training,0,0.014301036018878222,0.006031074367914297,12.38395753452181,0.6734592140957596,0.001656581500559756
3487,training,0,0.010663347784429789,0.006031074367914297,12.423837841617367,0.6734967476870558,0.00029075611101413195
3488,training,0.0037028207,0.054913172498345375,0.009989701602700237,12.46397889149899,0.6734995926501777,-0.00015321095881846964
3489,training,0.00289037,0.0787452943623066,0.009989701602700237,12.523809232149214,0.6733841657024111,-0.004890518711387957
3490,training,0,0.03466845536604524,0.009989701602700237,12.543854931329582,0.6732614737176195,-0.007855729503559618
3491,training,0,0.024574708193540573,0.009989701602700237,12.583997275779748,0.6728493001865675,-0.011300473503420642
3492,training,0,0.014765355736017227,0.009989701602700237,12.623827590474939,0.672433404777177,-0.009317872261769963
3493,training,0,0.02908781636506319,0.009989701602700237,12.66390114756126,0.6721370792864597,-0.004711542832550446
3494,training,0,0.020263166166841984,0.016963587352015738,12.703844714747838,0.6720176180678015,-0.0014401317259861777
3495,training,0.0042462954,0.05563277564942837,0.016963587352015738,12.743759035186288,0.6720214400644955,0.0012654377672478632
3496,training,0,0.005359083414077759,0.016963587352015738,12.783885216237852,0.6721193236400606,0.0039942084537243575
3497,training,0.004401607,0.06067187525331974,0.016963587352015738,12.843650190788075,0.6725922072244856,0.012490656523856126
3498,training,0,0.04461643844842911,0.016963587352015738,12.863689643546715,0.6728729331363184,0.01624289134334565
3499,training,0,0.0417542289942503,0.016963587352015738,12.903662064319645,0.6736547152161785,0.022371685320854796
3500,training,0,0.04206533171236515,0.013113911327611251,12.943491729167823,0.6746511446857925,0.02728434110191972
3501,training,0,0.026774560101330284,0.013113911327611251,12.983588668457935,0.6758076959570507,0.03031761202006355
3502,training,0,0.03523034788668156,0.013113911327611251,13.023421218695468,0.6770409582668461,0.031086347313191043
3503,training,0,0.012449204921722412,0.013113911327611251,13.063397777427557,0.6782641479305304,0.029536770902175775
3504,training,0,0.02751465141773224,0.013113911327611251,13.103529097351462,0.6793722529649142,0.025289260024210142
3505,training,0,0.021258233115077012,0.013113911327611251,13.143346894028449,0.6803263107952435,0.02219473443582637
3506,training,0,0.0127108134329319,0.01674053383847174,13.16337172961739,0.6807555961214499,0.02029319797144912
3507,training,0,0.014927852898836136,0.01674053383847174,13.20356119982218,0.6814761941896134,0.015118109523412781
3508,training,0,0.0035974644124507904,0.01674053383847174,13.243398350719277,0.6819653255713304,0.009497259304459035
3509,training,0,0.005954893305897713,0.01674053383847174,13.303642191357591,0.6822749310555304,1.4013032330663955e-06
3510,training,0,0.007796624675393108,0.01674053383847174,13.323562986984687,0.6822450973857356,-0.0032095930040586564
3511,training,0,0.011513103265315294,0.01674053383847174,13.363497554262395,0.6820029562488503,-0.007926746463359932
3512,training,0,0.04343697428703308,0.012024670462567645,13.40365058157805,0.6816523582854506,-0.008567571829873917
3513,training,0,0.01656617969274521,0.012024670462567645,13.443472314288002,0.6813525154608575,-0.005670272515363655
3514,training,0,0.03351442888379097,0.012024670462567645,13.483480026674538,0.6812267858214486,-0.0018877863099506763
3515,training,0,0.0024429801851510984,0.012024670462567645,13.523479521270177,0.6811466654470864,-0.0035925079369722632
3516,training,0,7.608765736222267e-05,0.012024670462567645,13.563365973960853,0.6808149222702533,-0.011403365096076328
3517,training,0,0.017527742311358455,0.012024670462567645,13.623495540089687,0.6800438596031203,-0.012848460629310185
3518,training,0,0.0030420590192079544,0.0066976580559471,13.643393636502399,0.6797961326181772,-0.012629802180735797
3519,training,0,0.009043795289471745,0.0066976580559471,13.683373199307344,0.6792911150064875,-0.013477897994656499
3520,training,0,0.0036531626246869564,0.0066976580559471,13.723511273566857,0.6786941752331289,-0.016154198480929676
3521,training,0,0.0009846189059317112,0.0066976580559471,13.763351991738004,0.6780073441527237,-0.018467720079990195
3522,training,0,0.01714717410504818,0.0066976580559471,13.803443524964086,0.6772367169425049,-0.019876385007034512
3523,training,0,0.017361462581902742,0.0066976580559471,13.863278781151415,0.6760596075931896,-0.017902466330380624
3524,training,0,0.01642730087041855,0.008613211094072978,13.90332913573098,0.6753950735437896,-0.01543743813292532
3525,training,0,0.024875973351299763,0.008613211094072978,13.943309098245892,0.6748267773636001,-0.012806921876171117
3526,training,0,0.018793725408613682,0.008613211094072978,13.983189029998549,0.6743829161438104,-0.0096787781578202
3527,training,0,0.02943092305213213,0.008613211094072978,14.02332353497989,0.67403363530136,-0.007699609579299872
3528,training,0,0.02013213513419032,0.008613211094072978,14.043270906087518,0.6738887850868728,-0.007040266662704101
3529,training,0,0.02093906793743372,0.008613211094072978,14.083132511925426,0.673669885567159,-0.004208348890240438
3530,training,0,0.020963340997695923,0.013281677343261133,14.123256804388495,0.6735478233057488,-0.0019490189710772916
3531,training,0,0.02490675821900368,0.013281677343261133,14.183086423831622,0.6734800145817396,-0.0004957968558655388
3532,training,0,0.027457918971776962,0.013281677343261133,14.203113832490011,0.6734775444697572,0.00010303678612102524
3533,training,0,0.03189690597355366,0.013281677343261133,14.243191766220754,0.6735022921329225,0.0009847836130962564
3534,training,0,0.025348705239593983,0.013281677343261133,14.283028818953932,0.673586945660595,0.0029673585553497985
3535,training,0,0.019132732413709164,0.013281677343261133,14.323116614822787,0.6737484545190093,0.005137332088140006
3536,training,0,0.013321182690560818,0.011660228614862834,14.382944952414295,0.6741347595432927,0.0075226519203889335
3537,training,0,0.002755184192210435,0.011660228614862834,14.423018641187673,0.6744547826809314,0.008207183020921037
3538,training,0,0.00549033842980862,0.011660228614862834,14.44311515847881,0.6746104535553364,0.007632325113607609
3539,training,0,0.01309187337756157,0.011660228614862834,14.482937978754038,0.6748935153802176,0.006125858773952684
3540,training,0,0.0008274000138044357,0.011660228614862834,14.522999669675807,0.6751051011881427,0.004522205505427522
3541,training,0,0.0009691398590803146,0.011660228614862834,14.5630160694193,0.6752617489046895,0.003406799840634939
3542,training,0,0.01565488614141941,0.010334003884566768,14.60291832757939,0.6753583762689591,0.000880624221388174
3543,training,0,0.0004940871149301529,0.010334003884566768,14.643098909104598,0.6753199959327156,-0.0031660216550702144
3544,training,0,0.007092517800629139,0.010334003884566768,14.682988728477396,0.6751074127434921,-0.007080278079879615
3545,training,0,0.0026070522144436836,0.010334003884566768,14.723003837458712,0.6747647111595706,-0.010166068860327174
3546,training,0,0.017527980729937553,0.010334003884566768,14.783008413729489,0.674050768708766,-0.012940920929574837
3547,training,0,0.008779750671237707,0.0036432580066700485,14.822978079374968,0.6735487522386456,-0.012267516446821933
3548,training,0,0.00401410972699523,0.0036432580066700485,14.843061432415407,0.673306560317002,-0.011824253664825214
3549,training,0,0.008653932251036165,0.0036432580066700485,14.882989116128375,0.6728389945151815,-0.011712605183984396
3550,training,0,0.01077583571895957,0.0036432580066700485,14.922935958851369,0.6723790915434416,-0.011596457313518514
3551,training,0,0.008520351257175207,0.0036432580066700485,14.963075675360571,0.6719090356722991,-0.01156420358862211
3552,training,0,0.007235791068524122,0.0036432580066700485,15.002903494100273,0.6714562259207747,-0.011396942318858135
3553,training,0,0.010661100037395954,0.012629143898146789,15.042963040918664,0.6710105156158461,-0.011122464851894515
3554,training,0,0.007627004291862249,0.012629143898146789,15.082970929753536,0.6705592467069492,-0.011413908439712633
3555,training,0,0.005694327410310507,0.012629143898146789,15.122865515515727,0.6701221608494949,-0.010744337152639907
3556,training,0,0.012757918797433378,0.012629143898146789,15.163007637036383,0.6697002022272285,-0.010388147134883353
3557,training,0,0.008268098812550306,0.012629143898146789,15.22283369954392,0.6690783446157692,-0.01002586096889544
3558,training,0,0.00592954782769084,0.012629143898146789,15.262962464962122,0.6686936560245722,-0.009210922225274873
3559,training,0,0.006459424701461103,0.007270379575184989,15.302853024508742,0.6683249145833019,-0.009224906208076828
3560,training,0,0.005665122997015715,0.007270379575184989,15.342833152862399,0.6679833477703231,-0.007998882853370437
3561,training,0,0.005971681792289019,0.007270379575184989,15.362919662565963,0.6678271567973121,-0.007557557190328516
3562,training,0,0.009545687586069107,0.007270379575184989,15.402834487282538,0.667528377895913,-0.007478970012915694
3563,training,0,0.006677960511296987,0.007270379575184989,15.442792412789924,0.6672436386077407,-0.00698961612912159
3564,training,0,0.007152472622692583,0.007270379575184989,15.482917634160577,0.6669661059776952,-0.006906370106315044
3565,training,0,0.00931517779827118,0.01798495521306308,15.522754697733346,0.6666987259971268,-0.00699906570448853
3566,training,0,0.008046912029385567,0.01798495521306308,15.56282846673268,0.6664170829157033,-0.007225780560817108
3567,training,0,0.0062783099710941315,0.01798495521306308,15.622738803912917,0.6659623161860909,-0.00786045353886005
3568,training,0,0.0012158853933215141,0.01798495521306308,15.642728278383457,0.6658073960170802,-0.007964681271329065
3569,training,0,0.0013579903170466423,0.01798495521306308,15.682877804000917,0.6654789324386401,-0.00837286657342855
3570,training,0,0.005446119233965874,0.01798495521306308,15.742702638814684,0.6649625413087897,-0.008658077402509347
3571,training,0,0.001703023910522461,0.02029467712297569,15.782843364754163,0.6646133019213043,-0.008900600568640756
3572,training,0,0.04449280444532633,0.02029467712297569,15.80281418706222,0.664430715220534,-0.009498449272972635
3573,training,0,0.042851896956562996,0.02029467712297569,15.84268156756428,0.6640514077378471,-0.00960351357535682
3574,training,0.005277138,0.05581842176616192,0.02029467712297569,15.902807542900122,0.6634769584514125,-0.01003938144850551
3575,training,0.0032941634,0.05849834717810154,0.02029467712297569,15.962684978856219,0.6628681734410062,-0.010722842145264663
3576,training,0,0.048785912338644266,0.02029467712297569,16.002808312481154,0.662420451623644,-0.011638644863953084
3577,training,0,0.04241361888125539,0.028046758992697915,16.022711922364408,0.6621945418858985,-0.011373519736115943
3578,training,0,0.038465739693492644,0.028046758992697915,16.062650371489827,0.6617683502685496,-0.0102826774599735
3579,training,0,0.040695824194699526,0.028046758992697915,16.10278199836574,0.6613713896548344,-0.009302599035074148
3580,training,0,0.043578952085226774,0.028046758992697915,16.142613025495013,0.6610217683680542,-0.008475131743166617
3581,training,0,0.03934468934312463,0.028046758992697915,16.18266696609202,0.6607062351566887,-0.00747144099706574
3582,training,0,0.03966434998437762,0.03394624880691087,16.222674107100346,0.6604231296140637,-0.00684237017865338
3583,training,0,0.004357512108981609,0.03394624880691087,16.26256375182281,0.6601824385243114,-0.005469260727943729
3584,training,0,0.011465597432106733,0.03394624880691087,16.28261325286823,0.6600790596423577,-0.0050433163338773675
3585,training,0,0.007216418627649546,0.03394624880691087,16.322655393960204,0.6598845182121658,-0.004855204488615829
3586,training,0,0.007574857241706923,0.03394624880691087,16.362522443139977,0.6597243657077243,-0.0033756148216748235
3587,training,0,0.012098004575818777,0.03394624880691087,16.422621580925046,0.6595851873310191,-0.0017379646351814205
3588,training,0,0.010177990421652794,0.037270735213679074,16.44251647783734,0.6595616661785796,-0.0007589993151297471
3589,training,0,0.009681235998868942,0.037270735213679074,16.482489003664377,0.6595790136108293,0.0014192672761924603
3590,training,0,0.014098960440605879,0.037270735213679074,16.542460042190196,0.6597456925216681,0.003946768518940691
3591,training,0,0.013252168893814087,0.037270735213679074,16.56239611868613,0.6598378273442066,0.005007421214492959
3592,training,0,0.023654703982174397,0.037270735213679074,16.60247677496253,0.6600807969785546,0.007261860420721103
3593,training,0,0.02352175023406744,0.037270735213679074,16.642394139402885,0.6604200556595687,0.0095535091028362
3594,training,0,0.02548359055072069,0.045157013915370046,16.702367281600537,0.6611207684423291,0.01388758941076077
3595,training,0,0.027370247058570385,0.045157013915370046,16.74233279953714,0.6617313847237639,0.016814870136666465
3596,training,0,0.03597342595458031,0.045157013915370046,16.78220654850226,0.6624741627652173,0.020178048057697316
3597,training,0,0.040317513048648834,0.045157013915370046,16.82232893179009,0.6633354240127168,0.02270594622600888
3598,training,0,0.04015169478952885,0.045157013915370046,16.862120566505563,0.6642968792110253,0.0255160555419524
3599,training,0,0.035734625067561865,0.045157013915370046,16.882076365232454,0.664822142223002,0.02684983950976501
3600,training,0,0.03832748671993613,0.044130261426221236,16.92218019284105,0.6659417967276267,0.02883650250777872
3601,training,0,0.03562296321615577,0.044130261426221236,16.981945136563795,0.6677378185622694,0.030932734287505478
3602,training,0,0.03868430620059371,0.044130261426221236,17.001965809176582,0.6683624003115743,0.03116168043973235
3603,training,0,0.029828184749931097,0.044130261426221236,17.061906207942762,0.6702271848148434,0.030944655371737247
3604,training,0,0.03903909539803863,0.044130261426221236,17.081838001206545,0.670848221740219,0.031094761033690552
3605,training,0,0.03692550724372268,0.044130261426221236,17.141955468118187,0.6727229788831885,0.03087338341586354
3606,training,0,0.029960626270622015,0.03442695537207009,17.18172790085707,0.6739645095442913,0.030964213735441122
3607,training,0,0.036011561285704374,0.03442695537207009,17.201723737850916,0.6745852447427237,0.030823708286653
3608,training,0,0.02745238086208702,0.03442695537207009,17.26172803845826,0.6764015766123656,0.029345392592391085
3609,training,0,0.037897355388849974,0.03442695537207009,17.301629580897288,0.6775610287997114,0.0284465488962083
3610,training,0,0.038564526941627264,0.03442695537207009,17.341772955652083,0.6786810141555272,0.0271140736722585
3611,training,0,0.025476814713329077,0.03442695537207009,17.361676262102627,0.6792158211520332,0.02644204674886616
3612,training,0,0.03791842795908451,0.010143771584365796,17.421602429801855,0.6807619772881933,0.024914962563340026
3613,training,0,0.023913439363241196,0.010143771584365796,17.44169256630241,0.6812537389251523,0.02410337264757574
3614,training,0,0.02189569547772407,0.010143771584365796,17.501501327672628,0.6826369848359207,0.02189889883028838
3615,training,0,0.02126187086105346,0.010143771584365796,17.541633389659477,0.683484433295754,0.020175110048197133
3616,training,0,0.02606475912034511,0.010143771584365796,17.561654730300138,0.6838788266985898,0.018950589133573593
3617,training,0,0.023473165929317467,0.007045983611639846,17.621507219970017,0.6849441396686005,0.016175310517047462
3618,training,0,0.021269397810101502,0.007045983611639846,17.66166392640405,0.6855459430389328,0.01383676803199713
3619,training,0,0.02286733314394951,0.007045983611639846,17.681536842226652,0.6858173648444338,0.012826265362907
3620,training,0,0.02240943722426892,0.007045983611639846,17.741589793050064,0.6864768169603798,0.008768636754619525
3621,training,0,0.009613679721951488,0.007045983611639846,17.761688314566772,0.6866296575488864,0.0071159480818391374
3622,training,0,0.008448524400591854,0.006355392957082464,17.82151392462354,0.68693492130341,0.002763966464116271
3623,training,0,0.007097300142049789,0.006355392957082464,17.841594859034462,0.6869779432894156,0.0013845569597354809
3624,training,0,0.015222050249576569,0.006355392957082464,17.88162115895978,0.6869748726329032,-0.0012511330954783205
3625,training,0,0.0069578867405653035,0.006355392957082464,17.941601601615943,0.6867849215424026,-0.005289916234625834
3626,training,0,0.009348342195153236,0.006355392957082464,17.981663160609664,0.6865114549472134,-0.007883744129809975
3627,training,0,0.0028866250067949295,0.006355392957082464,18.001578490184365,0.6863423261317211,-0.009207693480530913
3628,training,0,0.008689817041158676,0.012535244982641598,18.041610341996105,0.6859230340874419,-0.01216026883490054
3629,training,0,0.004080725833773613,0.012535244982641598,18.10162760347729,0.6850286329103683,-0.01755215042146047
3630,training,0,0.008135237731039524,0.012535244982641598,18.14162548844554,0.6842681578352884,-0.020696425489798168
3631,training,0,0.00726752309128642,0.012535244982641598,18.161727385035977,0.683836176694301,-0.022268418517179582
3632,training,0,0.006126328371465207,0.012535244982641598,18.201642133266166,0.6828750537991408,-0.025681157569233014
3633,training,0,0.010540943127125502,0.012535244982641598,18.241604456235407,0.6817949521437858,-0.02853550043597699
3634,training,0,0.020375629886984825,0.012114534544584237,18.301632111786635,0.6799489177172724,-0.03322962782974011
3635,training,0,0.019474785774946213,0.012114534544584237,18.321562223275777,0.6792677450059754,-0.035187096468844006
3636,training,0,0.03115374455228448,0.012114534544584237,18.361639088246694,0.6777790591188224,-0.03928794472962568
3637,training,0,0.036492129787802696,0.012114534544584237,18.42153273656144,0.6752264173252541,-0.04649444462879778
3638,training,0.00059035316,0.08662936836481093,0.012114534544584237,18.481652581202287,0.6721846061041902,-0.054669678088213734
3639,training,0.010342812,0.09672531113028526,0.012114534544584237,18.5413731538001,0.668712161341329,-0.0613248746814047
3640,training,0,0.04155778232961894,0.019599334931421037,18.561397215756053,0.6674656283731499,-0.06335911327520255
3641,training,0,0.03807094786316157,0.019599334931421037,18.601404615689823,0.6648672210615808,-0.0657098087860307
3642,training,0,0.032390766777098186,0.019599334931421037,18.621248176950402,0.6635591641260489,-0.06615724571081331
3643,training,0.0022815329,0.053328572772443295,0.019599334931421037,18.681197664842987,0.6596089873023205,-0.06505355140525108
3644,training,0,0.018207579851150506,0.019599334931421037,18.720943918658808,0.6570675564900588,-0.0631042145166098
3645,training,0,0.01774208992719651,0.019599334931421037,18.74083631726403,0.655836146729263,-0.06040507032638617
3646,training,0,0.015892267227172845,0.008499080585842738,18.780849993900404,0.6535457167784484,-0.05327156608589137
3647,training,0,0.020358201116323485,0.008499080585842738,18.820674191037334,0.6515856357397644,-0.04529221436471758
3648,training,0,0.0012623779475689004,0.008499080585842738,18.860532775290594,0.649943327498856,-0.037048557871142244
3649,training,0,0.016284145414829254,0.008499080585842738,18.88058189800853,0.6492358744003692,-0.0325991799943264
3650,training,0,0.017583139240741737,0.008499080585842738,18.940378959169006,0.647658964743028,-0.02063983189857537
3651,training,0,0.011348113417625427,0.008499080585842738,18.96035653923252,0.6472794021591844,-0.017671032984743915
3652,training,0,0.006669526919722557,0.009569943555710088,19.02038881090152,0.6464373141642463,-0.010550769566517324
3653,training,0,0.01131368055939675,0.009569943555710088,19.06025361911398,0.6461186390940687,-0.005629303706752423
3654,training,0,0.01029647700488567,0.009569943555710088,19.080298949650565,0.646025645624198,-0.0033875548253091696
3655,training,0,0.0001414753496646881,0.009569943555710088,19.14021087662217,0.6459895599639188,0.0021498904293661344
3656,training,0,0.012268362566828726,0.009569943555710088,19.16017005954835,0.6460557507719623,0.004234100242336388
3657,training,0,0.03101525641977787,0.009569943555710088,19.200281055549873,0.6463039352419436,0.008631182132899956
3658,training,0,0.03264938294887543,0.009538274708788607,19.24011705672941,0.6467431439826391,0.013577607348260724
3659,training,0,0.02567877760156989,0.009538274708788607,19.300122905714865,0.6478460629867144,0.023349983971739166
3660,training,0,0.018741073552519083,0.009538274708788607,19.339988800625605,0.6488682557048535,0.027620226247189433
3661,training,0,0.00569683127105236,0.009538274708788607,19.35990704639859,0.6494394615494439,0.029418387321832325
3662,training,0,0.012982198968529701,0.009538274708788607,19.39997015308248,0.6506730590636154,0.03134656036586244
3663,training,0,0.005297793075442311,0.009538274708788607,19.439923905690733,0.6518930836684194,0.028597373393912058
3664,training,0,0.025047870352864265,0.012903855700807121,19.479859998969236,0.6529575506087549,0.024266811355023944
3665,training,0.0071450314,0.05520180216990411,0.012903855700807121,19.53997820358533,0.6541342084859927,0.013649322478749861
3666,training,0.0088515775,0.06554049253463745,0.012903855700807121,19.57993965553051,0.6544908655184327,0.003431235452045023
3667,training,0.0027772496,0.09925270080566406,0.012903855700807121,19.620213017004236,0.6543744539423831,-0.010201400799820253
3668,training,0.0021344079,0.1428630892187357,0.012903855700807121,19.6802029237019,0.6529838523213775,-0.0389092811206473
3669,training,0.012865558,0.149812962859869,0.01200088309639855,19.720489587903245,0.6509556319644829,-0.06208699462047754
3670,training,0,0.040252267383039,0.01200088309639855,19.74048673482997,0.649602028404762,-0.07307900874683976
3671,training,0,0.035309757106006145,0.01200088309639855,19.78026118112558,0.6464149952273868,-0.08421323451144455
3672,training,0,0.012573486194014553,0.01200088309639855,19.820253866469574,0.6429475894818412,-0.08810509766461116
3673,training,0,0.016727557405829433,0.01200088309639855,19.859967926053468,0.6394863360095382,-0.08614015372649543
3674,training,0,0.031184677034616477,0.017717746170444013,19.89974714755008,0.6361953010779061,-0.07817850390606128
3675,training,0,0.04054174944758415,0.017717746170444013,19.939697913782815,0.6333000602672401,-0.06517843924951398
3676,training,0,0.019972347654402256,0.017717746170444013,19.95954039313505,0.6320500265617114,-0.0631218355412608
3677,training,0,0.010772357694804668,0.017717746170444013,20.01943108723995,0.6282903226306853,-0.06124494192380387
3678,training,0.0059650457,0.061034414917230606,0.017717746170444013,20.059291113821587,0.6258977556388673,-0.05925482191413387
3679,training,0.0037727444,0.07971491664648056,0.017717746170444013,20.139230840248445,0.6211164676341216,-0.06225465666911004
3680,training,0.004534165,0.09080569539219141,0.033313797996080294,20.159164360724798,0.6198478587792585,-0.06606697536877323
3681,training,0.0025993467,0.1027909442782402,0.033313797996080294,20.19903988647927,0.6169644386909432,-0.07989317883319264
3682,training,0.0045936997,0.08084891363978386,0.033313797996080294,20.239142301441692,0.6134195760308896,-0.09610161638952133
3683,training,0,0.01729218102991581,0.033313797996080294,20.259032188586342,0.6114569377871327,-0.10023384268406108
3684,training,0,0.02900802530348301,0.033313797996080294,20.298598520704306,0.6074501244121047,-0.0987949624489927
3685,training,0,0.04839704744517803,0.033313797996080294,20.338490905603887,0.6036525525549903,-0.08982290934401928
3686,training,0,0.04197785072028637,0.05535852747806762,20.37812796450092,0.6003623685480591,-0.07613840485165053
3687,training,0,0.015766754746437076,0.05535852747806762,20.397980086113304,0.5989139655508463,-0.06983378531624514
3688,training,0,0.005397418048232794,0.05535852747806762,20.437956083688537,0.5963450689647747,-0.059323451552900607
3689,training,0,0.021777858957648277,0.05535852747806762,20.477772974292762,0.5941211685176138,-0.05425606695675069
3690,training,0,0.02293613785877824,0.05535852747806762,20.51767418832233,0.5919621523428151,-0.05543235714041775
3691,training,0,0.00429903902113438,0.05535852747806762,20.57761216875265,0.5885205948871821,-0.05852136880142877
3692,training,0,0.009456412866711617,0.047341371661460574,20.617458520772313,0.5862314671467623,-0.0559676250842163
3693,training,0,0.0002735927700996399,0.047341371661460574,20.657524919869626,0.5840898975382263,-0.04988138211542336
3694,training,0,0.0036373739130794985,0.047341371661460574,20.677396890733434,0.5831314968127431,-0.04726977085090885
3695,training,0,0.00393333937972784,0.047341371661460574,20.71723807966027,0.5813293466455354,-0.04422992760413824
3696,training,0,0.0032181404531002045,0.047341371661460574,20.757342576672364,0.5795719616155308,-0.042984085032351155
3697,training,0,0.004481814801692961,0.047341371661460574,20.797130239870544,0.5779003450190178,-0.040732119084470345
3698,training,0,0.014541863929480314,0.026110869451672698,20.857177450442922,0.5756062031187761,-0.035890615550194356
3699,training,0,0.016264027915894985,0.026110869451672698,20.897001748754988,0.5742425027471677,-0.03238091015605031
3700,training,0,0.005038741044700146,0.026110869451672698,20.916938369181565,0.5736210237555545,-0.030137278863913437
3701,training,0,0.016803519800305367,0.026110869451672698,20.957029228531344,0.5724990994427146,-0.0256962600405533
3702,training,0,0.024938641116023064,0.026110869451672698,21.016826232420502,0.571114605449902,-0.020684239347169342
3703,training,0.001634385,0.0633164495229721,0.026110869451672698,21.056904046186354,0.570371376129422,-0.015960629974059105
3704,training,0,0.036493086256086826,0.021201487265926473,21.096784949438522,0.569841875356002,-0.007969749892484236
3705,training,0,0.03722833562642336,0.021201487265926473,21.13664035364636,0.5697940312327039,0.0028967255276831495
3706,training,0,0.045274000614881516,0.021201487265926473,21.17678797758331,0.5700226075997729,0.0046517722138919295
3707,training,0,0.04388506663963199,0.021201487265926473,21.216636391550725,0.5700085471531526,-0.005705486294854905
3708,training,0,0.04813064215704799,0.021201487265926473,21.25676011773949,0.5695890724919316,-0.015312392529048032
3709,training,0,0.0064840130507946014,0.021201487265926473,21.276897465387137,0.5692235042781106,-0.02052521797859217
3710,training,0,0.02684042602777481,0.016698145434783852,21.316767478039605,0.5682312382156565,-0.02732471942721383
3711,training,0,0.03487451747059822,0.016698145434783852,21.356775197065335,0.5671497171409318,-0.0250559471617551
3712,training,0,0.019132420420646667,0.016698145434783852,21.396787242091513,0.5662488039268861,-0.01929626939550581
3713,training,0,0.004581019282341003,0.016698145434783852,21.45664195447274,0.5653388045933803,-0.012182654600109253
3714,training,0,0.007542224135249853,0.016698145434783852,21.476730360578372,0.5651025275751449,-0.011419677247533361
3715,training,0,0.012319144792854786,0.016698145434783852,21.536572079116628,0.5644361808053997,-0.01076333964029138
3716,training,0,0.016026222266191326,0.021255139261275927,21.55659291824384,0.5642284194346456,-0.010056446122973354
3717,training,0,0.014402378350496292,0.021255139261275927,21.59668754247662,0.563859286801342,-0.008149497454460733
3718,training,0,0.015338022261857986,0.021255139261275927,21.636515057863623,0.5636020582131642,-0.005093342101803012
3719,training,0,0.03271821606904268,0.021255139261275927,21.676591360404043,0.5634564241310903,-0.0020760289070450473
3720,training,0,0.03131912706885487,0.021255139261275927,21.7165387810005,0.5634275266917127,0.0008830922760043694
3721,training,0,0.007562797516584396,0.021255139261275927,21.756428662509297,0.5635712646568988,0.006469023674358136
3722,training,0,0.00096869096159935,0.015392414478255446,21.816430905208374,0.564221329163659,0.015057457662890903
3723,training,0,0.020177194848656658,0.015392414478255446,21.856274850259947,0.5649694830245408,0.022363890386883797
3724,training,0,0.0023144148290157388,0.015392414478255446,21.876300833207083,0.565456072763586,0.02705450300653899
3725,training,0,0.0034384336322546005,0.015392414478255446,21.9162338009583,0.5667187822867527,0.035788306249563265
3726,training,0,0.00967016629874706,0.015392414478255446,21.95601211557621,0.568314786808246,0.04346301233529514
3727,training,0,0.004130025859922171,0.015392414478255446,21.996061852587395,0.5701656694462133,0.048128661199533664
3728,training,0,0.0025325180031359187,0.02433794594121661,22.055755862862835,0.5731444652736772,0.051449328262427645
3729,training,0,0.00711745023727417,0.02433794594121661,22.095794609680944,0.5752338071037733,0.05256400501042712
3730,training,0,0.011874523013830185,0.02433794594121661,22.11577804877371,0.5762892038328085,0.05266358682689794
3731,training,0,0.015947059728205204,0.02433794594121661,22.15551405099166,0.5784364562016971,0.05516575097587187
3732,training,0,0.019618399441242218,0.02433794594121661,22.195517891468437,0.5806992783709133,0.05757061477846169
3733,training,0,0.019379982724785805,0.02433794594121661,22.23534717597351,0.5830159595789464,0.05848930501065199
3734,training,0,0.025039024651050568,0.03335320166818913,22.275200648310133,0.5853809094041915,0.05974656179674515
3735,training,0,0.031286709010601044,0.03335320166818913,22.315220224201084,0.5877937098899091,0.06032286048789751
3736,training,0,0.0425881240516901,0.03335320166818913,22.35495589678483,0.5902289517734753,0.06210995728661611
3737,training,0.042589515,0.05916332080960274,0.03335320166818913,22.414899811900124,0.5940715694375607,0.06581100365064997
3738,training,0.04017839,0.06349679827690125,0.03335320166818913,22.454615392802534,0.5967619601795491,0.07000587269294326
3739,training,0.0027881898,0.05032080877572298,0.03335320166818913,22.494489889798224,0.5996636674258145,0.07534351212558056
3740,training,0,0.023037038743495934,0.010094664281501183,22.534415399119403,0.6027310029997207,0.07615958391543179
3741,training,0,0.030658941715955734,0.010094664281501183,22.574133616296173,0.605721546102049,0.0726164592103595
3742,training,0,0.03806208446621894,0.010094664281501183,22.61416929652215,0.6085433055971835,0.06799076403101087
3743,training,0.0020700207,0.054354447405785315,0.010094664281501183,22.65397585622765,0.6111851868074317,0.06499196284174516
3744,training,0,0.036683885380625725,0.010094664281501183,22.693870997006012,0.6137463482534387,0.06295066784267611
3745,training,0,0.037796011194586754,0.010094664281501183,22.733910366857042,0.616220239563323,0.05989368242158214
3746,training,0,0.03050882183015346,0.008265227874934273,22.75374847541277,0.6174006513971337,0.05878601307323555
3747,training,0,0.034290706738829606,0.008265227874934273,22.79363932732058,0.6197047660818406,0.05631524078288598
3748,training,0,0.021139396354556084,0.008265227874934273,22.833719644760148,0.6219039879274645,0.05260506632997379
3749,training,0,0.01139900833368302,0.008265227874934273,22.873488926589108,0.623924657677807,0.048475218052413865
3750,training,0,0.0058641619980335236,0.008265227874934273,22.93363435977264,0.6265938096901789,0.03905273690275352
3751,training,0,0.022557754069566727,0.008265227874934273,22.953556079683995,0.6273279737750251,0.03448268959838544
3752,training,0,0.04731618613004685,0.01281334895849722,22.993495487028348,0.6285135764731412,0.0237044126335964
3753,training,0,0.04583428427577019,0.01281334895849722,23.03377422440024,0.6291702521904863,0.007760792991338244
3754,training,0,0.02506451867520809,0.01281334895849722,23.093749735482024,0.6288756394754859,-0.0167947492726448
3755,training,0,0.01332394196651876,0.01281334895849722,23.11382821535517,0.6284819270940905,-0.022031242351260895
3756,training,0,0.010046370327472687,0.01281334895849722,23.15399093140872,0.6274324103517427,-0.029433683979486026
3757,training,0,0.013737954199314117,0.006488219146922127,23.19382794632261,0.6262283863894539,-0.029949159843884566
3758,training,0,0.015069968067109585,0.006488219146922127,23.25393142320581,0.6245212992360246,-0.026480027019246684
3759,training,0,0.017560694366693497,0.006488219146922127,23.29372506728265,0.6235283750443459,-0.023697298991075894
3760,training,0,0.018400417640805244,0.006488219146922127,23.31372864671684,0.623070946060426,-0.022042903421321466
3761,training,0,0.014846487902104855,0.006488219146922127,23.353844929096642,0.6222416984424224,-0.01870848943968437
3762,training,0,0.01428123377263546,0.006488219146922127,23.413629617577428,0.6212712269940398,-0.01412464919413445
3763,training,0,0.014933726750314236,0.009996541781538618,23.453761097006307,0.6207510104435074,-0.01142695447027465
3764,training,0,0.019322960171848536,0.009996541781538618,23.47366683872229,0.6205374026402696,-0.010384654184096084
3765,training,0,0.017398343421518803,0.009996541781538618,23.533609237377675,0.6200464573257893,-0.006291543755713307
3766,training,0,0.007955813314765692,0.009996541781538618,23.553693083876592,0.61992340019364,-0.0056975034083375726
3767,training,0,0.005711780395358801,0.009996541781538618,23.613516259823584,0.6196092405269685,-0.004927648084363813
3768,training,0,0.010811430867761374,0.009996541781538618,23.633561196346808,0.619514634834814,-0.004762333403308357
3769,training,0,0.007543835788965225,0.016793669045174587,23.693516471408017,0.6192295927220601,-0.004570369098810818
3770,training,0,0.001027534221066162,0.016793669045174587,23.713476513111384,0.6191475915959214,-0.0038731288962881106
3771,training,0,0.00605706125497818,0.016793669045174587,23.75359837295021,0.6190187453246883,-0.003048375914825173
3772,training,0,0.01059041731059551,0.016793669045174587,23.793487076883764,0.6188851510575538,-0.003725836738945052
3773,training,0,0.01000950951129198,0.016793669045174587,23.853546391085857,0.6186422824098349,-0.004431508399185616
3774,training,0,0.01731794700026512,0.016793669045174587,23.873578999629103,0.6185436399222057,-0.004805930421462035
3775,training,0,0.009310080204159021,0.013755290006346234,23.91341125724465,0.618367531845245,-0.004270214756215862
3776,training,0,0.00870507353101857,0.013755290006346234,23.97354474089338,0.618171689600934,-0.002329101485218948
3777,training,0,0.01694118371233344,0.013755290006346234,23.99345224146265,0.6181352595908359,-0.0017869744939831614
3778,training,0,0.0327594755217433,0.013755290006346234,24.033359943502134,0.6181086251533434,0.0005728929055841256
3779,training,0.00552753,0.051745492964982986,0.013755290006346234,24.093397165743482,0.6183008792178948,0.006170652360270059
3780,training,0.0047377865,0.07085333205759525,0.013755290006346234,24.153274647470333,0.618972035394907,0.016855798709621915
3781,training,0.003999586,0.09622554294764996,0.012025922429870477,24.19325673284452,0.61982807228007,0.026854618025360554
3782,training,0.0049892743,0.09103482775390148,0.012025922429870477,24.23297200670401,0.6212045839388043,0.04324978455767037
3783,training,0.0033713384,0.06669286824762821,0.012025922429870477,24.272948921637205,0.6232335565794024,0.057438101702927506
3784,training,0.004354122,0.05030720867216587,0.012025922429870477,24.312690583235657,0.6256644745873803,0.06279011442655616
3785,training,0.008015653,0.056534169241786,0.012025922429870477,24.352577232199742,0.6282080076667453,0.0631549808190909
3786,training,0.003736993,0.06548522599041462,0.012025922429870477,24.392544203366825,0.6307166901281468,0.06297023157660202
3787,training,0.0019812924,0.07898158952593803,0.027616177986934186,24.452138765544408,0.6347701167067865,0.0756121476032238
3788,training,0,0.0418161079287529,0.027616177986934186,24.47211243200097,0.6363306720223934,0.08017254377653812
3789,training,0,0.031873279716819525,0.027616177986934186,24.49204703128228,0.6379644639486902,0.08241043273674856
3790,training,0.043325312,0.05592716485261917,0.027616177986934186,24.531704723361386,0.6412775260401677,0.08377903299509129
3791,training,0.005176613,0.0833278689533472,0.027616177986934186,24.59152692411319,0.6464074974884945,0.08770751790174401
3792,training,0.0058988864,0.09380608797073364,0.027616177986934186,24.631209028561795,0.649978155965834,0.09245294343263995
3793,training,0.0036131814,0.05968180298805237,0.024129424961492656,24.69091274682403,0.6557794717958322,0.10027517503071073
3794,training,0.0031469748,0.05357457511126995,0.024129424961492656,24.730592001827937,0.6597747616181263,0.10000043304823122
3795,training,0,0.03002974111586809,0.024129424961492656,24.770410138216054,0.6637493578012437,0.09781571126187845
3796,training,0,0.02328965626657009,0.024129424961492656,24.790371983325215,0.6657043349937306,0.09759661525161104
3797,training,0,0.04762175865471363,0.024129424961492656,24.810270684606078,0.6676525479861206,0.09764582071801477
3798,training,0.010418488,0.07401184341870248,0.024129424961492656,24.849817514710832,0.6716962796396092,0.10702389288425021
3799,training,0.0013251584,0.1103209163993597,0.03603410990791371,24.90930681714426,0.6786944238103814,0.12749820168079343
3800,training,0.010894722,0.07837162539362907,0.03603410990791371,24.94868359061373,0.6841285307088292,0.14740725870869464
3801,training,0.009798262,0.10320647433400154,0.03603410990791371,25.007628870417705,0.6938363025208268,0.17818219956250983
3802,training,0.0029100832,0.1354611311107874,0.03603410990791371,25.04672785489118,0.7013422854020593,0.2023131143616769
3803,training,0.0020852394,0.17348570609465241,0.03603410990791371,25.08545372710261,0.7099431723737919,0.23510074999566888
3804,training,0.0037520872,0.16565521154552698,0.05428903380446662,25.123938758106895,0.7198199289902298,0.2673678085068881
3805,training,0.0010188451,0.1523866169154644,0.05428903380446662,25.162177826264358,0.7309662156302811,0.3013710157997446
3806,training,0.00793907,0.10400199145078659,0.05428903380446662,25.19982225712088,0.7432684779824043,0.32902663489018985
3807,training,0.0016466874,0.12547930609434843,0.05428903380446662,25.237482623712026,0.7566077673147235,0.3515840287286043
3808,training,0.0034568463,0.16351207625120878,0.05428903380446662,25.274632640211546,0.7707783138274831,0.37881604682951364
3809,training,0.0023568044,0.20255420601461083,0.05428903380446662,25.31126641406821,0.7860085235694351,0.4099244730323434
3810,training,0.005049494,0.21099700033664703,0.1170149864359162,25.347447293718343,0.8025525285261798,0.44846036658120564
3811,training,0.0012465139,0.19659281894564629,0.1170149864359162,25.382443180960603,0.8197772390352449,0.4594343464202252
3812,training,0.032850966,0.17450661212205887,0.1170149864359162,25.400370432497933,0.8286343973446834,0.4578871318910644
3813,training,0.014616531,0.11889839125797153,0.1170149864359162,25.436362171471757,0.8462871752750837,0.45343310606711024
3814,training,0.00611414,0.07226100564002991,0.1170149864359162,25.472242007349106,0.8637156950718037,0.45218563662846306
3815,training,0,0.024524003267288222,0.1170149864359162,25.508143367430346,0.8812841658769853,0.4598476951727314
3816,training,0,0.03862908482551576,0.1170149864359162,25.526016092383035,0.8902035380406433,0.4661664478835721
3817,training,0.0066620186,0.08937457948923111,0.15210522772438942,25.579031237985127,0.9176174346700547,0.4888713934718135
3818,training,0.0016437991,0.06430625170469284,0.15210522772438942,25.61417496492342,0.9365892541644985,0.49913792411036983
3819,training,0,0.016092926263809176,0.15210522772438942,25.63167021141944,0.9461710572335132,0.5039015563388576
3820,training,0,0.01943911612033844,0.15210522772438942,25.666232970667394,0.965863406572481,0.5344471991268421
3821,training,0,0.04663865268230438,0.15210522772438942,25.683216723649288,0.9761277269131481,0.553393693137496
3822,training,0,0.029470324516296387,0.15210522772438942,25.716484107174296,0.9975851947762371,0.5933962930371369
3823,training,0,0.04759225249290466,0.14873902029350294,25.748961632465868,1.0204992226830267,0.6353462065993923
3824,training,0.012470016,0.10276162624359136,0.14873902029350294,25.795535767726307,1.0571791981815186,0.6986053734230152
3825,training,0,0.04571126401424408,0.14873902029350294,25.825346374555103,1.0834463401421681,0.7486069365485367
3826,training,0,0.023464500904083252,0.14873902029350294,25.839690980908237,1.0971255520118401,0.7747748402119174
3827,training,0,0.008325517177581815,0.14873902029350294,25.867084609084042,1.1254206271494653,0.8273238955076122
3828,training,0,0.0031075775623321533,0.16351293641254913,25.893146195179522,1.1552020341975768,0.875703166750957
3829,training,0.0056094807,0.07115307450294495,0.16351293641254913,25.92947914480121,1.202127316312892,0.9506784564223499
3830,training,0,0.0398116409778595,0.16351293641254913,25.951760627336853,1.234698678996682,0.9884765938836108
3831,training,0,0.013288602232933017,0.16351293641254913,25.962525058024358,1.2513540600317354,1.0052341131062554
3832,training,0,0.011104568839073181,0.16351293641254913,25.98334074703925,1.2853763309850736,1.0387770864339299
3833,training,0.004162382,0.06517669558525083,0.16351293641254913,26.012171221354606,1.3373352044121896,1.088818349495216
3834,training,0,0.03827240318059921,0.16551632988294956,26.029943086895365,1.3729544647636165,1.1282235120401836
3835,training,0.022614608,0.06271559000015259,0.16551632988294956,26.046396064913196,1.409153830000683,1.1586073745907017
3836,training,0.01037408,0.18554870784282684,0.16551632988294956,26.06180470502871,1.4457754506825906,1.1860714623897741
3837,training,0.006331779,0.12478937767446041,0.16551632988294956,26.076015624686974,1.4826304699074702,1.221982226149452
3838,training,0.01394669,0.11386673897504807,0.16551632988294956,26.088961382757,1.5200847721862012,1.2511961476916396
3839,training,0,0.04275277256965636,0.16551632988294956,26.100895068015536,1.5579298825220427,1.2795321133155437
3840,training,0,0.009940661489963545,0.10608628995939046,26.11191830672802,1.5961976436402499,1.3003539122684296
3841,training,0,0.03470644354820254,0.10608628995939046,26.117158232544508,1.6154790007365247,1.3096592905332174
3842,training,0,0.01147565245628357,0.10608628995939046,26.12699487062037,1.6538449288334514,1.3303159153485962
3843,training,0,0.014509305357933044,0.10608628995939046,26.14017874949276,1.71215028660621,1.3658721837946457
3844,training,0,0.021708063781261458,0.10608628995939046,26.14412369693402,1.7317043377438293,1.3784641367460342
3845,training,0,0.015014052391052246,0.10608628995939046,26.151237640975065,1.770708274887419,1.4005009766745444
3846,training,0,0.038180604577064514,0.06121027621636386,26.15762125775684,1.810153151274107,1.4199460640774841
3847,training,0,0.0233359858393669,0.06121027621636386,26.163241799999362,1.8495654154528687,1.4406589004086765
3848,training,0,0.007830128073692322,0.06121027621636386,26.167879979128852,1.888999136929945,1.466138485212237
3849,training,0,0.04961368441581725,0.06121027621636386,26.171599444347198,1.9288135967956501,1.4892516429900182
3850,training,0,0.044825077056884766,0.06121027621636386,26.174414175233228,1.9684245940447413,1.5097667808482425
3851,training,0,0.015874862670898438,0.06121027621636386,26.176430214686675,2.008233311718214,1.5318366704200488
3852,training,0.0017566392,0.057066261768341064,0.04628507993952544,26.17761656350293,2.0678489920593717,1.5732934607482603
3853,training,0.0256707,0.06639494746923447,0.04628507993952544,26.176730259286483,2.1074813710968847,1.6140012785589226
3854,training,0.0048196083,0.07644060254096985,0.04628507993952544,26.17429543787642,2.1470438046701723,1.6497027631086538
3855,training,0.0033643986,0.060138121247291565,0.04628507993952544,26.17037187164528,2.1866397856783606,1.690439710001606
3856,training,0.0074174306,0.0645454004406929,0.04628507993952544,26.16488297841751,2.2258765381892527,1.7268385013680472
3857,training,0,0.03340165317058562,0.04628507993952544,26.15809692476198,2.265103826003477,1.7564942459319461
3858,training,0,0.026771720498800278,0.07529135554852197,26.15022535610853,2.3041846245415654,1.7831053118865883
3859,training,0.005147768,0.07331583090126514,0.07529135554852197,26.141498420447103,2.3429385995360126,1.8003274511912386
3860,training,0,0.0405940730124712,0.07529135554852197,26.132113955077653,2.3818954979830638,1.8130816239081173
3861,training,0.004741273,0.061959720216691494,0.07529135554852197,26.12238119896035,2.4204632516059,1.8229638416633716
3862,training,0,0.011999829672276974,0.07529135554852197,26.112235152010502,2.4590772747809915,1.832398402341912
3863,training,0,0.01331462524831295,0.07529135554852197,26.101792604480913,2.4978043541381703,1.83392127697792
3864,training,0,0.01020847074687481,0.012168468810078327,26.09662188096412,2.516993760137136,1.833278154598655
3865,training,0,0.016084736213088043,0.012168468810078327,26.08628872946999,2.555607525701117,1.8311712703182355
3866,training,0,0.0010173656046390533,0.012168468810078327,26.075977140760518,2.594424513202037,1.8311219667321676
3867,training,0,0.005890353117138147,0.012168468810078327,26.065658980078386,2.6328236308222266,1.835593893629323
3868,training,0,0.034873489290475845,0.012168468810078327,26.05507651313672,2.6714525510872504,1.84007386520279
3869,training,0,0.013716574758291245,0.012168468810078327,26.039001363830128,2.729113705579893,1.847221220843611
3870,training,0,0.0062389373779296875,0.05548013769474461,26.033507254294488,2.7482962436234866,1.8524607780843427
3871,training,0.0075515476,0.05158812738955021,0.05548013769474461,26.016333620442285,2.805732969365478,1.8714386425807115
3872,training,0,0.024341287091374397,0.05548013769474461,26.004333176601982,2.843651635414889,1.8811887130215568
3873,training,0,0.019025376066565514,0.05548013769474461,25.992024643256894,2.8817925335318204,1.883862701778858
3874,training,0,0.003185458481311798,0.05548013769474461,25.985864835208382,2.9007846903412697,1.8849123925566806
3875,training,0,0.029571712017059326,0.05548013769474461,25.97346389732917,2.9385866281863042,1.8912224844009173
3876,training,0,0.0015288256108760764,0.04833570734726528,25.96069091065038,2.976526506313089,1.9001971685758665
3877,training,0,0.02573702484369278,0.04833570734726528,25.940955435591082,3.0329026169664908,1.9162115567499547
3878,training,0,0.04372540023177862,0.04833570734726528,25.934134212296723,3.05167218024599,1.9229591330183666
3879,training,0,0.007832314819097526,0.04833570734726528,25.91298458180513,3.107685124279565,1.939585282539567
3880,training,0,0.00622597336769104,0.04833570734726528,25.898421437855788,3.144753371972783,1.9503916382195075
3881,training,0,0.02052336372435093,0.04833570734726528,25.89097001865629,3.163305046135147,1.9540598911625926
3882,training,0,0.049652474001049995,0.04248941536489031,25.86839366365674,3.218712787517957,1.9613029564542017
3883,training,0,0.036801138892769814,0.04248941536489031,25.86077039496103,3.2371606630306884,1.9643080434203428
3884,training,0,0.03828995116055011,0.04248941536489031,25.845360002382225,3.274011124040372,1.9682718932146546
3885,training,0,0.008556485176086426,0.04248941536489031,25.829854823609754,3.310783099465656,1.971709754452029
3886,training,0,0.045099416747689254,0.04248941536489031,25.814178665309573,3.34753664810461,1.9754852255111828
3887,training,0.0047950614,0.08623680658638476,0.04248941536489031,25.790548017714908,3.402570176343293,1.9776134569439563
3888,training,0.0054078265,0.07031697407364847,0.040853926937887294,25.774668393734558,3.4392109190585542,1.981874913525564
3889,training,0,0.03927087038755417,0.040853926937887294,25.75863375279061,3.475701724114316,1.9891917917468378
3890,training,0.0039036567,0.08203663676977158,0.040853926937887294,25.74222385453621,3.5120213296716702,2.0015066936254833
3891,training,0,0.0011559948325157166,0.040853926937887294,25.725335185703738,3.548090983216811,2.015348911504902
3892,training,0.03202238,0.06654934585094455,0.040853926937887294,25.707922188728617,3.584025408693564,2.0290152210167287
3893,training,0,0.03320224583148955,0.040853926937887294,25.69903101853306,3.6018614889613234,2.0375635122503857
3894,training,0.0021353045,0.07123866304755211,0.04134630501289472,25.671515301318383,3.654855985352417,2.0595016248178224
3895,training,0,0.04835808649659158,0.04134630501289472,25.652543321146954,3.6901010890856143,2.070052312637727
3896,training,0,0.03973182663321494,0.04134630501289472,25.642964041484184,3.7075366249159916,2.075517188642187
3897,training,0.007887188,0.07026757299900056,0.04134630501289472,25.613757747896113,3.759742224961235,2.085360198394556
3898,training,0.012263864,0.09115675464272499,0.04134630501289472,25.593948731434025,3.794471308811952,2.0938485335185852
3899,training,0.0049277614,0.07620824500918388,0.04134630501289472,25.573930478681547,3.8288556366084183,2.1015985530522765
3900,training,0.00962276,0.10182914696633816,0.02996460461589353,25.553535785055818,3.863337574988239,2.1084136879136834
3901,training,0.012356896,0.11114739999175072,0.02996460461589353,25.533025790648434,3.8974923909538153,2.1131335904089754
3902,training,0.0021498606,0.09704938158392906,0.02996460461589353,25.512386134275403,3.931669838324642,2.114757542347306
3903,training,0.00609892,0.11170312762260437,0.02996460461589353,25.491582064705888,3.9659445984972472,2.1193025267394656
3904,training,0.0028983853,0.08631542325019836,0.02996460461589353,25.4707313573668,3.9997971495552775,2.1260347684712704
3905,training,0.008203687,0.08540188148617744,0.02996460461589353,25.449510296175752,4.0337121196677925,2.1344801270684894
3906,training,0.008091388,0.08885562419891355,0.008315143382964968,25.42801400556269,4.067386147090707,2.143927480939742
3907,training,0.005113907,0.08766921609640121,0.008315143382964968,25.406260116257748,4.100711687654165,2.154743290936657
3908,training,0.004204841,0.05425913259387018,0.008315143382964968,25.3839582318937,4.13401092377731,2.168616860625535
3909,training,0.016048446,0.10819168761372566,0.008315143382964968,25.36136347598955,4.16668790265172,2.182923141969177
3910,training,0.005343548,0.06519316881895065,0.008315143382964968,25.338222062381163,4.199208354948375,2.195029796239006
3911,training,0.0025144157,0.07681340724229813,0.008315143382964968,25.314667197341393,4.2315681349644185,2.205157998266673
3912,training,0,0.048529043793678284,0.008315143382964968,25.29093032996448,4.26342880771796,2.216787235711228
3913,training,0,0.039667911827564226,0.031014876388410294,25.27885515440955,4.279358264653083,2.2219931673617404
3914,training,0,0.014322906732559204,0.031014876388410294,25.254468964257995,4.31105051762379,2.2320906121851896
3915,training,0,0.046289846301078796,0.031014876388410294,25.230210401865804,4.3418553161918965,2.241680405752483
3916,training,0,0.03444139286875726,0.031014876388410294,25.205306843911085,4.372866556780826,2.251796698345252
3917,training,0.0029190646,0.0656637898646295,0.031014876388410294,25.167408070774574,4.4190864587139504,2.262593180145927
3918,training,0.0017509726,0.10066195577383041,0.031014876388410294,25.128950388448402,4.46520090150737,2.266892791069427
3919,training,0.0067600436,0.09462124295532703,0.031014876388410294,25.10426980904087,4.494464508056932,2.2702640158658163
3920,training,0.03446981,0.13636909052729607,0.04750536101972382,25.078892342893223,4.524762928051468,2.261427658195666
3921,training,0.0087352935,0.20086422562599182,0.04750536101972382,25.041445106286723,4.571852779483502,2.222216155548502
3922,training,0.0017862306,0.08548293448984623,0.04750536101972382,25.01746222561796,4.604150110251323,2.196512665818375
3923,training,0.007852981,0.0561305289156735,0.04750536101972382,24.994242914064976,4.636946854497806,2.180636763100168
3924,training,0.005185207,0.1001588786020875,0.04750536101972382,24.971548703478952,4.669736758763365,2.1739657274997217
3925,training,0.0023244487,0.09427283378317952,0.04750536101972382,24.937456002334496,4.7193226905393555,2.1711846190136135
3926,training,0.012628471,0.06908187922090292,0.07959708595359914,24.90370212485891,4.768781498599908,2.168140987572066
3927,training,0.0070246467,0.0786601547151804,0.07959708595359914,24.88112448851402,4.801954799720179,2.1699014932891942
3928,training,0,0.03184348717331885,0.07959708595359914,24.869910253892694,4.818333269723157,2.1718491770381685
3929,training,0.007638138,0.07565237954258919,0.07959708595359914,24.84724474783098,4.851131719612787,2.180488933951986
3930,training,0,0.019413460046052933,0.07959708595359914,24.835726706574917,4.86753241165472,2.1868259523884803
3931,training,0,0.007308032363653169,0.07959708595359914,24.824098264838106,4.883867293489026,2.1937247996744538
3932,training,0,0.01313522458076477,0.07959708595359914,24.800717038371264,4.915951160841708,2.206574561997271
3933,training,0,0.00922837108373642,0.07959708595359914,24.78882425729533,4.931968966618991,2.2119696182996322
3934,training,0,0.029275335371494293,0.11744097360037117,24.764702348048978,4.96398838159306,2.2208847991498284
3935,training,0,0.0018882136791944504,0.11744097360037117,24.74050000372067,4.99552571553134,2.2308130242601862
3936,training,0,0.02285575680434704,0.11744097360037117,24.715859179186584,5.026995336219126,2.2377881587571116
3937,training,0,0.0060910251922905445,0.11744097360037117,24.69103273140228,5.0583643019614435,2.2428168469236125
3938,training,0.009389721,0.06711478903889656,0.11744097360037117,24.666226713755655,5.0894399040455784,2.244734152431278
3939,training,0,0.029417386278510094,0.11744097360037117,24.641095328654977,5.120484920493381,2.260509135412652
3940,training,0,0.02543267235159874,0.11744097360037117,24.61559295074441,5.151026569307498,2.272003620550581
3941,training,0,0.019543550908565528,0.07219252650704447,24.602709119687052,5.166204806131411,2.2767402019573093
3942,training,0,0.0026889014989137684,0.07219252650704447,24.57662439033256,5.196545417185281,2.2846899171813337
3943,training,0,0.020888222963549197,0.07219252650704447,24.550438683754784,5.226609221161978,2.289722567222893
3944,training,0,0.023227042518556118,0.07219252650704447,24.524086002048666,5.256588575357478,2.2926584351020205
3945,training,0,0.0003256676718592661,0.07219252650704447,24.497648678138912,5.286618998873518,2.291549084808611
3946,training,0,0.02232826687395572,0.07219252650704447,24.47133581333062,5.316588909557634,2.291983144286088
3947,training,0,0.0034652967005968094,0.07219252650704447,24.444867017165798,5.346572541640769,2.2972864171933276
3948,training,0,0.004180222749710076,0.026237561168081687,24.418260437996405,5.37632432148487,2.302290286294114
3949,training,0,0.03937863901956007,0.026237561168081687,24.378089350540478,5.42069252499669,2.3118685226251614
3950,training,0.033399694,0.05017518997192383,0.026237561168081687,24.351068826751458,5.450041338485864,2.3178623751613423
3951,training,0,0.022623944096267223,0.026237561168081687,24.323885603233993,5.479165244952925,2.3251302321088385
3952,training,0,0.014547290280461311,0.026237561168081687,24.296467577543325,5.50820937016973,2.327653413887656
3953,training,0,0.015862967818975456,0.026237561168081687,24.269011996650175,5.5372268267013744,2.329726753953749
3954,training,0,0.018255439237691462,0.026237561168081687,24.255279052768884,5.55167258907007,2.3320026456178837
3955,training,0,0.006270255893468857,0.003646949690277406,24.227671522719564,5.580518494794375,2.3355041008379547
3956,training,0,0.004167463630437851,0.003646949690277406,24.199960043075965,5.609321566390192,2.3383601370804525
3957,training,0,0.009550798684358604,0.003646949690277406,24.172181221476897,5.637938010511034,2.3445280632715124
3958,training,0,0.001359201967716217,0.003646949690277406,24.130175197763997,5.680612223647832,2.351911409970925
3959,training,0,0.026256822049617767,0.003646949690277406,24.101987839859422,5.708821580641903,2.3598082700959435
3960,training,0,0.03309876145794988,0.003646949690277406,24.087807848065477,5.722834143290687,2.3632772281369667
3961,training,0,0.002974454313516617,0.003646949690277406,24.059302313911566,5.750776743527914,2.369322796429797
3962,training,0,0.009740576148033142,0.003646949690277406,24.030602263694465,5.778485944440971,2.378693838511912
3963,training,0,0.03158282861113548,0.012323828403421014,24.00168850685738,5.805865033009918,2.3873422967884967
3964,training,0,0.005523260682821281,0.012323828403421014,23.972424164331684,5.833111135005998,2.3966940677197646
3965,training,0,0.030524160712957382,0.012323828403421014,23.928184344819144,5.873198403801158,2.4126873944136515
3966,training,0.0029449249,0.06439649313688278,0.012323828403421014,23.898247267441715,5.899739611461893,2.419749264015635
3967,training,0,0.04112853668630123,0.012323828403421014,23.86824211391481,5.925968587421317,2.425041168520495
3968,training,0,0.04523986484855413,0.012323828403421014,23.83816552697221,5.952136540304119,2.4257073955912944
3969,training,0.005532798,0.05249695107340813,0.012323828403421014,23.807937781063035,5.978370154644544,2.428726711454971
3970,training,0,0.02668110653758049,0.018967663259030394,23.777770651284072,6.0043439237955,2.4317459898427827
3971,training,0,0.022964032366871834,0.018967663259030394,23.747396964529365,6.030370878908854,2.4345297406045585
3972,training,0,0.002125926315784458,0.018967663259030394,23.716947614942473,6.0562503377888595,2.440008496133193
3973,training,0.0019158323,0.062187958508729935,0.018967663259030394,23.68649551344766,6.0818695471753905,2.444148611872607
3974,training,0,0.022698208689689636,0.018967663259030394,23.655711513517005,6.107516818514613,2.4507624229749845
3975,training,0,0.015671290457248695,0.018967663259030394,23.640316571709757,6.120180177910845,2.455463116117648
3976,training,0,0.03876827284693718,0.018967663259030394,23.593852791200185,6.15775128444735,2.4685672344079057
3977,training,0.0088999495,0.05415185168385506,0.0065902390396164285,23.56240316686019,6.182470751553402,2.4842932088966543
3978,training,0,0.0034232065081596375,0.0065902390396164285,23.530787039705743,6.206411957085255,2.5036257231234655
3979,training,0,0.004380270838737488,0.0065902390396164285,23.49845249354313,6.229804024185499,2.527462124569105
3980,training,0,0.007650710642337799,0.0065902390396164285,23.482031011492595,6.241269663795882,2.5386322637226075
3981,training,0,0.04306798428297043,0.0065902390396164285,23.449155414108226,6.263366463035557,2.5615061722563577
3982,training,0.038219813,0.0696437768638134,0.0065902390396164285,23.38137239309149,6.305230796150391,2.6157281015701797
3983,training,0,0.03768042474985123,0.0065902390396164285,23.364194037124076,6.315043611527192,2.6287115551679707
3984,training,0,0.027564821764826775,0.07459986056998176,23.329245963152786,6.334215748563072,2.6489482900260364
3985,training,0.03615131,0.057242248207330704,0.07459986056998176,23.293961230838427,6.352894212320316,2.6585651878977496
3986,training,0,0.03144759079441428,0.07459986056998176,23.258594528282437,6.3712195690771125,2.668571035699462
3987,training,0.003109383,0.055485112592577934,0.07459986056998176,23.222985983412162,6.389238401813731,2.6762569395188462
3988,training,0.0026769827,0.07121392525732517,0.07459986056998176,23.187252461974275,6.407037842844772,2.6826551333007185
3989,training,0.003904391,0.07896875217556953,0.07459986056998176,23.151404030154037,6.424566472542147,2.6912219220932547
3990,training,0.0049690777,0.09498566761612892,0.04591124489081251,23.115471478522856,6.441774651090052,2.698616128971816
3991,training,0.0034228414,0.11678772792220116,0.04591124489081251,23.061230311702463,6.467051045958869,2.712269088626511
3992,training,0.0048002237,0.08850087225437164,0.04591124489081251,23.02494704267497,6.48348012254595,2.719934574890923
3993,training,0,0.03146908525377512,0.04591124489081251,23.00668373151983,6.4916406525280435,2.722065779887606
3994,training,0.0029540902,0.09423259738832712,0.04591124489081251,22.951942726674776,6.515917872998345,2.7237696525335156
3995,training,0.0052417405,0.062474735081195845,0.04591124489081251,22.915430573996517,6.53221539289406,2.7194191480893863
3996,training,0.0050134296,0.07042234204709531,0.012107682209533267,22.878982647403816,6.548638637912177,2.71698843197273
3997,training,0.0020333065,0.09390542283654213,0.012107682209533267,22.842667983684972,6.5651093644404135,2.7140727780690646
3998,training,0.0053731725,0.06125830486416817,0.012107682209533267,22.806278851514417,6.581751436217867,2.710382263994783
3999,training,0.009116694,0.06704822741448879,0.012107682209533267,22.751914063626014,6.606985724282297,2.7021276589877075
4000,training,0.0024900874,0.08023332152515648,0.012107682209533267,22.69773709736724,6.632727175055943,2.69550639936237
4001,training,0.0022778064,0.15076590375974774,0.024491249415737108,22.66171925312922,6.649993087142738,2.692987949301032
4002,training,0.0011539237,0.13183932984247806,0.024491249415737108,22.62568707741673,6.6673560397388885,2.692471934285262
4003,training,0.008383706,0.20049012638628483,0.024491249415737108,22.589693414766042,6.684644194218185,2.695192445459469
4004,training,0.005495175,0.1951678842306137,0.024491249415737108,22.571701976927404,6.693232854381938,2.6964103248115188
4005,training,0.003114439,0.1533600594848394,0.024491249415737108,22.53561508820827,6.710385661476928,2.6996500631893716
4006,training,0.0025457055,0.13244331255555153,0.024491249415737108,22.499494287696216,6.727331847968035,2.7063086593224726
4007,training,0.0012675328,0.21676632016897204,0.03928101613302453,22.481400179962936,6.735704939096987,2.708813059714962
4008,training,0.0036717765,0.20442887768149373,0.03928101613302453,22.46330744281968,6.744042408568225,2.710703523113481
4009,training,0.004056081,0.19147050566971305,0.03928101613302453,22.4269682852776,6.760629482998902,2.7161650305348415
4010,training,0.0038594399,0.25171302631497383,0.03928101613302453,22.3905649901598,6.776975363467549,2.7221489849304694
4011,training,0.0028215237,0.22574053145945075,0.03928101613302453,22.354103443280916,6.793150977908769,2.726193206176333
4012,training,0.0020333983,0.21255170181393623,0.03928101613302453,22.31751690551003,6.80915718670035,2.732324682444556
4013,training,0.0048167966,0.18612097576260567,0.03928101613302453,22.280932057939868,6.824896658126435,2.737198823297211
4014,training,0.0034484747,0.2382277399301529,0.06801818032003216,22.244115278680173,6.840551035790785,2.7419353452898716
4015,training,0.0046485416,0.22151349484920504,0.06801818032003216,22.207303921304224,6.855943755080852,2.7487696021550425
4016,training,0.008603145,0.22281797602772713,0.06801818032003216,22.170477520053435,6.8711250244121995,2.7521300731575993
4017,training,0.0068674153,0.2689339146018028,0.06801818032003216,22.133435020825054,6.88623137613725,2.7571311796939253
4018,training,0.002816802,0.19481549598276615,0.06801818032003216,22.0964944028367,6.901065840459596,2.760736048330752
4019,training,0.0026769727,0.2239663116633892,0.06801818032003216,22.059337229150994,6.915905555239897,2.7616998548599803
4020,training,0.034887552,0.2649020552635193,0.10433679346983335,22.022204553061,6.930708094155567,2.7623504315609404
4021,training,0.0028637203,0.230569276958704,0.10433679346983335,21.9850617348683,6.94596892427884,2.7279426125278996
4022,training,0.0068677384,0.16883371025323868,0.10433679346983335,21.94852352524944,6.963172574752739,2.6758267650884124
4023,training,0.0039617466,0.07600390166044235,0.10433679346983335,21.91284978076395,6.982104885896526,2.6332835345728016
4024,training,0.0035669245,0.15562160313129425,0.10433679346983335,21.87824078461777,7.002216232940633,2.5995884707634787
4025,training,0.002077993,0.17593836784362793,0.10433679346983335,21.84418818039215,7.023406799861742,2.5688001823243574
4026,training,0.0042792605,0.20889274775981903,0.1191526736396497,21.81057654404454,7.045763931953538,2.542063933531871
4027,training,0.00954806,0.16032495722174644,0.1191526736396497,21.761644369753412,7.080580552111315,2.504022675109646
4028,training,0.003901833,0.21319590508937836,0.1191526736396497,21.745536000023936,7.09268391224518,2.4922838647757133
4029,training,0.002859532,0.12442823685705662,0.1191526736396497,21.698133948061816,7.129285427370361,2.4705790940021797
4030,training,0.0007707583,0.1081828810274601,0.1191526736396497,21.666908160880403,7.15432505671398,2.4623502570421185
4031,training,0.0024082675,0.06073916144669056,0.1191526736396497,21.635793770836795,7.179659566918318,2.4539596853537327
4032,training,0.0026276764,0.11183669790625572,0.1191526736396497,21.60512176022745,7.205046450472639,2.4472489267562882
4033,training,0,0.017297856509685516,0.08122512584935507,21.57436025077438,7.23083852086899,2.4387019166468615
4034,training,0,0.04398077540099621,0.08122512584935507,21.55911103760019,7.24380142114963,2.4374604504092967
4035,training,0,0.017080679535865798,0.08122512584935507,21.52868064372799,7.269428702346476,2.4436117768386927
4036,training,0,0.0345660299062729,0.08122512584935507,21.497923525331466,7.294939271740444,2.4577218825444045
4037,training,0.0032897699,0.08100980892777443,0.08122512584935507,21.45126277317739,7.3321179817086,2.477571602837974
4038,training,0,0.046310409903526306,0.08122512584935507,21.435516664129906,7.344384444049685,2.4815263292509875
4039,training,0,0.04608107730746269,0.08122512584935507,21.403741284043296,7.3688527193576,2.4912395766362523
4040,training,0,0.007858470082283034,0.037687600534001914,21.371968393386414,7.392746011368058,2.501222955044412
4041,training,0,0.001246914267539978,0.037687600534001914,21.3398064872928,7.416440598746651,2.512411112599574
4042,training,0,0.027594868093729023,0.037687600534001914,21.3235508159443,7.428219920500896,2.517649582814562
4043,training,0,0.018729519098997123,0.037687600534001914,21.291153481879206,7.451293731351038,2.5281004354021417
4044,training,0,0.04798526503145695,0.037687600534001914,21.25839154363014,7.474091481511584,2.539568435868541
4045,training,0.0034311938,0.06878029182553291,0.037687600534001914,21.208753324831783,7.507514967584822,2.559518030310851
4046,training,0,0.0036604348570108414,0.037687600534001914,21.175303774154166,7.529211974540532,2.5721196608417043
4047,training,0,0.019956602714955807,0.012895680091736264,21.141518049711784,7.550731901827098,2.575555847491233
4048,training,0,0.026914728805422783,0.012895680091736264,21.10787814166365,7.572040268687203,2.577742210200142
4049,training,0,0.003768200520426035,0.012895680091736264,21.09096728558241,7.582719554195755,2.5787388648040923
4050,training,0,0.027589732315391306,0.012895680091736264,21.057062613219635,7.604077669583861,2.5794159897538296
4051,training,0.008137617,0.05922648822888732,0.012895680091736264,21.006412560187826,7.635929014370024,2.5808215336771
4052,training,0,0.013882203493267298,0.012895680091736264,20.97244856480912,7.65724230973001,2.5809650214901954
4053,training,0,0.031115268357098103,0.006842037604281835,20.938697336954053,7.678416100193655,2.5817561294092037
4054,training,0,0.02850769367069006,0.006842037604281835,20.90477281373653,7.699645706122073,2.5827994774131113
4055,training,0,0.0013597430661320686,0.006842037604281835,20.887760283812398,7.710280512320213,2.5827059656921674
4056,training,0,0.030139345675706863,0.006842037604281835,20.853979540024703,7.731412627442809,2.5825328421363887
4057,training,0,0.01015242375433445,0.006842037604281835,20.820063183484145,7.752613659189324,2.5828936661989546
4058,training,0.008707514,0.06161906383931637,0.006842037604281835,20.769252280049557,7.784412613989019,2.5816919036304298
4059,training,0,0.014718735590577126,0.020473689754417528,20.73537730583068,7.805630681655134,2.582210991112013
4060,training,0,0.043175764381885536,0.020473689754417528,20.718365678067926,7.816273401292411,2.5832631468605003
4061,training,0.005097442,0.0804971493780613,0.020473689754417528,20.66759765013602,7.847879458485921,2.5862204391441512
4062,training,0,0.032157137989997864,0.020473689754417528,20.633526807991682,7.868954681938066,2.5893031013444636
4063,training,0,0.01863665133714676,0.020473689754417528,20.59955033043191,7.889802224208836,2.593357875607011
4064,training,0.002578957,0.056458948180079474,0.020473689754417528,20.565447143203105,7.910500032465437,2.5986320884215526
4065,training,0,0.03002791339531541,0.039679877433622675,20.531133324585777,7.931108025409673,2.602102218628226
4066,training,0,0.014446442946791649,0.039679877433622675,20.514015136757266,7.941328977117112,2.604134092829597
4067,training,0,0.03907660208642483,0.039679877433622675,20.479717461380748,7.961635548848116,2.6095719827193853
4068,training,0.0042690225,0.088904844596982,0.039679877433622675,20.427951756625074,7.991927299574521,2.612931631273342
4069,training,0,0.03528108820319176,0.039679877433622675,20.393506514031404,8.011972635522032,2.616193072473998
4070,training,0.0034627914,0.06816856190562248,0.039679877433622675,20.341580735040566,8.042073251993614,2.6141022815263657
4071,training,0.0012767056,0.09632785059511662,0.05534620325810589,20.307153860890843,8.062190258310729,2.610289915618822
4072,training,0.0039539984,0.06216480396687985,0.05534620325810589,20.272615926647703,8.082598396189846,2.6051180492283734
4073,training,0.0032146524,0.07143393903970718,0.05534620325810589,20.238385838218107,8.103065913874167,2.6010361569326172
4074,training,0.0013156055,0.08632754720747472,0.05534620325810589,20.221291126372975,8.113327516835902,2.601454655611869
4075,training,0,0.03997762314975262,0.05534620325810589,20.186897059957982,8.133850255258125,2.6062333868349694
4076,training,0.0026744758,0.06058318540453911,0.05534620325810589,20.1353899033996,8.164203816084582,2.6121260193662894
4077,training,0,0.036976203322410583,0.06650533772365884,20.100796505100895,8.184346864354993,2.6162073274466393
4078,training,0.0017514137,0.0559957609511912,0.06650533772365884,20.066249002795576,8.204336295646717,2.6175225625279293
4079,training,0.010631012,0.051741890609264374,0.06650533772365884,20.03168228387024,8.224229642112034,2.6211570882507798
4080,training,0.0041328464,0.07527901604771613,0.06650533772365884,19.979585143321298,8.25392998336956,2.62490758026532
4081,training,0.003287651,0.08006510324776173,0.06650533772365884,19.94489160319299,8.27359594709865,2.625593545336339
4082,training,0,0.03168756142258643,0.07589090581227592,19.91008008784447,8.293347326522463,2.625084536856482
4083,training,0,0.02048026025295259,0.07589090581227592,19.892720515629485,8.303187728941882,2.627203613212198
4084,training,0.0032596814,0.0684453211724758,0.07589090581227592,19.875379711390636,8.312934498356647,2.631303046926487
4085,training,0.0020051892,0.07029075548052788,0.07589090581227592,19.8404571383974,8.332277429241957,2.641066302769267
4086,training,0,0.0176408886909485,0.07589090581227592,19.80538248941056,8.351230919227081,2.6512557102062724
4087,training,0,0.0004186071455478599,0.07589090581227592,19.770138951861313,8.369754482770157,2.6637504082937933
4088,training,0,0.02534017711877823,0.07589090581227592,19.734596076772828,8.387874344026505,2.6757591920060317
4089,training,0.003451335,0.0866584237664938,0.07965461678738726,19.698860988014832,8.405646177175532,2.684079026691496
4090,training,0,0.0019180495291948284,0.07965461678738726,19.66300255873262,8.423074309553702,2.6943327814635225
4091,training,0,0.016521595884114504,0.07965461678738726,19.645023217787596,8.431648959193629,2.6972156521857302
4092,training,0,0.004450655076652765,0.07965461678738726,19.608935123589383,8.44875363614655,2.6996141765787427
4093,training,0,0.047746377531439066,0.07965461678738726,19.57281879154925,8.465813948474437,2.7003418098800553
4094,training,0,0.001351676881313324,0.07965461678738726,19.536744458839095,8.482869822612356,2.698461249039644
4095,training,0,0.045328928623348475,0.0648730146934762,19.500625153234278,8.500049010742263,2.6972523164701045
4096,training,0,0.04404727602377533,0.0648730146934762,19.464519533660727,8.517219245659177,2.6977421604623593
4097,training,0,0.0023958757519721985,0.0648730146934762,19.4284853004569,8.534386608764729,2.6958884469921687
4098,training,0,0.047885345760732896,0.0648730146934762,19.39243956603154,8.551611384140498,2.6957761950525376
4099,training,0.0021009308,0.07206408912315965,0.0648730146934762,19.338393671279594,8.577477932067444,2.6934466761269453
4100,training,0,0.0006764456629753113,0.0648730146934762,19.302382245989513,8.59479346158915,2.6939845904382036
4101,training,0,0.02263346128165722,0.059707101377489726,19.266393769069822,8.611994139263297,2.6969367308584618
4102,training,0,0.0010010041296482086,0.059707101377489726,19.23027030245555,8.629118203580955,2.7009211173359744
4103,training,0,0.0029612928628921543,0.059707101377489726,19.2122233147907,8.63759211909189,2.7042434995534546
4104,training,0,0.011778976768255234,0.059707101377489726,19.176056422630783,8.654351118592153,2.709665568537655
4105,training,0,0.0015413612127304112,0.059707101377489726,19.139727621069156,8.671026333259881,2.712473542893927
4106,training,0,0.012298626825213432,0.059707101377489726,19.103382461120646,8.687558546928726,2.7171446368557977
4107,training,0,0.025553366169333458,0.04616006344943894,19.067044382208024,8.703896283448419,2.7201647178198347
4108,training,0,0.009985541924834255,0.04616006344943894,19.030523147787477,8.7201851076901,2.7244650094286067
4109,training,0,0.047418223693966866,0.04616006344943894,18.99401244437254,8.736208975790401,2.7310025324045464
4110,training,0,0.020673884646384977,0.04616006344943894,18.957397401983073,8.752041722912399,2.735841170409276
4111,training,0,0.014304524287581444,0.04616006344943894,18.920628415202803,8.767713343330854,2.7415226475806733
4112,training,0,0.01819327287375927,0.04616006344943894,18.88392342988926,8.783139373338367,2.7445324385761904
4113,training,0,0.04185717739164829,0.03372594735136334,18.84698865215492,8.798580401402074,2.746961599768609
4114,training,0,0.00358547642827034,0.03372594735136334,18.810105793973946,8.813824568265224,2.7521144701771676
4115,training,0,0.022976921871304512,0.03372594735136334,18.773237447807094,8.828892072259622,2.7548251735789813
4116,training,0,0.003471393138170244,0.03372594735136334,18.73614957451781,8.843928536409047,2.758353822593389
4117,training,0,0.022450095042586327,0.03372594735136334,18.699185154055865,8.85874980484961,2.760712846203592
4118,training,0,0.004927210509777069,0.03372594735136334,18.662032955911112,8.873600942466991,2.7614751872450487
4119,training,0,0.005697479471564293,0.019205166561760138,18.62489465698472,8.88840354498809,2.7631858149627186
4120,training,0,0.005423747003078461,0.019205166561760138,18.587899107200194,8.903105988663011,2.763072202195114
4121,training,0,0.0423529539257288,0.019205166561760138,18.550660210956586,8.917888600867387,2.7649504465566226
4122,training,0,0.03401466179639101,0.019205166561760138,18.513635012455985,8.932433308202382,2.7684977379592457
4123,training,0,0.0004327725619077613,0.019205166561760138,18.47640877682373,8.946922472070593,2.7724753910065103
4124,training,0,0.01471079792827368,0.019205166561760138,18.43905086674065,8.96125820622842,2.778647295654429
4125,training,0.007217815,0.06640096753835678,0.010923372607434246,18.38309421502182,8.982236416265787,2.786499619609413
4126,training,0,0.0339644979685545,0.010923372607434246,18.345511106244413,8.996057138385687,2.792507422717324
4127,training,0,0.015839606523513794,0.010923372607434246,18.308066700660312,9.009587468808904,2.7956168591454746
4128,training,0.0017461572,0.0647491067647934,0.010923372607434246,18.251523968895917,9.029873866481307,2.799073928781043
4129,training,0.010435672,0.053019218146801,0.010923372607434246,18.214011580650375,9.043191773310776,2.800619746462656
4130,training,0.011027351,0.10109623521566391,0.010923372607434246,18.15735203481161,9.063148036320856,2.8065180683934856
4131,training,0.0058541917,0.17116837948560715,0.0070274709136056,18.119913439718328,9.075958081988574,2.8190463511455044
4132,training,0.005860147,0.1352088414132595,0.0070274709136056,18.062837394462825,9.094145807779636,2.848957637064958
4133,training,0.0026000983,0.1395757496356964,0.0070274709136056,18.024630875637946,9.105268344231282,2.865990072051157
4134,training,0.0053526745,0.16654523462057114,0.0070274709136056,17.986162225938365,9.11589988318526,2.8761890705559288
4135,training,0.00427978,0.24273943156003952,0.0070274709136056,17.966785180498924,9.121133051320024,2.8814146778590835
4136,training,0.003945815,0.25072502344846725,0.012718702606168324,17.928252073133756,9.131065416863812,2.8990777169678834
4137,training,0.0026056874,0.269196592271328,0.012718702606168324,17.908964523048592,9.135722359744499,2.910570367692579
4138,training,0.0036474534,0.22075306624174118,0.012718702606168324,17.870003397569366,9.144391559041948,2.934165890395127
4139,training,0.010384848,0.27053500711917877,0.012718702606168324,17.850452685489866,9.148411438153948,2.943122823589736
4140,training,0.0033166765,0.26817188039422035,0.012718702606168324,17.811408725574363,9.155963920179058,2.9566348242262377
4141,training,0.0039381934,0.33941871672868734,0.012718702606168324,17.772062747785128,9.163102835298583,2.9675901402999854
4142,training,0.004253056,0.3172208145260811,0.012718702606168324,17.732762591598064,9.169814070381257,2.977665494894808
4143,training,0.0042727697,0.29516303911805153,0.038660106347742716,17.693436056190315,9.17605333947729,2.990503644401538
4144,training,0.0051044696,0.29665154963731766,0.038660106347742716,17.653947144977316,9.181845496278369,3.0002980464550717
4145,training,0.008230779,0.2746334369294346,0.038660106347742716,17.61440656755245,9.187339028892913,3.0054812911001583
4146,training,0.0076999534,0.28883471013978124,0.038660106347742716,17.574786918059495,9.192695581847541,3.008127389570546
4147,training,0.011972489,0.2860843203961849,0.038660106347742716,17.53521249570102,9.198013091696259,3.0072091815880024
4148,training,0.004566274,0.3033745363354683,0.038660106347742716,17.495640180722884,9.203344645255708,3.008145823407666
4149,training,0.0014861161,0.3114158716052771,0.08715661079312524,17.456022736211423,9.208629621763212,3.008814228576944
4150,training,0.004570753,0.3085529552772642,0.08715661079312524,17.416411945537327,9.213913280731306,3.009219460863854
4151,training,0.0034043551,0.30703991279006004,0.08715661079312524,17.376807898566494,9.219130662230972,3.0119515413446627
4152,training,0.006542852,0.29250408755615354,0.08715661079312524,17.337218906123006,9.224256484080648,3.0128694122439166
4153,training,0.0047756163,0.2755745770409703,0.08715661079312524,17.297604140104696,9.229343027015618,3.014986416522931
4154,training,0.0019315572,0.28985546715557575,0.08715661079312524,17.257925937011457,9.234321458537972,3.018143254574169
4155,training,0.013454893,0.3153747436590492,0.1697633592045375,17.218313087262604,9.239215803833861,3.0190992714948583
4156,training,0.0049514174,0.3882555738091469,0.1697633592045375,17.178784410657233,9.2443960691908,2.987819068469712
4157,training,0.062182713,0.3599578104913235,0.1697633592045375,17.13870435295454,9.252048457333894,2.913822934725287
4158,training,0.003307085,0.3618814647197724,0.1697633592045375,17.099659850275696,9.262703446976197,2.836141610607301
4159,training,0.007868644,0.3961671516299248,0.22460539127285165,17.061383225410825,9.276241123169122,2.7704410606030567
4160,training,0.0027512014,0.29331187158823013,0.22460539127285165,17.024113989096442,9.292054382799686,2.7087215624014345
4161,training,0.010240655,0.3173251152038574,0.22460539127285165,16.988426529151035,9.309635969720869,2.6618715894232983
4162,training,0.026705392,0.2657984644174576,0.22460539127285165,16.953114993576868,9.328893767553694,2.622472649446742
4163,training,0.011809921,0.27127762883901596,0.22460539127285165,16.918459961101767,9.349478551335372,2.5903657085334215
4164,training,0.0248061,0.12160015106201172,0.22739040254022444,16.884585728668462,9.37104532690351,2.5587477479406355
4165,training,0.002017391,0.1419478990137577,0.22739040254022444,16.85139574506415,9.393553101795122,2.536481237359304
4166,training,0.00364791,0.051046222448349,0.22739040254022444,16.818436236585164,9.416759791910021,2.5168437015021308
4167,training,0,0.035074254497885704,0.22739040254022444,16.78629112108277,9.440427199712373,2.50241685957391
4168,training,0,0.046596148516982794,0.22739040254022444,16.754200990604758,9.464346636266475,2.499612581884292
4169,training,0.005409,0.1047414019703865,0.22739040254022444,16.722135566618096,9.488357702647503,2.498652075774804
4170,training,0.005590899,0.09923791978508234,0.22739040254022444,16.690226993315562,9.512138701589066,2.5057210289006253
4171,training,0.0043149116,0.14057131111621857,0.17235001827412472,16.65788280814627,9.535832663459246,2.5101027887957135
4172,training,0.011990404,0.23038121312856674,0.17235001827412472,16.60958987179058,9.571086852421343,2.5136217088663795
4173,training,0.0033462245,0.17038477957248688,0.17235001827412472,16.593338923349314,9.582814363507419,2.52088162036659
4174,training,0.0029054787,0.06485592387616634,0.17235001827412472,16.527601238207215,9.627762617306457,2.5641001943028363
4175,training,0.005098589,0.05768992006778717,0.17235001827412472,16.47698139238006,9.659761148534194,2.5898084532795633
4176,training,0.008455269,0.14952993392944336,0.17235001827412472,16.44295378597621,9.680292449250418,2.6077716552226287
4177,training,0.018422369,0.1961752399802208,0.11692490364928691,16.408437197298085,9.700404985987383,2.6192557545892337
4178,training,0.012300823,0.23496494069695473,0.11692490364928691,16.373829012768134,9.720071471181283,2.6307575727285872
4179,training,0.0032121,0.17059020698070526,0.11692490364928691,16.356458281349106,9.729723550351313,2.6373908580441383
4180,training,0.0043579107,0.17394383251667023,0.11692490364928691,16.3214083130829,9.74860225620192,2.660797475248262
4181,training,0.0023987885,0.19893329590559006,0.11692490364928691,16.267992665083394,9.775211463238207,2.697655073623587
4182,training,0.007489993,0.10967255383729933,0.11692490364928691,16.25001860890701,9.78362865551818,2.7087394280103023
4183,training,0.0018445568,0.06272485107183458,0.08615388918324736,16.19548964279754,9.80796078164639,2.7332233009338016
4184,training,0,0.014310464262962341,0.08615388918324736,16.177105556852233,9.815832374743543,2.741235793047176
4185,training,0,0.00178460031747818,0.08615388918324736,16.158700773321385,9.823514956664853,2.7511050465375044
4186,training,0,0.013396240770816803,0.08615388918324736,16.12182054302449,9.838126194034269,2.775979740986143
4187,training,0,0.04055766016244888,0.08615388918324736,16.103198233163514,9.845145910324513,2.7857670239552084
4188,training,0,0.03873736225068569,0.08615388918324736,16.065558144070206,9.858762630663868,2.8034014208944313
4189,training,0.0049613607,0.05409764312207699,0.08615388918324736,16.027981444553568,9.871670878229764,2.8164309779041306
4190,training,0,0.009069278836250298,0.061470969930289984,15.990079527246543,9.884202620375808,2.8283653603405976
4191,training,0,0.026375405257567763,0.061470969930289984,15.95193897744058,9.896348886653708,2.8375294318800814
4192,training,0,0.012642281595617533,0.061470969930289984,15.932969982441339,9.902282919970675,2.8382332316287417
4193,training,0,0.032485456205904484,0.061470969930289984,15.89481993743294,9.914229983478583,2.838088228526325
4194,training,0,0.02150909882038832,0.061470969930289984,15.856548527722376,9.926186430513754,2.841991793355962
4195,training,0,0.0052955737337470055,0.061470969930289984,15.818506512161013,9.937785295289817,2.846113318275497
4196,training,0,0.030628261156380177,0.025546177243356893,15.780154991482584,9.949523110515994,2.8432081436603696
4197,training,0,0.015109823085367676,0.025546177243356893,15.741979578335268,9.961300109962027,2.841857300955271
4198,training,0,0.027109876275062554,0.025546177243356893,15.703835122493189,9.973081834381983,2.8423674000722157
4199,training,0,0.04952274635434151,0.025546177243356893,15.665473198874697,9.984881894482449,2.8450594132031246
4200,training,0.004165359,0.05197563394904137,0.025546177243356893,15.589044070007658,10.007783552602335,2.856680720077379
4201,training,0.0063946946,0.05222625285387039,0.025546177243356893,15.531513083610658,10.024295347772144,2.8682121040580357
4202,training,0,0.03586690843803808,0.03285922771190495,15.512299756705252,10.029637572133725,2.8723663319862816
4203,training,0,0.03168207406997681,0.03285922771190495,15.492987390408944,10.034927397913222,2.8762723604718787
4204,training,0,0.021701087243855,0.03285922771190495,15.454323912159003,10.04530804304789,2.8824252954178657
4205,training,0.00514451,0.06341361068189144,0.03285922771190495,15.396427306951194,10.060361823568298,2.891857139457975
4206,training,0.0040046703,0.09558535739779474,0.03285922771190495,15.35759193670179,10.070146611093831,2.8977928530918016
4207,training,0,0.04063728637993335,0.03285922771190495,15.33829538189969,10.07490781108397,2.9005683611928488
4208,training,0,0.019112266600131992,0.023132873822550172,15.299489689576392,10.084392465619448,2.9022274112655553
4209,training,0,0.01220514252781868,0.023132873822550172,15.260544038533752,10.093901010092013,2.9014328206178313
4210,training,0,0.0006825514137744904,0.023132873822550172,15.221837998772159,10.1033695424378,2.901345752417176
4211,training,0.008415213,0.05427605845034123,0.023132873822550172,15.182916349530723,10.112899033289752,2.901376912505787
4212,training,0.0009315482,0.08541674166917801,0.023132873822550172,15.124745211074949,10.1272099303543,2.8990543636348747
4213,training,0.0038268908,0.05749099887907505,0.023132873822550172,15.085860479528272,10.136915781075071,2.8941606202705428
4214,training,0,0.039077062159776695,0.015907133772420173,15.047055574150129,10.14683600314448,2.8885233397389003
4215,training,0,0.0035154726356267946,0.015907133772420173,15.027789071012135,10.151812276439962,2.889792269476065
4216,training,0,0.024759285151958466,0.015907133772420173,14.989025768684334,10.161693448354884,2.893996704809435
4217,training,0,0.033683826215565205,0.015907133772420173,14.950214235383394,10.171431937361968,2.897195383702389
4218,training,0,0.04171045823022724,0.015907133772420173,14.911543453241384,10.180982284130188,2.901562495001307
4219,training,0,0.01984669268131256,0.015907133772420173,14.872575620675086,10.190475231221336,2.9033304335449044
4220,training,0,0.025729253888130174,0.020961023095765634,14.833789779630472,10.199932502402222,2.9007799711806075
4221,training,0,0.03488395363092421,0.020961023095765634,14.814408637806219,10.204719336180197,2.8974074034808184
4222,training,0,0.03904907405376433,0.020961023095765634,14.775462228658283,10.214603582292426,2.887405270361384
4223,training,0.00075489364,0.06805963069200516,0.020961023095765634,14.717564526677817,10.230271463062198,2.8672021996493133
4224,training,0,0.04347202181816101,0.020961023095765634,14.698281931192168,10.235759950400489,2.861182744333724
4225,training,0,0.027959540486335754,0.020961023095765634,14.640611447126009,10.252910229127464,2.8440876148355283
4226,training,0,0.034097328782081604,0.05424820169695476,14.621556229188789,10.25881212656257,2.8386491081541148
4227,training,0.0062223505,0.09281721711158752,0.05424820169695476,14.564182905311425,10.277274867457361,2.821284421052785
4228,training,0,0.021314501762390137,0.05424820169695476,14.52641535615237,10.290059145612883,2.808700265499367
4229,training,0,0.019472487270832062,0.05424820169695476,14.488562094030753,10.303535774017694,2.789271667994949
4230,training,0.0012254225,0.051158204674720764,0.05424820169695476,14.450997301112606,10.317835690405595,2.766116724589726
4231,training,0,0.005296006798744202,0.05424820169695476,14.432467774194924,10.325277388261396,2.7527316448670636
4232,training,0,0.03181244432926178,0.09437018184324213,14.395449398714142,10.341034918096371,2.7245185937428515
4233,training,0,0.043912112712860135,0.09437018184324213,14.358928668960768,10.35783633107735,2.6966996643475034
4234,training,0,0.032572321593761416,0.09437018184324213,14.323002799276868,10.375577522242594,2.6692403653954213
4235,training,0.007588243,0.12044788151979446,0.09437018184324213,14.269880559278734,10.403819764921858,2.6384274611692566
4236,training,0,0.049605801701545715,0.09437018184324213,14.234900775568232,10.423380666872328,2.624721253614537
4237,training,0.004499135,0.13045386970043182,0.09437018184324213,14.200258732831948,10.443407803551967,2.610236045175818
4238,training,0.003935013,0.05766324698925018,0.0712643700096694,14.16582708234231,10.463998514508194,2.5945497606131633
4239,training,0.008201084,0.06269153952598569,0.0712643700096694,14.131731067234602,10.485221439682016,2.573996764629526
4240,training,0,0.04173772782087326,0.0712643700096694,14.098233823057015,10.507059190870352,2.553308563901622
4241,training,0,0.04167983680963516,0.0712643700096694,14.064952760683488,10.529757938429395,2.532573282579869
4242,training,0,0.035785771906375885,0.0712643700096694,14.032370512491998,10.552995030442885,2.511912826843552
4243,training,0,0.032387442886829376,0.0712643700096694,14.000197217275048,10.576940013970518,2.491197149759854
4244,training,0.0017020256,0.13221096992492676,0.0712643700096694,13.968374473495638,10.601648876092163,2.472052243579615
4245,training,0.007952759,0.11617128178477287,0.02466298595202795,13.937299532428082,10.626643728591619,2.4567778103998927
4246,training,0.002022768,0.1537976507097483,0.02466298595202795,13.906350464435521,10.65221783829228,2.4461976835502846
4247,training,0.0076689646,0.10178859718143941,0.02466298595202795,13.875731530844,10.677877710995903,2.4417884574181112
4248,training,0.0036549973,0.057140890508890166,0.02466298595202795,13.845232363457601,10.703643147423218,2.4383069060397675
4249,training,0,0.049117110669612885,0.02466298595202795,13.814672138621813,10.729667242380836,2.4331702667087827
4250,training,0,0.043910190463066094,0.02466298595202795,13.784448184686502,10.755820219394787,2.420935618042128
4251,training,0,0.02960911020636558,0.02466298595202795,13.769442751766746,10.769116985433572,2.4112783882943045
4252,training,0,0.01193924993276596,0.004515505703327527,13.739764975428603,10.79621306443038,2.3934714605109595
4253,training,0,0.04636735841631889,0.004515505703327527,13.710751744680438,10.823486009361028,2.3813483352080267
4254,training,0,0.04512961662840098,0.004515505703327527,13.681829798557903,10.851223593975298,2.369880805773307
4255,training,0,0.005862299352884293,0.004515505703327527,13.639233129584959,10.893550855106406,2.351460177058101
4256,training,0.008833976,0.05131831765174866,0.004515505703327527,13.611192698722467,10.922116652769809,2.3423926942670548
4257,training,0.0061081676,0.09116993471980095,0.004515505703327527,13.583455833165328,10.950868138553842,2.333319453830723
4258,training,0.006220122,0.0911405710503459,0.004515505703327527,13.542350903033931,10.9946195883512,2.316173913134507
4259,training,0,0.016938909888267517,0.004515505703327527,13.528822274679031,11.009315271389793,2.3148305894150867
4260,training,0,0.019643306732177748,0.0161704027118606,13.501648682238741,11.038621042401095,2.326609899595104
4261,training,0,0.00927068293094635,0.0161704027118606,13.474130227435019,11.067283181501514,2.3460385348346224
4262,training,0,0.01404037326574327,0.0161704027118606,13.460078708233215,11.081472090975117,2.356490785283231
4263,training,0,0.04049638286232948,0.0161704027118606,13.43161955268251,11.10926827877612,2.378957796739438
4264,training,0,0.04790780693292618,0.0161704027118606,13.40263242437068,11.136440414878704,2.3972627210815407
4265,training,0,0.01784258335828781,0.0161704027118606,13.372988096649769,11.163263145831632,2.4163187590935107
4266,training,0,0.002229653298854814,0.0161704027118606,13.343001268107782,11.189225312188542,2.4388382473728827
4267,training,0.0024020628,0.0885777547955513,0.017105039295340935,13.296689177258466,11.227165173474937,2.4722819316365428
4268,training,0.0036657809,0.08089832961559296,0.017105039295340935,13.265292380882336,11.251383191865473,2.497990642289633
4269,training,0.0013460477,0.1335405707359314,0.017105039295340935,13.216780815233268,11.286262396653955,2.5385943939738986
4270,training,0.0032759258,0.12762061320245266,0.017105039295340935,13.20028552194653,11.297480218075313,2.551268496373157
4271,training,0.0073316097,0.14309125673025846,0.017105039295340935,13.150166726288521,11.329523509562327,2.5951112178616196
4272,training,0.0029834434,0.06458551436662674,0.017105039295340935,13.115878073079468,11.34966668158014,2.6257299508475516
4273,training,0.0021704359,0.06213105097413063,0.017105039295340935,13.08108867119615,11.368857375759301,2.648155926744076
4274,training,0,0.033450907096266747,0.03946187682560008,13.063506028325873,11.378189450574595,2.6590765009706754
4275,training,0,0.003995399922132492,0.03946187682560008,13.028031357866869,11.3964018970538,2.6728508874711276
4276,training,0,0.03677257150411606,0.03946187682560008,12.992339702374077,11.414309772819824,2.6792519143753357
4277,training,0.004805306,0.06486115045845509,0.03946187682560008,12.938675433734472,11.440725983701697,2.687791707414981
4278,training,0,0.014415360987186432,0.03946187682560008,12.902705722842645,11.458145828441063,2.6940121626068847
4279,training,0,0.009569518268108375,0.03946187682560008,12.884711491753642,11.466737508424206,2.6982234976153343
4280,training,0,0.00833671540021897,0.07207257960200988,12.848671331051817,11.48367653979546,2.705691076087972
4281,training,0,0.025065075373277068,0.07207257960200988,12.812362712957643,11.500415317668764,2.713545705686461
4282,training,0,0.011420221999287605,0.07207257960200988,12.794211910994347,11.508653548687736,2.7171489998903153
4283,training,0,0.009844451677054167,0.07207257960200988,12.739619495115614,11.533124128721077,2.7212917739058304
4284,training,0,0.037646545097231865,0.07207257960200988,12.721323397972006,11.541296184938725,2.7215936318246463
4285,training,0,0.025364562403410673,0.07207257960200988,12.68483086188086,11.557538607365755,2.7240403014504198
4286,training,0,0.020184505730867386,0.04733662976345497,12.630086527021378,11.58174298714037,2.7273306362656418
4287,training,0,0.004540247842669487,0.04733662976345497,12.611775955502889,11.589764224207036,2.730330095642076
4288,training,0,0.02070114016532898,0.04733662976345497,12.575250264379399,11.605541511235227,2.736250998951018
4289,training,0.002488925,0.05810260958969592,0.04733662976345497,12.52002983149,11.628962953413161,2.744930989019277
4290,training,0.0012209521,0.05873411567881702,0.04733662976345497,12.446324795321727,11.659396022637361,2.753325739545689
4291,training,0.001959197,0.06668253429234026,0.005328336436936607,12.409264626002365,11.67451782054831,2.754767247676031
4292,training,0,0.01313943415880204,0.005328336436936607,12.390877772914958,11.681997256809073,2.754787025920624
4293,training,0,0.042604781687259674,0.005328336436936607,12.372430392688006,11.689498751320073,2.7562804415165028
4294,training,0,0.022109460085630424,0.005328336436936607,12.335287221124993,11.704430060487116,2.7629624612846904
4295,training,0,0.032330211251974106,0.005328336436936607,12.298200370744798,11.718991540524872,2.771158200936989
4296,training,0,0.0028198622167110374,0.005328336436936607,12.26098843880619,11.733296617396011,2.7778609265057406
4297,training,0,0.020051412284374237,0.005328336436936607,12.242244809109794,11.74039896405667,2.781425305342222
4298,training,0,0.02585378289222716,0.007969017703292527,12.204842803022203,11.754297642550947,2.790038043572584
4299,training,0,0.0029728971421718597,0.007969017703292527,12.167392183225004,11.767859626355113,2.7980198896941317
4300,training,0,0.01078982278704644,0.007969017703292527,12.129587006267196,11.781218790556002,2.8065753367685793
4301,training,0,0.00902137532830239,0.007969017703292527,12.09198356147035,11.794101277728464,2.8159400654984004
4302,training,0,0.011002235114574432,0.007969017703292527,12.054074474992257,11.806702742055682,2.8254188033988834
4303,training,0,0.01899955794215203,0.007969017703292527,11.997033896677967,11.824908261061355,2.8402587669977026
4304,training,0,0.03440334618790075,0.008728467824277546,11.97799449639986,11.830777208351657,2.8444806723900435
4305,training,0,0.027906034141778946,0.008728467824277546,11.939624330304872,11.842375302303514,2.8517046688952825
4306,training,0,0.03487164154648781,0.008728467824277546,11.901393056230896,11.853653883169429,2.8577587160668845
4307,training,0,0.001547093503177166,0.008728467824277546,11.863035327734725,11.864729475014654,2.862800200387067
4308,training,0,0.010411227121949196,0.008728467824277546,11.824451671321286,11.875704312462595,2.86629455196159
4309,training,0,0.010871738195419312,0.008728467824277546,11.766869174356662,11.891841006856861,2.869901450955732
4310,training,0,0.009783162735402584,0.018379116274372644,11.74753733587378,11.897217449167092,2.870785706397282
4311,training,0,0.02859034389257431,0.018379116274372644,11.709015405749028,11.907888812803819,2.8717772678809377
4312,training,0,0.010339772328734398,0.018379116274372644,11.670552148782003,11.918490616998227,2.8734989644251216
4313,training,0,0.008410206995904446,0.018379116274372644,11.63184390145578,11.92908661666632,2.8754463906831047
4314,training,0,0.009846256580203775,0.018379116274372644,11.593409803834362,11.939528580915567,2.877005501175352
4315,training,0,0.02399656642228365,0.018379116274372644,11.554779372044901,11.949955172861792,2.87871003280877
4316,training,0,0.026431696489453323,0.02192296752671871,11.516112561833959,11.96033448279601,2.8797450879281907
4317,training,0,0.008346425835043192,0.02192296752671871,11.477607384760605,11.970613210998781,2.8813741925706107
4318,training,0,0.01859192363917827,0.02192296752671871,11.438838521742213,11.980908296238479,2.882663682146646
4319,training,0,0.007749648764729496,0.02192296752671871,11.400286107150265,11.991095944776333,2.8838667947426404
4320,training,0,0.010750757530331612,0.02192296752671871,11.36163740982712,12.00123333832974,2.8861722253779734
4321,training,0,0.02868862077593803,0.02192296752671871,11.3228498476632,12.011324379298612,2.8876369930801364
4322,training,0,0.013266801834106445,0.009341624967211566,11.284289360987568,12.021274959160813,2.890016018793153
4323,training,0,0.007534571923315525,0.009341624967211566,11.245471588324392,12.031197419208612,2.892704671774957
4324,training,0,0.02886648289859295,0.009341624967211566,11.18744447929614,12.045843015616082,2.895972291547412
4325,training,0.0007181447,0.05751734785735607,0.009341624967211566,11.148591932106978,12.05553406892338,2.8981657924586557
4326,training,0,0.030919373035430908,0.009341624967211566,11.10980639584318,12.065121933786013,2.900463687190546
4327,training,0.02553373,0.05172161012887955,0.009341624967211566,11.07107965838897,12.074533252932078,2.906168295097339
4328,training,0,0.008143680170178413,0.006123703973079048,11.032065515231112,12.08377342647935,2.911100741545034
4329,training,0,0.005913965404033661,0.006123703973079048,10.993278850911523,12.092851029245551,2.9111773133230625
4330,training,0,0.003728814459464047,0.006123703973079048,10.954331782687472,12.102011041896882,2.909641257465642
4331,training,0,0.001458530779927969,0.006123703973079048,10.915360662090142,12.11123944724394,2.9077838194855063
4332,training,0,0.011704192031174896,0.006123703973079048,10.876579247171556,12.120466263976057,2.9082291729289818
4333,training,0,0.025782260578125715,0.006123703973079048,10.837567435062466,12.129728755300626,2.908460523867964
4334,training,0,0.010409660171717405,0.01221627653380937,10.81812990431027,12.134348319770691,2.9078266476066683
4335,training,0,0.007194061763584615,0.01221627653380937,10.759882012744985,12.148177159715992,2.9087999300865603
4336,training,0,0.005362840835005045,0.01221627653380937,10.720895277891954,12.157412696694912,2.908582684182099
4337,training,0,0.0035330932587385178,0.01221627653380937,10.682099160946356,12.166594147549686,2.909589096937828
4338,training,0.004139547,0.05617693439126015,0.01221627653380937,10.64311186852479,12.175754437188665,2.9121387703047947
4339,training,0.007765201,0.0706958626396954,0.01221627653380937,10.58478451482388,12.189325649130298,2.913682468074996
4340,training,0.0068450524,0.0643917378038168,0.004733478183364336,10.526247951144503,12.20283127136629,2.9153236272908125
4341,training,0,0.04380999878048897,0.004733478183364336,10.506824464395184,12.207290479081152,2.9164850515594507
4342,training,0.010690896,0.05998212844133377,0.004733478183364336,10.487433147709332,12.211696517202862,2.919909615213421
4343,training,0.0020705012,0.059522781521081924,0.004733478183364336,10.448415977314381,12.220311058400416,2.9286521469684126
4344,training,0.019617693,0.053754229098558426,0.004733478183364336,10.37032551715823,12.236566748292372,2.944805724962313
4345,training,0.0035997052,0.05679424479603766,0.011368889848524532,10.331041478445847,12.244223590274517,2.9530486253090524
4346,training,0.007372008,0.05858565866947174,0.011368889848524532,10.31147041590234,12.247929641970149,2.9563099556321464
4347,training,0.0070917546,0.062058337032794966,0.011368889848524532,10.272284898195089,12.255066425536082,2.9661425439373286
4348,training,0.016977835,0.08059060201048851,0.011368889848524532,10.232874250903402,12.261862739235658,2.9748200628406383
4349,training,0,0.040229525417089455,0.011368889848524532,10.193528352347098,12.268387751920262,2.978955550083782
4350,training,0,0.049972603097558015,0.011368889848524532,10.173858525883968,12.27159124525801,2.9809496817593883
4351,training,0.015395829,0.0581081034615636,0.011368889848524532,10.114679133125671,12.281039812410388,2.9840979951889093
4352,training,0.0035882622,0.054425769485533244,0.01321003509220271,10.055500930763333,12.2903537865602,2.9871031344640846
4353,training,0.062256515,0.0558764673769474,0.01321003509220271,10.01602733902907,12.29645929285348,2.988060005881994
4354,training,0,0.02544461190700531,0.01321003509220271,9.99626096169742,12.299513835816551,2.9885071342568517
4355,training,0,0.025789722800254822,0.01321003509220271,9.956841662607955,12.305419405524908,2.9981773846933812
4356,training,0,0.031234215945005417,0.01321003509220271,9.937048373387334,12.30821998030021,3.0038562073309376
4357,training,0,0.014820381999015808,0.01321003509220271,9.897555724321112,12.313517524276763,3.012467086623191
4358,training,0,0.004685401916503906,0.016179789760855653,9.857965979675289,12.318436520743546,3.023619144343401
4359,training,0,0.04819377884268761,0.016179789760855653,9.83813105129718,12.320722805217295,3.0300841214591356
4360,training,0.0045198607,0.053986433893442154,0.016179789760855653,9.778652886021883,12.3268666339147,3.0478750325080566
4361,training,0.002802936,0.09626008942723274,0.016179789760855653,9.738934589261493,12.330285653308623,3.063791917506258
4362,training,0.005913496,0.08230836689472198,0.016179789760855653,9.659323002149186,12.335606598272548,3.083928134417816
4363,training,0.002595766,0.0796270128339529,0.03580821975853543,9.619589906814195,12.337752617004762,3.0895697135801887
4364,training,0.017862538,0.11166584491729736,0.03580821975853543,9.579674152584653,12.339728228922427,3.095192449921876
4365,training,0.008445019,0.22612100467085836,0.03580821975853543,9.559657830261523,12.340611271382645,3.1001014023647873
4366,training,0.0051341737,0.12672028318047523,0.03580821975853543,9.519907570751663,12.342019031038449,3.111078511202839
4367,training,0.00211301,0.07244840869680047,0.03580821975853543,9.479996155275694,12.343066373147273,3.1188510660517865
4368,training,0.0016036928,0.09635762497782706,0.03580821975853543,9.440002134842764,12.343872353262979,3.1218515253943537
4369,training,0.008019691,0.09851036965847015,0.03580821975853543,9.400151404050709,12.344727926269966,3.1172033639126266
4370,training,0.0089245485,0.08790601231157781,0.022813326481104606,9.360043104710176,12.345831260996082,3.1107438936904277
4371,training,0.0019676834,0.09444725979119539,0.022813326481104606,9.320127591103953,12.347160980928985,3.1050649276940225
4372,training,0.004438631,0.059756856411695494,0.022813326481104606,9.280232353196045,12.348701355959895,3.1016005067613532
4373,training,0,0.030728589743375778,0.022813326481104606,9.240203587359055,12.350296578110854,3.104056761922865
4374,training,0,0.04455794766545296,0.022813326481104606,9.220326665959448,12.350999317931215,3.1077991223023154
4375,training,0.0037289949,0.05301325023174286,0.022813326481104606,9.160540564801575,12.352656409580277,3.1200118443154645
4376,training,0.0056358515,0.056016262620687485,0.036598575260136657,9.100754893276498,12.353545897863407,3.132489854178382
4377,training,0.009456086,0.0706586604937911,0.036598575260136657,9.040699895530391,12.353862861356813,3.139517934038853
4378,training,0.0008698044,0.11702097579836845,0.036598575260136657,8.980826086976794,12.353918955080292,3.1385429495930506
4379,training,0.010066976,0.10568062961101532,0.036598575260136657,8.920681495393719,12.354412619775948,3.126367597012772
4380,training,0.0036400151,0.07953528314828874,0.04363000196947506,8.860708753180933,12.355758316559003,3.112006171673527
4381,training,0,0.04438482224941252,0.04363000196947506,8.840637621839553,12.35637275433415,3.111021777844379
4382,training,0.010074612,0.05117882788181305,0.04363000196947506,8.780947099185513,12.358043327740168,3.1171284638362406
4383,training,0.002380424,0.06110080704092981,0.04363000196947506,8.72090103019256,12.359247496130951,3.1264331255898643
4384,training,0.0026297169,0.07795925997197627,0.04363000196947506,8.681102560975809,12.359741836439627,3.130447941564418
4385,training,0.010397434,0.06751005724072456,0.04701355273310577,8.62100217068211,12.360327606057721,3.132610456895894
4386,training,0.0042666756,0.05701216123998165,0.04701355273310577,8.581210436284582,12.360652027830206,3.133406766633737
4387,training,0.0056113754,0.08833243511617184,0.04701355273310577,8.541189663542285,12.360959459424334,3.134324932743153
4388,training,0.004418415,0.09672499075531961,0.04701355273310577,8.501146413103223,12.361256551969461,3.1328936413697233
4389,training,0.005898717,0.1076330691576004,0.04701355273310577,8.421080799815496,12.362434604595054,3.119866109922422
4390,training,0.0054125665,0.09610109403729439,0.04420237045512529,8.38117344535096,12.363406245760338,3.113780577484088
4391,training,0.0053176414,0.06629079207777977,0.04420237045512529,8.321133167722001,12.365269913829842,3.109247221983545
4392,training,0.015185492,0.060752235352993,0.04420237045512529,8.261394432296003,12.367051503814755,3.1144047767599563
4393,training,0.0063356906,0.08622332336381078,0.04420237045512529,8.221350042039592,12.36806271214894,3.1185483386666255
4394,training,0.001600645,0.08665803307667373,0.054902769337388704,8.18150939413653,12.368910203971742,3.1204594089624393
4395,training,0.0059816847,0.0931586157530546,0.054902769337388704,8.121531696136165,12.370217042112355,3.118052161540885
4396,training,0.0045691733,0.09167903661727904,0.054902769337388704,8.021659476971791,12.372743762715674,3.1137504676258714
4397,training,0.0025825598,0.06253974884748459,0.054902769337388704,7.961788343625235,12.374350690863867,3.1158955160977517
4398,training,0.0014843252,0.059370893985033035,0.05784231183995633,7.921821057733254,12.375293136907887,3.121341565853151
4399,training,0,0.04426254704594612,0.05784231183995633,7.9017686054253415,12.375660625036357,3.12550851840904
4400,training,0,0.03621576353907584,0.05784231183995633,7.881814439565116,12.375929584975847,3.13060996278355
4401,training,0,0.013694051653146744,0.05784231183995633,7.8420716553657,12.376178996127585,3.1401525437770403
4402,training,0,0.004066929221153259,0.05784231183995633,7.802013758579794,12.376023490966892,-3.131461960633418
4403,training,0,0.009785249829292297,0.05784231183995633,7.7621958206903034,12.37533915507621,-3.1174606271676923
4404,training,0,0.02689458429813385,0.05784231183995633,7.722372443048518,12.374066762419071,-3.1017675863269214
4405,training,0,0.03875106945633888,0.06544229254132214,7.682335998421996,12.372172477909578,-3.0856181655698522
4406,training,0,0.025341637432575212,0.06544229254132214,7.642726819781766,12.369636202743235,-3.0698855142359305
4407,training,0,0.02738827094435692,0.06544229254132214,7.602851394072497,12.366510848627444,-3.0569216915556643
4408,training,0,0.017458727583289146,0.06544229254132214,7.563083727238724,12.362953996812374,-3.0477296564991767
4409,training,0,0.023015106096863747,0.06544229254132214,7.523413780505375,12.359081425593617,-3.041339203906398
4410,training,0,0.015829058364033703,0.06544229254132214,7.483494576059368,12.354993037338835,-3.0379435962478354
4411,training,0,0.007882977835834026,0.047648392390721044,7.4438960904387255,12.350829778292944,-3.0360016124906806
4412,training,0,0.010022317990660667,0.047648392390721044,7.404111253716398,12.346572651233014,-3.0341507924896605
4413,training,0,0.024504850618541244,0.047648392390721044,7.364301321351729,12.34224193869221,-3.0325085917546746
4414,training,0,0.03758809715509415,0.047648392390721044,7.324727349559669,12.3378552493618,-3.030369427574951
4415,training,0,0.03395464550703765,0.047648392390721044,7.284870517677598,12.33337308068641,-3.028886002945388
4416,training,0,0.04430816974490881,0.047648392390721044,7.245246510997468,12.328875662642659,-3.028565793304703
4417,training,0.0026215152,0.054690063931047916,0.029644681647236965,7.185581467672047,12.322104823888562,-3.02901067639807
4418,training,0,0.03317814320325852,0.029644681647236965,7.165647070852717,12.319861192190508,-3.0301781616565497
4419,training,0,0.0458625555038452,0.029644681647236965,7.126073028093144,12.31547418014167,-3.033429806279839
4420,training,0.0038476805,0.050776616670191295,0.029644681647236965,7.086190699282228,12.311221860509837,-3.0372443493930663
4421,training,0,0.04449176136404276,0.029644681647236965,7.046432535943929,12.307124915483715,-3.0402721814146196
4422,training,0.0022511645,0.05444018635898827,0.029644681647236965,7.006708665398276,12.303120893424488,-3.042108317103665
4423,training,0.005816685,0.05929608270525931,0.010509400960611566,6.946909207266733,12.297248932833403,-3.0455893631212336
4424,training,0.012398952,0.06752237863838673,0.010509400960611566,6.907180235195302,12.293461238255206,-3.047622604127042
4425,training,0.0039268117,0.08190304040908813,0.010509400960611566,6.867203479955155,12.28971748478344,-3.0481154396198216
4426,training,0.012044927,0.09266223758459091,0.010509400960611566,6.807690477597858,12.284041105786772,-3.0439674170059736
4427,training,0.0038660704,0.09509826917201282,0.010509400960611566,6.747895373183273,12.278023241126093,-3.038760545021223
4428,training,0,0.03587051574140787,0.012249592069902747,6.728161615281712,12.275967764777834,-3.0376020006550135
4429,training,0,0.041995798237621784,0.012249592069902747,6.688394133062149,12.27181053865527,-3.038363715442397
4430,training,0,0.049666943959891796,0.012249592069902747,6.668404076386925,12.269750736195425,-3.0393908906306817
4431,training,0.005763228,0.06025130022317171,0.012249592069902747,6.608837409395083,12.263698032506708,-3.0407940023532727
4432,training,0.0045091733,0.07139406073838472,0.012249592069902747,6.568955059918522,12.259641930581138,-3.03956212210466
4433,training,0.002770602,0.0983710363507271,0.012249592069902747,6.548995018498916,12.257591404434052,-3.0383769667487095
4434,training,0.003007229,0.07186959311366081,0.03015653044949137,6.509467363620931,12.253405301950602,-3.033089448926621
4435,training,0.004147933,0.10519708693027496,0.03015653044949137,6.469705423899166,12.248906385265757,-3.023447799659084
4436,training,0.009260435,0.09043249487876892,0.03015653044949137,6.430136044970373,12.243965890163139,-3.0102588934210788
4437,training,0,0.048185315914452076,0.03015653044949137,6.390723123504605,12.238475586920805,-2.9977276065046095
4438,training,0,0.002208104357123375,0.03015653044949137,6.370890880144152,12.235578928123724,-2.99630363670499
4439,training,0,0.02171896491199732,0.03015653044949137,6.331290665055498,12.229795875100322,-2.9975442184141063
4440,training,0,0.04539527837187052,0.05434328292599711,6.291870119831307,12.224055161054928,-2.9966080281118215
4441,training,0.0031831427,0.06139062624424697,0.05434328292599711,6.252199979262516,12.218228538333586,-2.994815877327743
4442,training,0,0.013804752379655845,0.05434328292599711,6.212813681144986,12.212375422758491,-2.993585414030179
4443,training,0,0.023574411869049065,0.05434328292599711,6.173244513467892,12.206504670026602,-2.9963864901926933
4444,training,0,0.016678296495229006,0.05434328292599711,6.133538134555029,12.20079666350388,-3.001642286115491
4445,training,0,0.00636641401797533,0.05434328292599711,6.094092360701391,12.195304104171834,-3.0051691034922587
4446,training,0,0.0042049423791468135,0.05434328292599711,6.054346171588795,12.18990445060213,-3.0080638522841134
4447,training,0,0.008189825806766748,0.07600608249011734,6.014787410200645,12.184640665062336,-3.010361026278869
4448,training,0,0.029725475236773487,0.07600608249011734,5.975198688207825,12.179404016946162,-3.009844228415911
4449,training,0,0.027233650907874107,0.07600608249011734,5.935445459728775,12.17410557760545,-3.0085205691688373
4450,training,0,0.043109018355607986,0.07600608249011734,5.896009235819446,12.168776742911133,-3.00619013282648
4451,training,0,0.012134128250181675,0.07600608249011734,5.8563529604343545,12.163313223048542,-3.0031317975065086
4452,training,0,0.02715471014380455,0.07600608249011734,5.81678124579694,12.157741175213713,-3.00019778200418
4453,training,0,0.033532317727804184,0.07563313037313633,5.777378332811198,12.152006909248389,-2.9941228642762496
4454,training,0,0.0384267196059227,0.07563313037313633,5.737752655872458,12.146017306281829,-2.98927213791544
4455,training,0,0.04179496597498655,0.07563313037313633,5.698408004931305,12.139901027495288,-2.9854130001200434
4456,training,0,0.049310735426843166,0.07563313037313633,5.658934974015177,12.13361117444366,-2.9819601682363617
4457,training,0,0.04598052613437176,0.07563313037313633,5.619408847592566,12.127212937210581,-2.9808826375045205
4458,training,0.010298884,0.052141814492642886,0.07563313037313633,5.580121421209465,12.120791566970935,-2.9787017495796237
4459,training,0.008057105,0.07327422499656677,0.04112003895764984,5.520840880590535,12.111007570541686,-2.9787905164089623
4460,training,0.0030868803,0.08938668295741081,0.04112003895764984,5.481548188925574,12.104497462002648,-2.974941194958618
4461,training,0.0068663196,0.10868022590875626,0.04112003895764984,5.442109357510248,12.097724632861102,-2.9671025066220964
4462,training,0.0060593155,0.11885758116841316,0.04112003895764984,5.40284393408524,12.090638174863491,-2.9589710313617523
4463,training,0.0055758953,0.12292523495852949,0.04112003895764984,5.363718671127018,12.08321375823066,-2.949885647845088
4464,training,0.001950148,0.12164026452228428,0.025839355663552544,5.324435512506256,12.075462804697239,-2.9454769311610534
4465,training,0.0032582702,0.06640637945383789,0.025839355663552544,5.28532145292728,12.067679889279814,-2.945148585746619
4466,training,0.0064197727,0.0813491647131741,0.025839355663552544,5.246071272267288,12.05986750443786,-2.945546229312021
4467,training,0.004821297,0.11075340583920477,0.025839355663552544,5.206818387978023,12.052109338727671,-2.947583609629873
4468,training,0.0048470283,0.15522469952702522,0.025839355663552544,5.148125646761973,12.040441998556645,-2.94060258137557
4469,training,0.005264327,0.17726513743400574,0.025839355663552544,5.128593205912276,12.036422800052852,-2.936540798818183
4470,training,0.005935843,0.18087461590766907,0.03405712636337151,5.089634995574397,12.02807281838773,-2.9239740750331022
4471,training,0.008920374,0.13440952077507973,0.03405712636337151,5.050762751184512,12.019208943343262,-2.91092500321624
4472,training,0.0036026502,0.12307549640536308,0.03405712636337151,4.992565457246125,12.005076802979188,-2.8969654740847752
4473,training,0.0052300217,0.1446460485458374,0.03405712636337151,4.973315785446329,12.000217586003847,-2.892331880067868
4474,training,0.010771336,0.12897213734686375,0.03405712636337151,4.93466835406276,11.990227572219476,-2.886039470444143
4475,training,0.002818959,0.13134931772947311,0.03405712636337151,4.896012795224692,11.980042885987128,-2.8820084237125485
4476,training,0.002565729,0.08635364472866058,0.05153882308116029,4.857510440632944,11.969685964701707,-2.8757509093671607
4477,training,0.00068416697,0.0915640788152814,0.05153882308116029,4.819020472025098,11.95911097750846,-2.8726322265801496
4478,training,0.004389627,0.13618392497301102,0.05153882308116029,4.761298688715114,11.943066440672952,-2.8673486788340043
4479,training,0.0029754806,0.11898155882954597,0.05153882308116029,4.722952882253624,11.932112377176125,-2.8595785909143827
4480,training,0.0026176232,0.0756569467484951,0.05153882308116029,4.684602660952525,11.920822788691643,-2.850460938395266
4481,training,0.0040099397,0.06623443029820919,0.05153882308116029,4.627506282013832,11.903222258051548,-2.8368832768299925
4482,training,0.003917406,0.07265682518482208,0.0939321007034089,4.570408895271604,11.884985699395662,-2.827728578405347
4483,training,0,0.007146291434764862,0.0939321007034089,4.551421592651393,11.878785528062433,-2.825658294924114
4484,training,0,0.016186276450753212,0.0939321007034089,4.513414629456536,11.86641847608649,-2.8301381713024267
4485,training,0,0.003405035473406315,0.0939321007034089,4.494295230061791,11.860300305648778,-2.833566300499916
4486,training,0,0.026442705653607842,0.0939321007034089,4.475253410322176,11.854260788826531,-2.835258139124351
4487,training,0,0.0013905344530940038,0.0939321007034089,4.4562012621728435,11.848242638873316,-2.83618759957918
4488,training,0,0.02074892818927765,0.133323803831316,4.418172826514902,11.836255616489776,-2.8357683898739143
4489,training,0,0.0005393177270889282,0.133323803831316,4.3800926509540155,11.824104810149556,-2.827343092585876
4490,training,0,0.01771546155214311,0.133323803831316,4.342285270962641,11.811583622242754,-2.8176382393500203
4491,training,0,0.04892323166131972,0.133323803831316,4.304501323386578,11.798686418843952,-2.806463350969304
4492,training,0,0.0009262114763259888,0.133323803831316,4.266962610244242,11.785203426864209,-2.7856231633039497
4493,training,0,0.022782757878303514,0.133323803831316,4.22979185071729,11.771061538166677,-2.7721206189307197
4494,training,0.0030180344,0.08492597471922636,0.133323803831316,4.192626893555938,11.756296016796526,-2.7533576220433607
4495,training,0,0.008944004774093628,0.13504379719845777,4.155858308721415,11.74086278901311,-2.7391668301191747
4496,training,0,0.0014912709593772888,0.13504379719845777,4.119246104561931,11.72509266068588,-2.727779879732361
4497,training,0,0.019166514277458205,0.13504379719845777,4.082654929766085,11.70873090917637,-2.713198580183607
4498,training,0,0.017029277980327606,0.13504379719845777,4.0467469789588,11.691932847123907,-2.694697924422171
4499,training,0,0.0179523304104805,0.13504379719845777,4.0108784059397715,11.674352884684879,-2.677122200028666
4500,training,0,0.008217442780733109,0.13504379719845777,3.9753336556359087,11.656216480990329,-2.6623421867145907
4501,training,0,0.04619961604475975,0.018961800687932028,3.940120244597977,11.637642172871377,-2.6512755666186014
4502,training,0,0.022044651210308075,0.018961800687932028,3.9048287136817064,11.618638879786472,-2.6448176504162673
4503,training,0,0.04931696131825447,0.018961800687932028,3.869913361534231,11.599581303818937,-2.639013217331643
4504,training,0.0042368528,0.05598496273159981,0.018961800687932028,3.8349863076728106,11.58018766776696,-2.6300602403348754
4505,training,0.0033579196,0.06688011810183525,0.018961800687932028,3.8002046775628053,11.560468525753476,-2.6218324636725954
4506,training,0.003827291,0.06645646691322327,0.04662605774891513,3.7657999480156374,11.54054591482689,-2.612088171160802
4507,training,0,0.04126197099685669,0.04662605774891513,3.7313568631737097,11.520170827630155,-2.6027723257036244
4508,training,0,0.039220715872943394,0.04662605774891513,3.6972369791689363,11.499620349396288,-2.5963862713972534
4509,training,0.0040986594,0.07989073824137449,0.04662605774891513,3.663138130429979,11.47883960731098,-2.5927121779247444
4510,training,0,0.005417123436927795,0.04662605774891513,3.6290620438704697,11.457935914570704,-2.590310874912253
4511,training,0,0.0018510110676288605,0.04662605774891513,3.595163349207051,11.436924949076454,-2.5813308629199545
4512,training,0,0.0029730312526225974,0.04662605774891513,3.5614363056333396,11.415491694723919,-2.5700353037470975
4513,training,0,0.003138091415166855,0.028757769925777717,3.527973006178753,11.393766316168403,-2.561502347407857
4514,training,0,0.015119913965463631,0.028757769925777717,3.4947830614025697,11.371789262737154,-2.5524089927715004
4515,training,0,0.02385530387982726,0.028757769925777717,3.461638340400997,11.349508169015811,-2.548453698219919
4516,training,0,0.007603041827678687,0.028757769925777717,3.4285990231122536,11.327135305351682,-2.5437695448104565
4517,training,0,0.03167233197018504,0.028757769925777717,3.3956948032978627,11.304522446554369,-2.535129816785663
4518,training,0,0.00026070140302181244,0.028757769925777717,3.362983519617313,11.28168100140436,-2.529112303428964
4519,training,0.007170823,0.05325403343886138,0.028757769925777717,3.3304057686942654,11.258655721953483,-2.5237905155904357
4520,training,0,0.046944525092840195,0.009610268466666922,3.297908066659713,11.235463538874756,-2.521862394391108
4521,training,0.002996793,0.05348815396428108,0.009610268466666922,3.2652695087279517,11.212277781746586,-2.5271916785871182
4522,training,0,0.011352770030498505,0.009610268466666922,3.232526410809152,11.189333768924104,-2.5353915250042345
4523,training,0,0.03270044177770613,0.009610268466666922,3.1994554423855193,11.166730073898643,-2.5495166833687586
4524,training,0.0033894714,0.05722841620445253,0.009610268466666922,3.166144726874623,11.144607619223354,-2.5601247104157534
4525,training,0,0.020392283797264113,0.009610268466666922,3.1325437955195374,11.122728793644615,-2.568925707612549
4526,training,0,0.017147872596979155,0.05193245506085277,3.0987716543973116,11.101230739787011,-2.581206093006615
4527,training,0,0.016331683844327927,0.05193245506085277,3.0648032480181664,11.080174457790513,-2.5923391586916265
4528,training,0,0.03295271098613739,0.05193245506085277,3.0304420900362703,11.059421907152199,-2.605154260882144
4529,training,0.007760224,0.0845867358148098,0.05193245506085277,2.978833196839196,11.029060138168756,-2.6131190037083045
4530,training,0.024944175,0.07709812978282571,0.05193245506085277,2.9442283518127357,11.008866300328483,-2.6136813201318567
4531,training,0.0046724863,0.1365768015384674,0.05193245506085277,2.9098507108223606,10.988756205772374,-2.6097358753378765
4532,training,0.004780821,0.14933344721794128,0.05618250844781402,2.8755867456062316,10.968325262864521,-2.5958836002843286
4533,training,0.0029476415,0.1873089224100113,0.05618250844781402,2.841671298160626,10.947352848302234,-2.5796539624019825
4534,training,0.0044092345,0.15648671612143517,0.05618250844781402,2.8082457793682405,10.92586153073463,-2.560920088998705
4535,training,0.0020740083,0.12736800778657198,0.05618250844781402,2.7750483690537044,10.903732703922294,-2.548928038651579
4536,training,0,0.045806162059307085,0.05618250844781402,2.758481488454102,10.892554545084476,-2.5484398888568784
4537,training,0,0.023578391410410408,0.05618250844781402,2.725411750684974,10.870272927018679,-2.549686976895059
4538,training,0.006954765,0.058351334184408195,0.05618250844781402,2.6922054159018143,10.847968308353336,-2.5506209241516284
4539,training,0.0029822174,0.13023537397384644,0.00992675039307201,2.6590175621490375,10.825701388647458,-2.5495174827824494
4540,training,0.0057594143,0.05814982997253537,0.00992675039307201,2.6096106796959204,10.792007298574525,-2.5345005232654416
4541,training,0,0.025889478623867035,0.00992675039307201,2.5932935015911927,10.78060757631202,-2.528857373678722
4542,training,0,0.0035876408219337533,0.00992675039307201,2.5607938222058713,10.757486726923013,-2.517801374004773
4543,training,0,0.03025783970952034,0.00992675039307201,2.5285708341810236,10.733994133656145,-2.5059121194757794
4544,training,0,0.048584312200546265,0.00992675039307201,2.496586007081712,10.710173525607242,-2.4969172285904824
4545,training,0.0039991057,0.09163912385702136,0.00992675039307201,2.4648297510096726,10.686022338446374,-2.48550655589358
4546,training,0.0033719623,0.10107476264238358,0.07800353692897838,2.433406495243345,10.661556387711142,-2.4759767738719
4547,training,0.010829712,0.1403326019644737,0.07800353692897838,2.402045633130734,10.636730618556323,-2.467851645081824
4548,training,0.0030025644,0.08118943870067596,0.07800353692897838,2.371037608557471,10.61169583262411,-2.457332342744217
4549,training,0.0036698272,0.09792191535234451,0.07800353692897838,2.3402928321613437,10.586387667108454,-2.4480580327554264
4550,training,0.01125414,0.09363493323326111,0.07800353692897838,2.309686306228011,10.560651935353473,-2.435160720048184
4551,training,0.0036293399,0.14025771617889407,0.07800353692897838,2.2647485543963866,10.52141681327462,-2.4132797441701483
4552,training,0,0.014662340283393888,0.13344821429243056,2.249884358141577,10.508052201034218,-2.4046586489786876
4553,training,0.009530416,0.08390149474143982,0.13344821429243056,2.2205532931773684,10.480896168276724,-2.3818680995254304
4554,training,0.005758717,0.11133691668510431,0.13344821429243056,2.192108487951701,10.453146394002816,-2.3527894607743547
4555,training,0.0033283033,0.1456035971641541,0.13344821429243056,2.1647308604426936,10.424338769225951,-2.305354419336657
4556,training,0.0032841554,0.0659671872854233,0.13344821429243056,2.139045882114095,10.39434606285709,-2.251922308045119
4557,training,0,0.02163112163543701,0.12172781526404129,2.115006589257257,10.36299930640138,-2.199579612305434
4558,training,0,0.01370905339717865,0.12172781526404129,2.0924422892395693,10.330463134781148,-2.157823738754767
4559,training,0,0.0001364052295684537,0.12172781526404129,2.0710186224569127,10.296978988647453,-2.122216163885242
4560,training,0,0.019719719886779785,0.12172781526404129,2.050920624848129,10.262918900147456,-2.086265689247782
4561,training,0,0.017921581864356995,0.12172781526404129,2.0319093436309483,10.228025825029912,-2.0533481106040115
4562,training,0.0050768084,0.07003295421600342,0.12172781526404129,2.0139581217169957,10.192425785349787,-2.021779089591006
4563,training,0.009755045,0.07360757887363431,0.12172781526404129,1.9972503617410262,10.156550055139414,-1.9918702934262102
4564,training,0.0050611775,0.09385795891284943,0.06446883564502054,1.9739351753768632,10.101427616199588,-1.9502458834499599
4565,training,0.0032278448,0.09636656939983368,0.06446883564502054,1.9597096967685663,10.06443964513646,-1.9278870707050646
4566,training,0.00945827,0.08236486464738846,0.06446883564502054,1.9461155599440663,10.026882958115099,-1.9083065202919727
4567,training,0,0.024708189070224762,0.06446883564502054,1.9395925334685749,10.008051399079115,-1.8999241414793073
4568,training,0,0.014906212687492384,0.06446883564502054,1.9270764375915528,9.970332602318685,-1.8829851371368798
4569,training,0,0.01272515207529068,0.06446883564502054,1.9151222930857947,9.932232117550706,-1.8671224605775416
4570,training,0,0.038687348365783705,0.008772938901089334,1.9037734381653364,9.89408021831315,-1.8525247826230493
4571,training,0,0.01426713913679123,0.008772938901089334,1.893029912033306,9.855758602286903,-1.8359458267398836
4572,training,0,0.04225052893161774,0.008772938901089334,1.8828948590078112,9.817245058298436,-1.8212279797099138
4573,training,0.0026246947,0.058761706575751305,0.008772938901089334,1.8732981524285004,9.778511759858837,-1.805885093275643
4574,training,0,0.010290296748280525,0.008772938901089334,1.8643287786438394,9.739670493002734,-1.7912156615286288
4575,training,0,0.0025004390627145767,0.017707620661061962,1.8557744978552442,9.70077123875516,-1.784505054487789
4576,training,0,0.0019280202686786652,0.017707620661061962,1.8474107899003924,9.661680262022271,-1.7783504997942177
4577,training,0,0.022500203922390938,0.017707620661061962,1.8393272628641606,9.622691341205279,-1.7736412303009592
4578,training,0,0.02881744597107172,0.017707620661061962,1.8313128503196179,9.583490567364928,-1.7714551330686101
4579,training,0,0.016001097857952118,0.017707620661061962,1.8234274312877858,9.544324293876674,-1.7676491321270045
4580,training,0,0.021837221458554268,0.017707620661061962,1.815673439114756,9.505258693925693,-1.7662437900533325
4581,training,0,0.026129236444830894,0.017707620661061962,1.8079681532058383,9.465979337950627,-1.7622321137302055
4582,training,0,0.02086866833269596,0.02406638394767557,1.8005177811313966,9.426877896442498,-1.7571626008863235
4583,training,0,0.005610473453998564,0.02406638394767557,1.79318130212796,9.387584661149779,-1.7537752416949086
4584,training,0.0042302557,0.05447730608284473,0.02406638394767557,1.7859732181842671,9.34824169327695,-1.750149046597402
4585,training,0,0.033191471826285124,0.02406638394767557,1.7788992993892243,9.309056041485906,-1.7503251936297883
4586,training,0,0.0006810761988163012,0.02406638394767557,1.7717250208365198,9.269627806525243,-1.7511608808808394
4587,training,0,0.0053238291293382645,0.02406638394767557,1.7645612115780254,9.230386519655838,-1.7528211459935499
4588,training,0,0.01945931708905846,0.026865611238369322,1.7572389847150949,9.191113867210895,-1.7578066536178352
4589,training,0,0.031918526627123356,0.026865611238369322,1.7497138733824995,9.151763145775917,-1.7615202947871669
4590,training,0,0.0428724717348814,0.026865611238369322,1.7420824450455235,9.11264694080915,-1.7665036695601872
4591,training,0.0073457537,0.06586771830916405,0.026865611238369322,1.7341799112840843,9.07335932252366,-1.7720438888511163
4592,training,0,0.003848982509225607,0.026865611238369322,1.7261313700697973,9.034184067570317,-1.774807174454387
4593,training,0,0.0031553376466035878,0.026865611238369322,1.7179965951468743,8.995178044518932,-1.7778948630416445
4594,training,0,0.0006638932973146439,0.021986634035554772,1.7097714997622218,8.956002450785387,-1.7766173748017582
4595,training,0,0.0002961391583085043,0.021986634035554772,1.7017267233691942,8.916996241312015,-1.7728490424850942
4596,training,0,0.0148857980966568,0.021986634035554772,1.6937416103711875,8.877812100672626,-1.77112090756883
4597,training,0,0.01632992364466191,0.021986634035554772,1.685862754300241,8.838623796977595,-1.7669190490402231
4598,training,0,0.03899688832461834,0.021986634035554772,1.678160413723567,8.799562053610947,-1.7648963748504618
4599,training,0,0.003463542088866234,0.021986634035554772,1.670430368384251,8.76025195850758,-1.765526616263101
4600,training,0,0.04239997174590826,0.017943363607172892,1.6626835192382334,8.72110874193259,-1.7681132456572028
4601,training,0,0.04772236943244934,0.017943363607172892,1.6547191938075752,8.68193594528569,-1.7750676257592173
4602,training,0.008365445,0.053912559524178505,0.017943363607172892,1.6464936462204338,8.642739274427118,-1.779979068219824
4603,training,0,0.018659684807062156,0.017943363607172892,1.6381295903547055,8.603768499424378,-1.7850993584536317
4604,training,0,0.026500679552555084,0.017943363607172892,1.629565784964972,8.56465152053053,-1.78557111541812
4605,training,0,0.0013720523566007614,0.017943363607172892,1.6211712698768166,8.525617548038936,-1.7795793527970132
4606,training,0,0.03592766262590885,0.013923262597625285,1.6129393007697201,8.486621050837533,-1.77955153692595
4607,training,0,0.048079852014780045,0.013923262597625285,1.6045842687012264,8.447452850592803,-1.782657012455046
4608,training,0,0.03045535646378994,0.013923262597625285,1.5961499026186827,8.40847326801853,-1.786211920153297
4609,training,0,0.03488429449498654,0.013923262597625285,1.5875435253509256,8.36938487813436,-1.7887857305680044
4610,training,0,0.02683209627866745,0.013923262597625285,1.5789252816169341,8.330319057727767,-1.7864351173122133
4611,training,0,0.007158813998103142,0.013923262597625285,1.5704871465213632,8.291433210029066,-1.7828429876824023
4612,training,0,0.0008540209382772446,0.014795255737992263,1.5621484401837813,8.252290729483558,-1.778393731337599
4613,training,0,0.009306566789746286,0.014795255737992263,1.5540246217234428,8.213268725089701,-1.7750875947846356
4614,training,0,0.00536591000854969,0.014795255737992263,1.5459153267138275,8.174155687498592,-1.7758396540987442
4615,training,0,0.04559168277774006,0.014795255737992263,1.5378179535758179,8.13498354376211,-1.7727365720353625
4616,training,0.0046059643,0.06196778453886509,0.014795255737992263,1.5299896439209955,8.095992859161472,-1.7654922321813766
4617,training,0.0052322675,0.08735539950430393,0.021215132521991392,1.5188176802790045,8.037082227482687,-1.748936961390536
4618,training,0.0068871262,0.05301446653902531,0.021215132521991392,1.512068540665242,7.997992861420408,-1.7351615379513852
4619,training,0,0.024302718229591846,0.021215132521991392,1.5088669998009847,7.978299421601988,-1.730124248399062
4620,training,0.0051625534,0.06769398972392082,0.021215132521991392,1.4995173470254117,7.9190179132819765,-1.7248333427134952
4621,training,0.0071101044,0.06330398097634315,0.021215132521991392,1.4965077142282157,7.899452122332294,-1.7214582561120109
4622,training,0.0051640607,0.07107355818152429,0.021215132521991392,1.4907033237039151,7.859914589224293,-1.711400144388957
4623,training,0.002189647,0.05464382097125052,0.010528956658545245,1.4853180977843923,7.8203071032966855,-1.7004679855411873
4624,training,0.0007688783,0.050890535116195665,0.010528956658545245,1.4803788160444356,7.780854874800219,-1.6900119494895915
4625,training,0,0.04328706115484238,0.010528956658545245,1.4758298743934353,7.741041111979482,-1.678395898157356
4626,training,0,0.04916885495185852,0.010528956658545245,1.4718166226266913,7.701478929701221,-1.6650521488014283
4627,training,0,0.041980557143688216,0.010528956658545245,1.4683303622519142,7.661748059009566,-1.6521832010971684
4628,training,0,0.03113961219787599,0.010528956658545245,1.4652878313921833,7.621783014816594,-1.6404073378841222
4629,training,0,0.013370148837566376,0.010528956658545245,1.4627827018083297,7.58214281161827,-1.6272964731478303
4630,training,0,0.02486603707075119,0.03561863030015263,1.4608271617769129,7.542197482350946,-1.611600648747571
4631,training,0,0.01781273633241655,0.03561863030015263,1.4594484973222968,7.502361392524583,-1.599408301252561
4632,training,0,0.03675512783229351,0.03561863030015263,1.45853582254949,7.4625308329579605,-1.5884809008677996
4633,training,0.0016608909,0.05770269222557543,0.03561863030015263,1.457947864359973,7.422476231707782,-1.5833954251933875
4634,training,0.00444,0.09023722819983958,0.03561863030015263,1.4573402713295052,7.362639686208889,-1.5799340487172233
4635,training,0.0025580474,0.09246440604329109,0.03748972379412818,1.456888654966915,7.322461913439358,-1.5851619491965752
4636,training,0.0041436334,0.06471472606062889,0.03748972379412818,1.4565702946211985,7.302493966250507,-1.5883509754971146
4637,training,0,0.048487170599401,0.03748972379412818,1.4557820005094155,7.262621669871768,-1.592011251852117
4638,training,0.005704372,0.0572125343605876,0.03748972379412818,1.4545789861825589,7.202568366785537,-1.5896426728420874
4639,training,0.0034217052,0.07112075109034777,0.03748972379412818,1.453884197451932,7.162715467464425,-1.5869317686299977
4640,training,0.0039973846,0.07878231909126043,0.03748972379412818,1.4532677657704178,7.122622424981566,-1.5861092278126245
4641,training,0.003848136,0.06707196682691575,0.04716965716225102,1.4523022135972248,7.062776923601286,-1.5878391380097512
4642,training,0.0037854589,0.06242410372942686,0.04716965716225102,1.4516304631929253,7.022700269875086,-1.5869884360881215
4643,training,0.0043565147,0.06524268444627523,0.04716965716225102,1.4506726145362536,6.962836126460952,-1.586585456825686
4644,training,0.003305763,0.055445346049964414,0.04716965716225102,1.4500502463876423,6.92277268875314,-1.5866200866163682
4645,training,0,0.04504106007516384,0.04716965716225102,1.449409002428068,6.882836626843712,-1.5866444289799604
4646,training,0.0022790432,0.05720670521259308,0.05655380284913421,1.4486409558204225,6.822905291734624,-1.5805781257672171
4647,training,0.0032272413,0.0877767913043499,0.05655380284913421,1.4481829123596321,6.763026960072289,-1.5764290196498982
4648,training,0.006088103,0.12192371487617493,0.05655380284913421,1.4477864385130101,6.702877740495262,-1.5821073437525186
4649,training,0.004100554,0.0773953841999173,0.05655380284913421,1.4467109373535627,6.64303503165652,-1.59638578415504
4650,training,0.0073957993,0.051070377230644226,0.06482543866789704,1.44553252639045,6.60289583014813,-1.6016378450918565
4651,training,0,0.026059180498123183,0.06482543866789704,1.4449155518358605,6.582918590609485,-1.6025778087735978
4652,training,0,0.033851586282253265,0.06482543866789704,1.443787799006306,6.543090970188713,-1.5944232838104524
4653,training,0.0031427685,0.05065587535500525,0.06482543866789704,1.4430303800328048,6.503051186458115,-1.584883295184122
4654,training,0.003636123,0.05496410559862852,0.06482543866789704,1.4425917501120087,6.463141572305278,-1.5792304749883885
4655,training,0.0049927947,0.07854722067713737,0.06482543866789704,1.4423381193061346,6.423215024913075,-1.576387048464925
4656,training,0.004997433,0.05787219759076832,0.06482543866789704,1.4421120440725368,6.383095986456253,-1.5772059377371743
4657,training,0,0.02841818705201149,0.0699753827456368,1.4419886816005731,6.363110902206371,-1.576887677963575
4658,training,0,0.03719554841518402,0.0699753827456368,1.4418886177212134,6.343199106396627,-1.5744055397543548
4659,training,0,0.044973898679018014,0.0699753827456368,1.4418896402988814,6.303185377475846,-1.566972488396775
4660,training,0.0019567483,0.05160247068852186,0.0699753827456368,1.4423138016941142,6.24332039632761,-1.5614416135474083
4661,training,0.0053440584,0.06817316077649593,0.0699753827456368,1.442745194272271,6.20330860115235,-1.5587479313297947
4662,training,0.0029730117,0.09177152812480927,0.0699753827456368,1.443405986569819,6.143334145854281,-1.5620899310979004
4663,training,0.004231641,0.10262350365519524,0.06458229603857159,1.443607980164986,6.103277335849043,-1.5703336373250694
4664,training,0.0038066437,0.0770662222057581,0.06458229603857159,1.443195858233756,6.043235516777688,-1.584784975267775
4665,training,0,0.044622773304581656,0.06458229603857159,1.442881390394572,6.023268416523739,-1.5876346109365875
4666,training,0,0.04632746800780298,0.06458229603857159,1.4425412713893193,6.003243222325096,-1.587962178706393
4667,training,0,0.044476455077528954,0.06458229603857159,1.4419534645686298,5.963231817062828,-1.5830894207705486
4668,training,0.005236518,0.05453511886298655,0.06505466057197479,1.4414658487325007,5.903393863510329,-1.5752033028432506
4669,training,0.0032937715,0.05497071146965027,0.06505466057197479,1.4413645733465557,5.863369490561842,-1.5721466235777368
4670,training,0.0034763815,0.08626355603337288,0.06505466057197479,1.4413721726650008,5.823499056983798,-1.56996266240055
4671,training,0.0023518011,0.08993670158088207,0.06505466057197479,1.4414211223055688,5.783428625614329,-1.5705217763621382
4672,training,0.0058346107,0.08014663122594357,0.06505466057197479,1.4413393457479546,5.743433533965298,-1.5752866389640299
4673,training,0,0.04534944146871567,0.06505466057197479,1.441091140687665,5.703522919498675,-1.5781352511632172
4674,training,0,0.04702208191156387,0.07249205523544013,1.4409465692577152,5.683473500755529,-1.577244774950121
4675,training,0,0.04168234393000603,0.07249205523544013,1.4408371007858134,5.663456935284195,-1.5754345044307083
4676,training,0,0.047969549894332886,0.07249205523544013,1.440738320159039,5.623611348051542,-1.5711428525488766
4677,training,0.0044162087,0.05147587135434151,0.07249205523544013,1.4409235506014457,5.563587549996437,-1.5650722028878166
4678,training,0,0.006631042808294296,0.07249205523544013,1.4412071019597064,5.523703247106343,-1.5624166868756786
4679,training,0,0.013877481222152703,0.07249205523544013,1.4414113658413963,5.503772993435188,-1.558327460730003
4680,training,0,0.01088184118270874,0.07370839253216563,1.4420927126247411,5.463750494542049,-1.5494732604919994
4681,training,0,0.011393763124942786,0.07370839253216563,1.4430776055694112,5.423890755350201,-1.5427601703289837
4682,training,0,0.0004582088440656662,0.07370839253216563,1.4443522742907857,5.3840000152111545,-1.535033715851307
4683,training,0,0.009415397420525554,0.07370839253216563,1.445905284501203,5.344013599204004,-1.5296799852987595
4684,training,0,0.03491107001900673,0.07370839253216563,1.4476810159795501,5.304219309821344,-1.522090216115924
4685,training,0,0.005170438438653953,0.07370839253216563,1.4498370386541766,5.264304972909116,-1.5111238604863546
4686,training,0,0.005999583750963211,0.06465020966448697,1.4524120656621018,5.224467454948969,-1.5014447080488196
4687,training,0,0.012249764986336235,0.06465020966448697,1.4553786379796494,5.1847784229266045,-1.4919543186985587
4688,training,0,0.012136182747781277,0.06465020966448697,1.4586209984316643,5.1449301734429085,-1.4895770728758395
4689,training,0,0.009054071269929409,0.06465020966448697,1.4618536383005911,5.105142539486113,-1.4897296693599253
4690,training,0,0.02423528954386711,0.06465020966448697,1.4650934553762485,5.065271059755803,-1.4902077999211427
4691,training,0,0.024037007708102465,0.06465020966448697,1.4682424223044277,5.025361592877492,-1.4950631860051224
4692,training,0,0.028865821659564972,0.047601377950201446,1.4711787675408403,4.985581939201812,-1.4994237380370856
4693,training,0,0.023860075045377016,0.047601377950201446,1.4739429752148925,4.945593350834631,-1.5047677013707763
4694,training,0,0.02656559704337269,0.047601377950201446,1.4764473348065386,4.905722473322854,-1.5107252441475734
4695,training,0,0.009225493296980858,0.047601377950201446,1.4787640845562826,4.865791844396046,-1.5151264420361115
4696,training,0,0.012120668310672045,0.047601377950201446,1.4808970809774402,4.825779928403948,-1.5204808712569655
4697,training,0,0.013932415749877691,0.047601377950201446,1.482831982810453,4.785937890173001,-1.5237270679460755
4698,training,0,0.013803312554955484,0.03857425611201815,1.4846656648328243,4.745897671546518,-1.5266711535496906
4699,training,0,0.02397431805729866,0.03857425611201815,1.4863342642810786,4.705942846424538,-1.5315192728465097
4700,training,0,0.010922422632575033,0.03857425611201815,1.4878384876376187,4.666048945923769,-1.535166647143005
4701,training,0,0.014987670350819826,0.03857425611201815,1.489187719158082,4.6259540964431,-1.5397624814719275
4702,training,0,0.00017751893028616905,0.03857425611201815,1.4903448697254325,4.586094614736488,-1.5433069080687678
4703,training,0,0.0037089521065354347,0.03857425611201815,1.4914152375363812,4.546066974804867,-1.544592843953938
4704,training,0,0.00472649052971974,0.031781197318972276,1.4924353850893795,4.506045025863475,-1.546267132880908
4705,training,0,0.0034010531380772573,0.031781197318972276,1.4934247813217099,4.466215492625113,-1.5463086129993224
4706,training,0,0.020967071410268545,0.031781197318972276,1.494383045373717,4.426109819669047,-1.5482173395669998
4707,training,0,0.033138539642095566,0.031781197318972276,1.4951919679974377,4.386226458424072,-1.5531292102606797
4708,training,0,0.026632473338395357,0.031781197318972276,1.4957942101237516,4.346210956303713,-1.5587245129604719
4709,training,0,0.02927817194722593,0.031781197318972276,1.4961508720958332,4.306072707462288,-1.5654926718661462
4710,training,0,0.03993424400687218,0.036382112832772234,1.49626545390115,4.2662322322667805,-1.5703936195472301
4711,training,0,0.0356481084600091,0.036382112832772234,1.4961973489285263,4.226110519384853,-1.5746272131108123
4712,training,0,0.03479325398802757,0.036382112832772234,1.4959662304509482,4.186148930665366,-1.5783136921470582
4713,training,0,0.04967155307531357,0.036382112832772234,1.4956157459159924,4.146201535254782,-1.5811462406212746
4714,training,0.0010124084,0.05417560786008835,0.036382112832772234,1.4948079234785923,4.0861107524605815,-1.5878988934526614
4715,training,0,0.03685595653951168,0.041145364513034216,1.4940753677879763,4.04619130428798,-1.5901213404484669
4716,training,0,0.045570077374577515,0.041145364513034216,1.4936875432137193,4.026136904151376,-1.5901536194460781
4717,training,0.01874828,0.05112367868423461,0.041145364513034216,1.4928944671080082,3.986118917543092,-1.592241783818302
4718,training,0.002917511,0.09772031009197235,0.041145364513034216,1.491491478184192,3.9261685412178213,-1.5973234913431584
4719,training,0.0053728935,0.1395977959036827,0.041145364513034216,1.4902886411864507,3.886005373933655,-1.6058600107010839
4720,training,0.006324073,0.13459091633558273,0.040431024031528345,1.4863937932401965,3.805899404407313,-1.634666212760123
4721,training,0.011900945,0.09071368910372256,0.040431024031528345,1.4819709023259484,3.7461166848917715,-1.6524846513420945
4722,training,0,0.0255390629172325,0.040431024031528345,1.4786328227350551,3.706136308369704,-1.6527409797778299
4723,training,0,0.030003286898136125,0.040431024031528345,1.4770248489158448,3.686188570110146,-1.6476443032223815
4724,training,0,0.024074889719486237,0.040431024031528345,1.4755700070344313,3.6664127015504016,-1.641377311424704
4725,training,0,0.026937939226627364,0.040431024031528345,1.4742317523574355,3.6465712675279702,-1.63511797614494
4726,training,0,0.02067234367132187,0.058897523807640885,1.4718994240894738,3.6066171097990596,-1.622823701085332
4727,training,0,0.0361897647380829,0.058897523807640885,1.47089843229175,3.586610969765383,-1.617925554862478
4728,training,0,0.04302083514630795,0.058897523807640885,1.469207741408094,3.546875200884405,-1.609605144510139
4729,training,0,0.030768001452088356,0.058897523807640885,1.4677799968277268,3.5068677592823994,-1.60415189763026
4730,training,0,0.03245503082871437,0.058897523807640885,1.4665342603447293,3.466939797879539,-1.5997707201089824
4731,training,0,0.03153621032834053,0.058897523807640885,1.4655128758453324,3.427097467821008,-1.5931610843216804
4732,training,0,0.03470384329557418,0.06515232712195512,1.46473258990017,3.3870119218694934,-1.5876311448659748
4733,training,0,0.04759289510548115,0.06515232712195512,1.4641347029159812,3.347195983452107,-1.5845355223305608
4734,training,0,0.04722221195697784,0.06515232712195512,1.463643613805998,3.307203268685435,-1.5819457498649283
4735,training,0.0042732265,0.058925796300172806,0.06515232712195512,1.463223542437385,3.267180811745256,-1.5817034914276769
4736,training,0,0.0106690414249897,0.06515232712195512,1.462819672209864,3.227309203800398,-1.580009588959012
4737,training,0,0.04478066763840616,0.06515232712195512,1.4625228614291637,3.187234371165879,-1.574554632600857
4738,training,0.0076107304,0.061639091931283474,0.07164136096208165,1.4626347154334645,3.1274756032349313,-1.5627329969424744
4739,training,0.012106201,0.0587304811924696,0.07164136096208165,1.4631804731548754,3.087470148691682,-1.551170948237806
4740,training,0,0.025413149036467075,0.07164136096208165,1.4641393050508942,3.047634130492222,-1.543378370511265
4741,training,0,0.042938017286360264,0.07164136096208165,1.46471126823991,3.0277293503067932,-1.5414621107557416
4742,training,0,0.04578857496380806,0.07164136096208165,1.465938385722241,2.987716396364492,-1.5385562267506219
4743,training,0,0.04380072746425867,0.07164136096208165,1.4672782332474361,2.9477691959027186,-1.5362210291271003
4744,training,0.007259966,0.05347408074885607,0.013100256658088512,1.4687473808434162,2.9079558604544227,-1.5320392760523294
4745,training,0,0.01832621358335018,0.013100256658088512,1.470350099451171,2.867926026861689,-1.5310290939624112
4746,training,0,0.01806062087416648,0.013100256658088512,1.4718994951069646,2.8281559582106213,-1.5336822377551966
4747,training,0,0.01764576695859433,0.013100256658088512,1.4733079461449636,2.7881462618138046,-1.5374350460918886
4748,training,0,0.008764645084738738,0.013100256658088512,1.4745504794832445,2.748082763209795,-1.5427031610341584
4749,training,0,0.002990828827023506,0.013100256658088512,1.475589141157722,2.7082417639933474,-1.5473810578671126
4750,training,0,0.003995027393102646,0.024012774261414627,1.476423631367913,2.6681067044824793,-1.5530838342280333
4751,training,0,0.006617499515414245,0.024012774261414627,1.4769879590140336,2.6281890795113836,-1.5600432994725435
4752,training,0,0.011320315301418304,0.024012774261414627,1.4773147418841148,2.5881945127724797,-1.5649664310595301
4753,training,0,0.004461960867047306,0.024012774261414627,1.4774650176332271,2.5480554862629488,-1.569357708226496
4754,training,0,0.009848859161138535,0.024012774261414627,1.4774767615954927,2.5082284827701997,-1.571619767816104
4755,training,0,0.002227330580353737,0.024012774261414627,1.4774178454035558,2.468142517579652,-1.57291636382899
4756,training,0,0.008630938827991482,0.02157091201689331,1.477291315793496,2.428167612170628,-1.575168585192367
4757,training,0,0.033444423228502274,0.02157091201689331,1.4770972356730574,2.388237158399885,-1.576393148730194
4758,training,0,0.0012803291901946076,0.02157091201689331,1.4768358805991542,2.348081435690365,-1.5787224287483517
4759,training,0,0.00659408513456583,0.02157091201689331,1.4764766458827214,2.3082114104757023,-1.580852814434159
4760,training,0,0.01793329417705536,0.02157091201689331,1.4760528013441268,2.268176377758687,-1.5821869675172506
4761,training,0,0.021227700635790825,0.020485509306256963,1.4755793652811886,2.2281432594745665,-1.583245530242605
4762,training,0,0.009138727560639381,0.020485509306256963,1.4751214681793432,2.1882714860055796,-1.581245917325606
4763,training,0,0.04982273653149605,0.020485509306256963,1.4747826555910715,2.1481853114112313,-1.5763808446286534
4764,training,0,0.02587012760341167,0.020485509306256963,1.4746736860045648,2.108350492872823,-1.5702920622441434
4765,training,0.0029684184,0.053713683038949966,0.020485509306256963,1.4755539793521444,2.0284934826158287,-1.5493523974073944
4766,training,0.00837633,0.056025151163339615,0.020485509306256963,1.47664524062133,1.9886897099518281,-1.5373409627290515
4767,training,0.007478359,0.1006309911608696,0.019548195202239035,1.4792308349901493,1.9288437280544624,-1.5180099288540507
4768,training,0.0038917991,0.16261781635694206,0.019548195202239035,1.4817473197359534,1.8891111227857948,-1.4957849830444991
4769,training,0.007017343,0.12140459567308426,0.019548195202239035,1.4875911152169765,1.8298941923196395,-1.4478244865395509
4770,training,0.004258408,0.05180926341563463,0.019548195202239035,1.4963574461153542,1.7709658413375378,-1.3974989954101373
4771,training,0,0.015567938797175884,0.04106381530639645,1.4999768121056027,1.7510964162974767,-1.3867711633143593
4772,training,0,0.013520744629204273,0.04106381530639645,1.507404094682123,1.7118589871685173,-1.3829629891674555
4773,training,0.0091864765,0.09736347664147617,0.04106381530639645,1.51486495399987,1.6725644748022888,-1.3836756507821353
4774,training,0.0019326718,0.10229397565126419,0.04106381530639645,1.5258783762645105,1.6136637155401736,-1.3893807746413542
4775,training,0.003928416,0.06840860843658447,0.04106381530639645,1.536555443575806,1.5546242329581532,-1.3942462959955824
4776,training,0.0058670198,0.09903830289840698,0.04106381530639645,1.5400502836738965,1.5350460218730828,-1.3934909851720414
4777,training,0.0033204649,0.07087909430265427,0.08046583497171089,1.5472453670773199,1.4957222837424915,-1.3829094914849398
4778,training,0.001911269,0.19704651832580572,0.08046583497171089,1.5550729322337733,1.456655862487141,-1.3626569863352649
4779,training,0.005114812,0.2036883309483528,0.08046583497171089,1.5636240958568373,1.4178247689863257,-1.346745926487368
4780,training,0.0067049824,0.22352509945631033,0.08046583497171089,1.5727335576492343,1.3788045756551686,-1.3368514669594784
4781,training,0.0030080879,0.27451445162296295,0.08046583497171089,1.5821393790736453,1.3401461727861295,-1.3285830563555199
4782,training,0.003423816,0.29839521273970604,0.08046583497171089,1.5918612664224245,1.3013911568308818,-1.3212995465627118
4783,training,0.00871549,0.27564683556556696,0.09872458352777276,1.601908332758787,1.262656754895893,-1.3109478279090245
4784,training,0.003220425,0.27639671415090555,0.09872458352777276,1.6123363693798982,1.2242905049893693,-1.3002031850685192
4785,training,0.0059020976,0.27603674679994583,0.09872458352777276,1.6232489352129016,1.1857515876480178,-1.2887432689074068
4786,training,0.02568839,0.25679828226566315,0.09872458352777276,1.6345793396066184,1.1475697366617774,-1.2743543767399124
4787,training,0.004647918,0.26259666681289673,0.09872458352777276,1.6465481852574362,1.1096224273155553,-1.2552544130348537
4788,training,0.004537549,0.31506060063838964,0.09872458352777276,1.659362288829765,1.071712080263944,-1.233083104019059
4789,training,0.004163299,0.31358121335506434,0.04838066315266272,1.6728876953743381,1.034494597525742,-1.212640159543943
4790,training,0.011533657,0.2794752568006516,0.04838066315266272,1.687286091062137,0.9973073578747712,-1.1896123080610175
4791,training,0.004858887,0.20499902963638306,0.04838066315266272,1.7025588504311648,0.9605985153392435,-1.1618112142612518
4792,training,0.00292568,0.26156897842884064,0.04838066315266272,1.7189399933670937,0.9246045382143478,-1.1231837503304054
4793,training,0.008465676,0.4678473174571991,0.04838066315266272,1.736864773008339,0.8892956156597862,-1.0787747207974798
4794,training,0.004681481,0.4884882792830466,0.04838066315266272,1.7560827734801974,0.8545858238112938,-1.0587997633415063
4795,training,0.0040777694,0.32858639955520635,0.044534350072446015,1.77582580931337,0.8199929870081981,-1.046038316488899
4796,training,0.001431525,0.2838433161377907,0.044534350072446015,1.7959664152567822,0.785615564683495,-1.0356350613375616
4797,training,0.0019199058,0.251594178378582,0.044534350072446015,1.8165807560545353,0.7514359348144672,-1.0183972322217083
4798,training,0.0076336684,0.2707277238368988,0.044534350072446015,1.8377670697509731,0.7179511703939714,-0.9945225358137254
4799,training,0.0075817658,0.25054866075515747,0.044534350072446015,1.8599282172472549,0.6848863452762902,-0.9647739967150379
4800,training,0.0027681247,0.32569721341133123,0.044534350072446015,1.8831563580328605,0.6526251013980877,-0.9258565371531484
4801,training,0.0021006204,0.38812607526779175,0.15858772436130156,1.9075177102752865,0.6214528449328558,-0.8908700127365488
4802,training,0.01868559,0.36586968600749964,0.15858772436130156,1.9331235998325504,0.5914852636682895,-0.8190269216552063
4803,training,0.004992839,0.5020734965801239,0.15858772436130156,1.9611851289923576,0.5642308598455087,-0.7227513909162749
4804,training,0.0030144248,0.4376334846019746,0.20218857052671899,1.991842835734611,0.5403531316196244,-0.5940474935040695
4805,training,0.0043615475,0.39110198616981506,0.20218857052671899,2.0252660706725645,0.5208991240736177,-0.46020623244026254
4806,training,0.0006069731,0.32973788678646077,0.22015408452714333,2.0611329122087505,0.5058277364858137,-0.3399491767545346
4807,training,0.006647718,0.21609675884246826,0.22015408452714333,2.0986804230694065,0.49485449646344487,-0.22837373647298556
4808,training,0.0024460363,0.21178945899009705,0.22444454517880438,2.137069866448098,0.4880141176412733,-0.12768396828250772
4809,training,0.0029209603,0.28941258043050766,0.22444454517880438,2.1761039509647278,0.48470509374771426,-0.04341981999002091
4810,training,0.0005442395,0.20928170531988144,0.22444454517880438,2.2153423900971614,0.4845053083852958,0.03248237692173428
4811,training,0.0047032693,0.21118806675076485,0.20872846360485575,2.25467865973961,0.4872027137519812,0.10001761177504781
4812,training,0.002771114,0.19285158812999725,0.20872846360485575,2.293787097049886,0.49206210465175154,0.14417299345065213
4813,training,0.0015347463,0.15874092280864716,0.20872846360485575,2.332985699957649,0.49840093353415116,0.17515174778554665
4814,training,0.002182269,0.23884402215480804,0.20872846360485575,2.372400906493084,0.5059373507605326,0.20047784356973236
4815,training,0.0043729567,0.2517465502023697,0.20872846360485575,2.411154796682371,0.514194029225242,0.22245393332144145
4816,training,0.0033928226,0.09215179458260536,0.20872846360485575,2.469205698171371,0.5285801520544477,0.26266363858792824
4817,training,0.007132231,0.08943116664886475,0.017677813811920497,2.5069311967908847,0.5390582596462692,0.27134936173340135
4818,training,0.0043421052,0.06429851055145265,0.017677813811920497,2.565282494010352,0.5544351796821401,0.23465883379621252
4819,training,0.013719667,0.08619175106287004,0.017677813811920497,2.6043704020971505,0.5630978702751688,0.20201418246527744
4820,training,0.0028396947,0.10227962583303453,0.017677813811920497,2.66399008518631,0.5737275236522065,0.1499657754080137
4821,training,0.008996775,0.11547202616930008,0.017677813811920497,2.7237576759737347,0.581156756240386,0.09658925801676839
4822,training,0.015110481,0.08474181685596704,0.02045971762939743,2.7639560068485527,0.5844164497306211,0.06597314519457836
4823,training,0.003074044,0.1140079852193594,0.02045971762939743,2.8039612950796986,0.5866177444075881,0.045883615021582835
4824,training,0.0039073476,0.06541285291314124,0.02045971762939743,2.8639805070117794,0.588953360250064,0.03621382072435073
4825,training,0,0.033759407699108124,0.02045971762939743,2.9038447699414025,0.5904437895156549,0.04033320925700154
4826,training,0,0.03135434910655022,0.04463463423425318,2.923726232130636,0.5913011023915823,0.04611231869724863
4827,training,0,0.032418236136436476,0.04463463423425318,2.9636590579741724,0.5933922033942804,0.058281076690840615
4828,training,0,0.04200257547199726,0.04463463423425318,3.0034236415879514,0.5959600137689579,0.06891655894083651
4829,training,0,0.03123963624238968,0.04463463423425318,3.0432350586217947,0.5988012874699191,0.07253607409473829
4830,training,0,0.02613661903887987,0.04463463423425318,3.083124160554096,0.6017436996277681,0.0750480859587104
4831,training,0,0.02804656233638525,0.04463463423425318,3.1229055592218957,0.6047767695088616,0.07598925437780893
4832,training,0,0.02526364475488663,0.05661521220877698,3.1628372328996166,0.6078024944147637,0.07485773405420265
4833,training,0,0.0161041053943336,0.05661521220877698,3.2026688957412484,0.6108003448459636,0.0750721713752888
4834,training,0,0.02147288154810667,0.05661521220877698,3.2424736707552024,0.6137579707863717,0.07272605748522705
4835,training,0,0.010869970545172691,0.05661521220877698,3.282439249814223,0.616623096479154,0.07076935143927177
4836,training,0,0.009004454594105482,0.05661521220877698,3.3222324753828576,0.6194415053914285,0.0695520941123116
4837,training,0,0.03832145035266876,0.05661521220877698,3.362152831822731,0.6221632558730462,0.06630299370612051
4838,training,0,0.04900697432458401,0.049861149180210604,3.4020504375681737,0.6247759292608803,0.06471333068957064
4839,training,0.003776508,0.05504542216658592,0.049861149180210604,3.4418858696241657,0.6273106413123114,0.06162598217137791
4840,training,0,0.04367390554398298,0.049861149180210604,3.48190000259119,0.629709480953133,0.05834033946027842
4841,training,0,0.04153062403202057,0.049861149180210604,3.5217354254249904,0.6320295755356299,0.05709254970203458
4842,training,0,0.03728729486465454,0.049861149180210604,3.561647351177955,0.6342452951340048,0.05342682702045393
4843,training,0,0.0011471342295408249,0.049861149180210604,3.6015893156577174,0.6363281162953482,0.05112648074966989
4844,training,0,0.0071893874555826204,0.005303671605028817,3.6414804931769478,0.6383241532951547,0.04797093381534142
4845,training,0,0.009762046858668326,0.005303671605028817,3.681507835376523,0.6401532710630883,0.04331152416700536
4846,training,0,0.011242253705859184,0.005303671605028817,3.721410075852516,0.6418359626147137,0.04054607276996565
4847,training,0,0.0010889898985624279,0.005303671605028817,3.7613483511741737,0.6433705573301894,0.035720139282240514
4848,training,0,0.004089539870619776,0.005303671605028817,3.8013145484274498,0.6447216221736028,0.03263912530885034
4849,training,0,0.000867446418851614,0.005303671605028817,3.8412647443536647,0.6460034043601784,0.031001558994120416
4850,training,0,0.017426704987883568,0.010199804314490996,3.8812629361781643,0.6472030483871092,0.029026434293912905
4851,training,0,0.016756229102611542,0.010199804314490996,3.9211709526531777,0.6483841169311378,0.03042759184024827
4852,training,0,0.01283526886254549,0.010199804314490996,3.961090826030071,0.6496194557553407,0.030530630928168677
4853,training,0,0.007459508255124092,0.010199804314490996,4.001078759939669,0.6508367992837638,0.03064882290736655
4854,training,0,0.0024295514449477196,0.010199804314490996,4.040990245748417,0.6520977105439983,0.03164357224273374
4855,training,0,0.010781028307974339,0.010199804314490996,4.080948853531993,0.6533310195391214,0.029545311201523483
4856,training,0,0.005699320696294306,0.019682233502781612,4.120879743770873,0.6544916405993355,0.028705781437859297
4857,training,0,0.013770858757197857,0.019682233502781612,4.16082454345464,0.6556328503233784,0.027752143622748693
4858,training,0,0.011825607158243656,0.019682233502781612,4.200847399702378,0.656711810496631,0.02634758458247179
4859,training,0,0.0278416695073247,0.019682233502781612,4.240732298564133,0.6578018313739201,0.027945659042366632
4860,training,0,0.028525640256702903,0.019682233502781612,4.280659730804177,0.6589373812024507,0.028554715627092456
4861,training,0,0.0396690322086215,0.019682233502781612,4.320591640603096,0.6601106332581452,0.03064792421279412
4862,training,0,0.04462050087749959,0.0031448240318134525,4.360502715252391,0.6614021007340054,0.03329827544816828
4863,training,0,0.03196460101753473,0.0031448240318134525,4.400476511520155,0.6627639993666808,0.0348112780755943
4864,training,0,0.016620267182588577,0.0031448240318134525,4.440337664251596,0.6642107147350047,0.037202538377311564
4865,training,0,0.0035975184291601146,0.0031448240318134525,4.480276785743323,0.6656777370142877,0.03460319220925583
4866,training,0,0.006776198744773865,0.0031448240318134525,4.520276535333932,0.6669650253979785,0.029876536657916463
4867,training,0,0.020537273958325386,0.0031448240318134525,4.560274918584828,0.6680601679282161,0.02384243486363936
4868,training,0,0.036383453756570816,0.017349488177911987,4.600319983820673,0.6688177887021056,0.013341717111202982
4869,training,0,0.02331489324569702,0.017349488177911987,4.640305347830219,0.6691676097504087,0.004316302251733671
4870,training,0,0.0026994855143129834,0.017349488177911987,4.680372433123829,0.6691763781715495,-0.0042186362569708235
4871,training,0,0.008593549951910973,0.017349488177911987,4.720404894473622,0.6688860022713282,-0.008666097581117143
4872,training,0,0.028838183730840683,0.017349488177911987,4.760366592200245,0.6685637403747982,-0.006977641183342698
4873,training,0,0.01882912265136838,0.016577629641695932,4.800194833743793,0.6683339368312542,-0.004217972865968222
4874,training,0,0.01772062061354518,0.016577629641695932,4.840177163364832,0.6682505089489995,-0.0003552397201145509
4875,training,0,0.039000317454338074,0.016577629641695932,4.88008777900618,0.6683218769104415,0.0028016011741669776
4876,training,0,0.021404339466243982,0.016577629641695932,4.920074643086825,0.66848493028669,0.005356234337478721
4877,training,0,0.012456935830414295,0.016577629641695932,4.960031430288777,0.6687800368178963,0.009323412265693996
4878,training,0,0.01811465434730053,0.016577629641695932,5.000018229409897,0.6691732413245068,0.008488804222774989
4879,training,0,0.04039396997541189,0.016340517106819354,5.0399963390722515,0.6694059227041447,0.0023427269815221334
4880,training,0,0.031977306585758924,0.016340517106819354,5.080067423052288,0.6693485608963075,-0.005799709372881987
4881,training,0,0.004393710754811764,0.016340517106819354,5.120122421762711,0.6689280909328598,-0.014828113405218947
4882,training,0,0.008384918794035912,0.016340517106819354,5.160066332520118,0.6682729808818197,-0.016814588997393624
4883,training,0,0.004859023727476597,0.016340517106819354,5.1999811463971355,0.6676204321780155,-0.016515975286637376
4884,training,0,0.00286620432689233,0.016340517106819354,5.239975738078169,0.6669712990619512,-0.016128355481749974
4885,training,0,0.015205456875264645,0.015025594961743835,5.279947536208062,0.6663538840021607,-0.01534461867829127
4886,training,0,0.01673407480120659,0.015025594961743835,5.319909115646652,0.6656933924705777,-0.018823979671643353
4887,training,0,0.01733139529824257,0.015025594961743835,5.359886794449849,0.6648788789007852,-0.021893919260109584
4888,training,0,0.01073805894702673,0.015025594961743835,5.399842327098657,0.6639816054510179,-0.023525175265894066
4889,training,0,0.009798120707273485,0.015025594961743835,5.439811181585593,0.6630312156025481,-0.023704838050049443
4890,training,0,0.04352776752784848,0.015025594961743835,5.47973329874783,0.6621674896659201,-0.01871832136707876
4891,training,0.0032364614,0.05574196547968313,0.01837070704270477,5.519516208464866,0.66154909008717,-0.01221526219951589
4892,training,0,0.003357570618391037,0.01837070704270477,5.559448890423271,0.6612566390240127,-0.0020649549348682053
4893,training,0,0.0015940330922603677,0.01837070704270477,5.599317888969789,0.661425857237871,0.009845897179265886
4894,training,0,0.02966184727847576,0.01837070704270477,5.639204649994932,0.6619635901222565,0.016374597336516226
4895,training,0,0.008855560794472691,0.01837070704270477,5.6790961891197185,0.662720742018258,0.020536467617174654
4896,training,0,0.019605645909905434,0.01837070704270477,5.719014304449177,0.6635968080361926,0.022752344741498464
4897,training,0,0.01837075687944889,0.006119573312271664,5.75900664953131,0.6645476886712238,0.025011212143755207
4898,training,0,7.328204810619354e-05,0.006119573312271664,5.798905033290996,0.6656125817499111,0.0270255544411862
4899,training,0,0.012502623721957203,0.006119573312271664,5.8388799512980984,0.6666321281047478,0.022720677511036326
4900,training,0,0.001965109258890152,0.006119573312271664,5.878853950952384,0.667435803186684,0.017416196134260625
4901,training,0,0.02829134464263916,0.006119573312271664,5.918857021491456,0.6680595020017349,0.013763806681990422
4902,training,0,0.040790973231196404,0.006119573312271664,5.958879795749404,0.6685629794627473,0.012289789725016109
4903,training,0,0.0017476119101047516,0.009433260237468639,5.998776766741678,0.6691276544116485,0.016280895965051282
4904,training,0,0.03213178925216198,0.009433260237468639,6.038766505019796,0.6697901559729734,0.014553968952172118
4905,training,0,0.018077638000249863,0.009433260237468639,6.07875729571184,0.6702445635064451,0.007393113573957861
4906,training,0,0.005683000199496746,0.009433260237468639,6.1187698469381555,0.6704746856526484,0.005619529543211213
4907,training,0,0.015300579369068144,0.009433260237468639,6.158770100554055,0.6706772099838909,0.004167666057262395
4908,training,0,0.03561459295451641,0.009433260237468639,6.198646136137064,0.6708140322583073,0.0013513331703806234
4909,training,0,0.04171667133050505,0.017134537406742915,6.238707560077784,0.6707193842499998,-0.007641338128121231
4910,training,0,0.01906529674306512,0.017134537406742915,6.278701717770359,0.670212477195868,-0.016608355909654107
4911,training,0,0.023133033886551857,0.017134537406742915,6.318726370240812,0.6694386875198963,-0.02162214711418752
4912,training,0,0.01968500018119812,0.017134537406742915,6.358727865590955,0.668463595894252,-0.02749390329715323
4913,training,0,0.009804075583815575,0.017134537406742915,6.398693482621799,0.6673063230704648,-0.02969854900949998
4914,training,0,0.0013345442712306976,0.030381998094743498,6.43862101783363,0.6661441017964372,-0.028804011531528412
4915,training,0,0.011734409257769583,0.030381998094743498,6.478583565579839,0.6650413251383153,-0.026100754213470686
4916,training,0,0.025053212884813547,0.030381998094743498,6.518500105991818,0.6641106615734771,-0.020357255241772586
4917,training,0,0.016077104955911636,0.030381998094743498,6.558360438978073,0.6633916552031673,-0.016331398700973443
4918,training,0,0.025217656046152115,0.030381998094743498,6.598306734696649,0.6628486590586631,-0.010701324409184892
4919,training,0,0.014091724529862404,0.030381998094743498,6.638218311976401,0.662554742294416,-0.00513401684562537
4920,training,0,0.0038244854658842087,0.03633034693715615,6.678158361490635,0.6623994316077753,-0.003076507644444969
4921,training,0,0.007231654599308968,0.03633034693715615,6.7181238584290135,0.66232811291549,-0.0009587262602296868
4922,training,0,0.019512906670570374,0.03633034693715615,6.758049979507855,0.6623182162948101,-0.00040484327462447377
4923,training,0,0.020705973263829947,0.03633034693715615,6.798060568134159,0.6623260945415441,0.0010625815529093962
4924,training,0,0.04783749207854271,0.03633034693715615,6.8380162725977085,0.6624458511467736,0.004547663625426376
4925,training,0,0.03311563841998577,0.03633034693715615,6.877935217038564,0.662668943200878,0.006686981032787394
4926,training,0,0.020881714299321175,0.03171506399041231,6.917871878017281,0.662998424115433,0.00924020198722467
4927,training,0,0.00035570934414863586,0.03171506399041231,6.957852069054835,0.6633852075150201,0.00866820066372457
4928,training,0,0.0072249844670295715,0.03171506399041231,6.9978824738830525,0.6636565830773778,0.0045983928886176376
4929,training,0,0.019327815622091293,0.03171506399041231,7.037818104262349,0.663805416844888,0.0025126755812096844
4930,training,0,0.015802811831235886,0.03171506399041231,7.077806885073111,0.6638701664542852,0.0006601829854386001
4931,training,0,0.04677677433937788,0.02264946937821401,7.117780551968526,0.6638967884199258,0.0008441657718278901
4932,training,0,0.037747329100966454,0.02264946937821401,7.157773804409585,0.6639484760200363,0.0009147181932737027
4933,training,0,0.04332028329372406,0.02264946937821401,7.197795432981089,0.6639331533476766,-0.0020212998818124276
4934,training,0,0.04148107767105103,0.02264946937821401,7.237728394892037,0.6638360752380149,-0.0031396233497804384
4935,training,0.0059111416,0.05750671122223139,0.02264946937821401,7.297741108865643,0.6635775495400228,-0.005907676736567246
4936,training,0,0.04912431724369525,0.02264946937821401,7.3377016455047785,0.6633536809898614,-0.005035925811990227
4937,training,0,0.041108152829110615,0.015092750140097467,7.357701469608616,0.6632635625220581,-0.004704494870188355
4938,training,0,0.0469963438808918,0.015092750140097467,7.397659651758037,0.6630567214069719,-0.006006514316575765
4939,training,0.012052758,0.053549906238913536,0.015092750140097467,7.437635232630186,0.6628216934803721,-0.005669186485982322
4940,training,0.0062067155,0.06396642327308655,0.015092750140097467,7.497566867175495,0.6624973153534722,-0.005769631265068519
4941,training,0.006346864,0.08459431305527687,0.015092750140097467,7.537517392067433,0.6623674002763177,0.00015201465719157578
4942,training,0.0032335143,0.06925423070788383,0.015092750140097467,7.597333302113275,0.6626732657199798,0.008962967205057688
4943,training,0,0.043125526979565613,0.014539564882403563,7.617339242595264,0.6628823521976878,0.011108199168542866
4944,training,0,0.030919721350073814,0.014539564882403563,7.657284053033929,0.6633889757995787,0.012707734735607676
4945,training,0,0.032807806506752975,0.014539564882403563,7.677281242681293,0.6636343925556214,0.010786752747477422
4946,training,0.0023163124,0.05201279558241367,0.014539564882403563,7.737244501841132,0.6640632286408114,0.004459243383993319
4947,training,0,0.027831248939037316,0.014539564882403563,7.777269127494049,0.6641906664437645,0.0014492205261682288
4948,training,0,0.04123476892709732,0.014539564882403563,7.797264779233792,0.6641965374249527,-0.0013915085223555055
4949,training,0,0.03820973634719849,0.024491566890814068,7.837266498828993,0.6640243426611133,-0.006331132409227854
4950,training,0,0.02971734199672937,0.024491566890814068,7.877256817246375,0.6637475404067822,-0.007351465696952888
4951,training,0.0049189166,0.050128583796322346,0.024491566890814068,7.937215619765357,0.6632609295061248,-0.008647985325979593
4952,training,0,0.03396498691290617,0.024491566890814068,7.957192139866863,0.6630934487602752,-0.008326283181427155
4953,training,0,0.03108011558651924,0.024491566890814068,7.9971570332281345,0.6627597682404834,-0.009486891478915325
4954,training,0,0.04428137931972743,0.024491566890814068,8.037180095817206,0.662341514127736,-0.011315718247696244
4955,training,0,0.04073312878608704,0.02471802729381386,8.077155942655397,0.661904724771522,-0.010563588922399935
4956,training,0,0.04711597505956889,0.02471802729381386,8.117068623814184,0.6614739844791224,-0.011520878274957607
4957,training,0,0.01950856857001781,0.02471802729381386,8.157045957651679,0.661025100954512,-0.010810447312931683
4958,training,0,0.0377286160364747,0.02471802729381386,8.196968754554145,0.660626445135418,-0.010336798818243051
4959,training,0,0.044302997179329395,0.02471802729381386,8.236973202205263,0.6602095513055806,-0.01075763062727339
4960,training,0,0.03572266083210707,0.02471802729381386,8.276934290548938,0.6598123723004283,-0.009114520614841111
4961,training,0,0.04801919590681791,0.019291590402104385,8.316851755507614,0.6594604956519136,-0.0094614443894125
4962,training,0,0.03768384456634521,0.019291590402104385,8.356849899473382,0.6590869686353678,-0.00908565138759296
4963,training,0,0.045689795166254044,0.019291590402104385,8.396814288222233,0.6587654353959732,-0.007662013016291299
4964,training,0,0.030439332127571106,0.019291590402104385,8.436761631565384,0.658447083191218,-0.008459873672916316
4965,training,0,0.01728532277047634,0.019291590402104385,8.47672982362595,0.6581333916620206,-0.007146147593811754
4966,training,0,0.045993504114449024,0.019291590402104385,8.516661018960084,0.6578710678493912,-0.0071158955823072126
4967,training,0,0.04024376720190048,0.014357353856867022,8.55667769414116,0.6575793308341226,-0.00751376464618152
4968,training,0,0.03879151958972215,0.014357353856867022,8.596650001355234,0.6573132679084275,-0.005965721299886623
4969,training,0,0.04538255836814642,0.014357353856867022,8.63657814155495,0.6570730849634766,-0.006615314437635971
4970,training,0,0.03692108020186424,0.014357353856867022,8.676560211681373,0.6568209635078581,-0.005961727992454039
4971,training,0,0.04393988102674484,0.014357353856867022,8.716499642220157,0.6566117842190907,-0.005461934730795398
4972,training,0,0.04342891275882721,0.014357353856867022,8.75651150823988,0.6563912959249482,-0.005777647451236419
4973,training,0.008486561,0.055684915743768215,0.014673002812725527,8.796476695325035,0.6561952261880236,-0.004058677706888826
4974,training,0,0.04902762360870838,0.014673002812725527,8.836384209901842,0.6560536104408227,-0.00340267029210144
4975,training,0,0.04817064478993416,0.014673002812725527,8.876369199255947,0.6559936014854085,0.0013487317518408048
4976,training,0.0071515488,0.0726258307695389,0.014673002812725527,8.916252386973207,0.656187558332104,0.007171298994381661
4977,training,0.00423394,0.11241697147488594,0.014673002812725527,8.976174861711405,0.6568251920694804,0.015034154236074465
4978,training,0.0059881974,0.09637576714158058,0.014673002812725527,9.01601384599711,0.6576528598454755,0.02609762946859078
4979,training,0.0012802668,0.07498336583375931,0.020506692156588506,9.055880420775841,0.6588470426870802,0.03265887612140427
4980,training,0,0.040103811770677567,0.020506692156588506,9.075822869928084,0.6595263968139277,0.03416219540187055
4981,training,0,0.03556329011917114,0.020506692156588506,9.115685378893284,0.6608754714217091,0.03154166388296182
4982,training,0,0.034519702196121216,0.020506692156588506,9.155679295752941,0.6619994588272884,0.024207249498679067
4983,training,0,0.038161132484674454,0.020506692156588506,9.195650598453403,0.6628538478766252,0.019058776456706568
4984,training,0,0.048290714621543884,0.020506692156588506,9.235652212789986,0.6635335172767638,0.014379146440149029
4985,training,0,0.04113670065999031,0.027542292908974073,9.27570231892964,0.6639977353829102,0.009202472660684937
4986,training,0,0.04194959159940481,0.027542292908974073,9.315632071140234,0.6643262240291643,0.006794397316692614
4987,training,0.006626455,0.05001644697040319,0.027542292908974073,9.37566157141484,0.6645782256221465,0.0014205211627326803
4988,training,0,0.04273283388465643,0.027542292908974073,9.39558895346313,0.664608214054789,0.0009654277063112172
4989,training,0,0.046358237974345684,0.027542292908974073,9.435591620582915,0.6646374834829274,0.0003285210069767825
4990,training,0,0.028998064808547493,0.016012820307420284,9.475598282410687,0.6646236007867962,-0.0010164802527173541
4991,training,0,0.019358393736183643,0.016012820307420284,9.515545405893777,0.6646067802037686,-5.638831048102414e-07
4992,training,0,0.03127393592149019,0.016012820307420284,9.555500976839921,0.6646193545488368,-0.0001955620246183782
4993,training,0,0.03487704973667861,0.016012820307420284,9.59551926019931,0.6646087986301327,-0.00028305041890244146
4994,training,0,0.02152528893202543,0.016012820307420284,9.635494453635722,0.6646316108075955,0.0010137650244645057
4995,training,0,0.028014409355819225,0.016012820307420284,9.675464704246796,0.6646598857008801,-3.986406773022291e-05
4996,training,0,0.003341332543641329,0.011582502503798876,9.715410617142744,0.6646675731820595,0.00025623027835351215
4997,training,0,0.010427908971905708,0.011582502503798876,9.755395969340482,0.6646899608630614,9.288262284927554e-05
4998,training,0,0.005214786622673273,0.011582502503798876,9.795405082829493,0.6646706782575572,-0.001134069925587347
4999,training,0,0.0049019427970051765,0.011582502503798876,9.835359606199562,0.6646425667374499,-0.0006037572169759668
5000,training,0,0.0031565581739414483,0.011582502503798876,9.875342010288252,0.6646073580708407,-0.001824051777914686
5001,training,0,0.0014806916005909443,0.011582502503798876,9.91531443787643,0.6645258450451036,-0.002223282829211216
5002,training,0,0.0015770834870636463,0.002448756701421101,9.95530601362032,0.6644454543785114,-0.0024937868771198485
5003,training,0,0.0029205745086073875,0.002448756701421101,9.995318065852427,0.66431343583732,-0.004142354866378426
5004,training,0,0.002148664090782404,0.002448756701421101,10.035280620685064,0.6641584844668514,-0.003885905319086402
5005,training,0,0.000355556840077043,0.002448756701421101,10.075250163746368,0.6639952373948388,-0.005107427091660012
5006,training,0,0.003993382677435875,0.002448756701421101,10.115268943667944,0.6637675853708613,-0.006096509033993858
5007,training,0,0.005599849857389927,0.002448756701421101,10.155251354928895,0.6635414031576434,-0.005732457856910184
5008,training,0,0.002300115767866373,0.014404984740477855,10.195218448478608,0.6632784519260421,-0.007760157455313685
5009,training,0,0.003932480700314045,0.014404984740477855,10.235203859619336,0.662958397881089,-0.008178602898620664
5010,training,0,0.003028428414836526,0.014404984740477855,10.27515994298581,0.6626315935031211,-0.009230283626505057
5011,training,0,0.0027125412598252296,0.014404984740477855,10.315185992208583,0.6622241368122376,-0.011111929381957748
5012,training,0,0.004233161918818951,0.014404984740477855,10.355160761032117,0.6617888755759758,-0.010872757483681116
5013,training,0,0.006552855484187603,0.018290715654047766,10.395101160831342,0.6613301824021948,-0.012796646556286859
5014,training,0,0.012622464913874865,0.018290715654047766,10.435090406328476,0.6607969101753958,-0.013872889298895696
5015,training,0,0.011434077750891447,0.018290715654047766,10.475041246481457,0.6602403214054249,-0.01497664555998538
5016,training,0,0.020620343275368214,0.018290715654047766,10.515050980475896,0.6596053061756666,-0.016930336628366457
5017,training,0,0.012608231045305729,0.018290715654047766,10.555014659111405,0.6589349600697716,-0.016689974644126426
5018,training,0,0.015651017427444458,0.018290715654047766,10.594922661197801,0.6582574028381446,-0.01824235329081355
5019,training,0,0.00965023133903742,0.0236962501869847,10.634916676846673,0.6575123362467787,-0.018783602017957354
5020,training,0,0.008050971664488317,0.0236962501869847,10.674897322664803,0.6567904772070804,-0.017764970861688982
5021,training,0,0.016111037693917755,0.0236962501869847,10.714814501297557,0.6560558236139998,-0.019189391797293894
5022,training,0.0010701225,0.06233398523181678,0.0236962501869847,10.754770675657378,0.6553082578446862,-0.018043032547332655
5023,training,0,0.04874704685062171,0.0236962501869847,10.794659240746247,0.6546202090582429,-0.01741805147482167
5024,training,0,0.040108971297740936,0.0236962501869847,10.834655243633891,0.6539500546963827,-0.015932654631005193
5025,training,0,0.04390320274978876,0.035235288826598904,10.874603203674043,0.6533964110581104,-0.011829288461310861
5026,training,0.0026565078,0.05385883059352636,0.035235288826598904,10.914480269184207,0.6529663890293266,-0.010215133376720588
5027,training,0.0024114426,0.05203973408788442,0.035235288826598904,10.974441892534383,0.6524932621935021,-0.005295030029796775
5028,training,0.004605692,0.06204019673168659,0.035235288826598904,11.014363381834254,0.6523093491671967,-0.005149439740423159
5029,training,0.0069758724,0.072894386947155,0.035235288826598904,11.054329703881445,0.6520949910046971,-0.006097585965918276
5030,training,0.0043062256,0.0675641568377614,0.035235288826598904,11.09435221654164,0.6518229623806199,-0.008289045053309517
5031,training,0,0.04837494902312754,0.04918032730569384,11.134368397053343,0.65144116693149,-0.010190350809225176
5032,training,0,0.043718453496694565,0.04918032730569384,11.154365152792733,0.6512532932991734,-0.008598820895683286
5033,training,0,0.029706645756959915,0.04918032730569384,11.194287676511303,0.6510187222290029,-0.003933511268613674
5034,training,0,0.03858615830540657,0.04918032730569384,11.234200736107283,0.6509139275595969,-0.0011745407329718594
5035,training,0,0.04017648287117481,0.04918032730569384,11.27416006113376,0.6509589873864032,0.0034893085309866383
5036,training,0,0.041878266260027885,0.04918032730569384,11.314074348987427,0.651168904043723,0.005742893895987795
5037,training,0.0020448042,0.05262836627662182,0.0530444452022092,11.374029515100341,0.6515624363309144,0.007625125107821587
5038,training,0,0.04051913972944021,0.0530444452022092,11.394024288307023,0.6517281876005546,0.008754084555050846
5039,training,0,0.041344697587192066,0.0530444452022092,11.433982471621126,0.6521045718941593,0.009762097461036338
5040,training,0,0.03224793728441001,0.0530444452022092,11.473926626344833,0.6525420887821003,0.012165421508692419
5041,training,0,0.03561205696314574,0.0530444452022092,11.513873369955887,0.6530801250415224,0.01384268426003738
5042,training,0,0.03577351849526167,0.0530444452022092,11.553883319571069,0.6536447277392144,0.014534958469436495
5043,training,0,0.024450592696666718,0.057044705489433994,11.593789962547417,0.6542986459359692,0.01820614772449058
5044,training,0,0.021529804915189743,0.057044705489433994,11.633710953255752,0.6550893499197886,0.020873924218312537
5045,training,0,0.016026874072849747,0.057044705489433994,11.673666044315164,0.6559847605565826,0.024382733252172932
5046,training,0,0.017778191715478897,0.057044705489433994,11.713577155391373,0.6570516025998602,0.028136946640567824
5047,training,0,0.00020399130880832325,0.057044705489433994,11.753542821624881,0.6582214442513459,0.03034417406400143
5048,training,0,0.038121744990348816,0.057044705489433994,11.793442783457877,0.6595247951619229,0.03549077768944423
5049,training,0,0.042864675633609295,0.05835113086833328,11.833324913002947,0.6610303604116475,0.038779243462221336
5050,training,0,0.03791832271963358,0.05835113086833328,11.873324749960824,0.6626202656388165,0.04057226031847668
5051,training,0.0040387865,0.06015396863222122,0.05835113086833328,11.933108030652134,0.6651611556898175,0.04257923051974865
5052,training,0.003248734,0.07476220279932022,0.05835113086833328,11.973141157747305,0.6668028878083878,0.03913599410156415
5053,training,0.003190971,0.07410946860909462,0.05835113086833328,12.01304955517783,0.6683164859216969,0.035384510181515304
5054,training,0.00076285924,0.06440379284322262,0.05835113086833328,12.053025227777885,0.6695948228115477,0.0281044861973914
5055,training,0.0032787228,0.08563073724508286,0.05211290086508464,12.09302729346233,0.6705960385375709,0.02260023178904926
5056,training,0.0027672527,0.09247095882892609,0.05211290086508464,12.153046994365075,0.6717193566853027,0.01345224713797888
5057,training,0.003297002,0.06879297271370888,0.05211290086508464,12.193038041709489,0.6721198822075146,0.0068989440877511255
5058,training,0.00153381,0.06686597783118486,0.05211290086508464,12.273100362494908,0.672334847040476,-0.0023461959410551346
5059,training,0.021740748,0.0530254989862442,0.044962294900402065,12.313075736123421,0.6722492737767954,-0.001469666398803651
5060,training,0,0.010878924280405045,0.044962294900402065,12.352995437776933,0.6722189652322746,-0.00038970260370248326
5061,training,0,0.015782874077558517,0.044962294900402065,12.372999933252943,0.672223578972096,0.001186564485949191
5062,training,0,0.009625643491744995,0.044962294900402065,12.412934632104145,0.6724184203736057,0.010023055429268148
5063,training,0,0.012013226747512817,0.044962294900402065,12.432879347803649,0.6726838976326764,0.015658951163125188
5064,training,0,0.0265218922868371,0.044962294900402065,12.452733651197647,0.6730382034557078,0.020003886135833027
5065,training,0,0.04379682615399361,0.044962294900402065,12.49270623794195,0.6739689952265625,0.025239390677144622
5066,training,0,0.03798276279121637,0.03296055476084586,12.532598025665601,0.6750578080468858,0.028210023791298545
5067,training,0,0.020403327420353883,0.03296055476084586,12.552546382185344,0.6756237446278565,0.027858371595335645
5068,training,0,0.007983580231666558,0.03296055476084586,12.592564103121541,0.6767298981735749,0.02822123442939234
5069,training,0,0.00621996633708477,0.03296055476084586,12.63241907830222,0.6779738027762833,0.03430205047116669
5070,training,0,0.01674981601536274,0.03296055476084586,12.672291461555359,0.6794540960318756,0.03980494106733528
5071,training,0,0.0375024788081646,0.03296055476084586,12.712203077593761,0.6811759944508159,0.04740340332711502
5072,training,0.015266472,0.05587676074355841,0.012487184764775013,12.791919560852405,0.6855914971235992,0.062108517298153164
5073,training,0.0046913475,0.11631646007299423,0.012487184764775013,12.831749539283457,0.6882577512389357,0.07272729855448898
5074,training,0.0036868493,0.10325423628091812,0.012487184764775013,12.871419636649819,0.6913932688723857,0.0853420781579119
5075,training,0.0018472112,0.10643203929066658,0.012487184764775013,12.931093136012455,0.6970351177097952,0.10292542927306557
5076,training,0.0046496917,0.09335042163729668,0.012487184764775013,12.970671702861567,0.7013091142555042,0.11103250202331534
5077,training,0.01318779,0.1106654983013868,0.012379866949306746,13.010482567435872,0.7058698140527077,0.1156613457225785
5078,training,0.0042962986,0.11849276348948481,0.012379866949306746,13.050109356344525,0.7104844564001286,0.11391472380910236
5079,training,0.005756883,0.09722691774368283,0.012379866949306746,13.089869198153783,0.714859488283142,0.10403946039199155
5080,training,0,0.04112248867750168,0.012379866949306746,13.109896452614175,0.7168803643319149,0.09652197214163119
5081,training,0.010554259,0.09375572949647903,0.012379866949306746,13.149777918001735,0.7204657611976684,0.0828703820665588
5082,training,0.003961308,0.05317336320877075,0.012379866949306746,13.169686004958635,0.7220470803019561,0.07566405206894454
5083,training,0.000606295,0.08807661384344101,0.012379866949306746,13.209743833775798,0.7248098287024344,0.06168956403495194
5084,training,0.008816861,0.06593342870473862,0.03267327550669883,13.249718610227678,0.7270297136121332,0.04928364412534923
5085,training,0,0.0471643656492233,0.03267327550669883,13.269704890018264,0.7279490259831992,0.04168810809234223
5086,training,0,0.02569930255413054,0.03267327550669883,13.309844821276704,0.7292647840406203,0.023211061936179608
5087,training,0,0.008813433349132552,0.03267327550669883,13.349905799694906,0.7298409993513476,0.0054280303967306
5088,training,0,0.004613015800714486,0.03267327550669883,13.39002604797449,0.7296872728583998,-0.013514651568555384
5089,training,0,0.024215854704380042,0.029783722163010642,13.430019829565076,0.7288590167494517,-0.02586932837798247
5090,training,0,0.008821923285722733,0.029783722163010642,13.470057866393402,0.7276829528633504,-0.03230167905499334
5091,training,0,0.01636098325252533,0.029783722163010642,13.510047707052841,0.7262080371676317,-0.042217478838761154
5092,training,0,0.018916389904916286,0.029783722163010642,13.550002425378239,0.7243491667439859,-0.05062481095184052
5093,training,0,0.02909005619585514,0.029783722163010642,13.589941642646355,0.7222283692999574,-0.055276873658669436
5094,training,0,0.018450050614774227,0.029783722163010642,13.629840623875593,0.7200083088044189,-0.05499721688839857
5095,training,0,0.022983800619840622,0.030050725362130604,13.669760808287803,0.7178674252794317,-0.052423128134179715
5096,training,0,0.0007080375216901311,0.030050725362130604,13.709639769475032,0.7157943965438153,-0.052152922853819825
5097,training,0,0.001571378670632841,0.030050725362130604,13.749508194143765,0.7137253171723419,-0.052276271106283384
5098,training,0,0.01309800334274769,0.030050725362130604,13.78948184400468,0.7116150658745523,-0.05423290317367822
5099,training,0,0.013101114891469479,0.030050725362130604,13.829363835800297,0.7093936368458795,-0.0565548056324544
5100,training,0,0.0006359475664794443,0.030050725362130604,13.869249498274945,0.7071592111895453,-0.0553914865833412
5101,training,0,0.00035743589978665135,0.02871490793690527,13.90914166606351,0.7049482400784395,-0.056604860474802725
5102,training,0,0.013763223309069872,0.02871490793690527,13.949020187553367,0.7026774442492206,-0.05705448945712421
5103,training,0,0.013436010223813355,0.02871490793690527,13.988979578558482,0.7004273284522412,-0.0553168890075944
5104,training,0,0.02049599215388298,0.02871490793690527,14.028823537397423,0.6982370439288651,-0.054641582932677096
5105,training,0,0.02568434551358223,0.02871490793690527,14.068677742038712,0.6961371014738099,-0.050280608013793374
5106,training,0,0.026337862014770508,0.02871490793690527,14.108562883906307,0.6942285621850277,-0.04615983913931875
5107,training,0,0.023902542889118195,0.030058844247168273,14.148466167343106,0.6924752927464263,-0.04164415650306596
5108,training,0,0.018243957310914993,0.030058844247168273,14.188392449643047,0.6909309104165502,-0.035826360865929205
5109,training,0,0.024523086845874786,0.030058844247168273,14.228275930483292,0.6895648779631259,-0.03337692889737288
5110,training,0,0.03705228492617607,0.030058844247168273,14.268194285265118,0.6883194895484211,-0.028587412345866776
5111,training,0,0.0425776457414031,0.030058844247168273,14.308081690185636,0.6872994796848882,-0.02367079189310911
5112,training,0,0.03839961066842079,0.030058844247168273,14.348041842542141,0.686441892950811,-0.01942160372949445
5113,training,0,0.033750101923942566,0.026740496765257908,14.387964846573736,0.6857835174547755,-0.013548672339140424
5114,training,0,0.02289411425590515,0.026740496765257908,14.427842907188278,0.6853215880954239,-0.010616206515258164
5115,training,0,0.039181897416710854,0.026740496765257908,14.467828516572729,0.6849529650751983,-0.008080682554138402
5116,training,0,0.03359654266387224,0.026740496765257908,14.507754047878233,0.6847081790805025,-0.004955647003391871
5117,training,0,0.0050436039455235004,0.026740496765257908,14.547695939103985,0.6845312183384368,-0.004139657532476994
5118,training,0,0.022391919046640393,0.026740496765257908,14.58766724124964,0.6844041410844457,-0.0025275217253218902
5119,training,0,0.02422431204468012,0.031188737910288138,14.62759052980695,0.6843278690667417,-0.002164647307784186
5120,training,0,0.02059051394462585,0.031188737910288138,14.667600229359973,0.684239716221305,-0.0025043712626879443
5121,training,0,0.016064518131315708,0.031188737910288138,14.707573525608604,0.684165759773591,-0.0015973943170188593
5122,training,0,0.014679002575576305,0.031188737910288138,14.747539747054818,0.6840716535021603,-0.0037597557559286288
5123,training,0,0.020308716222643856,0.031188737910288138,14.787499378294834,0.6839057255025222,-0.004590330793632401
5124,training,0,0.012661636807024479,0.031188737910288138,14.827472623240883,0.683717397715221,-0.005608922793943985
5125,training,0,0.007213680073618891,0.022923476577484548,14.867502247031526,0.6834606257800188,-0.0073143113546860206
5126,training,0,0.0035991938784718513,0.022923476577484548,14.907478918067133,0.6831714569836402,-0.007404511511422258
5127,training,0,0.013851766474545002,0.022923476577484548,14.947434411329759,0.6828457170078274,-0.009565211853764185
5128,training,0,0.006712589412927626,0.022923476577484548,14.987441983653511,0.6824313006770604,-0.011067026696003528
5129,training,0,0.004543617833405733,0.022923476577484548,15.027396509259768,0.681989987724324,-0.011673571501209842
5130,training,0,0.013531191274523735,0.022923476577484548,15.06739483992609,0.6814940741906802,-0.01335499206356625
5131,training,0,0.004402511287480593,0.02753740258913832,15.10736302050798,0.680971560577673,-0.012844733084265838
5132,training,0,0.015338932164013384,0.02753740258913832,15.147269403597221,0.680462631467296,-0.013661171214612938
5133,training,0,0.008147342596203089,0.02753740258913832,15.187276244115777,0.6799080405931669,-0.013933916689252973
5134,training,0,0.021390515845268968,0.02753740258913832,15.22725004093052,0.6793927111856366,-0.012055883530104903
5135,training,0,0.014099699445068836,0.02753740258913832,15.267149507054155,0.6789027779237098,-0.012826363450358725
5136,training,0,0.02005650009959936,0.02753740258913832,15.307122943428439,0.6784098423267074,-0.011713401423082727
5137,training,0,0.010556827764958143,0.021921361598341113,15.34702514982366,0.6779745678968707,-0.011269443357155816
5138,training,0,0.00884736655279994,0.021921361598341113,15.387039475982494,0.6775259584875742,-0.0113364280077646
5139,training,0,0.0050720046274363995,0.021921361598341113,15.427001827613491,0.6771107848427763,-0.009604757778256185
5140,training,0,0.012189749628305435,0.021921361598341113,15.466902211531018,0.6767295845413771,-0.010193490908298011
5141,training,0,0.0005820138030685483,0.021921361598341113,15.50689975084223,0.6763287184151223,-0.009812090196711146
5142,training,0,0.001906887162476778,0.021921361598341113,15.546834519953576,0.6759613207716332,-0.009679648836193986
5143,training,0,0.011399579234421251,0.008445628276238723,15.586842699269084,0.6755544157830818,-0.010868012440419026
5144,training,0,0.0016437009908258915,0.008445628276238723,15.626814157942395,0.6751362500528796,-0.010186207095081634
5145,training,0,0.0012863283627666533,0.008445628276238723,15.66674398844351,0.6747276184180144,-0.011292828301418733
5146,training,0,0.003936950583010912,0.008445628276238723,15.706759419525595,0.6742566673676677,-0.012108479737102601
5147,training,0,0.009051745757460594,0.008445628276238723,15.746736068127218,0.6737928681885417,-0.011647064012830072
5148,training,0,0.0011420203372836113,0.008445628276238723,15.78667577499934,0.673293953327198,-0.013544905800036002
5149,training,0,0.0031531502027064558,0.011252336512004817,15.826653780054585,0.6727532354021059,-0.013391410651805843
5150,training,0,0.002005120739340782,0.011252336512004817,15.866563726589545,0.6722286354942717,-0.014050582284551739
5151,training,0,0.0023598726838827133,0.011252336512004817,15.906585290658406,0.6716450076399088,-0.015183022825522944
5152,training,0,0.006506063509732484,0.011252336512004817,15.946551307370918,0.6710635603160319,-0.01400184193128013
5153,training,0,0.0008197296410799026,0.011252336512004817,15.98643852504011,0.6704986510186638,-0.01488739743142677
5154,training,0,0.0011938936077058315,0.011252336512004817,16.02642659188478,0.6699105686830598,-0.014495111214474226
5155,training,0,0.007807718124240637,0.007712183556865938,16.06633864127935,0.6693552611191871,-0.014610439085648876
5156,training,0,0.0017120148986577988,0.007712183556865938,16.1063391093556,0.6687548402566524,-0.015499928550460312
5157,training,0,0.004125917563214898,0.007712183556865938,16.146302441028052,0.6681607327678278,-0.01432220901273635
5158,training,0,0.0019315360113978386,0.007712183556865938,16.186189206803938,0.667593345845478,-0.015047471359715216
5159,training,0,0.005277345422655344,0.007712183556865938,16.22619444156563,0.6669906340387958,-0.014985086511403794
5160,training,0,0.011529328301548958,0.007712183556865938,16.266156564441964,0.6664287457327388,-0.013753907404321761
5161,training,0,0.004107754677534103,0.0048847334676732175,16.30607985210074,0.6658590519269058,-0.01491780530554863
5162,training,0,0.003596297465264797,0.0048847334676732175,16.34605090781609,0.6652831348291689,-0.01370123232374858
5163,training,0,0.013612617738544941,0.0048847334676732175,16.385940148603492,0.664761578552039,-0.013659979624916453
5164,training,0,0.00942573742941022,0.0048847334676732175,16.425959592118875,0.6642123344539295,-0.01386074863145031
5165,training,0,0.005972453858703375,0.0048847334676732175,16.46592220151889,0.6636987643565576,-0.012017852148137852
5166,training,0,0.0024390583857893944,0.0048847334676732175,16.505805731545138,0.6632181389555694,-0.012582678048102917
5167,training,0,0.004951992072165012,0.01050799520016573,16.54579479875997,0.6627303853288906,-0.011781220924511856
5168,training,0,0.004114698618650436,0.01050799520016573,16.585685932349065,0.6622947099616205,-0.011232794709225873
5169,training,0,0.00552008394151926,0.01050799520016573,16.625695625494515,0.6618481009741435,-0.011332880042870613
5170,training,0,0.008634530939161777,0.01050799520016573,16.66566039800175,0.6614336222735584,-0.009394764437635738
5171,training,0,0.0077699413523077965,0.01050799520016573,16.705522154038054,0.6610777975036204,-0.009146572210850917
5172,training,0,0.007967768236994743,0.01050799520016573,16.745532455880078,0.6607373904175838,-0.007808883258845402
5173,training,0,0.006109328009188175,0.0008593981073339131,16.785455657567717,0.6604826915108011,-0.005828739729048548
5174,training,0,0.008127744309604168,0.0008593981073339131,16.82541434852772,0.6602571775479337,-0.0057293686428190995
5175,training,0,0.008278015069663525,0.0008593981073339131,16.86539377418909,0.660067021481094,-0.0035708663258953066
5176,training,0,0.013647741172462702,0.0008593981073339131,16.905291383555397,0.659965783150864,-0.0025307534041879628
5177,training,0,0.007524504326283932,0.0008593981073339131,16.94532384330476,0.6598823298228431,-0.0016936410174295089
5178,training,0,0.006996682845056057,0.0008593981073339131,16.98527683640387,0.6598738065600243,0.0007656417109076409
5179,training,0,0.011818885803222656,0.01346682786361173,17.025199313885928,0.6599161527447144,0.0009875247856732218
5180,training,0,0.006432508118450642,0.01346682786361173,17.065205364063615,0.6599805808643125,0.0023400614061721775
5181,training,0,0.011834005359560251,0.01346682786361173,17.105131529665247,0.6601157486842192,0.003595354822017492
5182,training,0,0.008026643190532923,0.01346682786361173,17.14514647968986,0.6602663031193253,0.003902157272584891
5183,training,0,0.004325259978941176,0.01346682786361173,17.18509891562563,0.6604695648301669,0.00590501329070312
5184,training,0,0.011481736786663532,0.01346682786361173,17.2250503339337,0.6607270663868063,0.006232624490468917
5185,training,0,0.0004978706419933587,0.007223480116693199,17.265037027403434,0.6609876905149761,0.007031075439392388
5186,training,0,0.010440756566822529,0.007223480116693199,17.304993475954277,0.6613044569191603,0.007973068868777071
5187,training,0,0.013005283661186695,0.007223480116693199,17.344999307097947,0.6616048149478995,0.006721775000633005
5188,training,0,0.0001409237738698721,0.007223480116693199,17.384939838482975,0.6618888124513345,0.0075566269828559575
5189,training,0,0.012688723392784595,0.007223480116693199,17.42489616630623,0.6621987336747168,0.007027555533568376
5190,training,0,0.014839918352663514,0.007223480116693199,17.46490029740157,0.6624608677641597,0.006275496794205203
5191,training,0,0.0020664376206696033,0.01742354091654003,17.504863000904514,0.6627362647046146,0.007161084011147921
5192,training,0,0.004589261952787638,0.01742354091654003,17.5448393821397,0.6629999852495551,0.005537321322718558
5193,training,0,0.0051376507617533216,0.01742354091654003,17.58479423896385,0.6632115575233826,0.00517316752600992
5194,training,0,0.010992579162120817,0.01742354091654003,17.624761785450016,0.6634261457022455,0.004870893661580381
5195,training,0,0.010432642884552479,0.01742354091654003,17.664790739888907,0.6635933584095651,0.0035516320372877704
5196,training,0,0.0017884187400341025,0.01742354091654003,17.70472791985594,0.6637617288979027,0.0045848786948261356
5197,training,0,0.012914028950035572,0.01779639498726645,17.74469250512574,0.6639421667204315,0.0036322323753532116
5198,training,0,0.0011092820204794407,0.01779639498726645,17.78467438318561,0.6640778063686246,0.003402682332749779
5199,training,0,0.0026192055374849588,0.01779639498726645,17.824645458718862,0.6642303592536497,0.003502699498710748
5200,training,0,0.011262989602982998,0.01779639498726645,17.86465912484142,0.6643437940119157,0.0020366328993542417
5201,training,0,0.0013599023222923279,0.01779639498726645,17.90460438796071,0.664441122748917,0.0026172423936254774
5202,training,0,0.002766969206277281,0.01779639498726645,17.94457284987981,0.6645459992642814,0.0017634552349729794
5203,training,0,0.0014727222733199594,0.0119487456412964,17.984569673036003,0.6645942174820183,0.0009195443228234051
5204,training,0,0.004045695997774603,0.0119487456412964,18.02455703553788,0.6646458966685006,0.0012535830510302388
5205,training,0,0.00134583015460521,0.0119487456412964,18.064544831227387,0.6646677239575343,-0.000558353626484142
5206,training,0,0.0041427300311625,0.0119487456412964,18.10451189639779,0.6646428692686469,-0.0006289426313286062
5207,training,0,0.03770459536463022,0.0119487456412964,18.14446799036264,0.6646269172211515,-0.0009071538813756896
5208,training,0,0.04032017569988966,0.0119487456412964,18.18449276093328,0.6645722756777901,-0.0019582252713036567
5209,training,0,0.005511112976819278,0.020459004421002742,18.224449245974096,0.6645173301044369,-0.001036034024390793
5210,training,0,0.0007070256397128105,0.020459004421002742,18.264393594581282,0.664469748677811,-0.0019315309461003175
5211,training,0,0.00014864886179566383,0.020459004421002742,18.304404320217845,0.6643906243408532,-0.0019835870034069676
5212,training,0,0.04754762630909681,0.020459004421002742,18.344367050516144,0.6643270017718431,-0.0019778296444622713
5213,training,0,0.03943642880767584,0.020459004421002742,18.384382986231223,0.6642325293113849,-0.0027828672356890903
5214,training,0,0.044659956358373165,0.020459004421002742,18.42436299135302,0.6641442084923158,-0.0017653196528752957
5215,training,0,0.001780628226697445,0.02722590294839536,18.46428827939285,0.6640808390664195,-0.0021076557864514044
5216,training,0,0.0017574569210410118,0.02722590294839536,18.50431645286998,0.6639964295486556,-0.0021317236210996885
5217,training,0,0.010013102553784847,0.02722590294839536,18.544275883914963,0.6639427469154328,-0.0010781245929925567
5218,training,0,0.003968060947954655,0.02722590294839536,18.584243826175314,0.6638879892514171,-0.0020301569364046344
5219,training,0,0.003528106026351452,0.02722590294839536,18.62424128406658,0.663821975832308,-0.0010112336571287148
5220,training,0,0.012397480197250843,0.02722590294839536,18.664166769353958,0.6638094943980172,-0.0005494879370739468
5221,training,0,0.008639293257147074,0.019793017832642174,18.704200085650175,0.6637890034397244,-0.0007418457364211577
5222,training,0,0.00535783963277936,0.019793017832642174,18.74416783295551,0.6637928056516181,0.0007399529332945637
5223,training,0,0.008985324762761593,0.019793017832642174,18.784107342540693,0.6638217109221287,0.00018855963902073876
5224,training,0,0.00015705311670899304,0.019793017832642174,18.824084125505546,0.6638342269234355,0.00029269962697517176
5225,training,0,0.0049661388620734215,0.019793017832642174,18.864061655205262,0.6638566733781303,4.192571863449728e-05
5226,training,0,0.00588779803365469,0.019793017832642174,18.90408431816896,0.6638228083911406,-0.0017532597559857552
5227,training,0,0.03771164175122976,0.022475839662287906,18.94403295995643,0.6637631851641552,-0.001773690871708403
5228,training,0,0.02989025134593249,0.022475839662287906,18.984009983048733,0.6636772759418466,-0.0031986203479158542
5229,training,0,0.037319655530154705,0.022475839662287906,19.024018242191588,0.6635242847237285,-0.004339379758218101
5230,training,0,0.04290550295263528,0.022475839662287906,19.063987821960403,0.6633585693855051,-0.004531702484237026
5231,training,0.0011605042,0.05074347835034132,0.022475839662287906,19.103976231099878,0.6631435215999126,-0.00652235477889097
5232,training,0.006771399,0.05894699692726135,0.022475839662287906,19.143967792743496,0.6628788936971672,-0.006376945322571812
5233,training,0,0.014189595356583595,0.006917395490318078,19.183863717482055,0.6626415026036303,-0.006133986813442171
5234,training,0,0.016095731407403946,0.006917395490318078,19.22388845256384,0.662421685118838,-0.00490537936563585
5235,training,0,0.03174476372078061,0.006917395490318078,19.263835467496012,0.662305519103296,-0.0010161551542023498
5236,training,0,0.03197510587051511,0.006917395490318078,19.303683994654985,0.6623150982029314,0.0016919094687627041
5237,training,0,0.03978344798088074,0.006917395490318078,19.343675187477828,0.6624782937857228,0.006813825332077316
5238,training,0,0.03783991374075413,0.006917395490318078,19.383505028985862,0.6628831080956037,0.01245271985374333
5239,training,0,0.028210816904902455,0.01610410368493195,19.423487843199563,0.6634717416911023,0.01669365761855465
5240,training,0,0.01671681646257639,0.01610410368493195,19.463441836780895,0.6642240990580169,0.020582314419497073
5241,training,0,0.004100559279322628,0.01610410368493195,19.503382347852032,0.665054303750348,0.019398777970618123
5242,training,0,0.010674567893147469,0.01610410368493195,19.54337361667618,0.6657552138175836,0.015521386674005825
5243,training,0,0.02044627908617258,0.01610410368493195,19.58337819270162,0.6662944774385917,0.010686059755022024
5244,training,0,0.013173089362680912,0.01610410368493195,19.623416921367074,0.6665886278845814,0.003933530827481867
5245,training,0,0.018270650412887335,0.013141837531378674,19.66337746278225,0.6666692975771796,0.0004510188090406735
5246,training,0,0.0027122106403112446,0.013141837531378674,19.703385944285472,0.6666130189984318,-0.004142361324722865
5247,training,0,0.006829881109297279,0.013141837531378674,19.74339774963944,0.6663375273669399,-0.009161738869995344
5248,training,0,0.010339965112507343,0.013141837531378674,19.78337976310642,0.6659297058351471,-0.011169432309160045
5249,training,0,0.046526447869837284,0.013141837531378674,19.82334611530798,0.6654301869958675,-0.01419008186802382
5250,training,0.0044190353,0.059277023654431105,0.013141837531378674,19.88321266883824,0.6643196645826194,-0.025060974434793895
5251,training,0.010647741,0.06980484537780285,0.016194104035766172,19.92330398653406,0.6630673370661505,-0.038790395951714816
5252,training,0.00093635806,0.09969328343868256,0.016194104035766172,19.96318929832311,0.6612050941796715,-0.055439538778137565
5253,training,0.0022779675,0.07225008767272811,0.016194104035766172,20.00333508922627,0.6585881201864757,-0.07572129807772345
5254,training,0.023556624,0.060131232254207134,0.016194104035766172,20.063211611771546,0.6531155369178082,-0.10344148825081802
5255,training,0,0.04239830747246742,0.016194104035766172,20.083143317754587,0.6509911961023237,-0.10863890502699818
5256,training,0.013413317,0.09322837926447392,0.016194104035766172,20.122992875869826,0.6464543841093455,-0.11893816382791282
5257,training,0.0060345875,0.09934675693511963,0.01144769889350958,20.16261307487003,0.6414965873201826,-0.13052449418337286
5258,training,0.0018118076,0.10517103224992753,0.01144769889350958,20.22225088491323,0.6332039834040281,-0.14534534777783628
5259,training,0.00299462,0.07624193280935287,0.01144769889350958,20.261681340540573,0.6272813357590022,-0.15236763677467258
5260,training,0.013431612,0.08746059238910676,0.01144769889350958,20.301252301892468,0.6211176646505356,-0.15641144794623113
5261,training,0.0062978426,0.05857306625694035,0.01144769889350958,20.340824118692066,0.6147942224844102,-0.16136222542893613
5262,training,0,0.027278870344161987,0.04409429268380629,20.360475597244303,0.6115733132026769,-0.16337541796885918
5263,training,0,0.034758292138576494,0.04409429268380629,20.38016465309096,0.6083497283305536,-0.1612725067089707
5264,training,0,0.021090265363454833,0.04409429268380629,20.41975250022726,0.6020655501314128,-0.15250608078018235
5265,training,0,0.010898761451244354,0.04409429268380629,20.459144377979054,0.5962046629753218,-0.1425190613122512
5266,training,0,0.012570969760417938,0.04409429268380629,20.498641997900943,0.5908249094521643,-0.12759924666057448
5267,training,0,0.0456310361623764,0.04409429268380629,20.53830276540714,0.5860447598627267,-0.1121245587062967
5268,training,0,0.04576331749558449,0.04409429268380629,20.577840407411426,0.581970280954927,-0.09256943006907414
5269,training,0,0.047137632966041565,0.050709631702636856,20.617606967868458,0.5786946134489881,-0.07239685830922055
5270,training,0,0.020839471369981766,0.050709631702636856,20.657339408757355,0.576145056012988,-0.0560737210281216
5271,training,0,0.0059879254549741745,0.050709631702636856,20.69713136967759,0.5742226665991146,-0.041579822156092565
5272,training,0,0.006610384210944176,0.050709631702636856,20.73695644087484,0.5727203335245141,-0.03669192958424165
5273,training,0,0.00037552975118160074,0.050709631702636856,20.77691134816852,0.571298141328988,-0.0346775547852787
5274,training,0,0.010930607095360758,0.050709631702636856,20.816862104104136,0.5699865307890886,-0.031148389672685066
5275,training,0,0.007660273462533951,0.029593410047233724,20.856753670875893,0.5687477895258476,-0.031676435681533346
5276,training,0,0.011368582025170324,0.029593410047233724,20.896700572557066,0.5675139535954513,-0.029516461641454984
5277,training,0,0.003708047792315483,0.029593410047233724,20.936578560677713,0.5664129825670153,-0.026562050934981103
5278,training,0,0.0036092419177293777,0.029593410047233724,20.97656325450069,0.5654062749709678,-0.02400520185249125
5279,training,0,0.0231886082328856,0.029593410047233724,21.016491648726856,0.5645488701831043,-0.018790796607730267
5280,training,0,0.04028596729040146,0.029593410047233724,21.05633154705572,0.5638771259110129,-0.01520404545229675
5281,training,0,0.006289787823334336,0.027592647363141626,21.096289248712772,0.5634008171573874,-0.007931224192904368
5282,training,0,0.02722999081015587,0.027592647363141626,21.136253588205626,0.5631750538936792,-0.006152623812473672
5283,training,0,0.026493269950151443,0.027592647363141626,21.176296242899,0.5628381846767886,-0.011442298374154752
5284,training,0,0.04118231311440468,0.027592647363141626,21.21624958726059,0.5623066202632155,-0.015405099890781733
5285,training,0,0.04994741780683398,0.027592647363141626,21.256313869655123,0.5615681125978009,-0.022802147299709342
5286,training,0.003547727,0.053563231602311134,0.024882292386566734,21.296320788419376,0.5604759096121921,-0.03152869839785784
5287,training,0.0040442385,0.07293733581900597,0.024882292386566734,21.356297948313493,0.5582543263174115,-0.04324151877960866
5288,training,0.0039270604,0.09514634683728218,0.024882292386566734,21.396288632393862,0.5563178406657415,-0.054340520432100435
5289,training,0.012984089,0.10350336506962776,0.024882292386566734,21.436294464645712,0.5539264135750815,-0.06510169201178272
5290,training,0.002979941,0.09155008569359781,0.024882292386566734,21.476178317783663,0.5510827522894944,-0.07693915017962617
5291,training,0.015540291,0.07014025375247002,0.024882292386566734,21.516003414270944,0.5478760976132715,-0.08245870722815293
5292,training,0.0047447574,0.08540256321430208,0.03528580145376965,21.55589363660072,0.5445617191386668,-0.08243375962836953
5293,training,0,0.04786370135843755,0.03528580145376965,21.575774925117614,0.5429266673305801,-0.08159261511799729
5294,training,0,0.047620607540011406,0.03528580145376965,21.615537419861358,0.53977480443841,-0.07647042820843068
5295,training,0.006876851,0.0592617429792881,0.03528580145376965,21.675300244524173,0.5354240876109823,-0.07028130641017544
5296,training,0.0025335937,0.09012917801737787,0.03528580145376965,21.715123001742942,0.5327160447406691,-0.06522769188075592
5297,training,0.007972135,0.08229675143957138,0.03528580145376965,21.75502796587055,0.5302545558312006,-0.05829866635683297
5298,training,0.013032312,0.07963515445590019,0.039699809806086575,21.77489393786419,0.529115583648891,-0.05616699364002821
5299,training,0.0029468327,0.08406104892492294,0.039699809806086575,21.81476153775099,0.5269979850018708,-0.05004391033654618
5300,training,0.0017538865,0.07421332970261572,0.039699809806086575,21.87454300612312,0.5243179765841351,-0.04054748862046144
5301,training,0.0024270653,0.08923147432506083,0.039699809806086575,21.89451496282455,0.5235365420047042,-0.037920789637400164
5302,training,0.0037252111,0.10699374973773956,0.039699809806086575,21.93441122396328,0.5221609742902732,-0.030909395072600453
5303,training,0.0037743165,0.05362130329012871,0.039699809806086575,21.994201947083774,0.520606909902068,-0.02141958679167765
5304,training,0,0.03162281960248947,0.02850280505213609,22.01419022469231,0.5202294492701345,-0.01696894516060857
5305,training,0,0.03714499622583389,0.02850280505213609,22.054073098664695,0.519791107952445,-0.004669370741817134
5306,training,0.0013367687,0.06295657157897949,0.02850280505213609,22.113884322373934,0.519972301756553,0.010512514663666544
5307,training,0,0.012148752808570876,0.02850280505213609,22.13384322274399,0.5202457890040619,0.017064664918612627
5308,training,0,0.013280663639307022,0.02850280505213609,22.173578931997902,0.5211999015695781,0.029977257203319906
5309,training,0,0.024324700236320496,0.02850280505213609,22.21349317072517,0.5226535665403718,0.043329025876372745
5310,training,0,0.027581971138715737,0.038752023858970835,22.25336800559308,0.5246889604299538,0.0584884587110223
5311,training,0,0.033200010657310486,0.038752023858970835,22.29307300292294,0.5272716996520226,0.07080112664715184
5312,training,0,0.01557067409157753,0.038752023858970835,22.332999922145195,0.5303422296593813,0.08360430670055768
5313,training,0,0.04546885937452316,0.038752023858970835,22.3725858269654,0.5339455184753134,0.09666402046106973
5314,training,0,0.04785805847495794,0.038752023858970835,22.412306912633074,0.5379926744213045,0.10597662622620242
5315,training,0,0.004098134115338327,0.038752023858970835,22.452091985227895,0.5423752764563894,0.11412275922546576
5316,training,0,0.0008659041195642203,0.06301621974244587,22.491651383270113,0.5470084152062225,0.11733501503398827
5317,training,0,0.006942189298570156,0.06301621974244587,22.531474400122075,0.5517168073781982,0.11754712142261024
5318,training,0,0.021199638955295082,0.06301621974244587,22.571116753247903,0.5564113374352563,0.11790801920703131
5319,training,0,0.022128350101411343,0.06301621974244587,22.610784953572672,0.5610961877140401,0.11690917009156969
5320,training,0,0.0371273709461093,0.06301621974244587,22.650643437175464,0.5657480824726305,0.11587259809055898
5321,training,0,0.03480264451354742,0.06301621974244587,22.690217293083037,0.5703442173070307,0.11457600256697134
5322,training,0,0.004698729142546654,0.0597343750908079,22.730031118871196,0.5748781146367307,0.11168332430996705
5323,training,0,0.005224687047302723,0.0597343750908079,22.769793026214938,0.5792987189439631,0.10983806126783258
5324,training,0,0.004579285625368357,0.0597343750908079,22.809460893049664,0.5836223980371352,0.10711185303416358
5325,training,0,0.007323502562940121,0.0597343750908079,22.84937765381489,0.5878664722797119,0.10504264186408231
5326,training,0,0.008191480301320553,0.0597343750908079,22.889022772026255,0.5920408697897686,0.103670610890263
5327,training,0,0.03921136260032654,0.0597343750908079,22.928828463822896,0.596130025585502,0.10071461569385112
5328,training,0,0.044457271695137024,0.037597898212632236,22.96868758875342,0.600108429009861,0.09841260968996413
5329,training,0,0.04046523571014404,0.037597898212632236,23.008395870861857,0.6039585360767553,0.0942786616002264
5330,training,0,0.03826411068439482,0.037597898212632236,23.04835921485962,0.6076414075805406,0.08940714238816334
5331,training,0,0.027593538165092468,0.037597898212632236,23.088130791523866,0.6111436628096761,0.08530051367311578
5332,training,0,0.020992133766412742,0.037597898212632236,23.127986790114534,0.614419128742065,0.0782623440713399
5333,training,0,0.042166441679000854,0.037597898212632236,23.167955269725336,0.6174067235373552,0.07131701765779075
5334,training,0,0.035459052538499236,0.026084974155044814,23.20779649510039,0.6201034953685045,0.06316101664582537
5335,training,0,0.019053615629673004,0.026084974155044814,23.24783893937545,0.6224670518788292,0.05493277623674213
5336,training,0,0.04395671188831329,0.026084974155044814,23.287762892803112,0.6245667282774109,0.05010035086496653
5337,training,0,0.036324414424598224,0.026084974155044814,23.327660970365766,0.62646823867562,0.045299649112115745
5338,training,0,0.04454310331493617,0.026084974155044814,23.367641375306455,0.6282228850547422,0.04337205353068574
5339,training,0,0.04154842998832464,0.026084974155044814,23.40752719520587,0.6299565851827157,0.04273829719690708
5340,training,0,0.04348904546350241,0.01853592648237792,23.44750890663009,0.6316398475381968,0.04134640778157337
5341,training,0,0.04322607722133399,0.01853592648237792,23.48741577297637,0.6333025786357604,0.04200185337333615
5342,training,0,0.04509542323648929,0.01853592648237792,23.527299796696933,0.6349649557253945,0.04037270774288973
5343,training,0,0.04718130640685559,0.01853592648237792,23.567331454146984,0.6365440336417396,0.038704359260486064
5344,training,0.0028736973,0.05806244723498821,0.01853592648237792,23.60719132765403,0.6381134453870877,0.039180834194379635
5345,training,0.0013570024,0.07604335434734821,0.01853592648237792,23.667162079059015,0.6404341722976675,0.03844110155193345
5346,training,0.009132813,0.08616266213357449,0.01575983235955812,23.70701800934379,0.6420724605368011,0.04338239316112373
5347,training,0.0028699525,0.08667639642953873,0.01575983235955812,23.74689203758977,0.6438785073961637,0.047270566755297505
5348,training,0.0020448326,0.05822042096406223,0.01575983235955812,23.80669442609653,0.646931952969926,0.05396220758246869
5349,training,0.005953275,0.06165735796093941,0.01575983235955812,23.846572316966096,0.6490576128281199,0.051728150830687894
5350,training,0,0.03178782761096954,0.01575983235955812,23.866608213837342,0.6500800241193121,0.04996715368718564
5351,training,0,0.0299735888838768,0.01575983235955812,23.906507542042693,0.6520081723696652,0.04547679746665594
5352,training,0,0.03075190633535385,0.0038906850144527884,23.926460348612146,0.6528785251658739,0.04100070376836032
5353,training,0,0.041676368564367294,0.0038906850144527884,23.96652535822473,0.6543204439593553,0.030763135849914598
5354,training,0,0.03918253257870674,0.0038906850144527884,24.006521743779434,0.655408247748201,0.02415997740967265
5355,training,0,0.03487301617860794,0.0038906850144527884,24.04649455335191,0.6562494398469972,0.01756130844025824
5356,training,0,0.028006751090288162,0.0038906850144527884,24.086504814832054,0.6568363706923537,0.01263867140321397
5357,training,0,0.04393486771732568,0.0038906850144527884,24.126498688274257,0.6572859703521429,0.00941142429683942
5358,training,0.006283071,0.060007970780134194,0.012913712752199106,24.186480575096798,0.6576814886497793,0.004518595254543636
5359,training,0,0.003518141806125641,0.012913712752199106,24.206434328031,0.657768974934467,0.003713759133439222
5360,training,0,0.005772026255726814,0.012913712752199106,24.246443804760126,0.6578509909076679,-0.0014120805492008107
5361,training,0,0.027786180377006524,0.012913712752199106,24.286494404413308,0.657621666608652,-0.009328389015291665
5362,training,0,0.027127009816467762,0.012913712752199106,24.326459278174152,0.6571775255498832,-0.01271643585306009
5363,training,0,0.03729999624192715,0.012913712752199106,24.366466896753902,0.6565989339109635,-0.016670120026083333
5364,training,0,0.010795777663588524,0.01499250326671131,24.406472778164407,0.6558665239064772,-0.019926825355692176
5365,training,0,0.0028379643335938454,0.01499250326671131,24.44639169480164,0.6550592751435397,-0.020871846254509534
5366,training,0,0.006424307823181152,0.01499250326671131,24.486381902356428,0.6542268547717656,-0.02071401144345996
5367,training,0,0.010659309104084972,0.01499250326671131,24.526320313419845,0.6534718157072413,-0.016428581009878172
5368,training,0,0.029621457681059837,0.01499250326671131,24.56614276277668,0.6529044864749122,-0.012548963660841617
5369,training,0,0.028789297677576542,0.01499250326671131,24.606115165849584,0.6525287124025269,-0.005748741655661664
5370,training,0,0.03708348423242569,0.005499982312493079,24.645986381908802,0.6524884023410874,0.002932621002235708
5371,training,0,0.04243415594100952,0.005499982312493079,24.68588206552913,0.6527276561007563,0.009107447945939857
5372,training,0,0.005736790597438805,0.005499982312493079,24.72584727928314,0.6532548264005484,0.017809388869967763
5373,training,0,0.008916493505239494,0.005499982312493079,24.765613426065315,0.6541446995718135,0.026028577014202733
5374,training,0,0.014248929917812347,0.005499982312493079,24.805597897033916,0.6553614077600013,0.034942518032749066
5375,training,0,0.03617597371339798,0.005499982312493079,24.845445441584644,0.6569877092587632,0.04664239653724466
5376,training,0,0.008606273680925376,0.010504611783133255,24.885251270744792,0.659043961266043,0.0563271035725304
5377,training,0,0.03896892815828323,0.010504611783133255,24.925144399583875,0.6615115317435454,0.06886574580297858
5378,training,0,0.027433447539806352,0.010504611783133255,24.964768542964325,0.6645536180681684,0.08401211183439122
5379,training,0.023965344,0.05844819918274879,0.010504611783133255,25.024427060237954,0.670376039394301,0.11225521136067036
5380,training,0.0077201864,0.05545005947351456,0.010504611783133255,25.08346287392948,0.6780247739184022,0.14598942633530046
5381,training,0.0033828055,0.0813596099615097,0.023149962857823638,25.142482954375378,0.6879108559432303,0.19075257564551715
5382,training,0,0.017060987651348114,0.023149962857823638,25.18114763685091,0.696094819118535,0.22666584183385197
5383,training,0.011186333,0.06673765927553177,0.023149962857823638,25.219880500375776,0.7056391888203144,0.2555202996112536
5384,training,0,0.025843329727649682,0.023149962857823638,25.25815180718203,0.7161652054604902,0.2814352390432059
5385,training,0,0.02645231783390045,0.023149962857823638,25.27717931594332,0.7217962419274067,0.29266444814671255
5386,training,0,0.0033658444881439348,0.023149962857823638,25.296254597731807,0.7276292694642507,0.301015465030113
5387,training,0,0.0047921836376190186,0.023149962857823638,25.315302858290682,0.7336308688351503,0.30894645393015613
5388,training,0.007314828,0.07012439146637917,0.057679926692914364,25.371916710238896,0.7525421636348074,0.33752618956368907
5389,training,0,0.025972098112106323,0.057679926692914364,25.409326369933083,0.7661373548558996,0.35944064045691687
5390,training,0,0.0007578879594802856,0.057679926692914364,25.446473905846442,0.7805364846225644,0.3802500376295002
5391,training,0,0.042049095034599304,0.057679926692914364,25.464939630643823,0.7880328169974381,0.39048005905274763
5392,training,0.0026589949,0.10251823812723163,0.057679926692914364,25.501560778409818,0.8035348744997397,0.40845591852606017
5393,training,0.0029464867,0.13426059484481812,0.057679926692914364,25.538062060571658,0.8196153690810392,0.42064582217832247
5394,training,0.0041559855,0.17473029717803001,0.07733391951628785,25.574420120466424,0.8361213432318856,0.4320676046693685
5395,training,0.0019783063,0.2053398787975311,0.07733391951628785,25.61046831023359,0.8529634840453867,0.4410405671422145
5396,training,0.008190053,0.22641335427761078,0.07733391951628785,25.646597561028482,0.8701949856488475,0.4496312984817597
5397,training,0.0023105007,0.1873987466096878,0.07733391951628785,25.700142873727412,0.8966041815368534,0.4666708546590435
5398,training,0.0012489797,0.23812242597341543,0.07733391951628785,25.735752852639237,0.9147956031151364,0.47825530210160533
5399,training,0.008302991,0.25363662838935846,0.07733391951628785,25.77106917859435,0.9333785594623919,0.4908085750670411
5400,training,0.0049915817,0.2458058893680572,0.06970664965236874,25.80597398211188,0.9523974852449739,0.5074405210140046
5401,training,0.0034694548,0.26619703322649,0.06970664965236874,25.84079502604854,0.9721646322448904,0.5271409126447243
5402,training,0.002980939,0.32301952689886093,0.06970664965236874,25.87486246327164,0.9924915239751123,0.5491618244686755
5403,training,0.0023268592,0.3378714472055435,0.06970664965236874,25.90872745119696,1.0135822010667521,0.5638070959462578
5404,training,0.0026012906,0.3038114458322525,0.06970664965236874,25.942438445879763,1.0351430119900737,0.5739180628102859
5405,training,0.0047953837,0.3156251683831215,0.06970664965236874,25.975681161661324,1.0569134009033063,0.5855224031942073
5406,training,0.0027580091,0.31322210282087326,0.030063423985877462,25.992307272049185,1.0680065168346482,0.5913101718506345
5407,training,0.0024330332,0.304923914372921,0.030063423985877462,26.025398664824714,1.0904786514158589,0.6019335426314795
5408,training,0.0054024663,0.30348770320415497,0.030063423985877462,26.058002200677816,1.113184040967368,0.6143146434775808
5409,training,0.0019886692,0.3210658952593803,0.030063423985877462,26.09053107492363,1.1364377650653523,0.6271514953423235
5410,training,0.0023431163,0.31721785292029375,0.030063423985877462,26.138566154932175,1.1719060226075733,0.6456947141068152
5411,training,0.0026641292,0.3154589682817459,0.030063423985877462,26.17031576435066,1.1961490655808664,0.6582316130168374
5412,training,0.0018032591,0.2558667659759521,0.030063423985877462,26.186017834367885,1.208359639613992,0.6641097354308141
5413,training,0.008505601,0.30735626071691513,0.05276354313379188,26.217185531877703,1.2331601104147059,0.6822218955013106
5414,training,0.0020010686,0.36176357418298727,0.05276354313379188,26.262810315982854,1.2716019355213737,0.7178368018691188
5415,training,0.004126106,0.31873366236686707,0.05276354313379188,26.292651142522278,1.2981131749188688,0.7343131116555224
5416,training,0.006578524,0.26930277049541473,0.05276354313379188,26.321856165220552,1.325080286484532,0.7569392547512471
5417,training,0.0036976226,0.27257969975471497,0.05276354313379188,26.35040085091518,1.3526960081750492,0.7817865538656468
5418,training,0.0012561474,0.34151913225650793,0.05276354313379188,26.37826576401278,1.3811957578404173,0.8127409307365255
5419,training,0.009074129,0.364675834774971,0.05276354313379188,26.40511883123268,1.4103726489567643,0.8395115182742912
5420,training,0.009248461,0.3363289684057236,0.20372843318998404,26.431462805853243,1.4403557041195099,0.85854526170973
5421,training,0.0048080897,0.5176938772201538,0.20372843318998404,26.456729710116456,1.47101602715976,0.9196444184949383
5422,training,0.0036456068,0.5877485424280167,0.20372843318998404,26.478425841480586,1.5032550587559823,1.0460482745272255
5423,training,0.0015440237,0.6008786410093306,0.26361887469634304,26.48748281534899,1.5202650386400358,1.1196539926226248
5424,training,0.0027602925,0.5236766561865807,0.26361887469634304,26.50159533834258,1.5561099450960112,1.2728270095782404
5425,training,0.0029569706,0.4028564766049385,0.2916126180874121,26.512547278325933,1.613272537344895,1.4794968416839838
5426,training,0.0030609393,0.17604607343673706,0.2916126180874121,26.514068561123693,1.6523607089410863,1.5810083590179833
5427,training,0.0015777792,0.16466772556304932,0.29927434163923256,26.513425758455398,1.6718255092118761,1.625427575987993
5428,training,0.007047896,0.15002834796905518,0.29927434163923256,26.509677545851982,1.7109101812165655,1.7042521211076989
5429,training,0.005010627,0.24250231683254242,0.29927434163923256,26.503082602099603,1.7497483894812214,1.7700313007988262
5430,training,0.0008914292,0.24036490358412266,0.2893803720925936,26.494134405994316,1.7883635737910473,1.8274084089863467
5431,training,0.007481588,0.14168869331479073,0.2893803720925936,26.48304933746759,1.825943300531642,1.8844015495130397
5432,training,0.0042094835,0.1264999844133854,0.2893803720925936,26.46324675424756,1.8823680164964356,1.9257805367046872
5433,training,0.0016787862,0.17713261395692825,0.2893803720925936,26.449154307176382,1.9194674128230118,1.9409841961844403
5434,training,0.0076421695,0.1278846450150013,0.2893803720925936,26.434405005536448,1.9564609689294614,1.9600271899497532
5435,training,0.0022543077,0.1974337175488472,0.2893803720925936,26.418903046752337,1.9933882499636808,1.9750993682677551
5436,training,0.0034184468,0.10661514475941658,0.22111754702416658,26.39465271869841,2.047762391623129,2.0085945909644147
5437,training,0.0014294542,0.16981738805770874,0.22111754702416658,26.377391781929433,2.0838639134239867,2.0216342781937966
5438,training,0.0055651674,0.05093311192467809,0.22111754702416658,26.350911870182397,2.137306108496217,2.0427657762754348
5439,training,0,0.04109335131943226,0.22111754702416658,26.341772802261346,2.155137395014344,2.044490700726772
5440,training,0,0.02251046523451805,0.22111754702416658,26.332633891990888,2.1729592477307467,2.043616153147104
5441,training,0.006651673,0.07241971977055073,0.22111754702416658,26.314572706204537,2.2084666392097647,2.0383795876111037
5442,training,0.0038687824,0.11408887803554535,0.1306190567270183,26.29661134628028,2.244262073105951,2.0355534529226635
5443,training,0.006864425,0.1231422945857048,0.1306190567270183,26.269729295475862,2.2977631327367947,2.0365486668887818
5444,training,0.0033804832,0.18033604696393013,0.1306190567270183,26.251796736401342,2.3335455415548365,2.0334729805087397
5445,training,0.0042508235,0.05714930035173893,0.1306190567270183,26.233893649038894,2.3692120975941617,2.0406316609771973
5446,training,0.012193116,0.10712822899222374,0.1306190567270183,26.215854455836265,2.404518801059453,2.0415350396385272
5447,training,0.004777653,0.17188606411218643,0.013972254137751805,26.188620842915814,2.4580479480927986,2.0438875575701974
5448,training,0.0039226734,0.08468187600374222,0.013972254137751805,26.161918878845494,2.5113821343418556,2.0170112423768445
5449,training,0.0020977603,0.05436217784881593,0.013972254137751805,26.145046247912408,2.5480763688465817,1.9856347486243417
5450,training,0,0.003176547586917891,0.013972254137751805,26.13714335755921,2.566399138339083,1.9710372392956048
5451,training,0,0.03698290325701237,0.013972254137751805,26.12945985060974,2.5848807583246716,1.9585917487868119
5452,training,0.0071505485,0.06962588429450989,0.013972254137751805,26.100021773992594,2.6595187497089747,1.935365927808265
5453,training,0,0.02501416765153408,0.06739929025784556,26.09295622544586,2.6781610861931098,1.9315047457720138
5454,training,0,0.027918169274926182,0.06739929025784556,26.085916422630063,2.696914912614304,1.927764009322258
5455,training,0.006650715,0.06420592567883432,0.06739929025784556,26.064576069528872,2.752984437304061,1.9431263464493156
5456,training,0,0.008523911237716675,0.06739929025784556,26.049897075360605,2.7899715196842476,1.954149493595158
5457,training,0,0.0017420500516891514,0.06739929025784556,26.042371202762563,2.8085364203604106,1.95714312604481
5458,training,0,0.019465419929474592,0.06739929025784556,26.034789638014946,2.827136150205364,1.958979992529768
5459,training,0,0.03114247042685747,0.06739929025784556,26.02723681320206,2.8455755598541033,1.9609338273010104
5460,training,0,0.014996299520134926,0.048124651285280144,26.01201961248544,2.8823953077619735,1.9645007392007423
5461,training,0,0.04394901962950826,0.048124651285280144,25.99655201263403,2.9194001906592586,1.969664581927357
5462,training,0.0070018265,0.06569934822618961,0.048124651285280144,25.97304641395587,2.974331974394682,1.9813867504313338
5463,training,0,0.009139440953731537,0.048124651285280144,25.96502666742222,2.9926550572548174,1.9851891324240898
5464,training,0,0.040423259139060974,0.048124651285280144,25.948798579037586,3.0293313019130985,1.988886935529895
5465,training,0.0087953685,0.0649011991918087,0.048124651285280144,25.93258647012002,3.0656577139288754,1.9922984792247072
5466,training,0,0.04140494205057621,0.03623589325968073,25.91611954427443,3.102180436386487,1.9967648164738496
5467,training,0,0.0039709508419036865,0.03623589325968073,25.899549822627073,3.138482554100212,2.001351387289332
5468,training,0,0.037532299757003784,0.03623589325968073,25.882800135493575,3.174666020260233,2.0074261585230357
5469,training,0,0.010083904489874843,0.03623589325968073,25.865727695710454,3.210948015290301,2.0143423695766
5470,training,0,0.035887311678379774,0.03623589325968073,25.848523205452896,3.246793830413152,2.022239831025657
5471,training,0,0.039281442761421204,0.03623589325968073,25.83093067865729,3.282689647262517,2.0309933670587834
5472,training,0,0.024575576651841402,0.039473696586568026,25.81303840479315,3.3184403423199242,2.0382154901585117
5473,training,0,0.03516321210190654,0.039473696586568026,25.794966954802987,3.353878162264276,2.045882377167405
5474,training,0,0.005607448518276211,0.039473696586568026,25.77653018528372,3.38943703103901,2.0521153845844644
5475,training,0,0.023636637255549438,0.039473696586568026,25.758003796971384,3.424681501492437,2.0576101915396636
5476,training,0,0.0010942332446575165,0.039473696586568026,25.739214909231794,3.4599159576213654,2.06358011165124
5477,training,0,0.013432344421744347,0.039473696586568026,25.720217727629525,3.495118466235874,2.066906644643187
5478,training,0,0.021375427022576325,0.058055880089666896,25.70119741536967,3.5300877971620648,2.0706132523593994
5479,training,0,0.008338673040270805,0.058055880089666896,25.681953157996627,3.5651974607431023,2.073386580828993
5480,training,0,0.03364172205328942,0.058055880089666896,25.6627109565925,3.6001627784398327,2.0743138061946143
5481,training,0,0.0284959077835083,0.058055880089666896,25.643411523703406,3.635076143107489,2.0769414926378036
5482,training,0,0.03372772969305516,0.058055880089666896,25.62397262273283,3.670057678591641,2.078287212658133
5483,training,0,0.04633395560085775,0.058055880089666896,25.60456612168703,3.7048489481292917,2.081411309596281
5484,training,0,0.022600763477385044,0.07215333343134944,25.58493304439865,3.7396777945905972,2.0872162672220913
5485,training,0,0.04728258401155473,0.07215333343134944,25.565125296646627,3.774359860431974,2.092004561969619
5486,training,0,0.018819116055965424,0.07215333343134944,25.54516556750896,3.8088083745140615,2.099925018310201
5487,training,0,0.013390529900789254,0.07215333343134944,25.52485572176783,3.8432126288972133,2.1076061952698053
5488,training,0,0.012138821184635162,0.07215333343134944,25.504344589799757,3.8774108164596957,2.1146683608154886
5489,training,0,0.026233181357383728,0.07215333343134944,25.483540609847196,3.911463585225603,2.124066172705797
5490,training,0,0.03812025487422943,0.053012164858090696,25.46243731840995,3.9453075606733137,2.132519409563841
5491,training,0,0.04595024883747101,0.053012164858090696,25.44102650814808,3.9788965184624674,2.1444848135524417
5492,training,0,0.001477368175983436,0.053012164858090696,25.41917741538769,4.012232064615717,2.1565015951752073
5493,training,0,0.04754140414297581,0.053012164858090696,25.396954607292162,4.045432205930673,2.1640305215483995
5494,training,0,0.03960446082055569,0.053012164858090696,25.374541972667895,4.078397348328396,2.1711443648324575
5495,training,0.0034752968,0.07444364577531813,0.053012164858090696,25.351944983088533,4.11130235337006,2.1719797942304098
5496,training,0,0.04401351138949393,0.053012164858090696,25.329339701981155,4.1442754999004965,2.171777001829878
5497,training,0,0.04657092876732351,0.032801971658274774,25.306732604314252,4.177160860660514,2.174922732538589
5498,training,0,0.01465538889169693,0.032801971658274774,25.283977771104368,4.209974904838067,2.179452433164207
5499,training,0,0.045900689437985434,0.032801971658274774,25.26104342103369,4.242653114318465,2.1864839142318013
5500,training,0.0050124424,0.09243106842041016,0.032801971658274774,25.237913841799767,4.275150336434055,2.1905840453670917
5501,training,0,0.04602338373661041,0.032801971658274774,25.214613075584612,4.307695728686281,2.1943333211284575
5502,training,0,0.04263650067150592,0.032801971658274774,25.19138127215218,4.339649273938297,2.1981017804042104
5503,training,0.0054331566,0.06106761284172535,0.032801971658274774,25.158173741172114,4.386667423811124,2.1818578504436195
5504,training,0.012008989,0.07192577794194223,0.012383508895972279,25.14669231372933,4.403039994264342,2.1838604962454005
5505,training,0.013974941,0.09769937954843044,0.012383508895972279,25.12365229391883,4.435593273626626,2.1890164097513067
5506,training,0,0.02861468493938446,0.012383508895972279,25.10039600814139,4.468134812038829,2.193250221633104
5507,training,0,0.03998040407896042,0.012383508895972279,25.07871352998115,4.496998330519396,2.2231080622412076
5508,training,0.004051017,0.09923011995851992,0.012383508895972279,25.042525529988712,4.544475459271805,2.218550269534543
5509,training,0.00201187,0.12853246927261353,0.012383508895972279,25.03044388235917,4.560478036480408,2.21636133519944
5510,training,0.0064610327,0.06654297187924385,0.012383508895972279,24.994534142150336,4.608492734651697,2.207821794251148
5511,training,0,0.025634758174419403,0.02697767126648461,24.982631197538495,4.624643932228676,2.2043012107441973
5512,training,0.0012949568,0.11880308017134665,0.02697767126648461,24.947263148440967,4.673146699800813,2.196935881241429
5513,training,0.0029106098,0.050837213173508644,0.02697767126648461,24.923916528445098,4.705641348567783,2.19065948278483
5514,training,0.004419638,0.05293979588896036,0.02697767126648461,24.90070056830806,4.738314724861161,2.186466745185409
5515,training,0,0.025591116398572922,0.02697767126648461,24.88917296296072,4.754625875465804,2.185825511621546
5516,training,0,0.005417786538600922,0.02697767126648461,24.866131158525814,4.787195015719894,2.1883037918421167
5517,training,0,0.02667310088872909,0.02697767126648461,24.842882469286543,4.819689091942032,2.1962185634584657
5518,training,0,0.024524560198187828,0.05765980078219496,24.81943200017088,4.851881196815763,2.2030570064312105
5519,training,0,0.013723442330956456,0.05765980078219496,24.79571919269348,4.884094180688002,2.2075616391948736
5520,training,0,0.026385691948235035,0.05765980078219496,24.771906053321413,4.916104976939071,2.2124415915127664
5521,training,0,0.041070587933063514,0.05765980078219496,24.748024879999264,4.948013467885507,2.2135429301963527
5522,training,0,0.0007118843495845795,0.05765980078219496,24.724018681809895,4.980036360173833,2.214827634358199
5523,training,0,0.0466572055593133,0.05765980078219496,24.70005852062542,5.0118848555212425,2.215341684014344
5524,training,0,0.00813992042094469,0.05765980078219496,24.67603996937023,5.043863099288231,2.2144326104324783
5525,training,0,0.04382706247270108,0.06800321560814618,24.652026961630458,5.075824104985978,2.2165381529276065
5526,training,0.0053109378,0.057168941013514996,0.06800321560814618,24.61595076539232,5.123563880766987,2.2190390195147414
5527,training,0,0.008133970201015472,0.06800321560814618,24.591756096907478,5.155386672980473,2.223489400577667
5528,training,0,0.035271015018224716,0.06800321560814618,24.579645304059543,5.171157596478299,2.2271797855012263
5529,training,0,0.020822623744606972,0.06800321560814618,24.555182876490562,5.202674302230509,2.2339597782169465
5530,training,0,0.040430430322885506,0.06800321560814618,24.530461402711023,5.234121852704541,2.240387550731646
5531,training,0,0.014422483742237098,0.06800321560814618,24.505659540838924,5.265285515627324,2.2443467615067343
5532,training,0,0.014443762600421899,0.032973787913604544,24.48063942692866,5.296535455438823,2.2477430250340316
5533,training,0,0.00011803209781646035,0.032973787913604544,24.455540870000377,5.327578390503653,2.253735326768251
5534,training,0,0.002087291330099106,0.032973787913604544,24.430308599261547,5.358414497884655,2.259427999955034
5535,training,0,0.004350997507572167,0.032973787913604544,24.404734544420997,5.389278943261799,2.2669260373872184
5536,training,0.0076045967,0.05993909761309624,0.032973787913604544,24.366102387793596,5.434724935267831,2.2834203125063355
5537,training,0.004083951,0.08163224719464779,0.032973787913604544,24.33970680926085,5.464837678256442,2.2989172780035454
5538,training,0.0037144772,0.05140238627791405,0.032973787913604544,24.299433446627475,5.508759857035198,2.327829634445156
5539,training,0,0.00210686773061753,0.014436375709976293,24.285655440265806,5.523199014233136,2.3371977661485084
5540,training,0,0.0017001684755086899,0.014436375709976293,24.271697364510523,5.5375920971923,2.3453202022054556
5541,training,0,0.014017857611179352,0.014436375709976293,24.243724915790743,5.565948494067924,2.35301718465398
5542,training,0,0.023674063966609538,0.014436375709976293,24.21551100421617,5.59418211746868,2.358294641376485
5543,training,0,0.006909584626555443,0.014436375709976293,24.187040162917917,5.622418173182449,2.362606965644842
5544,training,0,0.007461989298462868,0.014436375709976293,24.15866444262285,5.650287783968817,2.36736452141378
5545,training,0,0.00946311466395855,0.014436375709976293,24.129977412382466,5.678208525830211,2.372241188256201
5546,training,0,0.005778491497039795,0.014436375709976293,24.101231222786318,5.705921523527613,2.376773892858856
5547,training,0,0.03764106705784798,0.015514419859249551,24.07239012561946,5.733435862540109,2.3825081062477933
5548,training,0.0030244049,0.05812700092792512,0.015514419859249551,24.02869557766178,5.774573091471927,2.3897382891868024
5549,training,0,0.03786482475697994,0.015514419859249551,24.01415487239839,5.788132855748153,2.3918428752310743
5550,training,0,0.014876484870910645,0.015514419859249551,23.98483802853892,5.81532564690909,2.395992154739228
5551,training,0,0.003158787265419967,0.015514419859249551,23.955393171131426,5.842398396556247,2.40001858674054
5552,training,0,0.033844413235783584,0.015514419859249551,23.925963187741555,5.869176105219669,2.4064827078408526
5553,training,0,0.019774386659264565,0.015514419859249551,23.89617181945571,5.895957758525677,2.4119203363399855
5554,training,0,0.018432348966598518,0.012360641358728806,23.866428905852796,5.922463702058616,2.4153721788199602
5555,training,0,0.027806123718619354,0.012360641358728806,23.836513310643387,5.948897447149658,2.4205540603959017
5556,training,0,0.016019269358366728,0.012360641358728806,23.8064076850388,5.975236215724543,2.4244672286953106
5557,training,0,0.02751653641462326,0.012360641358728806,23.776330822639796,6.001329906991625,2.4294003757433598
5558,training,0,0.038161717355251326,0.012360641358728806,23.745972408516906,6.027406158214604,2.434391274660506
5559,training,0,0.017133457586169243,0.012360641358728806,23.715595223989204,6.053268334958606,2.438210602609334
5560,training,0,0.04323890805244446,0.012360641358728806,23.685117586019825,6.078939604010167,2.4448744911011926
5561,training,0,0.023946333676576614,0.007538650469115015,23.654385189367307,6.10449004727825,2.450477270111946
5562,training,0.0071289563,0.05152835696935655,0.007538650469115015,23.608123389490785,6.142394233092061,2.460469120110071
5563,training,0,0.018154585734009743,0.007538650469115015,23.577003672255753,6.167418349316988,2.467651600659344
5564,training,0,0.026349231600761427,0.007538650469115015,23.561376876174513,6.1798528315015036,2.471451307849642
5565,training,0,0.006351213902235031,0.007538650469115015,23.530027301410254,6.20441247388344,2.483207741645903
5566,training,0,0.015037883073091507,0.007538650469115015,23.498331409984505,6.228591819268942,2.495911411245371
5567,training,0,0.027494173496961597,0.007538650469115015,23.466305981001614,6.252431260597402,2.5071718265843326
5568,training,0.00646978,0.0686335042119026,0.03238491497690886,23.434055709690124,6.275840843163256,2.520118036593454
5569,training,0.0034282203,0.08385562896728518,0.03238491497690886,23.40155941485231,6.298868579448582,2.529029384696201
5570,training,0.007156951,0.0919789969921112,0.03238491497690886,23.368776878920706,6.321696030403898,2.5376685337814116
5571,training,0.002326884,0.11647772043943405,0.03238491497690886,23.335898248775624,6.3441415367385146,2.546468230674272
5572,training,0.003459326,0.06471412256360054,0.03238491497690886,23.286075727477247,6.3774285176369245,2.5593469839937293
5573,training,0,0.04614206776022911,0.03238491497690886,23.269389959890756,6.388351588901285,2.5647297400552045
5574,training,0.002763609,0.09812398999929428,0.03238491497690886,23.23595580156356,6.409893866691903,2.5729873027320966
5575,training,0.0024565589,0.08087984845042229,0.07176612874386384,23.202138933738134,6.431307568603514,2.5811712435203775
5576,training,0.0059986585,0.05861804820597172,0.07176612874386384,23.15137570054572,6.462776349571499,2.589837299563775
5577,training,0.0048005884,0.14577568136155605,0.07176612874386384,23.134332827533257,6.473250281104778,2.5908960284138347
5578,training,0.004557388,0.1401921808719635,0.07176612874386384,23.10022057649646,6.494197698069523,2.5886383877641603
5579,training,0.0019459052,0.1168290413916111,0.07176612874386384,23.049445802329675,6.526017825793896,2.5732506036964478
5580,training,0.009825244,0.23685117810964584,0.07176612874386384,23.015762302748243,6.547827206912008,2.560665040892502
5581,training,0.018570796,0.2417608201503754,0.08101197056827936,22.98252523246085,6.570004858334811,2.5437133664940625
5582,training,0.0071961363,0.19375570863485336,0.08101197056827936,22.949542759259185,6.592867138073521,2.5284442094771897
5583,training,0.0037332175,0.18953485041856763,0.08101197056827936,22.933203114922083,6.604412256080043,2.5243395403927122
5584,training,0.0019708327,0.19378097821027038,0.08101197056827936,22.90071868859876,6.6276197962200065,2.518108128311756
5585,training,0.0037805615,0.1253689667209983,0.08101197056827936,22.852100358019843,6.662719782078959,2.516664795172592
5586,training,0.005266712,0.1433217115700245,0.08101197056827936,22.819680268256022,6.685958345505719,2.522257758124361
5587,training,0.003167279,0.15596630051732063,0.08101197056827936,22.803450067360664,6.69749260727354,2.5256241586181303
5588,training,0.0035171884,0.07787737995386124,0.10569811935084343,22.75433728427264,6.73167112753934,2.5443685443723663
5589,training,0.002929741,0.14134034514427188,0.10569811935084343,22.737923252058224,6.7427032834390195,2.55571398219237
5590,training,0.010162767,0.06433681026101112,0.10569811935084343,22.70455621628905,6.764131085854349,2.5881596936524405
5591,training,0.0034501809,0.12650427781045437,0.10569811935084343,22.6705823499502,6.784326107176216,2.618667149469816
5592,training,0.008419196,0.11338429525494576,0.10569811935084343,22.61849089976353,6.813261116608311,2.6499160633833623
5593,training,0.004557275,0.1375977322459221,0.10569811935084343,22.58300991037465,6.8318464843888815,2.6692118025188267
5594,training,0.0046741413,0.1094585619866848,0.10960107532499842,22.529577380405723,6.858171403830517,2.698155894341485
5595,training,0.0046650628,0.08191188052296638,0.10960107532499842,22.4932501397975,6.875037034865044,2.7146667950632333
5596,training,0.0006324209,0.05785447731614113,0.10960107532499842,22.45698539746348,6.891299561704711,2.7242901230255643
5597,training,0,0.049250089563429356,0.10960107532499842,22.420373906460227,6.907379097558945,2.7303436113711226
5598,training,0,0.028072983492165804,0.10960107532499842,22.401968977855326,6.915391363417425,2.73189137472451
5599,training,0,0.028652837965637445,0.10960107532499842,22.365435386939193,6.931228078967924,2.73214011845347
5600,training,0.006438663,0.08963260054588318,0.09099492892666669,22.328747457091197,6.947148020390846,2.7319186850986963
5601,training,0,0.04163954546675086,0.09099492892666669,22.31034010076923,6.955138130107318,2.733860064457878
5602,training,0.005338579,0.07176247611641884,0.09099492892666669,22.255373368685365,6.9785053909568395,2.7419805510290973
5603,training,0,0.013923078775405884,0.09099492892666669,22.218431599963953,6.994046229792304,2.746255846639533
5604,training,0,0.02750576753169298,0.09099492892666669,22.19997040287288,7.001729366953732,2.7468926371385396
5605,training,0,0.018129121512174613,0.09099492892666669,22.163196148716718,7.017102455166415,2.7442505108829773
5606,training,0,0.002901758998632431,0.07027381308863989,22.126226768475476,7.032707890953665,2.7375662149843865
5607,training,0,0.04815015569329262,0.07027381308863989,22.089584526015393,7.048589493542035,2.728706812077104
5608,training,0,0.026081658899784088,0.07027381308863989,22.053038427090858,7.064612342513977,2.729980328718892
5609,training,0,0.0028387196362018585,0.07027381308863989,22.016229476261564,7.080750891898651,2.723428094580104
5610,training,0,0.035586435813456774,0.07027381308863989,21.979864781774474,7.097099034444143,2.7158065666877316
5611,training,0,0.0010148659348487854,0.07027381308863989,21.943421756384403,7.113691328261423,2.7136928614231435
5612,training,0,0.02577003836631775,0.04373109003177697,21.90700009604,7.130410827322239,2.706839780899608
5613,training,0.006938662,0.07236786093562841,0.04373109003177697,21.852763299087464,7.156067195078605,2.6922587856079545
5614,training,0.00403226,0.06547860242426395,0.04373109003177697,21.816692499967196,7.173713248847325,2.6802501782331545
5615,training,0.009440986,0.06055604573339224,0.04373109003177697,21.76323589297637,7.2010097398735615,2.6579553125684408
5616,training,0,0.045349687337875366,0.04373109003177697,21.745430788252513,7.21044927054336,2.650250379428413
5617,training,0,0.027651848271489143,0.04373109003177697,21.727764126887283,7.21997797379885,2.6442707296055628
5618,training,0,0.04921605810523033,0.042163494432119426,21.69280174480653,7.23914563060098,2.6364633054701967
5619,training,0,0.03260466083884239,0.042163494432119426,21.65774306062092,7.258670794236255,2.6306194319927014
5620,training,0.004819714,0.06075622700154782,0.042163494432119426,21.60559915576631,7.288086573475583,2.6249148435673115
5621,training,0,0.03346767090260982,0.042163494432119426,21.5707777233302,7.307931865276671,2.6224917984528946
5622,training,0,0.015927411615848534,0.042163494432119426,21.553413568806743,7.3178421714140836,2.6244733267413585
5623,training,0,0.037053201347589486,0.042163494432119426,21.51877267663802,7.337432704773014,2.6284568508459185
5624,training,0.0020423448,0.05731927417218685,0.05115498604677929,21.466343634447856,7.366776093712462,2.6347134857082626
5625,training,0,0.020054394379258156,0.05115498604677929,21.431523612727037,7.385974104129501,2.6402704536743764
5626,training,0,0.04316721856594086,0.05115498604677929,21.414015890898934,7.395524821517452,2.644250422399138
5627,training,0,0.001028008759021759,0.05115498604677929,21.37869613912721,7.414513310565481,2.65284276544027
5628,training,0,0.006307331845164299,0.05115498604677929,21.343489959885737,7.433038544960337,2.6608300184266467
5629,training,0.004774674,0.05378613062202932,0.05115498604677929,21.30800154768105,7.451401785228396,2.666678486819971
5630,training,0,0.021925585344433784,0.05541164898508986,21.272335576378005,7.469657131235357,2.670381119218962
5631,training,0,0.0023395903408527374,0.05541164898508986,21.236828893354854,7.487708513094467,2.6712193584767365
5632,training,0,0.04139642044901848,0.05541164898508986,21.201078969132794,7.50589055078536,2.670755060898725
5633,training,0,0.0040575917810201645,0.05541164898508986,21.1655025313544,7.524009687947858,2.6702922712425865
5634,training,0,0.041962284594774246,0.05541164898508986,21.12991701612822,7.542157276515734,2.6694193250532896
5635,training,0.0037824404,0.07440052181482315,0.05541164898508986,21.076459259112976,7.569507335782802,2.667946553673183
5636,training,0,0.020269678905606273,0.047177125456858225,21.05872978789011,7.578600521212825,2.6673449227865094
5637,training,0,0.048609908670187,0.047177125456858225,21.023095597672903,7.596898036664122,2.667157782548086
5638,training,0,0.02113050781190395,0.047177125456858225,20.987509672462085,7.615153401048631,2.668258658543236
5639,training,0,0.008585876785218717,0.047177125456858225,20.951998411621812,7.6333154607423825,2.6691575558380216
5640,training,0.011806372,0.055703414604067795,0.047177125456858225,20.916250258653957,7.651567704527219,2.6699519226174506
5641,training,0,0.013694413006305695,0.047177125456858225,20.88075033585495,7.669652980738384,2.670566959208364
5642,training,0,0.020174168050289154,0.052982977592416165,20.845098652155475,7.687805591266041,2.6701064073350356
5643,training,0,0.0204925462603569,0.052982977592416165,20.809405350049218,7.7060191167379894,2.6698847628172944
5644,training,0,0.02206207811832428,0.052982977592416165,20.773903489936092,7.7241176803172555,2.6703028940244913
5645,training,0,0.037175893783569336,0.052982977592416165,20.738158403239154,7.742311402475833,2.671293983809996
5646,training,0,0.04035580158233642,0.052982977592416165,20.702581802440598,7.760362691756287,2.6729867223730106
5647,training,0,0.00817091017961502,0.052982977592416165,20.66692714405108,7.778368539473224,2.674699970658186
5648,training,0,0.04386113211512565,0.04587365426794547,20.631081571799967,7.796410873393379,2.6764049329852173
5649,training,0,0.04391580447554588,0.04587365426794547,20.59549501188836,7.814231667469022,2.677649139584594
5650,training,0,0.009476275648921728,0.04587365426794547,20.55965704720017,7.832143849004991,2.678215726024132
5651,training,0,0.04500419273972511,0.04587365426794547,20.523893937599706,7.850004216266548,2.6788233333123252
5652,training,0.00826818,0.06240525841712952,0.04587365426794547,20.470234277108464,7.876745798105668,2.6794618072562746
5653,training,0,0.0327623700723052,0.04587365426794547,20.434413052485148,7.8945919916648135,2.679121252570321
5654,training,0.014459455,0.06260926183313131,0.0434844975140105,20.380799489640456,7.9213740582988015,2.6772574979871844
5655,training,0,0.007310301996767521,0.0434844975140105,20.362830721737815,7.930382757840739,2.676580980803195
5656,training,0,0.022283003665506847,0.0434844975140105,20.327211870399523,7.948272844336591,2.6765166512643717
5657,training,0.007079614,0.0572286294773221,0.0434844975140105,20.273482580275097,7.975123791797706,2.67978357939779
5658,training,0,0.02746858261525631,0.0434844975140105,20.255588215991857,7.984018382929874,2.681715159803618
5659,training,0,0.002085309475660324,0.0434844975140105,20.219883954036238,8.001590723531123,2.686747908566778
5660,training,0,0.005902405828237534,0.04660969393410522,20.201901165636,8.010356034086772,2.689401730493362
5661,training,0,0.03525487892329693,0.04660969393410522,20.165789232342632,8.027801824654828,2.694359192096186
5662,training,0,0.0037408024072647095,0.04660969393410522,20.12988314315202,8.044919950458647,2.6984036193026255
5663,training,0,0.01738705486059189,0.04660969393410522,20.09366301168806,8.062041517942916,2.701480627991142
5664,training,0,0.03130128048360348,0.04660969393410522,20.057508298390598,8.07903616385586,2.7026622122111448
5665,training,0,0.009959104470908642,0.04660969393410522,20.021374218696156,8.095972139486964,2.7036730253993557
5666,training,0,0.0025376100093126297,0.042435250201727594,19.985015297315822,8.112983969319792,2.7042957583057934
5667,training,0.0032193838,0.06253420002758503,0.042435250201727594,19.91266110479265,8.146762379172397,2.705275649867929
5668,training,0,0.006124167703092098,0.042435250201727594,19.876372907894112,8.163676099666985,2.7055980713842773
5669,training,0,0.015084258280694488,0.042435250201727594,19.85833634778912,8.172065200808534,2.7070296386326826
5670,training,0,0.012382996268570423,0.042435250201727594,19.82204020193892,8.188838741069942,2.7100982589457314
5671,training,0,0.001531659159809351,0.042435250201727594,19.80379408159879,8.197228983417833,2.7113233756790254
5672,training,0,0.04130532313138246,0.031051705362878306,19.76755249788966,8.213821012259581,2.7129589111432617
5673,training,0,0.00848544854670763,0.031051705362878306,19.73118703110543,8.230398058203026,2.714598244929989
5674,training,0,0.02750930655747652,0.031051705362878306,19.69469129280506,8.246975700931579,2.71573368342142
5675,training,0,0.006219667382538319,0.031051705362878306,19.65840820770626,8.26337996243665,2.7177346246590486
5676,training,0,0.03649513516575098,0.031051705362878306,19.621863230548964,8.279830798974135,2.7192636891172572
5677,training,0,0.001541147474199533,0.031051705362878306,19.58542655227301,8.29619157010838,2.719512860444642
5678,training,0,0.04789337795227765,0.03319125309034215,19.549004840362784,8.312532955491497,2.719771463318012
5679,training,0,0.024917605333030224,0.03319125309034215,19.51238569955397,8.328981427211222,2.7185950016649842
5680,training,0,0.041913862340152264,0.03319125309034215,19.476077967742746,8.345357045186837,2.716990606141769
5681,training,0,0.028189840726554394,0.03319125309034215,19.43960002640683,8.36187245042288,2.715647208254782
5682,training,0.03952251,0.0720237148925662,0.03319125309034215,19.40316379901847,8.378447796578936,2.7133526609161027
5683,training,0,0.011931259185075767,0.03319125309034215,19.366889819488232,8.395037057967903,2.712281869613835
5684,training,0,0.04140659421682357,0.03359742450435849,19.330402013302216,8.411721394150856,2.713821560473392
5685,training,0,0.04465413838624954,0.03359742450435849,19.294131630372743,8.428203567095414,2.7162835693899723
5686,training,0,0.04617030546069145,0.03359742450435849,19.257698650973307,8.444647128650688,2.7185869551724764
5687,training,0,0.040679506957530975,0.03359742450435849,19.221147742237992,8.46107651594263,2.719283700608131
5688,training,0,0.007731230929493904,0.03359742450435849,19.184803707922775,8.477375244151327,2.7201579743524684
5689,training,0.0056164097,0.059000108391046524,0.03359742450435849,19.129941363851117,8.501931085240734,2.7209402468930706
5690,training,0.0036869524,0.09816015884280205,0.03595079674442007,19.09357519215509,8.518168648645775,2.72172014623325
5691,training,0.002312361,0.14939622953534126,0.03595079674442007,19.056969162862572,8.534545514994214,2.7177836505450066
5692,training,0.004224159,0.14730678498744965,0.03595079674442007,19.002507099326788,8.55980115607876,2.6921020209863378
5693,training,0.0028323052,0.13966887816786766,0.03595079674442007,18.966473899605607,8.577673093423149,2.6698398241504933
5694,training,0.061961282,0.13385372050106525,0.03595079674442007,18.948560034238504,8.586908129698445,2.6628616293720033
5695,training,0.007939501,0.09556912258267403,0.03595079674442007,18.895615593341486,8.614806786296931,2.650973531669854
5696,training,0.0041529136,0.145598953589797,0.051155004864284995,18.87793100069791,8.624288513006267,2.648137310755907
5697,training,0.0033425149,0.15693773049861193,0.051155004864284995,18.842687296585307,8.64330428656695,2.6453119286083258
5698,training,0.003939539,0.10492318496108055,0.051155004864284995,18.807660417483635,8.662320994661275,2.643333558086638
5699,training,0.0051903734,0.12683732993900776,0.051155004864284995,18.77242505684531,8.681504812418432,2.642853630358515
5700,training,0.022506129,0.12467111367732286,0.051155004864284995,18.737421380843085,8.70054852085179,2.642934405839333
5701,training,0.009932088,0.10423316899687052,0.051155004864284995,18.70232478893439,8.71967677902994,2.6418842854665257
5702,training,0.004337739,0.14236719626933336,0.08853944777425447,18.66714620581309,8.738883142771897,2.6425934629683474
5703,training,0.0054930346,0.15885792672634125,0.08853944777425447,18.63218846823148,8.757893183434469,2.6441668563974687
5704,training,0.030280761,0.12914365530014038,0.08853944777425447,18.59694975319584,8.776960441089233,2.6475000678537857
5705,training,0.0043970332,0.1125156469643116,0.08853944777425447,18.56175520018754,8.795706360630668,2.6573688507339415
5706,training,0.00625101,0.0859287716448307,0.08853944777425447,18.526399373445336,8.814004020102484,2.6709325244842077
5707,training,0,0.04010388255119324,0.08853944777425447,18.50852595779636,8.823015041389226,2.6789392875316484
5708,training,0.005456195,0.09117010608315468,0.10349433239589922,18.472645620315447,8.840578717068496,2.694183982773353
5709,training,0.0052328985,0.10180915147066114,0.10349433239589922,18.436691348313666,8.857431308664077,2.715522544144473
5710,training,0,0.009311422705650323,0.10349433239589922,18.40009819751601,8.873443562597096,2.7433777387793072
5711,training,0,0.011559519916772835,0.10349433239589922,18.363511961621423,8.888323651376718,2.763689905077135
5712,training,0,0.039393119513988495,0.10349433239589922,18.326322642479465,8.90282534646142,2.7755238340285273
5713,training,0,0.019223805516958237,0.10349433239589922,18.288983437615975,8.91687569675965,2.7886023962950537
5714,training,0,0.00893065519630909,0.08812399039526767,18.2517006907021,8.930424551171829,2.793761394235624
5715,training,0,0.020006993785500526,0.08812399039526767,18.214035004424517,8.944040457760762,2.7957415978130067
5716,training,0,0.0061571323312819,0.08812399039526767,18.176520750272573,8.957515701354732,2.7983667818364366
5717,training,0,0.0009641367942094803,0.08812399039526767,18.13888732172104,8.970905724339561,2.7998432096441963
5718,training,0,0.006628022529184818,0.08812399039526767,18.101219944241752,8.984312376211419,2.7986043714295605
5719,training,0,0.003723936155438423,0.08812399039526767,18.063629472341525,8.997715994960652,2.8000768208538527
5720,training,0,0.00414276635274291,0.06825144499831974,18.025897923978754,9.011087117174508,2.8012592357218504
5721,training,0,0.01124251913279295,0.06825144499831974,17.988259074735875,9.02444905611225,2.799057834990433
5722,training,0,0.00759042426943779,0.06825144499831974,17.95066827756619,9.037853327550568,2.798844319452449
5723,training,0,0.0036472491919994354,0.06825144499831974,17.91299823342919,9.051248713940913,2.80139503351992
5724,training,0,0.04074865207076073,0.06825144499831974,17.87536345218999,9.064497226342759,2.8044220926481223
5725,training,0,0.01633051410317421,0.06825144499831974,17.83760554610342,9.077729712070807,2.8028605938375293
5726,training,0.008394721,0.06029731407761574,0.0719599716271702,17.781215557622016,9.097730428099227,2.7997475459231898
5727,training,0,0.04578130412846804,0.0719599716271702,17.74354013724156,9.11118282987628,2.796035618297866
5728,training,0,0.022173667326569557,0.0719599716271702,17.724695648314835,9.11798024696049,2.7947358623123932
5729,training,0,0.03948226198554039,0.0719599716271702,17.687145662587145,9.13158684600868,2.7946899045112645
5730,training,0,0.024965567514300346,0.0719599716271702,17.64955442830175,9.145058788501583,2.799679981881733
5731,training,0,0.004709392786026008,0.0719599716271702,17.611924730281814,9.158377811563197,2.8028867861816806
5732,training,0,0.0267166830599308,0.05398141809068341,17.574258699219985,9.171491836087906,2.8111132897819764
5733,training,0,0.006224356591701508,0.05398141809068341,17.536397637682708,9.18419858178683,2.8253703762852824
5734,training,0.005263025,0.05895214527845383,0.05398141809068341,17.479454271252642,9.202404117872588,2.8378951723413395
5735,training,0,0.02178442943841219,0.05398141809068341,17.460391999537016,9.208352676915649,2.839456689551885
5736,training,0,0.0404049651697278,0.05398141809068341,17.4222342030384,9.220247816057714,2.8374199962453446
5737,training,0,0.02302447333931923,0.05398141809068341,17.38409860638184,9.232335466060878,2.8311419246156246
5738,training,0.0065603764,0.06263379473239183,0.00824507551826615,17.327058451970107,9.25084876697841,2.8244909688483877
5739,training,0,0.02125107496976852,0.00824507551826615,17.289103490387745,9.263333715330058,2.8241342881709177
5740,training,0,0.026795024052262306,0.00824507551826615,17.270138254097812,9.269555233315032,2.824721448432948
5741,training,0,0.007037912495434286,0.00824507551826615,17.232156216299543,9.281997814801525,2.8241711948831285
5742,training,0,0.04646846279501915,0.00824507551826615,17.19420381181652,9.294491138025087,2.8230028028028427
5743,training,0,0.01960260421037674,0.00824507551826615,17.156243441721355,9.306995623201328,2.8235788954976213
5744,training,0,0.038114652037620544,0.007867144964104546,17.118306904498198,9.319495155278076,2.8221618476806953
5745,training,0,0.0028402558527886868,0.007867144964104546,17.08040040430428,9.332034332936596,2.8221765287394303
5746,training,0,0.04191795364022255,0.007867144964104546,17.042400330796298,9.344584799030736,2.8223374217636983
5747,training,0,0.03330171853303909,0.007867144964104546,17.004502089868204,9.357143756875669,2.8209581552524288
5748,training,0,0.0040605515241622925,0.007867144964104546,16.96660652727701,9.369691069924029,2.8227734273233587
5749,training,0,0.015583617612719532,0.007867144964104546,16.928663755767886,9.382188128113423,2.8228593921742733
5750,training,0,0.005597226321697235,0.021248391240470538,16.890733021096963,9.394704908567357,2.822798294923588
5751,training,0,0.002335885539650917,0.021248391240470538,16.852739748168656,9.407234724246294,2.822748623314735
5752,training,0,0.02650516154244542,0.021248391240470538,16.814819538788992,9.419812775453455,2.81923901742446
5753,training,0,0.04785396531224251,0.021248391240470538,16.77695727481858,9.432512775922156,2.8161059942640825
5754,training,0,0.010180987417697906,0.021248391240470538,16.739077113278316,9.445375980956165,2.8111522202822994
5755,training,0.00642025,0.059085192158818245,0.021248391240470538,16.70130961545842,9.458461929739512,2.8049631691823236
5756,training,0.003053926,0.0561349131166935,0.006647571061246753,16.644695939893715,9.478555750497826,2.794246620818342
5757,training,0,0.04269290249794721,0.006647571061246753,16.607220401034724,9.492338545644493,2.7850521474808994
5758,training,0,0.03622625302523374,0.006647571061246753,16.588530240824046,9.499310062487659,2.7845399895876675
5759,training,0,0.024698972702026367,0.006647571061246753,16.550995347867833,9.51328760173484,2.7855733830691976
5760,training,0,0.03877141233533621,0.006647571061246753,16.513603385791836,9.527215074241541,2.7837846825606496
5761,training,0,0.04360423143953085,0.006647571061246753,16.47619675078135,9.541227660812023,2.782173414844523
5762,training,0,0.0071298363618552685,0.005187254438249676,16.438752271080077,9.555343368827772,2.7790024421347064
5763,training,0,0.04291566368192434,0.005187254438249676,16.401463314853494,9.569540267784749,2.776519871696879
5764,training,0.003114454,0.06971650198101997,0.005187254438249676,16.36406910635809,9.583866082787019,2.7746898914168736
5765,training,0,0.033977766521275043,0.005187254438249676,16.326795382031868,9.598250631029352,2.7716865455858524
5766,training,0,0.0004947958514094353,0.005187254438249676,16.289609562586115,9.612641599979849,2.7739858514006617
5767,training,0,0.01594033744186163,0.005187254438249676,16.252227148961058,9.626958985078177,2.7767874552886775
5768,training,0,0.04698307905346155,0.011405164977735284,16.21496705668329,9.641169002402561,2.777351230382266
5769,training,0,0.03817222360521555,0.011405164977735284,16.177597908909977,9.655397479901577,2.777723499056979
5770,training,0,0.03903787210583687,0.011405164977735284,16.140237662414957,9.669671445475732,2.7743460729101534
5771,training,0.012706222,0.06423061713576317,0.011405164977735284,16.065665496861076,9.698585498959883,2.7685433649670257
5772,training,0,0.003856716211885213,0.011405164977735284,16.047093749442023,9.705874279488798,2.76626613953695
5773,training,0,0.024307372979819775,0.011405164977735284,16.010004398712603,9.720518605661916,2.7646230182214513
5774,training,0,0.005030477419495579,0.04041154246854407,15.99140114048906,9.727890207531493,2.7636870274048033
5775,training,0,0.04697807319462299,0.04041154246854407,15.95420151767553,9.74272507667664,2.759064383058176
5776,training,0.020836378,0.06255084834992886,0.04041154246854407,15.89871325424785,9.765297376575186,2.7511174680920494
5777,training,0.010210737,0.05454355292022228,0.04041154246854407,15.86166334200619,9.780658245253644,2.7455587546241036
5778,training,0.05433178,0.09591042995452881,0.04041154246854407,15.806503500192505,9.803951631903466,2.738419141058211
5779,training,0.0018901117,0.09009046480059624,0.04041154246854407,15.769598994055226,9.819865744629643,2.729575326963531
5780,training,0.009940214,0.13175389543175697,0.01701513103619382,15.714926239226024,9.84447003696435,2.707636491714251
5781,training,0.0042254953,0.10423869639635086,0.01701513103619382,15.678523683397767,9.861705354344084,2.690118425599499
5782,training,0.0028371485,0.08330596145242453,0.01701513103619382,15.624905836056563,9.888414641829465,2.672564930374381
5783,training,0,0.03824574500322343,0.01701513103619382,15.607045513314535,9.89749598910463,2.671388449747299
5784,training,0.0051809154,0.0622116103768349,0.01701513103619382,15.57125909943644,9.915512231721966,2.682305721290839
5785,training,0,0.042621441185474396,0.049482590029320324,15.553463518747005,9.92422278390105,2.689906139699284
5786,training,0.002768301,0.050838835537433624,0.049482590029320324,15.517485623441415,9.94136708980529,2.70308631789438
5787,training,0.006169177,0.06826635822653769,0.049482590029320324,15.481133721617008,9.958193985112677,2.7131805518480783
5788,training,0,0.03490082919597627,0.049482590029320324,15.46304638647211,9.96639384154226,2.7177762667150986
5789,training,0,0.030818711966276183,0.049482590029320324,15.426635793769847,9.982624729452349,2.7262475852680126
5790,training,0.004334162,0.054827593266963945,0.049482590029320324,15.38992163858243,9.998654173641928,2.7336839612489463
5791,training,0.0016555638,0.10042338073253632,0.049482590029320324,15.353331413094871,10.014301755981943,2.7408914908685635
5792,training,0.0066185165,0.08360880427062511,0.057081501174023316,15.316449747625846,10.029826053682601,2.744161487130459
5793,training,0.0055617495,0.1259989980608225,0.057081501174023316,15.279582575316757,10.045285076200038,2.7444524792073937
5794,training,0.0064423033,0.1339059080928564,0.057081501174023316,15.242801927453122,10.060708425039353,2.7435208062452667
5795,training,0.0046327496,0.15010109823197126,0.057081501174023316,15.205834100093918,10.076290338742494,2.7415728854807213
5796,training,0.0040686317,0.17417500261217359,0.057081501174023316,15.169133963841066,10.091840799356087,2.740282548002834
5797,training,0.00247225,0.14949592761695382,0.057081501174023316,15.150762787297783,10.099624919256382,2.7414021010090464
5798,training,0.0010898195,0.15178367123007774,0.062047299251729256,15.113824328632692,10.115185531573495,2.7451726969532073
5799,training,0.0027350925,0.13543828204274178,0.062047299251729256,15.077034781199519,10.130476716747987,2.7506439811064256
5800,training,0.0035164123,0.06163778901100159,0.062047299251729256,15.040080720625147,10.145514077714955,2.7600537161009844
5801,training,0.0024820426,0.0675678662955761,0.062047299251729256,15.002918121914812,10.160221328523898,2.7692819781534763
5802,training,0,0.007219649851322188,0.062047299251729256,14.96577118031301,10.174487104292572,2.780767477852975
5803,training,0,0.020423725247383118,0.062047299251729256,14.928286635570142,10.18836203329385,2.7932545892381038
5804,training,0,0.03369789570569992,0.07441802541023092,14.890748328394654,10.20180246388194,2.8016399126618885
5805,training,0,0.04927329719066621,0.07441802541023092,14.853112031926845,10.214923094577298,2.8102111806405743
5806,training,0,0.018180618062615395,0.07441802541023092,14.815316658506534,10.227812680249686,2.8136850931373876
5807,training,0,0.00013217935338616284,0.07441802541023092,14.77750022072825,10.240656157086535,2.8141444472751203
5808,training,0.002106975,0.0549496505409479,0.07441802541023092,14.739621561877328,10.25351055034639,2.8142692708204775
5809,training,0,0.00341927632689476,0.07441802541023092,14.7018131502731,10.266401867198804,2.8107605114587293
5810,training,0.0068523195,0.0761752143735066,0.06172788062160133,14.64514318975327,10.286124554796668,2.8005062463173025
5811,training,0,0.03049974888563156,0.06172788062160133,14.626220740399141,10.292893965412258,2.7941407499947135
5812,training,0.00073164445,0.058256398886442184,0.06172788062160133,14.570095124053527,10.314156522757237,2.7635575942196766
5813,training,0.0052917334,0.07078834623098373,0.06172788062160133,14.532831434392795,10.329445150408924,2.740415135139337
5814,training,0.0054205786,0.09619627892971039,0.06172788062160133,14.477997005250634,10.353968536809157,2.700921384537923
5815,training,0.004163874,0.05512063205242157,0.13570777204911924,14.441759675470413,10.371667369137782,2.6718968867868327
5816,training,0.00093710667,0.173508882522583,0.13570777204911924,14.38878762081201,10.40005939500412,2.6295617715025905
5817,training,0,0.03521221876144408,0.13570777204911924,14.371361149854582,10.409906619596896,2.6275278316802178
5818,training,0.003784282,0.09198543429374695,0.13570777204911924,14.336385197084905,10.429714306224227,2.6200058612979187
5819,training,0.0067502772,0.0844607800245285,0.13570777204911924,14.284825488014146,10.46021760033387,2.598019056726236
5820,training,0.0012208561,0.10139493271708488,0.13570777204911924,14.25056627942804,10.48125481934057,2.583348127558294
5821,training,0.013284558,0.0961147379130125,0.15087911370648344,14.216822614901139,10.502590089408331,2.5728398773732626
5822,training,0,0.0472070574760437,0.15087911370648344,14.183161455039045,10.524297193113533,2.5659322563087743
5823,training,0,0.02124878019094467,0.15087911370648344,14.166377731918681,10.535209503351844,2.5639475433978163
5824,training,0,0.0129428431391716,0.15087911370648344,14.133270705321157,10.557237918270877,2.5437983596668703
5825,training,0,0.014480248093605042,0.15087911370648344,14.116769263313092,10.568589937854751,2.5338775821910824
5826,training,0,0.03684259951114653,0.15087911370648344,14.100320220785878,10.58015452976361,2.5236100405563415
5827,training,0.0044921925,0.06200813502073288,0.15087911370648344,14.05172505495422,10.615570364722247,2.500368845487173
5828,training,0,0.03962258994579315,0.15087911370648344,14.035789333143267,10.627562603516434,2.492689385680284
5829,training,0.0034063943,0.05421387776732445,0.10624135710903009,13.98829105209573,10.664348114225199,2.4730060412986226
5830,training,0,0.03686349466443061,0.10624135710903009,13.972581645013378,10.676832919817729,2.467128534789311
5831,training,0.0038674474,0.10041331686079502,0.10624135710903009,13.926077062393889,10.714741381229075,2.4491187771249447
5832,training,0.004926064,0.08136530965566635,0.10624135710903009,13.864582363979236,10.76581142887368,2.4499287513363988
5833,training,0.0049305684,0.06555339694023132,0.10624135710903009,13.833929447444929,10.79118687840716,2.4485487488562296
5834,training,0,0.046570124104619026,0.10624135710903009,13.818536487333361,10.803992204792236,2.4468276225398
5835,training,0,0.027963262051343918,0.05114577146575169,13.787855159569856,10.829675121593477,2.4412401308991996
5836,training,0,0.0054650940001010895,0.05114577146575169,13.772600640684521,10.842577007770107,2.4378747751533782
5837,training,0,0.02929074363783002,0.05114577146575169,13.742200870139973,10.868521367744053,2.432095997924894
5838,training,0,0.031249102670699358,0.05114577146575169,13.726998759379542,10.881594718795604,2.4309693888893524
5839,training,0,0.021694791968911886,0.05114577146575169,13.696760862969795,10.907677993653326,2.4285796715136687
5840,training,0,0.004380278289318085,0.05114577146575169,13.666576442113865,10.933771096190565,2.4286540941324635
5841,training,0,0.02903668163344264,0.05114577146575169,13.63632802417676,10.959985873805962,2.424543597291085
5842,training,0,0.04174933210015297,0.05114577146575169,13.606298856017448,10.98623624853001,2.422881495942144
5843,training,0.0030727366,0.05677218176424503,0.0273635900605159,13.561132192893014,11.025710367907784,2.4228249359140634
5844,training,0.005647418,0.08589942008256912,0.0273635900605159,13.531133265291881,11.052024633602262,2.4194808581330083
5845,training,0,0.01386205106973648,0.0273635900605159,13.5011528323525,11.078535140871823,2.4149279223450013
5846,training,0,0.016418300569057465,0.0273635900605159,13.486227862497946,11.091831089742698,2.413198218782724
5847,training,0,0.017997831106185913,0.0273635900605159,13.45646135109642,11.118318813482901,2.4169031958961327
5848,training,0,0.0066242218017578125,0.0273635900605159,13.426465201151881,11.144600792906557,2.4288286612797485
5849,training,0,0.02569492533802986,0.0273635900605159,13.396109419451049,11.170480664237072,2.4422571463337146
5850,training,0,0.0005857720971107622,0.016481444993433087,13.365460141516968,11.195858189869096,2.457660792464335
5851,training,0,0.038319822400808334,0.016481444993433087,13.33433925620668,11.220816356062526,2.4729121353268457
5852,training,0,0.028632067143917084,0.016481444993433087,13.302899996001619,11.24532924927403,2.485980299510203
5853,training,0,0.0394769832491875,0.016481444993433087,13.271140277234217,11.269342366179785,2.50269075314266
5854,training,0,0.037800498306751244,0.016481444993433087,13.239027489514793,11.292783564532284,2.51882538866104
5855,training,0,0.023550845682621016,0.016481444993433087,13.206400099526206,11.315790301177914,2.536559639999194
5856,training,0.0023925286,0.06313029676675797,0.016481444993433087,13.156847343741932,11.348792376839492,2.5715884037074264
5857,training,0.0058774264,0.09701015241444111,0.01000324199753461,13.12298696235404,11.369847168966098,2.599919897183014
5858,training,0,0.020288925617933266,0.01000324199753461,13.088609398884168,11.38983391136568,2.6286023603032445
5859,training,0,0.038885779678821564,0.01000324199753461,13.07129007081827,11.399543706612617,2.6298058332259435
5860,training,0.004951938,0.09201545640826225,0.01000324199753461,13.018777699917706,11.428776176187121,2.6356533713787815
5861,training,0.0018162983,0.12640425749123096,0.01000324199753461,12.983953465849634,11.448036089186406,2.63599104518815
5862,training,0.0034917253,0.10263345483690502,0.01000324199753461,12.94892130472256,11.46745095005455,2.634576718628208
5863,training,0,0.0427909716963768,0.037953680346212965,12.931369919204474,11.477196806845946,2.6356161122835173
5864,training,0,0.04735413938760759,0.037953680346212965,12.896540120129144,11.496394546984954,2.6404544144817734
5865,training,0.0103166755,0.06982869654893875,0.037953680346212965,12.861411458769728,11.515444531110786,2.649859109159037
5866,training,0.004260056,0.059330806136131314,0.037953680346212965,12.826060692568923,11.53411311109922,2.6633625263520204
5867,training,0,0.002988770604133606,0.037953680346212965,12.79065187264917,11.55209937375668,2.6805506107410366
5868,training,0,0.039581201970577226,0.037953680346212965,12.7546514048643,11.569610353428745,2.6963796440901846
5869,training,0.0090110395,0.09554233774542809,0.027631078606484703,12.718657330628815,11.586540719629806,2.706274901604286
5870,training,0.002973259,0.07348102331161499,0.027631078606484703,12.682398078267346,11.60326189591322,2.7118728443721385
5871,training,0,0.023008402436971657,0.027631078606484703,12.645941686847612,11.619887974182328,2.7158395557761508
5872,training,0.0033053474,0.05552326142787935,0.027631078606484703,12.59138628905081,11.64429849278998,2.7260685745446613
5873,training,0.0045892186,0.060199152678251266,0.027631078606484703,12.554690114327608,11.66033268827988,2.7333917757942836
5874,training,0,0.03643004596233368,0.027631078606484703,12.518098858426256,11.675941871888275,2.74390263953468
5875,training,0.002508031,0.05499017983675003,0.013875997976628954,12.481155294109639,11.691208600547874,2.75562711343739
5876,training,0.0062795593,0.10253319889307022,0.013875997976628954,12.444126439075399,11.706064079263527,2.763996070368755
5877,training,0.0046243584,0.07174248993396759,0.013875997976628954,12.42563084508019,11.713346999208467,2.7684841434165293
5878,training,0.001679203,0.1138524264097214,0.013875997976628954,12.38835386118511,11.727756306874657,2.7771181404489567
5879,training,0.0015027204,0.083736851811409,0.013875997976628954,12.351005913019547,11.741854906837977,2.7835295170081307
5880,training,0.0017216802,0.09515835344791412,0.013875997976628954,12.313642186426526,11.755650890937357,2.7923471195863208
5881,training,0.00143203,0.08989081904292107,0.043083171816767823,12.276038995398523,11.769149107973634,2.8009696151906263
5882,training,0.0016231406,0.08087805658578873,0.043083171816767823,12.238406634612462,11.782316704842883,2.8094500940289127
5883,training,0.0050393636,0.08065785467624664,0.043083171816767823,12.200626148196262,11.795106114516738,2.821496387294493
5884,training,0.0092456965,0.08096762001514435,0.043083171816767823,12.162736277651742,11.807429798935987,2.832436728835764
5885,training,0,0.002828221768140793,0.043083171816767823,12.124677460828721,11.819313041033615,2.84561592479041
5886,training,0,0.002568066120147705,0.043083171816767823,12.086488086305126,11.830652843964925,2.8591522935445735
5887,training,0,0.026980262249708162,0.04061273185425965,12.048101587487464,11.841563689476429,2.8698371401641607
5888,training,0,0.039433218538761125,0.04061273185425965,12.009609149396077,11.852057314980152,2.880902060934951
5889,training,0.004639816,0.05864980071783067,0.04061273185425965,11.971092989556427,11.862152805561262,2.8883354506131265
5890,training,0,0.01637351326644421,0.04061273185425965,11.932329656805411,11.872036085057598,2.895833573857385
5891,training,0,0.019881229847669595,0.04061273185425965,11.893656141548988,11.881526813799887,2.9051488606831612
5892,training,0,0.006393363699316982,0.04061273185425965,11.854845401890543,11.8907274483221,2.912289798237922
5893,training,0,0.00667150504887104,0.02437663310623798,11.815872927093546,11.899671340291514,2.9197833841909553
5894,training,0,0.02785348892211914,0.02437663310623798,11.777028893352218,11.908302237144321,2.924625205179759
5895,training,0,0.03545625135302544,0.02437663310623798,11.73791446358946,11.916862509178612,2.9274677630136883
5896,training,0,0.04858373478055,0.02437663310623798,11.698889863250058,11.925254335549454,2.931531221768412
5897,training,0,0.012256696354597807,0.02437663310623798,11.65991902000157,11.933515998108582,2.933821350348392
5898,training,0,0.004258494824171066,0.02437663310623798,11.620702048906754,11.941721473515077,2.937233688685277
5899,training,0,0.010780340060591698,0.058452361880920845,11.581728627865354,11.949715679865585,2.9401504650650905
5900,training,0,0.02734728716313839,0.058452361880920845,11.542524519762484,11.957671932945614,2.942533025785844
5901,training,0,0.03705444559454918,0.058452361880920845,11.503295737111955,11.965511831577476,2.946202815302473
5902,training,0,0.03347980510443449,0.058452361880920845,11.464253846972982,11.97319016262971,2.9485033473696647
5903,training,0,0.030035280156880617,0.058452361880920845,11.424899605337009,11.980816597922834,2.952341405323272
5904,training,0.0028481716,0.06905360892415047,0.058452361880920845,11.366177675874455,11.991815385378688,2.95965487467856
5905,training,0,0.04474128875881434,0.06263876012645508,11.326749432100028,11.998981482823131,2.9642184780603267
5906,training,0,0.03244645241647959,0.06263876012645508,11.307084688384059,12.002482054978815,2.9662394601090947
5907,training,0,0.027309413067996502,0.06263876012645508,11.267897584102144,12.009378207776827,2.9679163491515053
5908,training,0.0018546589,0.06257007643580437,0.06263876012645508,11.208683287877177,12.019667922045226,2.971568788143845
5909,training,0.005154321,0.08545943442732096,0.06263876012645508,11.169451837158459,12.026351074009828,2.973220004250374
5910,training,0.002254285,0.062458320520818233,0.06263876012645508,11.110173560321625,12.036421964547833,2.972527890673365
5911,training,0.0026856456,0.06202945811673998,0.036018454351372346,11.031491318223566,12.049925362383316,2.9702840425811066
5912,training,0.0016577356,0.05650009587407112,0.036018454351372346,10.972472491673823,12.060047064662657,2.9728530833874385
5913,training,0.0048898645,0.05575695633888244,0.036018454351372346,10.933039434962419,12.066730811573155,2.9743948386345944
5914,training,0.0033114103,0.10208832938224077,0.036018454351372346,10.893534446270435,12.073358351432285,2.9757604226032046
5915,training,0.0035359305,0.061085681430995464,0.030776457785648893,10.834517112324663,12.083294795703416,2.9730577314883813
5916,training,0,0.044663467444479465,0.030776457785648893,10.814714374747746,12.08667636714708,2.971893335829793
5917,training,0.0035267419,0.054370130412280566,0.030776457785648893,10.775408418407238,12.093431208190582,2.9701827289861376
5918,training,0,0.03863931261003018,0.030776457785648893,10.736043411602026,12.100278255670652,2.968365647629216
5919,training,0,0.039323147386312485,0.030776457785648893,10.696532114702523,12.10722973030038,2.9664838320010145
5920,training,0,0.0014119315892457962,0.030776457785648893,10.676971593622026,12.110695837778175,2.965097928634588
5921,training,0,0.01148732379078865,0.010016516617993474,10.637661863869715,12.117747269538082,2.9627414329132375
5922,training,0,0.008816534653306006,0.010016516617993474,10.598182264041025,12.124923315940853,2.9610391264440956
5923,training,0.0014045597,0.05992849916219711,0.010016516617993474,10.539373183217148,12.135719009905323,2.958623409631714
5924,training,0,0.042835538275539875,0.010016516617993474,10.49991655271665,12.143054496796475,2.956724618382432
5925,training,0,0.043163546361029155,0.010016516617993474,10.480315587843021,12.146718840663038,2.956080143131656
5926,training,0,0.019914910197257996,0.010016516617993474,10.441160725396182,12.154113985641294,2.9539941906581495
5927,training,0,0.043534751050174236,0.04380297888336366,10.401752642887313,12.16159660499764,2.9543444468267928
5928,training,0.032800265,0.08021275792270899,0.04380297888336366,10.343026222081196,12.172631228683379,2.9566322725820995
5929,training,0.0012030238,0.06479295901954174,0.04380297888336366,10.30360567136355,12.179975666716068,2.958313742753896
5930,training,0.0058237864,0.08589298278093338,0.04380297888336366,10.264425994094676,12.187152608361547,2.9619563642470363
5931,training,0.009990134,0.10973665863275528,0.04380297888336366,10.225123377299566,12.194193991191941,2.967505425205983
5932,training,0.030090787,0.11487724632024765,0.04380297888336366,10.16605801288876,12.204178979030331,2.9815056717074246
5933,training,0,0.045937746763229384,0.0268804657678663,10.146400963153265,12.20730976143902,2.9844642541350934
5934,training,0.0052258866,0.06067638099193573,0.0268804657678663,10.106792156781987,12.213687677233644,2.9782883816996826
5935,training,0,0.024518944323062897,0.0268804657678663,10.067377582567069,12.22031882143251,2.9706025795587903
5936,training,0.0043906793,0.09806892462074757,0.0268804657678663,10.02803864080158,12.22725239169474,2.9635861104724985
5937,training,0.004259389,0.08828880265355112,0.0268804657678663,9.988530991595896,12.234478087654292,2.958162737454494
5938,training,0.0032520832,0.06675681285560131,0.0268804657678663,9.910071224939305,12.249385608603049,2.94935586460484
5939,training,0.002442097,0.06926769763231277,0.026030832499060862,9.870774520220378,12.257073067547141,2.9474099411471313
5940,training,0.0019889208,0.09549522399902344,0.026030832499060862,9.831736470188504,12.264741978170196,2.949318828929504
5941,training,0.0011904248,0.14823292568325996,0.026030832499060862,9.792370365934016,12.27230897949326,2.9546191742614014
5942,training,0.00881415,0.13517241179943085,0.026030832499060862,9.753234060145223,12.27956996246923,2.9607919349879896
5943,training,0.0052332045,0.13700992241501808,0.026030832499060862,9.713923605228768,12.286654043806267,2.965504779988775
5944,training,0.0066713374,0.11575563903898001,0.032553458439323106,9.694158940169727,12.290155398913752,2.9672433326824983
5945,training,0.0054265605,0.054790603928267956,0.032553458439323106,9.635230180519176,12.300416592630818,2.969496727902604
5946,training,0,0.04907475505024194,0.032553458439323106,9.615513138668089,12.303844240431578,2.968889833902299
5947,training,0,0.04637449420988559,0.032553458439323106,9.595733860426181,12.307302360300806,2.968067803972369
5948,training,0.0020406595,0.10638240259140731,0.032553458439323106,9.556416752170318,12.314200819725212,2.9671883746365286
5949,training,0.003063133,0.13121283426880836,0.032553458439323106,9.51710236449882,12.321129283629839,2.967066527574802
5950,training,0.0029464527,0.19456131011247635,0.032553458439323106,9.477588067813201,12.328067374841382,2.969120866361219
5951,training,0.005058489,0.14553143829107282,0.05332634798987237,9.43839990013934,12.334816909201967,2.9723392434919464
5952,training,0.0058431914,0.1514225360006094,0.05332634798987237,9.398942526097906,12.341480914206567,2.9764596495697084
5953,training,0.003073804,0.141204047948122,0.05332634798987237,9.359497640876235,12.347944322336762,2.9819007298895794
5954,training,0.0056126383,0.15208343416452405,0.05332634798987237,9.320159664471753,12.35416058628825,2.9877563973669705
5955,training,0.0039183134,0.16513408720493317,0.05332634798987237,9.280505274666192,12.360212756987574,2.9928342037073685
5956,training,0.0048427666,0.1679738312959671,0.05332634798987237,9.24110278574775,12.366007476200359,2.997883563640577
5957,training,0.007206508,0.1822239980101585,0.08653705482109664,9.20154021206825,12.371643349556434,3.0019453531284523
5958,training,0.003581963,0.20130649860948321,0.08653705482109664,9.161825446125295,12.37717105393794,3.0047016254040124
5959,training,0.010367422,0.21513099875301123,0.08653705482109664,9.122375585906179,12.382566080507353,3.0060249678981914
5960,training,0.008547424,0.24352334998548028,0.08653705482109664,9.082641443869644,12.387976988044615,3.0059232509489333
5961,training,0.0037511224,0.252899338491261,0.08653705482109664,9.04305990407479,12.39339771920744,3.004992296139272
5962,training,0.031917807,0.2659909455105663,0.08653705482109664,9.003496994238008,12.398845463470256,3.004414585543015
5963,training,0.004007169,0.2657354027032852,0.12114470137087621,8.963721846951179,12.404346164284027,3.0041718956034194
5964,training,0.00413849,0.28204188682138914,0.12114470137087621,8.924749235606509,12.40930415167772,3.03759088070884
5965,training,0.0033537108,0.2193457968533039,0.12114470137087621,8.885304006667218,12.412303285056161,3.094944953352387
5966,training,0.0054526124,0.1735800802707672,0.12114470137087621,8.845690112466192,12.413125954631342,-3.1389306337615266
5967,training,0.0053264964,0.14737045019865036,0.12114470137087621,8.806081716661224,12.41218973343668,-3.0990316639762105
5968,training,0.0072068796,0.12799536809325218,0.12114470137087621,8.766387984145341,12.409827757644944,-3.06873448980092
5969,training,0.0014735789,0.10987043380737305,0.13384863813586684,8.72661347086876,12.406508936324594,-3.050270425630145
5970,training,0.005150078,0.105637202039361,0.13384863813586684,8.66720072105179,12.400417592738782,-3.0319193816898014
5971,training,0.004326222,0.11739125847816467,0.13384863813586684,8.64735021573173,12.398202503612794,-3.029319479303327
5972,training,0.001358605,0.19108127057552338,0.13384863813586684,8.607639772497247,12.393630651042976,-3.023845831301742
5973,training,0.0075687952,0.17169234156608582,0.13384863813586684,8.568288561789968,12.388789498897118,-3.01225064398295
5974,training,0.0063304612,0.13635287433862686,0.13384863813586684,8.508973040009764,12.380296837190453,-2.9865455412263677
5975,training,0.0042070956,0.08213326160330325,0.10791459728739303,8.46975215853434,12.373824578155494,-2.9710893729698102
5976,training,0.0021973473,0.12652943469583988,0.10791459728739303,8.41063433685339,12.36334727104548,-2.965559113116154
5977,training,0.0023349114,0.10028605535626411,0.10791459728739303,8.371391007576849,12.356360060742743,-2.9663491174069962
5978,training,0.0015508886,0.08171689510345459,0.10791459728739303,8.331939685521263,12.349545667286563,-2.9759613061601566
5979,training,0,0.034435126930475235,0.10791459728739303,8.31208671480007,12.34628104530507,-2.981178409787084
5980,training,0,0.024033762514591203,0.07127548620928177,8.27262022006058,12.340078286570037,-2.9913864844869815
5981,training,0,0.028112515807151794,0.07127548620928177,8.252853073276752,12.337152208042012,-2.998176137324012
5982,training,0,0.032800786197185516,0.07127548620928177,8.213038092295774,12.331696224663903,-3.0126079056573505
5983,training,0.0062081413,0.0780426599085331,0.07127548620928177,8.153484266849619,12.324494650985505,-3.0308318551083255
5984,training,0.0021511286,0.07625290658324957,0.07127548620928177,8.093760581148294,12.318240943935422,-3.039870425358864
5985,training,0.0020260937,0.08243051683530211,0.07127548620928177,8.034140043562058,12.312251788656088,-3.0437270297646997
5986,training,0.0055117784,0.05562346801161766,0.04156260502457892,7.974463316930218,12.306409485375372,-3.0435032013162937
5987,training,0.005623602,0.05911717191338539,0.04156260502457892,7.914764673641298,12.300788544088881,-3.0621707871396633
5988,training,0.024172317,0.050201043486595154,0.04156260502457892,7.854701666969577,12.296925912763362,-3.0926224464338015
5989,training,0,0.037135206162929535,0.04156260502457892,7.834753658227676,12.296019408655416,-3.0986847696825617
5990,training,0,0.035962590016424656,0.026491002541844628,7.8147018578914595,12.295191452810903,-3.099443759662566
5991,training,0,0.02390926517546177,0.026491002541844628,7.774898459370823,12.293329723034612,-3.089342182887994
5992,training,0,0.017380449920892715,0.026491002541844628,7.735050495492867,12.291046730778547,-3.080688629998697
5993,training,0,0.016635699197649956,0.026491002541844628,7.69517541484437,12.28851390201756,-3.0761995552542776
5994,training,0,0.010062532499432564,0.026491002541844628,7.655342995638582,12.285819162810345,-3.072906248500121
5995,training,0,0.00905857514590025,0.026491002541844628,7.615466090267278,12.283081701461699,-3.0737958696378445
5996,training,0,0.010904110968112946,0.026491002541844628,7.575629708872353,12.280381101208672,-3.0739049190775813
5997,training,0,0.0038308054208755493,0.015604511032302306,7.5357536034758175,12.277667868646343,-3.074251852393514
5998,training,0,0.014384054578840733,0.015604511032302306,7.495813475947275,12.275015956373952,-3.0762507849809886
5999,training,0,0.016023960895836353,0.015604511032302306,7.455992961988116,12.272389707302555,-3.075734882382503
6000,training,0,0.015272348187863823,0.015604511032302306,7.416104661722814,12.26977841420702,-3.0774901415052196
6001,training,0,0.01968846563249826,0.015604511032302306,7.376238402062763,12.267236585434674,-3.0778813098797246
6002,training,0,0.018658903427422043,0.015604511032302306,7.336344284122629,12.264679038327749,-3.0779945219488565
6003,training,0,0.016702967695891857,0.007642944597788064,7.2964109575024665,12.262174596885222,-3.080160422642879
6004,training,0,0.012893677689135075,0.007642944597788064,7.256581359916048,12.259715106015843,-3.079738470721069
6005,training,0,0.02860275749117136,0.007642944597788064,7.216670996326015,12.257252246471252,-3.081227894778691
6006,training,0,0.024308496154844754,0.007642944597788064,7.17677274332913,12.254887936152052,-3.0830259778653164
6007,training,0,0.018591473810374733,0.007642944597788064,7.136855176831794,12.252557273386856,-3.0840245525888577
6008,training,0,0.02970543224364519,0.007642944597788064,7.096918518476104,12.250309583432745,-3.0871344471799858
6009,training,0,0.014896732755005356,0.006211953880588048,7.057061854838466,12.24816528746229,-3.0884926987217076
6010,training,0,0.023164379410445697,0.006211953880588048,7.017105188716435,12.246068216105952,-3.0906736743865437
6011,training,0,0.03361076395958662,0.006211953880588048,6.977142053212699,12.24410073332022,-3.0938521662610308
6012,training,0,0.03819277789443731,0.006211953880588048,6.93725852163397,12.242193166450608,-3.0941390268443416
6013,training,0,0.03619319293648005,0.006211953880588048,6.897315633856294,12.240314418017126,-3.095690094941779
6014,training,0,0.04890953097492456,0.006211953880588048,6.857443963393001,12.238475688799898,-3.0948478587969586
6015,training,0.004463819,0.05623433832079172,0.012387496593937012,6.817505945010028,12.236556655550357,-3.0928317288854226
6016,training,0.0029167123,0.053164667449891574,0.012387496593937012,6.7576841027014956,12.233581504093712,-3.089911401831502
6017,training,0.006194054,0.06075778789818287,0.012387496593937012,6.717778106856058,12.23143358012361,-3.0862216473383017
6018,training,0,0.006869080360047519,0.012387496593937012,6.697848378985899,12.230317280387364,-3.0854641348203646
6019,training,0,0.009910989552736284,0.012387496593937012,6.65797828858441,12.228077919895636,-3.0856472778985053
6020,training,0,0.005946166813373566,0.015025761301705883,6.6180470115888586,12.225838318608565,-3.085901804727753
6021,training,0,0.019244732335209846,0.015025761301705883,6.578115362808897,12.223640370084647,-3.087527461849173
6022,training,0,0.0248789694160223,0.015025761301705883,6.53826439739273,12.221466011169102,-3.0863213421684565
6023,training,0,0.02432437241077423,0.015025761301705883,6.498352329926324,12.219219079132682,-3.085119923213381
6024,training,0,0.02702532708644867,0.015025761301705883,6.458426743428291,12.21695309241572,-3.0845273212181383
6025,training,0,0.015376100316643715,0.015025761301705883,6.418590157963692,12.214620064404459,-3.0820826058438553
6026,training,0,0.019079945981502536,0.015025761301705883,6.3786937296898,12.212223902280929,-3.081882536768872
6027,training,0,0.023209087550640106,0.01672282209255794,6.338846056988714,12.209816993229268,-3.080320552845248
6028,training,0,0.042608138173818595,0.01672282209255794,6.298955764932647,12.207328374769862,-3.0790679672624117
6029,training,0.00304315,0.052077818661928184,0.01672282209255794,6.239156593384306,12.203570733169846,-3.0779636303263715
6030,training,0.003378767,0.05407419893890621,0.01672282209255794,6.199273529425809,12.200983030815147,-3.076277939664062
6031,training,0,0.0318085178732872,0.01672282209255794,6.159371830935097,12.198366655279164,-3.075754903183344
6032,training,0,0.025360219180583954,0.026137931558256836,6.13947977264124,12.197036159028606,-3.0734209767535194
6033,training,0,0.018851429224014282,0.026137931558256836,6.099649511310411,12.194176521740744,-3.066938161894307
6034,training,0,0.015090618282556534,0.026137931558256836,6.059822941012373,12.191116285815625,-3.063136542374837
6035,training,0,0.047988828271627426,0.026137931558256836,6.020045167252105,12.187876194062223,-3.05697792653408
6036,training,0,0.041089942678809166,0.026137931558256836,5.980297935601695,12.184372476066216,-3.051372679497792
6037,training,0,0.03375957161188126,0.026137931558256836,5.94045934438316,12.180683183875278,-3.0471146597441643
6038,training,0.0032829335,0.051461219787597656,0.026137931558256836,5.880961064424114,12.174734392494338,-3.037956056032238
6039,training,0,0.03142525255680084,0.022614635068415614,5.861094029415421,12.172647014627763,-3.0357593590121645
6040,training,0,0.0062903836369514465,0.022614635068415614,5.821366733232473,12.168316683409207,-3.029368571218703
6041,training,0,0.041185906156897545,0.022614635068415614,5.781775551317789,12.163695128806765,-3.0224316311369908
6042,training,0.00275868,0.08931596204638481,0.022614635068415614,5.742083751007437,12.158835155663981,-3.0169771168438695
6043,training,0.004040296,0.08464558422565459,0.022614635068415614,5.702508585511858,12.153727477779166,-3.0095333158581865
6044,training,0.003206591,0.06329240649938583,0.011819850422585636,5.643179751366706,12.145613311201323,-3.002268953129145
6045,training,0.0040184786,0.05943205580115318,0.011819850422585636,5.603625188253992,12.139963805974851,-2.997214559272822
6046,training,0.006911855,0.05264870077371597,0.011819850422585636,5.5641746366474365,12.134177932928663,-2.995974202383657
6047,training,0,0.026169899851083755,0.011819850422585636,5.544361876143103,12.131269500143041,-2.9959804856304717
6048,training,0,0.0015993732959032059,0.011819850422585636,5.504764859066261,12.125436680814543,-2.9933977022844886
6049,training,0,0.012600288726389408,0.011819850422585636,5.465365174054723,12.119470674789419,-2.989764386542497
6050,training,0.0021501197,0.10849357303231955,0.011819850422585636,5.425770020235405,12.113358311451364,-2.9872325158677944
6051,training,0.0070458245,0.06868746411055326,0.026681067641298038,5.386387673272913,12.107139703955395,-2.983464533431199
6052,training,0.0025731837,0.06008647941052914,0.026681067641298038,5.327169122525586,12.097608810254375,-2.980936399266633
6053,training,0.0023604743,0.051791426725685596,0.026681067641298038,5.307439064030544,12.09440096039173,-2.9795659470886595
6054,training,0,0.041167561896145344,0.026681067641298038,5.2681056802792705,12.087928903416312,-2.978844309354654
6055,training,0,0.014562332071363926,0.026681067641298038,5.228579171810033,12.081468357257423,-2.9808271438381015
6056,training,0,0.005965098273009062,0.026681067641298038,5.189107280026424,12.075071709988665,-2.9807152777768953
6057,training,0,0.017678294330835342,0.039820287251037076,5.149737347943154,12.068680179795729,-2.9808086217775207
6058,training,0,0.01611196994781494,0.039820287251037076,5.110162751316848,12.062238673218157,-2.9792301256365716
6059,training,0,0.04498867131769657,0.039820287251037076,5.070872939166497,12.055703203029775,-2.9752638068765394
6060,training,0,0.03273746091872453,0.039820287251037076,5.031466245427059,12.049019756386077,-2.971838877910494
6061,training,0,0.012874266132712364,0.039820287251037076,4.992039674712634,12.042204869584364,-2.968670160432904
6062,training,0,0.004495074972510338,0.039820287251037076,4.9527902156196015,12.035288875889544,-2.966294769452119
6063,training,0,0.033448655623942614,0.037599791329395116,4.913343153486478,12.028228176049973,-2.962129477206526
6064,training,0,0.04962710477411747,0.037599791329395116,4.874132181744896,12.02096732708551,-2.955134709618939
6065,training,0,0.007632708176970482,0.037599791329395116,4.834949206009058,12.01345654132944,-2.9493711399041316
6066,training,0,0.025297831743955612,0.037599791329395116,4.795614830291815,12.005694073043207,-2.9433387636451607
6067,training,0,0.0237460465868935,0.037599791329395116,4.756628284743082,11.997733290203463,-2.9378569659033054
6068,training,0,0.004548398777842522,0.037599791329395116,4.717443097616896,11.989548376842183,-2.9334074417519767
6069,training,0,0.008339555934071544,0.02299187625919671,4.678353959683612,11.981183780602311,-2.927545375022569
6070,training,0,0.017819344997406,0.02299187625919671,4.63944472613939,11.972606735882628,-2.9218436668629475
6071,training,0,0.007961101830005653,0.02299187625919671,4.600321111783639,11.963744208718474,-2.9149570613803495
6072,training,0,0.008684581145644188,0.02299187625919671,4.561575250090323,11.954651930909144,-2.907233050961846
6073,training,0,0.03799717873334883,0.02299187625919671,4.522745853501404,11.945234128219226,-2.9000170815782202
6074,training,0.0028928367,0.0563708133995533,0.02299187625919671,4.4838881519349,11.935517972940744,-2.8919768590400805
6075,training,0,0.026661928743124008,0.018338594092968365,4.445402670599616,11.925535391783121,-2.8839032645084486
6076,training,0.0048985383,0.05482522398233414,0.018338594092968365,4.406712695015806,11.915153041882167,-2.873827171676808
6077,training,0.009783705,0.07936887070536613,0.018338594092968365,4.368362511929279,11.904407935599258,-2.8623005818603975
6078,training,0.03919091,0.060038212686777115,0.018338594092968365,4.33012261554121,11.893189508416244,-2.850417246747553
6079,training,0.0038202817,0.10342014580965042,0.018338594092968365,4.291812912727741,11.881482125796333,-2.839192980252901
6080,training,0.008095737,0.08028671145439145,0.055613842407546896,4.253971370747607,11.869418211996537,-2.8267644040213478
6081,training,0.0028542613,0.10390619188547137,0.055613842407546896,4.216054940164104,11.85679503782854,-2.8133178113304305
6082,training,0.0018244473,0.09401533007621765,0.055613842407546896,4.178347231723879,11.843696665835667,-2.801673206322005
6083,training,0.0062623275,0.07815830409526825,0.055613842407546896,4.140950993374093,11.830190353436905,-2.7889252824100157
6084,training,0.008103061,0.0679059624671936,0.055613842407546896,4.103533752917108,11.816148520319693,-2.7761870101361055
6085,training,0,0.03954795002937317,0.055613842407546896,4.066476920745384,11.801654903153405,-2.760221065968389
6086,training,0,0.022504016757011386,0.055613842407546896,4.029663859636868,11.78646000986649,-2.739363894253517
6087,training,0,0.02015262842178342,0.060038920813020945,3.993239225778358,11.77048343615284,-2.7166402110398815
6088,training,0,0.0387832373380661,0.060038920813020945,3.957254549378294,11.753602940527387,-2.6885244919095386
6089,training,0,0.018741890788078308,0.060038920813020945,3.9218249548319024,11.735716112382793,-2.6604076379981567
6090,training,0,0.020341083407402025,0.060038920813020945,3.8867282123290856,11.716843058500363,-2.6361468141570303
6091,training,0,0.016022525727748885,0.060038920813020945,3.8521734112562407,11.697108321910488,-2.6089051862156145
6092,training,0,0.040097773075103746,0.060038920813020945,3.818283983086007,11.676527139657784,-2.5829740201299223
6093,training,0,0.00024493783712385697,0.033142155870737995,3.78460589875077,11.65495053712257,-2.5603220237755453
6094,training,0,0.018019333481788635,0.033142155870737995,3.7516510418185143,11.632848758928034,-2.5416475151184126
6095,training,0,0.004256911575794234,0.033142155870737995,3.718931578934877,11.610069515072647,-2.525755957165496
6096,training,0,0.004874613136053085,0.033142155870737995,3.686410482881746,11.586727517478767,-2.51150982543053
6097,training,0,0.019830092787742615,0.033142155870737995,3.6544872291948134,11.563124907733247,-2.4991627784526127
6098,training,0,0.014181673061102629,0.033142155870737995,3.622554402724203,11.53897087600582,-2.4888991145195796
6099,training,0.0025287464,0.0660351188853383,0.033142155870737995,3.590907333336149,11.51464330733019,-2.4840536723337037
6100,training,0,0.0330762080848217,0.0209784523418817,3.559370706126242,11.490186965613153,-2.480892509895991
6101,training,0,0.03468270739540458,0.0209784523418817,3.5276990276117415,11.465570901693171,-2.4824839468762896
6102,training,0,0.02018078975379467,0.0209784523418817,3.496156638478004,11.441235450162077,-2.4871351321065123
6103,training,0,0.02997264079749585,0.0209784523418817,3.4643195156682496,11.416903354065527,-2.4910107836295166
6104,training,0,0.02284485101699829,0.0209784523418817,3.432513706858339,11.392689885188137,-2.490307001638699
6105,training,0.004973429,0.06179560534656048,0.0209784523418817,3.4008792426025174,11.368459195920284,-2.48495073924924
6106,training,0,0.00685160793364048,0.010840282512502668,3.36919533587268,11.343889420662336,-2.47915949024614
6107,training,0,0.031665238086134195,0.010840282512502668,3.337831067203002,11.319372203837009,-2.478558946381333
6108,training,0.032102298,0.058737121522426605,0.010840282512502668,3.306218961119686,11.294817752983937,-2.484793179703369
6109,training,0,0.014512155205011368,0.010840282512502668,3.274318410777055,11.27044392379282,-2.4946153392557298
6110,training,0,0.010778188705444322,0.010840282512502668,3.242365302095346,11.246569144092721,-2.5057233043454854
6111,training,0.0010712683,0.0809051739051938,0.010840282512502668,3.2098454942204158,11.222901372562868,-2.519713641241259
6112,training,0,0.021532408893108368,0.010840282512502668,3.177165381266685,11.199867635019952,-2.536278001352672
6113,training,0,0.03778320550918579,0.010840282512502668,3.1440214605379873,11.177360284244243,-2.5537351905593972
6114,training,0,0.024436447769403458,0.05317084081225093,3.110383999022796,11.155282076550078,-2.566118220187685
6115,training,0,0.0246742069721222,0.05317084081225093,3.0768469221001156,11.1337313527772,-2.5742814621947114
6116,training,0.005994534,0.07338821887969972,0.05317084081225093,3.0259069639618534,11.101663253303192,-2.584998941354992
6117,training,0.00084450195,0.056823696941137314,0.05317084081225093,2.992049467393324,11.080682904608535,-2.589126560795244
6118,training,0.0029888572,0.13938461989164352,0.05317084081225093,2.9579501129024623,11.059705262023932,-2.5892436609784637
6119,training,0.0037269574,0.1767578087747097,0.07590036201860471,2.9239656463242447,11.038643743669963,-2.5831324775827578
6120,training,0.009961852,0.14257366210222244,0.07590036201860471,2.890306376572654,11.017405750009809,-2.5740193148891444
6121,training,0.002748462,0.17412173002958298,0.07590036201860471,2.856611493279303,10.9956917955182,-2.563248743487945
6122,training,0.009358423,0.16341562569141388,0.07590036201860471,2.8399599206463235,10.984754547214797,-2.55701355560451
6123,training,0.0027099154,0.14271364826709032,0.07590036201860471,2.8069153079658076,10.96262327977314,-2.5474735620913225
6124,training,0.003925207,0.15758440643548965,0.07590036201860471,2.7737556291480074,10.940083804813172,-2.5425742789040124
6125,training,0.0031382088,0.14944187924265862,0.03800509611539878,2.7408740224350896,10.917551402379564,-2.538459144533549
6126,training,0.0033488895,0.17191937193274498,0.03800509611539878,2.7080592546295392,10.894819319139298,-2.5325480861400655
6127,training,0.0032196082,0.10665633156895638,0.03800509611539878,2.6591318845456176,10.860220455536814,-2.51766835886327
6128,training,0.0048453235,0.14738963544368744,0.03800509611539878,2.626987040409863,10.836729769109372,-2.503122797996309
6129,training,0.0015981607,0.16523205488920212,0.03800509611539878,2.610941413446673,10.824737950445082,-2.496053703558757
6130,training,0.0020299493,0.08578012883663177,0.03800509611539878,2.5634712554365047,10.788408431209255,-2.4817310865074518
6131,training,0.005834616,0.14328781515359879,0.03800509611539878,2.531980463560666,10.763759574986766,-2.4730478321404337
6132,training,0,0.04798055440187454,0.04956843681959625,2.5162821238912794,10.75131378692271,-2.4694087701159977
6133,training,0.0040764487,0.05160890705883503,0.04956843681959625,2.4852801857100366,10.726411109067937,-2.459034687393392
6134,training,0.0038132612,0.09421942755579948,0.04956843681959625,2.4392367247411246,10.688125256111517,-2.4357578091223964
6135,training,0.0017358299,0.053423173725605,0.04956843681959625,2.4092483022215028,10.662049711175124,-2.414028535079326
6136,training,0.00404898,0.0773448497056961,0.04956843681959625,2.365443429824896,10.621543520125066,-2.3783623776894522
6137,training,0,0.021445252001285553,0.04956843681959625,2.3511157222700008,10.60770019245172,-2.3687745225384678
6138,training,0.0029466092,0.0967370867729187,0.04956843681959625,2.3090676436706885,10.565359657678174,-2.3331214522797517
6139,training,0,0.0495125949382782,0.15558716007044796,2.29548722038679,10.5509408493373,-2.3200668303412293
6140,training,0,0.04535973817110063,0.15558716007044796,2.2820504139025815,10.536302327713447,-2.307168742247218
6141,training,0,0.011119753122329712,0.15558716007044796,2.25547026172912,10.506501932337324,-2.2899781488203956
6142,training,0.0022162644,0.060258977115154266,0.15558716007044796,2.229811696267257,10.476505325319835,-2.264365061450147
6143,training,0.0018095399,0.08048460632562639,0.15558716007044796,2.1925771804370218,10.429730037295773,-2.224620028296166
6144,training,0,0.030013561248779297,0.15558716007044796,2.168781796188303,10.397913220748753,-2.2028793094078494
6145,training,0.007171982,0.09983186423778534,0.15558716007044796,2.1342725102617046,10.349083712965097,-2.1675519345352745
6146,training,0.0036626603,0.08217183500528336,0.17776222624176277,2.0908359661213884,10.282493956981426,-2.134274299781141
6147,training,0.00836623,0.05762799084186554,0.17776222624176277,2.0696988228980775,10.24851668572104,-2.119213673934596
6148,training,0,0.026036679744720487,0.17776222624176277,2.0593404917160782,10.231338711176484,-2.1061542276395757
6149,training,0,0.012576185166835785,0.17776222624176277,2.049420811784863,10.214249589840383,-2.088272810198659
6150,training,0,0.019992604851722717,0.17776222624176277,2.0397304786232886,10.196908528111722,-2.0727118924780754
6151,training,0,0.011983245611190796,0.17776222624176277,2.0210083633511053,10.161753502703753,-2.048751307621589
6152,training,0,0.012107759714126573,0.10773579116443939,2.011943507711162,10.144011808991566,-2.0376329836312275
6153,training,0,0.0012507438659667691,0.10773579116443939,1.9945075015493703,10.108314600395916,-2.0126996996530786
6154,training,0,0.0039050504565238953,0.10773579116443939,1.9779858925101081,10.072243570792887,-1.9881810618082114
6155,training,0,0.04278597235679629,0.10773579116443939,1.9622517861969633,10.035595515888538,-1.9652448244651803
6156,training,0,0.03348299115896225,0.10773579116443939,1.9474803511221968,9.998749103057053,-1.9385824257248163
6157,training,0,0.01343312114477159,0.10773579116443939,1.9336045350130486,9.961518975895451,-1.9181243217779713
6158,training,0,0.001220516860485077,0.10773579116443939,1.9203604874792093,9.923805813811857,-1.8981028551462071
6159,training,0,0.02455221116542817,0.045968595302533,1.907962198134854,9.886125410499785,-1.8804800544104774
6160,training,0,0.025013577193021774,0.045968595302533,1.8961080284860323,9.847994009125243,-1.8639353744444058
6161,training,0,0.024686574935913086,0.045968595302533,1.884844711447725,9.80969188228383,-1.849614359397015
6162,training,0,0.02424462139606476,0.045968595302533,1.8741637848932953,9.771379711041932,-1.8360153980725302
6163,training,0,0.00820623338222503,0.045968595302533,1.8639018148583018,9.732638426479049,-1.8226781777285066
6164,training,0,0.0033109374344348977,0.045968595302533,1.8541821855460874,9.694028436290134,-1.8122700684089663
6165,training,0,0.02476552128791809,0.010850523896368872,1.8448214205310287,9.655210235385134,-1.8026736152192253
6166,training,0,0.04282166808843613,0.010850523896368872,1.8357877647608987,9.616202497138266,-1.7936815212497905
6167,training,0,0.0059027113020420074,0.010850523896368872,1.8271750801292168,9.577373740033396,-1.784823667147215
6168,training,0,0.041018031537532806,0.010850523896368872,1.8188258810547284,9.53819625664014,-1.7763671152042713
6169,training,0,0.038855619728565216,0.010850523896368872,1.810831995020652,9.499127477741945,-1.7689802915918735
6170,training,0,0.002363460138440132,0.010850523896368872,1.8031445894450737,9.459994395889753,-1.76074685446075
6171,training,0,0.02886779047548771,0.010586694852764944,1.7957080388106728,9.42066033200333,-1.7551450417442231
6172,training,0,0.010568147525191307,0.010586694852764944,1.7884951615736664,9.381478121907413,-1.7510111415977248
6173,training,0,0.013397932052612301,0.010586694852764944,1.7813793000795575,9.34208372195048,-1.7482921160727058
6174,training,0,0.011003775522112846,0.010586694852764944,1.7742716106030016,9.302765770984122,-1.7520566043866912
6175,training,0,0.006898798048496245,0.010586694852764944,1.7670109268506846,9.263517452181334,-1.7557349429855449
6176,training,0,0.006121065001934766,0.010586694852764944,1.7595681878480698,9.224086044648987,-1.7594697695792767
6177,training,0,0.00952860340476036,0.0035679402528810164,1.7520148608738202,9.184930639181287,-1.7629805012262054
6178,training,0,0.03362288884818554,0.0035679402528810164,1.7443454502515674,9.145663529383626,-1.7645871680647252
6179,training,0,0.020750175695866346,0.0035679402528810164,1.7365781961946065,9.106361524949268,-1.7684352442572808
6180,training,0,0.006742753088474277,0.0035679402528810164,1.7286668756865033,9.067269688666363,-1.7726595808775103
6181,training,0,0.03838167153298855,0.0035679402528810164,1.7205400643824995,9.027969136361364,-1.7770383959418354
6182,training,0,0.01751028187572956,0.0035679402528810164,1.7122787532681651,8.988913206436079,-1.7815575369390668
6183,training,0,0.018352923914790157,0.012823848944607327,1.703892469040578,8.949848083392896,-1.7830314363115138
6184,training,0,0.04750242363661527,0.012823848944607327,1.6954398878756607,8.910655396826105,-1.7837086781594347
6185,training,0,0.014063157141208649,0.012823848944607327,1.6870618251336027,8.87170189584041,-1.7817673767621123
6186,training,0,0.015173169318586588,0.012823848944607327,1.6787316860032468,8.832527822203447,-1.7788257846027176
6187,training,0,0.0033547133207321167,0.012823848944607327,1.6705064031129633,8.793402318218632,-1.7778929015340237
6188,training,0,0.016603901516646147,0.012823848944607327,1.6623087956176463,8.75434855581831,-1.7780014138165807
6189,training,0,0.030602535232901577,0.007666086983404785,1.6540246015948292,8.715074958518366,-1.7799189961468471
6190,training,0,0.045857520774006844,0.007666086983404785,1.6456988817746843,8.67610386475797,-1.7828643683805088
6191,training,0.0025284952,0.05815778858959675,0.007666086983404785,1.6372235728258815,8.636984768051791,-1.7858010720353867
6192,training,0,0.029145768843591213,0.007666086983404785,1.6286243359088115,8.59785521973874,-1.7888515734483095
6193,training,0,0.005338246002793312,0.007666086983404785,1.620009525234708,8.558943008265706,-1.7879884175396277
6194,training,0,0.021369721740484238,0.007666086983404785,1.6114132522309845,8.519772899900877,-1.7855726620506258
6195,training,0.0077416343,0.05908995866775513,0.008969049670796002,1.5986677508521983,8.461285989773058,-1.7854664641623779
6196,training,0,0.031586038880050175,0.008969049670796002,1.5901186934741638,8.422107400997556,-1.7863796851398237
6197,training,0,0.027376226149499416,0.008969049670796002,1.585829817071838,8.402549639520558,-1.7868820435409982
6198,training,0,0.031140301376581192,0.008969049670796002,1.5773284398889629,8.363636246417615,-1.784957544554773
6199,training,0,0.049214893486350775,0.008969049670796002,1.5689030134187414,8.324482077091218,-1.7795922359348855
6200,training,0,0.02507675439119339,0.008969049670796002,1.5608070457443177,8.285394158080734,-1.7700045657368388
6201,training,0,0.0028860140591859818,0.01351216892719584,1.5531103406874343,8.246296112184377,-1.7613263675728645
6202,training,0,0.013110609026625752,0.01351216892719584,1.545587532366672,8.20693587892725,-1.7590752519840016
6203,training,0,0.022414209321141246,0.01351216892719584,1.5381810765446704,8.16778814991233,-1.7563303216227097
6204,training,0,0.04742610431276262,0.01351216892719584,1.5309554880610565,8.128472714649906,-1.7481467490769533
6205,training,0.0015274386,0.07314801961183548,0.01351216892719584,1.524075244994051,8.089138587945724,-1.7399264705765403
6206,training,0.0021620214,0.10574777983129026,0.008965451052518555,1.5175709313828762,8.049856794660498,-1.7304451152477096
6207,training,0.006995004,0.09201864711940289,0.008965451052518555,1.508304676123543,7.9906136691868825,-1.72387589141579
6208,training,0.009054094,0.1365380436182022,0.008965451052518555,1.50228526442201,7.951205499980602,-1.7213017486114568
6209,training,0,0.017238058149814606,0.008965451052518555,1.4993308518206412,7.931443526471479,-1.7159585764148433
6210,training,0,0.02296491712331772,0.008965451052518555,1.4938322432216524,7.892015682884136,-1.701859939758511
6211,training,0,0.01811138167977333,0.008965451052518555,1.489000599399407,7.852505887067281,-1.683067265172745
6212,training,0,0.01774035766720771,0.008965451052518555,1.4848954897027857,7.8128413576878115,-1.6661508597519783
6213,training,0,0.043247468769550323,0.012530697267046895,1.4813685763402125,7.773150037112186,-1.6525563510744599
6214,training,0.002549393,0.07425238937139511,0.012530697267046895,1.4784611547979913,7.733398988325407,-1.6346322946223826
6215,training,0.008116425,0.06978210806846619,0.012530697267046895,1.4754861258722065,7.673845896783316,-1.6058970178968184
6216,training,0.006326849,0.06745001953095198,0.012530697267046895,1.4744970701419946,7.633966206780076,-1.585625461146537
6217,training,0,0.026101399213075638,0.012530697267046895,1.4742990285199071,7.614138237518296,-1.577406100179731
6218,training,0,0.020520051009953025,0.005699915369244599,1.4742758701066017,7.574249627000753,-1.5683798611093072
6219,training,0,0.029949518851935863,0.005699915369244599,1.4744306850132187,7.534183154864044,-1.5659294267314505
6220,training,0,0.027752623893320557,0.005699915369244599,1.4746649602351247,7.494342412126023,-1.5644744844234661
6221,training,0,0.03035611752420664,0.005699915369244599,1.4749451046318771,7.454291151494488,-1.563125449306081
6222,training,0,0.0426679402589798,0.005699915369244599,1.4753160446756088,7.41432882030882,-1.5600990120571536
6223,training,0,0.042376198805868626,0.005699915369244599,1.4757970180742201,7.374442278768739,-1.5575963905666035
6224,training,0,0.04331606160849333,0.005699915369244599,1.4763813192485702,7.3343754976534825,-1.5545240571121863
6225,training,0,0.010253285057842735,0.009707533198249269,1.477116456760696,7.294513934288193,-1.5510942992231422
6226,training,0,0.007792823947966095,0.009707533198249269,1.4779415336226907,7.254513147482983,-1.5494150785768863
6227,training,0,0.011396546848118305,0.009707533198249269,1.4788527647093253,7.21454579895654,-1.5464177357777906
6228,training,0,0.00866670627146959,0.009707533198249269,1.4798592368739167,7.174683389712035,-1.545210653785297
6229,training,0,0.00849833432585001,0.009707533198249269,1.4809068403714205,7.134600316648102,-1.5438778045646477
6230,training,0,0.005415099672973156,0.009707533198249269,1.4820563074579263,7.094753765729002,-1.5410160093059166
6231,training,0,0.007234313525259495,0.010836664336773065,1.4832751914648077,7.0548113175900955,-1.5396874471760988
6232,training,0,0.0049516307190060616,0.010836664336773065,1.4845522209171977,7.01480309453349,-1.5373869673217215
6233,training,0,0.004445809870958328,0.010836664336773065,1.4859386723750865,6.974962146550207,-1.5354890951276317
6234,training,0,0.005393169820308685,0.010836664336773065,1.4873706406025944,6.934916465536901,-1.5348006970531687
6235,training,0,0.0022791991941630845,0.010836664336773065,1.4888430497253633,6.8949937781124575,-1.5335349749893392
6236,training,0,0.007710435427725315,0.010836664336773065,1.4903157482065559,6.855094308443915,-1.5346504413281765
6237,training,0,0.00503840763121843,0.004186228681148767,1.4917380243613125,6.815019399577566,-1.5356328403033164
6238,training,0,0.0008668610826134682,0.004186228681148767,1.4931293262287617,6.775175987019172,-1.537255264679979
6239,training,0,0.010996588971465826,0.004186228681148767,1.4944155883891685,6.735149609001791,-1.5403196125796454
6240,training,0,0.014839289244264364,0.004186228681148767,1.4955913499937648,6.695155617034029,-1.5425524906877202
6241,training,0,0.00745292939245701,0.004186228681148767,1.4966334259868177,6.655255334901757,-1.5471825066178446
6242,training,0,0.03650965914130211,0.004186228681148767,1.4974851732860706,6.615133988347398,-1.5517268706333764
6243,training,0,0.01739158248528838,0.009588588934182395,1.4982094504500032,6.575252798871151,-1.5546130318157574
6244,training,0,0.02060749812517315,0.009588588934182395,1.4987650791299514,6.535249921172211,-1.559460690970925
6245,training,0,0.024357084184885025,0.009588588934182395,1.4991473287318249,6.495228123244138,-1.562589089026834
6246,training,0,0.02802914008498192,0.009588588934182395,1.4993956271193076,6.4553031681774655,-1.567312490688188
6247,training,0,0.025660499930381775,0.009588588934182395,1.4994152860381142,6.4151922841239815,-1.5732860178206618
6248,training,0,0.03278923314064741,0.009588588934182395,1.499254603143543,6.375248363712197,-1.5769516747684225
6249,training,0,0.028735308907926083,0.00494505842720005,1.4989254262597262,6.335288197951108,-1.5812479829516572
6250,training,0,0.032690142281353474,0.00494505842720005,1.4984646238100496,6.295208939676164,-1.583059007251078
6251,training,0,0.032965210266411304,0.00494505842720005,1.4979729134674313,6.255360788544084,-1.5840730834519128
6252,training,0,0.03660963382571936,0.00494505842720005,1.4974050726426198,6.215323743232227,-1.5861285093461763
6253,training,0,0.04800260346382856,0.00494505842720005,1.496782770828717,6.17532012922734,-1.586691265472028
6254,training,0,0.043367614038288586,0.00494505842720005,1.496099474652512,6.135442930709486,-1.5897862247328403
6255,training,0,0.038650388829410076,0.010583087581015007,1.4953064591558962,6.095368955002336,-1.591219380565635
6256,training,0.0018128491,0.05103987921029329,0.010583087581015007,1.4945038319632142,6.055531861503663,-1.5917961111529417
6257,training,0,0.04911842104047537,0.010583087581015007,1.4936401748653954,6.015543858573238,-1.593506780026877
6258,training,0.011113691,0.05020534247159958,0.010583087581015007,1.4927206977786356,5.975521829114438,-1.5937849148954721
6259,training,0.0043277997,0.060306462459266186,0.010583087581015007,1.4907649597224046,5.895638921562356,-1.5975080794473373
6260,training,0.013436297,0.05039218440651894,0.019830355454417865,1.4896757192098067,5.855705279561097,-1.5996805428696808
6261,training,0,0.02938402816653253,0.019830355454417865,1.489080201129693,5.835817552799885,-1.6019471952700992
6262,training,0,0.019315406680107124,0.019830355454417865,1.4878653780666213,5.79579876892802,-1.5987883784666213
6263,training,0,0.016463536769151688,0.019830355454417865,1.4869345951498567,5.755897323929931,-1.5897145970038276
6264,training,0,0.02302017435431479,0.019830355454417865,1.4865930245909147,5.736063089813379,-1.5865547625374543
6265,training,0,0.009741276502609253,0.019830355454417865,1.4861017014353342,5.696072372379535,-1.5795824414590982
6266,training,0,0.027627181261777885,0.019830355454417865,1.4859132331327483,5.656121656044785,-1.5716693369899688
6267,training,0,0.03717487398535014,0.024561379929405575,1.485966499663541,5.61632348135633,-1.5678306514228895
6268,training,0,0.04568178672343493,0.024561379929405575,1.4861161336360855,5.576228927580643,-1.5666376183613153
6269,training,0,0.040657288394868374,0.024561379929405575,1.486308520268958,5.536322995372607,-1.5662680114198382
6270,training,0,0.03916725981980562,0.024561379929405575,1.4864471339204899,5.496308747766446,-1.5687515004265002
6271,training,0,0.04367710184305906,0.024561379929405575,1.4865002996823111,5.456295325921761,-1.5699561792778725
6272,training,0.018579472,0.05728417541831731,0.024561379929405575,1.4864948763322827,5.416382010243231,-1.5726436041259375
6273,training,0,0.024035025388002396,0.03131256723088815,1.486383883339353,5.376289263872567,-1.5740741560217855
6274,training,0,0.03126475401222706,0.03131256723088815,1.4863083651490994,5.336433700093543,-1.5716950531708014
6275,training,0,0.023808784782886505,0.03131256723088815,1.4863222461727543,5.296511717061583,-1.5694086973540307
6276,training,0,0.014940410852432251,0.03131256723088815,1.4864286313684616,5.256443662314815,-1.5666523795507814
6277,training,0,0.006143057718873024,0.03131256723088815,1.486673487952198,5.216647688702967,-1.5633641016013584
6278,training,0,0.012222141027450562,0.03131256723088815,1.487041977002048,5.176615173718334,-1.559505731379688
6279,training,0,0.022396596148610115,0.03127220127719855,1.4875831832849407,5.136651230137238,-1.5553449834156041
6280,training,0,0.028864835388958454,0.03127220127719855,1.4882231924674567,5.096762252168402,-1.554812405663511
6281,training,0,0.017769978381693363,0.03127220127719855,1.4888564050881188,5.056687873812005,-1.5550020744565969
6282,training,0,0.014452364295721058,0.03127220127719855,1.4895260665327157,5.01683512155943,-1.5539997835505668
6283,training,0,0.0038961954414844513,0.03127220127719855,1.4902029110935624,4.976832090057065,-1.5538969064921657
6284,training,0,0.009060469921678305,0.03127220127719855,1.4909337408408727,4.936838547204059,-1.5506240715199737
6285,training,0,0.015568789094686508,0.030156585797203025,1.4917997377924581,4.896984776917657,-1.54805565239204
6286,training,0,0.010529855266213417,0.030156585797203025,1.4927592725438326,4.856909164034191,-1.5452861512807439
6287,training,0,0.023829284124076366,0.030156585797203025,1.4938690703244604,4.817069396649736,-1.5417177514976246
6288,training,0,0.03111120406538248,0.030156585797203025,1.4950678270948683,4.777137180665365,-1.5399583520310447
6289,training,0,0.03123557660728693,0.030156585797203025,1.4963536171001754,4.737130811941852,-1.536291041914431
6290,training,0,0.027730137109756466,0.030156585797203025,1.4978159980775487,4.697301210766769,-1.5328296015283387
6291,training,0,0.026688922196626667,0.025567075043322823,1.4993707229533848,4.657270105268921,-1.5313563950163138
6292,training,0,0.03558467887341976,0.025567075043322823,1.5010069702345503,4.6173544700085145,-1.5285377218350296
6293,training,0,0.02979758009314537,0.025567075043322823,1.50272304740976,4.577488708180876,-1.5272835581349138
6294,training,0,0.03021564707159996,0.025567075043322823,1.5045006341093332,4.537417915621911,-1.5251288451147411
6295,training,0,0.025669675320386887,0.025567075043322823,1.5063717706994724,4.497650277000433,-1.5237419813381419
6296,training,0,0.012657694518566132,0.025567075043322823,1.5082233636123086,4.457661451261947,-1.525831146292956
6297,training,0,0.0022234711796045303,0.013782235888257595,1.509961165553077,4.417643982098746,-1.529139154565026
6298,training,0,0.009871622547507286,0.013782235888257595,1.5115017324328814,4.377761691428619,-1.535638116831658
6299,training,0,0.006009774282574654,0.013782235888257595,1.5127717635630593,4.337624668383998,-1.5425979157838368
6300,training,0,0.010279415175318718,0.013782235888257595,1.5138383174866572,4.297721714633878,-1.5462203311237535
6301,test,0,0.01310212351381779,0.013782235888257595,1.5147691999003339,4.257750472683736,-1.548687925688726
6302,test,0,0.02326934225857258,0.012241224379278933,1.5156321479174149,4.217739513465685,-1.5490765736684426
6303,test,0,0.01304115541279316,0.012241224379278933,1.5164933669204272,4.177863622295375,-1.5500764114898529
6304,test,0,0.02212348952889443,0.012241224379278933,1.5173031765025429,4.137794356178295,-1.5510883234110713
6305,test,0,0.017628923058509827,0.012241224379278933,1.5181105017553016,4.097889838326802,-1.550803452975044
6306,test,0,0.02176481205970049,0.012241224379278933,1.5188728882784974,4.057959207591353,-1.552958856566283
6307,test,0,0.019545420072972778,0.012241224379278933,1.5195835324913494,4.017924172358743,-1.552234098633986
6308,test,0,0.029074402526021007,0.012241224379278933,1.5203672333607428,3.9780612033180676,-1.5510465477590432
6309,test,0,0.028102250769734383,0.00602677960768095,1.5211482984979703,3.938034330281514,-1.5518264690509689
6310,test,0,0.041664405725896365,0.00602677960768095,1.5219275030385777,3.898074476199424,-1.550770164076659
6311,test,0,0.042363912798464305,0.00602677960768095,1.5227481562838483,3.8582000078045975,-1.549878102806968
6312,test,0,0.036172584630548954,0.00602677960768095,1.5236050231143132,3.818116910431645,-1.5487696297213067
6313,test,0,0.028337572701275345,0.00602677960768095,1.5245418085448512,3.7782828052897766,-1.5470798401956278
6314,test,0,0.027962456457316875,0.00602677960768095,1.5254793457902711,3.738308603839007,-1.5479106342048092
6315,test,0,0.030008296482264992,0.0051351701806403825,1.5263992417508125,3.69830736853625,-1.547202040261813
6316,test,0,0.04360735882073641,0.0051351701806403825,1.5273612287997438,3.6584548583888608,-1.5467354997664844
6317,test,0,0.04417166952043771,0.0051351701806403825,1.5283359971959576,3.6183903466965437,-1.5461898144434103
6318,test,0,0.035579257644712925,0.0051351701806403825,1.5293794040669275,3.5785087321839626,-1.5436596038894355
6319,test,0,0.03618115186691284,0.0051351701806403825,1.530474166440327,3.538588183947842,-1.5436701748972332
6320,test,0,0.03871132247149944,0.010870898522632733,1.5315404501222836,3.498552624579286,-1.5441939166433676
6321,test,0,0.04061461053788662,0.010870898522632733,1.5326089905388192,3.4586944980814103,-1.5444843304159557
6322,test,0,0.03859248012304305,0.010870898522632733,1.533644030184008,3.418660892674864,-1.545638741841999
6323,test,0,0.034840755164623254,0.010870898522632733,1.5346491663680029,3.378708059007838,-1.5458650472790687
6324,test,0,0.03816772066056729,0.010870898522632733,1.5356128119867012,3.3388159553629517,-1.5477285506380158
6325,test,0,0.04802449792623519,0.010870898522632733,1.5364919184920955,3.298720773479431,-1.5498923552166186
6326,test,0,0.053726277314126485,0.010870898522632733,1.5373493644803689,3.258856494618859,-1.5495810126977347
6327,test,0,0.03469951078295708,0.00985329467239686,1.5382139678025395,3.2188799796997065,-1.5486554157331325
6328,test,0,0.04187553934752941,0.00985329467239686,1.5391198325459703,3.178895729948097,-1.5474161017463068
6329,test,0,0.058599309995770454,0.00985329467239686,1.5400649442352494,3.13902800256834,-1.547488861042105
6330,test,0,0.0893712155520916,0.00985329467239686,1.540991568129329,3.0989529644998512,-1.5478634583907829
6331,test,0,0.05713371839374305,0.00985329467239686,1.5419433818415056,3.05908216191862,-1.546886751579893
6332,test,0,0.06534169241786003,0.00985329467239686,1.5428940444205435,3.0191451029627214,-1.5473707986369534
6333,test,0,0.10148559510707857,0.02190592440975379,1.5438494631399846,2.9791369513791293,-1.5456111327957398
6334,test,0,0.02912802621722221,0.02190592440975379,1.544887352014218,2.9392568926043396,-1.54517317386718
6335,test,0,0.05745458975434303,0.02190592440975379,1.545905827124833,2.8992185706937517,-1.5456170758962464
6336,test,0,0.051380205899477005,0.02190592440975379,1.5469374071389246,2.8592825954322363,-1.5445296413922407
6337,test,0,0.0642988495528698,0.02190592440975379,1.5479779026113574,2.8193920549493847,-1.5452826726871023
6338,test,0,0.057526601478457444,0.02190592440975379,1.5490031501969261,2.7793220598498087,-1.5447482158741161
6339,test,0,0.07331150490790606,0.05296300725487881,1.5501005835469424,2.739490196226708,-1.5428472863938216
6340,test,0,0.08167581632733346,0.05296300725487881,1.5512516282201094,2.6995146628845714,-1.5410973711837255
6341,test,0,0.08135316520929337,0.05296300725487881,1.5525169599054836,2.6595568421468747,-1.5365586457894052
6342,test,0,0.09724900498986244,0.05296300725487881,1.553965387497889,2.619733426619942,-1.5328809505523833
6343,test,0,0.09465059265494347,0.05296300725487881,1.5555617241110105,2.5796866407717745,-1.5285386868560118
6344,test,0,0.11361367255449295,0.06403064169475886,1.5573856185335553,2.5398611760381713,-1.5222174980263576
6345,test,0,0.18535184115171435,0.06403064169475886,1.5594326086097885,2.5000008681058192,-1.5165125027751267
6346,test,0,0.19096656888723376,0.06403064169475886,1.5617456723565468,2.4600187859251568,-1.5078879463404695
6347,test,0,0.2031420469284058,0.06403064169475886,1.5644552498239745,2.42035057100734,-1.497919134973024
6348,test,0,0.20225848257541656,0.06403064169475886,1.5675529275339113,2.380459186819048,-1.4883642091041662
6349,test,0,0.20751758292317393,0.06403064169475886,1.5710280931336864,2.340663850750865,-1.478408516833078
6350,test,0,0.17698756605386734,0.06403064169475886,1.5748512163943038,2.301005195805161,-1.4714243005552237
6351,test,0,0.21764883399009705,0.07713750447049993,1.5789184534840428,2.2610825611792817,-1.4668092804588648
6352,test,0,0.21537455637007955,0.07713750447049993,1.5831435575801123,2.221495363402804,-1.4623325068131612
6353,test,0,0.2194483345374465,0.07713750447049993,1.5875294944639733,2.1817369937240594,-1.4597512318754646
6354,test,0,0.2144825030118227,0.07713750447049993,1.592001825444273,2.141933290866005,-1.4571400906673058
6355,test,0,0.2160333339124918,0.07713750447049993,1.596547277863545,2.10234352443108,-1.4562541383278378
6356,test,0,0.18369393795728683,0.07713750447049993,1.601133749419124,2.0624806050727775,-1.4564424593116618
6357,test,0,0.16907500848174095,0.10120093637387953,1.605670437336942,2.0228295775777436,-1.457137065726218
6358,test,0,0.17720207944512367,0.10120093637387953,1.6101785270221545,1.9831174562075717,-1.4586488480195068
6359,test,0,0.1986983846873045,0.10120093637387953,1.6146435367980103,1.9432101235476638,-1.4590856097915597
6360,test,0,0.2193782981485128,0.10120093637387953,1.619120877294061,1.9036622879259053,-1.4575242630646328
6361,test,0,0.17654526978731155,0.10120093637387953,1.6237225175846952,1.8638698008835297,-1.453284647126575
6362,test,0,0.15258204191923141,0.10120093637387953,1.6285062089529883,1.8242148978641524,-1.4474844406519485
6363,test,0,0.14901607483625412,0.1346291357265892,1.6335737448512466,1.784699956804373,-1.4388167793489126
6364,test,0,0.18802914768457413,0.1346291357265892,1.6390880421616385,1.7449925344155715,-1.4252418985644484
6365,test,0,0.19953664019703865,0.1346291357265892,1.6452118538689227,1.7057615792113476,-1.4055810178741521
6366,test,0,0.1251581311225891,0.1346291357265892,1.6523058618961783,1.666615516249247,-1.3764778484856324
6367,test,0,0.1304408935829997,0.1346291357265892,1.6605063358545396,1.6275700820085424,-1.351862381491225
6368,test,0,0.09443993121385574,0.1346291357265892,1.6695962671876168,1.5889898583374171,-1.3273772654591804
6369,test,0,0.19032606948167086,0.1907548450668025,1.6797338279736147,1.550485166200272,-1.2992406149809137
6370,test,0,0.2590991426259279,0.1907548450668025,1.6910206328455728,1.5123872582320987,-1.2652295790064576
6371,test,0,0.20134608447551727,0.1907548450668025,1.7038763531809704,1.4750071419640074,-1.2111320609521785
6372,test,0,0.1839154809713364,0.1907548450668025,1.7187657405792163,1.4385222921091634,-1.1556544847878658
6373,test,0,0.13835901021957397,0.1907548450668025,1.735885251844482,1.4028187329350568,-1.089770609004345
6374,test,0,0.18874496780335903,0.2802254686679562,1.7550420809202445,1.3686190327323275,-1.0340667879847403
6375,test,0,0.33733703196048737,0.2802254686679562,1.7760524543639065,1.3350299569751245,-0.990072900121608
6376,test,0,0.31976834684610367,0.2802254686679562,1.798584642935956,1.3027816427084293,-0.9276853453454547
6377,test,0,0.2696329802274704,0.2802254686679562,1.8233038872975227,1.272305576071121,-0.8488464648703999
6378,test,0,0.3383638970553875,0.3409887205222231,1.8502836998552965,1.2438804298121278,-0.7753974627421448
6379,test,0,0.1470504254102707,0.3409887205222231,1.8794118441653913,1.2173699725434015,-0.7008305638692344
6380,test,0,0.24494707584381104,0.3409887205222231,1.9104956174659045,1.1925161460899836,-0.6528805794889302
6381,test,0,0.2547625037841499,0.3409887205222231,1.9423828936841716,1.1692884959243046,-0.6049636887292765
6382,test,0,0.2679280787706375,0.3477935051091991,1.975454522438898,1.1476165750267224,-0.5557775563569289
6383,test,0,0.2696800120174885,0.3477935051091991,2.009609939153512,1.1274673996811642,-0.5104033577665333
6384,test,0,0.33676259219646454,0.3477935051091991,2.044551886163423,1.108996667382543,-0.4621416349074368
6385,test,0,0.3347713202238083,0.3477935051091991,2.0802569017922417,1.0923043121135088,-0.411961003663227
6386,test,0,0.24139653146266937,0.3477935051091991,2.117056058533425,1.0773625773422917,-0.3586143512857223
6387,test,0,0.29954835772514343,0.361950711330783,2.1542910489068774,1.0643775416992567,-0.31434582225190755
6388,test,0,0.23698515444993973,0.361950711330783,2.192255290251718,1.0528890550224552,-0.273481048566065
6389,test,0,0.29051774740219116,0.361950711330783,2.2306990621409635,1.042713655949422,-0.24602598254035654
6390,test,0,0.2560105174779892,0.361950711330783,2.269276043589182,1.033489235211616,-0.22471077981152368
6391,test,0,0.2391581684350967,0.361950711330783,2.308212469328266,1.0248907249013333,-0.21172935668343232
6392,test,0,0.23134255409240723,0.361950711330783,2.347280500240927,1.016685882596508,-0.2026525803518445
6393,test,0,0.2471965942531824,0.36257339121714544,2.3863941096289283,1.0088277496377809,-0.1940330806918013
6394,test,0,0.20421492960304022,0.36257339121714544,2.4255106909488573,1.0012170112467231,-0.19164882377202944
6395,test,0,0.17762733623385427,0.36257339121714544,2.4647613558915697,0.9936404305980604,-0.18976208443369785
6396,test,0,0.17960975132882595,0.36257339121714544,2.5039931398056448,0.9861700623248096,-0.18744492513413036
6397,test,0,0.15687198564410212,0.36257339121714544,2.5432346458679596,0.9787300893045673,-0.1873599243460675
6398,test,0,0.1490964852273464,0.36257339121714544,2.5824967682957243,0.9713240925894826,-0.1857520061264736
6399,test,0,0.15857133548706773,0.16742333935887768,2.621703134372013,0.9639713130051281,-0.1861459539074992
6400,test,0,0.18252281472086906,0.16742333935887768,2.6610156616738925,0.9565782775512978,-0.1854336609174626
6401,test,0,0.12120806984603405,0.19913224701116825,2.87720952442994,0.9179746629474832,-0.16834325693324081
6402,test,0,0.146946856752038,0.19913224701116825,2.916505101758794,0.9113942468888522,-0.16463988087168233
6403,test,0,0.1440228596329689,0.19913224701116825,2.936202634609477,0.9081428676616646,-0.16245509321696974
6404,test,0,0.11480061523616313,0.19913224701116825,2.975690338850958,0.9017821967979438,-0.1567607631499239
6405,test,0,0.14568185433745384,0.19913224701116825,3.015049236437809,0.8956949933683503,-0.15159638289097974
6406,test,0,0.17281408980488774,0.19913224701116825,3.0545788188062586,0.8897225939170121,-0.14865848088951597
6407,test,0,0.16820146143436432,0.18247858266466818,3.0941293089531485,0.8838711699792101,-0.14505244066198955
6408,test,0,0.157190365716815,0.18247858266466818,3.1335402182368095,0.8781533905687604,-0.1440267774724907
6409,test,0,0.1513973269611597,0.18247858266466818,3.173182587613587,0.8724195227228561,-0.14340465773641903
6410,test,0,0.11851920932531357,0.18247858266466818,3.2126703641836802,0.8667540546125057,-0.14270923848367636
6411,test,0,0.1267553512006998,0.18247858266466818,3.252190516596251,0.8610437199220747,-0.14454396467827227
6412,test,0,0.11716525070369245,0.18247858266466818,3.2917997138024075,0.8552648656112909,-0.14515649310554274
6413,test,0,0.05998625606298447,0.16224727971648428,3.3312250995607178,0.849486497750479,-0.14694590997847273
6414,test,0,0.06404845044016838,0.16224727971648428,3.3708387840765752,0.8435863329278792,-0.14879911054849804
6415,test,0,0.1493518128991127,0.16224727971648428,3.410370511502135,0.837677409521572,-0.14827242161954873
6416,test,0,0.15609235689044,0.16224727971648428,3.449787144894166,0.8317579154618943,-0.1502097750622112
6417,test,0,0.15114547684788704,0.16224727971648428,3.4893743817977825,0.8257634265041238,-0.15013701823196207
6418,test,0,0.15752870030701158,0.16224727971648428,3.5287782512751047,0.819830926756743,-0.14991472748504697
6419,test,0,0.16265805438160896,0.12511151261620176,3.568335645448732,0.8138567218694307,-0.15005822677745512
6420,test,0,0.03340943343937397,0.12511151261620176,3.607876647638089,0.8079134265190324,-0.14820284081430535
6421,test,0,0.004339251667261124,0.12511151261620176,3.647270388086673,0.802045638290353,-0.14828782921062492
6422,test,0,0.07894556038081646,0.12511151261620176,3.6868849406610287,0.7961382869113433,-0.14778653787864196
6423,test,0,0.07726964354515076,0.12511151261620176,3.7263274347113646,0.790325092442839,-0.14578485235232844
6424,test,0,0.06964271143078804,0.12511151261620176,3.765836489566624,0.7845464316740746,-0.1447355270811156
6425,test,0,0.0564164873212576,0.06449625701465542,3.805434149260048,0.77884602808274,-0.1406445477325517
6426,test,0,0.011444309726357458,0.06449625701465542,3.8448462316143206,0.7733637962487633,-0.13674530986225994
6427,test,0,0.07885929383337498,0.06449625701465542,3.8845136806080216,0.7679794007550874,-0.13300702672874326
6428,test,0,0.039838774129748344,0.06449625701465542,3.9240942842558084,0.7628045952166548,-0.12739142575397877
6429,test,0,0.034865424036979675,0.06449625701465542,3.963598499460055,0.7578237365240708,-0.12328894801667854
6430,test,0,0.042617995059117675,0.06449625701465542,4.00335499856596,0.7530201075496757,-0.11652600522567318
6431,test,0,0.040858014952391386,0.07532291129083316,4.042868125143588,0.7485652059888146,-0.10906668262940558
6432,test,0,0.04124622419476509,0.07532291129083316,4.082625595368253,0.7443401857083398,-0.1025458116983237
6433,test,0,0.031307089840993285,0.07532291129083316,4.122417594335281,0.7403969571902072,-0.09509822761207923
6434,test,0,0.031006626784801483,0.07532291129083316,4.162033250606352,0.7367248223264964,-0.08999920471063651
6435,test,0,0.03763579577207565,0.07532291129083316,4.201965938473367,0.7332298415817682,-0.08419327220319484
6436,test,0,0.0447593810968101,0.07532291129083316,4.241651225874855,0.7300424310109269,-0.0767751983455493
6437,test,0,0.04068151442334056,0.06191446876056907,4.281471804889858,0.7271165767174169,-0.06992255086867795
6438,test,0,0.041677722707390785,0.06191446876056907,4.321459832165849,0.7244465665220186,-0.0629024227424601
6439,test,0,0.03999004326760769,0.06191446876056907,4.3611439897351065,0.7220775882523511,-0.05689900956872304
6440,test,0,0.035714518278837204,0.06191446876056907,4.401145940144603,0.7199075009703902,-0.05125949649759487
6441,test,0,0.04527599550783634,0.06191446876056907,4.441018825246924,0.7179659146215761,-0.0465752653861409
6442,test,0,0.03263106569647789,0.06191446876056907,4.48087483906679,0.7161934293028136,-0.04257344570314281
6443,test,0,0.031098991632461548,0.04785931576824103,4.520980233837212,0.714531773187947,-0.04009819471968815
6444,test,0,0.0164699126034975,0.04785931576824103,4.560784648339381,0.7129596475080321,-0.03953261431447944
6445,test,0,0.008053077384829521,0.04785931576824103,4.600796302574234,0.7113695320527846,-0.04058111000629406
6446,test,0,0.018525222316384315,0.04785931576824103,4.640805130661179,0.7097137750972612,-0.04232514887019974
6447,test,0,0.02031538775190711,0.04785931576824103,4.680647816734062,0.7080193722165457,-0.04250662674076033
6448,test,0,0.03602693509310484,0.04785931576824103,4.7207377887831266,0.7063555687660688,-0.03999111179270429
6449,test,0,0.06720214523375034,0.04334588758439075,4.7605829826771435,0.7048485133809952,-0.03538132613248236
6450,test,0,0.06762013770639896,0.04334588758439075,4.800489556691164,0.7036127847682555,-0.026036678348343667
6451,test,0,0.09139671362936497,0.04334588758439075,4.840559926344145,0.7027299763535615,-0.017485166027686957
6452,test,0,0.07755350694060326,0.04334588758439075,4.880294962987214,0.7022625898679835,-0.00592221859665758
6453,test,0,0.06525394506752491,0.04334588758439075,4.92034272062684,0.7022179161043489,0.0038245836087607097
6454,test,0,0.05949332751333714,0.04334588758439075,4.960240425577235,0.7024667138926682,0.008146692686688283
6455,test,0,0.022645279765129082,0.03705973412983885,5.0001546640258825,0.7028471454784028,0.010449717812921602
6456,test,0,0.02299951389431954,0.03705973412983885,5.040354131642926,0.7031970370235685,0.006344056032248497
6457,test,0,0.007993169128894806,0.03705973412983885,5.080199886393204,0.7033541504349119,0.0012936167878683778
6458,test,0,0.021683998405933373,0.03705973412983885,5.120301830989307,0.7032732579469576,-0.006191106547004734
6459,test,0,0.05824343301355839,0.047228392502443615,5.16037352564968,0.7029425350830791,-0.009354249252088092
6460,test,0,0.07107308879494667,0.047228392502443615,5.200236765990055,0.702599817955486,-0.006570994701279738
6461,test,0,0.08362439274787903,0.047228392502443615,5.240346738726896,0.7024634320592557,0.0006605260125501541
6462,test,0,0.09780678153038025,0.047228392502443615,5.280133461318118,0.7026548483431365,0.009392458973538055
6463,test,0,0.11605453491210938,0.047228392502443615,5.320046625503104,0.7032587106586926,0.020990221494727547
6464,test,0,0.13230230659246445,0.047228392502443615,5.360040361695701,0.70434285073642,0.03358975115691785
6465,test,0,0.13419709354639053,0.047228392502443615,5.399779433432064,0.7059366853644474,0.046367602419453396
6466,test,0,0.13410310819745064,0.056408823458090944,5.439747433013786,0.7080321832767652,0.058667367096947066
6467,test,0,0.1112295314669609,0.056408823458090944,5.479539585642982,0.7105381068603737,0.06678293966127032
6468,test,0,0.15936057269573212,0.056408823458090944,5.51935158396795,0.7133053036468563,0.07136536111345576
6469,test,0,0.10430987924337386,0.056408823458090944,5.55932857561267,0.7162064278894715,0.07274843978322144
6470,test,0,0.13097094744443896,0.056408823458090944,5.599078419166986,0.7190845175019335,0.07148216748782214
6471,test,0,0.14187520742416382,0.056408823458090944,5.639042680290568,0.721908657302307,0.06928123002209834
6472,test,0,0.12554976344108582,0.07073949342562508,5.678996659965401,0.7245807276869093,0.06395871040668172
6473,test,0,0.12530627101659772,0.07073949342562508,5.718804329917039,0.7270483907078966,0.05945056490274926
6474,test,0,0.14033581502735615,0.07073949342562508,5.758893683581869,0.7293554012208557,0.05526006303714261
6475,test,0,0.11758652701973915,0.07073949342562508,5.798694343222338,0.7314835074424727,0.05178100689569349
6476,test,0,0.14121651276946068,0.07073949342562508,5.838667959568974,0.733490826451039,0.04810743750889406
6477,test,0,0.11873978003859517,0.0756801766544179,5.878742925036695,0.7353383126069907,0.043833717688571826
6478,test,0,0.07502139359712601,0.0756801766544179,5.918546632567963,0.7370107109614893,0.039331615635647604
6479,test,0,0.05760521441698074,0.0756801766544179,5.958742648790404,0.7383496191023939,0.025990179798744482
6480,test,0,0.08033234626054764,0.0756801766544179,5.998797083969494,0.7390491404274753,0.008746636068482484
6481,test,0,0.0829884298145771,0.0756801766544179,6.038794817245985,0.7392154971332592,0.0006253507730370633
6482,test,0,0.10477857291698456,0.0756801766544179,6.078981390948776,0.739175692904174,-0.0014717576784865137
6483,test,0,0.11594174429774284,0.07323068880276806,6.118792748078497,0.739145733457287,-0.0002718029213106737
6484,test,0,0.11176745593547822,0.07323068880276806,6.158849586593202,0.7391934407744624,0.0029017257424317506
6485,test,0,0.08589022979140282,0.07323068880276806,6.198856453437024,0.7392902907568714,0.0017459332921614449
6486,test,0,0.016930431127548218,0.07323068880276806,6.238799022512101,0.7392134480016724,-0.006569260448997747
6487,test,0,0.04040541499853134,0.07323068880276806,6.279066483426308,0.7386874117800601,-0.01996657886290336
6488,test,0,0.07387350499629974,0.06440003036157703,6.318971250152239,0.7376595213350053,-0.0309275684828741
6489,test,0,0.06993158906698227,0.06440003036157703,6.358995420743343,0.7363123060731113,-0.03599399940248265
6490,test,0,0.07796043902635574,0.06440003036157703,6.399011253584935,0.734914553382022,-0.03260042262673239
6491,test,0,0.0731462612748146,0.06440003036157703,6.438819284114753,0.7337200589768519,-0.027524780266852057
6492,test,0,0.07605464942753315,0.06440003036157703,6.478910783357455,0.7327106139438166,-0.022494454447599458
6493,test,0,0.1255295556038618,0.04705045017628023,6.518766221910644,0.7319093660478008,-0.017477186405414572
6494,test,0,0.09594686329364777,0.04705045017628023,6.55869624951658,0.7313231105273523,-0.01189551079972634
6495,test,0,0.12957337126135826,0.04705045017628023,6.59879568961765,0.7309537858066831,-0.005759060539313432
6496,test,0,0.15966302156448364,0.04705045017628023,6.6385727779920325,0.7308703297329047,0.0015206751948621507
6497,test,0,0.1282179057598114,0.04705045017628023,6.678611376628358,0.7310915590960252,0.009946228145934448
6498,test,0,0.16282709315419197,0.04705045017628023,6.7185242606819955,0.731659339255971,0.018712908862920718
6499,test,0,0.1595526076853275,0.04808436682490929,6.758372528413912,0.7325714513161797,0.02661147285739178
6500,test,0,0.14313476905226707,0.04808436682490929,6.798477607982211,0.7337555748923424,0.03229796069673893
6501,test,0,0.09430990554392339,0.04808436682490929,6.838273741134343,0.7350968002521308,0.03458097383047921
6502,test,0,0.08962111920118332,0.04808436682490929,6.8782735053645485,0.7364977764764904,0.03498481291048765
6503,test,0,0.08308471739292145,0.04808436682490929,6.918324359938496,0.7378490513574635,0.03193439635456003
6504,test,0,0.10839732736349106,0.04808436682490929,6.958166721659462,0.7390500718302054,0.027865779283138322
6505,test,0,0.07429391890764236,0.04808436682490929,6.998313070807817,0.7400913512055137,0.02389609435248408
6506,test,0,0.11441986262798307,0.052638651403156246,7.038218680142685,0.7409686073267708,0.020041417769972744
6507,test,0,0.1071046628057957,0.052638651403156246,7.078215540598604,0.7416795836971459,0.015126147022606598
6508,test,0,0.1143886186182499,0.052638651403156246,7.118405051312539,0.7421786549856227,0.010049378098839084
6509,test,0,0.13632310740649697,0.052638651403156246,7.1582356601408925,0.742519568111695,0.006901463931386424
6510,test,0,0.10509970784187318,0.052638651403156246,7.19833511720767,0.7427749653537719,0.005912748486240932
6511,test,0,0.11901142820715904,0.05381937533064944,7.238303363347929,0.7429921016775669,0.005220126391718666
6512,test,0,0.11533828079700467,0.05381937533064944,7.278235531394739,0.743175850317301,0.0036520653594099093
6513,test,0,0.08795667439699173,0.05381937533064944,7.318424112352611,0.7432602986492235,0.0006582445942944901
6514,test,0,0.04285880178213119,0.05381937533064944,7.358263224221641,0.7432345956578761,-0.00230975129568999
6515,test,0,0.041993286460638046,0.05381937533064944,7.39832227990476,0.7430891290035766,-0.005123480083866674
6516,test,0,0.05376173555850984,0.05381937533064944,7.438389895891495,0.7428295005207767,-0.007368983660019586
6517,test,0,0.05794340744614601,0.062096348200523004,7.4782797569380115,0.7424990669375133,-0.009476480755084275
6518,test,0,0.06084611639380455,0.062096348200523004,7.518431181556322,0.7420781556989794,-0.011614602576245215
6519,test,0,0.06082778703421354,0.062096348200523004,7.558317577442236,0.7415703939601662,-0.013544862688168423
6520,test,0,0.07728803530335426,0.062096348200523004,7.598307663200918,0.7410150932846407,-0.014441686962145343
6521,test,0,0.0775710754096508,0.062096348200523004,7.638413043002028,0.7404208353090459,-0.015097039924638005
6522,test,0,0.09049369487911461,0.06965389744786718,7.678247286052449,0.7398253285223804,-0.015097022787495078
6523,test,0,0.09000270068645477,0.06965389744786718,7.718344899522377,0.7392250697149569,-0.015012073011663072
6524,test,0,0.09538570931181313,0.06965389744786718,7.7582823629332935,0.7386149516693998,-0.015418699099638179
6525,test,0,0.09375215508043766,0.06965389744786718,7.798214662378553,0.7380111748832452,-0.014918794750636535
6526,test,0,0.07308010105043648,0.06965389744786718,7.838357612305655,0.7374183427882246,-0.014352158363366549
6527,test,0,0.10791937075555325,0.06965389744786718,7.878176371675477,0.736852076723442,-0.014202255378346402
6528,test,0,0.07082721404731274,0.06121491130957944,7.9182231108599215,0.7362999623599623,-0.013557234870614526
6529,test,0,0.10760683380067348,0.06121491130957944,7.95823942171762,0.735751691214144,-0.013913720517441407
6530,test,0,0.09168845787644386,0.06121491130957944,7.9981262764714804,0.7352013759926299,-0.013882676679901236
6531,test,0,0.10528207011520863,0.06121491130957944,8.038265301027172,0.7346491823234932,-0.013637688593933517
6532,test,0,0.1069445526227355,0.06121491130957944,8.07812712998949,0.7340962163949913,-0.014033289263042653
6533,test,0,0.10827962681651115,0.06121491130957944,8.118125379705795,0.7335388051365013,-0.014119187325860113
6534,test,0,0.06107529439032078,0.05954852648932699,8.158209337980866,0.7329665156202937,-0.014443974093018265
6535,test,0,0.05614361818879843,0.05954852648932699,8.198058180075328,0.7324005202882397,-0.014353636465088974
6536,test,0,0.05948735401034355,0.05954852648932699,8.238167352673408,0.7318256773070845,-0.01453106000161346
6537,test,0,0.05997256189584732,0.05954852648932699,8.278091040357355,0.7312340978746102,-0.01490980618563691
6538,test,0,0.055733984336256974,0.05954852648932699,8.318035741945462,0.7306484252916,-0.014659014593290894
6539,test,0,0.059221628122031696,0.05954852648932699,8.358180114043883,0.7300511507763627,-0.014862317907941697
6540,test,0,0.05863488093018532,0.04757280876821809,8.397998172707593,0.7294591526796367,-0.014995520962609985
6541,test,0,0.05737878382205963,0.04757280876821809,8.43805645266807,0.7288706122530932,-0.014576316448319918
6542,test,0,0.05869825743138791,0.04757280876821809,8.478054505418783,0.7282857944412655,-0.014631207185662524
6543,test,0,0.058073594234883785,0.04757280876821809,8.517947828979219,0.7277177063242543,-0.014051383837560246
6544,test,0,0.057168335653841496,0.04757280876821809,8.55808780753307,0.727165896697404,-0.013391594446962243
6545,test,0,0.05898955091834068,0.04757280876821809,8.59793556900724,0.7266348163760382,-0.013150951966149455
6546,test,0,0.05783612560480833,0.03756358330621927,8.637941898642406,0.7261309195276942,-0.012239570706056732
6547,test,0,0.06571744382381439,0.03756358330621927,8.678010211381801,0.7256510272027181,-0.011789606096116834
6548,test,0,0.057717887684702866,0.03756358330621927,8.717862819392678,0.7252073486121023,-0.0108195102812988
6549,test,0,0.05914729740470648,0.03756358330621927,8.757975388950674,0.724794702926558,-0.009834092165739237
6550,test,0,0.057293226011097424,0.03756358330621927,8.797883158063678,0.7244112646348811,-0.009198745929879142
6551,test,0,0.056173745542764664,0.03756358330621927,8.837837253379734,0.7240742471957456,-0.007921634202566169
6552,test,0,0.061885185539722436,0.04132291384491495,8.877962680984384,0.7237697266215365,-0.007231272386940383
6553,test,0,0.05685696937143803,0.04132291384491495,8.91779062683359,0.7235089826030613,-0.006031660770374686
6554,test,0,0.056313566863536835,0.04132291384491495,8.957858117144955,0.7232990831199673,-0.004586291031474926
6555,test,0,0.05898011103272438,0.04132291384491495,8.997840934983577,0.7231296998156366,-0.003965174244538807
6556,test,0,0.05580560490489006,0.04132291384491495,9.037743572404837,0.7230054564449891,-0.002450831624608204
6557,test,0,0.055988488718867295,0.04132291384491495,9.077883147453022,0.7229288979105367,-0.0013193574805960622
6558,test,0,0.058321906253695495,0.05455581055179035,9.117715703556428,0.7228935848005417,-0.000608001346383866
6559,test,0,0.07359779626131058,0.05455581055179035,9.157734227202742,0.7228984710239902,0.0006808099688707911
6560,test,0,0.06059606932103634,0.05455581055179035,9.197767082615897,0.722946183552109,0.0015827132669878642
6561,test,0,0.07246874645352364,0.05455581055179035,9.237631871778136,0.7230345377479309,0.0025831463727236737
6562,test,0,0.0740596316754818,0.05455581055179035,9.27775615716901,0.7231535675496352,0.0033308418505185677
6563,test,0,0.06977717112749815,0.05455581055179035,9.317658078396617,0.7233012273748431,0.00421662159474303
6564,test,0,0.07376320846378803,0.06607883855790313,9.357626339488776,0.7234855711158247,0.004695686192253472
6565,test,0,0.07462047785520555,0.06607883855790313,9.397784240197957,0.7236742470047736,0.00515294229875735
6566,test,0,0.071924589574337,0.06607883855790313,9.437586253058367,0.7239063125319387,0.00608435957744952
6567,test,0,0.07173692621290684,0.06607883855790313,9.477672140290395,0.7241609044999583,0.006393641942157054
6568,test,0,0.0680163512006402,0.06607883855790313,9.517647274100264,0.7244149530918402,0.006504435290429352
6569,test,0,0.06933318264782429,0.0692148291838926,9.557562991044911,0.7246835192971954,0.006707681822004053
6570,test,0,0.09122633468359709,0.0692148291838926,9.597728172237714,0.7249419448873264,0.006247895569015757
6571,test,0,0.07455659657716751,0.0692148291838926,9.637559788222857,0.725191969051957,0.006037767276098904
6572,test,0,0.07042564824223518,0.0692148291838926,9.677596408679186,0.7254349894779077,0.005980763263979344
6573,test,0,0.10769370850175618,0.0692148291838926,9.717646259255847,0.7256617642077121,0.005693457440257662
6574,test,0,0.07160414941608906,0.022029030556697405,9.7575229644256,0.7258856627839653,0.005275197102057523
6575,test,0,0.07259360142052174,0.022029030556697405,9.797667058906784,0.7260849093873368,0.004531063937135136
6576,test,0,0.07074813917279242,0.022029030556697405,9.83755715533487,0.726252879107984,0.003968673981506772
6577,test,0,0.05788959935307503,0.022029030556697405,9.877544988586173,0.7263978096281934,0.0029778597965639648
6578,test,0,0.10560491774231195,0.022029030556697405,9.917700636263014,0.7264900434753834,0.002131981611815078
6579,test,0,0.10494305193424225,0.022029030556697405,9.957510787518123,0.7265757379529528,0.0016715116815416299
6580,test,0,0.0554684679955244,0.03750860537358867,9.997614895220456,0.7266310640350173,0.0008990358741827214
6581,test,0,0.058322109282016754,0.03750860537358867,10.037579476196953,0.7266458302869204,9.018571728288943e-05
6582,test,0,0.054894186556339264,0.03750860537358867,10.077513303031104,0.7266389317194097,-0.0006673343582327213
6583,test,0,0.057308392599225044,0.03750860537358867,10.117687818369166,0.7265836263526133,-0.0018033068254088816
6584,test,0,0.05465980991721153,0.03750860537358867,10.157524076267833,0.7265030674314036,-0.0025819081110620896
6585,test,0,0.05576984956860542,0.04889572900698244,10.197575119405942,0.726390068343354,-0.0033242006209231573
6586,test,0,0.05531140975654125,0.04889572900698244,10.237626973042904,0.7262321477149841,-0.004332741182685878
6587,test,0,0.0576216746121645,0.04889572900698244,10.27751758839011,0.7260426534282508,-0.005428745198918695
6588,test,0,0.05705019272863865,0.04889572900698244,10.317664725645333,0.7258041923310061,-0.006568056705550973
6589,test,0,0.057378739118576064,0.04889572900698244,10.35753764019647,0.7255123887717242,-0.007960550697258744
6590,test,0,0.05990518629550935,0.05296277272339835,10.39753623303936,0.7251759746893074,-0.009160049145249077
6591,test,0,0.04384786635637283,0.05296277272339835,10.437639252377028,0.7247824770345452,-0.010403622756966598
6592,test,0,0.03951802477240562,0.05296277272339835,10.47749296338744,0.7243551650570437,-0.011371974236842965
6593,test,0,0.04155670851469039,0.05296277272339835,10.517604259188975,0.7238791552230233,-0.012607755150444735
6594,test,0,0.04319693893194199,0.05296277272339835,10.557550419719348,0.7233393930281568,-0.014264516723429719
6595,test,0,0.040394144132733345,0.047017595851338856,10.597493708357971,0.7227536880553536,-0.015289718090303148
6596,test,0,0.045351214706897736,0.047017595851338856,10.63764844820642,0.7221106941026648,-0.016508719870680682
6597,test,0,0.039139749482274055,0.047017595851338856,10.677467538526447,0.7214354273426282,-0.017425989203991625
6598,test,0,0.042003873735666275,0.047017595851338856,10.717521019050018,0.7207366289967477,-0.017685540496025443
6599,test,0,0.04749469831585885,0.047017595851338856,10.757526865975484,0.7200181942381882,-0.01817749599623478
6600,test,0,0.04299252852797509,0.047017595851338856,10.797413585710345,0.7193010906869206,-0.01794544806824475
6601,test,0,0.044002924114465714,0.047017595851338856,10.837550341376327,0.7185903748617108,-0.017424898647961946
6602,test,0,0.04247281700372696,0.033244970947437204,10.877394893585212,0.7179015896121226,-0.016908191177600354
6603,test,0,0.042965151369571686,0.033244970947437204,10.917391218467932,0.7172527859314777,-0.015707497877459016
6604,test,0,0.04571356438100339,0.033244970947437204,10.95745890933874,0.716642223069562,-0.014694792737768221
6605,test,0,0.059178242459893234,0.033244970947437204,10.997297325953788,0.7161038165655208,-0.012629476509448314
6606,test,0,0.06040859594941139,0.033244970947437204,11.037398978315606,0.7156431598234974,-0.010249372875621417
6607,test,0,0.05883052572607994,0.033244970947437204,11.077305728830815,0.7152781320427689,-0.007841522701767743
6608,test,0,0.054899975657463074,0.02515555096590957,11.117242205899062,0.7150321779603028,-0.00463313246549209
6609,test,0,0.05702228844165802,0.02515555096590957,11.157361473485086,0.714893130417049,-0.002188937779642307
6610,test,0,0.0537838451564312,0.02515555096590957,11.19718271341669,0.7148573515277261,0.00019261183325014987
6611,test,0,0.05022947117686271,0.02515555096590957,11.237241009714024,0.7149100546770932,0.002280645687469988
6612,test,0,0.05653425306081772,0.02515555096590957,11.277243299284036,0.7150139640527049,0.003073242679431514
6613,test,0,0.05781025812029839,0.02515555096590957,11.31714145339069,0.7151523470641898,0.003600780983999108
6614,test,0,0.05741838365793228,0.033959668616672614,11.357294172771265,0.7153070368596293,0.004265405686665295
6615,test,0,0.058118537068367004,0.033959668616672614,11.397145369251268,0.7154959652285753,0.005082561421642673
6616,test,0,0.05494304373860359,0.033959668616672614,11.437158223331197,0.7157238817006637,0.006171290086879758
6617,test,0,0.05680537968873978,0.033959668616672614,11.477236623810002,0.7159834567374633,0.006983624184741125
6618,test,0,0.056690316647291183,0.033959668616672614,11.517084873068429,0.7162821357786161,0.007780375774919041
6619,test,0,0.060746803879737854,0.033959668616672614,11.55720542680498,0.716610703891259,0.008547479430115216
6620,test,0,0.07650166004896164,0.04304550955197533,11.597104472937332,0.7169765205925979,0.00999986405303929
6621,test,0,0.07343785837292671,0.04304550955197533,11.637051547603775,0.717425488826999,0.012375658600969725
6622,test,0,0.06610225513577461,0.04304550955197533,11.677192138956189,0.7179635139237499,0.014833060908357941
6623,test,0,0.06499478965997696,0.04304550955197533,11.71696440900051,0.7186006710452627,0.016579248331469242
6624,test,0,0.07154109701514244,0.04304550955197533,11.757039086426028,0.7192745040644111,0.01671908193379464
6625,test,0,0.06506179273128508,0.04304550955197533,11.797017492785002,0.719933802560307,0.016360502859445816
6626,test,0,0.060407251119613634,0.051008206951711536,11.836924388476108,0.7205874881595002,0.016135283285045605
6627,test,0,0.061568258330225945,0.051008206951711536,11.877097106245087,0.7212012981438107,0.01394851153796739
6628,test,0,0.05646324343979359,0.051008206951711536,11.916949835862532,0.7217107111582403,0.01150028987332989
6629,test,0,0.05057591758668424,0.051008206951711536,11.956989838639899,0.7221291434434842,0.00917213051884234
6630,test,0,0.04091146774590016,0.051008206951711536,11.997075591395578,0.7224262366899884,0.005881643100810459
6631,test,0,0.0349251814186573,0.05476484835821056,12.036960855169221,0.7225947067864757,0.0024292751210871722
6632,test,0,0.04040191695094107,0.05476484835821056,12.077130646568966,0.7226085460327303,-0.0019932327935612295
6633,test,0,0.04159503430128097,0.05476484835821056,12.117049103626188,0.722443364738625,-0.006091093558866006
6634,test,0,0.06035654246807099,0.05476484835821056,12.157042413981028,0.7221309761137504,-0.009639694961370952
6635,test,0,0.07706495746970177,0.05476484835821056,12.197165738164518,0.7217277035510753,-0.010133237980332178
6636,test,0,0.06870314478874207,0.049505090260978823,12.23697337579789,0.7213867309574914,-0.0068421576824697
6637,test,0,0.06774030812084675,0.049505090260978823,12.277049647665152,0.72117192687748,-0.003963142088903796
6638,test,0,0.07112060859799385,0.049505090260978823,12.31700817128084,0.7210372924703063,-0.002866648248453441
6639,test,0,0.08279900625348091,0.049505090260978823,12.356911034437427,0.7209969991601651,0.0009533116050055937
6640,test,0,0.07428203709423542,0.049505090260978823,12.397032083768357,0.7211324992361259,0.006459726039899968
6641,test,0,0.05916081555187702,0.049505090260978823,12.43682628240773,0.7214613570411291,0.009475228687190413
6642,test,0,0.05776278115808964,0.04511781770928834,12.476862272636529,0.7218606606100865,0.010014579701598542
6643,test,0,0.06054789945483209,0.04511781770928834,12.516920522191858,0.7222135297374047,0.007614938620380238
6644,test,0,0.06746819615364076,0.04511781770928834,12.556813312737097,0.7224677113432451,0.005014228274906297
6645,test,0,0.09927846118807793,0.04511781770928834,12.596962312631272,0.722640466916472,0.0039487262964093975
6646,test,0,0.10713871568441391,0.04511781770928834,12.636759091858524,0.7228611714013937,0.00811386491015364
6647,test,0,0.12832240760326385,0.04511781770928834,12.676692541309391,0.7233395133831594,0.016481793256608538
6648,test,0,0.15365108102560043,0.044619407661728325,12.716716004691428,0.7241822963505384,0.026005402987292512
6649,test,0,0.1802513785660267,0.044619407661728325,12.756475184427508,0.7254254613175047,0.03610524174683826
6650,test,0,0.1811845749616623,0.044619407661728325,12.796485619991381,0.7270467595159635,0.045145418473793275
6651,test,0,0.1970180720090866,0.044619407661728325,12.836319698842095,0.7289955272089915,0.05261051872809458
6652,test,0,0.14108660258352757,0.044619407661728325,12.876129416283892,0.7312549597337775,0.06066165643282832
6653,test,0,0.13634833320975304,0.044619407661728325,12.916125804777739,0.7337975895235513,0.06580467352150765
6654,test,0,0.1344769075512886,0.05043493001550688,12.955832339820422,0.7365025063792816,0.07007981321985152
6655,test,0,0.1288023293018341,0.05043493001550688,12.995741333525615,0.7393880872690711,0.07425148394849482
6656,test,0,0.12623399682343006,0.05043493001550688,13.03563657372137,0.7423944898010189,0.07563072927890072
6657,test,0,0.11478234827518463,0.05043493001550688,13.075335768619103,0.7454276878615156,0.07588134433838753
6658,test,0,0.09381374716758728,0.05043493001550688,13.115370504591272,0.7483938881975309,0.0711299372688197
6659,test,0,0.10267218574881554,0.05043493001550688,13.15517074279659,0.7510831528893117,0.06394002531363752
6660,test,0,0.0633348897099495,0.06163892509389807,13.195134747536743,0.7535086129083323,0.05707828068864144
6661,test,0,0.05843500792980194,0.06163892509389807,13.235240601962287,0.7556262299738256,0.047879904013871113
6662,test,0,0.07366916537284851,0.06163892509389807,13.27505004661529,0.7573326445900903,0.037169727538026436
6663,test,0,0.030703745782375336,0.06163892509389807,13.315224129478674,0.7586082327008843,0.026118613467539513
6664,test,0,0.03950510919094087,0.06163892509389807,13.355243044375092,0.7593959799938963,0.013284249018024831
6665,test,0,0.08285432308912277,0.06467640398340348,13.395270096938743,0.7596707913962835,0.00011521550627823053
6666,test,0,0.01859487593173982,0.06467640398340348,13.435551491081974,0.7593860989923031,-0.013792526889676984
6667,test,0,0.07619696110486984,0.06467640398340348,13.475434579661604,0.7586009328652097,-0.025583819798602338
6668,test,0,0.05259400233626366,0.06467640398340348,13.51554151491581,0.7574010289714228,-0.03415121155326492
6669,test,0,0.13332838006317616,0.06467640398340348,13.55554115484079,0.7559591504076146,-0.037462209533857864
6670,test,0,0.06548439059406519,0.06226327371999262,13.595396374217776,0.7544982975031643,-0.03546728537313057
6671,test,0,0.10511200875043869,0.06226327371999262,13.635512771283686,0.7530998090962459,-0.0342652004318323
6672,test,0,0.06946641206741333,0.06226327371999262,13.675361130877782,0.7517111798027756,-0.03615157994965505
6673,test,0,0.03054148331284523,0.06226327371999262,13.715379093590052,0.7501502527327,-0.04256305671361074
6674,test,0,0.09387680701911451,0.06226327371999262,13.755441265085299,0.7483767672831287,-0.045594151350526246
6675,test,0,0.11271724104881285,0.06226327371999262,13.795237545680566,0.7465230099840778,-0.04750487027584147
6676,test,0,0.1251162327826023,0.05228636309754996,13.835300835857044,0.7446492776365151,-0.04538322432657977
6677,test,0,0.12631189450621605,0.05228636309754996,13.87515105997865,0.7429484221104219,-0.03967637122911598
6678,test,0,0.09149553626775742,0.05228636309754996,13.915039065157496,0.7414968622535609,-0.033084230095828275
6679,test,0,0.11006208881735802,0.05228636309754996,13.955140382248986,0.7402924332104596,-0.026226690362464146
6680,test,0,0.12076489627361298,0.05228636309754996,13.994878387965342,0.7393972559698871,-0.018949376380216182
6681,test,0,0.1107657253742218,0.05228636309754996,14.034911201148475,0.7387813297287102,-0.011542406624390189
6682,test,0,0.14622363820672035,0.055263892215836996,14.074860048494571,0.7384647796588937,-0.00395219440709614
6683,test,0,0.12687041983008385,0.055263892215836996,14.114692375253124,0.7385039480658173,0.005929755002441016
6684,test,0,0.11901629716157913,0.055263892215836996,14.154786396625939,0.738936463704871,0.01652026251950015
6685,test,0,0.08671625982970001,0.055263892215836996,14.1945722646652,0.739739026910502,0.023185228471944562
6686,test,0,0.05340905487537384,0.055263892215836996,14.234557654868551,0.7407447088107568,0.026671045965318295
6687,test,0,0.05440381541848184,0.055263892215836996,14.274625479301646,0.7418089908465032,0.025914904744062335
6688,test,0,0.06436888128519058,0.06412876444516882,14.314459733396506,0.7428234762288322,0.02461853058842341
6689,test,0,0.042539842426776886,0.06412876444516882,14.354597575136777,0.7437578259309431,0.02157758495373873
6690,test,0,0.07227121666073798,0.06412876444516882,14.394557414584247,0.7445139054910654,0.015922379702544478
6691,test,0,0.13397133536636827,0.06412876444516882,14.434537161296602,0.7450807022942821,0.012550459981507656
6692,test,0,0.12339340336620808,0.06412876444516882,14.474703783008176,0.745551137706661,0.011486443960706572
6693,test,0,0.049004212021827705,0.0679154490318164,14.514505070862372,0.7460110773976909,0.011131830343678034
6694,test,0,0.12620602548122403,0.0679154490318164,14.554599372887617,0.7464301501810239,0.009411025257973018
6695,test,0,0.09626241400837898,0.0679154490318164,14.594584144752838,0.7467767664407466,0.008283652619247267
6696,test,0,0.09382508508861065,0.0679154490318164,14.634490990047043,0.7471311827888195,0.00954197098131336
6697,test,0,0.09927502647042274,0.0679154490318164,14.674636980607474,0.7475493505608561,0.011722678310762827
6698,test,0,0.06960300356149673,0.0679154490318164,14.714431755254447,0.7480541739687534,0.013091569013687063
6699,test,0,0.033445365726947784,0.0579115001518859,14.754471338955966,0.7485553194807506,0.01135380367271513
6700,test,0,0.00795016624033451,0.0579115001518859,14.794547192730583,0.7489412028238076,0.008161535541650779
6701,test,0,0.008316071704030039,0.0579115001518859,14.834436829121035,0.749201963357643,0.004790709334339174
6702,test,0,0.07833324745297432,0.0579115001518859,14.874599879741305,0.7493305180956774,0.0015009010418795571
6703,test,0,0.037763416767120354,0.0579115001518859,14.914483055240495,0.7493451009493438,-0.000529662202219714
6704,test,0,0.07499690726399423,0.06490767233083981,14.954476888178359,0.7492767796695846,-0.0031806103407902874
6705,test,0,0.05933454632759094,0.06490767233083981,14.994642677495289,0.7490891538088278,-0.005422742794552482
6706,test,0,0.04006027430295944,0.06490767233083981,15.034468297569003,0.7488530932723505,-0.0069335776760448276
6707,test,0,0.07641390338540077,0.06490767233083981,15.074570552958276,0.7485465207363031,-0.0085998166664487
6708,test,0,0.08026673551648857,0.06490767233083981,15.114537487940362,0.748167427351369,-0.010166701188018434
6709,test,0,0.07367375493049622,0.06412361576586942,15.15446587412829,0.7477595079406847,-0.010382284958731499
6710,test,0,0.0741209015250206,0.06412361576586942,15.19461763218337,0.7473354062433397,-0.010570996779903351
6711,test,0,0.07636289484798908,0.06412361576586942,15.234447415574762,0.7469031900045182,-0.01116955604860371
6712,test,0,0.07101389672607183,0.06412361576586942,15.274489021214944,0.7464628075152365,-0.011020676513764394
6713,test,0,0.07535806950181723,0.06412361576586942,15.314522457564676,0.746008268133509,-0.011749036096968334
6714,test,0,0.04396442975848913,0.06412361576586942,15.354404049971672,0.745537613666102,-0.0120203726742838
6715,test,0,0.04156078118830919,0.06157188696190187,15.394540501645503,0.7450591196622034,-0.011840822705302722
6716,test,0,0.040156640112400055,0.06157188696190187,15.434408473934372,0.7445809707322129,-0.011979779572372205
6717,test,0,0.042630283161997795,0.06157188696190187,15.474398257749652,0.7441090109397192,-0.011932295872264773
6718,test,0,0.05808523204177618,0.06157188696190187,15.514497033735735,0.7436265300125907,-0.012099836363023687
6719,test,0,0.05685566086322069,0.06157188696190187,15.55433408725227,0.7431575829677111,-0.011774544224418267
6720,test,0,0.057798124849796295,0.06157188696190187,15.594434864150623,0.7426927994021976,-0.011594113128926596
6721,test,0,0.02850668597966433,0.042472190103710845,15.634371351540716,0.7422218975840739,-0.01184448589782519
6722,test,0,0.07134955376386642,0.042472190103710845,15.674307729968186,0.74176224670641,-0.011330455376647145
6723,test,0,0.026687223464250568,0.042472190103710845,15.714455313595606,0.7413048881798052,-0.01125036720634364
6724,test,0,0.02696696203202009,0.042472190103710845,15.754276376993692,0.7408576087601526,-0.011295246229781517
6725,test,0,0.02222677133977413,0.042472190103710845,15.794326436400075,0.7404226675032023,-0.010576450659275854
6726,test,0,0.03004838153719902,0.042472190103710845,15.834339923465466,0.7399976408148955,-0.010715986304008067
6727,test,0,0.09257778897881509,0.048931262249004036,15.874228895925032,0.7395804162017713,-0.010405672119356404
6728,test,0,0.02420238964259625,0.048931262249004036,15.914368251176056,0.7391739021799619,-0.009823273185056132
6729,test,0,0.02008097805082798,0.048931262249004036,15.954227614175037,0.7387813915824042,-0.00975961042139176
6730,test,0,0.07697178795933725,0.048931262249004036,15.994227944267568,0.7384057513514187,-0.009279668961622923
6731,test,0,0.07751079089939594,0.048931262249004036,16.03430772819468,0.7380434008255906,-0.00882343083640521
6732,test,0,0.025743453763425354,0.048931262249004036,16.07415714363005,0.7377149028046251,-0.008084442054071276
6733,test,0,0.04219251684844494,0.04931051830521691,16.114264864027543,0.7374092880230448,-0.007239266670529582
6734,test,0,0.10806158371269703,0.04931051830521691,16.154186984434396,0.7371279640521298,-0.006706651301203014
6735,test,0,0.10471649840474129,0.04931051830521691,16.19413266306174,0.7368893932180317,-0.005461789034651307
6736,test,0,0.04522383958101273,0.04931051830521691,16.234268137010773,0.736681222324056,-0.004807010604206412
6737,test,0,0.1240409854799509,0.04931051830521691,16.274088168781194,0.7365172157218584,-0.003508286945405494
6738,test,0,0.05633264780044555,0.04931051830521691,16.314146267696696,0.7364154197856498,-0.0016501718005209093
6739,test,0,0.12193688377737999,0.04268652739003443,16.35413639642991,0.7363730749270558,-0.0005165585653153067
6740,test,0,0.07569334097206591,0.04268652739003443,16.394029274449036,0.7363902435862085,0.0011639738818878345
6741,test,0,0.0889376886188984,0.04268652739003443,16.434163975462607,0.7364702123057104,0.0030222608504740403
6742,test,0,0.12397617287933825,0.04268652739003443,16.473989798097502,0.7366213834888641,0.004413678908928177
6743,test,0,0.059806121513247476,0.04268652739003443,16.513996403358668,0.7368378657343312,0.00625302824017827
6744,test,0,0.09119470044970512,0.04268652739003443,16.554028280730822,0.7371268876732132,0.008281873276434046
6745,test,0,0.12090837955474854,0.0430469111999439,16.593867317396676,0.7375040850492575,0.010495336690328622
6746,test,0,0.08956016972661018,0.0430469111999439,16.63397849912892,0.7379629245621229,0.012396929788649732
6747,test,0,0.09027281031012535,0.0430469111999439,16.673872867593655,0.7384938102004216,0.014352651122514439
6748,test,0,0.08849587477743624,0.0430469111999439,16.713817204214628,0.7391104577304209,0.016296764940974828
6749,test,0,0.09248674660921098,0.0430469111999439,16.753961209129496,0.7397921466699207,0.017960167465462702
6750,test,0,0.08823427185416222,0.0430469111999439,16.79373774095207,0.7405602525552333,0.020302837346298414
6751,test,0,0.07052207365632057,0.04934727620060751,16.833794872819677,0.7414189186277589,0.02254193836348112
6752,test,0,0.06582262925803661,0.04934727620060751,16.873747883212264,0.7423516146033701,0.024214093047275495
6753,test,0,0.1556900553405285,0.04934727620060751,16.91363283062158,0.7433589148458207,0.026031272268360352
6754,test,0,0.1571069937199354,0.04934727620060751,16.953760068796953,0.7444376459562154,0.02776776763851744
6755,test,0,0.08663440309464931,0.04934727620060751,16.993553962712195,0.7455847549441234,0.029746015558032936
6756,test,0,0.15462044067680836,0.04934727620060751,17.033549961010124,0.7468139812512999,0.031519936228713664
6757,test,0,0.1601818222552538,0.053152439283313195,17.073578812052475,0.748104712837221,0.03282174378655121
6758,test,0,0.08696681540459394,0.053152439283313195,17.113382438938697,0.7494538685245198,0.03451612014164992
6759,test,0,0.1677049808204174,0.053152439283313195,17.153472475755905,0.7508628111791643,0.03569427800213381
6760,test,0,0.09213196486234665,0.053152439283313195,17.19332252415372,0.7523019526858422,0.03630661346759472
6761,test,0,0.1679272698238492,0.053152439283313195,17.233258112474047,0.7537770676422768,0.037307305717974956
6762,test,0,0.17473749630153182,0.053152439283313195,17.273356089482014,0.7552792014549365,0.03737943169150691
6763,test,0,0.11998562514781952,0.0733492403146355,17.313121194067712,0.7567965813001288,0.038355777505503806
6764,test,0,0.1206534244120121,0.0733492403146355,17.353170332678207,0.7583500227102796,0.03901092228812468
6765,test,0,0.0952829010784626,0.0733492403146355,17.393081460225382,0.7599119264010119,0.03921760222066307
6766,test,0,0.12078124657273293,0.0733492403146355,17.432966745565142,0.7614886093087162,0.039417804694193696
6767,test,0,0.12498782668262717,0.0733492403146355,17.473087385784986,0.7630675475517547,0.03908045096169059
6768,test,0,0.11845908593386412,0.0733492403146355,17.512866489512962,0.7646255864013074,0.0389826466629606
6769,test,0,0.12206267938017842,0.09314235389076063,17.55287209585738,0.766184173201872,0.03860259739235595
6770,test,0,0.12374730780720714,0.09314235389076063,17.59288318267007,0.7677158022041282,0.03782114143039994
6771,test,0,0.11932704970240593,0.09314235389076063,17.63271264575788,0.7692222049497093,0.03735205520359698
6772,test,0,0.1215650886297226,0.09314235389076063,17.672822908094712,0.7707011862917433,0.03618801058302146
6773,test,0,0.12217502109706402,0.09314235389076063,17.712679222630857,0.7721186540834617,0.034703670616102356
6774,test,0,0.1209096871316433,0.09314235389076063,17.752643525809155,0.7734852213905044,0.033392310004197165
6775,test,0,0.122155936434865,0.10469348445772167,17.79276479638511,0.7747883344228993,0.03146281150213491
6776,test,0,0.12186676822602749,0.10469348445772167,17.832563242708435,0.7760241435309878,0.03001708479374693
6777,test,0,0.12005455046892166,0.10469348445772167,17.87265365882247,0.7771988883004864,0.028377894076076684
6778,test,0,0.11538580246269703,0.10469348445772167,17.912606813828646,0.7782922605994149,0.02631596907176423
6779,test,0,0.12054410204291344,0.10469348445772167,17.952534948890445,0.7793059478119366,0.024176707111347596
6780,test,0,0.12437562644481659,0.10469348445772167,17.99271031395085,0.7802233848381335,0.02150875009390359
6781,test,0,0.11884354054927829,0.11355702400704788,18.032535074867265,0.7810357769053305,0.019066869189365166
6782,test,0,0.10708864219486713,0.11355702400704788,18.07259529701876,0.7817465997276494,0.01612357279632908
6783,test,0,0.1060590911656618,0.11355702400704788,18.112641293610572,0.7823300042437932,0.013390525426020565
6784,test,0,0.10574489645659926,0.11355702400704788,18.15253978088437,0.7828115076226915,0.01056129876987744
6785,test,0,0.10904156044125557,0.11355702400704788,18.19270753320845,0.7831783934487292,0.0076239136334741815
6786,test,0,0.10705180838704108,0.11355702400704788,18.232586943526865,0.7834361936063708,0.005416348577612701
6787,test,0,0.10580150596797468,0.11558106915871666,18.272593730434156,0.7836147810644368,0.0032982536794094576
6788,test,0,0.10663249529898168,0.11558106915871666,18.312729204411962,0.7836970452206639,0.0014279202867700988
6789,test,0,0.1067324448376894,0.11558106915871666,18.35256293695775,0.7837326097240128,9.894666462219213e-05
6790,test,0,0.10839268565177917,0.11558106915871666,18.392683284017057,0.7837136452237826,-0.0011749510481073907
6791,test,0,0.10391287133097649,0.11558106915871666,18.432636945756563,0.7836467229035662,-0.0019144989952238805
6792,test,0,0.10704190284013747,0.11941122070780417,18.47258640065676,0.7835510591844147,-0.0031836100984864953
6793,test,0,0.13615739531815052,0.11941122070780417,18.512757813828618,0.7833892898082465,-0.004457349938289575
6794,test,0,0.1999555267393589,0.11941122070780417,18.55259030420637,0.7831888000219039,-0.00603140666249067
6795,test,0,0.20182668417692182,0.11941122070780417,18.592666738894234,0.7829017455573504,-0.008626447977769337
6796,test,0,0.19617809355258942,0.11941122070780417,18.632710261607347,0.7824927344619111,-0.011571934706828265
6797,test,0,0.1846202462911606,0.12125847193335257,18.672619819684066,0.7819532714678061,-0.01568242672271182
6798,test,0,0.18677818030118942,0.12125847193335257,18.712805555637463,0.7812250351334826,-0.020654471221307612
6799,test,0,0.13529113680124283,0.12125847193335257,18.75269477828749,0.780291044809031,-0.026161804021508184
6800,test,0,0.05542146414518356,0.12125847193335257,18.792720789843102,0.7791258041931851,-0.032375461111821775
6801,test,0,0.1075127087533474,0.12125847193335257,18.832831744323276,0.7776979617429215,-0.039012785278690454
6802,test,0,0.09399799257516864,0.023696426177499293,18.872659132974047,0.7760032142816722,-0.04599356242094198
6803,test,0,0.09600770473480225,0.023696426177499293,18.91276943826163,0.7740309008623719,-0.05234638093757921
6804,test,0,0.08297540619969368,0.023696426177499293,18.952630765133275,0.7718429615820158,-0.057796847674149276
6805,test,0,0.09690747037529945,0.023696426177499293,18.99253165316616,0.7694443018458228,-0.06241839538760726
6806,test,0,0.09412580169737338,0.023696426177499293,19.032589302109344,0.7668728137479631,-0.06551747250837758
6807,test,0,0.07932244613766669,0.023696426177499293,19.072300150133735,0.7642100113889373,-0.06885177164277605
6808,test,0,0.07717528752982616,0.060593745549126915,19.11228243969502,0.761404379782305,-0.07142777019744667
6809,test,0,0.057223252952098846,0.060593745549126915,19.152131462926395,0.7585311013628946,-0.07317722733844695
6810,test,0,0.07830762118101121,0.060593745549126915,19.19193047777972,0.7555716122887451,-0.07559255347272434
6811,test,0,0.08113102056086065,0.060593745549126915,19.231948510413485,0.7525037798506198,-0.07730780380715505
6812,test,0,0.030825931578874588,0.060593745549126915,19.27164291495336,0.7494211116768079,-0.07852007528653149
6813,test,0,0.03701929375529289,0.060593745549126915,19.311536858682306,0.7462695948961154,-0.0793051607537663
6814,test,0,0.03588099777698517,0.06597642996830506,19.351449758175498,0.7431350555020955,-0.07724735730078693
6815,test,0,0.02417553961277008,0.06597642996830506,19.39113267259445,0.7400849797682738,-0.07631321576348547
6816,test,0,0.02493978850543499,0.06597642996830506,19.431121674142847,0.7370462064764333,-0.07537145412632962
6817,test,0,0.015453481115400793,0.06597642996830506,19.470862174900752,0.734087642828422,-0.07426096969280568
6818,test,0,0.0003228066489100456,0.06597642996830506,19.51071424589847,0.731134952247341,-0.07390971341687053
6819,test,0,0.0015917373821139318,0.06597642996830506,19.550709168126204,0.7281580912333476,-0.07471514161638361
6820,test,0,0.08555573783814907,0.06638414883965565,19.590419537699546,0.7251447143077604,-0.0774385664911898
6821,test,0,0.08041278272867204,0.06638414883965565,19.630393860174138,0.721966778393796,-0.08156418262497336
6822,test,0,0.03898141346871853,0.06638414883965565,19.670199147380387,0.7186656828040452,-0.08455085244255706
6823,test,0,0.041724804788827896,0.06638414883965565,19.709963308976658,0.7152834628905832,-0.08507909546808341
6824,test,0,0.047123913653194904,0.06638414883965565,19.74993213790506,0.7118769473194274,-0.08495188050269645
6825,test,0,0.0626734159886837,0.058213729908891815,19.789562088519492,0.7085306910026823,-0.08416949725581484
6826,test,0,0.08073140308260918,0.058213729908891815,19.829431136034973,0.7052257528894135,-0.0804013989782897
6827,test,0,0.0652729719877243,0.058213729908891815,19.869286473144477,0.7021717502653505,-0.07150288663584888
6828,test,0,0.07965882867574693,0.058213729908891815,19.908996690788708,0.6994496604443448,-0.06604120237472214
6829,test,0,0.056168332695961005,0.058213729908891815,19.949028830844863,0.696818549273571,-0.06582410948103994
6830,test,0,0.07900043576955795,0.058213729908891815,19.988791010016893,0.6942042216345469,-0.06646058184302274
6831,test,0,0.060966264456510544,0.058213729908891815,20.028680906689967,0.6915260072153356,-0.06797730971240218
6832,test,0,0.03429910540580748,0.04210957113522136,20.068711537922866,0.6887327913919558,-0.07152511854037005
6833,test,0,0.047648198902606964,0.04210957113522136,20.108463270590228,0.6857459810882597,-0.07929969241189279
6834,test,0,0.044890882447361946,0.04210957113522136,20.14844687019343,0.6824526555592734,-0.08484319070421463
6835,test,0,0.06201346963644028,0.04210957113522136,20.188250668395444,0.6790376487163826,-0.08653801752959246
6836,test,0,0.03796991892158985,0.04210957113522136,20.22801802853408,0.6756090562085907,-0.08540872629662047
6837,test,0,0.04749903827905655,0.04210957113522136,20.26797501994766,0.6722546659867886,-0.08144066808567892
6838,test,0,0.06405830942094326,0.017961585023530544,20.307628617128366,0.6691263628173941,-0.07680092618470978
6839,test,0,0.05498550087213516,0.017961585023530544,20.347537890645725,0.6661232265512261,-0.07355323677869276
6840,test,0,0.09646808728575706,0.017961585023530544,20.387426272723022,0.663251640001677,-0.07053746545130288
6841,test,0,0.08813312277197838,0.017961585023530544,20.42717619618672,0.6604683936236145,-0.06967077962376293
6842,test,0,0.06325465254485607,0.017961585023530544,20.467201830268046,0.6576826825690713,-0.06935717873637982
6843,test,0,0.11710405722260475,0.017961585023530544,20.5069406321195,0.65496351118599,-0.06810152356863187
6844,test,0,0.12550148740410805,0.008271394532243737,20.546814788555622,0.6523194690141035,-0.06397229291691113
6845,test,0,0.14285242930054665,0.008271394532243737,20.586803044683478,0.6499022137634962,-0.05590785798119348
6846,test,0,0.10991713777184485,0.008271394532243737,20.62648365138324,0.6478574433623302,-0.04717604034941231
6847,test,0,0.05084066838026047,0.008271394532243737,20.66652321590119,0.646053360771052,-0.0434388065599714
6848,test,0,0.0757802240550518,0.008271394532243737,20.706438327807707,0.6443097429487764,-0.0446841581444665
6849,test,0,0.02346516400575637,0.008271394532243737,20.74634907796228,0.6424485394906361,-0.049048889566674005
6850,test,0,0.05102670565247535,0.03220110747357286,20.78648108047723,0.6403785400724336,-0.05394276630932751
6851,test,0,0.07998363673686981,0.03220110747357286,20.82614675553118,0.638212753832569,-0.054974992222750374
6852,test,0,0.08992641419172287,0.03220110747357286,20.866107375003644,0.6361278171979793,-0.04818678798834355
6853,test,0,0.07888014987111092,0.03220110747357286,20.90602926824349,0.634404937110344,-0.037568746894627546
6854,test,0,0.08734744042158127,0.03220110747357286,20.945826743796907,0.6330947464811509,-0.02874027931010061
6855,test,0,0.09810197725892067,0.03220110747357286,20.985925219808173,0.6320893332001435,-0.02080498398188179
6856,test,0,0.08606630377471447,0.054993667548047624,21.025719893403956,0.6314232967147096,-0.012281590874459776
6857,test,0,0.05141744390130043,0.054993667548047624,21.065685612101227,0.6310534369952417,-0.006722988809175344
6858,test,0,0.07224438525736333,0.054993667548047624,21.10581837224776,0.6307599740558467,-0.008185011238693673
6859,test,0,0.06131867878139019,0.054993667548047624,21.145658320182104,0.6304252591418104,-0.008260295255498092
6860,test,0,0.03109395876526834,0.054993667548047624,21.18577333138019,0.6300903010220528,-0.009133596304159483
6861,test,0,0.010335199534893036,0.054993667548047624,21.225722451905902,0.6296158774516574,-0.01477597034791031
6862,test,0,0.014531530439853668,0.05617907738125682,21.265714694196593,0.6288495596581706,-0.024030148711365027
6863,test,0,0.013212010264396674,0.05617907738125682,21.30592478574355,0.6277044488651167,-0.032383588006577535
6864,test,0,0.028375804424285885,0.05617907738125682,21.34575094928366,0.6262701506558339,-0.03964659246833853
6865,test,0,0.04316641204059124,0.05617907738125682,21.385783895845506,0.6246535942727378,-0.04047376083476324
6866,test,0,0.05809568800032139,0.05617907738125682,21.4257297889985,0.6230932691202646,-0.03724036416541773
6867,test,0,0.05985056050121784,0.050456584374736095,21.465577363600115,0.6216864393070312,-0.03353224351178209
6868,test,0,0.0552940871566534,0.050456584374736095,21.505686664538537,0.6204138746250588,-0.029411735474828248
6869,test,0,0.06225222535431386,0.050456584374736095,21.54549625804706,0.6193176272065911,-0.025759405678173888
6870,test,0,0.05533165112137795,0.050456584374736095,21.585476880938398,0.6183668060141915,-0.021798925453534134
6871,test,0,0.023836933076381683,0.050456584374736095,21.625520419681823,0.6175553075519425,-0.018583742081418327
6872,test,0,0.02773425041232258,0.050456584374736095,21.665340933460886,0.6169094359275278,-0.014029882395781991
6873,test,0,0.03145108371973038,0.039990064437779756,21.705434719248288,0.616442605607659,-0.00886507487521862
6874,test,0,0.05177159234881401,0.039990064437779756,21.745322896473738,0.6161940475634492,-0.003236757963260842
6875,test,0,0.06377009954303503,0.039990064437779756,21.785227042870417,0.6162253052322241,0.004886682991454101
6876,test,0,0.06402175407856703,0.039990064437779756,21.825298544105586,0.6165872256684453,0.013844154046550785
6877,test,0,0.06722339428961277,0.039990064437779756,21.865057464708993,0.6173429318598709,0.02389868119508305
6878,test,0,0.06862490437924862,0.039990064437779756,21.905060807147915,0.6184822504012085,0.03316871824239106
6879,test,0,0.07958107814192772,0.06136461975605475,21.94495377205116,0.6199597331501372,0.04114576553103331
6880,test,0,0.09759393334388733,0.06136461975605475,21.984746499403503,0.6217838273459145,0.05033077320350049
6881,test,0,0.11801347881555557,0.06136461975605475,22.024752649626123,0.6240025859863164,0.060885534129802694
6882,test,0,0.13641462475061417,0.06136461975605475,22.064403560809946,0.6266589786511867,0.07327615329950868
6883,test,0,0.1409028396010399,0.06136461975605475,22.104180393756838,0.6298644555219235,0.08777219636693429
6884,test,0,0.1217917799949646,0.06136461975605475,22.14396191788371,0.6335960595684896,0.09873678325914045
6885,test,0,0.11644262820482255,0.08293395349852295,22.183464034962366,0.637719336338868,0.10829479455488518
6886,test,0,0.12859227880835533,0.08293395349852295,22.223244035813675,0.6421511732786348,0.11269067251782719
6887,test,0,0.12675415724515915,0.08293395349852295,22.262890593751056,0.6466582180532797,0.11374372689678197
6888,test,0,0.1344406232237816,0.08293395349852295,22.302572408152034,0.6512296445665431,0.11532060475606493
6889,test,0,0.11211086064577101,0.08293395349852295,22.342333705632214,0.655849076125113,0.11522663778179226
6890,test,0,0.18408474791795013,0.08293395349852295,22.381929376144058,0.6604460908204558,0.11601702125542862
6891,test,0,0.13157510291785005,0.07145441660495758,22.421688974781276,0.6651076373995748,0.11706092178879544
6892,test,0,0.10985013563185929,0.07145441660495758,22.461403470252275,0.6697616016436825,0.11598069999608268
6893,test,0,0.18314220570027828,0.07145441660495758,22.50100309498392,0.6743982698817974,0.11653003698696865
6894,test,0,0.19782106019556525,0.07145441660495758,22.54078486474292,0.6790530484300967,0.11561107253428708
6895,test,0,0.19113047048449516,0.07145441660495758,22.58040654059994,0.6836372143884267,0.11510794208895957
6896,test,0,0.11879850178956985,0.07145441660495758,22.620152450447417,0.6882342435904143,0.11490377737377129
6897,test,0,0.16077477671205997,0.07553400927667041,22.65991708244918,0.6927928701325444,0.11285138784786691
6898,test,0,0.1660319771617651,0.07553400927667041,22.699520330062306,0.6972802713237546,0.11239725024615063
6899,test,0,0.12248886935412881,0.07553400927667041,22.739342028149018,0.7017597884832713,0.11100593120203309
6900,test,0,0.1622795909643173,0.07553400927667041,22.779005540215604,0.706129540170993,0.10885515030900197
6901,test,0,0.1627057418227196,0.07553400927667041,22.81875163672872,0.7104555912116582,0.10771586216248313
6902,test,0,0.1590622179210186,0.07553400927667041,22.858596606715103,0.7147163297398245,0.10444010892848025
6903,test,0,0.1536129415035248,0.07607985505349443,22.898251739142967,0.7188122667977366,0.10138159570667803
6904,test,0,0.16416122764348987,0.07607985505349443,22.93814063451839,0.7228060792792688,0.09791225125885246
6905,test,0,0.15653857961297035,0.07607985505349443,22.9779404004766,0.7266074548852506,0.09253140047496132
6906,test,0,0.15439147874712947,0.07607985505349443,23.017704885113965,0.7302212115253454,0.08835827904419793
6907,test,0,0.16347775422036648,0.07607985505349443,23.057682541563633,0.7336763470752367,0.08352562429960395
6908,test,0,0.1619347520172596,0.07607985505349443,23.09741013257675,0.7369237474653207,0.07983034941986521
6909,test,0,0.17040128819644454,0.08766806690961972,23.137337327781154,0.7400661031519816,0.0770763916245866
6910,test,0,0.1805429719388485,0.08766806690961972,23.1772755156082,0.7430814656417469,0.07329998708635019
6911,test,0,0.14956212788820264,0.08766806690961972,23.217020612917462,0.7459750969014061,0.07161858045948169
6912,test,0,0.17326468974351886,0.08766806690961972,23.257053214460424,0.7488019151064711,0.06889813398466588
6913,test,0,0.17598795518279078,0.08766806690961972,23.296833389240014,0.7514823682548467,0.06585070262686758
6914,test,0,0.21721233054995537,0.08766806690961972,23.336749417023952,0.7540646243621189,0.06306922380101554
6915,test,0,0.21144615672528744,0.10279878051121023,23.376796829353108,0.7565212878575822,0.05898252040386082
6916,test,0,0.20985213294625282,0.10279878051121023,23.41655167252624,0.7588146209798804,0.05583665808821143
6917,test,0,0.2141263633966446,0.10279878051121023,23.456611079976636,0.7609846689108049,0.05216125818379918
6918,test,0,0.2037600353360176,0.10279878051121023,23.496526915957567,0.7629715087294009,0.047193735998607926
6919,test,0,0.16473417729139325,0.10279878051121023,23.536445021433543,0.7647606992892159,0.042130705988877776
6920,test,0,0.19009825214743614,0.10279878051121023,23.57661915118582,0.7663297473848499,0.035672131834958036
6921,test,0,0.16081080213189125,0.10303275694785942,23.616436716537237,0.7676252304314193,0.02923927280517668
6922,test,0,0.19114069640636444,0.10303275694785942,23.656509132885375,0.7686954341853298,0.024066328080760528
6923,test,0,0.1986302174627781,0.10303275694785942,23.696553058292253,0.769563258619123,0.019550770135823077
6924,test,0,0.18130892142653465,0.10303275694785942,23.736462935093225,0.7702478734437558,0.014544211307264632
6925,test,0,0.17658532410860062,0.10303275694785942,23.776660288300207,0.7707104989081232,0.008259937256166677
6926,test,0,0.16440359130501747,0.10105161696469027,23.816556183829068,0.7709305320504533,0.0030398922312884396
6927,test,0,0.19211035966873166,0.10105161696469027,23.856575094740776,0.770987424457494,-0.0001714582761145862
6928,test,0,0.18883367255330086,0.10105161696469027,23.896696517150144,0.7709277430124745,-0.0020657834076878868
6929,test,0,0.17327189818024638,0.10105161696469027,23.936542754006936,0.770825373463192,-0.0032223977945498444
6930,test,0,0.19339261483401063,0.10105161696469027,23.976660191620542,0.7706829156145412,-0.0041300680202586764
6931,test,0,0.2086413595825434,0.09942285681898666,24.01658619960349,0.7704973745748281,-0.004811030386749928
6932,test,0,0.16203930974006653,0.09942285681898666,24.056533820200453,0.7703178510442374,-0.004372298664346272
6933,test,0,0.16875237505882978,0.09942285681898666,24.096670495072747,0.7701554551690443,-0.003185710920313962
6934,test,0,0.19177277013659474,0.09942285681898666,24.1364737296698,0.7700788057581672,-0.0006567981579708509
6935,test,0,0.12030941247940062,0.09942285681898666,24.176522518130444,0.770126399528828,0.003208307769763435
6936,test,0,0.11886417400091887,0.09942285681898666,24.216506236737107,0.7703139078996142,0.006129842689543076
6937,test,0,0.12057102844119072,0.03891799698390149,24.256388524115266,0.7706206429923382,0.008964803264231137
6938,test,0,0.1137501858174801,0.03891799698390149,24.29652767695491,0.771021891771122,0.011309875642177909
6939,test,0,0.14029182866215706,0.03891799698390149,24.336380228669324,0.7715370165094607,0.014615189886014212
6940,test,0,0.15693528950214386,0.03891799698390149,24.37635512026303,0.7722384410796452,0.020842863041680777
6941,test,0,0.14316251128911972,0.03891799698390149,24.416366184554107,0.7731973023393538,0.027207857202262056
6942,test,0,0.16408327966928482,0.03891799698390149,24.45613779335412,0.7744185617177073,0.0339790613473522
6943,test,0,0.1383894681930542,0.09263492397967157,24.496198209813627,0.7758853447698347,0.03936123238623753
6944,test,0,0.16620847955346107,0.09263492397967157,24.536021364010924,0.7775533744306257,0.04432059113403473
6945,test,0,0.1641531027853489,0.09263492397967157,24.57589771282711,0.7794292837640119,0.04954191164813782
6946,test,0,0.15143107250332832,0.09263492397967157,24.615944896647264,0.7814926399257355,0.05304108261619444
6947,test,0,0.201893150806427,0.09263492397967157,24.655677367455944,0.7837078541540643,0.05837422058201369
6948,test,0,0.24120402336120605,0.09263492397967157,24.695613673433634,0.7862079933185478,0.06732197640997115
6949,test,0,0.253743052482605,0.13146862776174323,24.735383904757608,0.7891166085466148,0.07921524513848134
6950,test,0,0.2151675522327423,0.13146862776174323,24.774988454649442,0.7925835001215118,0.09538057673841585
6951,test,0,0.186032235622406,0.13146862776174323,24.814750384399865,0.7966961652665251,0.11040028590097689
6952,test,0,0.16246416419744492,0.13146862776174323,24.854288592679893,0.8012988814718848,0.12102187808445854
6953,test,0,0.19170857220888135,0.13146862776174323,24.89391314187716,0.8062952705864402,0.12960362549945906
6954,test,0,0.22251181304454806,0.13146862776174323,24.93350831184456,0.8116006057310239,0.13673826401899725
6955,test,0,0.1973792389035225,0.1561220883406489,24.972916040173594,0.8172869439229143,0.15055932032911487
6956,test,0,0.24249546229839328,0.1561220883406489,25.012307321604425,0.8236005972070642,0.16697940877440692
6957,test,0,0.22515597939491272,0.1561220883406489,25.0515864450005,0.830556613597794,0.18437413040105372
6958,test,0,0.23524728417396545,0.1561220883406489,25.090580233501495,0.838301933790549,0.20806737377283935
6959,test,0,0.22668225318193436,0.1561220883406489,25.129376598731177,0.846958780498781,0.23047143963706676
6960,test,0,0.18725841492414474,0.1561220883406489,25.168122014603714,0.8565083487351746,0.2534381547616717
6961,test,0,0.19902751594781876,0.19033735320198644,25.206432116904132,0.8669221391779357,0.2763209321493288
6962,test,0,0.2094426080584526,0.19033735320198644,25.24461681003032,0.8782239762608682,0.29941192730808003
6963,test,0,0.19581743329763412,0.19033735320198644,25.28263177587553,0.8904376258237434,0.324160095556888
6964,test,0,0.15700573474168777,0.19033735320198644,25.320070687142977,0.9034952783560969,0.34634816828314724
6965,test,0,0.10079283267259598,0.19033735320198644,25.357557949126093,0.9174278471060133,0.3654100722137933
6966,test,0,0.13997051119804382,0.19033735320198644,25.394582966448088,0.9320012255481982,0.3854239679479155
6967,test,0,0.1393266273662448,0.24775148774186975,25.43124935578389,0.9473662614852315,0.40840291906572807
6968,test,0,0.143564835190773,0.24775148774186975,25.467698526134836,0.9636835533910642,0.4339536597669438
6969,test,0,0.12113924697041512,0.24775148774186975,25.503391347267826,0.9808423001030702,0.4625011730967762
6970,test,0,0.1366758570075035,0.24775148774186975,25.53871059256334,0.9991434113414502,0.49385026549829714
6971,test,0,0.13551602512598038,0.24775148774186975,25.573247364844715,1.0185504090207296,0.5313126689241797
6972,test,0,0.10424217581748962,0.24775148774186975,25.60694554342895,1.0392947979488876,0.5723716176241854
6973,test,0,0.11381673067808151,0.27066447339504196,25.63973896673241,1.0613823420538482,0.6126430298765275
6974,test,0,0.03118170797824854,0.27066447339504196,25.671767507493943,1.0849058552796695,0.6553654092210929
6975,test,0,0.07818768918514249,0.27066447339504196,25.70261936867223,1.1096950856057894,0.6984409321065262
6976,test,0,0.1339130774140358,0.27066447339504196,25.732249492232793,1.1358079596808643,0.7472210386152455
6977,test,0,0.15685598552227017,0.27066447339504196,25.76071379696972,1.1634881365641796,0.7953611847841001
6978,test,0,0.17263366281986237,0.2896579714991277,25.787487596430438,1.1923872429487214,0.8540279509625885
6979,test,0,0.2562840208411217,0.2896579714991277,25.812569289883665,1.222880315733376,0.9099722518245109
6980,test,0,0.08764714002609253,0.2896579714991277,25.835850759803353,1.2546290467164307,0.9703844477901098
6981,test,0,0.12417276948690413,0.2896579714991277,25.857450236611516,1.2879142166437862,1.017280068243661
6982,test,0,0.11541718989610672,0.31294115088403185,25.877387814694153,1.3219074352931328,1.0633856940847977
6983,test,0,0.17650213092565536,0.31294115088403185,25.896057052529997,1.3570382832555352,1.0999427772677497
6984,test,0,0.18493999354541302,0.31294115088403185,25.91337905112388,1.3927865658672687,1.1404184687964702
6985,test,0,0.23431194061413407,0.31294115088403185,25.929138046873668,1.4290649576780063,1.1813214582377407
6986,test,0,0.19432302471250296,0.31294115088403185,25.943383773425168,1.4660197062514697,1.2250379729565901
6987,test,0,0.18260066211223602,0.2910357686698345,25.956059723040084,1.5036310841626401,1.2661351444046955
6988,test,0,0.21155340783298016,0.2910357686698345,25.967198234398367,1.541622111591772,1.3039519869613572
6989,test,0,0.2213483713567257,0.2910357686698345,25.976888322623246,1.579974746087198,1.3433435899737602
6990,test,0,0.2319944128394127,0.2910357686698345,25.985102039141207,1.6189724380523522,1.3834380536188315
6991,test,0,0.21970698982477188,0.2910357686698345,25.991687843185403,1.6579202384251523,1.4223179828520371
6992,test,0,0.19658187963068485,0.2910357686698345,25.996855980954116,1.697358715199376,1.4578376324276727
6993,test,0,0.3102720007300377,0.2569611262568643,26.00066683801887,1.7369851330736117,1.4923237982871382
6994,test,0,0.24932760745286942,0.2569611262568643,26.003010891053684,1.7764720644892842,1.5309051814693015
6995,test,0,0.1766671985387802,0.2569611262568643,26.003940200765737,1.8161954966400364,1.5622217695670078
6996,test,0,0.2287428081035614,0.2569611262568643,26.003814742345007,1.856028221271272,1.5848220531511172
6997,test,0,0.1554836481809616,0.2569611262568643,26.00284462590303,1.895843226035249,1.6050454746605587
6998,test,0,0.15955745428800583,0.2569611262568643,26.001172084721272,1.93562276048087,1.6200836375436303
6999,test,0,0.21045378595590591,0.24600503370364324,25.99889853621277,1.9754797335114846,1.6354125231969423
7000,test,0,0.16215703636407852,0.24600503370364324,25.99601177481241,2.015216317192025,1.6503755818439942
7001,test,0,0.1880021020770073,0.24600503370364324,25.992585188236532,2.0550087770797107,1.6632985241870544
7002,test,0,0.2051517590880394,0.24600503370364324,25.988569748902144,2.094665318996686,1.6804456345497918
7003,test,0,0.16569655388593674,0.24600503370364324,25.983881307594594,2.134152010068595,1.6972077518152804
7004,test,0,0.1371484100818634,0.24600503370364324,25.978531158335084,2.1738109478144776,1.713095437916101
7005,test,0,0.12163710221648218,0.24777979250406698,25.972591926201027,2.213091194341034,1.7272019881609946
7006,test,0,0.13042530417442322,0.24777979250406698,25.96620601488854,2.252516537061533,1.73415333417013
7007,test,0,0.15027593076229095,0.24777979250406698,25.959580391867306,2.29198433868927,1.7412411744818068
7008,test,0,0.16027850285172462,0.24777979250406698,25.952666098852085,2.3311673439353173,1.7490697447750825
7009,test,0,0.16381189227104187,0.24777979250406698,25.945409073517315,2.370562876550092,1.7574215434756801
7010,test,0,0.13443484157323837,0.24777979250406698,25.937856554282128,2.4097300913766784,1.7650939864912936
7011,test,0,0.1225188858807087,0.007549948177732679,25.930038196257936,2.4488515120063448,1.7707463439539393
7012,test,0,0.08897541463375092,0.007549948177732679,25.92202096315397,2.488178117609481,1.77347923829855
7013,test,0,0.0862315185368061,0.007549948177732679,25.913944795167023,2.5271517135429726,1.775932527031806
7014,test,0,0.05486051365733146,0.007549948177732679,25.90576198830211,2.566353148444914,1.776985863534969
7015,test,0,0.06974449008703232,0.007549948177732679,25.89755428236926,2.605509975237199,1.7782704267680887
7016,test,0,0.0870599187910557,0.007549948177732679,25.88930445266867,2.64451921565276,1.7801085036512831
7017,test,0,0.10139774158596992,0.08938832806667452,25.880909013170253,2.683757751053536,1.7839781193458875
7018,test,0,0.08309438824653625,0.08938832806667452,25.87235810119824,2.722633393611053,1.7912494206889715
7019,test,0,0.10739290341734886,0.08938832806667452,25.863450448820828,2.7615645450775568,1.8004074900137288
7020,test,0,0.10677134245634079,0.08938832806667452,25.854166530206392,2.8005333750421513,1.8099143517021163
7021,test,0,0.09114998951554298,0.08938832806667452,25.84455696572461,2.83909207173607,1.8197737908757898
7022,test,0,0.11314640939235687,0.08938832806667452,25.834502137564982,2.8778635026987294,1.8298002747538262
7023,test,0,0.13572146743535995,0.14890001539473485,25.824097122477635,2.916308611794313,1.8408152646432097
7024,test,0,0.10904931277036667,0.14890001539473485,25.81321301871843,2.9546258696281376,1.8543614509687267
7025,test,0,0.14131566137075424,0.14890001539473485,25.801756793862104,2.9929751870353765,1.8681069800955024
7026,test,0,0.1378222368657589,0.14890001539473485,25.78985739926582,3.030879203417208,1.8816115610648432
7027,test,0,0.16642901301383972,0.14890001539473485,25.77733383656934,3.06878796400793,1.8986071441547532
7028,test,0,0.16043895110487938,0.14890001539473485,25.764172661340524,3.106427361607561,1.915901391247084
7029,test,0,0.15147748962044716,0.15192479179434576,25.75031958139998,3.1436339302195604,1.9386406767596644
7030,test,0,0.18723034858703613,0.15192479179434576,25.735566354443453,3.180637642682212,1.9610413415368244
7031,test,0,0.15751340985298157,0.15192479179434576,25.720007615345587,3.21730685240076,1.9836259177097535
7032,test,0,0.15528181940317154,0.15192479179434576,25.70367634597969,3.2535702377116373,2.002995904024684
7033,test,0,0.16714609414339066,0.15192479179434576,25.686703365857717,3.289566219929667,2.0197630125713344
7034,test,0,0.17718501389026642,0.15192479179434576,25.66908741348489,3.3253636808353897,2.0369612710473968
7035,test,0,0.1440114676952362,0.1666051625905275,25.65089324467024,3.3607004553975646,2.0546558653628617
7036,test,0,0.09675374627113342,0.1666051625905275,25.632064718893563,3.3959254995336066,2.0686270378943044
7037,test,0,0.15515496581792831,0.1666051625905275,25.612818765016257,3.430886763858307,2.0787578450083135
7038,test,0,0.12316523119807243,0.1666051625905275,25.593334113949687,3.465621810808015,2.084776707573257
7039,test,0,0.10048843920230865,0.1666051625905275,25.573532995530005,3.500482143246506,2.09041458942212
7040,test,0,0.08758500218391418,0.1666051625905275,25.55361521826195,3.5349334090307036,2.0987730326649348
7041,test,0,0.07923991233110428,0.18754949740249305,25.533374802012414,3.569367815184131,2.1055879536726003
7042,test,0,0.07828503474593163,0.18754949740249305,25.512913241445915,3.603797538717907,2.108255971727675
7043,test,0,0.11301811784505844,0.18754949740249305,25.492445431713985,3.6378701767011847,2.115522201587139
7044,test,0,0.056681700050830834,0.18754949740249305,25.47153958318476,3.6720315621982524,2.125101103709872
7045,test,0,0.06897106021642685,0.18754949740249305,25.450446531065772,3.7059099670127065,2.1294704668701296
7046,test,0,0.05641566403210163,0.18754949740249305,25.429241875138256,3.739733179069763,2.1318355663347512
7047,test,0,0.1239347569644451,0.18925295380597817,25.40786192662785,3.7736957990621374,2.1340778913619416
7048,test,0,0.08961095660924911,0.18925295380597817,25.38652171354708,3.8071946407186648,2.1422910002169124
7049,test,0,0.15459686517715454,0.18925295380597817,25.36474002187508,3.840745493230063,2.1511270577640067
7050,test,0,0.1434554159641266,0.18925295380597817,25.342698952725037,3.8740644495836913,2.160051986993882
7051,test,0,0.07115614786744118,0.18925295380597817,25.320438525629015,3.907083898365655,2.167543698081251
7052,test,0,0.062917266972363,0.18925295380597817,25.29779483547555,3.940190562849877,2.1743097813233985
7053,test,0,0.09385637380182743,0.17645307929647452,25.275120114407127,3.9729918380977596,2.1762783960274805
7054,test,0,0.08782152272760868,0.17645307929647452,25.252318761811964,4.0058349648793286,2.1790833356379036
7055,test,0,0.1354154571890831,0.17645307929647452,25.229355509504433,4.0386512147913445,2.184142496946791
7056,test,0,0.11838003993034363,0.17645307929647452,25.20631762138961,4.071036865805326,2.194270844854501
7057,test,0,0.14418620616197586,0.17645307929647452,25.18277790411146,4.1034369103782415,2.204284144590284
7058,test,0,0.15788234770298004,0.17645307929647452,25.15904286336746,4.135417028322579,2.214489122820237
7059,test,0,0.1487191766500473,0.17645307929647452,25.134947979966675,4.167170252408011,2.2249291530240174
7060,test,0,0.13002432882785797,0.15420330465994297,25.11046134547233,4.198832245252499,2.232961299094437
7061,test,0,0.1298479661345482,0.15420330465994297,25.085874753466978,4.230109386309498,2.240789667515545
7062,test,0,0.07047277316451074,0.15420330465994297,25.06093419517264,4.261392266561234,2.2467392276615064
7063,test,0,0.08333174884319304,0.15420330465994297,25.035900946196122,4.292748767451591,2.2403803495683756
7064,test,0,0.06819289550185204,0.15420330465994297,25.01166662942598,4.323634953241821,2.2297297634915445
7065,test,0,0.1528983674943447,0.15420330465994297,24.987381138377483,4.355178350760162,2.2225739713621264
7066,test,0,0.16203098371624947,0.15420330465994297,24.96317372332653,4.386893369867221,2.2256082031766478
7067,test,0,0.15382052399218082,0.12923100420507644,24.93870631298213,4.418465458686709,2.2347585699164925
7068,test,0,0.15259354189038277,0.12923100420507644,24.91396078502335,4.449975626089072,2.237292830523373
7069,test,0,0.18147697672247887,0.12923100420507644,24.890191210972944,4.479743769706158,2.2498349362979657
7070,test,0,0.18395344540476802,0.12923100420507644,24.864966694953054,4.510956070382241,2.2504688484056663
7071,test,0,0.21420569345355034,0.12923100420507644,24.839875743258787,4.541903520904868,2.2547746935549475
7072,test,0,0.19584206491708755,0.12923100420507644,24.814557559205426,4.57275176170732,2.261011860723563
7073,test,0,0.17879738658666613,0.12923100420507644,24.78904615492211,4.603585740953891,2.2617628533514704
7074,test,0,0.21193312853574753,0.11572089252653875,24.763608656795903,4.6343405114885226,2.261546867481407
7075,test,0,0.21651439741253856,0.11572089252653875,24.738094036350795,4.665212514717739,2.260878771833153
7076,test,0,0.2022356390953064,0.11572089252653875,24.71268720930077,4.696084153174598,2.25748947458242
7077,test,0,0.19900675117969513,0.11572089252653875,24.687380520440747,4.726962273317153,2.2571591888781035
7078,test,0,0.17087358981370926,0.11572089252653875,24.662014314244992,4.75795059556965,2.2554135373358064
7079,test,0,0.15788210555911064,0.11572089252653875,24.63684671718527,4.7889020178048884,2.2513168503590637
7080,test,0,0.20262691378593442,0.11572089252653875,24.61171166605677,4.820058957567276,2.247759324608722
7081,test,0,0.21538334898650646,0.11060150290024753,24.586677259831465,4.851273142695785,2.2456086507984443
7082,test,0,0.23615064099431038,0.11060150290024753,24.561769938261463,4.8823690644674755,2.2463054592749194
7083,test,0,0.24355255439877507,0.11060150290024753,24.536694387973444,4.913631444181312,2.246966135959002
7084,test,0,0.2361410744488239,0.11060150290024753,24.511737510817035,4.94465140559452,2.250414735772228
7085,test,0,0.24928398057818413,0.11060150290024753,24.486548062682893,4.975610843069732,2.257340290966151
7086,test,0,0.2454811930656433,0.11060150290024753,24.461082941374904,5.006422237528864,2.2654878021042544
7087,test,0,0.2503597252070904,0.11060150290024753,24.435459194297515,5.036863905081304,2.275389062578499
7088,test,0,0.26823923364281654,0.15350823253119866,24.409407230097,5.067182061392801,2.2857397710632417
7089,test,0,0.26456255465745926,0.15350823253119866,24.383135757245636,5.097196191868157,2.29380131420544
7090,test,0,0.21352658234536648,0.15350823253119866,24.35662392529343,5.126902928625579,2.3050990789832486
7091,test,0,0.2771793082356453,0.15350823253119866,24.32979675485332,5.1565228466123845,2.306094894284296
7092,test,0,0.3085701428353786,0.15350823253119866,24.30294819763457,5.186009148699755,2.3141957276630896
7093,test,0,0.2771649807691574,0.15350823253119866,24.275775628106107,5.215245701037343,2.3248492177231577
7094,test,0,0.27944133430719376,0.15350823253119866,24.248362179823424,5.24422191299081,2.331934912573999
7095,test,0,0.2189367562532425,0.2028190252286217,24.220731532640986,5.272973226682968,2.3407350891219862
7096,test,0,0.2302171178162098,0.2028190252286217,24.192872506156974,5.301528048384959,2.344588035285229
7097,test,0,0.1735289692878723,0.2028190252286217,24.16493247289008,5.330169104107561,2.34261037900427
7098,test,0,0.1714662164449692,0.2028190252286217,24.137114203113352,5.358822634766026,2.3393695710963778
7099,test,0,0.17147500067949295,0.2028190252286217,24.10940108184313,5.387763240115116,2.3284060284434833
7100,test,0,0.1829618662595749,0.2028190252286217,24.082044334129602,5.416937130426524,2.320390178752949
7101,test,0,0.24752233922481537,0.2028190252286217,24.05483052861121,5.446256986264373,2.318513816169753
7102,test,0,0.22257062047719955,0.23230392003769704,24.027755696369905,5.47505587162046,2.332654634894773
7103,test,0,0.2127341479063034,0.23230392003769704,24.000017802008692,5.503627306054001,2.350492765390299
7104,test,0,0.2540736645460129,0.23230392003769704,23.971844296760207,5.531712812527898,2.363873237314087
7105,test,0,0.2661992907524109,0.23230392003769704,23.943217561764598,5.559512885628026,2.3787114011027395
7106,test,0,0.27494730055332184,0.23230392003769704,23.914246794552838,5.586734363195145,2.3948764122896904
7107,test,0,0.22560544312000275,0.23230392003769704,23.884818168608764,5.613634647036791,2.4069202508018885
7108,test,0,0.24626942351460454,0.23230392003769704,23.854996089267136,5.640245026626122,2.419956375099178
7109,test,0,0.24730503931641576,0.23230392003769704,23.825000868083382,5.666398006195364,2.4275472968197773
7110,test,0,0.252076368778944,0.24826472626504587,23.794662623207984,5.692503756365391,2.435058661707514
7111,test,0,0.3595379367470741,0.24826472626504587,23.764211989559882,5.7182016904885575,2.4460988246143494
7112,test,0,0.32142751663923264,0.24826472626504587,23.733471567000954,5.743371521792752,2.4660340929758244
7113,test,0,0.4224884957075119,0.24826472626504587,23.70198038086587,5.768078086532413,2.4876759698411774
7114,test,0,0.21397408097982407,0.24826472626504587,23.670335974153268,5.791549782158805,2.5231589370001943
7115,test,0,0.3111225888133049,0.24826472626504587,23.637566203635064,5.81411168224072,2.5495870103397182
7116,test,0,0.3154497891664505,0.24826472626504587,23.604210898143066,5.836103565587509,2.567731907708218
7117,test,0,0.32406945526599884,0.26754271908297994,23.570673172045417,5.857344727313208,2.5860709633456676
7118,test,0,0.3055513948202133,0.26754271908297994,23.536524732371408,5.8781035155728185,2.604661714001613
7119,test,0,0.18644708767533305,0.26754271908297994,23.502182364304552,5.89819586818013,2.619925372171999
7120,test,0,0.3329047057777643,0.26754271908297994,23.467533197531854,5.917986507414809,2.62332939478611
7121,test,0,0.41707024723291397,0.26754271908297994,23.432801016236297,5.937776807293719,2.6231579138955796
7122,test,0,0.309529647231102,0.26754271908297994,23.398028563631936,5.957332993610602,2.6384205719137603
7123,test,0,0.3344292864203453,0.29852421225114883,23.362897155440653,5.976240051537633,2.656843709501998
7124,test,0,0.22400573641061783,0.29852421225114883,23.32753768942111,5.994459793804489,2.6753522980377133
7125,test,0,0.11434610933065414,0.29852421225114883,23.292080954613763,6.012100765374823,2.680897181906554
7126,test,0,0.29060471057891846,0.29852421225114883,23.25632495374225,6.029796210422535,2.6824037480195084
7127,test,0,0.1507117263972759,0.29852421225114883,23.22044345786359,6.047243677641654,2.6985322327545287
7128,test,0,0.19815897196531293,0.29852421225114883,23.184366600375057,6.0642217562350025,2.7017752131299444
7129,test,0,0.22583530470728874,0.05272614272180432,23.148246111290536,6.081324380404299,2.696362959399213
7130,test,0,0.1635589823126793,0.05272614272180432,23.11216053792228,6.098438429207665,2.703260271411828
7131,test,0,0.206902414560318,0.05272614272180432,23.076021982951683,6.115189124099509,2.710621172798502
7132,test,0,0.19271814823150632,0.05272614272180432,23.0396490912117,6.131808188278837,2.715108155496301
7133,test,0,0.16871988028287893,0.05272614272180432,23.00334916172059,6.148348404206596,2.7109139452545525
7134,test,0,0.27986036986112595,0.05272614272180432,22.967140949789176,6.165168129781718,2.7021873094875466
7135,test,0,0.2198572531342506,0.1057303592445735,22.930932160842367,6.182112961262142,2.70788276246789
7136,test,0,0.24457281455397603,0.1057303592445735,22.89471564566371,6.198664362657227,2.7168809831358485
7137,test,0,0.19914575293660167,0.1057303592445735,22.858256386428806,6.214986985705929,2.7244425597127684
7138,test,0,0.160056721419096,0.1057303592445735,22.82182321658015,6.231053344665256,2.7244335076853776
7139,test,0,0.3831542283296585,0.1057303592445735,22.785397313357112,6.247365036354686,2.7159393464955546
7140,test,0,0.12038686498999598,0.1057303592445735,22.748898920842272,6.263498692946553,2.741306619003463
7141,test,0,0.24544981867074966,0.1277810231519916,22.712357251678498,6.2787146854102245,2.744563718584183
7142,test,0,0.3976450264453888,0.1277810231519916,22.675528596989416,6.294343308529717,2.735341518722442
7143,test,0,0.3026474118232727,0.1277810231519916,22.63845710492294,6.309920084433095,2.7598202214565934
7144,test,0,0.30231159925460815,0.1277810231519916,22.6014966512463,6.324044521011005,2.792537083751477
7145,test,0,0.12541049718856812,0.1277810231519916,22.563857777964223,6.33711093739522,2.8221671271709035
7146,test,0,0.27073671668767924,0.1277810231519916,22.52625928033669,6.349376390543088,2.822676629118824
7147,test,0,0.542974203824997,0.1660577322163276,22.48837919872811,6.362066637400613,2.813886825285792
7148,test,0,0.3345627188682556,0.1660577322163276,22.450399625928757,6.374495924508706,2.844205393057766
7149,test,0,0.3676941692829132,0.1660577322163276,22.412405367640954,6.385302953162692,2.8854636995022753
7150,test,0,0.00932728499174118,0.1660577322163276,22.373869840154015,6.394390509930645,2.9356480555828477
7151,test,0,0.3179958760738372,0.1660577322163276,22.33406695134233,6.4023476274848745,2.9414558714339782
7152,test,0,0.3884151466190815,0.1660577322163276,22.294974990225402,6.410517740661864,2.9295272857966927
7153,test,0,0.303808243945241,0.22524408577099428,22.255770722722602,6.418992297716051,2.929441656401749
7154,test,0,0.3174060136079788,0.22524408577099428,22.216777232011697,6.427370743680245,2.9303449960878716
7155,test,0,0.21658685058355326,0.22524408577099428,22.177700183821724,6.43570738928058,2.9322147958660985
7156,test,0,0.33277006447315216,0.22524408577099428,22.138463918373947,6.444154694783012,2.9233032092460136
7157,test,0,0.372130773961544,0.22524408577099428,22.099542958443852,6.453034756976285,2.9111671950945506
7158,test,0,0.33143549785017967,0.3032118960269567,22.060525387032918,6.462260512684201,2.9085969046187294
7159,test,0,0.31836093962192535,0.3032118960269567,22.021685551114892,6.471488091338826,2.9082292573994994
7160,test,0,0.2747163586318493,0.3032118960269567,21.98285112715542,6.480683456411814,2.9097338700900996
7161,test,0,0.3239203952252865,0.3032118960269567,21.943760804222727,6.49002132214341,2.9031684782612297
7162,test,0,0.3296053558588028,0.3032118960269567,21.905054229064763,6.499586663817991,2.895608423553399
7163,test,0,0.32426419109106064,0.3032118960269567,21.866226251843855,6.509441398695383,2.8904124024604023
7164,test,0,0.2859179079532623,0.3709195205388329,21.82742558293072,6.519491173319596,2.885784748793088
7165,test,0,0.319604478776455,0.3709195205388329,21.788850391443482,6.529649374476431,2.882578049055496
7166,test,0,0.7053140699863434,0.3709195205388329,21.750051413037458,6.539987796577262,2.879603856403072
7167,test,0,0.6759352684020996,0.3709195205388329,21.711439924816684,6.5501195605937355,2.9047173840250204
7168,test,0,0.10802111402153969,0.3709195205388329,21.67291832511852,6.557888452130766,2.980892075841522
7169,test,0,0.33696129918098444,0.3709195205388329,21.632337384936918,6.563714042119769,3.0001542459255908
7170,test,0,0.7168892621994019,0.3709195205388329,21.592757832848687,6.569514330846942,2.99246430678167
7171,test,0,0.06830281764268875,0.4555465733215396,21.55362328658615,6.57463385883954,3.0442083471949988
7172,test,0,0.20956663787364962,0.4555465733215396,21.513813889646226,6.5780406421615245,3.0543386116524522
7173,test,0,0.35621219873428345,0.4555465733215396,21.473904930891468,6.581585271832138,3.052511353153305
7174,test,0,0.32697757706046104,0.4555465733215396,21.43427874125784,6.5850428038881255,3.0570263017969648
7175,test,0,0.3136214930564165,0.4555465733215396,21.39440262056254,6.588294613867974,3.063543319218303
7176,test,0,0.298296658322215,0.4555465733215396,21.354653173615773,6.591248284002604,3.0701363199096425
7177,test,0,0.3203758373856544,0.5570319330024149,21.314831558723213,6.594068130233842,3.0710799013685817
7178,test,0,0.2622928284108639,0.5570319330024149,21.27490856949202,6.596859620720111,3.0724829190308127
7179,test,0,0.37675964646041393,0.5570319330024149,21.23511246229612,6.599744698563137,3.063748991281651
7180,test,0,0.32987961918115616,0.5570319330024149,21.195189471126614,6.6029036743659075,3.0628476128056086
7181,test,0,0.5792606770992279,0.5570319330024149,21.155355529984643,6.605978732717869,3.066059249843228
7182,test,0,0.27710501477122307,0.6597436403273851,21.116499158306656,6.6083499591840456,3.1046144463915657
7183,test,0,0.2010425701737404,0.6597436403273851,21.076722248967116,6.608836351545569,-3.1310183028675382
7184,test,0,0.19729803502559662,0.6597436403273851,21.037010839399173,6.607766952971501,-3.103259377593243
7185,test,0,0.26245400309562683,0.6597436403273851,20.997032414593125,6.606130559228847,-3.102107760394066
7186,test,0,0.28974954783916473,0.6597436403273851,20.956951058065677,6.604644437810981,-3.106518331742148
7187,test,0,0.3486970141530037,0.6597436403273851,20.917051741768258,6.603440724249626,-3.1171128550730436
7188,test,0,0.325614120811224,0.6597436403273851,20.876886496114594,6.602600818640929,-3.1235987797794227
7189,test,0,0.29100550711154943,0.7804349402931814,20.836964752715794,6.601952877284192,-3.1275474757944357
7190,test,0,0.3244280740618706,0.7804349402931814,20.796951386968352,6.601532536951189,-3.1351716357368256
7191,test,0,0.3117099441587925,0.7804349402931814,20.75684587644189,6.601416220074244,-3.141530919538283
7192,test,0,0.35184183716773987,0.7804349402931814,20.716935223241794,6.6015217029485065,3.1356888639324483
7193,test,0,0.3200359456241131,0.7804349402931814,20.676851410948938,6.60178376610443,3.134953753747258
7194,test,0,0.3368140235543251,0.7804349402931814,20.63692447545932,6.60202848956861,3.1352475216013
7195,test,0,0.30396928638219833,0.9085131942358603,20.59701216855768,6.602248780191951,3.136840558427784
7196,test,0,0.3162940628826618,0.9085131942358603,20.556872730600077,6.6024513387097405,3.135901013476694
7197,test,0,0.25200489163398737,0.9085131942358603,20.516991021562596,6.6027028058462225,3.1338823641583278
7198,test,0,0.32402808964252466,0.9085131942358603,20.47686117677505,6.603250553620199,3.1203365843224624
7199,test,0,0.32650147378444677,0.9085131942358603,20.43680418608008,6.6043656248310505,3.107364246794029
7200,test,0,0.40805154666304594,1.0064287924638975,20.396858697964742,6.605976215570262,3.095183616475274
7201,test,0,0.323350565508008,1.0064287924638975,20.35682603005712,6.607766741276856,3.0999908557441103
7202,test,0,0.23853236436843872,1.0064287924638975,20.317063601589506,6.609278918444604,3.1060962033240327
7203,test,0,0.32644170522689825,1.0064287924638975,20.277061527699317,6.610806525588265,3.0987535867626117
7204,test,0,0.33195987343788147,1.0064287924638975,20.23699320833448,6.612680167525696,3.091231704918652
7205,test,0,0.39189521968364716,1.0064287924638975,20.197210214823357,6.614815542529557,3.0844141733332577
7206,test,0,0.3209675662219524,1.125488700184244,20.15724248839142,6.6170667533384036,3.089011841823267
7207,test,0,0.26196304708719254,1.125488700184244,20.11743177450193,6.618986091353525,3.0970863090055847
7208,test,0,0.36200608499348164,1.125488700184244,20.077556894665086,6.62079753078527,3.093865920090261
7209,test,0,0.32013845443725586,1.125488700184244,20.037534597135522,6.622677049476115,3.0968473619271335
7210,test,0,0.2848973199725151,1.125488700184244,19.99778902337799,6.624376079230235,3.099731647275193
7211,test,0,0.3254869058728218,1.125488700184244,19.95776550783984,6.626110637274219,3.095881736996127
7212,test,0,0.32405088841915136,1.2390821123128983,19.917782733274905,6.627997804454926,3.09284397950457
7213,test,0,0.3473457517102361,1.2390821123128983,19.87800364177494,6.63001276559981,3.089325980363575
7214,test,0,0.3181943902745843,1.2390821123128983,19.837976131206005,6.632081225848688,3.091349141633893
7215,test,0,0.31799606420099735,1.2390821123128983,19.79821571015915,6.634015333280568,3.0932323789265754
7216,test,0,0.3234316967427731,1.2390821123128983,19.758284550704882,6.6359089929077095,3.0951667070862223
7217,test,0,0.3111009746789933,1.2390821123128983,19.718293941939095,6.637708170542126,3.0983892183168957
7218,test,0,0.31025339942425484,1.3519143368168507,19.678538077282433,6.6393872696479015,3.099648733749226
7219,test,0,0.32325291354209185,1.3519143368168507,19.638490413549672,6.641062476763552,3.099300853679279
7220,test,0,0.37984802573919296,1.3519143368168507,19.598650765491186,6.6427329547545755,3.0990458555325975
7221,test,0,0.26150318980216974,1.3519143368168507,19.558843911854073,6.644259172240142,3.109101089978027
7222,test,0,0.3139458503574133,1.3519143368168507,19.518779939435355,6.645490329470226,3.11120677184968
7223,test,0,0.32470642402768135,1.3519143368168507,19.479004838831504,6.646698213127943,3.1103981914907215
7224,test,0,0.33659443072974676,1.4624929764301349,19.43897599295204,6.647946139776162,3.110396205437416
7225,test,0,0.3237086720764637,1.4624929764301349,19.399039092956357,6.649118792042233,3.1140666874059093
7226,test,0,0.22213267907500267,1.4624929764301349,19.359238041072157,6.650137808963083,3.118063005648221
7227,test,0,0.14452180638909337,1.4624929764301349,19.319137453937476,6.651040384445278,3.1197082693570333
7228,test,0,0.23400069773197174,1.4624929764301349,19.279339622813776,6.65186039705779,3.1213724201737882
7229,test,0,0.23289190232753754,1.4624929764301349,19.2393704271405,6.652589189069471,3.125782626635097
7230,test,0,0.2494145184755325,0.007857370103008243,19.19932243493686,6.653133526011659,3.1301615108316785
7231,test,0,0.2490742634981871,0.007857370103008243,19.159543858034834,6.653519952069733,3.133481107472386
7232,test,0,0.26389703154563904,0.007857370103008243,19.119462632272295,6.653749230864581,3.1388432882889075
7233,test,0,0.27868878841400146,0.007857370103008243,19.07960295085996,6.653707145784449,-3.137140536738956
7234,test,0,0.270711075514555,0.007857370103008243,19.039712938914008,6.653363565793754,-3.1286918815453393
7235,test,0,0.28855299949645996,0.007857370103008243,18.999604295322822,6.652687555694151,-3.1200874138159977
7236,test,0,0.30174436420202255,0.053205003814578926,18.959872128528012,6.651657107002319,-3.1118411639580277
7237,test,0,0.32163362205028534,0.053205003814578926,18.919866863049304,6.650317260550426,-3.1040903934594097
7238,test,0,0.3205763101577759,0.053205003814578926,18.879942730257536,6.648667710011305,-3.0954732698234473
7239,test,0,0.28739528730511665,0.053205003814578926,18.840159483132418,6.6466649009578,-3.0872883209502087
7240,test,0,0.31959532573819155,0.053205003814578926,18.80010994826194,6.644339782165523,-3.0790885093262825
7241,test,0,0.3172025009989739,0.053205003814578926,18.760426056572854,6.6416832792625575,-3.070507917594353
7242,test,0,0.30726269260048866,0.15771011846501728,18.72057292072187,6.63868697568123,-3.0625649157249804
7243,test,0,0.32346851378679276,0.15771011846501728,18.680667963817147,6.635376474029953,-3.0543161449651324
7244,test,0,0.3100670129060745,0.15771011846501728,18.641077044898946,6.631724874898732,-3.0452231384463206
7245,test,0,0.29581078328192234,0.15771011846501728,18.601200863189913,6.627724923769025,-3.0378006831197437
7246,test,0,0.31345239095389843,0.15771011846501728,18.561572031918136,6.6234742811458815,-3.0318321171971845
7247,test,0,0.30750709027051926,0.15771011846501728,18.521912691684303,6.618977939317798,-3.02567217125567
7248,test,0,0.3344627656042576,0.23479766986020065,18.48212310135056,6.614219338257504,-3.019368337832173
7249,test,0,0.3162379674613476,0.23479766986020065,18.442686615390624,6.609207625153986,-3.0108967987698185
7250,test,0,0.31421177461743355,0.23479766986020065,18.40304285931234,6.603819081018804,-3.0018931130054205
7251,test,0,0.3224145323038101,0.23479766986020065,18.363524278023036,6.598113838899594,-2.9947503423577944
7252,test,0,0.3162107579410076,0.23479766986020065,18.324161113074553,6.592115079678369,-2.9862900213808157
7253,test,0,0.3295243307948112,0.23479766986020065,18.28464171563891,6.585771354099362,-2.9789335038431695
7254,test,0,0.33475320041179657,0.28510681040108415,18.245384496428173,6.579167254921777,-2.970621068024578
7255,test,0,0.32504134997725487,0.28510681040108415,18.20607259090373,6.572167670805138,-2.9598543659943775
7256,test,0,0.32469320297241216,0.28510681040108415,18.16684445278962,6.564743687157636,-2.949429657628737
7257,test,0,0.31416810676455503,0.28510681040108415,18.127849775370287,6.556902465949533,-2.9372298182085097
7258,test,0,0.3220375776290893,0.28510681040108415,18.088800791546028,6.548561922095628,-2.9257596405010493
7259,test,0,0.3399602174758911,0.3763836763967885,18.04986310419896,6.539794641735817,-2.91425422720459
7260,test,0,0.3265998661518097,0.3763836763967885,18.01115995100482,6.530512834381057,-2.897581015393728
7261,test,0,0.334477499127388,0.3763836763967885,17.97260946718594,6.520558067440163,-2.8803432563545437
7262,test,0,0.33135728538036346,0.3763836763967885,17.934210925556116,6.509891218327265,-2.860044419202574
7263,test,0,0.3382580876350403,0.3763836763967885,17.896151665692578,6.498412732690277,-2.838014971925068
7264,test,0,0.321498841047287,0.3763836763967885,17.858279660402516,6.486085647954445,-2.8155159405411068
7265,test,0,0.30829619616270065,0.5150056676093683,17.82065643672981,6.472871788099968,-2.791285929222679
7266,test,0,0.32959529757499695,0.5150056676093683,17.78356436598734,6.458827038441481,-2.768406262159137
7267,test,0,0.33533288538455963,0.5150056676093683,17.746542801321,6.443825514399478,-2.744312773570013
7268,test,0,0.33753134310245514,0.5150056676093683,17.71008119554854,6.427990349616047,-2.717537054700902
7269,test,0,0.3385785222053528,0.5150056676093683,17.674149084919055,6.411127409626487,-2.687431759665822
7270,test,0,0.3235616683959961,0.5150056676093683,17.638607607608552,6.393035600601091,-2.653489178823377
7271,test,0,0.33467552065849304,0.5150056676093683,17.604005494949938,6.373873363027118,-2.6179616116665696
7272,test,0,0.3872392028570175,0.6924811664010625,17.570019437030552,6.353355449616479,-2.5785804090936497
7273,test,0,0.30118104815483093,0.6924811664010625,17.537000511400098,6.331565007326535,-2.5343067296293253
7274,test,0,0.34545519948005676,0.6924811664010625,17.50527657057685,6.3081116334561225,-2.4741794776094226
7275,test,0,0.3344243913888931,0.6924811664010625,17.475275383282803,6.282874204595466,-2.4086025334150376
7276,test,0,0.3404475264251232,0.8177318459739648,17.44691881696679,6.255420162036046,-2.3352357416767124
7277,test,0,0.33464911580085754,0.8177318459739648,17.420808137971978,6.226075773801544,-2.2590390421534567
7278,test,0,0.3412001132965088,0.8177318459739648,17.39707249407246,6.194833337954359,-2.1825490930638045
7279,test,0,0.353430539369583,0.9366980314175238,17.375501968886326,6.161866374286439,-2.1198608434991555
7280,test,0,0.23723263293504715,0.9366980314175238,17.355550315369904,6.127507283030529,-2.0752458782974372
7281,test,0,0.09784476831555367,0.9366980314175238,17.337093856080774,6.0926020021137814,-2.0419969566277167
7282,test,0,0.3119641244411469,0.9366980314175238,17.31956331925753,6.056950139356158,-2.0138719430093013
7283,test,0,0.3178966492414474,0.9366980314175238,17.302875491192076,6.020608430795899,-1.9877120812927722
7284,test,0,0.33836409449577337,0.9366980314175238,17.287275992596086,5.984196436838289,-1.9640525378210065
7285,test,0,0.29843885451555247,1.176322286310593,17.272359567932167,5.9471612296158005,-1.9436517803713906
7286,test,0,0.3065681532025337,1.176322286310593,17.258109836608334,5.909947164151232,-1.9297507877295894
7287,test,0,0.29353657364845276,1.176322286310593,17.244415867271297,5.872584514347789,-1.914583317175077
7288,test,0,0.2923493683338165,1.176322286310593,17.231272894051504,5.834901833434365,-1.8984029423560385
7289,test,0,0.31898244470357895,1.176322286310593,17.21882465956873,5.797110686513418,-1.8791891723705327
7290,test,0,0.3282407894730568,1.176322286310593,17.207107971012647,5.759019176205313,-1.8596842503935822
7291,test,0,0.28045449405908585,1.4086642978089656,17.196009280081977,5.720712716699498,-1.8467881907651453
7292,test,0,0.32899679243564606,1.4086642978089656,17.185346763653186,5.682279430300175,-1.836592354512291
7293,test,0,0.03549474477767944,1.4086642978089656,17.175030380837082,5.643775201406253,-1.8300380264521547
7294,test,0,0.3363709188997746,1.4086642978089656,17.16490196699118,5.605111766870367,-1.8240816399948767
7295,test,0,0.3188100084662438,1.4086642978089656,17.155089631309004,5.566442893299608,-1.8142656910443853
7296,test,0,0.32979825139045715,1.4086642978089656,17.145654521143175,5.527780308509122,-1.8063169431963593
7297,test,0,0.3206611946225166,0.10276598100517867,17.136519682281573,5.4888807282817424,-1.796395840082646
7298,test,0,0.34083268046379095,0.10276598100517867,17.127863104977067,5.450053120009626,-1.7850070790065173
7299,test,0,0.12558607012033463,0.10276598100517867,17.119592595356576,5.410997903579595,-1.773648664643318
7300,test,0,0.2606944143772125,0.10276598100517867,17.11183103744871,5.371833243624174,-1.7588727556820005
7301,test,0,0.34489368647336965,0.10276598100517867,17.10469321735888,5.332783052933448,-1.7447792040346672
7302,test,0,0.1165209710597992,0.10276598100517867,17.09807933806766,5.29333495258525,-1.728625273367395
7303,test,0,0.11528074741363525,0.35006048375252885,17.09219475905103,5.254005963209385,-1.7105275681724306
7304,test,0,0.11641313880681989,0.35006048375252885,17.086994506056904,5.214527081570704,-1.6931033385202527
7305,test,0,0.11959874629974368,0.35006048375252885,17.08244924926031,5.1747286420124,-1.6745984347281984
7306,test,0,0.10438413172960279,0.35006048375252885,17.0787200421436,5.135248779989097,-1.6558330775246801
7307,test,0,0.32911811769008636,0.35006048375252885,17.07570288918993,5.095423985769237,-1.6368854949894494
7308,test,0,0.33509157598018646,0.35006048375252885,17.07344763092408,5.055598852899121,-1.616988514723422
7309,test,0,0.2694835662841797,0.5882122951773087,17.072073410089295,5.015914464189383,-1.5936565866820627
7310,test,0,0.27262432873249054,0.5882122951773087,17.071680945901846,4.976023598961328,-1.5674346951648916
7311,test,0,0.3205309063196182,0.5882122951773087,17.072355997778413,4.936317522433273,-1.5394563296163066
7312,test,0,0.2728756368160248,0.5882122951773087,17.074208194152803,4.8966100275603734,-1.508926213170294
7313,test,0,0.2505916357040405,0.5882122951773087,17.077229153051313,4.857030629931065,-1.480520408318657
7314,test,0,0.1750943958759308,0.5882122951773087,17.0814625293642,4.817481633424769,-1.4469000961025609
7315,test,0,0.17730434238910675,0.013123269467124074,17.087059597342495,4.778228493604214,-1.4118391008771516
7316,test,0,0.18490327894687653,0.013123269467124074,17.094023719890675,4.739076474478883,-1.3774096973224044
7317,test,0,0.16663871705532074,0.013123269467124074,17.102375983604844,4.700221778992372,-1.3397366954185257
7318,test,0,0.1608583629131317,0.013123269467124074,17.11209498223961,4.6618483491020015,-1.306293317981339
7319,test,0,0.16352629661560059,0.013123269467124074,17.12314051605229,4.623489757643955,-1.2741031842117374
7320,test,0,0.16889294981956482,0.013123269467124074,17.135323059529732,4.58579935607727,-1.2415400114321267
7321,test,0,0.1744815558195114,0.021832325610771825,17.148760383717935,4.548593258538272,-1.2085567223099072
7322,test,0,0.28477391600608826,0.021832325610771825,17.159338075377583,4.535979712666601,-1.3289490415885274
7323,test,0,0.26543495059013367,0.021832325610771825,17.1669910987188,4.515870980004781,-1.5368866297667416
7324,test,0,0.27075517177581787,0.021832325610771825,17.167045131444446,4.506378096082754,-1.5732234315618008
7325,test,0,0.26240208745002747,0.021832325610771825,17.1673273221146,4.5060953497409475,-1.570820999595626
7326,test,0,0.2704122066497803,0.021832325610771825,17.167518305279604,4.506418786050229,-1.571959599396181
7327,test,0,0.27026882767677307,0.021832325610771825,17.167873480803834,4.506194668688256,-1.5716782829471487
7328,test,0,0.26230475306510925,0.021832325610771825,17.168116066566423,4.50640059464917,-1.5728945747985992
7329,test,0,0.2668151557445526,0.021832325610771825,17.16832180269488,4.506297048990835,-1.5704971930338831
7330,test,0,0.26221364736557007,0.021832325610771825,17.168722245251917,4.506160823989207,-1.5717828651899448
7331,test,0,0.26909539103507996,0.021832325610771825,17.16897108698041,4.506272449564025,-1.5713302867196304
7332,test,0,0.269944965839386,0.021832325610771825,17.16928664386028,4.506410520079858,-1.5700833021418483
7333,test,0,0.26497262716293335,0.021832325610771825,17.169457768569398,4.506387661274772,-1.5718161015926069
7334,test,0,0.26465848088264465,0.021832325610771825,17.16986072683089,4.506230431057194,-1.571953290376785
7335,test,0,0.26414138078689575,0.021832325610771825,17.17004494627208,4.5064667188747825,-1.572491967044247
7336,test,0,0.2698139548301697,0.021832325610771825,17.170514839075338,4.506493762725921,-1.5725945658460347
7337,test,0,0.26930758357048035,0.021832325610771825,17.170638668563992,4.506319131640621,-1.5724765617458039
7338,test,0,0.2699644863605499,0.021832325610771825,17.170917658922097,4.5063257996282555,-1.571159315626747
7339,test,0,0.2658478319644928,0.021832325610771825,17.171262644707735,4.5064907028739665,-1.5732284125433704
7340,test,0,0.269977331161499,0.021832325610771825,17.171466843535327,4.506213823589188,-1.5709371734965039
7341,test,0,0.27004274725914,0.021832325610771825,17.17177828742482,4.506395086907855,-1.5718664953328128
7342,test,0,0.2622317969799042,0.021832325610771825,17.171805434087965,4.506252212425366,-1.570796016305627
7343,test,0,0.2641262710094452,0.021832325610771825,17.17198971186912,4.5064663074503954,-1.5729165365122788
7344,test,0,0.26964977383613586,0.021832325610771825,17.172039796375685,4.506049271059698,-1.5707959490214827
7345,test,0,0.2621407210826874,0.021832325610771825,17.172257782595604,4.506382717744972,-1.5705709293359107
7346,test,0,0.2620701789855957,0.021832325610771825,17.172483030966337,4.506507151130012,-1.572603024356248
7347,test,0,0.26823437213897705,0.021832325610771825,17.172749566192554,4.506267049638523,-1.570791494875567
7348,test,0,0.26196596026420593,0.021832325610771825,17.172977610519048,4.506256550406643,-1.5707152915472717
7349,test,0,0.26219889521598816,0.021832325610771825,17.172997314739835,4.50625232856019,-1.570796163080343
7350,test,0,0.26971518993377686,0.021832325610771825,17.17320800947571,4.50646086948374,-1.5723643946806072
7351,test,0,0.2698500156402588,0.021832325610771825,17.173481252386924,4.5063390878876595,-1.5707857219693742
7352,test,0,0.26996907591819763,0.021832325610771825,17.17363078657203,4.506421332714326,-1.572071561195983
7353,test,0,0.2619926929473877,0.021832325610771825,17.173893889226694,4.506268467572944,-1.5718015258404052
7354,test,0,0.2700992822647095,0.021832325610771825,17.17423393609825,4.5063897816076075,-1.5720948194835103
7355,test,0,0.26997146010398865,0.021832325610771825,17.174468136533434,4.506333707149089,-1.5704786349204989
7356,test,0,0.2699194848537445,0.021832325610771825,17.174782566280737,4.506208226784812,-1.5717934324086493
7357,test,0,0.26211830973625183,0.021832325610771825,17.174948797721445,4.50615865305621,-1.5714025194895325
7358,test,0,0.26484212279319763,0.021832325610771825,17.17509007745976,4.506359894014779,-1.5709656234563742
7359,test,0,0.26449456810951233,0.021832325610771825,17.17528972988235,4.5060523263233705,-1.5710315209528154
7360,test,0,0.27034538984298706,0.021832325610771825,17.17567254982185,4.50642496531466,-1.5722825096767048
7361,test,0,0.2620897889137268,0.021832325610771825,17.175781384609376,4.506255239282406,-1.5707749922193281
7362,test,0,0.26602160930633545,0.021832325610771825,17.176218725510005,4.5062561817585856,-1.571719439182126
7363,test,0,0.26803532242774963,0.021832325610771825,17.176312576140635,4.506383491969919,-1.5717848940794679
7364,test,0,0.26201459765434265,0.021832325610771825,17.176720416952556,4.506519616124485,-1.5721835054374231
7365,test,0,0.26198288798332214,0.021832325610771825,17.176979064431805,4.506483121196658,-1.5725087794923136
7366,test,0,0.26238909363746643,0.021832325610771825,17.177153791026537,4.5062626368342915,-1.571583791230729
7367,test,0,0.2699526250362396,0.021832325610771825,17.17754987461286,4.506501784844364,-1.5722481939895383
7368,test,0,0.2698087990283966,0.021832325610771825,17.17763879328624,4.506255477563081,-1.5711752646119268
7369,test,0,0.26665565371513367,0.021832325610771825,17.177950383890405,4.506228696933723,-1.571775639458183
7370,test,0,0.2700156271457672,0.021832325610771825,17.17815735842138,4.506530432715845,-1.5725591160019952
7371,test,0,0.2705076038837433,0.021832325610771825,17.178437962221892,4.506371355830358,-1.5711380565796966
7372,test,0,0.2646017074584961,0.021832325610771825,17.178564378350092,4.506392010984731,-1.5718495296736834
7373,test,0,0.2698793113231659,0.021832325610771825,17.178901116441654,4.506137934431614,-1.571134850176272
7374,test,0,0.2648022174835205,0.021832325610771825,17.179206170962363,4.506389808216879,-1.571840450170353
7375,test,0,0.26207125186920166,0.021832325610771825,17.17955965414676,4.506124954149845,-1.5709007196054863
7376,test,0,0.2701612412929535,0.021832325610771825,17.179847484162824,4.5064687512315835,-1.5724217960363822
7377,test,0,0.2649628818035126,0.021832325610771825,17.180062986804963,4.506327192805075,-1.5707641360090392
7378,test,0,0.26714158058166504,0.021832325610771825,17.18037900660763,4.506391596981104,-1.57184469196599
7379,test,0,0.26199790835380554,0.021832325610771825,17.180542633539947,4.506371701215314,-1.571632491352103
7380,test,0,0.2695031762123108,0.021832325610771825,17.180933266355503,4.5064636215374545,-1.5714136628329245
7381,test,0,0.270626038312912,0.021832325610771825,17.18128770335813,4.506396540133899,-1.5723728386267382
7382,test,0,0.2701192796230316,0.021832325610771825,17.18159986922248,4.506091651540952,-1.571344563528313
7383,test,0,0.2645198106765747,0.021832325610771825,17.181721363895953,4.506137311180689,-1.570883115204575
7384,test,0,0.26188924908638,0.021832325610771825,17.1821246921001,4.506385619691206,-1.5716904358528971
7385,test,0,0.2672565281391144,0.021832325610771825,17.18233447874057,4.506370751363896,-1.5716937102653226
7386,test,0,0.27033329010009766,0.021832325610771825,17.182707094617214,4.506254009577033,-1.570823197047149
7387,test,0,0.2704760432243347,0.021832325610771825,17.183037951675622,4.506517245026363,-1.5730380523589744
7388,test,0,0.27011457085609436,0.021832325610771825,17.18337889293988,4.506167678981099,-1.5712171080002448
7389,test,0,0.27099308371543884,0.021832325610771825,17.18366957121035,4.506504568242735,-1.5732397652923522
7390,test,0,0.2705526053905487,0.021832325610771825,17.183811376677035,4.506275944202459,-1.5705494729815273
7391,test,0,0.2698577642440796,0.021832325610771825,17.18414965978789,4.506335233510918,-1.5722297707378543
7392,test,0,0.26163360476493835,0.021832325610771825,17.184325229698075,4.506347667483672,-1.5715151987964493
7393,test,0,0.27045953273773193,0.021832325610771825,17.184584165702084,4.50625270961144,-1.5707962767199077
7394,test,0,0.2667276859283447,0.021832325610771825,17.184879165745553,4.506249352656348,-1.5716399119286155
7395,test,0,0.26170581579208374,0.021832325610771825,17.18517996917781,4.5064442437243395,-1.5721762609746182
7396,test,0,0.26364216208457947,0.021832325610771825,17.185342980852727,4.50634948179971,-1.5716182166306139
7397,test,0,0.263911634683609,0.021832325610771825,17.185722709133593,4.506191282114466,-1.5710616268647934
7398,test,0,0.261454313993454,0.021832325610771825,17.185923447226433,4.506226818426909,-1.5720473259404084
7399,test,0,0.2643546760082245,0.021832325610771825,17.18620829643906,4.50632729386151,-1.5709244784733687
7400,test,0,0.27026358246803284,0.021832325610771825,17.18637263990229,4.506487812238145,-1.5732208788021607
7401,test,0,0.27013149857521057,0.021832325610771825,17.186606439020267,4.506315239493282,-1.5707467315952024
7402,test,0,0.26385852694511414,0.021832325610771825,17.186888288751963,4.506102240039243,-1.5713818259296035
7403,test,0,0.26344034075737,0.021832325610771825,17.18699046522924,4.506252449002679,-1.5707962546140148
7404,test,0,0.2614879608154297,0.021832325610771825,17.18720454520626,4.506470251265594,-1.5724568293723533
7405,test,0,0.2620936930179596,0.021832325610771825,17.187321238256143,4.50636412770317,-1.5716309786916032
7406,test,0,0.27038735151290894,0.021832325610771825,17.187557233508116,4.506414921340008,-1.5715673344893217
7407,test,0,0.267336905002594,0.021832325610771825,17.187735091435357,4.506076708927862,-1.5708743998974928
7408,test,0,0.2662349343299866,0.021832325610771825,17.18813779947673,4.50613165069169,-1.570905112165951
7409,test,0,0.269934743642807,0.021832325610771825,17.188341714507526,4.506376010591277,-1.570723253544962
7410,test,0,0.26970285177230835,0.021832325610771825,17.18869223025307,4.506167400211348,-1.5712835044053923
7411,test,0,0.26886019110679626,0.021832325610771825,17.188861106796878,4.506258208335322,-1.5722516077980038
7412,test,0,0.26964133977890015,0.021832325610771825,17.1891572816979,4.506289508782617,-1.5709328597526317
7413,test,0,0.2637881338596344,0.021832325610771825,17.189405801206657,4.506458484221267,-1.5723522751769412
7414,test,0,0.26110899448394775,0.021832325610771825,17.18967736871871,4.506271995039579,-1.5719771152701858
7415,test,0,0.2637719213962555,0.021832325610771825,17.190014042936383,4.506624245315058,-1.5727291092720386
7416,test,0,0.269598126411438,0.021832325610771825,17.19031315790371,4.506207134631112,-1.57115753421053
7417,test,0,0.2665591835975647,0.021832325610771825,17.190666086931714,4.506294031538928,-1.5722975739055265
7418,test,0,0.26998916268348694,0.021832325610771825,17.1908549191775,4.506201042391678,-1.5708362508976452
7419,test,0,0.2610131502151489,0.021832325610771825,17.191077452240087,4.50637235079572,-1.5707478583931727
7420,test,0,0.26091912388801575,0.021832325610771825,17.191164497074485,4.506252244730749,-1.5708065441912098
7421,test,0,0.2699281871318817,0.021832325610771825,17.19158393766825,4.506258326522501,-1.571365442310269
7422,test,0,0.26990005373954773,0.021832325610771825,17.1917976100746,4.506336771716784,-1.5710979334747301
7423,test,0,0.27039095759391785,0.021832325610771825,17.192241007680078,4.506372915006632,-1.572204019236669
7424,test,0,0.2707363963127136,0.021832325610771825,17.192362002596806,4.506278322534918,-1.5722524651566827
7425,test,0,0.2652875483036041,0.021832325610771825,17.192601070836965,4.5062523388327325,-1.5707962054562699
7426,test,0,0.2607990503311157,0.021832325610771825,17.192687648315523,4.506406854365998,-1.571963633860414
7427,test,0,0.2698783278465271,0.021832325610771825,17.192940115509312,4.506135984421701,-1.571501558773302
7428,test,0,0.2738407850265503,0.021832325610771825,17.193224182187233,4.506336649880123,-1.570903397063722
7429,test,0,0.26787737011909485,0.021832325610771825,17.19352409203163,4.506177084562241,-1.5711086072294425
7430,test,0,0.2699093222618103,0.021832325610771825,17.19385901649145,4.506361109944669,-1.5717364584940883
7431,test,0,0.2605586647987366,0.021832325610771825,17.194091836090504,4.506129505065167,-1.5710263615415798
7432,test,0,0.26249465346336365,0.021832325610771825,17.19449034736406,4.506468576729872,-1.5722002510158049
7433,test,0,0.26041775941848755,0.021832325610771825,17.19457660020411,4.506317648947112,-1.5706924679768903
7434,test,0,0.2631693184375763,0.021832325610771825,17.195013055091636,4.506359825562029,-1.5716058396662593
7435,test,0,0.2605152130126953,0.021832325610771825,17.19523109099644,4.50640844447775,-1.5716592107737937
7436,test,0,0.2603904604911804,0.021832325610771825,17.195572930474334,4.506344421171872,-1.5719517167107597
7437,test,0,0.26336467266082764,0.021832325610771825,17.195637346666377,4.506180157391261,-1.5716070559617787
7438,test,0,0.26041489839553833,0.021832325610771825,17.195824686782395,4.506342366461143,-1.5706907919014919
7439,test,0,0.2623721659183502,0.021832325610771825,17.196117552029666,4.5063645417687095,-1.572913430238518
7440,test,0,0.26616889238357544,0.021832325610771825,17.19628585551072,4.506155739096603,-1.5707041312963357
7441,test,0,0.27013832330703735,0.021832325610771825,17.19659667392832,4.506444437425347,-1.5704728033970443
7442,test,0,0.2683916985988617,0.021832325610771825,17.19680848095411,4.506220013908806,-1.570903274045246
7443,test,0,0.27014195919036865,0.021832325610771825,17.197151451064297,4.506267891545037,-1.5716631715071583
7444,test,0,0.26086944341659546,0.021832325610771825,17.197402057007242,4.506515849728004,-1.5721310861348787
7445,test,0,0.26883915066719055,0.021832325610771825,17.197693692775626,4.506397846900962,-1.571791427693182
7446,test,0,0.26808369159698486,0.021832325610771825,17.197908419937967,4.5062509356322,-1.5718616673317436
7447,test,0,0.26519420742988586,0.021832325610771825,17.19821133493811,4.506327566981875,-1.5704813251556897
7448,test,0,0.263864129781723,0.021832325610771825,17.1983653520226,4.506407866217819,-1.5719690797016548
7449,test,0,0.2600660026073456,0.021832325610771825,17.198773107844218,4.506247639447767,-1.5719261541007736
7450,test,0,0.2598862051963806,0.021832325610771825,17.19900578257244,4.5063301628300865,-1.5722933677033357
7451,test,0,0.2686949074268341,0.021832325610771825,17.19904725528028,4.5062525200446535,-1.5707962634327624
7452,test,0,0.26004964113235474,0.021832325610771825,17.199174283885426,4.5063138547605766,-1.5711658408824767
7453,test,0,0.26389041543006897,0.021832325610771825,17.199418290273552,4.506424275395739,-1.5720582579002946
7454,test,0,0.26000088453292847,0.021832325610771825,17.199608911383454,4.506270912892125,-1.5709505312307608
7455,test,0,0.26254820823669434,0.021832325610771825,17.199984204757744,4.506354235252734,-1.5724082762872957
7456,test,0,0.26954320073127747,0.021832325610771825,17.20041475966852,4.506364953526071,-1.5724601446149342
7457,test,0,0.2616960108280182,0.021832325610771825,17.200612474712514,4.506424335456248,-1.5707460607563066
7458,test,0,0.2598836123943329,0.021832325610771825,17.20089029184866,4.50618928310177,-1.5709326866146534
7459,test,0,0.25980374217033386,0.021832325610771825,17.201087666827572,4.506213199827081,-1.5715320716887178
7460,test,0,0.2652931809425354,0.021832325610771825,17.201387781777182,4.5063031650116026,-1.5702424358705327
7461,test,0,0.26546138525009155,0.021832325610771825,17.20160234126425,4.5064401774204415,-1.572212527939263
7462,test,0,0.26477470993995667,0.021832325610771825,17.2018421916336,4.5060734510795,-1.5708035926025095
7463,test,0,0.25968924164772034,0.021832325610771825,17.202134415953715,4.506443160051039,-1.5721237989406855
7464,test,0,0.2681635320186615,0.021832325610771825,17.20245143592069,4.506530579851965,-1.5725466618306
7465,test,0,0.26507583260536194,0.021832325610771825,17.20273972502097,4.506346475677467,-1.5723532385193864
7466,test,0,0.25969016551971436,0.021832325610771825,17.20290577390276,4.506164173938934,-1.5708280666956582
7467,test,0,0.2690282464027405,0.021832325610771825,17.203277556201275,4.506486921503166,-1.5721702080021873
7468,test,0,0.2698243260383606,0.021832325610771825,17.203514713238064,4.5064947251251,-1.5726514874336917
7469,test,0,0.2690659463405609,0.021832325610771825,17.203873802071485,4.50626261961623,-1.5716990224551608
7470,test,0,0.2639405131340027,0.021832325610771825,17.204085260838106,4.506381189406997,-1.5714769031105678
7471,test,0,0.2659965753555298,0.021832325610771825,17.204455652178908,4.50625176171033,-1.5707525495994739
7472,test,0,0.2640098035335541,0.021832325610771825,17.204695790449637,4.506231483043518,-1.5717965590318388
7473,test,0,0.26892057061195374,0.021832325610771825,17.204874878427887,4.506251927095901,-1.5707962759091125
7474,test,0,0.27057820558547974,0.021832325610771825,17.205035235425164,4.506399025821211,-1.5732588601820614
7475,test,0,0.25967544317245483,0.021832325610771825,17.20522789634651,4.506376035533667,-1.5716945081928757
7476,test,0,0.25937795639038086,0.021832325610771825,17.20552530799261,4.506449229992204,-1.5724150991142791
7477,test,0,0.2606240510940552,0.021832325610771825,17.20577843589709,4.506410718381517,-1.5717729364338988
7478,test,0,0.2624039351940155,0.021832325610771825,17.20607521014734,4.506108779583929,-1.5714318933973317
7479,test,0,0.2587054967880249,0.021832325610771825,17.206239218736783,4.506170655221908,-1.570908568489884
7480,test,0,0.26240721344947815,0.021832325610771825,17.206525279577512,4.506427029341526,-1.5723647964202703
7481,test,0,0.267505019903183,0.021832325610771825,17.206681826164658,4.506464408547959,-1.5728302934138656
7482,test,0,0.2683541178703308,0.021832325610771825,17.20703378609303,4.5064162200988775,-1.5719431397510537
7483,test,0,0.2682749330997467,0.021832325610771825,17.207296442739363,4.506382208273065,-1.5721958735542878
7484,test,0,0.2641952335834503,0.021832325610771825,17.207657846031626,4.5062393816581485,-1.571698952330915
7485,test,0,0.2647351920604706,0.021832325610771825,17.207844458819988,4.506467223902475,-1.5721858934032005
7486,test,0,0.2635725736618042,0.021832325610771825,17.207905998665794,4.506252472774145,-1.5707962378232827
7487,test,0,0.2590826749801636,0.021832325610771825,17.20809117180219,4.50650529884056,-1.5737394263484195
7488,test,0,0.26797863841056824,0.021832325610771825,17.208302350945477,4.506233693004113,-1.5716493201001274
7489,test,0,0.2662864625453949,0.021832325610771825,17.208613483983687,4.506340888455692,-1.5708106664825292
7490,test,0,0.2619665265083313,0.021832325610771825,17.208919301374976,4.506278801244643,-1.5707876340196356
7491,test,0,0.26400595903396606,0.021832325610771825,17.20923207641222,4.506206416585517,-1.5717629386206777
7492,test,0,0.262224942445755,0.021832325610771825,17.20943478843745,4.506222842256409,-1.5708653378114235
7493,test,0,0.2676939070224762,0.021832325610771825,17.20972716602183,4.506135647693695,-1.5708125941119602
7494,test,0,0.25879475474357605,0.021832325610771825,17.209906202397487,4.5062026107379385,-1.5714812841831514
7495,test,0,0.2677152752876282,0.021832325610771825,17.210197581421316,4.506367564372531,-1.571460691658967
7496,test,0,0.25868645310401917,0.021832325610771825,17.210392845455374,4.506417354299122,-1.5720396397501086
7497,test,0,0.26070794463157654,0.021832325610771825,17.210808547282454,4.506431349883474,-1.5720986095818414
7498,test,0,0.26742449402809143,0.021832325610771825,17.210972524837242,4.506391570747239,-1.5718422812137818
7499,test,0,0.2585875391960144,0.021832325610771825,17.211263235303694,4.506252624299403,-1.5708005973073464
7500,test,0,0.258428692817688,0.021832325610771825,17.211605915772175,4.506329451021723,-1.5717831942147182
7501,test,0,0.26726654171943665,0.021832325610771825,17.211895987187262,4.5064457603764865,-1.5721673677249648
7502,test,0,0.26719316840171814,0.021832325610771825,17.212028931371876,4.506396332845114,-1.5717674783890987
7503,test,0,0.2671450078487396,0.021832325610771825,17.212247786255453,4.506140258146439,-1.5713581356672088
7504,test,0,0.2656517028808594,0.021832325610771825,17.212625542750466,4.506189484013812,-1.5718851298996537
7505,test,0,0.25840091705322266,0.021832325610771825,17.21281097695525,4.506445800060922,-1.5707614104147805
7506,test,0,0.26105934381484985,0.021832325610771825,17.213160492985114,4.506329967526422,-1.5717259741477951
7507,test,0,0.25825297832489014,0.021832325610771825,17.21344523185454,4.506499039714761,-1.5727499645255134
7508,test,0,0.2582385241985321,0.021832325610771825,17.21368451629882,4.506252777263592,-1.570796259337707
7509,test,0,0.2665233910083771,0.021832325610771825,17.213780274843156,4.506423720895807,-1.5720888865457692
7510,test,0,0.27114707231521606,0.021832325610771825,17.21406139577588,4.506128141584321,-1.5708444241705861
7511,test,0,0.25808972120285034,0.021832325610771825,17.21447221876463,4.506526213957035,-1.5724096719352192
7512,test,0,0.26630961894989014,0.021832325610771825,17.21476140087058,4.506204288449078,-1.570789512499531
7513,test,0,0.26611897349357605,0.021832325610771825,17.215074715928157,4.506255802342589,-1.571752958664353
7514,test,0,0.2655580937862396,0.021832325610771825,17.21526864621438,4.506374456539228,-1.5715521626427342
7515,test,0,0.2579515874385834,0.021832325610771825,17.215377141485654,4.506338504634969,-1.5714888908453768
7516,test,0,0.25867849588394165,0.021832325610771825,17.215537284808583,4.5062709458331,-1.5714666705293123
7517,test,0,0.25947022438049316,0.021832325610771825,17.215944193660434,4.506261569220644,-1.5715317510245748
7518,test,0,0.2626156508922577,0.021832325610771825,17.21609452974098,4.506332513067479,-1.5710514275168779
7519,test,0,0.26591241359710693,0.021832325610771825,17.216528104980743,4.506258544749363,-1.570868923061711
7520,test,0,0.2594570517539978,0.021832325610771825,17.216801545171048,4.506345465497081,-1.5727417564831405
7521,test,0,0.26059889793395996,0.021832325610771825,17.21699813833985,4.506276140257757,-1.5707884811017836
7522,test,0,0.2634313106536865,0.021832325610771825,17.21725169899212,4.506259925495666,-1.5721797598715685
7523,test,0,0.2575991451740265,0.021832325610771825,17.217549411225747,4.50626807446984,-1.5719126033791049
7524,test,0,0.26553934812545776,0.021832325610771825,17.217821178748625,4.506362016005698,-1.5717670265535906
7525,test,0,0.2627214193344116,0.021832325610771825,17.218079800118243,4.506339375145282,-1.5720268899955754
7526,test,0,0.2649290859699249,0.021832325610771825,17.218389377298358,4.506355885772859,-1.5716993175989562
7527,test,0,0.25874778628349304,0.021832325610771825,17.2185967695253,4.506161785405957,-1.570797137821866
7528,test,0,0.25726619362831116,0.021832325610771825,17.218935854770017,4.506275724614955,-1.5709546469306366
7529,test,0,0.2572703957557678,0.021832325610771825,17.219095716817066,4.506389015802305,-1.571835556546534
7530,test,0,0.2648974657058716,0.021832325610771825,17.219492349997616,4.506241553857801,-1.5710614931332898
7531,test,0,0.25812435150146484,0.021832325610771825,17.219817645147867,4.506341014480531,-1.5716528786984165
7532,test,0,0.25689274072647095,0.021832325610771825,17.220197384336103,4.506155417682682,-1.5712044619489292
7533,test,0,0.2569098174571991,0.021832325610771825,17.220435328080068,4.506441123973067,-1.5732774063686297
7534,test,0,0.26475128531455994,0.021832325610771825,17.220618539199585,4.506378553339773,-1.571605678469416
7535,test,0,0.26457202434539795,0.021832325610771825,17.220975602104026,4.506425968896758,-1.5728378527186815
7536,test,0,0.2596209645271301,0.021832325610771825,17.221220076890393,4.5063086684868106,-1.5714804567481717
7537,test,0,0.2619032859802246,0.021832325610771825,17.22144853644085,4.506266460051,-1.5708470808609465
7538,test,0,0.2642994821071625,0.021832325610771825,17.22172486465687,4.506313095026899,-1.5722976487915157
7539,test,0,0.2643319070339203,0.021832325610771825,17.222012347451855,4.506409464376572,-1.5719174514725531
7540,test,0,0.2643807530403137,0.021832325610771825,17.222111029143715,4.506298375337921,-1.5705300430957363
7541,test,0,0.2620471119880676,0.021832325610771825,17.222467701421824,4.506325338511962,-1.5706264595727513
7542,test,0,0.2639196813106537,0.021832325610771825,17.222643204484903,4.506503978035502,-1.572696037983708
7543,test,0,0.26215416193008423,0.021832325610771825,17.222885642322826,4.506279197107569,-1.5707877153543186
7544,test,0,0.2579246759414673,0.021832325610771825,17.223057889031548,4.506290386323676,-1.5722371658241179
7545,test,0,0.2638314366340637,0.021832325610771825,17.223339958865314,4.506148595552383,-1.5714625578409112
7546,test,0,0.2637668550014496,0.021832325610771825,17.223500704840273,4.5062263959441635,-1.571792509900007
7547,test,0,0.2600686550140381,0.021832325610771825,17.223669058656082,4.506249751549175,-1.5707957025980843
7548,test,0,0.2561575174331665,0.021832325610771825,17.223914617732586,4.506264425461616,-1.5720676668723326
7549,test,0,0.25801217555999756,0.021832325610771825,17.22418402281581,4.506280736347896,-1.5719115527094623
7550,test,0,0.26384004950523376,0.021832325610771825,17.224416962036816,4.5064892648002175,-1.572381895332676
7551,test,0,0.2560132145881653,0.021832325610771825,17.224603088210962,4.506440326857525,-1.5723469159581145
7552,test,0,0.2636784315109253,0.021832325610771825,17.22487113895189,4.506212927138411,-1.5715999708321018
7553,test,0,0.2635188698768616,0.021832325610771825,17.225085384693436,4.506319738195197,-1.5708072304906189
7554,test,0,0.2588697075843811,0.021832325610771825,17.22545446317245,4.506211050588374,-1.5714611485763583
7555,test,0,0.2621966600418091,0.021832325610771825,17.225623267591097,4.506384846698219,-1.5717908321269536
7556,test,0,0.2582794725894928,0.021832325610771825,17.225922002208,4.506278230751564,-1.570773357833471
7557,test,0,0.2555824816226959,0.021832325610771825,17.2261408155941,4.506274030125352,-1.5718824533159712
7558,test,0,0.2631724178791046,0.021832325610771825,17.22639472864756,4.506281069242859,-1.5715719032130977
7559,test,0,0.25559791922569275,0.021832325610771825,17.226646254176444,4.506412181211032,-1.5720671014678809
7560,test,0,0.259307861328125,0.021832325610771825,17.22689581946934,4.506252402127067,-1.5707961168368416
7561,test,0,0.25758272409439087,0.021832325610771825,17.22705542568242,4.5061545110200125,-1.5716999358778316
7562,test,0,0.26520395278930664,0.021832325610771825,17.22727415805405,4.506283735542239,-1.570982340339359
7563,test,0,0.26320579648017883,0.021832325610771825,17.22753663372072,4.506343847366651,-1.5723507086928472
7564,test,0,0.2575029730796814,0.021832325610771825,17.22771872633287,4.506224500586893,-1.5707980632136636
7565,test,0,0.25888940691947937,0.021832325610771825,17.228096173340077,4.506334216186976,-1.5727046741552075
7566,test,0,0.258635550737381,0.021832325610771825,17.228253619924576,4.506256468073114,-1.5708313161005216
7567,test,0,0.26280078291893005,0.021832325610771825,17.228704661362272,4.506261321916321,-1.5719638558798996
7568,test,0,0.25494933128356934,0.021832325610771825,17.22888026739126,4.506307725884495,-1.5721863828113498
7569,test,0,0.26286113262176514,0.021832325610771825,17.229056936086014,4.506252571820438,-1.5707962211250142
7570,test,0,0.2549302577972412,0.021832325610771825,17.229253786545662,4.506447823298777,-1.5734381443462198
7571,test,0,0.26116281747817993,0.021832325610771825,17.229483119571974,4.506121507371798,-1.5705435143122328
7572,test,0,0.25472378730773926,0.021832325610771825,17.22968429961461,4.50626757075013,-1.5708166624343267
7573,test,0,0.261244535446167,0.021832325610771825,17.230063641594306,4.50618398106257,-1.5713381210257449
7574,test,0,0.2623794376850128,0.021832325610771825,17.230294808038927,4.506143610708148,-1.5714185392462976
7575,test,0,0.2623637318611145,0.021832325610771825,17.230508676326828,4.506309254680586,-1.5707340910457344
7576,test,0,0.2587958574295044,0.021832325610771825,17.23060394206388,4.506409459619654,-1.5719604329089385
7577,test,0,0.2594568133354187,0.021832325610771825,17.230808187662767,4.506366519847064,-1.5722263337384061
7578,test,0,0.2543836832046509,0.021832325610771825,17.23103718380652,4.506276370244342,-1.5709469395379725
7579,test,0,0.2624349594116211,0.021832325610771825,17.231395132503266,4.506326768318129,-1.5726445546970098
7580,test,0,0.26326778531074524,0.021832325610771825,17.23167818574495,4.506182113323885,-1.571395486532654
7581,test,0,0.260604590177536,0.021832325610771825,17.231847887817064,4.506403696196264,-1.5719323979467192
7582,test,0,0.25856178998947144,0.021832325610771825,17.232087961068725,4.506257982779889,-1.5708464961981492
7583,test,0,0.261911541223526,0.021832325610771825,17.232416904150092,4.506453711384465,-1.5723222384054094
7584,test,0,0.2565518319606781,0.021832325610771825,17.232714932527053,4.5061647215469005,-1.571155442465601
7585,test,0,0.2620427906513214,0.021832325610771825,17.23297885381036,4.506474035398412,-1.5722325139371311
7586,test,0,0.25393226742744446,0.021832325610771825,17.233109108555677,4.506120913158726,-1.5707607675926731
7587,test,0,0.2603282332420349,0.021832325610771825,17.23351178825214,4.506360320397404,-1.5709235229871377
7588,test,0,0.2612345218658447,0.021832325610771825,17.233775631661867,4.5062501345561,-1.5708740678738224
7589,test,0,0.26181599497795105,0.021832325610771825,17.234183619779174,4.506302603871735,-1.5717556582489063
7590,test,0,0.25908738374710083,0.021832325610771825,17.234367828197275,4.5061751963251595,-1.5713545602637355
7591,test,0,0.2593304216861725,0.021832325610771825,17.234628381833325,4.506335575914303,-1.5706529930125364
7592,test,0,0.2575116455554962,0.021832325610771825,17.234800597003197,4.506419775559162,-1.573290843165886
7593,test,0,0.26145482063293457,0.021832325610771825,17.235058169299478,4.506261454670085,-1.5713950438364719
7594,test,0,0.26100122928619385,0.021832325610771825,17.235353001625047,4.506270275535133,-1.5718081240494932
7595,test,0,0.25322335958480835,0.021832325610771825,17.23538813993435,4.506251719551745,-1.570794915395976
7596,test,0,0.2532171607017517,0.021832325610771825,17.235606074699703,4.506441416115037,-1.5732942738886284
7597,test,0,0.2560874819755554,0.021832325610771825,17.23576727208698,4.506287590754377,-1.5711955204115648
7598,test,0,0.257108598947525,0.021832325610771825,17.236004654532913,4.5064613593271945,-1.5726369867734669
7599,test,0,0.26104530692100525,0.021832325610771825,17.236170512966456,4.506267399392352,-1.5719541459953237
7600,test,0,0.2528400421142578,0.021832325610771825,17.236451813594066,4.506240775701089,-1.5709126472003054
7601,test,0,0.2607610821723938,0.021832325610771825,17.23683430575452,4.506464150846682,-1.5722663977145082
7602,test,0,0.2569773197174072,0.021832325610771825,17.23719811759929,4.50634538362054,-1.5719948144611195
7603,test,0,0.25282758474349976,0.021832325610771825,17.237258522090126,4.5063838667580205,-1.5717825695966994
7604,test,0,0.2590252757072449,0.021832325610771825,17.23759591750584,4.506275051678149,-1.5708130133243179
7605,test,0,0.2597949504852295,0.021832325610771825,17.237895051668687,4.506263124939763,-1.572129572554413
7606,test,0,0.2542652487754822,0.021832325610771825,17.238081204266773,4.506179608758382,-1.570845080539775
7607,test,0,0.2602538466453552,0.021832325610771825,17.238301755785628,4.5064389302654195,-1.5707127454901375
7608,test,0,0.2524476647377014,0.021832325610771825,17.238619855245556,4.5061381417736746,-1.5709354350271147
7609,test,0,0.2599642276763916,0.021832325610771825,17.2388894098569,4.506139017490031,-1.5716003484707572
7610,test,0,0.2521663010120392,0.021832325610771825,17.239127481831094,4.50630467710751,-1.5704785154305811
7611,test,0,0.2605471909046173,0.021832325610771825,17.23933100240189,4.506406705818143,-1.5718840409445973
7612,test,0,0.25232893228530884,0.021832325610771825,17.23939555712688,4.506268346705237,-1.5707910848262188
7613,test,0,0.25203511118888855,0.021832325610771825,17.239781284446043,4.506312298949963,-1.5707750449259816
7614,test,0,0.25217533111572266,0.021832325610771825,17.239907777170135,4.506319843067924,-1.5707046411363537
7615,test,0,0.25797438621520996,0.021832325610771825,17.240300662408288,4.506040100469278,-1.5708923328710547
7616,test,0,0.259233295917511,0.021832325610771825,17.240454864292982,4.5062213487861955,-1.5713470732296309
7617,test,0,0.2518961429595947,0.021832325610771825,17.24085892632104,4.5064600252656515,-1.5721146847223044
7618,test,0,0.2517490088939667,0.021832325610771825,17.241155627021385,4.506405069933248,-1.5719454710382594
7619,test,0,0.2550223469734192,0.021832325610771825,17.24133054130852,4.506228890726081,-1.570778054873054
7620,test,0,0.25169646739959717,0.021832325610771825,17.241539054608996,4.506328156393589,-1.5707501388867102
7621,test,0,0.25904661417007446,0.021832325610771825,17.241876685439184,4.506246655056348,-1.571513027789044
7622,test,0,0.25138041377067566,0.021832325610771825,17.24224955349943,4.506202650337213,-1.571263347897825
7623,test,0,0.25848573446273804,0.021832325610771825,17.242558253879274,4.506499396981366,-1.5722966784005896
7624,test,0,0.25846827030181885,0.021832325610771825,17.242909496301905,4.506131281866679,-1.5711784840410743
7625,test,0,0.2581711411476135,0.021832325610771825,17.243083004595512,4.506382185994098,-1.5717137615429273
7626,test,0,0.2581535875797272,0.021832325610771825,17.243317294610712,4.506295115974038,-1.5705471916184535
7627,test,0,0.257568895816803,0.021832325610771825,17.243498343270605,4.506384132880855,-1.571792055294625
7628,test,0,0.2571641206741333,0.021832325610771825,17.243804799081204,4.506275448899533,-1.5719252291265453
7629,test,0,0.25367993116378784,0.021832325610771825,17.2440494074698,4.50642158813733,-1.572067584653799
7630,test,0,0.25768426060676575,0.021832325610771825,17.244498493335943,4.506366977293228,-1.5721175339315063
7631,test,0,0.25079476833343506,0.021832325610771825,17.244764163215205,4.506299770033861,-1.572207887744878
7632,test,0,0.25675326585769653,0.021832325610771825,17.244976189488472,4.506523152496585,-1.5717002565072964
7633,test,0,0.2530379891395569,0.021832325610771825,17.245087457397652,4.506416797586519,-1.5719860444429938
7634,test,0,0.2509242594242096,0.021832325610771825,17.245194627502993,4.506422629280424,-1.572101813307708
7635,test,0,0.2545331120491028,0.021832325610771825,17.245501885363737,4.506363910308937,-1.5717269833111647
7636,test,0,0.2567734122276306,0.021832325610771825,17.245691292482302,4.506385456347985,-1.572180364357377
7637,test,0,0.25734812021255493,0.021832325610771825,17.245964148522823,4.506098243487489,-1.570840921297788
7638,test,0,0.2570488750934601,0.021832325610771825,17.2461421336208,4.506420360298524,-1.5720574148107622
7639,test,0,0.2572706341743469,0.021832325610771825,17.246459044863343,4.506272621657994,-1.5708835955186238
7640,test,0,0.2570045590400696,0.021832325610771825,17.24682893073708,4.506462460108997,-1.5723792136305201
7641,test,0,0.25040286779403687,0.021832325610771825,17.247056740853555,4.506278713660304,-1.5708319216671918
7642,test,0,0.25565341114997864,0.021832325610771825,17.247327845948085,4.506373657911789,-1.5705267056376075
7643,test,0,0.25691133737564087,0.021832325610771825,17.24758977398654,4.506324496170431,-1.5712992054359538
7644,test,0,0.2547799050807953,0.021832325610771825,17.24795981784168,4.506211472888281,-1.5716402612434717
7645,test,0,0.25664979219436646,0.021832325610771825,17.248078128825476,4.506301821309356,-1.5707494863062135
7646,test,0,0.25643014907836914,0.021832325610771825,17.248425178524577,4.506280822193639,-1.5711681781492963
7647,test,0,0.25012993812561035,0.021832325610771825,17.248545995844953,4.506259156859409,-1.5706696189786986
7648,test,0,0.250119149684906,0.021832325610771825,17.248611911423698,4.506253300061491,-1.5707961268619024
7649,test,0,0.25807932019233704,0.021832325610771825,17.248705642724428,4.506362748023505,-1.57082013149974
7650,test,0,0.2564464807510376,0.021832325610771825,17.249161642142862,4.506336823828908,-1.5726177058187736
7651,test,0,0.25579512119293213,0.021832325610771825,17.249393579001996,4.506257183776549,-1.5720869873529117
7652,test,0,0.258658766746521,0.021832325610771825,17.249640666424803,4.506362793352873,-1.5715748885232554
7653,test,0,0.2558111846446991,0.021832325610771825,17.24991982007694,4.506222135554909,-1.5719966624518475
7654,test,0,0.25509390234947205,0.021832325610771825,17.25021818576463,4.506265958467056,-1.5712785468601993
7655,test,0,0.25579243898391724,0.021832325610771825,17.25046980053963,4.506441168262352,-1.5720592670110065
7656,test,0,0.2559090256690979,0.021832325610771825,17.25066127658643,4.506256541715013,-1.5721644230478238
7657,test,0,0.2503911256790161,0.021832325610771825,17.250896365697255,4.506158455220149,-1.5707299907405636
7658,test,0,0.25776541233062744,0.021832325610771825,17.25100431684388,4.506252112143139,-1.5707961691032637
7659,test,0,0.2558598518371582,0.021832325610771825,17.251015851564773,4.5062526487283066,-1.5707962765888195
7660,test,0,0.25495588779449463,0.021832325610771825,17.251195862215802,4.506294517017435,-1.5722159734628411
7661,test,0,0.2516474723815918,0.021832325610771825,17.251398697234276,4.506300848754109,-1.5707549774718326
7662,test,0,0.24945762753486633,0.021832325610771825,17.251675946791444,4.506386164722953,-1.5729130317012174
7663,test,0,0.2550409138202667,0.021832325610771825,17.251957483790896,4.506259511455992,-1.571627054459914
7664,test,0,0.25148141384124756,0.021832325610771825,17.25221797061856,4.506486124613266,-1.5724330427951008
7665,test,0,0.24802833795547485,0.021832325610771825,17.252486989075283,4.506186817416395,-1.5712084101390238
7666,test,0,0.24893984198570251,0.021832325610771825,17.252777694958905,4.5061136703999045,-1.571405030378369
7667,test,0,0.24972842633724213,0.021832325610771825,17.253058657491426,4.5065060469177585,-1.5722443690740955
7668,test,0,0.25666528940200806,0.021832325610771825,17.253360115632713,4.506285369997049,-1.5710673706227691
7669,test,0,0.25462085008621216,0.021832325610771825,17.253587082637793,4.506210083811722,-1.571681445353703
7670,test,0,0.2516428828239441,0.021832325610771825,17.253918679247136,4.506176931981355,-1.5714407140818178
7671,test,0,0.24881315231323242,0.021832325610771825,17.254207708611354,4.506314577358939,-1.5720379110923572
7672,test,0,0.2547972798347473,0.021832325610771825,17.25444640168796,4.506083120823063,-1.5711720415615835
7673,test,0,0.24874359369277954,0.021832325610771825,17.25465601365844,4.506315120199154,-1.5720227507846027
7674,test,0,0.2505093514919281,0.021832325610771825,17.254916533665618,4.506486337518434,-1.572206070294711
7675,test,0,0.2484566867351532,0.021832325610771825,17.255192335123386,4.506215500112298,-1.5720009936549104
7676,test,0,0.2484976053237915,0.021832325610771825,17.255449128699556,4.506257717643816,-1.5708610475120193
7677,test,0,0.24856774508953094,0.021832325610771825,17.255670304662065,4.506371220596567,-1.5708014406172754
7678,test,0,0.2544933557510376,0.021832325610771825,17.25590582240782,4.506145827105989,-1.5714926950669905
7679,test,0,0.2533111572265625,0.021832325610771825,17.256251439610317,4.506450153380888,-1.5722417361685543
7680,test,0,0.2506543695926666,0.021832325610771825,17.256363291449997,4.506347872939944,-1.5706312280275443
7681,test,0,0.2506403923034668,0.021832325610771825,17.25668958241603,4.5061064828879775,-1.5711713171589567
7682,test,0,0.2532266676425934,0.021832325610771825,17.256939710496386,4.506185285898296,-1.5716916619974903
7683,test,0,0.2544431686401367,0.021832325610771825,17.25725011284166,4.506374149520726,-1.5706900551504817
7684,test,0,0.24817395210266113,0.021832325610771825,17.25743890935909,4.506214840328357,-1.5720434543292694
7685,test,0,0.24805127084255219,0.021832325610771825,17.257721949534236,4.5062000372179165,-1.5714089613601414
7686,test,0,0.25124120712280273,0.021832325610771825,17.257921812745455,4.506378672124771,-1.571206999534099
7687,test,0,0.25425899028778076,0.021832325610771825,17.2583165669003,4.506280657490968,-1.570976968691708
7688,test,0,0.24788647890090942,0.021832325610771825,17.258566212620334,4.5062487026512095,-1.5717870024396041
7689,test,0,0.2503533959388733,0.021832325610771825,17.2587153775537,4.506335386060962,-1.571225842511836
7690,test,0,0.2473997324705124,0.021832325610771825,17.258744968920464,4.506258724286968,-1.5708466380589583
7691,test,0,0.2539699971675873,0.021832325610771825,17.258887735340387,4.506107901093964,-1.5710207932147473
7692,test,0,0.254350870847702,0.021832325610771825,17.259226892705033,4.506260489993198,-1.5712959225325098
7693,test,0,0.24796295166015625,0.021832325610771825,17.259490801708854,4.506333325313228,-1.572247320941908
7694,test,0,0.2511019706726074,0.021832325610771825,17.259856299010956,4.50627802498894,-1.571015697117492
7695,test,0,0.24780189990997314,0.021832325610771825,17.26016216129599,4.506400309050306,-1.5720855996434748
7696,test,0,0.24782449007034302,0.021832325610771825,17.260434197119,4.506405595142918,-1.5714037060860317
7697,test,0,0.2539457678794861,0.021832325610771825,17.260729233608235,4.506307880593962,-1.5726490356791152
7698,test,0,0.24755239486694336,0.021832325610771825,17.26087745810965,4.5061506505830495,-1.5708194576223757
7699,test,0,0.2520005702972412,0.021832325610771825,17.261107139659433,4.506269575896678,-1.5708836525031153
7700,test,0,0.2474796324968338,0.021832325610771825,17.261387595479526,4.506268856588266,-1.5709452638222556
7701,test,0,0.25488850474357605,0.021832325610771825,17.26169392267878,4.506056162979898,-1.5707672100387589
7702,test,0,0.2535836696624756,0.021832325610771825,17.261964780652868,4.5063693406707594,-1.5714206110900542
7703,test,0,0.24753795564174652,0.021832325610771825,17.262090412760358,4.506254616352695,-1.5708145295761893
7704,test,0,0.24465280771255493,0.021832325610771825,17.262278335759856,4.506247371846097,-1.57191322531695
7705,test,0,0.251559317111969,0.021832325610771825,17.262611762358482,4.506296465674738,-1.5708397104498968
7706,test,0,0.25131750106811523,0.021832325610771825,17.26280895553324,4.506415584004481,-1.5720315379502439
7707,test,0,0.2540220022201538,0.021832325610771825,17.263186011910282,4.506487200707741,-1.5725312877350106
7708,test,0,0.25401508808135986,0.021832325610771825,17.26350139484322,4.506540616491067,-1.5730713446421885
7709,test,0,0.24729326367378235,0.021832325610771825,17.26385088926953,4.506379196371604,-1.5721789258562062
7710,test,0,0.2536449730396271,0.021832325610771825,17.264026799364558,4.506385372353023,-1.5718153093744944
7711,test,0,0.24939924478530884,0.021832325610771825,17.26419890984838,4.506155249685925,-1.5707838730091097
7712,test,0,0.2517375946044922,0.021832325610771825,17.264542462694042,4.506467403905691,-1.5725887209928926
7713,test,0,0.25332415103912354,0.021832325610771825,17.264727481158303,4.506265626123578,-1.5707651430480616
7714,test,0,0.25367459654808044,0.021832325610771825,17.265173279804678,4.506212798184177,-1.5705009071418814
7715,test,0,0.24827559292316437,0.021832325610771825,17.265542829740554,4.506528071888211,-1.5726118743659772
7716,test,0,0.2532085180282593,0.021832325610771825,17.265845367688986,4.50621040989985,-1.5719831051326798
7717,test,0,0.24688823521137238,0.021832325610771825,17.265979646295136,4.506372178805553,-1.5716946789866193
7718,test,0,0.2465371936559677,0.021832325610771825,17.266243907301334,4.506288473739408,-1.570679382848118
7719,test,0,0.25490838289260864,0.021832325610771825,17.26655086978755,4.5063908191222035,-1.5718439171932759
7720,test,0,0.2465020716190338,0.021832325610771825,17.266795896360364,4.506276608183604,-1.5715329309018582
7721,test,0,0.253229558467865,0.021832325610771825,17.26707100302969,4.506318178379383,-1.5706611137291961
7722,test,0,0.25367388129234314,0.021832325610771825,17.267452586414482,4.506181338829299,-1.5715757499521625
7723,test,0,0.2532431483268738,0.021832325610771825,17.26779421020606,4.506246168041573,-1.5720855520040369
7724,test,0,0.2535247504711151,0.021832325610771825,17.267992787557553,4.506128410114013,-1.5708641056423582
7725,test,0,0.24634788930416107,0.021832325610771825,17.268360179574884,4.506232952254501,-1.571450022729231
7726,test,0,0.25329461693763733,0.021832325610771825,17.268470095772685,4.506367297809183,-1.5716614359882042
7727,test,0,0.25309813022613525,0.021832325610771825,17.26895173331841,4.5064806765497645,-1.5719738257888265
7728,test,0,0.24625909328460693,0.021832325610771825,17.269048717796498,4.506389310073739,-1.57183038422836
7729,test,0,0.25314587354660034,0.021832325610771825,17.26946205833435,4.506239804619666,-1.5716588186607203
7730,test,0,0.2536625564098358,0.021832325610771825,17.269656319129876,4.50652585246306,-1.5726373694695182
7731,test,0,0.25372812151908875,0.021832325610771825,17.26988002260208,4.5062734652865615,-1.570781569383655
7732,test,0,0.25310778617858887,0.021832325610771825,17.270173839356904,4.506187366004847,-1.571748055309404
7733,test,0,0.24585631489753723,0.021832325610771825,17.270403990735574,4.506327626604165,-1.571326860925491
7734,test,0,0.2495574653148651,0.021832325610771825,17.270762056120326,4.506405685058893,-1.57177538991322
7735,test,0,0.25269025564193726,0.021832325610771825,17.271080145203754,4.506486787050905,-1.5723928235154352
7736,test,0,0.24578918516635895,0.021832325610771825,17.271423415746245,4.5060544184044335,-1.5707963808565546
7737,test,0,0.24578857421875,0.021832325610771825,17.27159661411448,4.50631475918112,-1.5709224874930483
7738,test,0,0.24778571724891663,0.021832325610771825,17.271977451110626,4.5061735617751975,-1.5711027989944457
7739,test,0,0.24565383791923523,0.021832325610771825,17.272110217171406,4.506398341602954,-1.571891404833652
7740,test,0,0.246662437915802,0.021832325610771825,17.272339872982457,4.506343427791803,-1.570471191157647
7741,test,0,0.24567395448684692,0.021832325610771825,17.272540497979875,4.506431740388518,-1.5721513456346539
7742,test,0,0.24552951753139496,0.021832325610771825,17.272805809153578,4.50625041718055,-1.5719310017270658
7743,test,0,0.25324591994285583,0.021832325610771825,17.272999517612323,4.506335823336094,-1.5707668801201293
7744,test,0,0.2531672716140747,0.021832325610771825,17.27325687364662,4.506281524497678,-1.5712402628998972
7745,test,0,0.25323164463043213,0.021832325610771825,17.2735863499137,4.506115772994291,-1.5712076712084442
7746,test,0,0.24748170375823975,0.021832325610771825,17.273809146643398,4.506211046518747,-1.5705008136090375
7747,test,0,0.2530713379383087,0.021832325610771825,17.274214078222087,4.5064931598843545,-1.572517892128515
7748,test,0,0.2526243329048157,0.021832325610771825,17.274302572242725,4.506245448028329,-1.5714297928301786
7749,test,0,0.24630841612815857,0.021832325610771825,17.27474245451567,4.506376975512598,-1.5714847430442647
7750,test,0,0.2473793476819992,0.021832325610771825,17.274946131588447,4.506333119088859,-1.5725397933928706
7751,test,0,0.2477114498615265,0.021832325610771825,17.275213434169935,4.506129487732637,-1.5711888406043168
7752,test,0,0.2384486347436905,0.021832325610771825,17.275363311447073,4.506398286711818,-1.5718910643027937
7753,test,0,0.2453204244375229,0.021832325610771825,17.275563736186406,4.506310867001631,-1.570965001231978
7754,test,0,0.24508118629455566,0.021832325610771825,17.275916464721785,4.506359916356724,-1.5727745205470767
7755,test,0,0.24710935354232788,0.021832325610771825,17.276135977665554,4.50614144828026,-1.5707814556695645
7756,test,0,0.2531581521034241,0.021832325610771825,17.276380587477245,4.506520563570689,-1.5724689945676151
7757,test,0,0.2515042722225189,0.021832325610771825,17.2764758287163,4.506298775909024,-1.5709723438332592
7758,test,0,0.25332534313201904,0.021832325610771825,17.276861885654125,4.506139117667378,-1.5707288167208344
7759,test,0,0.25282132625579834,0.021832325610771825,17.277017238485765,4.506251068252463,-1.5707962683838017
7760,test,0,0.2537926137447357,0.021832325610771825,17.277457684750278,4.506154009531384,-1.571087290308037
7761,test,0,0.24750469624996185,0.021832325610771825,17.277620892685324,4.506385218883623,-1.5717943850223153
7762,test,0,0.2521316409111023,0.021832325610771825,17.277888528506487,4.506252248493276,-1.5707949079906245
7763,test,0,0.24478895962238312,0.021832325610771825,17.27811120560412,4.5064978610334725,-1.5734171677458877
7764,test,0,0.24922513961791992,0.021832325610771825,17.278375733729025,4.506189276340316,-1.5714527587198488
7765,test,0,0.2522774636745453,0.021832325610771825,17.278713022495634,4.506497596053586,-1.5719750735066955
7766,test,0,0.25357189774513245,0.021832325610771825,17.27894512686649,4.506255374909522,-1.5719507566954667
7767,test,0,0.25278380513191223,0.021832325610771825,17.279168112012062,4.5060883481029395,-1.5711413715584823
7768,test,0,0.24470172822475433,0.021832325610771825,17.27937465411533,4.50616231310941,-1.570831999942054
7769,test,0,0.2476625144481659,0.021832325610771825,17.27976888839046,4.5063639205493695,-1.5724859231696071
7770,test,0,0.24580536782741547,0.021832325610771825,17.279859148789743,4.506174562900223,-1.5715921930561771
7771,test,0,0.2519943416118622,0.021832325610771825,17.28023847271329,4.506448116144325,-1.5720862785529512
7772,test,0,0.24480344355106354,0.021832325610771825,17.280397551415724,4.506404607245789,-1.5719445924401918
7773,test,0,0.24800346791744232,0.021832325610771825,17.280816977118583,4.506347341808038,-1.5724205519718797
7774,test,0,0.25276294350624084,0.021832325610771825,17.28106501175892,4.506487818453124,-1.57307339791463
7775,test,0,0.24904346466064453,0.021832325610771825,17.281232205330436,4.506262731028632,-1.5708590560122362
7776,test,0,0.24454687535762787,0.021832325610771825,17.281595677383706,4.506438911003878,-1.572197252296729
7777,test,0,0.24489043653011322,0.021832325610771825,17.28175653660247,4.506201114489869,-1.5709395742087775
7778,test,0,0.25266188383102417,0.021832325610771825,17.281883331066588,4.506252684088791,-1.5707965337213803
7779,test,0,0.25239551067352295,0.021832325610771825,17.282118974317584,4.506168570514884,-1.571281017883131
7780,test,0,0.24478456377983093,0.021832325610771825,17.28254831614804,4.506296755452725,-1.5719454718151602
7781,test,0,0.2522859573364258,0.021832325610771825,17.28260588022017,4.506251755746285,-1.570798430209586
7782,test,0,0.2523370087146759,0.021832325610771825,17.283015205172514,4.506293704469175,-1.5710807503087136
7783,test,0,0.25176337361335754,0.021832325610771825,17.283271143664177,4.506353141581795,-1.5730568537614809
7784,test,0,0.24612388014793396,0.021832325610771825,17.283514676362234,4.506326871905119,-1.5704138107911616
7785,test,0,0.25259310007095337,0.021832325610771825,17.28372090567074,4.506506251370962,-1.5737299565951766
7786,test,0,0.2517051696777344,0.021832325610771825,17.283958645525065,4.506174173251381,-1.570886234675938
7787,test,0,0.24728235602378845,0.021832325610771825,17.284292569187595,4.506258891027985,-1.5705431156981768
7788,test,0,0.24491620063781738,0.021832325610771825,17.2847107363654,4.506271309444152,-1.5715494160372308
7789,test,0,0.2470199167728424,0.021832325610771825,17.28495043871517,4.506289546055886,-1.570773661558934
7790,test,0,0.24453769624233246,0.021832325610771825,17.285130112753734,4.506308324206441,-1.5710396457164524
7791,test,0,0.246846541762352,0.021832325610771825,17.285379114304355,4.506384474281355,-1.5716990790488479
7792,test,0,0.24462443590164185,0.021832325610771825,17.28551935650255,4.506379101394115,-1.571751471551323
7793,test,0,0.24493417143821716,0.021832325610771825,17.285919798890873,4.506297717864189,-1.571718234691136
7794,test,0,0.24796487390995026,0.021832325610771825,17.286100974290118,4.506433955896755,-1.5721659729218236
7795,test,0,0.2521210312843323,0.021832325610771825,17.286405375602634,4.506234886699878,-1.5717438644795818
7796,test,0,0.24489572644233704,0.021832325610771825,17.286621373795995,4.50646082550441,-1.5723627497289026
7797,test,0,0.24550892412662506,0.021832325610771825,17.28678351544875,4.506437452077603,-1.5713375825987705
7798,test,0,0.2522416114807129,0.021832325610771825,17.287039011920292,4.506375055253597,-1.5717204058652408
7799,test,0,0.24505998194217682,0.021832325610771825,17.287304877613447,4.506451679007738,-1.5726185107306925
7800,test,0,0.2512643337249756,0.021832325610771825,17.287542692894124,4.506273465173307,-1.5707869179834681
7801,test,0,0.2521567940711975,0.021832325610771825,17.287830295226154,4.506170995939796,-1.5716651932634298
7802,test,0,0.24839821457862854,0.021832325610771825,17.288147567439662,4.50626222495612,-1.5715431046490658
7803,test,0,0.24797090888023376,0.021832325610771825,17.28840878117921,4.506459301885682,-1.571104228720205
7804,test,0,0.25202038884162903,0.021832325610771825,17.288798128493198,4.506498854005407,-1.572613280304211
7805,test,0,0.25148090720176697,0.021832325610771825,17.2890144324098,4.506477180298881,-1.5736310237608964
7806,test,0,0.2509285807609558,0.021832325610771825,17.28924630767691,4.506252739992484,-1.5707958352190865
7807,test,0,0.24463419616222382,0.021832325610771825,17.28938505489271,4.506402902129403,-1.5730586490179874
7808,test,0,0.25066277384757996,0.021832325610771825,17.289563720681475,4.506198905593953,-1.5712363515373224
7809,test,0,0.25137561559677124,0.021832325610771825,17.289847798422425,4.5062898228499435,-1.5709815712379351
7810,test,0,0.244919091463089,0.021832325610771825,17.290226578448745,4.506484023454117,-1.5725496011659337
7811,test,0,0.2516292929649353,0.021832325610771825,17.290427013410625,4.506209413377276,-1.5707941900170008
7812,test,0,0.24491576850414276,0.021832325610771825,17.29065178078109,4.506492211584058,-1.572611514902279
7813,test,0,0.2499396800994873,0.021832325610771825,17.29082519568615,4.506287331222144,-1.5716653311218574
7814,test,0,0.251400351524353,0.021832325610771825,17.29092209953145,4.506303893214223,-1.5707048969431496
7815,test,0,0.24460376799106598,0.021832325610771825,17.291231479686616,4.506283630468818,-1.5714607399998124
7816,test,0,0.2514191269874573,0.021832325610771825,17.29150935949981,4.50641681745437,-1.5718946316639915
7817,test,0,0.2485773265361786,0.021832325610771825,17.29192181277486,4.506221944512825,-1.5715631137153514
7818,test,0,0.24446254968643188,0.021832325610771825,17.29204810078728,4.506334526785509,-1.5716636442465255
7819,test,0,0.25054869055747986,0.021832325610771825,17.29226366896048,4.506273008819674,-1.570822569047349
7820,test,0,0.2535140812397003,0.021832325610771825,17.292394738408497,4.506250698840164,-1.571806501902848
7821,test,0,0.25138938426971436,0.021832325610771825,17.292652504820854,4.506153969530294,-1.5713891197597514
7822,test,0,0.24467149376869202,0.021832325610771825,17.292748325127057,4.506252759380493,-1.5707963024190907
7823,test,0,0.2510649561882019,0.021832325610771825,17.29297505282669,4.506305051767047,-1.5707533735031116
7824,test,0,0.24552853405475616,0.021832325610771825,17.293394553307884,4.5063759798464105,-1.5717232906435754
7825,test,0,0.2444610297679901,0.021832325610771825,17.293592342896915,4.506238104580513,-1.5708272685391305
7826,test,0,0.24446110427379608,0.021832325610771825,17.29400790844475,4.506370251251314,-1.5725191112481174
7827,test,0,0.2507745623588562,0.021832325610771825,17.294102909378,4.506429576736725,-1.5721327103325766
7828,test,0,0.250800758600235,0.021832325610771825,17.29441685827461,4.506252320397211,-1.5707962122489643
7829,test,0,0.24446451663970947,0.021832325610771825,17.29464385696099,4.506476641613147,-1.5733546047018445
7830,test,0,0.24432197213172913,0.021832325610771825,17.2949235493466,4.5061613543974754,-1.5710962845986887
7831,test,0,0.2442701905965805,0.021832325610771825,17.29527581666347,4.5064335957652,-1.5721515019072803
7832,test,0,0.2506231665611267,0.021832325610771825,17.295609959130754,4.50650225595064,-1.572473431359459
7833,test,0,0.24523790180683136,0.021832325610771825,17.29579691951632,4.506137183357823,-1.5711324620000757
7834,test,0,0.2467031180858612,0.021832325610771825,17.296108997613402,4.506351372550006,-1.5717465823132597
7835,test,0,0.25050097703933716,0.021832325610771825,17.296206282417316,4.506252592067343,-1.5707962308862045
7836,test,0,0.24375471472740173,0.021832325610771825,17.296381482832253,4.506137126145904,-1.5712869291287541
7837,test,0,0.25013428926467896,0.021832325610771825,17.296809340723975,4.506252573372534,-1.5717016736253093
7838,test,0,0.2440713793039322,0.021832325610771825,17.29687807823388,4.506285329799035,-1.5708272815763673
7839,test,0,0.24817922711372375,0.021832325610771825,17.297247611378825,4.506388724826736,-1.571869019094032
7840,test,0,0.2499896138906479,0.021832325610771825,17.29746396015243,4.50620473539244,-1.5721810706766315
7841,test,0,0.24386180937290192,0.021832325610771825,17.29767369419298,4.506256699311683,-1.5708264898577644
7842,test,0,0.2496846467256546,0.021832325610771825,17.298074153015776,4.506277119801983,-1.5714427709748453
7843,test,0,0.25057101249694824,0.021832325610771825,17.29838449399985,4.506272929644134,-1.5715189658193702
7844,test,0,0.247675821185112,0.021832325610771825,17.29869714746849,4.506349025381046,-1.5705461880390346
7845,test,0,0.24477161467075348,0.021832325610771825,17.299061750817778,4.506521941773116,-1.572622812320857
7846,test,0,0.24360322952270508,0.021832325610771825,17.29943555813801,4.506344410398773,-1.5723816195629818
7847,test,0,0.24658140540122986,0.021832325610771825,17.299587932518776,4.506257568120713,-1.570793790437768
7848,test,0,0.2498440444469452,0.021832325610771825,17.300080813288204,4.506368720918256,-1.572037101164711
7849,test,0,0.24935060739517212,0.021832325610771825,17.300274818243942,4.506409742050289,-1.5722541392736529
7850,test,0,0.2432078719139099,0.021832325610771825,17.300598930441414,4.5063831299319705,-1.570429796192668
7851,test,0,0.24942165613174438,0.021832325610771825,17.300782409408654,4.506435529359943,-1.5734147572481603
7852,test,0,0.249061718583107,0.021832325610771825,17.30103455634198,4.50622290396293,-1.571645915617107
7853,test,0,0.2489817887544632,0.021832325610771825,17.30131831257814,4.5065183393517945,-1.572421956125707
7854,test,0,0.24319002032279968,0.021832325610771825,17.301404177365594,4.506252414302576,-1.57079628267679
7855,test,0,0.24662208557128906,0.021832325610771825,17.301554138729205,4.506188076270272,-1.5708102575203111
7856,test,0,0.24317830801010132,0.021832325610771825,17.301774628698222,4.506469718901905,-1.5725836718994701
7857,test,0,0.24315480887889862,0.021832325610771825,17.30199863591062,4.506515774896549,-1.572442739867687
7858,test,0,0.24550025165081024,0.021832325610771825,17.302142995175416,4.506133297683872,-1.5711910658197858
7859,test,0,0.24759270250797272,0.021832325610771825,17.302472362353377,4.506128792866166,-1.5707899751256067
7860,test,0,0.2486627995967865,0.021832325610771825,17.302707200293167,4.506305215626875,-1.5704111427814686
7861,test,0,0.24835729598999023,0.021832325610771825,17.30313398340383,4.506398356556019,-1.5718901357984578
7862,test,0,0.24724043905735016,0.021832325610771825,17.303335608491736,4.506192713539905,-1.5707939257296295
7863,test,0,0.24278318881988525,0.021832325610771825,17.30366400208024,4.506421381748089,-1.5706562891406852
7864,test,0,0.2459324598312378,0.021832325610771825,17.30389246809976,4.506409887055121,-1.5719832854723421
7865,test,0,0.2450345754623413,0.021832325610771825,17.30405807863448,4.506087551848296,-1.570952124825775
7866,test,0,0.2454705834388733,0.021832325610771825,17.30432724404023,4.506252724554737,-1.570796283716221
7867,test,0,0.24789267778396606,0.021832325610771825,17.304572509720366,4.506227403626658,-1.5709240860315208
7868,test,0,0.24812763929367065,0.021832325610771825,17.305057998886543,4.506424578336104,-1.5720495266890737
7869,test,0,0.2420034408569336,0.021832325610771825,17.3052072266302,4.506294031782613,-1.5705376942453286
7870,test,0,0.24547316133975983,0.021832325610771825,17.305223678257697,4.506252552376916,-1.5707963134971439
7871,test,0,0.24239349365234375,0.021832325610771825,17.30539141429478,4.5064100700133265,-1.5719818326404638
7872,test,0,0.2462528795003891,0.021832325610771825,17.30570484505451,4.506275916558914,-1.5708341938693318
7873,test,0,0.2473786622285843,0.021832325610771825,17.305931644538173,4.506497955507639,-1.5730576109121572
7874,test,0,0.24774597585201263,0.021832325610771825,17.30618530545332,4.50650111947862,-1.572622166127315
7875,test,0,0.24593234062194824,0.021832325610771825,17.30644378353459,4.506312147005402,-1.5714372295757284
7876,test,0,0.24770702421665192,0.021832325610771825,17.30668456451277,4.50627981348575,-1.5710000616498596
7877,test,0,0.24154560267925262,0.021832325610771825,17.307088267534006,4.506339419939648,-1.5726656272186705
7878,test,0,0.24732044339179993,0.021832325610771825,17.307257865820148,4.506255083773801,-1.5714819942855385
7879,test,0,0.24190711975097656,0.021832325610771825,17.307364776719982,4.506252594301248,-1.5707962660983366
7880,test,0,0.24622377753257751,0.021832325610771825,17.30745352093431,4.506361849391984,-1.5708202580954944
7881,test,0,0.24569085240364075,0.021832325610771825,17.307798821238308,4.506178863515649,-1.570824657464464
7882,test,0,0.241804838180542,0.021832325610771825,17.307956200176925,4.5063587545454835,-1.5710860635940291
7883,test,0,0.24713648855686188,0.021832325610771825,17.308343415692057,4.506284917096667,-1.57076493777417
7884,test,0,0.24166427552700043,0.021832325610771825,17.308618719296582,4.5063912909689225,-1.5718462998947658
7885,test,0,0.24156618118286133,0.021832325610771825,17.308736190647892,4.506252279874808,-1.570796177914418
7886,test,0,0.24158558249473572,0.021832325610771825,17.30887340168161,4.506358779817777,-1.5726647468604311
7887,test,0,0.24150840938091278,0.021832325610771825,17.309096408690255,4.506291658721661,-1.5721101840135974
7888,test,0,0.24149350821971893,0.021832325610771825,17.309353462545907,4.506322015621464,-1.5705754430478882
7889,test,0,0.24678462743759155,0.021832325610771825,17.309570105729534,4.506396997223894,-1.5718592817902375
7890,test,0,0.24643737077713013,0.021832325610771825,17.30994205381672,4.506431650880009,-1.5720863817608701
7891,test,0,0.24671819806098938,0.021832325610771825,17.310084813407062,4.506215820362358,-1.570877659831835
7892,test,0,0.23907333612442017,0.021832325610771825,17.31013252696671,4.506252492836751,-1.5707962703726066
7893,test,0,0.246439129114151,0.021832325610771825,17.31031300325071,4.506307835350718,-1.572783015405867
7894,test,0,0.24323131144046783,0.021832325610771825,17.310604697769147,4.506222343418469,-1.570829769563711
7895,test,0,0.24658405780792236,0.021832325610771825,17.310818145375585,4.506435528473036,-1.5721830177210452
7896,test,0,0.2418169528245926,0.021832325610771825,17.31110097990427,4.5065028746196525,-1.572522681504578
7897,test,0,0.24675969779491425,0.021832325610771825,17.31135932259839,4.506204013536563,-1.5715796125010997
7898,test,0,0.24097511172294617,0.021832325610771825,17.311671296717506,4.506428511711985,-1.5720045121970376
7899,test,0,0.24054694175720215,0.021832325610771825,17.31195418383505,4.506267287890649,-1.571800869972101
7900,test,0,0.2459428906440735,0.021832325610771825,17.312131696933402,4.5064250358113105,-1.5717096618162365
7901,test,0,0.24221353232860565,0.021832325610771825,17.312481731854906,4.506405094221798,-1.5718062893636966
7902,test,0,0.24583350121974945,0.021832325610771825,17.312624316276874,4.50618318095552,-1.5707948923069843
7903,test,0,0.24584351480007172,0.021832325610771825,17.312995567240204,4.506179655469317,-1.57075440570461
7904,test,0,0.2459578514099121,0.021832325610771825,17.31327801373015,4.50633803992158,-1.571232289827998
7905,test,0,0.24574688076972961,0.021832325610771825,17.313689753733332,4.50639078401614,-1.5722920357856667
7906,test,0,0.24000045657157898,0.021832325610771825,17.313894213955283,4.506234294332215,-1.5721978722104493
7907,test,0,0.2389976531267166,0.021832325610771825,17.314083236576753,4.506285026537492,-1.5705286401261018
7908,test,0,0.24521666765213013,0.021832325610771825,17.31442523032122,4.506226764639563,-1.5718266243520767
7909,test,0,0.2389490008354187,0.021832325610771825,17.314656667984135,4.5064302122327256,-1.5722496688462402
7910,test,0,0.24358397722244263,0.021832325610771825,17.314841896581008,4.506260086628403,-1.570753646239756
7911,test,0,0.2412884682416916,0.021832325610771825,17.315085228434228,4.506327591066022,-1.5717892105623614
7912,test,0,0.24179941415786743,0.021832325610771825,17.315429792258115,4.506129204431374,-1.5709013442088962
7913,test,0,0.24520905315876007,0.021832325610771825,17.315636721284424,4.506475584274796,-1.5724277260841966
7914,test,0,0.24517378211021423,0.021832325610771825,17.316030353517885,4.506313543348993,-1.5715505434170165
7915,test,0,0.23928144574165344,0.021832325610771825,17.316240046051195,4.506446814463023,-1.5722594427890797
7916,test,0,0.24492472410202026,0.021832325610771825,17.316559095706502,4.506398559504758,-1.5718724969195308
7917,test,0,0.2388802021741867,0.021832325610771825,17.316629147234828,4.506375514503398,-1.5717216664076041
7918,test,0,0.24047128856182098,0.021832325610771825,17.316813217581743,4.5061445052556275,-1.5708562168107352
7919,test,0,0.24446836113929749,0.021832325610771825,17.317151871582265,4.5063706181473755,-1.5720894360353361
7920,test,0,0.24517636001110077,0.021832325610771825,17.3173207462235,4.506252251275223,-1.5707989855595417
7921,test,0,0.23844170570373535,0.021832325610771825,17.317780677127008,4.506305439837043,-1.572301443081723
7922,test,0,0.24437350034713745,0.021832325610771825,17.31798893575298,4.5061454532445016,-1.570878920815972
7923,test,0,0.24444922804832458,0.021832325610771825,17.318388108443358,4.506418702862376,-1.5715269849678586
7924,test,0,0.24406017363071442,0.021832325610771825,17.31857705334801,4.506195098800154,-1.5713791413946638
7925,test,0,0.24404339492321014,0.021832325610771825,17.318916895570478,4.506156912804,-1.571227185422465
7926,test,0,0.24404722452163696,0.021832325610771825,17.31919576115928,4.506417917142804,-1.5719570858094374
7927,test,0,0.2398509383201599,0.021832325610771825,17.31958195474569,4.506323597482775,-1.5724606069868952
7928,test,0,0.2375343292951584,0.021832325610771825,17.319927588119963,4.506487689215941,-1.572502847961847
7929,test,0,0.23747655749320984,0.021832325610771825,17.320074251414436,4.506251229611319,-1.570803118769535
7930,test,0,0.24502749741077423,0.021832325610771825,17.320518233934703,4.506426401853808,-1.5724265419471102
7931,test,0,0.2435559332370758,0.021832325610771825,17.32063170211894,4.50618007130486,-1.5713359068691155
7932,test,0,0.23733210563659668,0.021832325610771825,17.32085729108681,4.506251887343926,-1.5707942670741986
7933,test,0,0.23569290339946747,0.021832325610771825,17.321065595131092,4.506279153035367,-1.571866140712851
7934,test,0,0.24320028722286224,0.021832325610771825,17.321431114357974,4.506416809657828,-1.5722662682942665
7935,test,0,0.2430831491947174,0.021832325610771825,17.321676604309882,4.5063690255361735,-1.5721052677133902
7936,test,0,0.2366742193698883,0.021832325610771825,17.32207516616359,4.506469800099378,-1.5724338541053728
7937,test,0,0.24421945214271545,0.021832325610771825,17.322346538575992,4.506480514207892,-1.5733705600273653
7938,test,0,0.23939749598503113,0.021832325610771825,17.322663387595263,4.506291494062109,-1.5713737100188985
7939,test,0,0.23912611603736877,0.021832325610771825,17.322862252112987,4.50627190533496,-1.5708750004641112
7940,test,0,0.2371460348367691,0.021832325610771825,17.32315088723375,4.506112430182934,-1.5707930067061986
7941,test,0,0.23875898122787476,0.021832325610771825,17.323567820194675,4.506350431904173,-1.5719566583416833
7942,test,0,0.24267791211605072,0.021832325610771825,17.32382696965504,4.50644196439816,-1.5721299296408524
7943,test,0,0.24236974120140076,0.021832325610771825,17.324113792634485,4.506198370003272,-1.5715101611069773
7944,test,0,0.2423577755689621,0.021832325610771825,17.324356117650424,4.506474244077391,-1.5722048461401106
7945,test,0,0.23578369617462158,0.021832325610771825,17.324387377553347,4.506252543016394,-1.570796249069559
7946,test,0,0.24204030632972717,0.021832325610771825,17.324550821991167,4.506241141575424,-1.5720360583499722
7947,test,0,0.2352762669324875,0.021832325610771825,17.324821278740302,4.506230156001702,-1.5714751484737486
7948,test,0,0.2356746792793274,0.021832325610771825,17.32507839269944,4.506548516795,-1.5724748166542386
7949,test,0,0.24076180160045624,0.021832325610771825,17.32525947363188,4.506262579087731,-1.5707962929852763
7950,test,0,0.2351173460483551,0.021832325610771825,17.325617753773606,4.506394025901103,-1.5721075265811215
7951,test,0,0.2363184094429016,0.021832325610771825,17.325787062681517,4.506283200700691,-1.5708625089054205
7952,test,0,0.24163800477981567,0.021832325610771825,17.326166272123753,4.506174747640487,-1.5706974812257732
7953,test,0,0.23514552414417267,0.021832325610771825,17.32634790303427,4.506410867858398,-1.5727186967781919
7954,test,0,0.23475578427314758,0.021832325610771825,17.326660176911012,4.506386997076846,-1.5707773048463076
7955,test,0,0.23468530178070068,0.021832325610771825,17.326833431360615,4.506277762850085,-1.572278625482289
7956,test,0,0.2400360405445099,0.021832325610771825,17.32711747498775,4.5060771187611515,-1.5708948157202816
7957,test,0,0.2379566878080368,0.021832325610771825,17.327337883285196,4.506312180527018,-1.5706394859130979
7958,test,0,0.23403023183345795,0.021832325610771825,17.327730899169204,4.506336752895664,-1.5719054819940048
7959,test,0,0.23414543271064758,0.021832325610771825,17.327985187622517,4.506242011014301,-1.572443106751283
7960,test,0,0.23409703373908997,0.021832325610771825,17.328096099063764,4.506253556608205,-1.5708040681260267
7961,test,0,0.2389875054359436,0.021832325610771825,17.32841264259405,4.506361604754054,-1.5718607885668876
7962,test,0,0.23898498713970184,0.021832325610771825,17.3285612406139,4.506367413760753,-1.5724360364348717
7963,test,0,0.23494306206703186,0.021832325610771825,17.328834703617737,4.506374844160888,-1.5713944604029835
7964,test,0,0.23577392101287842,0.021832325610771825,17.329030571563425,4.506371488612442,-1.5726680869893421
7965,test,0,0.23722192645072937,0.021832325610771825,17.329360017837416,4.50628488824772,-1.5720125098559006
7966,test,0,0.2391999065876007,0.021832325610771825,17.329493099010925,4.506263474355742,-1.5717667028734965
7967,test,0,0.23459506034851074,0.021832325610771825,17.32977290385166,4.506273736021267,-1.5707570269030857
7968,test,0,0.23334679007530212,0.021832325610771825,17.330047425275325,4.506376874312091,-1.5718969297906205
7969,test,0,0.23844870924949646,0.021832325610771825,17.33036044232643,4.506332309692726,-1.5718382564928228
7970,test,0,0.24322223663330078,0.021832325610771825,17.330642052270754,4.5064813307285245,-1.5724293829701477
7971,test,0,0.23973917961120605,0.021832325610771825,17.330839223367953,4.506187615294177,-1.5712913712467609
7972,test,0,0.2359987199306488,0.021832325610771825,17.331211412923384,4.506190952246251,-1.5716283751424382
7973,test,0,0.2332746982574463,0.021832325610771825,17.33138082582311,4.506317712422007,-1.5703373741842035
7974,test,0,0.23794128000736237,0.021832325610771825,17.33185091521805,4.506437610098015,-1.5726918972078638
7975,test,0,0.23896801471710205,0.021832325610771825,17.331922567916127,4.506147392170586,-1.5715104680401946
7976,test,0,0.2343062162399292,0.021832325610771825,17.332110387855085,4.50626248730603,-1.5708142483876273
7977,test,0,0.2330894023180008,0.021832325610771825,17.332467117132534,4.506550067261505,-1.5736069839965312
7978,test,0,0.2320617139339447,0.021832325610771825,17.332782000106413,4.506467933926907,-1.5721860099158342
7979,test,0,0.23235273361206055,0.021832325610771825,17.332901865001904,4.506350480873103,-1.5709055608378655
7980,test,0,0.23868824541568756,0.021832325610771825,17.333264256973663,4.506096091020157,-1.571187602543862
7981,test,0,0.23133020102977753,0.021832325610771825,17.333525791610185,4.506205388712352,-1.5718044596247809
7982,test,0,0.2319583296775818,0.021832325610771825,17.33371166686066,4.506368977300543,-1.570592069525325
7983,test,0,0.23876899480819702,0.021832325610771825,17.334090690717137,4.506433087872587,-1.572756828041563
7984,test,0,0.23695984482765198,0.021832325610771825,17.334168570420385,4.506145334062628,-1.5707791098347252
7985,test,0,0.23832355439662933,0.021832325610771825,17.334376839939875,4.506252706743077,-1.5707963038515116
7986,test,0,0.2361850142478943,0.021832325610771825,17.334505519082384,4.506423389935476,-1.572092126821394
7987,test,0,0.23287621140480042,0.021832325610771825,17.334847520703022,4.5061035221059855,-1.5714251587186823
7988,test,0,0.2318190187215805,0.021832325610771825,17.334965990914615,4.506413582644887,-1.5720090847590142
7989,test,0,0.23639771342277527,0.021832325610771825,17.335139994152975,4.5064726561543145,-1.5722653086217098
7990,test,0,0.2380983531475067,0.021832325610771825,17.335329673069374,4.5061295659758125,-1.5711957264605891
7991,test,0,0.23118099570274353,0.021832325610771825,17.335605765371664,4.506240870407404,-1.5714131435047236
7992,test,0,0.23145651817321777,0.021832325610771825,17.33586535796514,4.5063335277784216,-1.5719584571157361
7993,test,0,0.23118416965007782,0.021832325610771825,17.336069233632852,4.506429701004799,-1.5719830897491542
7994,test,0,0.2308201789855957,0.021832325610771825,17.336452980052076,4.506332702237856,-1.5718500478310704
7995,test,0,0.23132622241973877,0.021832325610771825,17.336676722411088,4.506359162597979,-1.5722481766665537
7996,test,0,0.2334817796945572,0.021832325610771825,17.337082549929697,4.506485826937121,-1.572668160779469
7997,test,0,0.23627018928527832,0.021832325610771825,17.33716870030168,4.506400596159362,-1.5719077960923584
7998,test,0,0.2333011031150818,0.021832325610771825,17.337415820346763,4.506293537119413,-1.5711336596613141
7999,test,0,0.2305627018213272,0.021832325610771825,17.337731167512132,4.506324230023016,-1.5728568513880692
8000,test,0,0.234891876578331,0.021832325610771825,17.33793117225069,4.506162285195035,-1.5712613176874595
8001,test,0,0.23312492668628693,0.021832325610771825,17.338139473219147,4.506367515687788,-1.5707260884704937
8002,test,0,0.23147465288639069,0.021832325610771825,17.33844084188579,4.506503625318744,-1.57260106895494
8003,test,0,0.23711007833480835,0.021832325610771825,17.338688939362566,4.506209556270075,-1.570967304229393
8004,test,0,0.23008616268634796,0.021832325610771825,17.338961370723023,4.506340651423154,-1.5707678607358109
8005,test,0,0.23699094355106354,0.021832325610771825,17.33937227517695,4.506283841039886,-1.5720407426988832
8006,test,0,0.23472046852111816,0.021832325610771825,17.33956259570783,4.506362098729582,-1.5728858134428145
8007,test,0,0.22998084127902985,0.021832325610771825,17.339762573973854,4.506336100025264,-1.5707702095724057
8008,test,0,0.23476843535900116,0.021832325610771825,17.340036444486415,4.506489202545759,-1.5731564646516216
8009,test,0,0.23651406168937683,0.021832325610771825,17.34028784049344,4.506175325503151,-1.571013054951223
8010,test,0,0.22966408729553223,0.021832325610771825,17.34049047121876,4.506338272335741,-1.5706349024414703
8011,test,0,0.23606422543525696,0.021832325610771825,17.34082354930278,4.506141452113879,-1.5707559945094018
8012,test,0,0.22952258586883545,0.021832325610771825,17.34118877326368,4.506307870277223,-1.5707844583694621
8013,test,0,0.2290043830871582,0.021832325610771825,17.341381682780373,4.506203659981921,-1.5701874013093917
8014,test,0,0.23634818196296692,0.021832325610771825,17.341818517229044,4.506491149225018,-1.572499129334156
8015,test,0,0.23534324765205383,0.021832325610771825,17.341910584216855,4.50620448989445,-1.5715952918565494
8016,test,0,0.23566922545433044,0.021832325610771825,17.34223483057444,4.506277166478341,-1.570639146095801
8017,test,0,0.2290431559085846,0.021832325610771825,17.34233447731514,4.506416541171589,-1.5720352596652951
8018,test,0,0.2271561324596405,0.021832325610771825,17.34260767228303,4.506211662047566,-1.5705748516363283
8019,test,0,0.22830434143543243,0.021832325610771825,17.342971768750008,4.506480284749574,-1.57252393551743
8020,test,0,0.23578773438930511,0.021832325610771825,17.34325259818555,4.506301078083912,-1.5704077072999927
8021,test,0,0.23322394490242004,0.021832325610771825,17.343512526073248,4.506141388236816,-1.5713594541381664
8022,test,0,0.22786331176757812,0.021832325610771825,17.34384943762368,4.506309782061927,-1.57175232080609
8023,test,0,0.22658143937587738,0.021832325610771825,17.344187211640055,4.506424688984316,-1.5722020610582315
8024,test,0,0.23001116514205933,0.021832325610771825,17.344305107334595,4.506159858605654,-1.5712656332871018
8025,test,0,0.2346804141998291,0.021832325610771825,17.344609725332965,4.506233679740026,-1.5710327968780118
8026,test,0,0.22774358093738556,0.021832325610771825,17.34485194712734,4.506398779667656,-1.571892200820803
8027,test,0,0.23052561283111572,0.021832325610771825,17.34524285506742,4.506384509661329,-1.5718040775667026
8028,test,0,0.2348528653383255,0.021832325610771825,17.345485053924474,4.506409670895354,-1.571977316383077
8029,test,0,0.22941716015338898,0.021832325610771825,17.345713067810212,4.5063175226067065,-1.5706822913626333
8030,test,0,0.23430603742599487,0.021832325610771825,17.34599156942923,4.5061511571136315,-1.5716181817862842
8031,test,0,0.22716571390628815,0.021832325610771825,17.346249961527057,4.506421386263384,-1.5723700780263896
8032,test,0,0.23438677191734314,0.021832325610771825,17.346454049512555,4.506252541983081,-1.5707968461838395
8033,test,0,0.23445817828178406,0.021832325610771825,17.34663298848902,4.506126724512343,-1.570796372618208
8034,test,0,0.23430320620536804,0.021832325610771825,17.34714610894793,4.506302653641324,-1.5719325580835912
8035,test,0,0.2342296987771988,0.021832325610771825,17.347238022588314,4.506251702361099,-1.5707979423667635
8036,test,0,0.22888582944869995,0.021832325610771825,17.347660155483666,4.506234553015615,-1.571433767382968
8037,test,0,0.22777950763702393,0.021832325610771825,17.34782508009976,4.506301481695254,-1.5725870613710522
8038,test,0,0.2326047420501709,0.021832325610771825,17.347989416590078,4.506252424147502,-1.5707961707880331
8039,test,0,0.23315295577049255,0.021832325610771825,17.348133760510283,4.506424910055902,-1.5730503367038908
8040,test,0,0.23336990177631378,0.021832325610771825,17.34836763346587,4.506217658015662,-1.5716544718118848
8041,test,0,0.2252509891986847,0.021832325610771825,17.348602052433304,4.506410096003403,-1.571352930761874
8042,test,0,0.22833234071731567,0.021832325610771825,17.348910148933573,4.506296361003171,-1.5715335203382508
8043,test,0,0.2251313030719757,0.021832325610771825,17.349302358370917,4.506323329514871,-1.5723857103639558
8044,test,0,0.22568239271640778,0.021832325610771825,17.34944570463013,4.5063846538577765,-1.5712025454237424
8045,test,0,0.22678391635417938,0.021832325610771825,17.349760076204696,4.506284588874787,-1.572127638119465
8046,test,0,0.2324940711259842,0.021832325610771825,17.349935550153198,4.506289505832058,-1.572267036124603
8047,test,0,0.23317983746528625,0.021832325610771825,17.350331437451377,4.50650900588532,-1.5723019340873152
8048,test,0,0.2250872552394867,0.021832325610771825,17.350430780110436,4.506419526128138,-1.5720578575422113
8049,test,0,0.23011544346809387,0.021832325610771825,17.350690702029226,4.506033582260147,-1.570865215856049
8050,test,0,0.2323802411556244,0.021832325610771825,17.350916194361353,4.506401009959657,-1.5719106644655167
8051,test,0,0.23244346678256989,0.021832325610771825,17.351257072252206,4.5064887866223025,-1.5724149420106563
8052,test,0,0.22426320612430573,0.021832325610771825,17.351546565640252,4.506276185599197,-1.5722988491286023
8053,test,0,0.23246687650680542,0.021832325610771825,17.351708615072226,4.506317504164309,-1.5719092534877406
8054,test,0,0.22418153285980225,0.021832325610771825,17.351804253551197,4.506252643282987,-1.5707962164789981
8055,test,0,0.2264101505279541,0.021832325610771825,17.351947745309474,4.506358736521057,-1.5708050178706896
8056,test,0,0.23205624520778656,0.021832325610771825,17.352363344103985,4.506201603031951,-1.5707719946997867
8057,test,0,0.22757254540920258,0.021832325610771825,17.35265732093792,4.506622278454526,-1.5728389649628423
8058,test,0,0.23187384009361267,0.021832325610771825,17.353007345372056,4.506325356058203,-1.571999588272162
8059,test,0,0.23143629729747772,0.021832325610771825,17.3531135460122,4.506138740311199,-1.5713977672420467
8060,test,0,0.23052366077899933,0.021832325610771825,17.353358426201307,4.5062536652647935,-1.5708147361182834
8061,test,0,0.23139013350009918,0.021832325610771825,17.35376272778798,4.5061711309086325,-1.5714159479836585
8062,test,0,0.22444085776805878,0.021832325610771825,17.35395062154631,4.506259116999888,-1.5708164532301092
8063,test,0,0.2228204756975174,0.021832325610771825,17.354121129596674,4.506252634727042,-1.5707962456440854
8064,test,0,0.22609630227088928,0.021832325610771825,17.35423057893388,4.506256184487008,-1.5708335353599763
8065,test,0,0.2293403595685959,0.021832325610771825,17.354571247378622,4.506243165949903,-1.5713062883433848
8066,test,0,0.23121467232704163,0.021832325610771825,17.354774692491986,4.506292503830885,-1.5707836756539792
8067,test,0,0.22362332046031952,0.021832325610771825,17.355219008718805,4.506257151621241,-1.5713514846200614
8068,test,0,0.23075929284095764,0.021832325610771825,17.355476037897382,4.506427004453909,-1.5721099688652431
8069,test,0,0.23072396218776703,0.021832325610771825,17.35569547492291,4.506252004887392,-1.5707961271323432
8070,test,0,0.22188474237918854,0.021832325610771825,17.355829588441487,4.506420103526947,-1.5720571964752577
8071,test,0,0.2217194139957428,0.021832325610771825,17.35603364898286,4.506221028199011,-1.5716947490268596
8072,test,0,0.22962933778762817,0.021832325610771825,17.356251172500816,4.506376973720596,-1.5708000647890812
8073,test,0,0.23059506714344025,0.021832325610771825,17.356503884204187,4.506475607818019,-1.572642202720372
8074,test,0,0.2299691140651703,0.021832325610771825,17.35675757887899,4.506136728773731,-1.571233134342092
8075,test,0,0.23037683963775635,0.021832325610771825,17.356860734534436,4.506254707415621,-1.5708081649562333
8076,test,0,0.2297275960445404,0.021832325610771825,17.357142676089477,4.506331347035614,-1.5712204195497157
8077,test,0,0.22214044630527496,0.021832325610771825,17.357441954076698,4.5063420274099695,-1.5728295852573602
8078,test,0,0.22072449326515198,0.021832325610771825,17.35774634685495,4.506477504860915,-1.572103785753163
8079,test,0,0.2297816127538681,0.021832325610771825,17.357957860287062,4.506304439866943,-1.5724357683885082
8080,test,0,0.22898626327514648,0.021832325610771825,17.358235267859865,4.506477018086707,-1.5722980479542408
8081,test,0,0.22909659147262573,0.021832325610771825,17.358563288304467,4.506133919870603,-1.5708274000261413
8082,test,0,0.22764647006988525,0.021832325610771825,17.35868896164155,4.50622772475471,-1.5710964147559123
8083,test,0,0.22901207208633423,0.021832325610771825,17.359010864959696,4.506032620415856,-1.5706940788049057
8084,test,0,0.2203175127506256,0.021832325610771825,17.35924399703192,4.506280555532039,-1.5718701399593715
8085,test,0,0.22892123460769653,0.021832325610771825,17.35952952823153,4.5062573888550235,-1.5711888650235586
8086,test,0,0.22820614278316498,0.021832325610771825,17.359730924744902,4.506381492360577,-1.5717700024071113
8087,test,0,0.2266400009393692,0.021832325610771825,17.360070686764317,4.5063472339296595,-1.5720195767689213
8088,test,0,0.21977336704730988,0.021832325610771825,17.360279292277912,4.506451666085859,-1.5725206803794889
8089,test,0,0.22175531089305878,0.021832325610771825,17.360556242059992,4.506345558691401,-1.5721216607704283
8090,test,0,0.22769013047218323,0.021832325610771825,17.36089510469476,4.506289892554575,-1.5721689813532502
8091,test,0,0.22368283569812775,0.021832325610771825,17.361190420828812,4.506434217549734,-1.5721453055151613
8092,test,0,0.22035294771194458,0.021832325610771825,17.361523286872508,4.506125224480032,-1.5716028832948652
8093,test,0,0.21888838708400726,0.021832325610771825,17.36170380126384,4.506409176901507,-1.5719235996334704
8094,test,0,0.2277178168296814,0.021832325610771825,17.361867998739488,4.5062525375609,-1.570796215428131
8095,test,0,0.2271798551082611,0.021832325610771825,17.362056028451317,4.5062473518498,-1.5722638733118566
8096,test,0,0.22734983265399933,0.021832325610771825,17.362365345150103,4.506177138798458,-1.5711165351717526
8097,test,0,0.22712668776512146,0.021832325610771825,17.36262776158873,4.506430337724908,-1.5706924691064776
8098,test,0,0.21713382005691528,0.021832325610771825,17.362996313201613,4.506145133702647,-1.5708078796262577
8099,test,0,0.21752309799194336,0.021832325610771825,17.36331155119915,4.5061524032542914,-1.5717540629336284
8100,test,0,0.21871601045131683,0.021832325610771825,17.363442224185977,4.50625218587649,-1.5707962867945304
8101,test,0,0.22553196549415588,0.021832325610771825,17.36351613330958,4.506349379509196,-1.5707627087301048
8102,test,0,0.21749438345432281,0.021832325610771825,17.363682467676643,4.506333978399607,-1.5706525665069162
8103,test,0,0.2268696278333664,0.021832325610771825,17.363956731151,4.50625248801688,-1.5707962844679966
8104,test,0,0.22675290703773499,0.021832325610771825,17.364067520574924,4.506409679213829,-1.5719837374129468
8105,test,0,0.2253045290708542,0.021832325610771825,17.364451720125572,4.506334966634863,-1.5718900569115515
8106,test,0,0.21607697010040283,0.021832325610771825,17.36468119876925,4.506646945370428,-1.5726140242145388
8107,test,0,0.22641728818416595,0.021832325610771825,17.365055720597315,4.506260716406441,-1.5718865945845923
8108,test,0,0.2155216932296753,0.021832325610771825,17.36523965865708,4.506158324906631,-1.5716238660986062
8109,test,0,0.22599585354328156,0.021832325610771825,17.365500305139705,4.50633405967727,-1.5714359945884555
8110,test,0,0.21596629917621613,0.021832325610771825,17.36574001435565,4.506341098898358,-1.5714844430564712
8111,test,0,0.21549399197101593,0.021832325610771825,17.365897933518642,4.506310931112564,-1.5706297839449457
8112,test,0,0.22368879616260529,0.021832325610771825,17.366255997852807,4.506386774288445,-1.5713008064530496
8113,test,0,0.21566878259181976,0.021832325610771825,17.366397846998357,4.506313254631321,-1.5712936738024876
8114,test,0,0.22259870171546936,0.021832325610771825,17.366823637702275,4.506301537408798,-1.571582511405835
8115,test,0,0.2170100063085556,0.021832325610771825,17.36704971633692,4.506349508392587,-1.5717970484026513
8116,test,0,0.22284752130508423,0.021832325610771825,17.367271309861557,4.506252519257664,-1.5707962065721555
8117,test,0,0.22353143990039825,0.021832325610771825,17.36746964190935,4.506505754745362,-1.5725891583136682
8118,test,0,0.21435165405273438,0.021832325610771825,17.367833849821658,4.506513176984469,-1.5724786589654745
8119,test,0,0.2240198701620102,0.021832325610771825,17.36802842052688,4.506275893794309,-1.5708432404042287
8120,test,0,0.22470147907733917,0.021832325610771825,17.368110908932838,4.506265937033116,-1.5708243634692998
8121,test,0,0.21389733254909515,0.021832325610771825,17.36856442097755,4.5063945183964815,-1.5717261065806905
8122,test,0,0.22438392043113708,0.021832325610771825,17.3687742255375,4.506266264333014,-1.5712555583723053
8123,test,0,0.2136247605085373,0.021832325610771825,17.369119197284977,4.506195079371486,-1.5715358478671895
8124,test,0,0.21874232590198517,0.021832325610771825,17.36923627325545,4.506235330943777,-1.5706838526994802
8125,test,0,0.21862012147903442,0.021832325610771825,17.369345067613384,4.506252483773627,-1.5707962214289868
8126,test,0,0.22318603098392487,0.021832325610771825,17.36949613941603,4.506275957554334,-1.572558725326246
8127,test,0,0.22313544154167175,0.021832325610771825,17.36967784683816,4.5062268132197545,-1.5710553454079526
8128,test,0,0.2234622836112976,0.021832325610771825,17.370108602329683,4.506498749636723,-1.572367858634912
8129,test,0,0.22037503123283386,0.021832325610771825,17.370251835167302,4.5061515623696815,-1.5713605561503825
8130,test,0,0.2146787941455841,0.021832325610771825,17.370596775892913,4.5061153996501915,-1.5708099893176086
8131,test,0,0.2127741128206253,0.021832325610771825,17.37084807692845,4.506391146542204,-1.5715004284621523
8132,test,0,0.2221791297197342,0.021832325610771825,17.37121943820055,4.5061692159151185,-1.5712195754816356
8133,test,0,0.22232657670974731,0.021832325610771825,17.371414532692288,4.5064392727287315,-1.5722038815199622
8134,test,0,0.2227676957845688,0.021832325610771825,17.37156711421601,4.506252494677145,-1.570796270237558
8135,test,0,0.21518267691135406,0.021832325610771825,17.371660158183467,4.506416157104458,-1.5720362138775539
8136,test,0,0.22104980051517487,0.021832325610771825,17.371869397432484,4.5062468875393495,-1.5712887963340632
8137,test,0,0.21192722022533417,0.021832325610771825,17.372085418251192,4.506384894003201,-1.5705761331245043
8138,test,0,0.21101421117782593,0.021832325610771825,17.372401876840176,4.506140439218746,-1.5711045254183766
8139,test,0,0.22129453718662262,0.021832325610771825,17.37268669386773,4.506215654305765,-1.5714334978303146
8140,test,0,0.21133282780647278,0.021832325610771825,17.372866459680967,4.506277543133262,-1.5707054532642732
8141,test,0,0.22189316153526306,0.021832325610771825,17.373343247140692,4.506396440867326,-1.5725059160905959
8142,test,0,0.21104252338409424,0.021832325610771825,17.373435055193433,4.506368697690054,-1.5716711251673345
8143,test,0,0.2217051237821579,0.021832325610771825,17.373700150901982,4.506252510641097,-1.5707961333011176
8144,test,0,0.22167128324508667,0.021832325610771825,17.373798597859317,4.506434552882412,-1.5721721681873206
8145,test,0,0.21784497797489166,0.021832325610771825,17.374073074175296,4.50629632110432,-1.5717588029493146
8146,test,0,0.21448743343353271,0.021832325610771825,17.374453938636567,4.506509904854806,-1.5722706330898348
8147,test,0,0.220518559217453,0.021832325610771825,17.374773484544196,4.506467012887593,-1.5721215967283397
8148,test,0,0.2156987190246582,0.021832325610771825,17.375056874421304,4.506315643088767,-1.571611595230073
8149,test,0,0.21274156868457794,0.021832325610771825,17.3751783184659,4.506239123052924,-1.5708184824562537
8150,test,0,0.2096349447965622,0.021832325610771825,17.37538128979245,4.506230215912342,-1.5714540910605752
8151,test,0,0.20972684025764465,0.021832325610771825,17.37548379477917,4.506411713580209,-1.5719949790025691
8152,test,0,0.21042078733444214,0.021832325610771825,17.375806848056154,4.50614144725287,-1.5709461316313644
8153,test,0,0.21202640235424042,0.021832325610771825,17.376041979257376,4.506430683900575,-1.5732779087477298
8154,test,0,0.20860162377357483,0.021832325610771825,17.376255557380972,4.506070644268236,-1.5710503305622412
8155,test,0,0.20898395776748657,0.021832325610771825,17.37653752857631,4.5062554155963515,-1.5712981865241744
8156,test,0,0.22008252143859863,0.021832325610771825,17.376799585319976,4.506255807803794,-1.571405982456853
8157,test,0,0.20788608491420746,0.021832325610771825,17.377097883504202,4.506107740399028,-1.5712171436393
8158,test,0,0.21951033174991608,0.021832325610771825,17.377319702219406,4.506227368375339,-1.5708466596333093
8159,test,0,0.21646878123283386,0.021832325610771825,17.37734088673392,4.506252536189088,-1.57079616145636
8160,test,0,0.21910053491592407,0.021832325610771825,17.37749077755327,4.50623007454059,-1.571744363943461
8161,test,0,0.21899113059043884,0.021832325610771825,17.37781314892572,4.506336316853483,-1.5713225403356874
8162,test,0,0.20850533246994019,0.021832325610771825,17.37791075968346,4.506275579145019,-1.5706571789797659
8163,test,0,0.21858464181423187,0.021832325610771825,17.37835837854219,4.5061836167264575,-1.5712836264203938
8164,test,0,0.2074669748544693,0.021832325610771825,17.378755958850856,4.506525035448753,-1.5726041319825939
8165,test,0,0.21934416890144348,0.021832325610771825,17.37902378635942,4.506453562211486,-1.5720846315365353
8166,test,0,0.21894828975200653,0.021832325610771825,17.37930974055658,4.506175338024966,-1.5715033036691994
8167,test,0,0.21198998391628265,0.021832325610771825,17.379485529132666,4.506151106748903,-1.571090913780009
8168,test,0,0.21498510241508484,0.021832325610771825,17.379750454305896,4.506311369201599,-1.5712116240267477
8169,test,0,0.21254226565361023,0.021832325610771825,17.380021082552815,4.506335699786257,-1.57251502780551
8170,test,0,0.20814619958400726,0.021832325610771825,17.380337478830633,4.506304643332167,-1.5711056211785754
8171,test,0,0.21446563303470612,0.021832325610771825,17.380688831386685,4.5065596805995645,-1.5725476716770812
8172,test,0,0.2060808539390564,0.021832325610771825,17.381027165997725,4.506464501799423,-1.5725197250589096
8173,test,0,0.21105089783668518,0.021832325610771825,17.381251444920743,4.506158059370657,-1.5714417281171547
8174,test,0,0.2080552577972412,0.021832325610771825,17.381358942359846,4.506280366862825,-1.5708620904241528
8175,test,0,0.20955488085746765,0.021832325610771825,17.381811219194663,4.506330580714014,-1.5726054659442585
8176,test,0,0.2175593227148056,0.021832325610771825,17.382068005514835,4.506328667440724,-1.5720676954329897
8177,test,0,0.21539604663848877,0.021832325610771825,17.382225082068953,4.50625955178722,-1.5708051126194325
8178,test,0,0.20393449068069458,0.021832325610771825,17.38244621616415,4.506427390527364,-1.572115195744222
8179,test,0,0.20737847685813904,0.021832325610771825,17.38280898176906,4.506240495945989,-1.571311518040912
8180,test,0,0.2076438069343567,0.021832325610771825,17.383023559640716,4.5063368680803935,-1.571450631837842
8181,test,0,0.2048058956861496,0.021832325610771825,17.38331801727429,4.5061829086953615,-1.5711894467593421
8182,test,0,0.20369599759578705,0.021832325610771825,17.383694795792245,4.506353957358422,-1.572635491480113
8183,test,0,0.2045586258172989,0.021832325610771825,17.383835538232937,4.50632648317306,-1.5708292826574641
8184,test,0,0.20588155090808868,0.021832325610771825,17.384073810010275,4.506193035261226,-1.5712065402391036
8185,test,0,0.20619261264801025,0.021832325610771825,17.38426592676901,4.506410150304457,-1.5726852403960108
8186,test,0,0.20352506637573242,0.021832325610771825,17.384403043494768,4.506252593942781,-1.5707962143720315
8187,test,0,0.21566252410411835,0.021832325610771825,17.38458580659027,4.5063198049725335,-1.5730522544293541
8188,test,0,0.20516188442707062,0.021832325610771825,17.384856269423416,4.506367825749395,-1.5719155282310477
8189,test,0,0.20406846702098846,0.021832325610771825,17.38508778145572,4.506399627638183,-1.5707859410609055
8190,test,0,0.20391058921813965,0.021832325610771825,17.385483781838662,4.506415859836923,-1.5722480701585868
8191,test,0,0.20343784987926483,0.021832325610771825,17.38572863685323,4.5062270378186495,-1.5720001844167453
8192,test,0,0.2153688669204712,0.021832325610771825,17.386006399782413,4.5063593051532465,-1.5700250090013286
8193,test,0,0.20203092694282532,0.021832325610771825,17.386323090543613,4.506346475316114,-1.5707758520262296
8194,test,0,0.21501922607421875,0.021832325610771825,17.386516037563254,4.50646396978312,-1.5723725153780133
8195,test,0,0.20300337672233582,0.021832325610771825,17.386630603706763,4.506254877550002,-1.5708150847776954
8196,test,0,0.20172229409217834,0.021832325610771825,17.386908736935393,4.506278890099956,-1.5719394210391573
8197,test,0,0.2100445032119751,0.021832325610771825,17.387212581071804,4.506491977325641,-1.572630542876182
8198,test,0,0.2011498510837555,0.021832325610771825,17.38733330225375,4.506375932962046,-1.5715601711280656
8199,test,0,0.20925059914588928,0.021832325610771825,17.387736389329845,4.506322726664806,-1.5718489593409388
8200,test,0,0.21132436394691467,0.021832325610771825,17.387950026481526,4.506149021413085,-1.5717518416908638
8201,test,0,0.20156194269657135,0.021832325610771825,17.388259300364012,4.506427749972329,-1.5708367540347719
8202,test,0,0.2029082030057907,0.021832325610771825,17.388617527795635,4.506385667145501,-1.5726277222210263
8203,test,0,0.20012953877449036,0.021832325610771825,17.38868227334412,4.506211334846313,-1.5712595415365325
8204,test,0,0.2133067101240158,0.021832325610771825,17.389120113710682,4.506378825213167,-1.5710794527353242
8205,test,0,0.20007476210594177,0.021832325610771825,17.38935758278464,4.50647093024973,-1.5732364609083203
8206,test,0,0.21106509864330292,0.021832325610771825,17.389563804520822,4.506225773204919,-1.5708140828524362
8207,test,0,0.1990860402584076,0.021832325610771825,17.389954317636327,4.506591729982447,-1.572146065761305
8208,test,0,0.20369406044483185,0.021832325610771825,17.390285902911852,4.506206942997828,-1.5714749649605322
8209,test,0,0.19848325848579407,0.021832325610771825,17.390661305909774,4.5064101150908815,-1.573042622781845
8210,test,0,0.20802900195121765,0.021832325610771825,17.39082946839798,4.506363874204535,-1.570785505539592
8211,test,0,0.19876889884471893,0.021832325610771825,17.391103119024102,4.506349356363864,-1.5707421231478214
8212,test,0,0.2041805535554886,0.021832325610771825,17.391300325372544,4.506308178534213,-1.5718182260168867
8213,test,0,0.19963988661766052,0.021832325610771825,17.391659735627282,4.506352062537852,-1.5706131739250146
8214,test,0,0.21095263957977295,0.021832325610771825,17.39184016315715,4.506345928632528,-1.5726679579756289
8215,test,0,0.1976088285446167,0.021832325610771825,17.392185967997186,4.506325053781237,-1.5721530864297582
8216,test,0,0.19460098445415497,0.021832325610771825,17.392433686761724,4.506420128440189,-1.571942873163246
8217,test,0,0.19818535447120667,0.021832325610771825,17.392729284614575,4.506248059348488,-1.571765393072274
8218,test,0,0.19707322120666504,0.021832325610771825,17.392985588158993,4.50626042724672,-1.5715674635821961
8219,test,0,0.19820378720760345,0.021832325610771825,17.39298264490846,4.5063783829022945,-1.5717430136548955
8220,test,0,0.20837509632110596,0.021832325610771825,17.39324974205138,4.506252514733061,-1.5707962728981972
8221,test,0,0.2056453377008438,0.021832325610771825,17.393472578721955,4.5062234623382595,-1.5718661713552373
8222,test,0,0.19660241901874542,0.021832325610771825,17.393766455508054,4.50638943754049,-1.5716631818079245
8223,test,0,0.20813807845115662,0.021832325610771825,17.393941536408352,4.506428374377087,-1.5728338676442117
8224,test,0,0.19879409670829773,0.021832325610771825,17.394195043323453,4.5062875638180975,-1.571685061794973
8225,test,0,0.20982509851455688,0.021832325610771825,17.39442736278264,4.506393941166163,-1.5718538854719812
8226,test,0,0.20963987708091736,0.021832325610771825,17.394720952711452,4.506118194889184,-1.5705125153168946
8227,test,0,0.19525308907032013,0.021832325610771825,17.395039598417586,4.5063722682663085,-1.5725617577674038
8228,test,0,0.20436671376228333,0.021832325610771825,17.39517122842886,4.506389959275482,-1.5710937905832267
8229,test,0,0.1985829770565033,0.021832325610771825,17.39519357610691,4.506252615169324,-1.5707962832036233
8230,test,0,0.19566462934017181,0.021832325610771825,17.395334430706235,4.5064044561219365,-1.5719404209735293
8231,test,0,0.20866158604621887,0.021832325610771825,17.395670885538124,4.506376402987116,-1.5706794590016218
8232,test,0,0.1945156753063202,0.021832325610771825,17.39583093761927,4.506457053959744,-1.5731102202061715
8233,test,0,0.20818166434764862,0.021832325610771825,17.396114698236833,4.506224415149371,-1.5717139182505127
8234,test,0,0.20773932337760925,0.021832325610771825,17.39650517643558,4.506540736318627,-1.5724105491655096
8235,test,0,0.20284098386764526,0.021832325610771825,17.396722664197316,4.506410393540533,-1.5718983736110475
8236,test,0,0.20419082045555115,0.021832325610771825,17.39709443942677,4.506337847958108,-1.5716282509072361
8237,test,0,0.2074408233165741,0.021832325610771825,17.39728097535136,4.506167388529268,-1.5715174340916713
8238,test,0,0.20767346024513245,0.021832325610771825,17.397360169700285,4.5062526470980195,-1.5707961815278522
8239,test,0,0.19684189558029175,0.021832325610771825,17.397522249106185,4.506217496877404,-1.5716880462131202
8240,test,0,0.20717301964759827,0.021832325610771825,17.39785613042255,4.506383568037936,-1.5716403447184002
8241,test,0,0.2072862684726715,0.021832325610771825,17.39815399120173,4.506443963457528,-1.5722424439066391
8242,test,0,0.2018449753522873,0.021832325610771825,17.398448300771662,4.506235752961637,-1.57156248391008
8243,test,0,0.19846850633621216,0.021832325610771825,17.39883395877815,4.506471392721791,-1.5722163061675196
8244,test,0,0.1927776038646698,0.021832325610771825,17.398915909449293,4.506252360952514,-1.5707963070128057
8245,test,0,0.1927317976951599,0.021832325610771825,17.39902326219331,4.50626904749918,-1.57079126575829
8246,test,0,0.19278955459594727,0.021832325610771825,17.399155119170164,4.5063476611025015,-1.5706470181930163
8247,test,0,0.19236204028129578,0.021832325610771825,17.399399939073724,4.506321100586548,-1.5712322640422676
8248,test,0,0.2053900957107544,0.021832325610771825,17.39959886704105,4.506378977889794,-1.5717547843352073
8249,test,0,0.19429609179496765,0.021832325610771825,17.39993126844038,4.506385199775447,-1.5717230354714369
8250,test,0,0.19452083110809326,0.021832325610771825,17.400162514324897,4.5063619976226095,-1.5708484914762602
8251,test,0,0.20034581422805786,0.021832325610771825,17.40052510284282,4.506327579897902,-1.5717161304255567
8252,test,0,0.20549796521663666,0.021832325610771825,17.400917192654163,4.5064142870516495,-1.5720103347496426
8253,test,0,0.20379993319511414,0.021832325610771825,17.40116534419564,4.506197156164526,-1.570817235086602
8254,test,0,0.1912546008825302,0.021832325610771825,17.401559301498413,4.506312150575008,-1.5715903461852323
8255,test,0,0.19115284085273743,0.021832325610771825,17.401723353161902,4.506285731283162,-1.5710668943808523
8256,test,0,0.20517906546592712,0.021832325610771825,17.401865388943023,4.506252596027404,-1.5707962032726366
8257,test,0,0.2051086127758026,0.021832325610771825,17.402033051103498,4.506428504931658,-1.5721264169131013
8258,test,0,0.19783726334571838,0.021832325610771825,17.402308801677364,4.506235505654899,-1.571410358344501
8259,test,0,0.19238406419754028,0.021832325610771825,17.402668969138066,4.506473473947454,-1.5724571450790221
8260,test,0,0.20426131784915924,0.021832325610771825,17.402878042006442,4.506373939809573,-1.5717121733487847
8261,test,0,0.18967175483703613,0.021832325610771825,17.40324691977511,4.506207848883754,-1.5714726246870836
8262,test,0,0.19468514621257782,0.021832325610771825,17.403456737745554,4.506248590294526,-1.570801952608353
8263,test,0,0.18931615352630615,0.021832325610771825,17.403933037178465,4.5064359057442065,-1.5725853442567972
8264,test,0,0.1895803064107895,0.021832325610771825,17.40400213274031,4.506286369396433,-1.5720297788441417
8265,test,0,0.1895160675048828,0.021832325610771825,17.40433705035333,4.506414937002809,-1.5717108301173228
8266,test,0,0.19100125133991241,0.021832325610771825,17.404589536669867,4.5062126535811196,-1.5717069064401752
8267,test,0,0.20360501110553741,0.021832325610771825,17.404838875860353,4.506274807530057,-1.5709507632677226
8268,test,0,0.19076773524284363,0.021832325610771825,17.405124914506125,4.506459436438212,-1.5721949395436818
8269,test,0,0.19336174428462982,0.021832325610771825,17.405309252337613,4.506205024498404,-1.5712671688233957
8270,test,0,0.20293442904949188,0.021832325610771825,17.405659320782032,4.506370904187857,-1.571684899252798
8271,test,0,0.18897822499275208,0.021832325610771825,17.405790065973644,4.506383976072001,-1.5706579071382396
8272,test,0,0.19562175869941711,0.021832325610771825,17.406234275516262,4.506250269100378,-1.5708064176019736
8273,test,0,0.19111017882823944,0.021832325610771825,17.406437105706523,4.506195291040438,-1.5715900610232416
8274,test,0,0.18860214948654175,0.021832325610771825,17.406632571263284,4.506420958652293,-1.5719192933632358
8275,test,0,0.2026602029800415,0.021832325610771825,17.406886573915813,4.506377561380695,-1.571737971265591
8276,test,0,0.19258451461791992,0.021832325610771825,17.4071185842944,4.506230040777772,-1.571424372604475
8277,test,0,0.1882818043231964,0.021832325610771825,17.407468990702977,4.506468101730784,-1.5721893526206836
8278,test,0,0.20241589844226837,0.021832325610771825,17.407644780341084,4.50629757856188,-1.5724023119902624
8279,test,0,0.20185764133930206,0.021832325610771825,17.408008629400094,4.506473554372264,-1.5723835325645628
8280,test,0,0.19803667068481445,0.021832325610771825,17.40814774747047,4.506468437675098,-1.5721730886834686
8281,test,0,0.20210003852844238,0.021832325610771825,17.408559447845263,4.50642947455678,-1.5724289052572837
8282,test,0,0.18615907430648804,0.021832325610771825,17.408668841233883,4.506251270898737,-1.5719658320189693
8283,test,0,0.1992369294166565,0.021832325610771825,17.40900536493793,4.506305476711659,-1.5712298525959143
8284,test,0,0.2011469304561615,0.021832325610771825,17.409334130519067,4.506292721562274,-1.5708516328129827
8285,test,0,0.2012539654970169,0.021832325610771825,17.409579865214155,4.506268546533397,-1.5716507073883133
8286,test,0,0.18733800947666168,0.021832325610771825,17.409728510518843,4.506252592204329,-1.5707962609571822
8287,test,0,0.1966908723115921,0.021832325610771825,17.409978737655077,4.506182775720323,-1.5716036376402556
8288,test,0,0.1889653205871582,0.021832325610771825,17.410293047499767,4.5063487325728175,-1.5712922752251646
8289,test,0,0.18699631094932556,0.021832325610771825,17.41045374777352,4.50635785074256,-1.572054640564859
8290,test,0,0.19998757541179657,0.021832325610771825,17.410822232413516,4.506197496489676,-1.571697549165207
8291,test,0,0.20108088850975037,0.021832325610771825,17.410999746863503,4.5063219258111635,-1.572385827540508
8292,test,0,0.20203477144241333,0.021832325610771825,17.411119947532853,4.506262877270463,-1.570866146921902
8293,test,0,0.18642427027225494,0.021832325610771825,17.411489831646215,4.5064146438863,-1.5720166155368864
8294,test,0,0.18931734561920166,0.021832325610771825,17.411649440704654,4.506392507797377,-1.5717673231932918
8295,test,0,0.20164333283901215,0.021832325610771825,17.411850065974374,4.506371292968769,-1.5708997689182918
8296,test,0,0.1864660680294037,0.021832325610771825,17.41194802012367,4.50630848031105,-1.5707198006633998
8297,test,0,0.18252834677696228,0.021832325610771825,17.41236012990153,4.506273617310564,-1.5712663608579458
8298,test,0,0.191571906208992,0.021832325610771825,17.41262777231827,4.506433406387453,-1.5720976799935187
8299,test,0,0.2010677307844162,0.021832325610771825,17.412964400340606,4.506299228735525,-1.5719370642460162
8300,test,0,0.19368816912174225,0.021832325610771825,17.413210110660398,4.50645385392254,-1.5723092814986215
