step,mode,loss,angle_error(rad),distance(m),x(m),y(m),the(rad)
1,training,0.10252401,0.3201937079429626,0.0,0.00017119227792347733,0.0005077533141540432,0.003085358137150457
2,training,0.08585185,0.28495997935533524,0.0,0.014254152627026721,0.0005609437159658564,0.0034138181144508367
3,training,0.07264747,0.2658540084958077,0.0,0.052820047513662906,0.0007639285131397593,0.00866274604809311
4,training,0.06288248,0.2702956199645996,0.0,0.07266464783920429,0.000995744165663827,0.014777955924270048
5,training,0.051204972,0.23646893352270126,0.0,0.1325296543494598,0.0025963148517213893,0.04044928164106782
6,training,0.041578546,0.25314813852310186,0.0,0.17222486146935312,0.004624510761424316,0.06280082849405591
7,training,0.039240856,0.2410077303647995,0.0,0.19198711620645856,0.0060092230826692085,0.07759556108949905
8,training,0.026190024,0.15821355581283575,0.011314120301404626,0.23160942640953505,0.009723119752370857,0.11058906016293724
9,training,0.014330836,0.08264181017875671,0.011314120301404626,0.27094648667440324,0.014809949349899845,0.14779390831232456
10,training,0,0.002887353301048251,0.011314120301404626,0.30998546151805173,0.021494271511727902,0.19333980035510354
11,training,0,0.03550811111927027,0.011314120301404626,0.3485929971464608,0.030014432314533362,0.24058313469140066
12,training,0,0.02164079248905182,0.011314120301404626,0.3869299420992457,0.04036970181179912,0.2875421018816998
13,training,0.009888804,0.07500585913658142,0.015199595597366708,0.42452824442617504,0.052490677576197735,0.3357610640946529
14,training,0.005916331,0.1139001548290253,0.015199595597366708,0.47983225123233086,0.07410787977604605,0.41122593018602804
15,training,0.011242708,0.24712717905640602,0.015199595597366708,0.5155188750457561,0.09086627614594595,0.4682837288503862
16,training,0.048842855,0.27454042434692383,0.015199595597366708,0.5500413031447295,0.10972735590606628,0.5322847302039088
17,training,0.098333776,0.36182261700741947,0.009979463711050877,0.5831954805117557,0.13075642962629494,0.5992027434467015
18,training,0.022475291,0.2975139133632183,0.009979463711050877,0.6302869468428377,0.16662102884790236,0.7043640765966229
19,training,0.012619344,0.2358926348388195,0.038282805448302405,0.6733033151387992,0.20695166605651766,0.8000536011173923
20,training,0.047885783,0.2270298721268773,0.038282805448302405,0.7000850091927174,0.2361088256112241,0.8527355088401986
21,training,0.041575514,0.23846693336963654,0.038282805448302405,0.7376278611958403,0.28203592321504134,0.9164571686859738
22,training,0.05346951,0.3019896298646927,0.038282805448302405,0.7612770505524376,0.31389420170817445,0.9461879568001628
23,training,0.028204583,0.294698029756546,0.038282805448302405,0.7728452183890077,0.3301415095809828,0.9576213518779709
24,training,0.060492434,0.3162810951471329,0.11831223376295251,0.7954324536963252,0.3629923639037615,0.9794724307016676
25,training,0.057654485,0.31209131330251694,0.11831223376295251,0.8176209059280252,0.39630930245145757,0.9707140353019633
26,training,0.05552187,0.6170091032981873,0.11831223376295251,0.8411428759347452,0.4291383624433009,0.9270320556119643
27,training,0.04197383,0.5989640578627586,0.11831223376295251,0.853359804194539,0.4450429721531214,0.8991353063754277
28,training,0.07793219,0.5628271847963332,0.11831223376295251,0.8804894612142181,0.47570785957721384,0.7927644873222105
29,training,0.04191849,0.5128218457102776,0.2254083831796434,0.9104747730128778,0.5030803858125666,0.6880031426284335
30,training,0.07711766,0.4553983472287655,0.2254083831796434,0.943244908066423,0.5274179509956569,0.590667021155413
31,training,0.13178359,0.4131713435053826,0.2254083831796434,0.9960697224660648,0.5579805915631679,0.46137050635023813
32,training,0.042347237,0.3461887761950493,0.24661897091667018,1.0330105081630407,0.5745402931585126,0.3824839312364842
33,training,0.02012597,0.28726367838680744,0.24661897091667018,1.051858032216625,0.5817523262472011,0.3490111380756015
34,training,0.078786835,0.3027691338211298,0.24661897091667018,1.0903305675553407,0.594451896389933,0.290883706788723
35,training,0.04119996,0.22715992480516434,0.24661897091667018,1.1293151643807657,0.6050171210697308,0.23757676746358627
36,training,0.09662677,0.2034648135304451,0.2297366204347902,1.1492098286361747,0.6095171246678557,0.20680614314802473
37,training,0.0759375,0.16540846228599548,0.2297366204347902,1.1887778958360364,0.6169856255845759,0.1675400829837724
38,training,0.04670263,0.1304934499785304,0.2297366204347902,1.228444700077756,0.62306146777351,0.13720763949403159
39,training,0.033037506,0.0973970927298069,0.2297366204347902,1.2883850914440704,0.6301161526530284,0.09837765609083167
40,training,0.048420016,0.09687053342349827,0.2297366204347902,1.3482852384211281,0.6351802115635523,0.07135749952463216
41,training,0.053511832,0.07600027136504652,0.2297366204347902,1.4083154907961764,0.6385873454027942,0.04201931962617876
42,training,0,0.023341111838817596,0.1607543758220524,1.4283342715290135,0.6393368962646006,0.03259299133994186
43,training,0,0.018345121294260025,0.1607543758220524,1.4484383609080436,0.6399044608259814,0.023855520173209594
44,training,0,0.01954077184200287,0.1607543758220524,1.4885952219294036,0.6406426257790452,0.013881980084628707
45,training,0,0.011122820898890488,0.1607543758220524,1.5085179866753042,0.640868026031239,0.008922086919692979
46,training,0,0.013165993615984917,0.1607543758220524,1.5485538824705394,0.6410413074820843,-3.8009986008077156e-05
47,training,0,0.005832633003592491,0.1607543758220524,1.568683199726676,0.64099925781783,-0.0041385588054456465
48,training,0,0.001695321872830391,0.07457316354027864,1.6086601781787162,0.6406873495343944,-0.010947740141757192
49,training,0,0.008312929421663284,0.07457316354027864,1.6486444767536166,0.640125785668223,-0.016917196908235795
50,training,0,0.017336111050099134,0.07457316354027864,1.6888160227836946,0.6393534741612981,-0.020938196140409038
51,training,0,0.007753401994705197,0.07457316354027864,1.7286182824051923,0.6384677449057075,-0.023612248541916608
52,training,0,0.01600941177457571,0.07457316354027864,1.7686952243953542,0.6374800955895923,-0.02637503446887816
53,training,0,0.021823619958013296,0.029126729823084414,1.8086659353843229,0.6363754623230572,-0.029032804764671388
54,training,0,0.02373100770637393,0.029126729823084414,1.8485719281800321,0.6351583127735496,-0.03308645355549143
55,training,0,0.02732832357287407,0.029126729823084414,1.8887274265410214,0.6337228652718205,-0.038454037530219864
56,training,0,0.03897800110280514,0.029126729823084414,1.9285316360514113,0.6320911108793223,-0.04410036101036716
57,training,0,0.03963698633015156,0.029126729823084414,1.9685392212073114,0.6302132279484557,-0.049963455039423274
58,training,0.03633678,0.06123168580234051,0.029126729823084414,2.0483532217130462,0.6257924517144992,-0.06143054455544243
59,training,0.062167995,0.0725148394703865,0.00991747917547295,2.108396490356982,0.6217869769171713,-0.07160712347691132
60,training,0.06531491,0.09817972779273987,0.00991747917547295,2.148143498162916,0.6187600450154837,-0.08121306685377448
61,training,0.04208421,0.12961871549487114,0.00991747917547295,2.188159619057112,0.6152912522930141,-0.0921842868752648
62,training,0.084073745,0.12039739266037941,0.00991747917547295,2.247780764509014,0.6093053949749424,-0.10905383483335272
63,training,0.03808289,0.14523470029234886,0.0476015703970331,2.2876549077408392,0.6047209321163721,-0.11971447161434644
64,training,0.03176082,0.179149966686964,0.0476015703970331,2.307529783236382,0.6022897749857528,-0.12407122653597817
65,training,0.036330488,0.21093450859189034,0.0476015703970331,2.3471225378608023,0.5971631632007743,-0.13442298812814713
66,training,0.0511629,0.21370387449860573,0.0476015703970331,2.386840338612647,0.5915664539266862,-0.14536542960986257
67,training,0.055178247,0.2277194783091545,0.0476015703970331,2.426430800454162,0.5856122352637231,-0.15315633570145323
68,training,0.06258613,0.24205793440341947,0.0476015703970331,2.4461004834609974,0.5825362180079272,-0.1579477669478576
69,training,0.04993476,0.26360612735152245,0.0476015703970331,2.4856412066076734,0.576061302698518,-0.16650058927775965
70,training,0.034272,0.23713494837284088,0.07449536524147699,2.525076295743629,0.5693202035429735,-0.17208780449014877
71,training,0.061739936,0.23842224478721621,0.07449536524147699,2.564384317554026,0.5623608449898756,-0.17889789372372453
72,training,0.061200492,0.21484307199716568,0.07449536524147699,2.6037428109745653,0.5551344431505221,-0.18390461121436588
73,training,0.05021707,0.26053616777062416,0.07449536524147699,2.643077682184303,0.5477527845846174,-0.18745066265135832
74,training,0.043890845,0.26939982175827026,0.07449536524147699,2.682305432710208,0.5401969590440222,-0.19291488272667934
75,training,0.05437931,0.2887010909616947,0.07449536524147699,2.70191050543418,0.5363563674695374,-0.19439949933612466
76,training,0.06399442,0.2861047862097621,0.07449536524147699,2.7411611009751486,0.5285977486242758,-0.19585499145161311
77,training,0.055650365,0.29899291961919516,0.11231326275972796,2.7802949065883866,0.5207961019480625,-0.19770177996634247
78,training,0.042431492,0.2972260951064527,0.11231326275972796,2.8195778995050387,0.5131810300206993,-0.17080698812818057
79,training,0.045952335,0.21741502359509465,0.11231326275972796,2.858539040425557,0.5076633914029661,-0.11109543343074058
80,training,0.026637038,0.17437927424907684,0.11231326275972796,2.8980452735324693,0.504260661226571,-0.06176446001326069
81,training,0.058826692,0.10986172407865524,0.11231326275972796,2.937610043360587,0.50272745136224,-0.01695648055725738
82,training,0.019070935,0.17295365035533905,0.11231326275972796,2.9771957071770707,0.5028078204875134,0.018942863438062403
83,training,0.03143555,0.1060415506362915,0.1412808623297553,3.016957747031365,0.5043588549745078,0.062175921317843975
84,training,0,0.03166758269071579,0.1412808623297553,3.0563236056577465,0.5076665697340326,0.10306309109386161
85,training,0,0.007822789251804352,0.1412808623297553,3.095824738694759,0.512355286670721,0.1306831904659771
86,training,0,0.03698310628533363,0.1412808623297553,3.115606389068574,0.5150607796079673,0.14037704054753564
87,training,0.056329004,0.07174235209822655,0.1412808623297553,3.1745646050301817,0.5240686028402827,0.16030630283823105
88,training,0.04283925,0.09682280570268631,0.12273255604400961,3.2337399437787693,0.53397004065251,0.1677290281783198
89,training,0.03158881,0.1189107671380043,0.12273255604400961,3.292752567182955,0.5440444043790629,0.17002639525242158
90,training,0,0.04405635595321656,0.12273255604400961,3.3125079084527265,0.5474409842083707,0.16946248377146994
91,training,0.085567184,0.05720885843038559,0.12273255604400961,3.371409905164653,0.5578012005583085,0.1840017573207133
92,training,0.034876503,0.10380256548523903,0.12273255604400961,3.4105796369956236,0.5653341445790838,0.19508025284870073
93,training,0.03711828,0.12101083900779486,0.12273255604400961,3.469283629199995,0.5771721275831885,0.20111970065603124
94,training,0.035664525,0.15431710332632065,0.08208324934464564,3.5084257944912975,0.5851923842946614,0.20174964366020604
95,training,0.030574188,0.17123349756002426,0.08208324934464564,3.5869014662660335,0.6006987995742833,0.18645396461920835
96,training,0.03843336,0.16159740835428238,0.08208324934464564,3.6461815271997144,0.6113072894703029,0.1644838405282025
97,training,0.035655398,0.14850793033838272,0.08208324934464564,3.705582327464792,0.6204405650027739,0.14080370902931283
98,training,0.050448813,0.1326613500714302,0.025302993643512,3.765197486624793,0.6281250004410655,0.11574481581690588
99,training,0.040503807,0.12577394396066666,0.025302993643512,3.844603010232674,0.6373161380149187,0.1255729408666872
100,training,0.043577954,0.13128040358424187,0.025302993643512,3.9037882915771367,0.645432674105796,0.1480587879704018
101,training,0.014025719,0.1632927507162094,0.01834538634168515,3.9432177821874257,0.6516117279070566,0.16207313275893617
102,training,0.044773288,0.15093402564525604,0.01834538634168515,3.962914161261676,0.6548947814793259,0.16751214029598707
103,training,0.036726307,0.15606464445590973,0.01834538634168515,4.002153412878382,0.6617318912321688,0.17686106836888996
104,training,0.034867346,0.15388961136341092,0.01834538634168515,4.041454967932277,0.6688849058170508,0.181780005490658
105,training,0.026721552,0.16657487116754055,0.01834538634168515,4.080711873962186,0.6761619217223033,0.18502438551520647
106,training,0.012589697,0.16162233497016132,0.01834538634168515,4.100330855441777,0.6798509603578253,0.18640950603879342
107,training,0.035178628,0.2082220232114196,0.01834538634168515,4.139614735656208,0.6872886962164385,0.18630615955737712
108,training,0.027213838,0.20351248420774934,0.03229642338328282,4.17891400282483,0.6946542998654608,0.1844356109963091
109,training,0.016281515,0.2154093291610479,0.03229642338328282,4.218203206082362,0.7019706208649878,0.18313611499487117
110,training,0.050756443,0.1603824086487293,0.03229642338328282,4.2575502580450735,0.7091802136711821,0.17852224763847585
111,training,0.0456991,0.14853224903345108,0.03229642338328282,4.2968515010328545,0.716186451673195,0.17412344804400506
112,training,0.05538498,0.2018039412796497,0.03229642338328282,4.336316482912281,0.7230148726270051,0.1674690637417214
113,training,0.026638374,0.14218097925186157,0.03229642338328282,4.375832488191666,0.7295062300784377,0.15816281485283026
114,training,0.02109608,0.11908661946654317,0.056716971301862776,4.415323616439491,0.735662958546662,0.1508773091454545
115,training,0.02244996,0.15221665054559708,0.056716971301862776,4.474794822974306,0.7443035583844078,0.13724505673949786
116,training,0.032253336,0.1610555574297905,0.056716971301862776,4.514379161690296,0.7496503036251936,0.13107201924847742
117,training,0.010616869,0.16105453670024872,0.056716971301862776,4.5541453185427105,0.7547814073209516,0.12492883930021802
118,training,0.015267902,0.1648158971220255,0.056716971301862776,4.573994237781749,0.7572395179364161,0.12195341219850499
119,training,0.03892732,0.163438405841589,0.056716971301862776,4.613591046444718,0.762032822832409,0.11870051995251345
120,training,0.01507312,0.15816755220294,0.0831974014526966,4.653443250462406,0.7667142409619983,0.11406002431433432
121,training,0.072441265,0.16250185295939445,0.0831974014526966,4.693093272344636,0.7711227351738417,0.10775013978083607
122,training,0.025825154,0.14684805274009702,0.0831974014526966,4.732924485646249,0.7753167618060024,0.10188465106839156
123,training,0.031199532,0.13925538957118988,0.0831974014526966,4.772838332435971,0.7792452770167386,0.09358360690156552
124,training,0.03943298,0.13496627286076546,0.0831974014526966,4.812553193592983,0.7828165065130107,0.0850219285458766
125,training,0.015364985,0.12355600297451019,0.0831974014526966,4.852607754253953,0.7860384676536183,0.07536697263496964
126,training,0.025487233,0.13485296815633774,0.10007416472440014,4.892450609137846,0.7888467027978147,0.06567694705658302
127,training,0.014233926,0.1252020187675953,0.10007416472440014,4.932490602800419,0.7912186088422107,0.04621079510126241
128,training,0.01261055,0.07392539083957672,0.10007416472440014,4.972926216766128,0.7923798226931279,0.011892166806668483
129,training,0.0131568555,0.06279642507433891,0.10007416472440014,5.012941315789006,0.7922080160443566,-0.01927953309336496
130,training,0.028585607,0.07629891112446785,0.10007416472440014,5.053212917951914,0.7909005697832633,-0.044704207687399036
131,training,0,0.0034218691289424896,0.09950559157616895,5.093282378320644,0.7886886391026042,-0.06572991789534868
132,training,0,0.029359137639403336,0.09950559157616895,5.133215457519037,0.7857150677069528,-0.07913972265818839
133,training,0,0.010544184595346444,0.09950559157616895,5.173257987160373,0.7823596025826065,-0.08900970992767483
134,training,0,0.00023322179913520813,0.09950559157616895,5.212958322083973,0.7786208698109577,-0.09909363225462403
135,training,0,0.04671433847397566,0.09950559157616895,5.252829123600262,0.7744831375337127,-0.10765425197515492
136,training,0.022827037,0.05624959245324135,0.09950559157616895,5.312416840841791,0.7681042463347479,-0.10494489269512558
137,training,0.027760332,0.06072951853275299,0.08057150097750011,5.391987881057478,0.7601031587463036,-0.09378698183379636
138,training,0.015877323,0.058456720784306526,0.08057150097750011,5.431599092093568,0.7564791400686456,-0.08936609779269684
139,training,0,0.04878822900354862,0.08057150097750011,5.451533891301333,0.7547142646141268,-0.08715151807363743
140,training,0.010654161,0.05308069474995136,0.08057150097750011,5.511212934778231,0.7497552321750859,-0.07872237187713502
141,training,0,0.043848998844623566,0.08057150097750011,5.531077197459521,0.7482184676868947,-0.07603399788009675
142,training,0,0.04764217883348465,0.07015489822852625,5.551023515582733,0.7467192975405657,-0.07427155623486859
143,training,0.0288305,0.05650360696017742,0.07015489822852625,5.6108025370519305,0.7424445281331429,-0.06876950651774025
144,training,0.033889517,0.06372740678489208,0.07015489822852625,5.650620707677548,0.7397793936203143,-0.06497001850110197
145,training,0,0.04582067020237446,0.07015489822852625,5.690648323938852,0.7372511390032646,-0.06114083500849521
146,training,0,0.04833315219730139,0.07015489822852625,5.7104850682903665,0.7360603654222961,-0.05990300624132348
147,training,0.034069344,0.06458423286676407,0.07015489822852625,5.750302901457024,0.7337179270398806,-0.057933947669860646
148,training,0.038076337,0.06914881058037281,0.05411449829844991,5.810233545846692,0.730392484687565,-0.05190347672225927
149,training,0.01733691,0.09157318063080311,0.05411449829844991,5.870038779276275,0.7274735820125409,-0.046245605326342205
150,training,0.011252858,0.1346024926751852,0.05411449829844991,5.94981416121083,0.7240487039881043,-0.04042381712389528
151,training,0.02755332,0.17418247275054455,0.05411449829844991,5.989885154992447,0.7225069019684003,-0.0359152221632943
152,training,0.021747557,0.13505912013351917,0.05411449829844991,6.049635323188027,0.7205600393268673,-0.029978254639812664
153,training,0.019253194,0.06277189636602998,0.035159345777550643,6.0897089081073545,0.7194176589739273,-0.026977448584241278
154,training,0.029983606,0.06343991216272116,0.035159345777550643,6.129711408402896,0.7183522762193316,-0.02982832210461091
155,training,0,0.04354186728596687,0.035159345777550643,6.149661640672931,0.7177017607002211,-0.03556354293973616
156,training,0,0.00994264055043459,0.035159345777550643,6.189766225005417,0.7160735257301436,-0.04410743083186768
157,training,0,0.013943770900368694,0.035159345777550643,6.209799758060617,0.7151854148382701,-0.043675016636113194
158,training,0,0.02930928580462933,0.035159345777550643,6.249502503553345,0.7135306479854971,-0.03903985696507305
159,training,0,0.04014333337545395,0.008764493752307078,6.289481218612573,0.7121305204346229,-0.029740391672287078
160,training,0,0.03932071849703789,0.008764493752307078,6.329423272834295,0.7111607289217071,-0.018828449880285182
161,training,0,0.033528752624988556,0.008764493752307078,6.369231702509523,0.710618393781656,-0.008778097995064972
162,training,0,0.02689155377447605,0.008764493752307078,6.40934332920475,0.7104194524993441,-0.0012458272556795577
163,training,0,0.028024835512042046,0.008764493752307078,6.4491685960513285,0.7104801123746607,0.004117773955131103
164,training,0,0.043849287554621696,0.008764493752307078,6.489141879254626,0.7107540315759014,0.009610971232465723
165,training,0,0.04683399200439453,0.010481605202361252,6.529202030871444,0.7112393717516521,0.014981545041018113
166,training,0.015672095,0.052329324185848236,0.010481605202361252,6.568996373349379,0.7119751924776399,0.021754253349550074
167,training,0,0.033346302807331085,0.010481605202361252,6.609068487327248,0.7129707285708163,0.028094295087053123
168,training,0,0.01756699592806399,0.010481605202361252,6.649026121360279,0.714161219213777,0.030713410205639384
169,training,0,0.021536951884627342,0.010481605202361252,6.688953254747944,0.7154025285094017,0.030815608490489314
170,training,0,0.022748975083231922,0.010481605202361252,6.729109406019547,0.7166187271681369,0.029947427029614806
171,training,0.023155117,0.055045453831553445,0.0036243908768544084,6.80895808349257,0.7189290459532398,0.027425597497303403
172,training,0,0.04566962830722332,0.0036243908768544084,6.829051656575184,0.7194647698963416,0.02617730315996851
173,training,0,0.04498060233891011,0.0036243908768544084,6.848963358848529,0.7199738726255068,0.024688980228850715
174,training,0.022243436,0.057765273377299295,0.0036243908768544084,6.908927608427091,0.7213218965211362,0.020358165622741568
175,training,0,0.018732588738203042,0.0036243908768544084,6.929038179298899,0.721711320040025,0.018468664668160165
176,training,0,0.03237977065145968,0.0017074876029417585,6.968905038505568,0.7223453322257296,0.012740751298934082
177,training,0,0.030306184664368623,0.0017074876029417585,7.0089534141624705,0.7227277233576468,0.006563851622448673
178,training,0,0.008675608783960342,0.0017074876029417585,7.049065217317081,0.7228888570584256,0.00262494791491652
179,training,0,0.006792854517698288,0.0017074876029417585,7.088947686250223,0.7229143721449298,-0.0014019646767008767
180,training,0,0.033238159492611885,0.0017074876029417585,7.129100148242153,0.7227870126735285,-0.0050398496548556704
181,training,0,0.04931248939828947,0.006901668057800867,7.169025346192396,0.7225340655280593,-0.007172077829737566
182,training,0.010557874,0.07130108214914799,0.006901668057800867,7.208988642474501,0.7222423738785372,-0.007564770918666098
183,training,0.009791145,0.10342374444007874,0.006901668057800867,7.268992165245085,0.7218390160401363,-0.004993572766744443
184,training,0.017400919,0.1453820988535881,0.006901668057800867,7.348993930160758,0.7219939204264839,0.011886439854408843
185,training,0.044838578,0.17624392360448837,0.015020476114577326,7.408594877668892,0.7233540094998163,0.036779419757558246
186,training,0.016608581,0.10292404890060425,0.015020476114577326,7.468423738164738,0.726463440507841,0.0675038686295949
187,training,0.0077328756,0.08761786203831436,0.015020476114577326,7.527997595115849,0.7311865877441177,0.0881892447327603
188,training,0,0.03662158176302911,0.015020476114577326,7.548038146311198,0.7330069626111908,0.09212353852486686
189,training,0,0.04152805358171463,0.015020476114577326,7.587572529894557,0.736638683878196,0.08879041220619573
190,training,0,0.04766887053847314,0.015020476114577326,7.627489156119904,0.7399999312387259,0.07873261897613869
191,training,0.003714723,0.06071873381733893,0.037656761908634,7.687394424240396,0.744280044483704,0.06440369299296311
192,training,0,0.03305221721529962,0.037656761908634,7.707324869956241,0.7455246669313021,0.060255373706817446
193,training,0,0.040664222091436386,0.037656761908634,7.747438270496802,0.747772247877726,0.051116064749191954
194,training,0.0076917484,0.05969243496656418,0.037656761908634,7.787416688901762,0.749630492892735,0.04270192039759311
195,training,0,0.047467012889683254,0.037656761908634,7.827356375629571,0.751226927245912,0.03756665145063851
196,training,0.009366963,0.06579866725951435,0.05619501374650102,7.8874098184483525,0.7533114656817512,0.03250153424436305
197,training,0.033417106,0.08938350342214108,0.05619501374650102,7.927313030569257,0.7545875710043483,0.0317525803184834
198,training,0.024263794,0.08008596487343311,0.05619501374650102,7.967436237010226,0.7558995043169459,0.034964211796994514
199,training,0.0027253337,0.054350815713405595,0.05619501374650102,8.007193543484824,0.7573817650507726,0.03912364967330438
200,training,0,0.010645553469657898,0.05619501374650102,8.047207718997567,0.758974801384609,0.038081708709387735
201,training,0.0049489946,0.07412068918347359,0.05619501374650102,8.067337566300493,0.7596927048622211,0.03280297736395529
202,training,0.010566987,0.057858783751726164,0.061805701654440694,8.107246651810472,0.7607582121149218,0.020504404115715674
203,training,0.030904494,0.08136097528040409,0.061805701654440694,8.14732549055964,0.7613520101341359,0.009751684043156603
204,training,0.019253002,0.10871247528120875,0.061805701654440694,8.187501672728215,0.7615724047702136,0.00355249719405646
205,training,0.017625453,0.1284813042730093,0.061805701654440694,8.227350568329863,0.76171504012907,0.004589677903456029
206,training,0.005462493,0.1384313777089119,0.061805701654440694,8.267446579718598,0.7619856555431794,0.010351161244927158
207,training,0.0028960365,0.11846428737044334,0.05811314842831694,8.307298967495129,0.7625449564687073,0.01850013424096006
208,training,0.0078112017,0.1707763858139515,0.05811314842831694,8.367227550815432,0.7640978974052539,0.03374763575742921
209,training,0.007695685,0.15268590673804283,0.05811314842831694,8.387226781769675,0.7648105316079169,0.03861282435520181
210,training,0.011670641,0.13935776706784964,0.05811314842831694,8.426946025839205,0.7665340898380392,0.04636708791228328
211,training,0.015034439,0.12444217316806314,0.05811314842831694,8.487038694859518,0.7694071733539084,0.04679539444092635
212,training,0.007408469,0.09836752712726596,0.05811314842831694,8.526762434218986,0.7711708101365409,0.04087558579368168
213,training,0.005465244,0.08152133971452713,0.06695903815500584,8.546765820563621,0.7719453800573833,0.035858773797649277
214,training,0.010654281,0.07869353145360947,0.06695903815500584,8.587008546023558,0.7731499926303064,0.02345959731542796
215,training,0.011006617,0.09018491208553314,0.06695903815500584,8.626916534059287,0.7738322008642398,0.011097335628642986
216,training,0.0070619215,0.097042890265584,0.06695903815500584,8.66700571652154,0.7740639409950351,0.0011434345435927427
217,training,0.006676426,0.10550175793468952,0.06695903815500584,8.707110323650946,0.7739684854390401,-0.0042442046710089495
218,training,0.0064744856,0.09417612722609192,0.0748604362768549,8.746991203367662,0.7737352654159336,-0.006998135325695315
219,training,0.0036675031,0.0824482785537839,0.0748604362768549,8.807121997765595,0.7732887622089043,-0.006930579457558625
220,training,0.009080512,0.13755423575639725,0.0748604362768549,8.826985921230765,0.7731658826227406,-0.0053898989691328015
221,training,0.007279666,0.1295209564268589,0.0748604362768549,8.86692207340208,0.7730529611492292,0.0005068037662686476
222,training,0.005538934,0.1347893327474594,0.0748604362768549,8.907030085108547,0.7732013374071663,0.007510373282948073
223,training,0.0067063933,0.13069001492112875,0.0748604362768549,8.946804539919237,0.7736246570752062,0.012979254401323994
224,training,0.008990115,0.11049798922613263,0.08158256537185872,8.98687286582585,0.7742203759864141,0.016112255576706428
225,training,0.00418994,0.1094710435718298,0.08158256537185872,9.026824777689884,0.7748846523257307,0.016790039702170516
226,training,0.023510214,0.09244355000555515,0.08158256537185872,9.066758600963373,0.7754946032109622,0.012691074795037496
227,training,0.008322337,0.09042084589600563,0.08158256537185872,9.106973172607555,0.7758735723709698,0.005945406874549603
228,training,0.00947806,0.08972660265862942,0.08158256537185872,9.146855749241768,0.7759713439898333,-0.0012347522387007937
229,training,0.0072894613,0.09865141101181506,0.09353817586310352,9.186939536931861,0.7757724992616557,-0.008810420962137256
230,training,0.015235922,0.10454771388322115,0.09353817586310352,9.227023571069157,0.7752904770994595,-0.01428678120450293
231,training,0.020235945,0.15304390946403146,0.09353817586310352,9.266912676378706,0.7746284117004866,-0.018267484362758796
232,training,0.021488745,0.1541469767689705,0.09353817586310352,9.307047743291905,0.7738584060813711,-0.019934857141506543
233,training,0.0051734084,0.14311716728843749,0.09353817586310352,9.346919105660465,0.7730502186978246,-0.021165675687763078
234,training,0.0026606633,0.0811270079575479,0.09353817586310352,9.38689567535197,0.7721792444141834,-0.02275491368583309
235,training,0.011970983,0.15142041351646188,0.09483004697216255,9.42701425146505,0.771239288531517,-0.02391461813177326
236,training,0.00967703,0.14918850176036358,0.09483004697216255,9.466814374702412,0.7702721334669077,-0.0246640140729643
237,training,0.0072882557,0.05849497439339757,0.09483004697216255,9.506892743531232,0.7692945940181662,-0.024054781929119046
238,training,0.018011773,0.1552208662033081,0.09483004697216255,9.546791687940676,0.7683688240700255,-0.02252611037144992
239,training,0.017206077,0.10905385762453079,0.09483004697216255,9.606751782323819,0.767158504112987,-0.01740764238296922
240,training,0.008797231,0.11598906852304935,0.09483004697216255,9.626830683375307,0.7668242791012491,-0.015930896228047147
241,training,0.019271793,0.09976262599229815,0.05753751660031945,9.666648938433191,0.7661948931902405,-0.01747358805095994
242,training,0,0.032770069316029556,0.05753751660031945,9.706736299669597,0.7653670405570544,-0.024755101016298846
243,training,0.0043821917,0.12269432237371802,0.05753751660031945,9.746755459911782,0.7642629089883595,-0.030048249940702404
244,training,0.007812705,0.11823000968433917,0.05753751660031945,9.786622769259564,0.7630086207533835,-0.032575971667359496
245,training,0.0057690237,0.12273128982633352,0.05753751660031945,9.826733864215656,0.7616833733236757,-0.03287008913459781
246,training,0.011005844,0.0757478829473257,0.05753751660031945,9.86652853983323,0.7604236953334226,-0.030922874212878856
247,training,0.004675392,0.0794483982026577,0.05717202546149938,9.926557256039779,0.7587046746668343,-0.025462784430169843
248,training,0.0058818916,0.14324826374650002,0.05717202546149938,9.966421226342218,0.7578268677024823,-0.018523804965695168
249,training,0.008347866,0.12589743826538324,0.05717202546149938,9.986341674622965,0.7574936687736396,-0.015452024869255548
250,training,0.001408117,0.1295468035386875,0.05717202546149938,10.026427694490476,0.7569598122621618,-0.011944515802581747
251,training,0.011555102,0.11109345406293869,0.05717202546149938,10.066371513143757,0.7565030963264177,-0.011545428658971853
252,training,0.025184315,0.05482450872659683,0.05717202546149938,10.126394435174138,0.7557700394428211,-0.013639842361978335
253,training,0.004738101,0.13730646204203367,0.0628639591288643,10.166368482240632,0.7552044847664102,-0.014480579614529651
254,training,0.008721729,0.079416191438213,0.0628639591288643,10.20627951539873,0.7546271092901554,-0.014658315234810692
255,training,0,0.04859509505331515,0.0628639591288643,10.226346498718549,0.7543281662990782,-0.015492173274634103
256,training,0.0036910237,0.09877547435462473,0.0628639591288643,10.266376353245953,0.7536394325137878,-0.01937166545167159
257,training,0.0026611425,0.10200776159763335,0.0628639591288643,10.306282382305831,0.7527666350989074,-0.02446506225141333
258,training,0.0033925334,0.06634781789034605,0.0628639591288643,10.366387627589052,0.7511190370378942,-0.03002002454175305
259,training,0.011127682,0.060790589079260826,0.05491523876517273,10.426263026313244,0.7492623015868548,-0.03198202165636886
260,training,0.005585877,0.08486125618219376,0.05491523876517273,10.466309579825973,0.7480381208250454,-0.028650514760038583
261,training,0.003508171,0.05634854629170149,0.05491523876517273,10.506098849763893,0.746964911035258,-0.02549819143451277
262,training,0,0.01814625039696694,0.05491523876517273,10.546198839157679,0.7459923515781146,-0.02427108837888738
263,training,0,0.028831008821725845,0.05491523876517273,10.566241319902755,0.7454968507235638,-0.025245647779265943
264,training,0.0032422836,0.0788024105131626,0.05491523876517273,10.606129137072946,0.7443433122058378,-0.03288389516146031
265,training,0.0023108064,0.06234974414110184,0.04853286537480986,10.666318675139358,0.7419845980930213,-0.04549428555879917
266,training,0,0.013101808726787574,0.04853286537480986,10.686172323982802,0.7410441942199409,-0.049772873838416325
267,training,0,0.0033036768436431885,0.04853286537480986,10.706087640249184,0.7400149132638918,-0.0535374689088928
268,training,0,0.0039061214774847065,0.04853286537480986,10.746129363303725,0.7377379918128396,-0.06025510924249836
269,training,0,0.00426870584487915,0.04853286537480986,10.786047593229995,0.7352245362235602,-0.06602560378242457
270,training,0,0.00010003335773945202,0.04853286537480986,10.825865224364032,0.7324672030610531,-0.07235563312096444
271,training,0,0.0009493622928857838,0.04853286537480986,10.865900089362885,0.7294599035410457,-0.07734286195130181
272,training,0,0.002373138442635536,0.02800382301596269,10.905602549489576,0.7263277374959334,-0.0809330703201452
273,training,0,0.0010150098241865626,0.02800382301596269,10.94549165981946,0.7230390449738385,-0.08370840530789829
274,training,0,0.0014984207227826118,0.02800382301596269,10.985393691455492,0.7196754752143246,-0.08435815065567154
275,training,0,0.006441691890358925,0.02800382301596269,11.025043777920956,0.7162975513706118,-0.08584358749034286
276,training,0,0.023303345777094364,0.02800382301596269,11.064991686295244,0.7128497864264988,-0.08642708254841297
277,training,0,0.016696452163159847,0.02800382301596269,11.1046840435804,0.7094250146575687,-0.08685774085881322
278,training,0,0.02348648477345705,0.024634199892190713,11.144501098628483,0.7059367776144732,-0.08834967507584915
279,training,0,0.025906947441399097,0.024634199892190713,11.184420109930928,0.7023806876358639,-0.08933059427614716
280,training,0,0.04233139846473932,0.024634199892190713,11.224063391700371,0.698798558944855,-0.09162076952794804
281,training,0,0.03900188859552145,0.024634199892190713,11.263965918377535,0.6950933144146311,-0.09362767616040749
282,training,0,0.04609003383666277,0.024634199892190713,11.30373740566267,0.6913538477582756,-0.09463318572254549
283,training,0,0.04987430665642024,0.024634199892190713,11.34342904931433,0.6875392919761835,-0.09704400682789086
284,training,0.0059401914,0.05028025154024362,0.02198925373287139,11.383322626580082,0.6836350889797672,-0.09781784727753934
285,training,0,0.010440658777952194,0.02198925373287139,11.422886910844651,0.6797701619238283,-0.0973447960109756
286,training,0,0.01933370903134346,0.02198925373287139,11.462694088061873,0.6759507206300371,-0.09258468765911942
287,training,0,0.022133059799671173,0.02198925373287139,11.502522552531346,0.6724254680145542,-0.08369261935457478
288,training,0,0.03024495393037796,0.02198925373287139,11.542170549029704,0.6692262541590631,-0.07798790533851524
289,training,0,0.04299034550786019,0.02198925373287139,11.582141262179746,0.6661932301787783,-0.07360966910653828
290,training,0,0.036100536584854126,0.006858388554050602,11.621857589938784,0.6633545147919111,-0.07021726392847864
291,training,0.0016389342,0.06130721070803703,0.006858388554050602,11.681746031376605,0.6592221047962862,-0.06763671438505796
292,training,0,0.04417627025395631,0.006858388554050602,11.701707985482098,0.657885288716362,-0.06622453943866892
293,training,0.010128921,0.05025270208716391,0.006858388554050602,11.76137352599394,0.654006103252626,-0.06390481812339484
294,training,0,0.035210561007261276,0.006858388554050602,11.781398382379685,0.6527341246492471,-0.06257166249921228
295,training,0,0.03135846182703972,0.014128256913691194,11.821189326311297,0.6503415209618595,-0.05778612381410704
296,training,0,0.04229274019598962,0.014128256913691194,11.861007697047812,0.6481674817523121,-0.05130428099990289
297,training,0,0.0410881917923689,0.014128256913691194,11.90107444714452,0.6462377876714505,-0.04467472792628762
298,training,0,0.0302564837038517,0.014128256913691194,11.940802151283764,0.644595554589153,-0.03871592361561039
299,training,0,0.02064582332968711,0.014128256913691194,11.98077940142795,0.6431666080816105,-0.032435416855606775
300,training,0,0.027732718735933304,0.014128256913691194,12.020755920901404,0.6420090105539239,-0.025335566438149784
301,training,0,0.018164250999689102,0.014128256913691194,12.060573341068682,0.6411404892048409,-0.01865787341565061
302,training,0,0.0016421377658843925,0.02982926852521188,12.100675045815786,0.6405287141589394,-0.011144099105347251
303,training,0,0.012864012271165848,0.02982926852521188,12.140481102659272,0.6402473223497752,-0.0025758164507235955
304,training,0,0.030438625719398253,0.02982926852521188,12.180408508146993,0.6403236371534518,0.006273914533470766
305,training,0,0.027381114661693573,0.02982926852521188,12.220538781570305,0.6406188089147907,0.00850228401222686
306,training,0,0.02389600034803152,0.02982926852521188,12.260342152672537,0.64093843447607,0.006618325201837639
307,training,0,0.024026141967624426,0.02982926852521188,12.3004575333193,0.6411605937354322,0.00430223451207998
308,training,0,0.031254836823791265,0.03569946161104408,12.340399119702727,0.6413340735408213,0.004967477218889192
309,training,0,0.02138101076707244,0.03569946161104408,12.380328003113002,0.6415444412844061,0.005002570765383577
310,training,0,0.03430608659982681,0.03569946161104408,12.42049061410964,0.641736215305564,0.005127323629680284
311,training,0,0.02278929576277733,0.03569946161104408,12.460302701583132,0.6420208817767495,0.009378345058790885
312,training,0,0.013047456741333008,0.03569946161104408,12.500306181126707,0.6425456238681111,0.017408820850274113
313,training,0,0.021187869831919677,0.03569946161104408,12.540284352648632,0.6433854959322504,0.02457755423017826
314,training,0,0.024807022884488113,0.04243865291825624,12.58011275763394,0.6444731522513725,0.029589797805256054
315,training,0,0.014162233099341386,0.04243865291825624,12.620211443122141,0.6457464773579079,0.034295374053304115
316,training,0,0.017890790477395058,0.04243865291825624,12.660027197803576,0.6471946550347448,0.038290196185087486
317,training,0,0.008080523461103443,0.04243865291825624,12.699970362764022,0.6487934281342053,0.041517993498176274
318,training,0,0.0018837936222553253,0.04243865291825624,12.740027311871383,0.6505111605843346,0.044360639218005704
319,training,0,0.0070063350722193735,0.04243865291825624,12.779761349378722,0.6523756731616315,0.04900251651719847
320,training,0,0.029631344601511955,0.03282591730438686,12.81978617809967,0.6544258605879039,0.05358899089221063
321,training,0,0.013949962332844734,0.03282591730438686,12.859616426793709,0.6566428187637428,0.05744377301179242
322,training,0,0.015455225482583046,0.03282591730438686,12.8994596996361,0.6590078842749403,0.060863709126988644
323,training,0,0.008852127939462662,0.03282591730438686,12.939493028329586,0.6615079618403141,0.06373655628681994
324,training,0,0.0018573664128780365,0.03282591730438686,12.97919465763256,0.6641140077927083,0.06719837852376512
325,training,0,0.004667426925152541,0.03282591730438686,13.019132823181613,0.6668661085943979,0.0703227233756703
326,training,0,0.03893024707213045,0.026086724125618237,13.059007799898733,0.6697182628248894,0.07235140652697362
327,training,0.005406956,0.06758630136027932,0.026086724125618237,13.118739689310901,0.6741447203947682,0.07503136170415799
328,training,0,0.049408966675400734,0.026086724125618237,13.138752890607366,0.6756546890356931,0.07547375040998228
329,training,0,0.027802899479866014,0.026086724125618237,13.178429310237929,0.678667770733625,0.07520873827050853
330,training,0,0.00804194062948227,0.026086724125618237,13.21836056041927,0.6815913709515228,0.06942932173836314
331,training,0,0.009704440832138062,0.026086724125618237,13.258456256222647,0.6841624063548017,0.05741667367335205
332,training,0,0.0007984116673469543,0.014864261133727342,13.298287801055281,0.6862115703829328,0.04517257123856896
333,training,0,0.008435580879449837,0.014864261133727342,13.338482494442475,0.6877652228003593,0.03174948451791466
334,training,0,0.011948347091674805,0.014864261133727342,13.378485828444605,0.6887621893238847,0.018452352611034943
335,training,0,0.00898195430636406,0.014864261133727342,13.418504475070039,0.6892668866297447,0.007038710125217886
336,training,0,0.0031203869730234146,0.014864261133727342,13.45873067409982,0.689358851623777,-0.0009697146279069092
337,training,0,0.023755451664328575,0.0153421179031634,13.498582242640797,0.6892201158782955,-0.006067878089101862
338,training,0,0.003621872514486313,0.0153421179031634,13.538664908029771,0.6889167656824596,-0.008788880503106415
339,training,0,0.013629882130771879,0.0153421179031634,13.578682711248165,0.6885140069555169,-0.011261923554395344
340,training,0,0.023111574817448854,0.0153421179031634,13.618592149434432,0.6880310222706925,-0.013034431713652777
341,training,0,0.04685444198548794,0.0153421179031634,13.658733333938937,0.687517550330883,-0.01210414339497436
342,training,0.004902512,0.054797034710645676,0.017663229564415,13.69850462507958,0.6871082677704142,-0.007936282779317148
343,training,0,0.04185462091118097,0.017663229564415,13.738493583190692,0.6869004507824732,-0.0023153271972185365
344,training,0,0.03838884737342596,0.017663229564415,13.77853721718624,0.6868919444841305,0.0012850456732054645
345,training,0,0.0365861012833193,0.017663229564415,13.818393990219935,0.6869816243603573,0.0026462575600088877
346,training,0,0.023374143172986805,0.017663229564415,13.858521743233355,0.6870992858616692,0.0030363906542463038
347,training,0,0.0329931965097785,0.017663229564415,13.89843041083133,0.6872251686473587,0.0033753349094055012
348,training,0,0.024945716373622414,0.014299335264397419,13.938397504490814,0.6873601314097116,0.003023156471614382
349,training,0,0.025652869720943276,0.014299335264397419,13.978552748568804,0.6874624828770293,0.0028255450975532797
350,training,0,0.02463803358841687,0.014299335264397419,14.018369004937187,0.6875896467906227,0.002927342178323162
351,training,0,0.029330664314329624,0.014299335264397419,14.058451497503702,0.6877115369293956,0.003021026387979748
352,training,0,0.032152620144188404,0.014299335264397419,14.098438286309293,0.6878259205978787,0.0029117753191733563
353,training,0,0.02551363594830036,0.014299335264397419,14.138358841171488,0.6879207607385319,0.0013978847058785278
354,training,0,0.020481662824749947,0.010387065932572319,14.178532737873539,0.6879341398214899,-0.00048297239975381194
355,training,0,0.025204223580658436,0.010387065932572319,14.218381438397566,0.6879004701056722,-0.001325191624509583
356,training,0,0.02869996894150972,0.010387065932572319,14.258417009347614,0.6878327604178686,-0.0022446125008893725
357,training,0,0.03449311479926109,0.010387065932572319,14.29848357949215,0.6877148118527919,-0.003323152663024432
358,training,0,0.04536747559905052,0.010387065932572319,14.338369595817069,0.687526598729743,-0.006518228100325053
359,training,0.001652733,0.0701148621737957,0.011479917393928053,14.378535513175331,0.6871839159958046,-0.01068480021659815
360,training,0.0027464787,0.09103584662079811,0.011479917393928053,14.418450329862704,0.6866816013775388,-0.014590083213503193
361,training,0.0042167436,0.09703034907579422,0.011479917393928053,14.478572310407541,0.6855459183480572,-0.024089142697376078
362,training,0.0071157515,0.09677482396364212,0.011479917393928053,14.518514987384318,0.6844471682638188,-0.031120755408866125
363,training,0.017824253,0.08629488805308938,0.01266500254121389,14.558471507924219,0.6830708732872645,-0.03719181285052245
364,training,0.008049309,0.07571440329775214,0.01266500254121389,14.598591588646302,0.6815136502898365,-0.039034819295677335
365,training,0.0022324466,0.07020386587828398,0.01266500254121389,14.658336511796305,0.6791945098797667,-0.038906509782984044
366,training,0.0012718482,0.05732813850045204,0.01266500254121389,14.718302135630381,0.6769902431534355,-0.03442267164892888
367,training,0,0.015105519443750388,0.01266500254121389,14.738186621111806,0.6763353710349247,-0.031504956291624045
368,training,0.0042903116,0.050840567797422395,0.01266500254121389,14.778171460271507,0.6752153023392702,-0.024105927219396663
369,training,0.009441692,0.057103145867586136,0.018572488035287903,14.838024941310287,0.6741273667057242,-0.012291082325004978
370,training,0.0013496259,0.07185558183118701,0.018572488035287903,14.918041812549289,0.6736317344032403,-0.0009121439355059883
371,training,0.0031741825,0.09386170282959938,0.018572488035287903,14.977916490886537,0.6736893949461787,0.0015228347149356474
372,training,0.008784772,0.0951949879527092,0.027675184781881374,15.03796797256356,0.6736612530120135,-0.0042980871720779135
373,training,0.0038429564,0.08039901033043861,0.027675184781881374,15.077960566121046,0.6733687469193065,-0.010392202655833984
374,training,0.003387813,0.05676211789250374,0.027675184781881374,15.118119628406893,0.6728873964883938,-0.012130283658060619
375,training,0,0.015145687386393547,0.027675184781881374,15.157915883868393,0.6724177897720888,-0.010789735543537656
376,training,0.013466647,0.055610628798604025,0.027675184781881374,15.218038749974175,0.6719699678458091,-0.0035687849332195227
377,training,0,0.02676014276221394,0.027675184781881374,15.237925569805506,0.6719224028730648,-0.00162343977962883
378,training,0,0.026616162154823538,0.025910666485155182,15.257830407528697,0.6719120740311556,0.0002447178779151111
379,training,0.002662231,0.06650142418220639,0.025910666485155182,15.297879230911677,0.6719437142133464,0.0008672196256700631
380,training,0.0021226509,0.08728995732963085,0.025910666485155182,15.357825416328987,0.6719794468821966,5.543031970573514e-05
381,training,0,0.03357426845468581,0.025910666485155182,15.377807260743836,0.6719741535086946,-0.0009148471558194194
382,training,0,0.03096518130041659,0.025910666485155182,15.417965074169004,0.6719047561497528,-0.0021738485190033584
383,training,0.018032227,0.07105982140637933,0.025910666485155182,15.457836273246544,0.6718087998249757,-0.002555504220027436
384,training,0.0020179495,0.06012114975601435,0.023986144289035036,15.537926736849716,0.6716140140149277,-0.0023692533591319494
385,training,0,0.03717261180281639,0.023986144289035036,15.55780827230725,0.6715842814520188,-0.0005349196979644603
386,training,0,0.03521011210978031,0.023986144289035036,15.577739270961299,0.6716017493003584,0.0022829697994433914
387,training,0,0.03947960399091244,0.023986144289035036,15.61782069491038,0.6718192781119136,0.008704125417986857
388,training,0,0.04510715790092945,0.023986144289035036,15.637861992087187,0.6720083735463195,0.01100983183062874
389,training,0.011571934,0.05350136570632457,0.023986144289035036,15.697668727784786,0.6728120623562874,0.014840484317220314
390,training,0.0030745445,0.05509149469435214,0.027477222712891027,15.757704697070896,0.6737362679819568,0.01568365383083078
391,training,0.0039727245,0.06494872458279133,0.027477222712891027,15.817694727421673,0.6746567393521398,0.014411617195257645
392,training,0.010300858,0.07647120580077171,0.027477222712891027,15.857714728053072,0.6751911833700184,0.012597196174405743
393,training,0.016453391,0.09244057536125183,0.027477222712891027,15.917710128356983,0.6757797859696996,0.0052125701344598405
394,training,0.00504634,0.08013979718089104,0.02644295924412677,15.977740642099137,0.6757697908608938,-0.0058698590035854495
395,training,0,0.012184983119368553,0.02644295924412677,15.997720503615335,0.6756257201445504,-0.008251807854134686
396,training,0.018091813,0.051275718957185745,0.02644295924412677,16.037853122102135,0.6752846838769356,-0.007516941762859845
397,training,0.001985989,0.06349683739244938,0.02644295924412677,16.11766164001356,0.6749204681514835,-0.0010740741255440185
398,training,0.0030348771,0.07059086672961712,0.02644295924412677,16.197606482050258,0.6749460553350637,0.0005365491080157146
399,training,0.004265066,0.05286474386230111,0.028140844626209714,16.237716334926027,0.6749485462778048,-0.0007042174836337467
400,training,0.004084376,0.05378899909555912,0.028140844626209714,16.27765733860677,0.6749071290033877,-0.0004634415752151355
401,training,0.0023467154,0.07745949923992157,0.028140844626209714,16.31758428210519,0.674923793648692,0.0007631568209147549
402,training,0.0025082673,0.09920057281851768,0.028140844626209714,16.357758971902022,0.6749310565175765,-0.0010256190403468426
403,training,0.028249208,0.07530468702316284,0.027327840271760346,16.417622356066893,0.6746253178671816,-0.0104871791892895
404,training,0,0.014047712087631226,0.027327840271760346,16.43770207615869,0.6743848336364642,-0.013171118723954642
405,training,0,0.01496165944263339,0.027327840271760346,16.477749945824588,0.673815630743514,-0.014498097241249145
406,training,0,0.02029314450919628,0.027327840271760346,16.49765372319422,0.6735355215259178,-0.013770851420753962
407,training,0,0.009762362577021122,0.027327840271760346,16.517623888434827,0.673272625806579,-0.012830136400033745
408,training,0,0.00581939984112978,0.027327840271760346,16.55775384760947,0.672792843626036,-0.010943800229323099
409,training,0,0.009552592411637304,0.03232292120610895,16.597611664112314,0.6723851432583954,-0.0097672077394616
410,training,0,0.002824379364028573,0.03232292120610895,16.61757299686863,0.6721955113396331,-0.009605761064864087
411,training,0,0.007352395448833704,0.03232292120610895,16.65770012149745,0.6718125184412426,-0.009659214957908908
412,training,0,0.01367359422147274,0.03232292120610895,16.697593260905716,0.6714205007915657,-0.010030246158413069
413,training,0,0.008459215983748436,0.03232292120610895,16.73756219302022,0.6710226157515131,-0.010089890326644682
414,training,0,0.009916564915329218,0.03232292120610895,16.77770112976017,0.6706120113443108,-0.010188494690718
415,training,0,0.008682216051965952,0.02971016794718925,16.817509561807615,0.6702098614586129,-0.010200722478372684
416,training,0,0.007502882275730372,0.02971016794718925,16.857591442329884,0.6698106815138432,-0.009920954472735478
417,training,0,0.01128379162400961,0.02971016794718925,16.89755672894671,0.6694148194422169,-0.00996762519930206
418,training,0,0.010103791020810604,0.02971016794718925,16.937473067390084,0.6690253408847553,-0.009670931356075977
419,training,0,0.0075891041196882725,0.02971016794718925,16.977622025674542,0.6686428455817175,-0.009231898869588329
420,training,0,0.0093622044660151,0.02971016794718925,17.0174479790177,0.6682807770395766,-0.009149399508086782
421,training,0,0.008231999818235636,0.03236603711480727,17.05747833920756,0.6679296628242327,-0.00851940579870295
422,training,0,0.0069670663215219975,0.03236603711480727,17.097510532718555,0.6675992686555914,-0.008026040667601334
423,training,0,0.010536848101764917,0.03236603711480727,17.137383471865938,0.667296471678521,-0.007486135738883488
424,training,0,0.008939801249653101,0.03236603711480727,17.177513474003746,0.6670089752229844,-0.006795149348683292
425,training,0,0.013688615523278711,0.03236603711480727,17.217389638978158,0.6667475235075493,-0.006373830861541868
426,training,0,0.0071552046574652195,0.03236603711480727,17.25736903143076,0.6665076862760003,-0.005894302726789191
427,training,0,0.008423490915447474,0.02579323804862509,17.297490987587917,0.6662726867694656,-0.0057347876640926505
428,training,0,0.010749964509159327,0.02579323804862509,17.337311485034466,0.6660530267621946,-0.005532214538862325
429,training,0,0.009691952262073755,0.02579323804862509,17.377403751204305,0.665843965766487,-0.00503139164277064
430,training,0,0.012431608978658915,0.02579323804862509,17.41735086328861,0.6656485136854605,-0.004693892890898317
431,training,0,0.00780335278250277,0.02579323804862509,17.457276484937605,0.6654830010282088,-0.0037553603339211187
432,training,0,0.006991791073232889,0.02579323804862509,17.497423920387096,0.6653459147960531,-0.0028338721888113436
433,training,0,0.0133416005410254,0.01841405348846768,17.537246185644037,0.6652443331498464,-0.0024476135440411172
434,training,0,0.006555164349265397,0.01841405348846768,17.577286746157945,0.6651697742558318,-0.0012794513204881749
435,training,0,0.006512089166790247,0.01841405348846768,17.617311675823306,0.6651364287578354,-0.0003875277211971697
436,training,0,0.010518195573240519,0.01841405348846768,17.657188669100268,0.6651438970738215,0.0005343465195551024
437,training,0,0.0095605687238276,0.01841405348846768,17.697323079642292,0.6651858723344168,0.0016790398270465647
438,training,0,0.009151833597570658,0.01841405348846768,17.737186310695925,0.6652709787378857,0.00265785203118067
439,training,0,0.010829316917806864,0.02124741308748386,17.777174189818943,0.6654051705858961,0.0038610299244343778
440,training,0,0.026422520168125633,0.02124741308748386,17.817260869875536,0.6655779990401572,0.005183321396132784
441,training,0,0.026757669635117054,0.02124741308748386,17.85709139496846,0.6658252147726944,0.006847608329745847
442,training,0,0.026813974604010582,0.02124741308748386,17.897186319954965,0.6661361436410275,0.008781140178810943
443,training,0,0.024861682206392288,0.02124741308748386,17.937112382229262,0.6665271027820273,0.011142292166769653
444,training,0,0.025122445076704025,0.02124741308748386,17.97703388575001,0.6670237956517675,0.013514593626802749
445,training,0,0.02575175277888775,0.011738992622830877,18.01718218369889,0.6676025265045689,0.015982367452637865
446,training,0,0.041707380674779415,0.011738992622830877,18.05695761052014,0.6683085270080192,0.019062107980263452
447,training,0,0.04029101226478815,0.011738992622830877,18.09699246868844,0.6691309865394534,0.022122334007872068
448,training,0,0.03891263250261545,0.011738992622830877,18.136978521557882,0.6700709003576792,0.025269784593633854
449,training,0,0.03918479476124048,0.011738992622830877,18.176834166452238,0.671141370104134,0.028159638329264
450,training,0,0.03844782058149576,0.011738992622830877,18.21695043847244,0.6723203197135998,0.0308427487693596
451,training,0.0016233185,0.05743557680398226,0.007066226450300078,18.296729393663938,0.6750022231714073,0.036080152384670425
452,training,0.018237203,0.053951597772538655,0.007066226450300078,18.356648753474616,0.6772449021380629,0.0387290631688855
453,training,0.0041323327,0.0678490623831749,0.007066226450300078,18.416654227472428,0.6796338435443804,0.040359115400932004
454,training,0.0060323034,0.1011124737560749,0.007066226450300078,18.456478928882657,0.6813253366182795,0.04510446840450639
455,training,0.007026717,0.10840845108032227,0.007066226450300078,18.49631379234964,0.6832874224927242,0.05413919114639836
456,training,0.0014832176,0.07874131668359043,0.013014425750892686,18.536329951483115,0.685631455568534,0.06283097193675181
457,training,0.0026041172,0.08071962371468543,0.013014425750892686,18.575976822959962,0.68826140744301,0.0671709691996887
458,training,0.0025682366,0.07385415583848953,0.013014425750892686,18.615986508775514,0.6909078950704152,0.0625608135919124
459,training,0.0022926563,0.1029138173907995,0.013014425750892686,18.675865353432723,0.6942476143760815,0.04891394952091826
460,training,0.00551289,0.05861213989555836,0.013014425750892686,18.735990148884955,0.6969606891909107,0.041480306732072696
461,training,0.0028586807,0.09796339645981789,0.022111157762200802,18.79578088389716,0.6993557210151699,0.04006810026734424
462,training,0.0025536679,0.0975402221083641,0.022111157762200802,18.855814827534147,0.701940840401215,0.04735514945553598
463,training,0.004719458,0.07523155771195889,0.022111157762200802,18.895554591266453,0.7039370665269764,0.052236133417931443
464,training,0.014622649,0.07347885333001614,0.022111157762200802,18.935619137422858,0.7060355559875877,0.0517767266587282
465,training,0.00068995985,0.07761555630713701,0.022111157762200802,19.015385428325555,0.710084546576707,0.049593747063946536
466,training,0.00240965,0.09658446162939073,0.03560967633277182,19.09524060575484,0.7140022795402502,0.04896596368159054
467,training,0.0018772904,0.11413791403174402,0.03560967633277182,19.135251752155444,0.7160069808732767,0.05208351719431733
468,training,0.00366866,0.12942414125427604,0.03560967633277182,19.155296492364215,0.7170534784953496,0.051950568128563766
469,training,0.0021421034,0.12259168550372126,0.03560967633277182,19.19504224915208,0.7190945592370892,0.04960405269471267
470,training,0.0030875993,0.11924808844923973,0.041110046931738614,19.23507785982533,0.7210018355350698,0.0450356548618103
471,training,0.0005075354,0.12401806935667992,0.041110046931738614,19.275109403933964,0.7226756886776107,0.03857472468777544
472,training,0.0018671048,0.11134520545601845,0.041110046931738614,19.29502369685608,0.7234127953950682,0.03547390814971302
473,training,0.0079336725,0.1131900139153004,0.041110046931738614,19.335064076684596,0.7247196419680372,0.029669002683308233
474,training,0.001521546,0.11771797481924298,0.041110046931738614,19.375149689698425,0.7258008681237741,0.024925618745043968
475,training,0.003077647,0.1252501243725419,0.041110046931738614,19.41501985809223,0.7267332872512245,0.022183904837501264
476,training,0.0021498553,0.10939662219607271,0.04530512129790442,19.455153122253915,0.7275928330262051,0.020892311720307952
477,training,0.005537939,0.13846443826332688,0.04530512129790442,19.495045711350524,0.7284296957055328,0.021621367212494618
478,training,0.018313155,0.10075506567955017,0.04530512129790442,19.55507273891885,0.7298369363824753,0.025681552945016922
479,training,0.0074136853,0.10429999069310725,0.04530512129790442,19.575121009297305,0.730354155769936,0.02690900053379357
480,training,0.0029751444,0.11719315685331821,0.04530512129790442,19.614895090773263,0.7314683923731841,0.027842562410302907
481,training,0.003994032,0.12221839092671874,0.04530512129790442,19.654995869429385,0.732549054912887,0.0246928231469079
482,training,0.0013188283,0.12435276992619038,0.05920964686975975,19.694981517924386,0.7334452754885044,0.02074021733827963
483,training,0.0008228859,0.12655169796198606,0.05920964686975975,19.734910411894415,0.7342088719185845,0.017606162589741795
484,training,0.0031381855,0.12102850712835789,0.05920964686975975,19.775079113143025,0.7348720246011372,0.016007557332761373
485,training,0.0040793363,0.09338886663317679,0.05920964686975975,19.814905412102892,0.7354976529266856,0.014949822683121427
486,training,0.023532411,0.10635454207658766,0.05920964686975975,19.854966526197078,0.736024691525951,0.010816364210660519
487,training,0.003498684,0.10334199946373701,0.05920964686975975,19.895031553275025,0.7363913154055965,0.008425275076040864
488,training,0.009134544,0.09079450741410257,0.07102277343853348,19.934929549092598,0.7366482660360045,0.003779776689204408
489,training,0.0034335055,0.07200655341148376,0.07102277343853348,19.975128957904865,0.7366676338682107,-0.0033597996906712794
490,training,0,0.04856347292661667,0.07102277343853348,19.99515208226594,0.7365585830452787,-0.00666739821007674
491,training,0,0.024799138307571397,0.07102277343853348,20.035063852016677,0.7360852240416131,-0.017705545488208584
492,training,0,0.009439125657081604,0.07102277343853348,20.075284207468275,0.7351108236741297,-0.03182786802394972
493,training,0,0.014246635138988495,0.07608204382512859,20.115345699982367,0.7335011991476378,-0.05024987136114563
494,training,0,0.010768823325634003,0.07608204382512859,20.155401934712316,0.7310380134937404,-0.07264886245735054
495,training,0,0.006714142858982072,0.07608204382512859,20.195484156508446,0.7276919555756993,-0.09403949277188293
496,training,0,0.015803512185811996,0.07608204382512859,20.23513129942519,0.7235450813328698,-0.11335274458222115
497,training,0,0.014915756881237037,0.07608204382512859,20.274990039968028,0.7187195717899043,-0.12669076446432045
498,training,0,0.00784439221024514,0.07608204382512859,20.314683321680732,0.7134813196947234,-0.13534967219134328
499,training,0,0.006542520597577088,0.05626234526884871,20.354219173381434,0.7079087328876333,-0.14452663933835996
500,training,0,0.017708171159029007,0.05626234526884871,20.393854282167762,0.7020028162604767,-0.15064847115838026
501,training,0.006420778,0.061067840084433556,0.05626234526884871,20.45306734867546,0.6927785146319393,-0.1597291429192935
502,training,0,0.00128845497965812,0.05626234526884871,20.47285823016142,0.6895534963404268,-0.16333139556938792
503,training,0,0.02488457225263118,0.05626234526884871,20.512319207703225,0.682930140752392,-0.16970016832421916
504,training,0.009735484,0.0840449295938015,0.05626234526884871,20.630369249982266,0.6608433238068159,-0.20040827475438722
505,training,0.001962778,0.08096494153141975,0.03207413510348471,20.70856353334264,0.6440708485737365,-0.2205549887333311
506,training,0.0012936589,0.09311890322715044,0.03207413510348471,20.76707193093883,0.6307368066608633,-0.22810509992000813
507,training,0.01368976,0.12449853308498861,0.03207413510348471,20.805954560817963,0.6216507111838687,-0.23091418877665035
508,training,0.0073636817,0.13753442279994488,0.018041209443784192,20.84492843320191,0.6124228055923822,-0.23592547377999945
509,training,0.015772698,0.1760377399623394,0.018041209443784192,20.883728918243314,0.6029160530184015,-0.24464446924099326
510,training,0.00976918,0.20800687745213509,0.018041209443784192,20.922518914224042,0.5930807276419136,-0.2520559694013062
511,training,0.0049254918,0.2504693530499935,0.018041209443784192,20.961270370975168,0.582905121119105,-0.26263044906185967
512,training,0.0030300575,0.28186650574207306,0.018041209443784192,20.980528564474938,0.5776745685568826,-0.2678726953846144
513,training,0.002551559,0.3506844639778137,0.018041209443784192,21.019065730732844,0.5668745420967222,-0.279701976531621
514,training,0.003647321,0.3195708394050598,0.029656389762432487,21.076701646577362,0.549561986972439,-0.3056794003775859
515,training,0.0029208795,0.28495577722787857,0.029656389762432487,21.114774281669217,0.5371700897103406,-0.3239948638064207
516,training,0.008799123,0.33548761904239655,0.029656389762432487,21.1338331593571,0.5306784920985401,-0.33216880192756526
517,training,0.0010794541,0.3829588145017624,0.029656389762432487,21.17160308421917,0.5173394375412353,-0.3483627928048411
518,training,0.006274144,0.34467384219169617,0.029656389762432487,21.209102854102632,0.5032203498523741,-0.374055032806357
519,training,0.014043692,0.2971015200018883,0.029656389762432487,21.24648315396495,0.4878568413922814,-0.4070371866254313
520,training,0.0019776109,0.2514035925269127,0.10533015764835568,21.28287269081396,0.4715385027626841,-0.43452925397297915
521,training,0.003748016,0.31611376255750656,0.10533015764835568,21.319029674911853,0.45474766799797595,-0.4227956077950168
522,training,0.0023451075,0.6044633984565735,0.10533015764835568,21.355646093933647,0.43908691097321595,-0.3838188314400651
523,training,0.0015000956,0.5997684597969055,0.10533015764835568,21.39235965470423,0.42552683096049926,-0.31164813434436617
524,training,0.0031308825,0.5726516097784042,0.10533015764835568,21.430202008097922,0.41523342764638027,-0.21912731049040682
525,training,0.011740245,0.48055850714445125,0.16839182627722468,21.449436212863198,0.4113702914397765,-0.1784342917674149
526,training,0.0016434877,0.20701569318771362,0.16839182627722468,21.488336646119006,0.40591087532433073,-0.10105781129675177
527,training,0.00067400164,0.09632205963134763,0.16839182627722468,21.527584201676518,0.40327087369800674,-0.039750251770291734
528,training,0,0.006008177995681763,0.16839182627722468,21.567236229246056,0.402580623696416,0.0036426549891239624
529,training,0.0037965626,0.17090171575546262,0.16839182627722468,21.607109982859168,0.40341913720487144,0.03633265243364509
530,training,0.044654913,0.14852950628846887,0.17027699588475642,21.646602652625074,0.4055370610602605,0.07254791456345015
531,training,0.0026645062,0.1110481421928853,0.17027699588475642,21.686254996982523,0.4091108824161044,0.10526422360410925
532,training,0.0021513524,0.08795175608247519,0.17027699588475642,21.725699529139902,0.413772783863086,0.12892888249098072
533,training,0.007885561,0.054116467013955116,0.17027699588475642,21.784786847060023,0.42245013554710525,0.16101310511515143
534,training,0,0.04343916662037373,0.17027699588475642,21.80444605877817,0.42571993501639693,0.16842657385697085
535,training,0.0031428467,0.05491030402481556,0.17027699588475642,21.84360799030766,0.4326617992846236,0.18157896035463567
536,training,0.0018729394,0.1010853759944439,0.15031685159278643,21.902393152797472,0.443896869641209,0.19404522373463248
537,training,0.0035296255,0.09373668767511845,0.15031685159278643,21.94152259479111,0.4517442405350213,0.20272455876295276
538,training,0.0058248118,0.07690254971385002,0.15031685159278643,22.01964170729628,0.4683160415587306,0.21277861717391278
539,training,0,0.01758987084031105,0.15031685159278643,22.03916481483012,0.4725575896038139,0.214766672435591
540,training,0,0.01552121713757515,0.15031685159278643,22.05862390499037,0.47682074600099145,0.2150019074172765
541,training,0,0.004140175879001624,0.09060844225343297,22.097716893915003,0.4852188677312728,0.20737650122144188
542,training,0.0052955807,0.0846564769744873,0.09060844225343297,22.156548034861135,0.4971757996742089,0.19432576413659816
543,training,0,0.03306835796684027,0.09060844225343297,22.175999073749182,0.5010517966346343,0.20298265905718482
544,training,0,0.03877653367817402,0.09060844225343297,22.195733157097653,0.5051690217921212,0.2056523844334667
545,training,0,0.015298295766115189,0.09060844225343297,22.234951928200235,0.5132756336779944,0.20242344559450062
546,training,0,0.02936151623725891,0.09060844225343297,22.274063505972947,0.5212089994528845,0.19522873075542704
547,training,0,0.007620036602020257,0.09060844225343297,22.313282782051033,0.5288158482926,0.18939422433598316
548,training,0,0.003767719492316246,0.05798947351637266,22.332979634484253,0.5325583911479814,0.18568871066690798
549,training,0,0.0220477543771267,0.05798947351637266,22.37226305384781,0.5398175088560726,0.17968614898082105
550,training,0,0.027450334280729308,0.05798947351637266,22.411677047273837,0.5468350695483383,0.1711453937409525
551,training,0,0.007112838327884674,0.05798947351637266,22.451129616152247,0.5534238156268639,0.15945415550693745
552,training,0,0.02962657436728478,0.05798947351637266,22.490775477422943,0.5595498640125715,0.1467805613363404
553,training,0,0.03859512880444527,0.05798947351637266,22.53047721045237,0.5651249864198821,0.132698548064011
554,training,0,0.027683932334184647,0.040313053535223714,22.57009311457089,0.570205722521745,0.12237520381687815
555,training,0,0.020819690078496933,0.040313053535223714,22.610042130929134,0.5748966842659601,0.10951290049869473
556,training,0,0.012636128813028336,0.040313053535223714,22.64984029364016,0.578919279826894,0.09314258686873265
557,training,0,0.01663301512598991,0.040313053535223714,22.689785130373835,0.5823947167682431,0.0810963139604707
558,training,0,0.005670484155416489,0.040313053535223714,22.72980524839744,0.5854227973259024,0.07015418192450436
559,training,0,0.0218297578394413,0.040313053535223714,22.769574447804033,0.5880609844359008,0.06272718181712293
560,training,0,0.017159315291792154,0.04134591075239477,22.809645760562713,0.5904728367698618,0.058081367646678525
561,training,0,0.031399254221469164,0.04134591075239477,22.849505716457394,0.5927393133291545,0.05585317741885699
562,training,0,0.039699465502053506,0.04134591075239477,22.88939967947879,0.5949680376094153,0.05601341857946778
563,training,0,0.03617458464577794,0.04134591075239477,22.9294566639592,0.5972269465872219,0.0564278784049136
564,training,0,0.033841290045529604,0.04134591075239477,22.969185515262335,0.5995084461125972,0.05812427935596934
565,training,0,0.039504144806414836,0.04134591075239477,23.00917673655018,0.6018717600098816,0.05958003605591214
566,training,0,0.04709689726587385,0.039590083275193574,23.049055665096986,0.6042601285790469,0.06005202694455761
567,training,0,0.03613870253320783,0.039590083275193574,23.088885535584193,0.6066809821330379,0.06099930918916916
568,training,0,0.041999243665486574,0.039590083275193574,23.128946722733755,0.6091371367920018,0.061109395234498765
569,training,0.0023345123,0.052381888497620814,0.039590083275193574,23.2086398970259,0.6140100332115912,0.06085645557270895
570,training,0,0.00021979212760925987,0.039590083275193574,23.24866308747319,0.6164239480305311,0.05859341031844853
571,training,0,0.012745421379804611,0.039590083275193574,23.268453777961103,0.6175575578583602,0.05463076060116033
572,training,0,0.011757340282201767,0.025757832203548135,23.30847921384624,0.6195203905783024,0.04310977250371115
573,training,0,0.01910614967346192,0.025757832203548135,23.328605945310184,0.6203275874155509,0.03706943680811366
574,training,0,0.012081205844879147,0.025757832203548135,23.36856627335487,0.6215684171749479,0.025424452048244083
575,training,0,0.011599591001868248,0.025757832203548135,23.408586321158687,0.6223880216793719,0.015990864454646193
576,training,0,0.007188517600297928,0.025757832203548135,23.448791148197923,0.6228776228712285,0.01015100176374508
577,training,0,0.010422579944133762,0.019590203474964353,23.48861060479608,0.6232230874931004,0.0069197045200362186
578,training,0,0.018451917916536335,0.019590203474964353,23.52871657022843,0.6234496707046182,0.004307333617541483
579,training,0,0.025650113821029663,0.019590203474964353,23.568704247321932,0.6235810443612996,0.003258910093066472
580,training,0,0.0420005451887846,0.019590203474964353,23.6086170238538,0.6237321707265013,0.004929800359242993
581,training,0,0.03155820816755295,0.019590203474964353,23.648751592388596,0.6239859999054129,0.008175754169871678
582,training,0,0.016440274193882942,0.019590203474964353,23.688563917491905,0.6243601586100296,0.010162739875646361
583,training,0,0.022081879898905754,0.024161922625526314,23.72859807166871,0.6247926987537152,0.01088848728813506
584,training,0,0.010756021365523338,0.024161922625526314,23.768635730636312,0.625217479426429,0.010863035932281353
585,training,0,0.004059638828039169,0.024161922625526314,23.808517519122997,0.625634209335089,0.009400934286182704
586,training,0,0.00946991890668869,0.024161922625526314,23.848676802785448,0.6259672538307856,0.006920361434452173
587,training,0,0.006087638437747955,0.024161922625526314,23.88857616188584,0.6261929688751757,0.004605122247722668
588,training,0,0.0008416995406150818,0.024161922625526314,23.928575971473563,0.6263266496630886,0.0017584057528734329
589,training,0,0.015475892461836338,0.025153595563136535,23.96873526775684,0.6263145037156346,-0.0015099367983760575
590,training,0.007886423,0.09880250133574008,0.025153595563136535,24.028622247754793,0.6260050706912601,-0.009749100199969135
591,training,0.0024906148,0.09281855076551437,0.025153595563136535,24.088731196886723,0.6251496567533046,-0.018437676002119638
592,training,0,0.04993731901049614,0.025153595563136535,24.128672849363447,0.6243206121023828,-0.021976243407713616
593,training,0.005386928,0.05434773676097393,0.021038733093640346,24.168796928003502,0.6234835078817159,-0.017529854975484278
594,training,0,0.028894416987895966,0.021038733093640346,24.18862861369127,0.6231804145246049,-0.013164743724788725
595,training,0,0.017365332692861543,0.021038733093640346,24.22844394817618,0.6228867474909143,-0.0013705658087093345
596,training,0,0.013704888522624963,0.021038733093640346,24.26854507581742,0.6230417461278414,0.009539663804442006
597,training,0,0.011574197560548775,0.021038733093640346,24.288449876250027,0.6232784914483334,0.014013573459655813
598,training,0,0.008563533425331116,0.021038733093640346,24.328258544809156,0.6240227859227764,0.023036731172384174
599,training,0,0.005763448774814606,0.021038733093640346,24.368343564962732,0.6251045191064801,0.031555466658405265
600,training,0,0.022419650107622147,0.031255402850443204,24.408096463220705,0.6265214225218024,0.03963361445299818
601,training,0,0.04192298627458513,0.031255402850443204,24.448000109610803,0.6282639108006162,0.0476242370525051
602,training,0,0.04751035524532199,0.031255402850443204,24.48801760801112,0.6303138120311659,0.055157527193680604
603,training,0.0018042005,0.06823441945016384,0.031255402850443204,24.547628476773035,0.6340198280744657,0.06879029272953772
604,training,0,0.0413998058065772,0.031255402850443204,24.587582939422735,0.6369363937130528,0.07691017043994545
605,training,0,0.00984609720762819,0.031255402850443204,24.607275720838878,0.6384911902456768,0.07959882073767409
606,training,0,0.013851053081452847,0.02713275268816348,24.647062446460502,0.6417210377228378,0.08210311019175688
607,training,0,0.008810013765469193,0.02713275268816348,24.6870121779774,0.6450533019800357,0.08416324397165162
608,training,0,0.03122608084231615,0.02713275268816348,24.726658373093453,0.648456522519231,0.08663433555596986
609,training,0,0.009601058438420296,0.02713275268816348,24.766533146156327,0.6519710872050724,0.08966279099112537
610,training,0,0.016449797898530967,0.02713275268816348,24.806334301063444,0.6556312845972503,0.09442928499051259
611,training,0,0.005227543413639069,0.02713275268816348,24.845922248241795,0.6595642830936416,0.1036976355751408
612,training,0,0.014259081333875656,0.007585104405263444,24.8857074271117,0.6639019181675878,0.11360437335235989
613,training,0,0.022159099578857422,0.007585104405263444,24.925206318960026,0.6686239933974936,0.12531854467112505
614,training,0,0.005483023822307587,0.007585104405263444,24.96474134797385,0.6738882782553584,0.13979083205181925
615,training,0,0.006384532898664481,0.007585104405263444,25.004237205886888,0.6797144698838776,0.15274903780629057
616,training,0,0.03862895071506499,0.007585104405263444,25.043501348286423,0.6860486980094985,0.16656745970108536
617,training,0.0016177928,0.07720497995615005,0.007585104405263444,25.10245240722733,0.6965026498132959,0.18297134602591242
618,training,0.032049853,0.09472203813493252,0.02990531676957738,25.141650790599456,0.703879322970226,0.18867688809536579
619,training,0.008041585,0.1345859952270985,0.02990531676957738,25.180858886185657,0.7114732744528804,0.1928173522634176
620,training,0.007082116,0.11979252519086,0.02990531676957738,25.220102493802912,0.7191673493666355,0.1940371469131881
621,training,0.0028786124,0.16282001417130232,0.02990531676957738,25.25922718293571,0.7269284862625167,0.19750552347517306
622,training,0.004410134,0.15166309662163258,0.02990531676957738,25.29836903703002,0.7348313884235746,0.20017093221070906
623,training,0.006579376,0.18287738226354122,0.05265569915874987,25.35703663043912,0.7468952170421077,0.20655474633301762
624,training,0.01493216,0.22591463103890422,0.05265569915874987,25.37657839317567,0.7510252504759758,0.20919644336837864
625,training,0.02230603,0.21631892397999763,0.05265569915874987,25.41562026866389,0.7593965919912176,0.21346237465824708
626,training,0.0028412975,0.22319502755999565,0.05265569915874987,25.454597963761803,0.767998863508487,0.2224588686821085
627,training,0.008040361,0.2453089915215969,0.05265569915874987,25.493413784771146,0.7770226169948158,0.23346280159364977
628,training,0.0032248488,0.3156363628804683,0.05265569915874987,25.53226844372613,0.7864585501227729,0.24309750249667458
629,training,0.00398478,0.3315151892602443,0.05265569915874987,25.570876219753963,0.7962674209355651,0.25356199661191703
630,training,0.0046475744,0.30368289444595575,0.02740522123904974,25.609453792796415,0.8063759225344078,0.25783160518698306
631,training,0.0071460586,0.3179057724773884,0.02740522123904974,25.64811075062527,0.8166229293942713,0.2606460680691157
632,training,0.010177003,0.31452170200645924,0.02740522123904974,25.68662294085624,0.8269576645977641,0.26258290828140113
633,training,0.001941038,0.314970014616847,0.02740522123904974,25.705906051620275,0.8321476700888149,0.2632807276955177
634,training,0.005682909,0.33508501015603537,0.02740522123904974,25.76375519907612,0.8479229979576612,0.27079771763982236
635,training,0.026709786,0.30076718144118786,0.02740522123904974,25.802101601195726,0.8586928521448234,0.27649228021812255
636,training,0.0026705135,0.28295174241065985,0.039331928283521236,25.840582385453068,0.8697877350556187,0.2858507634760118
637,training,0.0020511704,0.3281744495034218,0.039331928283521236,25.87864868546592,0.8812669109173279,0.2996789924911064
638,training,0.0013470912,0.3089061081409455,0.039331928283521236,25.916647995449285,0.8933026504241383,0.31409029134469485
639,training,0.005675353,0.2657715082168579,0.039331928283521236,25.95458923687527,0.9059484654243677,0.3319286971115535
640,training,0.002423365,0.27437860518693924,0.039331928283521236,25.991962723344383,0.9192448280706065,0.351655122454466
641,training,0.019064467,0.2814641371369362,0.039331928283521236,26.029318594968316,0.9333795653261139,0.3719453815107887
642,training,0.0029360119,0.24646545946598047,0.125237532323909,26.06629111924488,0.9482366199345117,0.3946317021776962
643,training,0.003906076,0.2654379755258561,0.125237532323909,26.102575436883512,0.9639976431270476,0.4358994882154647
644,training,0.020615872,0.5269892811775208,0.125237532323909,26.13749631668022,0.9820672839061239,0.5211950695283019
645,training,0.0033625234,0.6177105754613877,0.125237532323909,26.170674933333192,1.0033545361989473,0.6330886400090743
646,training,0.0047515947,0.626566231250763,0.18438741255638924,26.200030865272204,1.0283012407269336,0.7818568597325889
647,training,0.0021170173,0.681060423143208,0.1950086348078705,26.22527983240713,1.0574387273840515,0.9289680415839272
648,training,0.0071596922,0.5573134012520313,0.1950086348078705,26.24621340205494,1.0898901567080097,1.0669318736686337
649,training,0.005201561,0.47903783805668354,0.1950086348078705,26.26272815924128,1.125135645068678,1.1939571938986044
650,training,0.029886547,0.41548752039670944,0.1912208425993858,26.275121643857588,1.162157134779598,1.2980700694005043
651,training,0.007011652,0.5060174092650414,0.1912208425993858,26.28384853943982,1.2000709833689451,1.386769391386508
652,training,0.005075775,0.4427769184112549,0.1912208425993858,26.289349327503572,1.2387791952333822,1.4744548997351377
653,training,0.009613469,0.3283188380300998,0.17125352749316156,26.291562181255312,1.278046545967763,1.5515726055915038
654,training,0.009907724,0.22757953964173797,0.17125352749316156,26.291084634789147,1.3174599892253047,1.6103864493866398
655,training,0.03419762,0.2273319885134697,0.17125352749316156,26.286826625687787,1.376498568238783,1.6734766734672022
656,training,0.01355786,0.19838548451662064,0.17125352749316156,26.284571968299364,1.3961668620949181,1.6973593742573165
657,training,0.008195446,0.0609380640089512,0.13213938435990025,26.278582534423915,1.4355127682565554,1.7454867978383328
658,training,0,0.004394315183162689,0.13213938435990025,26.2709130664396,1.4743303475804588,1.7791123066920262
659,training,0,0.03809536620974541,0.13213938435990025,26.262304515787733,1.513310598850506,1.7960561634892542
660,training,0.01908822,0.06086773565039039,0.13213938435990025,26.25320776666341,1.552249164768772,1.8047535865386128
661,training,0,0.013829555362463004,0.13213938435990025,26.243875068227336,1.5909870556619499,1.807495249627611
662,training,0,0.02035043016076088,0.13213938435990025,26.234534465751853,1.6300755863859206,1.8018021809608138
663,training,0,0.01817023754119873,0.06400010433861304,26.2255438930073,1.6689742664213347,1.7938125715477926
664,training,0,0.028435446321964278,0.06400010433861304,26.22117535966855,1.688483892706102,1.787759761818296
665,training,0.03420854,0.054292239248752594,0.06400010433861304,26.204964340425956,1.767043136506503,1.7602699805182191
666,training,0.0011888455,0.06060584262013436,0.06400010433861304,26.187353845194608,1.8655793681264037,1.7370928593684463
667,training,0.004217784,0.11244308855384588,0.037038199025331627,26.17467456665019,1.9446191327494586,1.7237254497808319
668,training,0.004779582,0.12015166506171227,0.037038199025331627,26.161417022944583,2.043934386609923,1.6817959613159013
669,training,0.023462262,0.2257535457611084,0.037038199025331627,26.154315244956134,2.1239308513072066,1.635036876185651
670,training,0.008127799,0.1711331233382225,0.015445079533574171,26.152239427468412,2.163939661704806,1.6092004133085434
671,training,0.002771356,0.19271638058125976,0.015445079533574171,26.151034050086086,2.20359833685799,1.5958721752820069
672,training,0.0055520544,0.22820307314395905,0.015445079533574171,26.150585322897147,2.2236143954463907,1.59193577983361
673,training,0.004326679,0.2605950944125652,0.015445079533574171,26.149777880038506,2.263501838129181,1.588839656138659
674,training,0.08201088,0.2973256520926953,0.015445079533574171,26.14918027522902,2.3036127625902023,1.581245616125727
675,training,0.0054136114,0.24780828505754474,0.015445079533574171,26.148963165766116,2.343532345008491,1.5710566439660083
676,training,0.015417236,0.21535856463015082,0.0123754296696463,26.14914430195239,2.3836176645003975,1.56186292162695
677,training,0.012480409,0.25995864579454064,0.0123754296696463,26.14965102270565,2.423665417516705,1.5552112742703514
678,training,0.005518673,0.26584514603018766,0.0123754296696463,26.150304775422207,2.4635458827578796,1.5537413430191593
679,training,0.0015964548,0.2795190652832389,0.0123754296696463,26.1509963903292,2.5035952320577284,1.5525772048406834
680,training,0.0272362,0.30904046539217234,0.0123754296696463,26.151770574289767,2.5435152353031127,1.5502686433195187
681,training,0.03904883,0.3193742735311389,0.01571507007912675,26.152608343153094,2.5834903212093154,1.5488847928634069
682,training,0.01149318,0.3329073451459408,0.01571507007912675,26.15355198274033,2.6235635155237054,1.5443106815101653
683,training,0.0050663836,0.3246102929115296,0.01571507007912675,26.154740808204537,2.6634674736445847,1.5372089945100964
684,training,0.005268182,0.3212497532367707,0.01571507007912675,26.156253546769335,2.7035785636599687,1.5283345621100222
685,training,0.0019006518,0.2728956025093794,0.01571507007912675,26.158144246227263,2.743551309484858,1.5191947409571223
686,training,0.0011126309,0.30474548600614065,0.01571507007912675,26.160318300686374,2.7834473441430587,1.513846622419922
687,training,0.0036581298,0.3093742944765836,0.01571507007912675,26.162669218336923,2.823478072781558,1.5102453903532274
688,training,0.019091528,0.3144885138608515,0.08320494773783879,26.165129285557885,2.8632979302015977,1.5079622044525118
689,training,0.0064793457,0.30343922041356564,0.08320494773783879,26.16764312125535,2.9032554612722388,1.5082624785098682
690,training,0.013173297,0.30428728833794594,0.08320494773783879,26.170114045947752,2.9431829418636823,1.5095999573655765
691,training,0.033107083,0.32732752338051796,0.08320494773783879,26.172444779688302,2.9829604220337496,1.515344292627221
692,training,0.006771817,0.2888426259160041,0.08320494773783879,26.174514743354525,3.0229680688669465,1.5242336440152429
693,training,0.03248425,0.2746019437909127,0.08320494773783879,26.17613247677248,3.0628112150109192,1.5388129937738253
694,training,0.017098218,0.34189373254775995,0.18774368127550287,26.177030317972445,3.102649212877271,1.5565120061791562
695,training,0.05586696,0.495465986430645,0.18774368127550287,26.17699342870712,3.141301029972999,1.6003175930034073
696,training,0.04142994,0.46526173502206813,0.18774368127550287,26.174012244620716,3.180894307502404,1.6986862897198902
697,training,0.012427937,0.36295546591281885,0.18774368127550287,26.166920948651214,3.2190930527567376,1.809411507904694
698,training,0.013300225,0.21456333994865417,0.24345210660297817,26.155705619881225,3.2565451944174737,1.9098958757718685
699,training,0.05008352,0.1232454925775528,0.24345210660297817,26.14105106945531,3.2929762664721443,1.9953039715864194
700,training,0,0.03921578824520111,0.24345210660297817,26.123608108030997,3.327968266466426,2.067713785727192
701,training,0.017331716,0.07076430320739746,0.2425478747887317,26.103861585297462,3.362112315681508,2.120420552854617
702,training,0.0021435989,0.08496473729610443,0.2425478747887317,26.082338481455412,3.395412962286987,2.1685921374264723
703,training,0,0.031393706798553495,0.2425478747887317,26.070939687995445,3.411759160108898,2.191471103158042
704,training,0.010120765,0.05303794145584109,0.2425478747887317,26.03494381978753,3.4587860975940066,2.251556227804681
705,training,0.03626452,0.17673916928470135,0.2425478747887317,26.00942921028998,3.4893310187845055,2.2812756377269743
706,training,0.020278959,0.09375106170773506,0.20424551422780773,25.983051946466357,3.5189244366284966,2.3177262517899067
707,training,0,0.011127471923828125,0.20424551422780773,25.955591730721267,3.547645158685873,2.3431677399683086
708,training,0,0.016331695020198822,0.20424551422780773,25.927632283734955,3.5761130316063006,2.3502739125603846
709,training,0.0046159173,0.05196383595466614,0.20424551422780773,25.89947113894646,3.6044015916167593,2.357838288949309
710,training,0.0042508226,0.14891723915934563,0.20424551422780773,25.871165834374054,3.632440237972975,2.3609142128890475
711,training,0.014394065,0.18493799678981304,0.20424551422780773,25.828527461083134,3.674563791317598,2.3668077162292103
712,training,0.0022345204,0.13343947287648916,0.20424551422780773,25.799954165883403,3.702335982499119,2.3723064290761227
713,training,0.05054246,0.06524140015244484,0.1036549098461198,25.771198887437464,3.7301376162310436,2.3718683198886623
714,training,0.028381184,0.05138472095131874,0.1036549098461198,25.728264991289084,3.7719012216905683,2.3666003722557147
715,training,0.013948881,0.09952296502888203,0.1036549098461198,25.69972529212622,3.799902094082931,2.3650789356490334
716,training,0.0042464994,0.14312679879367352,0.1036549098461198,25.671247723566328,3.827874764519039,2.3645702187425712
717,training,0.0055005774,0.14962066523730755,0.1036549098461198,25.61440151351224,3.884058373658694,2.359336127090117
718,training,0.008891091,0.059220895171165466,0.1036549098461198,25.571975230715935,3.926309932601396,2.3555133162019946
719,training,0.0043557915,0.060968831181526184,0.03337384378332292,25.543691542290468,3.954604394884189,2.357238695945086
720,training,0.0035557477,0.16823986172676086,0.03337384378332292,25.515299954911818,3.9825620754641964,2.371558060669911
721,training,0.01747919,0.17819954920560122,0.03337384378332292,25.48656671145933,4.009845026874837,2.395429170070524
722,training,0.0072170226,0.17069954797625542,0.03337384378332292,25.47183289908514,4.02327138691759,2.410230769202792
723,training,0.006541346,0.09752400033175945,0.03337384378332292,25.441974788006366,4.049319634959045,2.434340355351808
724,training,0.0071182298,0.1455198209732771,0.03337384378332292,25.41157959827108,4.074984488639924,2.442837868764114
725,training,0.04543431,0.1387199256569147,0.03337384378332292,25.380845924829476,4.100728504556778,2.4465131151617285
726,training,0.006550944,0.19191298633813858,0.010986218433518269,25.35026263088266,4.126046951896946,2.453768288145297
727,training,0.011867961,0.14099005237221718,0.010986218433518269,25.30363700771992,4.163771937389621,2.4701492542834145
728,training,0.008022122,0.20096901059150696,0.010986218433518269,25.256566938712734,4.2004246539477785,2.4892897786274193
729,training,0.006601287,0.24872881174087522,0.010986218433518269,25.224604607193264,4.224493842814113,2.504683271008333
730,training,0.005516916,0.2716851755976677,0.010986218433518269,25.192383054796984,4.247920069125956,2.5211060330894535
731,training,0.014857165,0.28674622625112534,0.010986218433518269,25.176172547231854,4.25941801384357,2.52770469698157
732,training,0.0022803356,0.23625170439481735,0.010986218433518269,25.14333601263565,4.2822926713883245,2.5385021281185614
733,training,0.0046284506,0.2786463052034378,0.06371631363453413,25.110931434417637,4.301613095082086,2.5284532375198236
734,training,0.0019821853,0.25845344737172127,0.06371631363453413,25.07844497867127,4.3242162234107075,2.531574135733727
735,training,0.005741281,0.2502043964341283,0.06371631363453413,25.061991963153933,4.33569667750757,2.5331065508252903
736,training,0.009256948,0.26586242066696286,0.06371631363453413,25.012834523255776,4.369944800680225,2.5325941577604176
737,training,0.046407115,0.3279815115965903,0.06371631363453413,24.99644901450202,4.381370114919454,2.5327487793577967
738,training,0.006391323,0.3308366872370243,0.06371631363453413,24.96349868840616,4.4042983156146995,2.5361977334238555
739,training,0.008377768,0.350234679877758,0.06371631363453413,24.930694692782804,4.426820532450454,2.545344229392256
740,training,0.05881135,0.33448638767004013,0.12526343225181474,24.897534832198684,4.448991704088637,2.5602348880150574
741,training,0.0068755466,0.31782542169094086,0.12526343225181474,24.863212558913897,4.471340668083648,2.556139344306941
742,training,0.023817526,0.46130236983299255,0.12526343225181474,24.830565824593158,4.4939036446552105,2.5107448217429043
743,training,0.0048968615,0.37184421345591545,0.12526343225181474,24.798821598214253,4.518375488298367,2.4524696382588105
744,training,0.0057002744,0.3669974133372307,0.12526343225181474,24.76856440296769,4.545115823733861,2.383457244028895
745,training,0.004379382,0.32918756082654,0.12526343225181474,24.740144916437057,4.573846670477601,2.3184500917323496
746,training,0.013676089,0.29689445346593857,0.1514622333109197,24.713533262943137,4.6042509294760166,2.261424437338813
747,training,0.010988259,0.2695402354001999,0.1514622333109197,24.688500603429627,4.6361440413779595,2.2127571504477532
748,training,0.03629783,0.20046741515398028,0.1514622333109197,24.665187072519643,4.668818276870531,2.1694962043596626
749,training,0.005625182,0.21536514163017276,0.1514622333109197,24.643106046369446,4.702495203495043,2.134080917170758
750,training,0.014915689,0.2276628091931343,0.1514622333109197,24.62209794653534,4.736898783239314,2.1050325798605254
751,training,0.01574031,0.310848206281662,0.12709912485565253,24.592414677974904,4.7890951765893055,2.0740163228819717
752,training,0.04757403,0.3868974819779396,0.12709912485565253,24.564063291293312,4.842147827854766,2.049047804721657
753,training,0.022145625,0.3343387432396412,0.12709912485565253,24.53713195523968,4.895980941128217,2.0199396639696086
754,training,0.0026831236,0.23042336106300354,0.12709912485565253,24.51999341635271,4.932149729243069,2.007837784983079
755,training,0.003395538,0.1630515418946743,0.08883428372196261,24.49483440880151,4.986536589475191,2.002943973362049
756,training,0.010415498,0.1306983381509781,0.08883428372196261,24.478002613822724,5.022717781561405,2.010024506792756
757,training,0.004767389,0.13876700215041637,0.08883428372196261,24.460918368303307,5.0587225305559835,2.0182816827365926
758,training,0.004291731,0.08065379038453103,0.08883428372196261,24.425794128035346,5.130301347290761,2.032719018910378
759,training,0.008312293,0.09059174358844756,0.08336880250514218,24.389605972819826,5.201465702469768,2.053757690211696
760,training,0.009965485,0.14110329747200012,0.08336880250514218,24.370909738863936,5.236563623332251,2.0658731894233164
761,training,0.006948821,0.2073933444917202,0.08336880250514218,24.33201817658879,5.306217902236011,2.0960221835013084
762,training,0.016862532,0.14429029822349548,0.08336880250514218,24.301544066654554,5.357791468434632,2.1119705545293948
763,training,0.022666182,0.17484528943896294,0.07264350765572339,24.27022538139511,5.408635852128632,2.1357841077070834
764,training,0.0032991916,0.10533246397972107,0.07264350765572339,24.237653820460523,5.459093933565299,2.1507429910700164
765,training,0.0033068247,0.13980602100491524,0.07264350765572339,24.20447985649075,5.5086062438129755,2.173037503324373
766,training,0.002996026,0.1241757795214653,0.07264350765572339,24.18159268188176,5.541520549967528,2.1838715295875994
767,training,0.026149541,0.12201502174139023,0.07264350765572339,24.146825050256133,5.58998548571524,2.2038930943286816
768,training,0.0076883887,0.07720078527927399,0.04870611668648879,24.110839728056643,5.6379778312307165,2.2236300902663255
769,training,0,0.03577255457639694,0.04870611668648879,24.0988989723731,5.653499791715845,2.224759458471723
770,training,0,0.0013656765222549716,0.04870611668648879,24.074421646952327,5.6849003869195265,2.244630509780671
771,training,0,0.03755754232406616,0.04870611668648879,24.06185922622658,5.700458991649188,2.2555659354285416
772,training,0,0.0025276318192481856,0.04870611668648879,24.036406311006022,5.731004141400984,2.2757110983334066
773,training,0,0.03202708438038826,0.04870611668648879,24.010312006800003,5.7610353481861525,2.2958955237153917
774,training,0.0021482725,0.061594076454639435,0.04870611668648879,23.983595317315803,5.790662667664625,2.3116977735473205
775,training,0,0.030728507786989212,0.024744896294499826,23.956539922336805,5.819850699268869,2.323974681429852
776,training,0,0.04941332712769507,0.024744896294499826,23.929079333866866,5.848836028935129,2.333950319143598
777,training,0,0.030982319265604033,0.024744896294499826,23.90140094715776,5.877551495538156,2.3420696648498223
778,training,0,0.029427044093608856,0.024744896294499826,23.873462251761712,5.905962202955435,2.3538564116898577
779,training,0,0.022255472838878645,0.024744896294499826,23.84519870713862,5.934025411771883,2.3647735222987176
780,training,0,0.0028287097811698775,0.024744896294499826,23.81655258472952,5.961863800628581,2.376943453886664
781,training,0,0.018000870943069458,0.024744896294499826,23.787595924220913,5.989179198409633,2.3939496607989446
782,training,0,0.0007404461503029008,0.024744896294499826,23.75820921005543,6.015984786490973,2.41062965078693
783,training,0,0.04990118555724621,0.01585204383010947,23.72824114333058,6.042390468235817,2.428123917442338
784,training,0,0.02099595963954927,0.01585204383010947,23.697988893744103,6.068125009627792,2.4442610888047698
785,training,0,0.0009468160569667955,0.01585204383010947,23.667180723522982,6.093565400252253,2.4578349858574113
786,training,0,0.007704462856054306,0.01585204383010947,23.636088889931905,6.118570215550025,2.470327450725287
787,training,0,0.023595403879880905,0.01585204383010947,23.60479576841448,6.143163988342575,2.480200957759431
788,training,0.002800835,0.0524207865819335,0.01585204383010947,23.55718714885257,6.1796839103449805,2.4947360824664275
789,training,0,0.0003655031323432992,0.01585204383010947,23.525328645005843,6.203520992135977,2.5031570324645287
790,training,0,0.023934148019179702,0.012336742880588458,23.509235846340523,6.215431883746936,2.50538615571576
791,training,0.006778505,0.08660093508660792,0.012336742880588458,23.476977548568943,6.239179266127135,2.5096124354536347
792,training,0.034598522,0.08734278753399849,0.012336742880588458,23.44480577694914,6.2626239217460835,2.5136028448327155
793,training,0.0577526,0.07866484299302101,0.012336742880588458,23.39608539592264,6.29786948885464,2.516337117156996
794,training,0.022051634,0.06659729033708572,0.012336742880588458,23.363793318229835,6.321118067345003,2.5189993928707306
795,training,0.037081216,0.09611610695719716,0.012336742880588458,23.331189612735095,6.344371489899447,2.526647951663629
796,training,0.008698772,0.06946299970149994,0.012336742880588458,23.298499540581695,6.367246866095858,2.5359269927640127
797,training,0.0011092497,0.07613823935389519,0.0888285768636187,23.265635666283995,6.38975189707845,2.5465431801831846
798,training,0.03641412,0.09978314489126208,0.0888285768636187,23.232325891491886,6.412073171014996,2.55577891211824
799,training,0.02536961,0.06798018142580986,0.0888285768636187,23.19911394595763,6.433916451848933,2.5638961529689093
800,training,0.024381945,0.0705862957984209,0.0888285768636187,23.16552544895298,6.455566900480721,2.574470702833431
801,training,0.0066264034,0.0671367272734642,0.0888285768636187,23.13171768070523,6.476905745954541,2.581764790213448
802,training,0.01063313,0.07085747271776198,0.0888285768636187,23.097907578517283,6.497908851964396,2.5893591718977853
803,training,0,0.009904213249683366,0.08362537531751327,23.06371730925832,6.51879720963281,2.597393924590371
804,training,0,0.029105044901371002,0.08362537531751327,23.046658027974203,6.529070144552071,2.6017517855520476
805,training,0,0.025102712213993086,0.08362537531751327,23.01244215161541,6.549233646109609,2.618110126387163
806,training,0.017480168,0.09317795187234879,0.08362537531751327,22.96020142895564,6.578285826288173,2.650381788048828
807,training,0.007996604,0.10468066483736038,0.08362537531751327,22.924939517627866,6.596591159358047,2.6764049383416433
808,training,0.0014142005,0.14815921057015657,0.08362537531751327,22.871132017894805,6.622091475487588,2.7221633978638047
809,training,0.04593546,0.1513156641740352,0.07464830254961659,22.81610547177992,6.645213645978218,2.764195677171847
810,training,0.008006649,0.30224479734897614,0.07464830254961659,22.779158074439255,6.659261170609509,2.7923515245817927
811,training,0.0054205377,0.39874693751335144,0.07464830254961659,22.74152430470186,6.672175981445159,2.833563400522849
812,training,0.015945446,0.44987042248249054,0.07464830254961659,22.703687906437494,6.683132919032354,2.8914870783513043
813,training,0.008685629,0.22316141054034233,0.0412036624632475,22.665238086325868,6.69158778955073,2.9580287244055827
814,training,0.010858482,0.12518925685435534,0.0412036624632475,22.62595775622523,6.6976801633964005,3.0111868912998783
815,training,0.017598987,0.23910585045814514,0.0412036624632475,22.58665534176465,6.702097031328956,3.0450595292904046
816,training,0.0265757,0.31273920834064484,0.0412036624632475,22.547047094714515,6.7054099565024154,3.0698757642999808
817,training,0.007918408,0.3634353429079056,0.0412036624632475,22.5073581198842,6.7077888493484075,3.094628978984388
818,training,0.0076311175,0.3673979341983795,0.0412036624632475,22.467579251138652,6.7090425942983165,3.1263614276473897
819,training,0.01224155,0.4040680080652237,0.05525703638000832,22.42811582000353,6.708972219173452,-3.122100900483341
820,training,0.008015716,0.35886456072330475,0.05525703638000832,22.3883867449517,6.707402587161274,-3.0791467975739812
821,training,0.023168907,0.28075796365737915,0.05525703638000832,22.348943495405678,6.704036927693281,-3.03398075551679
822,training,0.018937167,0.21058419346809387,0.05525703638000832,22.30969416351399,6.6989410016374755,-2.9922265422248726
823,training,0.013825241,0.0920400060713291,0.05525703638000832,22.270260407833156,6.692445050946405,-2.9685326195552184
824,training,0.004655601,0.17911144345998764,0.05525703638000832,22.25099001782406,6.689025032759947,-2.966295468240981
825,training,0.031376205,0.23433741927146906,0.05525703638000832,22.231471753847362,6.685593452223631,-2.969869974848401
826,training,0.033372354,0.3129288256168365,0.19227257882398424,22.1918647692434,6.678993172996852,-2.9839002648070325
827,training,0.008080571,0.34158021211624146,0.19227257882398424,22.1520325657764,6.673070275336017,-3.0120328838329087
828,training,0.004788879,0.605082738911733,0.19227257882398424,22.11176561191629,6.669375158894862,-3.090094432187486
829,training,0.011007359,0.7141017615795135,0.19227257882398424,22.071435889231587,6.669036223078887,3.0978893664536566
830,training,0.004644022,0.6854003686457872,0.27989979230278467,22.030561558831764,6.673361862820096,2.9711194857141083
831,training,0.0026217178,0.5642061624675989,0.27989979230278467,21.990461362866654,6.683000973170839,2.8350595464691253
832,training,0.009597162,0.5419989340007305,0.30114432294767424,21.95244319423842,6.697488404519101,2.723249985376976
833,training,0.026325192,0.4312409311532974,0.30114432294767424,21.916104617368603,6.71585559886831,2.623970006138223
834,training,0.010583989,0.3058209903538227,0.30114432294767424,21.881509095576735,6.737476442322585,2.5448356657124456
835,training,0.010546884,0.23214629292488098,0.3052605842465582,21.8487268948659,6.7612109216627445,2.4884417167458808
836,training,0.010083014,0.22212500683963302,0.3052605842465582,21.8172906910974,6.7864958400732105,2.4401114071313206
837,training,0.012600623,0.17628074437379837,0.3052605842465582,21.787047501865576,6.813162074769865,2.3995628838270893
838,training,0.02394073,0.16572094708681107,0.3052605842465582,21.757870092440477,6.840697684912269,2.3709382952140943
839,training,0.008134976,0.1391344889998436,0.3052605842465582,21.729395447102494,6.8689981453345155,2.349585564355191
840,training,0.006116199,0.09806582704186441,0.3052605842465582,21.70147954037526,6.89774885256883,2.3334216181895218
841,training,0,0.01178733166307211,0.3052605842465582,21.67403678364061,6.9269636050647225,2.3165211439556783
842,training,0,0.0004699071869254095,0.23400612362966228,21.660549116665806,6.941730348780755,2.305964889972853
843,training,0.019073982,0.08285212051123382,0.23400612362966228,21.62025358074378,6.986172670336354,2.3094772287133853
844,training,0,0.023513678461313244,0.23400612362966228,21.606789478811457,7.000963223774073,2.306604919275707
845,training,0,0.0051388926804065704,0.23400612362966228,21.580142566413237,7.03075137119534,2.299019790732505
846,training,0,0.027475494891405106,0.23400612362966228,21.553439604057317,7.0605217814074885,2.306075198091145
847,training,0,0.04875188134610653,0.23400612362966228,21.52654483029382,7.089970118147285,2.316535911756609
848,training,0,0.030521072447299957,0.23400612362966228,21.49940546256893,7.119063347846696,2.321957757494361
849,training,0.012932789,0.06018387898802757,0.15143520726500112,21.458432910118674,7.162729795819542,2.3313519215166143
850,training,0.0052197576,0.06489197537302971,0.15143520726500112,21.430787572147747,7.191334977636385,2.348118510905473
851,training,0,0.005826517939567552,0.15143520726500112,21.402413918713094,7.219664865104965,2.3609395626296776
852,training,0,0.01228160411119461,0.15143520726500112,21.373943284495535,7.247679029671095,2.370765323785493
853,training,0,0.01379384845495224,0.15143520726500112,21.359620253758628,7.261461717322219,2.379989697699981
854,training,0.003965025,0.05930224433541298,0.15143520726500112,21.315863898109598,7.302008671764531,2.408560704534663
855,training,0,0.013675540685653687,0.15143520726500112,21.285986375486683,7.328493706055586,2.422721514288342
856,training,0,0.04902649670839311,0.08937026598486154,21.255864913781387,7.354427414466729,2.4381146605228095
857,training,0,0.04174557514488698,0.08937026598486154,21.24062853087617,7.367244033729004,2.446476840593295
858,training,0,0.01740378327667714,0.08937026598486154,21.209700630139977,7.392607585458897,2.4622619556386365
859,training,0,0.023695681244134903,0.08937026598486154,21.178576896263277,7.417406196244189,2.4734008558127245
860,training,0,0.03468245267868042,0.08937026598486154,21.14712406397058,7.44199698923808,2.483796333694256
861,training,0,0.040380239486694336,0.08937026598486154,21.115338053851893,7.4662026355955,2.4998523905265375
862,training,0,0.013325713574886315,0.08937026598486154,21.083338049682126,7.489766731863285,2.5107276466344004
863,training,0,0.01754392683506012,0.05104510305628462,21.05090174022827,7.513290182722876,2.5192699322704395
864,training,0,0.026363098993897438,0.05104510305628462,21.018443623752834,7.536279764461774,2.5326103757239924
865,training,0,0.008978327736258507,0.05104510305628462,20.985603934759396,7.558883449788791,2.5419001047133998
866,training,0,0.034780312329530716,0.05104510305628462,20.952440008062045,7.581465914355437,2.546850891686839
867,training,0,0.02275070548057557,0.05104510305628462,20.919443763690733,7.603678722315086,2.549475088811819
868,training,0,0.033864133059978485,0.05104510305628462,20.88619356594847,7.625965414533626,2.5557602142246347
869,training,0,0.016407756134867668,0.05104510305628462,20.85282169011949,7.647843142508574,2.5678068920183366
870,training,0,0.0072905076667666435,0.024711092943307884,20.819262376791894,7.669252365224685,2.5781600918141185
871,training,0,0.012381781358271837,0.024711092943307884,20.785290282710495,7.690580213445402,2.582452482385221
872,training,0,0.02863047504797578,0.024711092943307884,20.751516946385756,7.711687410938287,2.5830366667525335
873,training,0.0033741847,0.058969682548195124,0.024711092943307884,20.70055357034951,7.743523518613773,2.5829731206199504
874,training,0,0.020155304111540318,0.024711092943307884,20.66675632983208,7.764665351749161,2.5819019150736837
875,training,0,0.013670826097950341,0.024711092943307884,20.632872160318342,7.785872325226429,2.58276525662025
876,training,0.003479706,0.056060124887153506,0.011147995490598878,20.59888798446571,7.807125987575726,2.582266869186358
877,training,0,0.009641722775995731,0.011147995490598878,20.5651177692383,7.828230673622894,2.5836958979178837
878,training,0,0.024270937778055668,0.011147995490598878,20.53109447315797,7.849411029435085,2.5857698930902124
879,training,0.00059396296,0.05291996989399195,0.011147995490598878,20.480225162129884,7.8809082611391075,2.588720781190868
880,training,0.0060104067,0.05280541954562068,0.011147995490598878,20.41203447311328,7.922731571581431,2.593640770296753
881,training,0.007174696,0.06118224374949932,0.014985058411235102,20.377964225826013,7.943504610970095,2.5931846250441986
882,training,0.007831967,0.06443498469889164,0.014985058411235102,20.343723977646313,7.964490468035279,2.5890824835329913
883,training,0.011053197,0.05542984534986317,0.014985058411235102,20.29288739190019,7.996047515953134,2.5840213123137064
884,training,0,0.04166429862380029,0.014985058411235102,20.258846866097137,8.017281489617657,2.5854111857717217
885,training,0,0.03970842808485031,0.014985058411235102,20.24190188146935,8.027777073326758,2.588129773185273
886,training,0.014704485,0.06834196299314499,0.014985058411235102,20.22498514380789,8.038180352192628,2.5921564940674275
887,training,0.007976551,0.061344318091869354,0.040101552033096684,20.190844451941196,8.058888583934387,2.600826261263162
888,training,0,0.02009763196110724,0.040101552033096684,20.173628652041653,8.06918180662895,2.605385786767207
889,training,0,0.010190766304731369,0.040101552033096684,20.139313714754586,8.089371806163674,2.6144178795864317
890,training,0,0.0298561230301857,0.040101552033096684,20.12208741446246,8.099335162748472,2.6199385242854665
891,training,0,0.00402452796697618,0.040101552033096684,20.08728317448221,8.119070278147985,2.6322470275640693
892,training,0,0.013361368328332908,0.040101552033096684,20.069861772534974,8.12873984376532,2.6377747512094003
893,training,0,0.008316174149513245,0.040101552033096684,20.034902406614343,8.147696499778196,2.6514083490559313
894,training,0,0.014097277075052254,0.05372695645016504,19.999520781062557,8.166256718123222,2.665584912198866
895,training,0.0041548144,0.056740473955869675,0.05372695645016504,19.946182067545852,8.193099290786504,2.6862204998331864
896,training,0,0.045354774221777916,0.05372695645016504,19.91021274733304,8.210349037520828,2.7025637190900533
897,training,0,0.0157572440803051,0.05372695645016504,19.874046703720236,8.227035847488576,2.715664587624536
898,training,0.014551812,0.08152671344578266,0.05372695645016504,19.837638068532193,8.243222863929574,2.730962022223329
899,training,0,0.0044030193239450455,0.05372695645016504,19.800990843876335,8.25886877573158,2.7427920032376
900,training,0,0.03923370037227869,0.045328787576285355,19.764102552364026,8.27435373153333,2.743584712238954
901,training,0,0.002833230420947075,0.045328787576285355,19.745699639011026,8.282089374707478,2.7432873800713202
902,training,0,0.01143618579953909,0.045328787576285355,19.708938947916355,8.297587372389415,2.740854666457223
903,training,0,0.04103108216077089,0.045328787576285355,19.672097339273154,8.313255974801935,2.7380486677485423
904,training,0,0.019062028266489506,0.045328787576285355,19.635349948719785,8.328958401386258,2.7371323432705577
905,training,0,0.012607133947312832,0.045328787576285355,19.598694432864345,8.34471130542353,2.7336012470315736
906,training,0.04803784,0.051450577564537525,0.03586586335567176,19.54366140266363,8.36861202475363,2.7305265254167663
907,training,0,0.030889000743627555,0.03586586335567176,19.50705943663471,8.384669160571706,2.7242856802575037
908,training,0.007737619,0.06604829430580139,0.03586586335567176,19.4705329740528,8.401131903371825,2.711492039593764
909,training,0.006038581,0.09194479137659073,0.03586586335567176,19.434189196241626,8.418087557263851,2.6978364197098808
910,training,0,0.011652253568172457,0.03586586335567176,19.39818166082097,8.43557646958834,2.682246084533264
911,training,0.003388321,0.05549326725304126,0.03586586335567176,19.36243498783614,8.45344493660265,2.675326040258185
912,training,0,0.04662682395428419,0.0303779891597727,19.326773561008334,8.471478816523172,2.6706108651192015
913,training,0,0.04271145444363355,0.0303779891597727,19.308955246352138,8.480572153700487,2.668870986521747
914,training,0.005519153,0.0814507594332099,0.0303779891597727,19.237839057952634,8.516994116267686,2.6665941119806122
915,training,0.0039699255,0.08807400241494179,0.0303779891597727,19.20234470341523,8.535286637794972,2.665001655757233
916,training,0.0026911092,0.07085290923714638,0.0303779891597727,19.149067944892632,8.562954727468632,2.6583136576120467
917,training,0.00492806,0.08558003604412079,0.03137497201699364,19.09622094778009,8.591204615083347,2.6428207099933267
918,training,0.0049391775,0.12257369980216026,0.03137497201699364,19.061059984278334,8.610534854108153,2.6350383260957666
919,training,0.012369389,0.13434799015522003,0.03137497201699364,19.026230232665952,8.630086774190408,2.624945400217458
920,training,0.076655984,0.08901368640363216,0.03137497201699364,18.9741838140996,8.660085172908571,2.6130404905059175
921,training,0.045889918,0.05815625190734865,0.03137497201699364,18.956988771497908,8.670166102014418,2.6098976075960683
922,training,0,0.020987190306186676,0.03137497201699364,18.92265345503723,8.690268941910437,2.616698741075073
923,training,0,0.03347548097372055,0.052665814801332644,18.90536837007772,8.700190744797798,2.6240802581652165
924,training,0,0.004412233829498277,0.052665814801332644,18.887945889807877,8.71003079735037,2.631160760519222
925,training,0,0.002766534686088548,0.052665814801332644,18.870513834303694,8.719722243845867,2.637090818676038
926,training,0,0.03729778528213504,0.052665814801332644,18.835545769050544,8.73871669582146,2.6509124784002864
927,training,0,0.020903658121824265,0.052665814801332644,18.80021498609572,8.757255970377704,2.66586509436753
928,training,0,0.013273362070322044,0.052665814801332644,18.78247451976694,8.766323637677214,2.67153438792081
929,training,0,0.019560031592845917,0.052665814801332644,18.746827473243645,8.784168929040993,2.6838097783792136
930,training,0,0.043545693159103394,0.05905235487361876,18.71093019700434,8.801529278021778,2.698636369898822
931,training,0,0.010452806949615482,0.05905235487361876,18.674828383325192,8.818391784998788,2.709451713338446
932,training,0,0.013543428853154182,0.05905235487361876,18.63854298493673,8.8349072010276,2.7184765776241075
933,training,0,0.00017804931849241257,0.05905235487361876,18.602131380025785,8.851153183431267,2.7233908279443617
934,training,0,0.0075408546254038845,0.05905235487361876,18.56557098977253,8.867349696080009,2.7253506492029795
935,training,0,0.004142638295888904,0.05905235487361876,18.529022636372076,8.883428084473202,2.728834822324195
936,training,0,0.030935030430555344,0.04875580593298808,18.492507390714902,8.899366220436386,2.7308429353712196
937,training,0,0.012300489470362667,0.04875580593298808,18.455826976594057,8.915249533560193,2.735869764759563
938,training,0,0.007506143301725388,0.04875580593298808,18.419132973993918,8.930829420459792,2.743844924575559
939,training,0.0065188743,0.07716169953346252,0.04875580593298808,18.36379695553816,8.953727153468073,2.7551465901369423
940,training,0,0.040813188068568707,0.04875580593298808,18.326817550826497,8.968563109554971,2.7638506590900613
941,training,0,0.03510539291892201,0.04875580593298808,18.308316812105332,8.975874182262412,2.76631226998642
942,training,0.007572178,0.09341593459248543,0.032657931944537734,18.252421848273954,8.997619316021373,2.77609296235756
943,training,0.006329484,0.0563854705542326,0.032657931944537734,18.19649905558027,9.018721936698121,2.7840704012671935
944,training,0,0.030401439173147082,0.032657931944537734,18.17771633525945,9.025716635651039,2.7858037423699904
945,training,0.008726065,0.05418254132382571,0.032657931944537734,18.1216310990177,9.046478147196767,2.7860980645333235
946,training,0.043129895,0.06687750667333603,0.032657931944537734,18.065363069358934,9.067417469422956,2.785022458928154
947,training,0.0058404403,0.057541498914361,0.016006867770691175,18.028043102955227,9.081211403130784,2.790802993280523
948,training,0.012490016,0.05474182590842247,0.016006867770691175,17.971610719286875,9.101634845984867,2.7972027110849385
949,training,0.01073846,0.0719238929450512,0.016006867770691175,17.93410440931348,9.115148720505678,2.7893552450899635
950,training,0.058923304,0.11832889169454575,0.016006867770691175,17.877859353770635,9.13695337535705,2.748220806982608
951,training,0,0.04395635984838009,0.016006867770691175,17.84096354473809,9.152921695092978,2.7181818127192483
952,training,0,0.04379953630268574,0.016006867770691175,17.822836937985606,9.161250103293108,2.70514020639789
953,training,0.026114773,0.06861704308539629,0.020332663914923624,17.768636561982774,9.187121908002007,2.6883594115021507
954,training,0,0.042891956865787506,0.020332663914923624,17.732733048897114,9.204823659524541,2.6780836954204776
955,training,0,0.025740779936313633,0.020332663914923624,17.714847893396367,9.213801425682378,2.675145929748324
956,training,0,0.010941837448626757,0.020332663914923624,17.697020596563714,9.22278856030463,2.674123050508916
957,training,0,0.03659299900755286,0.020332663914923624,17.67919843168819,9.231785905213654,2.673956751820481
958,training,0,0.015475152060389519,0.020332663914923624,17.643502547498823,9.249796900290923,2.6738125237221646
959,training,0,0.025953112170100212,0.020332663914923624,17.62567178997101,9.258802434494111,2.673862655267947
960,training,0,0.014473627321422098,0.012785559830184937,17.59002630442634,9.276745269874299,2.6769912130252016
961,training,0,0.0033441446721553802,0.012785559830184937,17.57214423540284,9.28568389333768,2.679441480313319
962,training,0,0.0010280944406986271,0.012785559830184937,17.53638135217966,9.303398154503022,2.6830926230519463
963,training,0,0.03141997568309307,0.012785559830184937,17.500558270140324,9.320975705187827,2.6879016264281494
964,training,0,0.00011875107884406697,0.012785559830184937,17.464589912632995,9.338384887550651,2.6930518298807997
965,training,0,0.01785770058631897,0.012785559830184937,17.42860951800655,9.355636257243575,2.6961890437845755
966,training,0,0.022292890585958958,0.027780635822949862,17.39255710863903,9.372708950479637,2.7028424675641
967,training,0,0.03631037846207619,0.027780635822949862,17.356418888445827,9.389521961384895,2.708551738255792
968,training,0.020358734,0.062323806807398796,0.027780635822949862,17.30193914203725,9.4143982959788,2.718588874117082
969,training,0,0.02938549406826496,0.027780635822949862,17.26555323762893,9.430677474588984,2.720921736956506
970,training,0.003429489,0.051976073533296585,0.027780635822949862,17.229039400974827,9.447043708884978,2.718661569293714
971,training,0.0102125015,0.15165646374225616,0.027780635822949862,17.174461627822748,9.471755204011746,2.7115611675835525
972,training,0.003360315,0.08526503294706345,0.04048435043452676,17.102035549330452,9.506073833112644,2.6842193299661106
973,training,0,0.03565632179379463,0.04048435043452676,17.084151347182722,9.51492524417535,2.680250072863123
974,training,0,0.03803442791104317,0.04048435043452676,17.066276969961894,9.523835825710789,2.678000618376938
975,training,0.0044997963,0.06860233843326569,0.04048435043452676,17.030529829792236,9.541502171263287,2.687834399929192
976,training,0.015165212,0.07554931938648224,0.04048435043452676,17.01257089989691,9.55019763278398,2.6942090210297027
977,training,0,0.04315788485109806,0.04048435043452676,16.976517506222063,9.567238785819573,2.7040602211258236
978,training,0.031501293,0.08471210533753037,0.05752715759685359,16.922155104497005,9.592405128824634,2.7114358621385612
979,training,0.0045539024,0.1974417269229889,0.05752715759685359,16.903966206060907,9.600725300815489,2.711863563060984
980,training,0.0027749585,0.20641747117042542,0.05752715759685359,16.8676172002439,9.61752368364038,2.70297078197533
981,training,0.021048678,0.1644410565495491,0.05752715759685359,16.831485675380108,9.634776536155758,2.689103513741055
982,training,0.0019393158,0.19572388753294945,0.05752715759685359,16.795589910293597,9.6525047641511,2.6762603331808203
983,training,0.00739862,0.17879121005535123,0.05752715759685359,16.759947604528442,9.670649134383117,2.6664431356282865
984,training,0.010421862,0.23399259895086288,0.07217197625100726,16.724404882033312,9.689085490847937,2.6596986052244116
985,training,0.0067429286,0.20166077511385083,0.07217197625100726,16.689061907854033,9.707746432773648,2.6519471405372324
986,training,0.0023954934,0.14942225813865664,0.07217197625100726,16.653874934533338,9.72656636403463,2.6501033034100985
987,training,0.008963592,0.1785288918763399,0.07217197625100726,16.61857057370562,9.745403440977398,2.6530993825718454
988,training,0.038102586,0.19166689738631248,0.07217197625100726,16.583328900608052,9.764056005038274,2.6569967033196007
989,training,0.049071793,0.21283275727182627,0.07217197625100726,16.547954843518696,9.782574571387102,2.6608404395864462
990,training,0.008144182,0.23116319114342332,0.09472666395269846,16.512519623204177,9.801024156282653,2.6612283279985505
991,training,0.002338186,0.24476247280836105,0.09472666395269846,16.47712898970533,9.81947043437601,2.6602806365229856
992,training,0.0028891284,0.24381201900541782,0.09472666395269846,16.441654282326564,9.838047055415611,2.6572559213775917
993,training,0.004479998,0.2545497231185436,0.09472666395269846,16.406345034382895,9.856775309006723,2.650096544091655
994,training,0.016395954,0.25939073227345943,0.09472666395269846,16.371182998757323,9.875704198027925,2.6455789273908707
995,training,0.0069097006,0.2645854130387306,0.09472666395269846,16.336017748464993,9.894749239589942,2.6453732264601415
996,training,0.055654187,0.25184469670057297,0.1088237454819122,16.300899411370903,9.913627237733992,2.6531501773427393
997,training,0.013412245,0.24308067187666893,0.1088237454819122,16.26559808782223,9.931720853059701,2.6944417982377087
998,training,0.07296387,0.28587858378887177,0.1088237454819122,16.229558914986246,9.947772683527678,2.7483841415371004
999,training,0.010582889,0.29011206328868866,0.1088237454819122,16.192533320165353,9.96211969119749,2.7945065657865467
1000,training,0.013344242,0.2890092581510544,0.1088237454819122,16.155120432725425,9.974744960717237,2.8366085341508063
1001,training,0.0034074145,0.25017742067575455,0.12081497323066046,16.116984484674933,9.985934527948968,2.8751588838761144
1002,training,0.014143864,0.18991144746541974,0.12081497323066046,16.078400275643233,9.995800812947934,2.907911736790832
1003,training,0.0055532902,0.11018387228250504,0.12081497323066046,16.03972049377806,10.00435868780215,2.9393839807972504
1004,training,0.005695987,0.1283365599811077,0.12081497323066046,16.0005207343569,10.011820975836462,2.966515389791973
1005,training,0.00448027,0.09992633061483502,0.12081497323066046,15.961324983841553,10.018285203093482,2.990085225368402
1006,training,0.026054647,0.05354718491435051,0.12081497323066046,15.921900335988072,10.023846416335445,3.01241250684796
1007,training,0,0.030196473002433777,0.11454573147656945,15.902152926744382,10.02630598091308,3.022228789597726
1008,training,0.011083139,0.05445166863501072,0.11454573147656945,15.84274696104293,10.032598715071705,3.049913251138412
1009,training,0.01015705,0.10424479842185974,0.11454573147656945,15.802808845360033,10.035825585925375,3.0672077455597946
1010,training,0.0027538906,0.1489037126302719,0.11454573147656945,15.742992733602078,10.040241215613941,3.06802772173479
1011,training,0.031208342,0.15658718533813953,0.11454573147656945,15.7031691110378,10.043152326010238,3.068145549280804
1012,training,0.0018764036,0.17973174899816513,0.11454573147656945,15.663310845204592,10.04607979416615,3.068920522949479
1013,training,0.0055261804,0.15067202784121037,0.07227569354061977,15.603487111366523,10.050505742542141,3.0625495234219224
1014,training,0.0070819827,0.12007448077201843,0.07227569354061977,15.563653172317062,10.05383108584495,3.054832895130873
1015,training,0.0038870922,0.09820697410032153,0.07227569354061977,15.523814227144182,10.057376262471017,3.0508754609872546
1016,training,0.018309599,0.11646367516368628,0.07227569354061977,15.484045770656417,10.061025582872979,3.04850560177343
1017,training,0.006515871,0.05868571624159813,0.07227569354061977,15.444230231246054,10.0647378995452,3.0491153541861737
1018,training,0,0.026133395731449127,0.03721404354429327,15.424360650747184,10.066556409990199,3.052091193332911
1019,training,0,0.03231142088770867,0.03721404354429327,15.404430137946967,10.068316303322282,3.0534611515049743
1020,training,0,0.02619078755378723,0.03721404354429327,15.364655498797434,10.071928391998576,3.0478890696985435
1021,training,0,0.048971794545650475,0.03721404354429327,15.344733350650221,10.073822904822686,3.045458753519973
1022,training,0.042274978,0.05160284787416458,0.03721404354429327,15.285084293356237,10.079685276290792,3.041221337570624
1023,training,0.021805208,0.07031511701643467,0.03721404354429327,15.225432632389133,10.085859389916454,3.035998089513094
1024,training,0.020677004,0.23470262438058853,0.03721404354429327,15.185673578474432,10.090039413749203,3.0386200900613116
1025,training,0.0078711035,0.2701547220349312,0.06194097619202418,15.14603277300931,10.093942166972052,3.0548489963691927
1026,training,0.012793064,0.32186509668827057,0.06194097619202418,15.106441878792532,10.096712773133264,3.0905612042625235
1027,training,0.017769884,0.29726542532444,0.06194097619202418,15.066880541646148,10.098018486286803,3.1255198276951166
1028,training,0.0066367555,0.26448582112789154,0.06194097619202418,15.046961389083688,10.098190589196616,3.13985300372068
1029,training,0.019560847,0.2857184000313282,0.06194097619202418,15.007020751090911,10.097837484234649,-3.1246980741196393
1030,training,0.0040245573,0.32187236100435257,0.06194097619202418,14.967229095428479,10.097018681921176,-3.1206261438845555
1031,training,0.018357836,0.28473305981606245,0.02697673535978425,14.927125807469354,10.09622561368748,-3.1240615059180175
1032,training,0.02849627,0.2964491378515959,0.02697673535978425,14.887223361741976,10.095587622417828,-3.1282861990841457
1033,training,0.027640995,0.3279157136566937,0.02697673535978425,14.847260975979008,10.09513304291002,-3.1314739470531383
1034,training,0.01735612,0.3069689008407295,0.02697673535978425,14.807182969694557,10.094703275239196,-3.1287134166390977
1035,training,0.007333055,0.33650021255016327,0.02697673535978425,14.767389543037725,10.094087054829032,-3.124234018339044
1036,training,0.007398107,0.3323733806610108,0.02697673535978425,14.727382518411705,10.093275292015655,-3.11743314023991
1037,training,0.022169596,0.32069939374923706,0.03876723242802383,14.68742703505608,10.092085484575177,-3.1052103866481224
1038,training,0.034395672,0.310214001685381,0.03876723242802383,14.647671308190834,10.090393097094001,-3.093406063360374
1039,training,0.006967117,0.3092052899301052,0.03876723242802383,14.607634040055276,10.088279897536713,-3.08426289528342
1040,training,0.013495893,0.31294456217437977,0.03876723242802383,14.56786601082284,10.085849647252003,-3.07893376140235
1041,training,0.005342403,0.33746849931776524,0.03876723242802383,14.527951971120173,10.083297660165412,-3.0765754910858383
1042,training,0.018472983,0.3398267365992069,0.03876723242802383,14.488009841511005,10.080598307445852,-3.069438417155497
1043,training,0.010547791,0.3395560905337334,0.1304618545508254,14.448382558417784,10.07750675359687,-3.0572568311459416
1044,training,0.04097946,0.48613140732049936,0.1304618545508254,14.408215492940979,10.074301986197806,-3.0816655518724616
1045,training,0.022894762,0.7291994690895081,0.1304618545508254,14.368095815226065,10.073161595598238,3.131515435476329
1046,training,0.011762415,0.701788730919361,0.1304618545508254,14.327188521540556,10.075638546502118,3.019147930530532
1047,training,0.018499399,0.5142456982284784,0.19479734857282324,14.286969757444894,10.08320880859865,2.8905017659748333
1048,training,0.008177113,0.29021090269088745,0.19479734857282324,14.24788840811796,10.095821890341018,2.7729944635649217
1049,training,0.0141228745,0.22269698977470398,0.20479729138598846,14.210609493283494,10.112423073153696,2.6747880607953904
1050,training,0.018303394,0.14753705263137817,0.20479729138598846,14.17531665144795,10.132308946039483,2.5831096873783648
1051,training,0,0.025405913591384888,0.20479729138598846,14.141844081770744,10.155224909653183,2.5011150909167257
1052,training,0.014877908,0.1619808673858642,0.21957968833780214,14.110123911419365,10.180670884414203,2.4321049524987
1053,training,0.008683469,0.12322548031806946,0.21957968833780214,14.080321149724407,10.20777819596183,2.3765257104928734
1054,training,0.01602291,0.2067934274673462,0.21957968833780214,14.051940581473623,10.236623159567227,2.318592903480501
1055,training,0.012506211,0.0759199112653732,0.21957968833780214,14.025480683075912,10.266649734211695,2.274085209158691
1056,training,0,0.0001945048570633212,0.19706624120048477,14.012546422690184,10.282151142209102,2.2580956071567666
1057,training,0.0024106326,0.053229182958602905,0.19706624120048477,13.97549697620967,10.329554339703465,2.2113880171233777
1058,training,0,0.0010879896581172943,0.19706624120048477,13.951846436352488,10.362023982201455,2.1924723845169574
1059,training,0,0.009988334029912949,0.19706624120048477,13.92867868296541,10.394760404875626,2.1813279175268607
1060,training,0,0.03427542001008988,0.19706624120048477,13.917291436347043,10.411108046006708,2.1777938704662945
1061,training,0,0.02685824315994978,0.19706624120048477,13.894543974742,10.444090469092224,2.169939989824374
1062,training,0.0047961287,0.140927292406559,0.19706624120048477,13.860957120044178,10.493816588816681,2.162457187347318
1063,training,0.013251984,0.05467446707189083,0.12696966260160783,13.838803114172922,10.52723594658165,2.146995164387854
1064,training,0,0.002916110679507259,0.12696966260160783,13.817160617790236,10.561063435220653,2.135935364134189
1065,training,0,0.028173360973596573,0.12696966260160783,13.795913445602682,10.594799551100746,2.1296208533519683
1066,training,0,0.015412751585245146,0.12696966260160783,13.785315210486859,10.61180790652708,2.1260223317828153
1067,training,0,0.005142979323863997,0.12696966260160783,13.764213616795988,10.64604641807368,2.1244936545861024
1068,training,0,0.03605780750513077,0.12696966260160783,13.743088005804761,10.679614280549938,2.141599195197626
1069,training,0.011960059,0.05053140223026277,0.02435245776798488,13.709979512316059,10.729649759177216,2.1694838870137327
1070,training,0.041266307,0.059071354568004615,0.02435245776798488,13.687299348279627,10.762091979391464,2.194024132236872
1071,training,0,0.0035018473863601685,0.02435245776798488,13.66361254723783,10.794152749024665,2.2186965647219985
1072,training,0.05518682,0.06525936350226404,0.02435245776798488,13.639304760122727,10.825833723370508,2.230923758742389
1073,training,0,0.00906208902597426,0.02435245776798488,13.614755176545748,10.857195804458744,2.2369974952382874
1074,training,0,0.016261111944913857,0.02435245776798488,13.602352768886671,10.87290153294345,2.242650715402684
1075,training,0,0.00816626101732254,0.02435245776798488,13.577293661220741,10.90399220555277,2.2559600120769443
1076,training,0,0.03430056571960448,0.02759976459590271,13.551913286805236,10.934543175276374,2.271534897939768
1077,training,0.06067074,0.07162406668066978,0.02759976459590271,13.512735452654926,10.979789230034285,2.29842141442519
1078,training,0.015042932,0.16249734163284302,0.02759976459590271,13.48590127115592,11.009086660908988,2.327779711224844
1079,training,0.013374476,0.1795177459716797,0.02759976459590271,13.444053690844752,11.051143236434918,2.3831772779229743
1080,training,0.0049881623,0.1705595999956131,0.02759976459590271,13.414679208844566,11.07786976986759,2.423314464137882
1081,training,0.008324873,0.22467331821098924,0.02759976459590271,13.38440357089845,11.103273626010987,2.463038261313169
1082,training,0.0027831502,0.19162396900355816,0.02759976459590271,13.353033024206628,11.127548052798852,2.5038519964514285
1083,training,0.0031978488,0.22106211632490158,0.03178611801469249,13.320582614674732,11.15063349346158,2.5413595582044675
1084,training,0.06797709,0.27692674845457077,0.03178611801469249,13.28757194380653,11.172473335213459,2.5709440518597297
1085,training,0.0055773803,0.23852667957544327,0.03178611801469249,13.236583437338487,11.203581122953144,2.619028420330678
1086,training,0.0064721196,0.343880295753479,0.03178611801469249,13.21933487245672,11.213311581883245,2.6365356797470594
1087,training,0.0076952707,0.33655327558517456,0.03178611801469249,13.184306240060435,11.23181004228148,2.6763219685138955
1088,training,0.0390508,0.24291381984949112,0.03178611801469249,13.112066568072686,11.264529249654124,2.7563656784373416
1089,training,0.009170305,0.14394258335232735,0.08626706007819275,13.075150664953771,11.278667244501886,2.7920581162512654
1090,training,0.012159333,0.1456389352679253,0.08626706007819275,13.03757140336602,11.291935305504294,2.8045692472078017
1091,training,0,0.03853282332420349,0.08626706007819275,13.018658120545767,11.29855045890128,2.8055286079102335
1092,training,0.04502993,0.08028201013803482,0.08626706007819275,12.981217781966615,11.311870303575423,2.7894269128656863
1093,training,0.07097659,0.05164557695388797,0.08626706007819275,12.943696417233951,11.326178501984582,2.7639062274269732
1094,training,0.016906567,0.06834333389997482,0.08626706007819275,12.92503051542948,11.333702184335207,2.753174315700808
1095,training,0.006853874,0.05279403552412987,0.15495671497068184,12.888074159686665,11.349131307589039,2.740391975340513
1096,training,0.008447497,0.14673344418406487,0.15495671497068184,12.851354283178479,11.365012995047898,2.7244050537799294
1097,training,0.0043640565,0.16512834653258324,0.15495671497068184,12.833044444228975,11.373234257846876,2.7138868804767475
1098,training,0.0018361286,0.13283254206180573,0.15495671497068184,12.796719806329293,11.390259051707925,2.6926540014326976
1099,training,0.0042742724,0.20960989594459534,0.15495671497068184,12.760910837730576,11.407952118610837,2.6750168424731617
1100,training,0.010146769,0.1615363024175167,0.15495671497068184,12.707512960583202,11.43545587981554,2.654512251031498
1101,training,0,0.0416717752814293,0.16524020887462706,12.68980117473945,11.444929320805977,2.646120314950092
1102,training,0.0064779,0.1280144825577736,0.16524020887462706,12.619725174085405,11.483213055201954,2.6462739120114245
1103,training,0,0.02951236255466938,0.16524020887462706,12.602077611928364,11.492746832769011,2.6446273402380496
1104,training,0,0.021717973053455353,0.16524020887462706,12.584627542564558,11.50224705579844,2.642027874385571
1105,training,0.0077341814,0.11104491353034973,0.16524020887462706,12.514290689641754,11.540012858371448,2.6566172345137513
1106,training,0,0.01113830879330635,0.11958796633121646,12.478936271188532,11.558621148148978,2.653428836047256
1107,training,0,0.0033484138548374176,0.11958796633121646,12.461318851013136,11.568004724158827,2.6524157847936096
1108,training,0,0.03548910841345787,0.11958796633121646,12.443702382721156,11.57732536097982,2.6579538124698416
1109,training,0,0.023793809115886685,0.11958796633121646,12.408270476685223,11.595596659641005,2.6738459938213075
1110,training,0,0.004009654745459557,0.11958796633121646,12.372565349498661,11.61338072004678,2.6822889725738404
1111,training,0.01914899,0.06070020608603954,0.11958796633121646,12.336709949738955,11.63097664233032,2.6884732765371826
1112,training,0,0.033357173204422,0.11958796633121646,12.300944898799191,11.648187505541063,2.7001160067947763
1113,training,0.007116213,0.0503305047750473,0.05878825435958748,12.264777988293021,11.664859993258604,2.719590387112961
1114,training,0,0.010269984602928162,0.05878825435958748,12.228376188902052,11.680699340455089,2.742796646869918
1115,training,0,0.02931300923228264,0.05878825435958748,12.191470659116888,11.695789736492799,2.763431415733428
1116,training,0,0.005587480962276445,0.05878825435958748,12.172953675792492,11.703053966487996,2.7709881827301297
1117,training,0,0.025681875646114363,0.05878825435958748,12.135814389226196,11.717207716644625,2.782953164883401
1118,training,0.0016258827,0.1077871136367321,0.05878825435958748,12.098353968299735,11.7309980595102,2.7952458848698973
1119,training,0.012473743,0.1043143649585545,0.038204157583636794,12.060590243310815,11.744273376747504,2.8146596242632813
1120,training,0.006175154,0.12076263781636955,0.038204157583636794,12.003764398728311,11.762840408419658,2.827855359326274
1121,training,0.011242404,0.13840310275554657,0.038204157583636794,11.984656727619884,11.76905482424524,2.826141258465594
1122,training,0.01008333,0.11814196780323982,0.038204157583636794,11.927803274303058,11.787822022128069,2.817622826219008
1123,training,0.0044008717,0.19370564818382263,0.038204157583636794,11.889795418775043,11.800765463790405,2.808449871219787
1124,training,0.0052417084,0.19810938090085986,0.038204157583636794,11.852128973680971,11.81404516741555,2.794409258278137
1125,training,0.009589753,0.14832088723778725,0.012717363886627246,11.814592482723512,11.827952072490145,2.779209048261575
1126,training,0.0058285366,0.14770487835630774,0.012717363886627246,11.777148704731387,11.842296926272219,2.773477139403607
1127,training,0.055892877,0.1653033159673214,0.012717363886627246,11.758532958047498,11.849472804477747,2.7738423463327857
1128,training,0.016405312,0.15576963964849708,0.012717363886627246,11.702642052074705,11.87096344590335,2.7759850117657527
1129,training,0.010481256,0.1548329126089811,0.012717363886627246,11.66529322904491,11.885145959312329,2.781484953522327
1130,training,0.0084491195,0.13990359380841255,0.012717363886627246,11.628041696861295,11.899079144379629,2.785966475979084
1131,training,0.073923595,0.11284271255135536,0.05447773948036627,11.590450367241049,11.912923943221074,2.791925364829509
1132,training,0.066837735,0.09630328416824344,0.05447773948036627,11.553070136138848,11.926373621320248,2.800114225508659
1133,training,0.003611843,0.16569638252258304,0.05447773948036627,11.515402275897245,11.939498488888619,2.813838735389002
1134,training,0.029690135,0.08182673156261441,0.05447773948036627,11.477443875110158,11.952032568407644,2.8329084929332
1135,training,0.0059940196,0.08269709348678589,0.05447773948036627,11.439522756440732,11.963753425618629,2.850028312244467
1136,training,0.016492706,0.05238350480794904,0.05447773948036627,11.40111125352677,11.974946045860339,2.8662558581815505
1137,training,0.013885878,0.06857846677303311,0.1072511416289763,11.36269194981021,11.985480132257948,2.882042296978148
1138,training,0,0.04516560211777687,0.1072511416289763,11.324130463945094,11.995304145920219,2.9059168037653227
1139,training,0,0.04692817851901056,0.1072511416289763,11.30465951392934,11.999855140918381,2.917459861432799
1140,training,0,0.04107669368386267,0.1072511416289763,11.265731633496129,12.008337556171439,2.936720168060553
1141,training,0.009968389,0.07020019087940454,0.1072511416289763,11.18738871002659,12.023272093787742,2.967351160771998
1142,training,0.006961422,0.19266421347856522,0.1072511416289763,11.128479882080544,12.032945325101167,2.99123084888226
1143,training,0.011130115,0.24153531342744827,0.12126663153276514,11.088982132015383,12.038612672514203,3.006184975004946
1144,training,0.007208155,0.2147277481853962,0.12126663153276514,11.049476829002224,12.043708987775661,3.019668411690347
1145,training,0.020326883,0.11234161630272865,0.12126663153276514,10.970208829084076,12.052494715072894,3.0402895761084263
1146,training,0.012062861,0.10546062514185905,0.12126663153276514,10.89075696029728,12.060122055446435,3.0476705275084663
1147,training,0.047201164,0.12733615189790726,0.05633731287732974,10.850949160153464,12.063855435870368,3.0482941333440996
1148,training,0.003949266,0.0927923209965229,0.05633731287732974,10.791307368116215,12.069278957402258,3.0531068183195065
1149,training,0.007218795,0.08527282997965813,0.05633731287732974,10.73157075011232,12.074772818026057,3.042948250212979
1150,training,0.0057503963,0.05081632360816002,0.05633731287732974,10.691718861288889,12.078875417547748,3.0351410416635756
1151,training,0,0.028131537139415755,0.037593058101304935,10.651975087371303,12.0833446982124,3.023346434100358
1152,training,0,0.04698077216744423,0.037593058101304935,10.632174566566835,12.085771444783049,3.014519800166209
1153,training,0.025998468,0.05066967755556106,0.037593058101304935,10.592377323094269,12.09125215520138,2.9948634033247377
1154,training,0.0042441986,0.0844376552850008,0.037593058101304935,10.572569766590618,12.094282943091724,2.9836859788511383
1155,training,0.005189721,0.06842116266489029,0.037593058101304935,10.533097905530987,12.101010270315761,2.962073426711956
1156,training,0,0.047246819362044334,0.037593058101304935,10.493665182926541,12.108573895182735,2.9433312514327357
1157,training,0,0.0158008192665875,0.037593058101304935,10.47396563520642,12.11258399929442,2.9390660571387595
1158,training,0,0.030115736648440368,0.041436872119009135,10.43487730527716,12.120724274533732,2.93461255794385
1159,training,0,0.03869840689003467,0.041436872119009135,10.395746803769955,12.12893958246526,2.9352756016599995
1160,training,0,0.04467870807275176,0.041436872119009135,10.356544957056288,12.137104468890648,2.9368175739506177
1161,training,0,0.00876564159989357,0.041436872119009135,10.317517014549145,12.145158790785993,2.9388072925603232
1162,training,0,0.013838931452482939,0.041436872119009135,10.278252326863115,12.153192778787618,2.940681178908631
1163,training,0.008437006,0.0508228219114244,0.041436872119009135,10.21959448446344,12.165117724329882,2.9415136254250354
1164,training,0,0.010185960680246353,0.053203229999639653,10.199994079227572,12.169081020579702,2.9429807235324397
1165,training,0,0.0005941800773143768,0.053203229999639653,10.160734020229112,12.176857691225512,2.9507010611236497
1166,training,0,0.018705695867538452,0.053203229999639653,10.121619594194028,12.18419524278954,2.960901932113285
1167,training,0,0.01709327334538102,0.053203229999639653,10.082246358392032,12.191220341308444,2.968688836473839
1168,training,0,0.01869297120720148,0.053203229999639653,10.042851232047434,12.198024192520842,2.971025892804841
1169,training,0,0.002785845659673214,0.053203229999639653,10.00353476700395,12.204744922708821,2.973183719443465
1170,training,0,0.003542773891240358,0.053203229999639653,9.964055349055535,12.211427915558087,2.973657726952082
1171,training,0,0.0009119198657572269,0.0065294030275894815,9.9247224823183,12.218108371907014,2.973021411163412
1172,training,0,0.0050194826908409595,0.0065294030275894815,9.885297500691339,12.224795021026447,2.97396561033188
1173,training,0,0.02855896856635809,0.0065294030275894815,9.845876507168427,12.231467625242027,2.973097616449989
1174,training,0,0.026418079622089863,0.0065294030275894815,9.806552903782672,12.238147333120827,2.9732569990196747
1175,training,0,0.01767810340970755,0.0065294030275894815,9.767049897303247,12.244846143072397,2.973722504587285
1176,training,0,0.03862851019948721,0.0065294030275894815,9.727708531819433,12.25154494536077,2.972026818546577
1177,training,0,0.018726537935435772,0.004672855393772084,9.688333660012743,12.258260316600985,2.973232315042863
1178,training,0,0.003387449774891137,0.004672855393772084,9.648892925550422,12.264955894818478,2.9726108114498073
1179,training,0.013964548,0.09615621622651815,0.004672855393772084,9.589851229480969,12.275057692066069,2.9716453471725655
1180,training,0.004356266,0.08441852591931819,0.004672855393772084,9.570091853389647,12.278442765835285,2.972375350905902
1181,training,0.0026184297,0.07189534232020377,0.004672855393772084,9.530699110372478,12.285225915952141,2.9669474182631235
1182,training,0.013942964,0.05147576704621315,0.036401218807257135,9.451921709762285,12.299943508893055,2.9450024191201796
1183,training,0.0072122165,0.1952936388552189,0.036401218807257135,9.412788627872647,12.307964678879133,2.935237087916846
1184,training,0.02388818,0.22478880733251566,0.036401218807257135,9.39324675309646,12.312058752323217,2.9357825726691313
1185,training,0.0045527034,0.24575192295014858,0.036401218807257135,9.353984655194335,12.320187316503729,2.9390025548273386
1186,training,0.02428331,0.18939560884609816,0.036401218807257135,9.334420877295107,12.324197958720193,2.938704432080789
1187,training,0.0023152463,0.19121207669377327,0.036401218807257135,9.295367720952159,12.332215937745415,2.939342785218421
1188,training,0.009178345,0.18988488987088203,0.0640971963527033,9.256090145221222,12.340251040286333,2.9403130027559623
1189,training,0.0046882094,0.2140496410429478,0.0640971963527033,9.217002727952682,12.348208872377256,2.941510573181608
1190,training,0.024555234,0.22955252230167386,0.0640971963527033,9.177847651610367,12.356074337061335,2.9452212984297135
1191,training,0.059949353,0.22893787547945973,0.0640971963527033,9.138575720455972,12.363821749955461,2.9477776470287065
1192,training,0.004788464,0.23040172085165977,0.0640971963527033,9.099463337813669,12.371407165904007,2.9525029599374752
1193,training,0.03030632,0.24988573417067533,0.0640971963527033,9.060130425023896,12.378800392681368,2.9597093254667297
1194,training,0.0147089325,0.244660995900631,0.11029996354740661,9.02087493101165,12.38588275229211,2.9665580032849346
1195,training,0.0076804156,0.22183038294315338,0.11029996354740661,8.981705655488932,12.39237409752969,2.999970393546628
1196,training,0.007254144,0.2758915349841118,0.11029996354740661,8.942427415030352,12.396876141868523,3.053347342212418
1197,training,0.013609948,0.2903720587491989,0.11029996354740661,8.902828525483006,12.399395008040656,3.1018356664079376
1198,training,0.018875241,0.19521700218319896,0.11029996354740661,8.863323511426106,12.400054192023335,-3.137875381233176
1199,training,0.0026601204,0.13295229896903038,0.12764923448239124,8.803703518986183,12.398356360174935,-3.091930876405724
1200,training,0.0088940775,0.13983618468046188,0.12764923448239124,8.74417882467372,12.394471801081394,-3.064114471136673
1201,training,0.005537098,0.13595185056328773,0.12764923448239124,8.724300681867211,12.392857563361156,-3.057469934542983
1202,training,0.0035774468,0.11242924444377422,0.12764923448239124,8.684350392200981,12.389283299514185,-3.0476298700599918
1203,training,0.007544577,0.17498350143432617,0.12764923448239124,8.62489866753286,12.38338433866164,-3.0390184518618724
1204,training,0.039284494,0.16296761482954025,0.12764923448239124,8.585081099732035,12.378992791200007,-3.0220941736227536
1205,training,0.023105394,0.17779706791043282,0.11063193504957451,8.545645149202947,12.373929305817915,-3.005719314877825
1206,training,0.007996978,0.16497082635760307,0.11063193504957451,8.506137100408528,12.36825862614534,-2.9935194043997058
1207,training,0.0029790273,0.09861971531063318,0.11063193504957451,8.446855642684303,12.35912303874628,-2.986098546823365
1208,training,0.031779647,0.05327001865953207,0.11063193504957451,8.40737902209405,12.3528957749578,-2.9854386352982787
1209,training,0,0.041310856118798256,0.11063193504957451,8.367743220760428,12.346690074989809,-2.9875886648557772
1210,training,0,0.03360641933977604,0.07849867095310517,8.348117908948657,12.343646842631218,-2.9887209019442382
1211,training,0,0.026261361315846443,0.07849867095310517,8.328406601519642,12.340624280533774,-2.9904047291754816
1212,training,0,0.025556655600667,0.07849867095310517,8.308610428953836,12.337625894004335,-2.9924306449696436
1213,training,0,0.02479959093034267,0.07849867095310517,8.268868371751786,12.331758444279554,-2.9980032115486743
1214,training,0,0.03372719697654247,0.07849867095310517,8.229432813186115,12.326153798448502,-3.0029241920888694
1215,training,0,0.030931303277611736,0.07849867095310517,8.189718420686033,12.320690311730747,-3.00685318114731
1216,training,0,0.024363745003938675,0.07849867095310517,8.150039059195452,12.315406079558622,-3.011708212884694
1217,training,0.0025782867,0.07473937748000026,0.07849867095310517,8.110426190822942,12.31035701817704,-3.018236952469943
1218,training,0.023675274,0.08230960182845592,0.04719866028633583,8.031019957804025,12.300655653392688,-3.018782739601146
1219,training,0.008360516,0.08721715211868286,0.04719866028633583,7.951117827048633,12.291556761898612,-3.0503503925542765
1220,training,0.014722649,0.12104374170303345,0.04719866028633583,7.911220747954875,12.288408471202853,-3.0755151544707
1221,training,0.010493984,0.0948887262493372,0.04719866028633583,7.870968523490519,12.286231691245334,-3.098725853367763
1222,training,0.0048312815,0.09908074885606766,0.022308405069440165,7.81099681387022,12.28445692209461,-3.1234164723083175
1223,training,0.0068600653,0.1507110297679901,0.022308405069440165,7.750798127363599,12.28399908648365,3.1392050112572454
1224,training,0.01732289,0.2013518624007702,0.022308405069440165,7.690664050027241,12.284932262614948,3.1082861281853864
1225,training,0.013454212,0.1490454263985157,0.026613588286207298,7.630524390446071,12.288105229441511,3.068313468179753
1226,training,0.009212108,0.07585963513702154,0.026613588286207298,7.570690828642278,12.293460162000272,3.040480760048124
1227,training,0.018680545,0.061584278941154466,0.026613588286207298,7.530915135424158,12.297585288962209,3.0395921729691278
1228,training,0.004044615,0.0774155929684639,0.026613588286207298,7.491357502524455,12.301533897578691,3.0453620218797655
1229,training,0.009684786,0.09180756285786629,0.026613588286207298,7.451594172977151,12.305187794929587,3.0543527548945444
1230,training,0.007163569,0.1089184507727623,0.05204545909952157,7.431706454127043,12.306881805423412,3.0589163681195153
1231,training,0.007147724,0.11156341433525085,0.05204545909952157,7.391979325986057,12.31006124720147,3.0626024604807456
1232,training,0.00548591,0.13561357092112303,0.05204545909952157,7.352090609811888,12.313198520854497,3.062813087818904
1233,training,0.012801496,0.14076444506645203,0.05204545909952157,7.312237771518218,12.316374743316736,3.0599323774009197
1234,training,0.014281021,0.14478919282555583,0.05204545909952157,7.292372462980764,12.318031562958465,3.0564780120278088
1235,training,0.008327741,0.15119308046996593,0.05204545909952157,7.252484558680938,12.321543942661002,3.0517723526802882
1236,training,0.00781464,0.1715309778228402,0.05204545909952157,7.212646971532621,12.325167952114075,3.0497652924005183
1237,training,0.004865876,0.16534564737230542,0.05204545909952157,7.172915298804275,12.328887120016475,3.0466744474373355
1238,training,0.015667731,0.17567735072225332,0.08012488401874159,7.133109622316934,12.332683657919642,3.0467360995132324
1239,training,0.0021042721,0.1704378742724657,0.08012488401874159,7.113193505596918,12.334567691186322,3.0478620021842238
1240,training,0.06002062,0.18325590807944533,0.08012488401874159,7.073489209025629,12.338276850528459,3.0488644749348692
1241,training,0.0018392329,0.17666655033826828,0.08012488401874159,7.033691302658645,12.341903475374561,3.0531028313360844
1242,training,0.0023348844,0.1714407857507467,0.08012488401874159,6.993980305527572,12.34529953892009,3.0585286804728438
1243,training,0.00875937,0.16900132596492767,0.08012488401874159,6.9541393956030495,12.348500152150676,3.0643266806012903
1244,training,0.038721934,0.16580850630998614,0.10733163965803522,6.914322956446089,12.351427931622196,3.072219661436996
1245,training,0.0026300314,0.30794053524732584,0.10733163965803522,6.875295595302694,12.35366517598427,3.1010346338649417
1246,training,0.011074219,0.22510036081075668,0.10733163965803522,6.835651486684282,12.35420322285552,-3.124879755366333
1247,training,0.09819707,0.25962965190410614,0.10733163965803522,6.796307769459406,12.352665679398235,-3.0859415899470033
1248,training,0.0075536566,0.32948917150497437,0.10733163965803522,6.756629262921101,12.349911915610438,-3.059418820529878
1249,training,0.009885949,0.2879975885152817,0.10733163965803522,6.716930080391361,12.34597569899906,-3.0244743274726353
1250,training,0.020946318,0.22660591453313828,0.1088078009754351,6.67768912664353,12.340743795555497,-2.994509064884286
1251,training,0.0076985476,0.16042866557836533,0.1088078009754351,6.618568181515795,12.331030115342646,-2.9660872269671144
1252,training,0.02496291,0.08073130075354129,0.1088078009754351,6.559985061682499,12.320030044785996,-2.9487975513123095
1253,training,0,0.010551992803812027,0.1088078009754351,6.540319235379036,12.316154254367898,-2.946336230225915
1254,training,0,0.00812770426273346,0.1088078009754351,6.50107054297261,12.308446158015402,-2.950741737769244
1255,training,0,0.007672019302845001,0.07694879580295724,6.481527933726276,12.30469205667122,-2.953311945599386
1256,training,0,0.030679140239953995,0.07694879580295724,6.442136144001618,12.297301022105895,-2.9594399070769484
1257,training,0.004060591,0.06386430934071541,0.07694879580295724,6.402765347895135,12.290088630671725,-2.961055047321582
1258,training,0,0.0020158179104328156,0.07694879580295724,6.363609139131169,12.282880776208863,-2.957153802239838
1259,training,0,0.01662563905119896,0.07694879580295724,6.324231983870541,12.275448567244178,-2.954688849158688
1260,training,0,0.0326944962143898,0.07694879580295724,6.30459515798219,12.271736889232072,-2.9543246142415667
1261,training,0,0.013358269818127155,0.07694879580295724,6.265527992073833,12.26420579860312,-2.947839637635654
1262,training,0,0.0011374037712812424,0.04436206377925755,6.226259318605088,12.256370360648926,-2.9427691067105313
1263,training,0,0.0003613312728703022,0.04436206377925755,6.187181872613501,12.248470591998988,-2.941914313419538
1264,training,0,0.002334322314709425,0.04436206377925755,6.148017679545404,12.240530057485865,-2.9415764301455107
1265,training,0,0.04004020057618618,0.04436206377925755,6.1087525130154985,12.232580979950841,-2.9429475457710033
1266,training,0,0.03114380873739719,0.04436206377925755,6.069695740913966,12.224732278085916,-2.943879485979249
1267,training,0,0.026873265393078327,0.04436206377925755,6.030403351864519,12.216886400456875,-2.945474506270565
1268,training,0.014046254,0.06010864675045013,0.014113780540537621,5.971652330973622,12.205338337332535,-2.949205222854852
1269,training,0,0.045879609882831573,0.014113780540537621,5.952023548083484,12.201522973967213,-2.950286318242216
1270,training,0,0.037870120257139206,0.014113780540537621,5.912640480517389,12.193948191165346,-2.953576062014858
1271,training,0.0129081765,0.057769279927015305,0.014113780540537621,5.85382255265851,12.182898462373391,-2.9580366542233736
1272,training,0.018030286,0.0812685564160347,0.014113780540537621,5.794678173083848,12.172098150511937,-2.9649414607994267
1273,training,0.013104392,0.17415066808462143,0.008274411303644987,5.735658005631252,12.16194554932771,-2.9790072352785817
1274,training,0.020290066,0.15679194778203964,0.008274411303644987,5.695944009826175,12.155749450585157,-2.9969423598583043
1275,training,0.0060824906,0.08387286774814127,0.008274411303644987,5.65642765328461,12.150286558286124,-3.009763724773334
1276,training,0,0.03473407402634621,0.008274411303644987,5.616619116021053,12.145140694802908,-3.0131719197333995
1277,training,0,0.027207229286432266,0.008274411303644987,5.596793495522523,12.142571796406626,-3.0106570530393166
1278,training,0,0.030397873371839523,0.008274411303644987,5.557493715291074,12.137149787974929,-2.9988225859621656
1279,training,0,0.008970621973276138,0.030737674650092167,5.537731813146046,12.134250684007338,-2.9931441562089276
1280,training,0,0.008826058357954025,0.030737674650092167,5.498135793493057,12.128139783818666,-2.984087409525805
1281,training,0,0.028880182653665543,0.030737674650092167,5.478548952543343,12.124981196085077,-2.9798069699773007
1282,training,0.007996479,0.06312019005417824,0.030737674650092167,5.419469893627976,12.115000489803418,-2.969393214857026
1283,training,0.014097333,0.05137892905622719,0.030737674650092167,5.380140900710153,12.108055647567816,-2.964510805264286
1284,training,0.02792943,0.08232076466083527,0.030737674650092167,5.321227155008822,12.097297055164596,-2.9594466971812743
1285,training,0.0075576543,0.12120566517114639,0.05098887410725046,5.28174756511602,12.090187887441386,-2.96873631471874
1286,training,0.014476968,0.12834214605391026,0.05098887410725046,5.222481323799446,12.080519580789947,-2.993504532659225
1287,training,0.019691594,0.08141548186540604,0.05098887410725046,5.182628974967283,12.07499584276948,-3.015075865982512
1288,training,0,0.017728639766573906,0.05098887410725046,5.162849312287526,12.072579978170484,-3.023261124558091
1289,training,0,0.018301812931895256,0.05098887410725046,5.14301992730811,12.07025353114042,-3.024930769591126
1290,training,0.038332336,0.10443364083766937,0.05098887410725046,5.1032009385562755,12.065504327603378,-3.0200018191324913
1291,training,0.011255468,0.09757938235998154,0.05098887410725046,5.063643914831782,12.060539175203871,-3.012260515405191
1292,training,0,0.036172896623611436,0.06354241757492783,5.0241495497797635,12.055149430950584,-2.998846831527404
1293,training,0,0.010313533246517181,0.06354241757492783,4.984552196674997,12.049188146998981,-2.985039362183562
1294,training,0,0.018387772142887122,0.06354241757492783,4.964986075200643,12.04602145730262,-2.9778252872084208
1295,training,0.016109679,0.05840860866010189,0.06354241757492783,4.906063074506997,12.035609151526709,-2.9555054182333134
1296,training,0,0.033779244869947433,0.06354241757492783,4.866923750174857,12.027955938684604,-2.941029894795673
1297,training,0,0.04356738552451134,0.06354241757492783,4.847511410047526,12.023918397182623,-2.932888591194185
1298,training,0.008324867,0.05097681542974897,0.057303862332009556,4.789030427018549,12.010940908349784,-2.914996650882057
1299,training,0,0.005483485758304596,0.057303862332009556,4.769588324158975,12.006409718675554,-2.910791302371246
1300,training,0,0.01721788290888071,0.057303862332009556,4.730875231785085,11.997125270791207,-2.9023891074711248
1301,training,0,0.020779117941856384,0.057303862332009556,4.692066556451165,11.987527960122677,-2.896742107153099
1302,training,0,0.006574790924787521,0.057303862332009556,4.653393054576685,11.9777726136937,-2.892046578212415
1303,training,0,0.0013451706618070637,0.057303862332009556,4.614729675540873,11.967793340227827,-2.885732928030886
1304,training,0,0.03492441400885581,0.02447388973488289,4.576112192234695,11.95758655721325,-2.881290692526986
1305,training,0.010448926,0.06821892410516739,0.02447388973488289,4.518355027367796,11.941929217443336,-2.8721613631069194
1306,training,0.011116657,0.07534505799412729,0.02447388973488289,4.479874590923342,11.93121229293503,-2.868908372911249
1307,training,0.0066165626,0.08494014292955399,0.02447388973488289,4.441481059850482,11.920404989633193,-2.8655598067193035
1308,training,0.006850591,0.05538224801421167,0.02447388973488289,4.403111694747482,11.909412529663097,-2.8583121073371847
1309,training,0.024760138,0.06471236795186996,0.02447388973488289,4.364846508311948,11.898046415565174,-2.846564816055054
1310,training,0,0.03362030535936357,0.019206908755838376,4.345823587719736,11.892181604268902,-2.838454617206352
1311,training,0,0.019057177007198334,0.019206908755838376,4.307941458945365,11.879947513749768,-2.820613989282104
1312,training,0.004065086,0.05431000143289566,0.019206908755838376,4.27020067760432,11.867074377829924,-2.8055555711862534
1313,training,0.0073600835,0.057620614767074585,0.019206908755838376,4.214033082216617,11.846652702903311,-2.779643202780496
1314,training,0,0.04716677963733673,0.019206908755838376,4.195473574555146,11.839535066557358,-2.7714465074237493
1315,training,0.017591655,0.0594920888543129,0.019206908755838376,4.158313323054782,11.82477675325714,-2.7557049415946846
1316,training,0,0.04835227131843567,0.05076703484767893,4.1215531920172275,11.809494204114786,-2.7397699873236343
1317,training,0.0055387495,0.07925599813461304,0.05076703484767893,4.085013027773529,11.7936647026458,-2.7262680973586315
1318,training,0.0020491844,0.06417944282293318,0.05076703484767893,4.04843059516631,11.77727673141071,-2.71399439290185
1319,training,0.04186118,0.10658219829201698,0.05076703484767893,3.9943354084603917,11.752067248110942,-2.698267621847228
1320,training,0.007521896,0.1195835433900356,0.05076703484767893,3.9581633711775486,11.73472662444326,-2.690201015054445
1321,training,0.0058775293,0.13447533547878265,0.05076703484767893,3.92243658715034,11.717248046022005,-2.6834432613083137
1322,training,0.007871136,0.15971736982464793,0.007839162443410756,3.8866172519311335,11.69946786811903,-2.678431221314024
1323,training,0.0071507753,0.17722029983997345,0.007839162443410756,3.8508384183645963,11.681535123522671,-2.6750277915718637
1324,training,0.0043889326,0.16742954403162003,0.007839162443410756,3.8153007845416322,11.663550297864926,-2.671242696829255
1325,training,0.006861378,0.14553550258278847,0.007839162443410756,3.779583317811915,11.645309236820916,-2.6674010769400227
1326,training,0.0014577208,0.21413309965282679,0.007839162443410756,3.744151250967075,11.627051037651874,-2.6640937448937643
1327,training,0.005200194,0.20859560556709766,0.007839162443410756,3.7086982621898312,11.608641450270913,-2.661580154733805
1328,training,0.0034623062,0.19259299337863922,0.017342376994008778,3.6731440271380293,11.59007327133612,-2.6582638784870065
1329,training,0.0045610275,0.15046022832393646,0.017342376994008778,3.6380257766381745,11.571476979731099,-2.6503414979882107
1330,training,0.007726521,0.15234237164258957,0.017342376994008778,3.60284288620925,11.552418909113998,-2.6391207489317714
1331,training,0.0024465472,0.08983608335256577,0.017342376994008778,3.5680158642137556,11.533005841552997,-2.62570952386891
1332,training,0.0049620806,0.19645195454359055,0.017342376994008778,3.5335916280944146,11.5130922455606,-2.608354108223315
1333,training,0.007326866,0.12425141036510468,0.017342376994008778,3.4993391163748186,11.49248770985151,-2.5921289391153
1334,training,0.018979372,0.07762018591165543,0.05740431577145713,3.465629079634257,11.47148967186586,-2.5776124227660118
1335,training,0.0053050173,0.06557285785675046,0.05740431577145713,3.4320567015719385,11.449919627147194,-2.562842153741286
1336,training,0,0.008550427854061127,0.05740431577145713,3.39881278414689,11.427865307316463,-2.5492778736332533
1337,training,0.017035611,0.08372867852449417,0.05740431577145713,3.3660265117914743,11.405294092298922,-2.5267645041113367
1338,training,0.016194899,0.0959561374038458,0.05740431577145713,3.333683421947835,11.38201822235401,-2.512507424693973
1339,training,0.0033860798,0.09115844406187536,0.05740431577145713,3.3014461699440862,11.35841624306784,-2.50921516654222
1340,training,0,0.03378855809569359,0.05740431577145713,3.2692412766937644,11.334799152903132,-2.509786065417465
1341,training,0,0.011078909621573985,0.09505657559988034,3.253144722837767,11.323035372165046,-2.5118075537351934
1342,training,0,0.034388329833745956,0.09505657559988034,3.220783934493935,11.299507138336732,-2.5143300026718265
1343,training,0,0.03383288253098726,0.09505657559988034,3.1884839812961236,11.276074900741481,-2.5130776051286197
1344,training,0.004725207,0.11911881715059279,0.09505657559988034,3.1401007531969163,11.240768468428444,-2.508867945785578
1345,training,0.0077493577,0.07613782770931721,0.09505657559988034,3.1080789293087006,11.217049474041236,-2.4978062541285264
1346,training,0.0035679005,0.11067794263362885,0.09505657559988034,3.0763048450556183,11.192932000063962,-2.488301318762022
1347,training,0.008181479,0.05071246437728406,0.09505657559988034,3.028936560726756,11.156267607245436,-2.4781983972952184
1348,training,0.036339037,0.16848043352365494,0.13392170636119194,2.9975557070211285,11.131633348832949,-2.4754548240696455
1349,training,0.008169246,0.16185454279184341,0.13392170636119194,2.9499292447065026,11.094965158907902,-2.502230067715898
1350,training,0.009524797,0.30933260172605515,0.13392170636119194,2.9175121577110255,11.07135045670685,-2.5211516475810707
1351,training,0.026514845,0.3408990055322647,0.13392170636119194,2.884599666694992,11.048417802931038,-2.545432568908264
1352,training,0.008696919,0.2842727601528168,0.13392170636119194,2.86794502870205,11.03726536837742,-2.5584314541528657
1353,training,0.014012342,0.21791622787714005,0.13392170636119194,2.8168059854695664,11.005127716708882,-2.6034253751851852
1354,training,0.008978963,0.13407587260007858,0.10594798708663465,2.7821867386795445,10.98499839427182,-2.6253037306667024
1355,training,0,0.0007241442799568246,0.10594798708663465,2.7647005021918085,10.975157299418882,-2.6322498261372234
1356,training,0,0.0339684821665287,0.10594798708663465,2.7471064337937596,10.965395634677424,-2.637529584648172
1357,training,0,0.03030908107757568,0.10594798708663465,2.7120644060010104,10.94621927509172,-2.6432702797639243
1358,training,0.0079810675,0.05196326971054077,0.10594798708663465,2.6592495288645717,10.917682369387416,-2.649445860434232
1359,training,0.013964775,0.09890526533126831,0.10594798708663465,2.624017192499706,10.898818077715902,-2.6501388708379454
1360,training,0.0048452383,0.06268756836652756,0.05751572680608745,2.571330762594974,10.870341187455095,-2.6387070765662437
1361,training,0.048301727,0.08255573734641075,0.05751572680608745,2.536469246102295,10.85091663536679,-2.626441558224491
1362,training,0.011765,0.05235102400183676,0.05751572680608745,2.5021071691845416,10.831038349167178,-2.605791071695273
1363,training,0.0071812365,0.07500667124986649,0.05751572680608745,2.467986687906294,10.81027998083567,-2.5848675842402145
1364,training,0,0.03431123495101929,0.05751572680608745,2.451174081687352,10.799679685362445,-2.5722108092645057
1365,training,0,0.026858493685722323,0.05751572680608745,2.4345887012254788,10.788883099312175,-2.557389378511317
1366,training,0.015505855,0.06511487066745758,0.05751572680608745,2.4017830418422093,10.766497274502553,-2.5258206196734134
1367,training,0.004204958,0.05725295096635821,0.02023599324175273,2.369643110830516,10.743022791395285,-2.5025267783818466
1368,training,0.0040635555,0.0829477459192276,0.02023599324175273,2.3379355048928527,10.718969898645142,-2.481611282352254
1369,training,0.05408596,0.0695090964436531,0.02023599324175273,2.306839813427537,10.694238981024457,-2.4582469416724475
1370,training,0.009596245,0.09436922520399094,0.02023599324175273,2.2762460610170843,10.668727799919973,-2.434245355430538
1371,training,0,0.038449630141258226,0.02023599324175273,2.2463360143972873,10.642507491602665,-2.4102073657539136
1372,training,0.0033482786,0.061458125710487366,0.02023599324175273,2.2172256467178455,10.615697104355789,-2.3837185110965993
1373,training,0.002469953,0.11343954503536224,0.02023599324175273,2.188632702919714,10.587850624881943,-2.3542650237341163
1374,training,0.009924727,0.06806597858667374,0.09525896451182753,2.1746863135943157,10.573656216887414,-2.339293879239889
1375,training,0.039540436,0.08252674341201785,0.09525896451182753,2.1341567271730124,10.530033931706654,-2.3018029516827614
1376,training,0.005027553,0.15479996800422668,0.09525896451182753,2.107762377411388,10.499992241606522,-2.2808603006276944
1377,training,0.010239536,0.1494177803397178,0.09525896451182753,2.0822177223099114,10.469667227167136,-2.2616686736462257
1378,training,0.025953263,0.14140703529119492,0.09525896451182753,2.057094233943312,10.438636103155465,-2.2407869926891415
1379,training,0.008924242,0.08201749622821808,0.09525896451182753,2.032727254686696,10.407202379824692,-2.219171457501524
1380,training,0.0074163172,0.08420301973819727,0.09525896451182753,2.00920895552789,10.37525041455291,-2.1902404869715477
1381,training,0,0.04077821969985962,0.07980260799232264,1.9867285779254231,10.342556614764343,-2.156228935051648
1382,training,0,0.045611783862113925,0.07980260799232264,1.975902899733669,10.325906834793317,-2.13776397773533
1383,training,0,0.03257586061954501,0.07980260799232264,1.9552784656442108,10.292048390219332,-2.0975259610745765
1384,training,0,0.01814669370651245,0.07980260799232264,1.93610178780168,10.257505696568465,-2.0582726763144694
1385,training,0,0.011157602071762085,0.07980260799232264,1.918186496923429,10.222015847930008,-2.0171433749886885
1386,training,0,0.04739372432231906,0.07980260799232264,1.9018017744848394,10.185877749957282,-1.977327189106301
1387,training,0.007684068,0.08697783201932904,0.020880881377477404,1.8794585906303258,10.130564159824738,-1.935722331451554
1388,training,0.022950584,0.06857375800609589,0.020880881377477404,1.8655817292605685,10.093154375978585,-1.917312516967504
1389,training,0,0.003959245979785919,0.020880881377477404,1.8524544652852222,10.055651109740122,-1.8969173921581246
1390,training,0,0.002782076597213745,0.020880881377477404,1.8461684336356312,10.036701007811372,-1.8849261220101832
1391,training,0,0.01593245565891266,0.020880881377477404,1.8343170537516715,9.998695615119022,-1.8609212506812098
1392,training,0.0053055403,0.060598134994506836,0.020880881377477404,1.8235102087157864,9.960537160746917,-1.8318801486014626
1393,training,0.005896693,0.10501399636268614,0.034562592289604635,1.8139036912485063,9.922201263773484,-1.799571235725298
1394,training,0.0031635258,0.12559399008750916,0.034562592289604635,1.802251687571135,9.863871073928681,-1.7335383771991857
1395,training,0.008962362,0.13730820268392563,0.034562592289604635,1.7946852850491204,9.805134929173853,-1.6650885922213297
1396,training,0.0083626695,0.14631355833262205,0.034562592289604635,1.7917212102534326,9.765376107809226,-1.6254963556016737
1397,training,0.032072995,0.14691507071256638,0.03437390399058853,1.7898333555603279,9.705950336036084,-1.5843151624120655
1398,training,0.039403252,0.128926333039999,0.03437390399058853,1.7896462094448489,9.665909256281394,-1.566612547345519
1399,training,0.0041726227,0.1778489202260971,0.03437390399058853,1.7901029753922346,9.626154272336734,-1.5534563507875834
1400,training,0.0014730319,0.174259964376688,0.03437390399058853,1.7910223540741796,9.58624224045558,-1.5421342771988749
1401,training,0.0021641403,0.20571288466453552,0.03437390399058853,1.7923943506526925,9.54629480064731,-1.5305973104216657
1402,training,0.012221911,0.18872346729040146,0.03437390399058853,1.7942541038692694,9.506556442613867,-1.517495350822897
1403,training,0.0042390283,0.17464739922434094,0.00795416659260336,1.7966100240458174,9.466603047663268,-1.506940785802436
1404,training,0.0044416524,0.2034073080867529,0.00795416659260336,1.7979088216816386,9.446614615391674,-1.5060298055384083
1405,training,0.0028253295,0.23103524278849363,0.00795416659260336,1.8004963944673844,9.406888676943069,-1.506395273246819
1406,training,0.0023477552,0.34310360345989466,0.00795416659260336,1.8030720326327416,9.36690412557684,-1.5060578478158917
1407,training,0.006176412,0.34230765886604786,0.00795416659260336,1.8056912298010337,9.327061017377902,-1.503672761487863
1408,training,0.0017637849,0.265179306268692,0.00795416659260336,1.807060162044436,9.307222113272,-1.500326053365231
1409,training,0.012758876,0.23417732678353786,0.00795416659260336,1.8100073877851361,9.267329691703429,-1.4939939845469448
1410,training,0.0020374488,0.2590707577764988,0.058107139341982264,1.8131486663070964,9.227473001109825,-1.4910867286396599
1411,training,0.006493285,0.26717750169336796,0.058107139341982264,1.8164021855416865,9.187770506050683,-1.4876499091409374
1412,training,0.010277055,0.276786632835865,0.058107139341982264,1.8197802873203772,9.147861402903194,-1.4855571317460528
1413,training,0.01804357,0.2850102717056871,0.058107139341982264,1.8231713102724916,9.108128645195036,-1.4863792039717842
1414,training,0.008417726,0.3035064209252596,0.058107139341982264,1.8264959835277963,9.06824533630693,-1.489672966415397
1415,training,0.020407565,0.27936481684446335,0.058107139341982264,1.8296233657953238,9.028254335235436,-1.4967181516397514
1416,training,0.007506848,0.2853199914097786,0.12157702501525892,1.8324293585477767,8.988500579387011,-1.5046678896864827
1417,training,0.0038025184,0.23853679373860365,0.12157702501525892,1.8345858121026721,8.94798644019434,-1.5441175902102091
1418,training,0.006373004,0.41011251136660576,0.12157702501525892,1.8344119737408249,8.907644705276816,-1.6051246740479275
1419,training,0.009991962,0.21158390119671822,0.12157702501525892,1.8313671227886037,8.867101983695049,-1.690668966370527
1420,training,0.012450687,0.16428053379058832,0.12157702501525892,1.8285609718306293,8.846895648551087,-1.7232157426800665
1421,training,0.007222917,0.1992664635181427,0.15367496395131777,1.8171410814895737,8.787413876245408,-1.7996929558024786
1422,training,0.005203012,0.16169217601418495,0.15367496395131777,1.8070975115083137,8.748388247277983,-1.844562154754885
1423,training,0.055182464,0.191757345572114,0.15367496395131777,1.7956285034460846,8.709820312693116,-1.871915261735777
1424,training,0.0041937884,0.16584375500679016,0.15367496395131777,1.7830496268135014,8.671531581817908,-1.9068380863649115
1425,training,0.008425165,0.1353473663330078,0.15367496395131777,1.7621280546781175,8.615142194476933,-1.9439289992748274
1426,training,0.015635135,0.17656696401536465,0.12662109158336998,1.7394120603249128,8.559409755613203,-1.9660332574766624
1427,training,0.0026376497,0.1196329602971673,0.12662109158336998,1.715991858214568,8.504096109028731,-1.9758663398334952
1428,training,0,0.017084456980228424,0.12662109158336998,1.708052891783568,8.485642986941698,-1.9775902521036615
1429,training,0,0.005656778812408447,0.12662109158336998,1.7002020454537885,8.467426808334672,-1.9770507219413624
1430,training,0,0.008724495768547072,0.12662109158336998,1.6846636987876207,8.430763798441825,-1.9652023543405561
1431,training,0,0.017947964370250702,0.12662109158336998,1.6770444949107777,8.412259169345642,-1.9570343010128526
1432,training,0,0.03174198046326637,0.12662109158336998,1.6623149903661478,8.375158763426407,-1.9392124978300491
1433,training,0,0.001487690955400467,0.07816476349322768,1.6552618928407496,8.356629055648806,-1.9298571305279755
1434,training,0,0.004206657409667969,0.07816476349322768,1.6415520870806188,8.319133831322063,-1.9154096433052639
1435,training,0,0.016608688980340958,0.07816476349322768,1.6281802231270575,8.281456271725206,-1.9080868193448706
1436,training,0,0.025772675871849074,0.07816476349322768,1.61522500058407,8.24385697245162,-1.8964488661745094
1437,training,0,0.012332949787378318,0.07816476349322768,1.6026757665973173,8.205851104614112,-1.882281158148553
1438,training,0,0.006099492311477661,0.07816476349322768,1.590711771334774,8.167895983828865,-1.8711031741227657
1439,training,0,0.024392925202846527,0.04103390356216151,1.5791367945713632,8.129734519860163,-1.8588992121149217
1440,training,0.008303869,0.054051004350185394,0.04103390356216151,1.5520451901415386,8.033727225808823,-1.8329888720996657
1441,training,0.014383052,0.134695777669549,0.04103390356216151,1.5418994704977287,7.995140481194703,-1.8233250993962415
1442,training,0.0044997856,0.168925691395998,0.04103390356216151,1.5320639186139435,7.956278505639991,-1.810414720217075
1443,training,0.0053287665,0.22124293074011803,0.04103390356216151,1.5190552692556225,7.898134924774204,-1.7726471532980135
1444,training,0.0045832787,0.09982478618621826,0.041261422209632324,1.5116548885327596,7.85899944853453,-1.7402411161074054
1445,training,0.0070215296,0.10217159241437912,0.041261422209632324,1.5057449934947795,7.819918038590665,-1.7016314546441067
1446,training,0.005881204,0.10142695903778076,0.041261422209632324,1.4996201310108912,7.760640758706198,-1.647499341078177
1447,training,0.004245283,0.09084278158843517,0.041261422209632324,1.4965024834000322,7.701145151485672,-1.6002320868884026
1448,training,0.010600267,0.10312315542250872,0.017795589282424147,1.4957602415563136,7.6612290688898055,-1.5795956045762418
1449,training,0.014171433,0.11180714145302773,0.017795589282424147,1.495659450410689,7.641195782816235,-1.5705950735298277
1450,training,0.0014160348,0.11496566236019135,0.017795589282424147,1.4964224242781372,7.581567268270984,-1.5462247364384254
1451,training,0.0061276034,0.1165665052831173,0.017795589282424147,1.4977126907831262,7.5415830776629385,-1.5303902344466542
1452,training,0.0062206835,0.08692601323127745,0.017795589282424147,1.4995986568463955,7.5018826534416,-1.5176487465102086
1453,training,0.0074750492,0.08098750375211239,0.017795589282424147,1.5006847566100399,7.481959171588014,-1.5162947778500375
1454,training,0.006083313,0.12199667096138,0.017795589282424147,1.504061091836751,7.421984178442761,-1.5115179386926096
1455,training,0.0196474,0.17658624798059464,0.017632369801930614,1.5080801275964244,7.362385351388458,-1.4940286391617175
1456,training,0.0033025097,0.18979942798614502,0.017632369801930614,1.5096952848872682,7.342453120542063,-1.4857167125913961
1457,training,0.01745345,0.18962407112121582,0.017632369801930614,1.5133825494473039,7.302814499671279,-1.4710278135305026
1458,training,0.010104641,0.17169557511806488,0.017632369801930614,1.5175990934403225,7.2631755187062685,-1.459386541443146
1459,training,0.008887196,0.15480627864599228,0.017632369801930614,1.5198645310066925,7.243293394207274,-1.4563575660916699
1460,training,0.0013870213,0.14252902474254367,0.017632369801930614,1.524465449893928,7.203598013615597,-1.4553156504522684
1461,training,0.0022252605,0.09710174426436424,0.03561720592577301,1.5290926855066174,7.163969436095621,-1.455170270326732
1462,training,0.0066271955,0.08130541816353799,0.03561720592577301,1.5336238919808163,7.124169705828975,-1.4612830982651295
1463,training,0.0075253434,0.06744886934757231,0.03561720592577301,1.5378378704191114,7.084494667019731,-1.4685817375681902
1464,training,0.004120987,0.06029875949025154,0.03561720592577301,1.5417743281725151,7.044597555281035,-1.4766775866772024
1465,training,0.0028083716,0.0664791129529476,0.03561720592577301,1.5453402697733551,7.004682953475625,-1.4867549595183474
1466,training,0.0031627782,0.057099200785160065,0.03561720592577301,1.5485476451988944,6.964911315928597,-1.4941005274249033
1467,training,0.008983761,0.08422324620187283,0.0559702621773446,1.5541341618626443,6.8850626513011335,-1.507386722494638
1468,training,0.013159744,0.08230973687022924,0.0559702621773446,1.5566111752294096,6.845127530679302,-1.5095440691363011
1469,training,0,0.022411510348320007,0.0559702621773446,1.557831784667464,6.82507848644846,-1.5115431103768089
1470,training,0,0.01210060715675354,0.0559702621773446,1.560015207511986,6.785303595638883,-1.5212880001167577
1471,training,0,0.03404425084590912,0.0559702621773446,1.560934937862662,6.765333125155565,-1.528227550542309
1472,training,0,0.04085266590118408,0.07430370691719397,1.5623762978105757,6.725149011663372,-1.5413468654175573
1473,training,0.0055674375,0.06331776082515717,0.07430370691719397,1.5633563000655692,6.685187613158816,-1.5501965411637273
1474,training,0.0127931945,0.1349365934729576,0.07430370691719397,1.5640652110873556,6.645219759125476,-1.5552823341777697
1475,training,0.010985794,0.16195030882954597,0.07430370691719397,1.5646841829962135,6.60515275221163,-1.5521116073887395
1476,training,0.028107725,0.12477914616465569,0.07430370691719397,1.565675347971036,6.565387929120658,-1.5391912037311017
1477,training,0.010104057,0.1310838395729661,0.07430370691719397,1.5671960698406018,6.525432648428202,-1.527151715260158
1478,training,0.00672739,0.07838606368750334,0.07430370691719397,1.5699505318321458,6.465537962581955,-1.5251725459350065
1479,training,0.0046650227,0.08480758219957352,0.07770635344635529,1.5717044528544595,6.425511827071439,-1.529490906060142
1480,training,0.004210921,0.05931495875120166,0.07770635344635529,1.572486445609537,6.4053951817710475,-1.5353444253245352
1481,training,0.05640584,0.0630628913640976,0.07770635344635529,1.57362450225636,6.365500100527806,-1.5491588097488818
1482,training,0.0026032152,0.07659412175416946,0.07770635344635529,1.5742231758321337,6.325397753244181,-1.5621911690527288
1483,training,0.014880753,0.06129870563745499,0.07441749742720934,1.574133583913655,6.245396698055853,-1.5797343886602382
1484,training,0.0050197877,0.08696118742227554,0.07441749742720934,1.5737144625432489,6.205259024053521,-1.582467861661112
1485,training,0,0.02615867182612419,0.07441749742720934,1.573470503559305,6.185259800649173,-1.5836661515312493
1486,training,0,0.03157638758420944,0.07441749742720934,1.5729658486843408,6.145407387240989,-1.585267617545566
1487,training,0,0.02766816318035125,0.07441749742720934,1.5726539088027611,6.12537642351032,-1.587784261948285
1488,training,0,0.03234625980257989,0.07441749742720934,1.571865793758633,6.085207251127231,-1.592783811977793
1489,training,0,0.035508628934621804,0.06882651427470533,1.5709180959799551,6.045372708312021,-1.5964992536434284
1490,training,0,0.022830829024314887,0.06882651427470533,1.5698532118556436,6.005297841812221,-1.598291294513106
1491,training,0,0.02695440873503685,0.06882651427470533,1.5692840503741678,5.985220418553288,-1.599322327968037
1492,training,0,0.01987549290060997,0.06882651427470533,1.5681047540412425,5.9454010766013345,-1.6014374738644728
1493,training,0,0.024259943515062332,0.06882651427470533,1.5668438472428843,5.905354369474733,-1.6036272356232528
1494,training,0,0.017235903069376945,0.06882651427470533,1.5654699016460587,5.865340545072632,-1.6066504986212122
1495,training,0,0.005818413570523262,0.051557444786613164,1.5639887358440592,5.825466650004455,-1.609218716945484
1496,training,0,0.006306120194494725,0.051557444786613164,1.5623951684394597,5.785332729421195,-1.6119254890930685
1497,training,0,0.00940185971558094,0.051557444786613164,1.560693888148563,5.7454953601101275,-1.6149281550605437
1498,training,0,0.005134479608386755,0.051557444786613164,1.5588823782721681,5.705522191937728,-1.617496861328596
1499,training,0,0.003466238733381033,0.051557444786613164,1.5569620546262546,5.665458212304429,-1.619751165559896
1500,training,0,0.0040475837886333466,0.051557444786613164,1.5549781311231536,5.625656704853833,-1.6213683718816352
1501,training,0,0.003160110674798487,0.036486395745156386,1.5529364150746727,5.585594729535425,-1.6217933118081906
1502,training,0,0.023113340139389038,0.036486395745156386,1.5509283225446526,5.545759996531671,-1.6201826746428438
1503,training,0,0.038129310589283705,0.036486395745156386,1.5490250823211198,5.505875301279761,-1.6165091954910977
1504,training,0.008909088,0.054798982571810484,0.036486395745156386,1.5465115254497355,5.445942061921528,-1.6077229078692932
1505,training,0,0.014920210000127554,0.036486395745156386,1.5451744739110214,5.406084352705062,-1.6014132259626073
1506,training,0,0.007274160627275706,0.036486395745156386,1.5440097577082785,5.365962787822927,-1.5986230747147236
1507,training,0,0.024986195378005505,0.024394777197946808,1.5429360347902132,5.326160445142199,-1.5968155557256698
1508,training,0,0.022641371004283428,0.024394777197946808,1.5424297258189763,5.3061868171813735,-1.5957429018150955
1509,training,0,0.015354434028267864,0.024394777197946808,1.5414643758952107,5.266061172361588,-1.5938957587548757
1510,training,0,0.001322917640209198,0.024394777197946808,1.5405542800180076,5.22621579357654,-1.5937950074258052
1511,training,0,0.015817280393093824,0.024394777197946808,1.5396224454039613,5.186206137000307,-1.5951450146057986
1512,training,0,0.018688519834540784,0.024394777197946808,1.5385843572552589,5.146118921003832,-1.5987307517427436
1513,training,0,0.023102154955267906,0.015061504177435287,1.537397971403565,5.106254576195614,-1.6025857071559448
1514,training,0,0.017664743587374687,0.015061504177435287,1.5360408248007742,5.066124528891514,-1.6069719377096605
1515,training,0,0.009884176775813103,0.015061504177435287,1.534500001837198,5.026224525400958,-1.6114131785274324
1516,training,0,0.015699331648647785,0.015061504177435287,1.5328195735441805,4.986287029634396,-1.6141332116895792
1517,training,0,0.01870872639119625,0.015061504177435287,1.5310436414867254,4.94617203281408,-1.6152631486234938
1518,training,0,0.026649249717593193,0.015061504177435287,1.5292668349310778,4.906396899651787,-1.6158967211087971
1519,training,0,0.028917012736201283,0.009719674681468409,1.527450921408452,4.8663569893960315,-1.6167036340604883
1520,training,0,0.02291306760162115,0.009719674681468409,1.5255904138379586,4.8264035132052285,-1.6181831104630195
1521,training,0,0.020708411000669003,0.009719674681468409,1.523663459089188,4.786531278106212,-1.6201207404545106
1522,training,0,0.022346174344420433,0.009719674681468409,1.5206310455338437,4.726515070831036,-1.622322352504808
1523,training,0,0.024470975622534752,0.009719674681468409,1.5196030272532723,4.706629085579795,-1.6227356611078652
1524,training,0,0.035630160942673676,0.009719674681468409,1.5175167055788341,4.666655085423727,-1.6234622129561869
1525,training,0,0.037845147773623466,0.020711472920569247,1.5153937236545942,4.626649298538627,-1.6240192541872962
1526,training,0,0.04296893067657947,0.020711472920569247,1.513282095592026,4.586836860328168,-1.623735490190543
1527,training,0,0.03831406123936176,0.020711472920569247,1.5111705653507572,4.546765016344872,-1.6233250234764578
1528,training,0,0.0349349770694971,0.020711472920569247,1.509081336239517,4.506933863902237,-1.6231106160702111
1529,training,0,0.035109708085656166,0.020711472920569247,1.5070113440237158,4.4670191282901595,-1.6220807001898594
1530,training,0,0.04306532628834248,0.020711472920569247,1.5049812993561602,4.42694927265874,-1.6201214484477875
1531,training,0,0.04138591326773166,0.03392718430691564,1.5030724153603843,4.387199433247866,-1.6178518434494453
1532,training,0,0.03992311097681522,0.03392718430691564,1.5012311987914062,4.347164128151793,-1.6157240803264814
1533,training,0,0.028918022289872163,0.03392718430691564,1.499471375382789,4.307256430279344,-1.613898897246496
1534,training,0,0.03543444536626339,0.03392718430691564,1.4978123929404883,4.267390264070626,-1.610433728156918
1535,training,0,0.026710087433457368,0.03392718430691564,1.4963081637654665,4.227288702759318,-1.605265416817026
1536,training,0,0.02491047792136669,0.03392718430691564,1.495038451519046,4.1875155679337235,-1.6002395348390506
1537,training,0,0.026843549683690078,0.044582383621566815,1.493961192935479,4.147518405666349,-1.595167753813626
1538,training,0,0.02651205100119114,0.044582383621566815,1.4930738381431505,4.1075044644000425,-1.5908458223855444
1539,training,0,0.011703044176101685,0.044582383621566815,1.4923722451907784,4.067669103772874,-1.5860869434295568
1540,training,0,0.005651351064443588,0.044582383621566815,1.4918549926899698,4.0275648131734485,-1.5802586403685386
1541,training,0,0.008997155353426933,0.044582383621566815,1.4916232116532588,3.987739627169258,-1.5722929082519086
1542,training,0.0039832536,0.05537813901901245,0.044582383621566815,1.4918502089761363,3.927728874405314,-1.5638930161887095
1543,training,0.0044198213,0.06244812346994877,0.04950626943069572,1.4922606089957986,3.8679285041201616,-1.567443176692636
1544,training,0,0.006897121667861935,0.04950626943069572,1.492300078978482,3.8478972597197645,-1.5704210210815888
1545,training,0,0.0010760128498077358,0.04950626943069572,1.492223896264321,3.80774760707427,-1.5730318838758146
1546,training,0,0.005206633359193802,0.04950626943069572,1.4922313493988995,3.767935043384955,-1.568339886161464
1547,training,0,0.005224302411079407,0.04950626943069572,1.4924277550330298,3.727889390846684,-1.5633728142935779
1548,training,0,0.003692846745252611,0.04950626943069572,1.4925960957528401,3.707852504226642,-1.5614911439081338
1549,training,0,0.030559360980987552,0.04722704805941004,1.4930486275351271,3.66802518524489,-1.558229101803513
1550,training,0,0.020635707303881645,0.04722704805941004,1.4935821458167913,3.6279863214100883,-1.5578421854220228
1551,training,0,0.027336819563061,0.04722704805941004,1.4940434202650879,3.587938341109005,-1.561130560442875
1552,training,0.002347292,0.05777930095791817,0.04722704805941004,1.4944484328422845,3.527981641326769,-1.5673999742854663
1553,training,0,0.019170150160789486,0.04722704805941004,1.4944941421721003,3.4878683739700174,-1.5717036887561697
1554,training,0,0.03454633429646492,0.04637028166970809,1.4944276705106343,3.4480071819689746,-1.5729035579881834
1555,training,0,0.030191313475370407,0.04637028166970809,1.4943106283996166,3.4078656879367824,-1.574793345022764
1556,training,0,0.010451357811689377,0.04637028166970809,1.4942290387158754,3.387872361256649,-1.5754591472013941
1557,training,0,0.023773236200213436,0.04637028166970809,1.4940732664201302,3.3480371473259414,-1.5729532478917414
1558,training,0,0.001283898949623108,0.04637028166970809,1.4941134424220934,3.3079686390830747,-1.5653681913771025
1559,training,0,0.04432326089590788,0.04637028166970809,1.4944846970739323,3.2680984751940154,-1.5588119050394305
1560,training,0,0.03627500683069229,0.04951325511727427,1.4950008927360314,3.2281625700452796,-1.5596587180105967
1561,training,0,0.0431943666189909,0.04951325511727427,1.495323399511251,3.187949248725395,-1.5662466363921317
1562,training,0,0.023466305807232857,0.04951325511727427,1.4953846590870161,3.1481086382453722,-1.5718040088912328
1563,training,0,0.02853066846728325,0.04951325511727427,1.4952702003862715,3.1080320723154973,-1.5749168200756034
1564,training,0,0.024232938885688785,0.04951325511727427,1.4950817889201073,3.0679781980707523,-1.575987332049459
1565,training,0,0.018848795443773273,0.05202105529657042,1.4948743168031071,3.0280788791024404,-1.576385626124506
1566,training,0,0.025423750281333923,0.05202105529657042,1.4946283033792942,2.9879217187441225,-1.5776809671572796
1567,training,0,0.023302275687456124,0.05202105529657042,1.4943228211479656,2.948032538358658,-1.5793696720077595
1568,training,0,0.026943124830722802,0.05202105529657042,1.4939538403895714,2.9080205361170504,-1.5809868824047228
1569,training,0,0.021088665351271626,0.05202105529657042,1.4935077232281468,2.867945018589208,-1.5831225162317277
1570,training,0,0.022187668830156326,0.02213851025032242,1.4930002997374903,2.8280834595851903,-1.5839765683607312
1571,training,0,0.01604501903057098,0.02213851025032242,1.4924643248254383,2.787969848716942,-1.5846365790279158
1572,training,0,0.00989299826323986,0.02213851025032242,1.4918734330096248,2.7480419753309784,-1.5869755753824077
1573,training,0,0.001885166391730305,0.02213851025032242,1.491183152241018,2.70808246327154,-1.5893012749696769
1574,training,0,0.014571190811693668,0.02213851025032242,1.4903844835018352,2.6679307602941993,-1.5923989417515048
1575,training,0,0.024072526022791862,0.020575849512012686,1.4894502050645608,2.628083137728283,-1.5965323847431308
1576,training,0.0062150713,0.05017421394586563,0.020575849512012686,1.487610497045845,2.5678751296804823,-1.6071797895762479
1577,training,0,0.043432190727799025,0.020575849512012686,1.4859906649398302,2.5280336049389063,-1.615503619630425
1578,training,0.013957117,0.060556137934327126,0.020575849512012686,1.4840350438756154,2.487980916407802,-1.624070862239537
1579,training,0.0035091282,0.08030472323298454,0.020575849512012686,1.4817242427719928,2.4479585628968312,-1.633291303498874
1580,training,0.008035873,0.13291427493095398,0.010700859327830365,1.4774056445711168,2.388051848785686,-1.6543989090253783
1581,training,0.009817576,0.13033176586031914,0.010700859327830365,1.4737204566672528,2.3480279247518183,-1.6712766924547946
1582,training,0.0057430207,0.08150852471590042,0.010700859327830365,1.469430632992268,2.308425849502706,-1.6852610843649258
1583,training,0,0.0409463532269001,0.010700859327830365,1.4671088587918815,2.2885132070188963,-1.6878029837294597
1584,training,0.0011165678,0.05387124419212343,0.010700859327830365,1.4624859638778085,2.248734128306209,-1.6829447491831635
1585,training,0.0023488193,0.06463803350925444,0.019010618141029254,1.458177095388053,2.2092207743281826,-1.6755802795268726
1586,training,0.0053316145,0.060150083154439926,0.019010618141029254,1.4541559643483521,2.169371658048022,-1.6672114850450386
1587,training,0.004440288,0.056673098355531706,0.019010618141029254,1.4504843167143364,2.129688770981822,-1.6598280640342316
1588,training,0.0054501966,0.07301727682352069,0.019010618141029254,1.4470600467159755,2.0899387968120435,-1.6539145272594462
1589,training,0.004077091,0.09081654623150826,0.019010618141029254,1.443815117865997,2.0499486560405695,-1.649782735228997
1590,training,0.0071083466,0.12265512067824602,0.019010618141029254,1.4407087400402834,2.0102605103057725,-1.6495479444356718
1591,training,0.013886819,0.14043447189033031,0.019010618141029254,1.437499959692451,1.9703111431724953,-1.6533969544893452
1592,training,0.009675268,0.17549598217010498,0.043905062270128546,1.4340728440331822,1.9304315052620027,-1.6604509440615902
1593,training,0.004286051,0.19362107664346695,0.043905062270128546,1.4303218329278375,1.8906754769101424,-1.6699347359263719
1594,training,0.0070209606,0.23469696752727032,0.043905062270128546,1.426155108626415,1.8506964911831845,-1.679320122555204
1595,training,0.049902003,0.222588830627501,0.043905062270128546,1.421714580089107,1.8110681829780664,-1.6853633809617348
1596,training,0.012449651,0.2508705537766218,0.043905062270128546,1.417057819458693,1.771328570990711,-1.687617831463953
1597,training,0.034102283,0.25945075973868376,0.043905062270128546,1.41249427165085,1.7314848099282745,-1.6795291870992186
1598,training,0.009332909,0.250634528696537,0.06730999664045267,1.408442444194012,1.6919898984541883,-1.6655315892430291
1599,training,0.0022695833,0.30611132085323334,0.06730999664045267,1.4049855482858464,1.6521329609316104,-1.6482906715753634
1600,training,0.0028699217,0.2963678613305092,0.06730999664045267,1.4022499802449169,1.6123864437695048,-1.6314969218233677
1601,training,0.0006866258,0.3302065283060074,0.06730999664045267,1.4001062213822035,1.5725893326092983,-1.61888523585967
1602,training,0.011046024,0.3252669498324395,0.06730999664045267,1.3983841936415464,1.5325234019121121,-1.6065747318964387
1603,training,0.007146326,0.3551053032279014,0.06730999664045267,1.39721809167276,1.492813804493603,-1.5945857563314803
1604,training,0.023770856,0.33933733962476254,0.0828049417226802,1.3961787591008818,1.4327449600054827,-1.584027954176685
1605,training,0.00333593,0.36243496462702746,0.0828049417226802,1.3959285503584562,1.4128749135389487,-1.5841433201419524
1606,training,0.0057515865,0.3486279025673866,0.0828049417226802,1.3953325603487572,1.372956942061057,-1.5889246964223553
1607,training,0.0027454107,0.30494016595184803,0.0828049417226802,1.3944211375470472,1.332732266091492,-1.5985395076123996
1608,training,0.009962991,0.2741877743974328,0.0828049417226802,1.3931366089303552,1.2928329729863215,-1.6068625835070753
1609,training,0.015617861,0.2563912235200405,0.0828049417226802,1.391616875791029,1.2528378268767613,-1.6094633201562396
1610,training,0.025821585,0.30385628156363964,0.09164104441961797,1.390094432871027,1.2128119155948203,-1.607125303299979
1611,training,0.003742508,0.34173429757356644,0.09164104441961797,1.3886888636537769,1.1729832905438695,-1.6062204943213871
1612,training,0.0108003095,0.3252885416150093,0.09164104441961797,1.3872140427331565,1.1328589427455469,-1.6099615992865397
1613,training,0.0070111663,0.30306425876915455,0.09164104441961797,1.3855384208818786,1.0929529071417998,-1.6153124826954144
1614,training,0.008005855,0.2986413612961769,0.09164104441961797,1.3836871137067257,1.0530212648456312,-1.6182749093743714
1615,training,0.0034470328,0.30805504322052,0.15975204742945548,1.3817650472230398,1.012924757603965,-1.6180218727494502
1616,training,0.0046642222,0.29728975147008896,0.15975204742945548,1.3801729852408606,0.9734556642216725,-1.5894848876648238
1617,training,0.0045916387,0.6793927028775215,0.15975204742945548,1.3806662168884238,0.933926196614585,-1.52698483119357
1618,training,0.0036310975,0.6933953985571861,0.15975204742945548,1.3838885512855046,0.8953367779151744,-1.4333017864828312
1619,training,0.0060681873,1.036967396736145,0.15975204742945548,1.3915112302306816,0.8571860824728261,-1.3146602511039893
1620,training,0.009764595,1.0142421126365662,0.25063338754225867,1.4037525344918433,0.8207892214715699,-1.162888412783813
1621,training,0.019698111,0.953835591673851,0.2758681440845604,1.4219678809034646,0.7869937275055124,-0.991952375138942
1622,training,0.016778488,0.6152733359485865,0.2758681440845604,1.4456035162506724,0.7564732906637511,-0.835519965651941
1623,training,0.013857108,0.45764128118753444,0.2758681440845604,1.4736572006951274,0.7294587158591046,-0.7020152066940721
1624,training,0.0051905736,0.4206248763948679,0.28272867759000586,1.504846087682236,0.7059936956342645,-0.5926135491308561
1625,training,0.022970408,0.283439964056015,0.28272867759000586,1.5381324454938876,0.6858214156419037,-0.4991630932927574
1626,training,0.006540882,0.26920183002948755,0.278374786088523,1.5734056108349832,0.6684791278684598,-0.4168892703523224
1627,training,0.008137567,0.22551077604293823,0.278374786088523,1.6099175260744618,0.6539256145945341,-0.3421973285979287
1628,training,0.018313406,0.1483244001865387,0.278374786088523,1.6475107707956762,0.6419751048798461,-0.27352594444876066
1629,training,0.12660837,0.10540321469306949,0.24964652218049416,1.6854723836282952,0.632623036368042,-0.21483585752078416
1630,training,0,0.006944194436073303,0.24964652218049416,1.7244625040504844,0.6250776345341262,-0.16889764211614883
1631,training,0,0.026768967509269714,0.24964652218049416,1.7441325196175914,0.6219029226437797,-0.15042128615163647
1632,training,0,0.04547454416751859,0.24964652218049416,1.7833576700600111,0.6166630823893178,-0.11653002063501364
1633,training,0,0.048446893692016574,0.24964652218049416,1.8228960424594984,0.6127221223096792,-0.07924936820606303
1634,training,0,0.0126299858093262,0.17272495472787097,1.8624666417664717,0.6103557397863694,-0.04150426939197904
1635,training,0,0.015550762414932265,0.17272495472787097,1.90215169363909,0.6094176381772216,-0.007043465934383693
1636,training,0,0.024077095091342912,0.17272495472787097,1.9419071169101767,0.6097028455751068,0.01799414833338524
1637,training,0,0.043593622744083405,0.17272495472787097,1.9818282633557058,0.6107970314095867,0.036195656163633357
1638,training,0,0.04500292055308819,0.17272495472787097,2.0216344688954178,0.6125867287588018,0.05202396570107541
1639,training,0.0032024635,0.06242804974317551,0.17272495472787097,2.0814363969126592,0.6161024487544604,0.06392678337564668
1640,training,0.028774694,0.05345934070646763,0.08238534341189026,2.1410541882234213,0.6203236628667513,0.07659860379849133
1641,training,0.00342378,0.06456233747303486,0.08238534341189026,2.1809252795157272,0.6235196806525111,0.08359017922099556
1642,training,0.015176364,0.06765346881002188,0.08238534341189026,2.240479485120906,0.6288524285120664,0.09384650930994907
1643,training,0,0.04886266589164734,0.08238534341189026,2.260351074211306,0.6307461785761127,0.09558713788198045
1644,training,0.0028954502,0.054979704320430756,0.08238534341189026,2.3201907899415692,0.6363299287978285,0.08739459610419302
1645,training,0.010423471,0.08602707460522652,0.03618357471955202,2.3599906864631786,0.6396194103382626,0.07725181122471622
1646,training,0.0071612173,0.0824054591357708,0.03618357471955202,2.420056294368075,0.6438314382409046,0.05333245644827451
1647,training,0.0034963626,0.05010231956839561,0.03618357471955202,2.4601195742196458,0.645473036298457,0.028435999582317975
1648,training,0,0.018180226907134056,0.03618357471955202,2.500268442219093,0.6461504018341663,0.007763557577925208
1649,training,0,0.012479117140173912,0.03618357471955202,2.52022393776136,0.6462759965256606,0.005348679164329454
1650,training,0,0.014380511827766895,0.03618357471955202,2.540224678230263,0.646378439110194,0.0051394438057713165
1651,training,0,0.010405145585536953,0.036015504991012116,2.5601539593990013,0.6464918726772888,0.005923372584496863
1652,training,0,0.022172367200255394,0.036015504991012116,2.6001592386100065,0.6468177424665758,0.010366812898562115
1653,training,0,0.005665356293320656,0.036015504991012116,2.6400906802633406,0.6473593225329978,0.016347741576083746
1654,training,0,0.004967186599969864,0.036015504991012116,2.6800183561570927,0.6480411315156943,0.017014107495364066
1655,training,0,0.002144603058695793,0.036015504991012116,2.700047586972851,0.6483783455849127,0.01650651753177443
1656,training,0,0.0001851464621722694,0.036015504991012116,2.7399445677376653,0.6490607816458375,0.0173224505140602
1657,training,0,0.0003406372561585158,0.036015504991012116,2.7798962485291394,0.6497471312714751,0.016224659798142877
1658,training,0,0.012518991716206074,0.031006338673036607,2.8198469985271206,0.6503848773653224,0.01641104245200783
1659,training,0,0.0032921279780566697,0.031006338673036607,2.859791475956993,0.6510774319880852,0.017642558351662015
1660,training,0,0.016307721845805645,0.031006338673036607,2.8997885875935476,0.6517826179163982,0.017235376632666485
1661,training,0,0.015433690510690212,0.031006338673036607,2.939692715060345,0.6525043958813596,0.019109262589435627
1662,training,0,0.012123162858188152,0.031006338673036607,2.9796274798019318,0.6532962122951872,0.0195844872657536
1663,training,0,0.007501512300223112,0.031006338673036607,3.0196166447918897,0.6540807654908125,0.019955991126985668
1664,training,0,0.021789083257317543,0.005485807932163616,3.059540706667893,0.6549259265236126,0.02172150145385986
1665,training,0,0.009765014052391054,0.005485807932163616,3.099497551686253,0.6557925156542809,0.02126505662266291
1666,training,0,0.019522855058312416,0.005485807932163616,3.139413437899409,0.6566598344291044,0.022319014546797557
1667,training,0,0.009243926964700222,0.005485807932163616,3.1793523907479355,0.657567634473031,0.022242109927324945
1668,training,0,0.01160125806927681,0.005485807932163616,3.2193771151822967,0.6584360416642897,0.021199187036477284
1669,training,0,0.013773629441857338,0.005485807932163616,3.259269085588034,0.6593162533448133,0.022435041648863487
1670,training,0,0.017675358802080158,0.01038534417256658,3.299218534550677,0.6602031258379669,0.021047280483772926
1671,training,0,0.016284136101603508,0.01038534417256658,3.3391632035335497,0.6610280212933841,0.020969941342788612
1672,training,0,0.009525880217552187,0.01038534417256658,3.379109842906976,0.6618873282190928,0.02108273247269372
1673,training,0,0.014381852000951769,0.01038534417256658,3.419118055825324,0.6627018820815334,0.0195532470334248
1674,training,0,0.019803958013653755,0.01038534417256658,3.4590209585353,0.6635039519473285,0.02059868889444802
1675,training,0,0.03312123753130436,0.01038534417256658,3.4989601979822775,0.6643367524418464,0.020395047573070608
1676,training,0,0.02353896014392376,0.0072579102712469635,3.538932335153453,0.6651543981308983,0.021185294019911215
1677,training,0,0.036278242245316505,0.0072579102712469635,3.5788623065321543,0.6660601798351421,0.02360137437925574
1678,training,0,0.02612311951816082,0.0072579102712469635,3.6188167387225314,0.667017637991259,0.023969543189323542
1679,training,0,0.031256457790732384,0.0072579102712469635,3.6587265961707756,0.6680121015473676,0.02597960042513008
1680,training,0,0.02621293999254704,0.0072579102712469635,3.6986549700467344,0.6690797311034862,0.026330686548403672
1681,training,0,0.02896510623395443,0.0072579102712469635,3.738679714885156,0.6701109655843784,0.025154774969396363
1682,training,0,0.032334273681044585,0.01688982186279773,3.778571708421388,0.6711431750322802,0.026086130488849914
1683,training,0,0.034293046221137054,0.01688982186279773,3.8185203518946587,0.6721687389781503,0.02441596855108487
1684,training,0,0.025498423725366592,0.01688982186279773,3.858465267692504,0.6731256817900331,0.024152567257090696
1685,training,0,0.02632517926394939,0.01688982186279773,3.898409812221827,0.6741101833528735,0.02437174654802823
1686,training,0,0.03089229203760624,0.01688982186279773,3.9384167364547236,0.6750631494200118,0.0231685625404947
1687,training,0,0.028631092980504036,0.01688982186279773,3.9783113925424076,0.6760142760677397,0.024407868214865052
1688,training,0,0.026272376999258995,0.027388101268482484,4.018249439722675,0.6769960973314296,0.02370146460898306
1689,training,0,0.023416304960846908,0.027388101268482484,4.058215309324311,0.67791427198,0.0226136658792486
1690,training,0,0.026861594989895824,0.027388101268482484,4.098176017186538,0.6788245374847959,0.02248860170421133
1691,training,0,0.027736032381653786,0.027388101268482484,4.138155036429461,0.6796978196037854,0.020991971186531313
1692,training,0,0.03299560956656933,0.027388101268482484,4.178064446032727,0.6805459520301548,0.021530111498668382
1693,training,0,0.03131221421062946,0.027388101268482484,4.218015567753795,0.6814096306194621,0.02078204639320556
1694,training,0.0034185238,0.050185272470116615,0.024341787337285283,4.277946734986606,0.6826142191366865,0.020338128389648172
1695,training,0,0.019421068951487548,0.024341787337285283,4.317892247011585,0.6834538254353928,0.02104852979910573
1696,training,0,0.01795782335102558,0.024341787337285283,4.357929707731316,0.6842232823456873,0.01711446994910369
1697,training,0,0.020117184147238735,0.024341787337285283,4.377852177330454,0.6845646472553041,0.01652781162902339
1698,training,0,0.03271215967833995,0.024341787337285283,4.417828882444466,0.6851985173668093,0.01462463787812111
1699,training,0,0.03000103123486042,0.024341787337285283,4.457852170910515,0.6857330309125825,0.012385852459581142
1700,training,0,0.039076419547200196,0.02300862465802396,4.497752417578921,0.6862514786979699,0.013274240703036974
1701,training,0,0.045499948784708984,0.02300862465802396,4.537714349110076,0.686783181990882,0.012784467983253752
1702,training,0.00744714,0.059783538803458214,0.02300862465802396,4.597644191004448,0.6875816740865944,0.014439196254665377
1703,training,0,0.04119218420237303,0.02300862465802396,4.6375896251386655,0.6881880468891453,0.015473911006985044
1704,training,0,0.02852008398622275,0.02300862465802396,4.677546479124932,0.6888198827841884,0.016256199543802054
1705,training,0,0.019488923251628876,0.0279673533772144,4.717512829617505,0.6894833163832227,0.016161811701255167
1706,training,0,0.009454041719436646,0.0279673533772144,4.737488254374,0.689791802654801,0.013995578472803777
1707,training,0,0.0037438012659549713,0.0279673533772144,4.777521503532506,0.6902388212436019,0.00777244228908784
1708,training,0.00848303,0.051171615719795234,0.0279673533772144,4.837545760532922,0.6904245696316788,-0.001738967453521241
1709,training,0.013571344,0.07104608975350857,0.0279673533772144,4.917514557905579,0.6903003836076218,0.003765749652106311
1710,training,0.0065412372,0.08678016439080238,0.027052331268659278,4.9772850375353626,0.6908412533594379,0.015408228883036577
1711,training,0.0014730847,0.05977325886487961,0.027052331268659278,5.017190465735811,0.6916507320756541,0.02509309566103485
1712,training,0,0.039756339974701405,0.027052331268659278,5.057039481422563,0.6927923438519036,0.030174792870628697
1713,training,0,0.032570566050708294,0.027052331268659278,5.077055313515046,0.6934042034206482,0.03086506652603734
1714,training,0,0.0401126304641366,0.027052331268659278,5.116937075516266,0.6946753553903341,0.03241807974043295
1715,training,0.0026446092,0.0687507763504982,0.027052331268659278,5.156839839618215,0.6960022442536398,0.03344069701541612
1716,training,0.003382702,0.06834750808775425,0.03183786969449595,5.196802226190127,0.6973736926946023,0.035879622469880516
1717,training,0,0.03469277918338776,0.03183786969449595,5.216734985683511,0.6981128672425346,0.038088017295169
1718,training,0,0.028666995465755477,0.03183786969449595,5.25665975835384,0.6996500459652941,0.03610321169277805
1719,training,0,0.03108198940753938,0.03183786969449595,5.276692267816826,0.7003407527762998,0.03250529939257646
1720,training,0,0.013743400573730469,0.03183786969449595,5.316658116151565,0.7015035202574508,0.025732589851198858
1721,training,0,0.002764057368040085,0.03183786969449595,5.35668207756779,0.7023672593954272,0.016546942550257973
1722,training,0,0.017562981694936752,0.03183786969449595,5.37672757792955,0.702644194583354,0.011167546872180098
1723,training,0,0.02364911139011383,0.043302815951285795,5.416709468440836,0.7029233142768753,0.003948363643560412
1724,training,0,0.02811378985643387,0.043302815951285795,5.456750379963235,0.7029993252364141,-0.0005532717608167306
1725,training,0,0.0035407748073339462,0.043302815951285795,5.496779404151692,0.7028680294406328,-0.005602182732254843
1726,training,0,0.008882889524102211,0.043302815951285795,5.536733678767522,0.702592076233958,-0.008954485054939459
1727,training,0,0.01534305140376091,0.043302815951285795,5.576784342386616,0.7021164862261224,-0.016024377248029607
1728,training,0,0.03358495980501175,0.03915173088305282,5.616692741166693,0.7013161011583556,-0.024324687287766975
1729,training,0,0.0015815380029380322,0.03915173088305282,5.65678668362732,0.7001601724785227,-0.0336234588660157
1730,training,0,0.02518855268135667,0.03915173088305282,5.6968232786166375,0.6986130783694522,-0.041544745379521866
1731,training,0,0.03479908034205437,0.03915173088305282,5.736719775204292,0.6969808673499862,-0.03879709590736518
1732,training,0,0.011841506231576204,0.03915173088305282,5.7766190008616265,0.6955250446516132,-0.035256490906245046
1733,training,0,0.024951767176389694,0.03915173088305282,5.816563485049065,0.6941733990207012,-0.03297119376152291
1734,training,0,0.03045735228806734,0.028056752043165923,5.856529125146877,0.6929137861212135,-0.030135846038752866
1735,training,0,0.009718524292111397,0.028056752043165923,5.896412047865168,0.691741089241501,-0.02858010976378369
1736,training,0,0.01705893175676465,0.028056752043165923,5.93633804821734,0.6906622900730164,-0.026632615807678176
1737,training,0,0.01951864454895258,0.028056752043165923,5.9762508557358105,0.6896211693121372,-0.02604425733620278
1738,training,0,0.02745325025171042,0.028056752043165923,6.016231191779168,0.6886090355991749,-0.024782908211849048
1739,training,0,0.02046024799346924,0.028056752043165923,6.056171908710186,0.6876827922299843,-0.021707312226632077
1740,training,0,0.01510741887614131,0.014106946341205667,6.096066456720382,0.6868488419714751,-0.020865692851867353
1741,training,0,0.022187053225934505,0.014106946341205667,6.136022684108518,0.6860567327881946,-0.01864054426877347
1742,training,0,0.005195797886699438,0.014106946341205667,6.176058547453876,0.6853270070770973,-0.020348540268540556
1743,training,0,0.023045677226036787,0.014106946341205667,6.216085724591726,0.6843910773437136,-0.025428247776689023
1744,training,0,0.0425911252386868,0.014106946341205667,6.256024156217256,0.6833819961972183,-0.023829085937779798
1745,training,0.005450124,0.0648004412651062,0.014106946341205667,6.315813102309147,0.6821537897480076,-0.0165733039254551
1746,training,0.0037965905,0.05119423754513264,0.004719166197449098,6.355715336406545,0.681668539104938,-0.00710388041814618
1747,training,0,0.02331770583987236,0.004719166197449098,6.395624208742638,0.6815655108099428,-3.932664808536951e-05
1748,training,0,0.001355692744255066,0.004719166197449098,6.435600936519007,0.6816098166259471,0.0012061151361153313
1749,training,0,0.008392857387661934,0.004719166197449098,6.4755921091309805,0.6816486674246398,-0.000238178349791477
1750,training,0,0.003967124968767166,0.004719166197449098,6.495597620316117,0.6816281751638047,-0.002821190097865479
1751,training,0,0.002745905891060829,0.004719166197449098,6.535609254691376,0.681398311276599,-0.008003173122461085
1752,training,0,0.00273764505982399,0.01446847353465531,6.575581849949764,0.6810427367504889,-0.009634011584177647
1753,training,0,0.003229232504963875,0.01446847353465531,6.615552243304541,0.6806118132980045,-0.012607032884976206
1754,training,0,0.008367311209440228,0.01446847353465531,6.655545829650689,0.6800599319570889,-0.014990295535831427
1755,training,0,0.007726867217570543,0.01446847353465531,6.695513617172626,0.6794343893486767,-0.016944512284110272
1756,training,0,0.02684627426788211,0.01446847353465531,6.735511001513459,0.6787240587879028,-0.018201610238434855
1757,training,0,0.024262404069304466,0.01446847353465531,6.775450704885551,0.678051020144818,-0.014697065473972
1758,training,0,0.004553269594907757,0.020773844649032123,6.8153185615726555,0.6775438981802838,-0.01146238533059155
1759,training,0,0.022579393000341952,0.020773844649032123,6.855297157418074,0.6771682122378023,-0.0073275252871452924
1760,training,0,0.02929622121155262,0.020773844649032123,6.895238709990518,0.676989891055791,-0.0022764124057249716
1761,training,0,0.024663859978318214,0.020773844649032123,6.935133183668806,0.6769366660316335,-0.000791469625937726
1762,training,0,0.014861564151942728,0.020773844649032123,6.975106784812611,0.6769534067094141,0.0014651689571260488
1763,training,0,0.02910470776259899,0.020773844649032123,7.015064418854991,0.6770474583826196,0.0022375714812949508
1764,training,0,0.02685604803264141,0.022051122148156774,7.055084482078887,0.6771384193456893,0.0023378967871276373
1765,training,0,0.02246797364205122,0.022051122148156774,7.095041851291366,0.6772791830046865,0.004504482438312093
1766,training,0,0.041181402280926704,0.022051122148156774,7.134977592558843,0.6774813077618154,0.005299867682088533
1767,training,0.0017994696,0.053137822076678276,0.022051122148156774,7.214871865753509,0.6781742311060621,0.012490490112947492
1768,training,0.0046395296,0.06724165007472038,0.022051122148156774,7.254845612545753,0.6787669405189672,0.01734288128669678
1769,training,0.005463446,0.06727387011051178,0.012874152432399245,7.334584690332805,0.6808131460365279,0.03416557954637445
1770,training,0,0.0468207448720932,0.012874152432399245,7.35457592516424,0.6815327054827641,0.03774645038524053
1771,training,0,0.03328003734350205,0.012874152432399245,7.374493729269887,0.6823238761560617,0.041296792499695076
1772,training,0,0.03927610442042351,0.012874152432399245,7.414345082206287,0.6839979586472635,0.04102240478364003
1773,training,0,0.04006650298833848,0.012874152432399245,7.43430597958703,0.6848019023152633,0.03900698220599845
1774,training,0,0.040369270369410515,0.012874152432399245,7.474316608137019,0.686291582070932,0.03600518496940658
1775,training,0,0.03974433243274689,0.012874152432399245,7.514236071471285,0.6877109049247511,0.0342895190323353
1776,training,0,0.046832555904984474,0.012438650206116082,7.534185180738439,0.6883851095449559,0.03288354819061433
1777,training,0.006737255,0.05081647634506225,0.012438650206116082,7.594125687360421,0.6902769280418403,0.0311234414386951
1778,training,0,0.037193039432168,0.012438650206116082,7.6340595330649235,0.6915134841084146,0.02989802537584869
1779,training,0,0.044103985652327544,0.012438650206116082,7.674092410396594,0.6926543024395824,0.027020164475994
1780,training,0,0.03417765721678734,0.012438650206116082,7.694011368789969,0.693198461181592,0.027021117982020327
1781,training,0,0.030009834095835686,0.012438650206116082,7.733959066359284,0.6942715037885243,0.02595666514882234
1782,training,0,0.013560960069298744,0.027407086265137555,7.773979087350456,0.6952718575078073,0.024126698260417998
1783,training,0,0.013261411339044567,0.027407086265137555,7.8138746616703045,0.6962562856005621,0.02491460159292495
1784,training,0,0.046832013875246055,0.027407086265137555,7.8538217484936235,0.6972400249413342,0.023362564424271648
1785,training,0,0.04359837248921395,0.027407086265137555,7.893773386117678,0.6981432202426447,0.022436581358585252
1786,training,0,0.04754422791302204,0.027407086265137555,7.933737683426884,0.6990452848955796,0.021932032532478073
1787,training,0,0.04591364786028862,0.027407086265137555,7.973738098711747,0.6998848242833412,0.019957723813078344
1788,training,0.02809857,0.05013899505138397,0.04019220241492231,8.033640001055215,0.7011021962856259,0.020256972383360813
1789,training,0,0.01466294005513192,0.04019220241492231,8.07362350488724,0.7018789779121938,0.01806667392312964
1790,training,0,0.02732194587588311,0.04019220241492231,8.113597242416727,0.702500896039534,0.01266039912080187
1791,training,0,0.026111673563718796,0.04019220241492231,8.153628679145301,0.7028932312650517,0.006289082445071164
1792,training,0,0.02418434247374534,0.04019220241492231,8.193654615180655,0.7030149709165813,0.0003978496142559496
1793,training,0,0.019760858267545693,0.04019220241492231,8.213595949841064,0.7030156223247983,-0.0006387705217824313
1794,training,0,0.031537570059299476,0.03897029269401515,8.25361861587476,0.7029494035340191,-0.003337445045675662
1795,training,0.006073855,0.06216946616768837,0.03897029269401515,8.333596147784148,0.7024712572506788,-0.007475784383432687
1796,training,0.12943046,0.06889852229505776,0.03897029269401515,8.373603024545947,0.7021286660667597,-0.010345926997941209
1797,training,0.023759222,0.12330302223563194,0.03897029269401515,8.43354990447792,0.7015898806710393,-0.0054927528472235275
1798,training,0.0054400587,0.15118979662656784,0.03897029269401515,8.493293699324845,0.7018261950195283,0.014168740540991603
1799,training,0.005663084,0.10238966438919306,0.035594667427676405,8.533160181000854,0.7026610904532866,0.02739903485582019
1800,training,0,0.040399558842182146,0.035594667427676405,8.553064161517668,0.7032748442615587,0.032590387772262405
1801,training,0,0.04531349241733551,0.035594667427676405,8.593215550888468,0.7043691883247944,0.020908563796557207
1802,training,0.0077931713,0.09198747575283053,0.035594667427676405,8.613201720197893,0.7047272603085282,0.014777283061112013
1803,training,0,0.02845424413681029,0.035594667427676405,8.653286924477587,0.7050737212030606,0.0017043890291456442
1804,training,0.0075153327,0.07085855305194855,0.035594667427676405,8.673320463173399,0.7050342377311519,-0.006029406741651456
1805,training,0,0.01170777902007103,0.03792616335887658,8.71336267361467,0.7044917268261132,-0.02032315357875271
1806,training,0,0.04843318089842798,0.03792616335887658,8.75341082197613,0.7034823636868655,-0.029065883228348986
1807,training,0.014886953,0.10823167860507965,0.03792616335887658,8.793423757603282,0.7021834458444457,-0.03560421002369901
1808,training,0.005698803,0.11772291176021098,0.03792616335887658,8.813406683924596,0.7014572400898802,-0.036807096592001445
1809,training,0.0067923595,0.09948006365448235,0.03792616335887658,8.893257256883468,0.6985594295538614,-0.036134169335303286
1810,training,0.080305256,0.05050310119986534,0.03448337925915921,8.973154568103405,0.6957877215514969,-0.03342340397412539
1811,training,0.0053665666,0.11210007220506667,0.03448337925915921,9.03299421679688,0.6938580074799628,-0.02933045617227184
1812,training,0.0072146254,0.07366730645298958,0.03448337925915921,9.072943983531339,0.6928192373825602,-0.022385856975032554
1813,training,0.042774018,0.055395785719156265,0.03448337925915921,9.112824751282336,0.6920191367865856,-0.018584625807513834
1814,training,0.0058379113,0.07392774149775505,0.03448337925915921,9.152739505817502,0.6912665450540267,-0.023192605017604936
1815,training,0.0025208949,0.055759962648153305,0.03705525207454617,9.192931011607158,0.6900612400713778,-0.0391575507638969
1816,training,0,0.00030462630093097687,0.03705525207454617,9.23297966894093,0.6881067799214816,-0.056279126475506994
1817,training,0,0.009919174015522003,0.03705525207454617,9.252934920393422,0.6869402814929698,-0.058999648415903216
1818,training,0,0.009857451543211937,0.03705525207454617,9.27292676727269,0.6857720391432596,-0.05716000324055799
1819,training,0,0.013508971780538559,0.03705525207454617,9.312778211554045,0.6835842809077392,-0.05271877872964749
1820,training,0,0.007703185081481937,0.03705525207454617,9.332699619204744,0.6825698131943977,-0.0497607635583059
1821,training,0,0.008408776484429835,0.03705525207454617,9.352615836173024,0.6816100691940948,-0.04654011577657714
1822,training,0,0.011756613850593567,0.03705525207454617,9.392540259255158,0.6798559533484169,-0.04262235618432106
1823,training,0,0.0008586905896663666,0.03021236807509339,9.432461994011243,0.6781704448030108,-0.042025949213342344
1824,training,0,0.0004255021922290325,0.03021236807509339,9.452389560958387,0.6773473611747242,-0.04069653591758167
1825,training,0,0.009136456996202469,0.03021236807509339,9.492354992564033,0.6757749561846497,-0.03886999572852552
1826,training,0,0.00022625923156738455,0.03021236807509339,9.532267775173878,0.6742185800668284,-0.03923085305145712
1827,training,0,0.012773968279361721,0.03021236807509339,9.572178145853451,0.6726940038550104,-0.036969789820235285
1828,training,0,0.0024011051282286627,0.03021236807509339,9.612080615280776,0.6712553474276117,-0.03616698197822555
1829,training,0,0.010783929377794262,0.014630159677547182,9.65201304148262,0.669837904331584,-0.03479393682635721
1830,training,0,0.012491501867771149,0.014630159677547182,9.691989558573452,0.6684964610665796,-0.032560548087280206
1831,training,0,0.0007910318672656996,0.014630159677547182,9.731879938527404,0.6672008121032649,-0.03264055978753524
1832,training,0,0.014580041170120236,0.014630159677547182,9.77179899246803,0.6659406828905632,-0.030373778064729646
1833,training,0,0.0052392492070794106,0.014630159677547182,9.81171316767088,0.6647768031749678,-0.029161723636992914
1834,training,0,0.00703344494104385,0.014630159677547182,9.851678969596907,0.6636325010521161,-0.028057112900527228
1835,training,0,0.01563991606235504,0.011699333805918711,9.891633328648744,0.6625700185362969,-0.025256229626438764
1836,training,0,0.015171648934483528,0.011699333805918711,9.931529005358845,0.6615808565423212,-0.025153038980574534
1837,training,0,0.013633381575345993,0.011699333805918711,9.971475469696287,0.6606021688677348,-0.023625914570617083
1838,training,0,0.007304209284484385,0.011699333805918711,10.01140298408989,0.6597104991533809,-0.022164017747083563
1839,training,0,0.0002805320546030998,0.011699333805918711,10.051376126430188,0.658834772623359,-0.022012579048107866
1840,training,0,0.01605377346277237,0.011699333805918711,10.091320664798163,0.6579945868335322,-0.019861564194749978
1841,training,0,0.0197411235421896,0.007543467842340761,10.131223012561271,0.6572312474169206,-0.019479630645045654
1842,training,0,0.013522841036319733,0.007543467842340761,10.171197452629839,0.6564686477094978,-0.0186706056081235
1843,training,0,0.010799344629049301,0.007543467842340761,10.211173376370553,0.6557640799426765,-0.01722376189392478
1844,training,0,0.018376672640442848,0.007543467842340761,10.2510913407638,0.6550606399193785,-0.018065749853302997
1845,training,0,0.013139743357896805,0.007543467842340761,10.291045920244738,0.6543642184961233,-0.01681758855195743
1846,training,0,0.008291068486869335,0.007543467842340761,10.330948497147485,0.6537158778137551,-0.01684486627492304
1847,training,0,0.0057798027992248535,0.01881004982340439,10.370946486548778,0.6530464137024287,-0.01651545132158518
1848,training,0,0.012840073555707935,0.01881004982340439,10.410914380125979,0.6524333760604983,-0.014321680499398887
1849,training,0,0.016015594825148582,0.01881004982340439,10.45080942562629,0.6518676866678969,-0.014588544505936142
1850,training,0,0.015007421374320984,0.01881004982340439,10.490776464919232,0.6513129897723088,-0.012939700278510399
1851,training,0,0.009212816134095192,0.01881004982340439,10.530677646333901,0.6508452797410667,-0.011843898951463993
1852,training,0,0.002001933753490448,0.01881004982340439,10.570681174955112,0.6503841199961291,-0.011410877822510317
1853,training,0,0.015013840049505234,0.028716850384921472,10.610635070861195,0.6499802419836003,-0.008637833164759657
1854,training,0,0.018001394346356392,0.028716850384921472,10.650525032578706,0.6496663085489753,-0.00808577191247289
1855,training,0,0.014706630259752274,0.028716850384921472,10.690521326496949,0.6493673536420498,-0.006736816039197708
1856,training,0,0.010336756706237791,0.028716850384921472,10.73046101778588,0.6491518036951939,-0.004901055493129422
1857,training,0,0.017961451783776283,0.028716850384921472,10.770431485757157,0.648960845235833,-0.0050007215088922734
1858,training,0,0.011903744190931324,0.028716850384921472,10.810401891863366,0.6487941613966483,-0.0032524456492494906
1859,training,0,0.004159059375524521,0.03682831488088258,10.850312661170323,0.6486974615037505,-0.002476984529324151
1860,training,0,0.006333782337605953,0.03682831488088258,10.890330517686811,0.6486186910970904,-0.0014755830793116876
1861,training,0,0.003001782577484846,0.03682831488088258,10.930290533464879,0.6486199063648662,0.001129154449415691
1862,training,0,0.00010159984230995178,0.03682831488088258,10.970220147185621,0.6486783666127816,0.0014526284964370179
1863,training,0,0.006362436339259148,0.03682831488088258,11.010210130079836,0.6487699367246189,0.0033991464928143267
1864,training,0,0.004424354061484337,0.03682831488088258,11.0501577387659,0.6489584300414892,0.005040634823738929
1865,training,0,0.008614256512373686,0.04144188125086784,11.090167240727375,0.6491665495950704,0.005349897907149344
1866,training,0,0.0033549126237630844,0.04144188125086784,11.130103004063216,0.6494308172646938,0.007546979448726271
1867,training,0,0.0028059426695108414,0.04144188125086784,11.170065751499127,0.6497562341063606,0.007855422096629256
1868,training,0,0.00019788555800914764,0.04144188125086784,11.210033469930778,0.6500837252918026,0.00878164791279848
1869,training,0,0.003342095296829939,0.04144188125086784,11.249996550482278,0.650472283902916,0.009783754724253822
1870,training,0,0.004770537838339806,0.04144188125086784,11.29000446800877,0.6508441260440471,0.008507316024962398
1871,training,0,0.0034378846175968647,0.027223244607842555,11.329922285506633,0.6511984875248418,0.008996095617122165
1872,training,0,0.004862084519118071,0.027223244607842555,11.369899878672156,0.6515477311763622,0.007405241297833718
1873,training,0,0.008203523233532906,0.027223244607842555,11.40987161589192,0.6517955078444234,0.005495133784493107
1874,training,0,0.0038001593202352524,0.027223244607842555,11.449857760275567,0.6520079541117628,0.0047020891353970785
1875,training,0,0.002614316006656736,0.027223244607842555,11.48985054632111,0.6521581618375513,0.002669988896504786
1876,training,0,0.0010106704430654645,0.027223244607842555,11.529798856616488,0.6522704232496307,0.003246481706784592
1877,training,0,0.00947253592312336,0.010889835960097446,11.56978180928338,0.652425596526624,0.0036751920658607373
1878,training,0,0.017353087197989225,0.010889835960097446,11.6098081901954,0.6525722866390241,0.0039426913605851805
1879,training,0,0.021306360606104136,0.010889835960097446,11.649761699358749,0.6527958269962452,0.007568358623049463
1880,training,0,0.01847909577190876,0.010889835960097446,11.689663624460804,0.6531526327227578,0.009843505769267817
1881,training,0,0.012068560346961021,0.010889835960097446,11.729663950088694,0.653613461998886,0.013408531374087878
1882,training,0,0.012840067036449907,0.010889835960097446,11.769601573381296,0.6542406109151221,0.01700373590252612
1883,training,0,0.006992504000663757,0.013542287370914195,11.809598503396114,0.6549385701062425,0.017217739476510372
1884,training,0,0.007926512975245714,0.013542287370914195,11.84949601438408,0.6556538579390582,0.0181503684066742
1885,training,0,0.006002973765134813,0.013542287370914195,11.889461051211844,0.6563582121573484,0.015779162746747826
1886,training,0,0.012156459968537092,0.013542287370914195,11.929438014165068,0.6569172850424555,0.012649891859237511
1887,training,0,0.00040826527401804924,0.013542287370914195,11.969435678116271,0.6573868326077439,0.010414835702719118
1888,training,0,0.010778967756778002,0.013542287370914195,12.009436769973084,0.6577337106382869,0.007190236724738824
1889,training,0,0.01917727943509817,0.01701495401156482,12.049375727287027,0.6580347251536609,0.00863539589871903
1890,training,0,0.006352598895318806,0.01701495401156482,12.089331244002254,0.6584355430717178,0.010643014225152996
1891,training,0,0.005752638913691044,0.01701495401156482,12.12933410390438,0.6588809991668128,0.011445706294677588
1892,training,0,0.024469131603837013,0.01701495401156482,12.169268001982262,0.6593801199433321,0.012507789579092333
1893,training,0,0.027827655663713813,0.01701495401156482,12.2092743612889,0.6598019636932301,0.00662130207330652
1894,training,0,0.002838289365172386,0.01701495401156482,12.249271144131429,0.6599282346716357,0.0003853923312733052
1895,training,0,0.0012215059250593185,0.016325038541780332,12.289272695443369,0.6598782027006149,-0.002170847751967074
1896,training,0,0.002083422616124153,0.016325038541780332,12.32929036513267,0.6597671468807162,-0.003463671382695506
1897,training,0,0.015361614954599645,0.016325038541780332,12.369263490496463,0.6596468721773032,-0.0025098629291557114
1898,training,0,0.03301369398832321,0.016325038541780332,12.409211747979896,0.6595461525291668,-0.004126595507221195
1899,training,0,0.0382961705327034,0.016325038541780332,12.44910009549523,0.6593103476372931,-0.007837981234560148
1900,training,0,0.03989927051588893,0.016325038541780332,12.489154270579064,0.6588863666006745,-0.01395869642185785
1901,training,0,0.024086154997348785,0.02057251956989641,12.52919995227133,0.6581633997939037,-0.022020393627928424
1902,training,0,0.027607036754488945,0.02057251956989641,12.569131027170272,0.6572074049545941,-0.024807331030482594
1903,training,0,0.01883058063685894,0.02057251956989641,12.609059187239751,0.6562075506434218,-0.0263294946677848
1904,training,0,0.02559463493525982,0.02057251956989641,12.64904518185863,0.6551260225822987,-0.02764621560616006
1905,training,0,0.03121231123805046,0.02057251956989641,12.689016776542791,0.6540307314092928,-0.02753776391982063
1906,training,0,0.03347431868314743,0.02057251956989641,12.728930290207774,0.6528912376428467,-0.03025503623329194
1907,training,0,0.047313783317804343,0.03245256484171049,12.76888134622017,0.6516552261394463,-0.03155145925031713
1908,training,0.007309284,0.05898785777390003,0.03245256484171049,12.848800609161298,0.6489990697781516,-0.0361547984693511
1909,training,0,0.04191975202411413,0.03245256484171049,12.888736716667012,0.647552381565679,-0.03623131061366844
1910,training,0.049980618,0.07447976246476173,0.03245256484171049,12.92863889621193,0.6461101953892755,-0.03688215063002603
1911,training,0.009432251,0.05592688173055649,0.03245256484171049,12.988557747996627,0.6439032609948694,-0.036810971595777744
1912,training,0.0044088103,0.09152919799089432,0.036935673024073794,13.028490120049216,0.6424204521743105,-0.03866935354919268
1913,training,0.009155037,0.12735909968614578,0.036935673024073794,13.08839910223901,0.6398520067736434,-0.04927701779663519
1914,training,0.015047038,0.12576479092240334,0.036935673024073794,13.148524456192803,0.6362791901037762,-0.07160109706257232
1915,training,0,0.010513901710510268,0.036935673024073794,13.188384582495056,0.633176414760571,-0.08143904176901426
1916,training,0,0.006028734147548689,0.036935673024073794,13.208350103934208,0.6315425703509592,-0.07971721204799462
1917,training,0,0.0007383301854133467,0.053310552413478034,13.228224272490975,0.6300125624522793,-0.07365080319201696
1918,training,0,0.02072669938206673,0.053310552413478034,13.267967022385378,0.6273541791663623,-0.059473729665114265
1919,training,0,0.0023484323173761368,0.053310552413478034,13.287840000128323,0.6262507361756653,-0.052355411413337716
1920,training,0,0.003277856856584549,0.053310552413478034,13.307807237102455,0.62525018337173,-0.04789079379356864
1921,training,0,0.008525713346898556,0.053310552413478034,13.347667411807603,0.6234460643940473,-0.04360838468302033
1922,training,0.007141129,0.05214262008666992,0.053310552413478034,13.38756846588565,0.621766735188136,-0.04070888567198872
1923,training,0,0.011151384562253945,0.053310552413478034,13.427498914430911,0.6202370070190942,-0.035565569257297806
1924,training,0,0.02883991226553917,0.053310552413478034,13.467357312642388,0.618991016048166,-0.02552305173720741
1925,training,0,0.016768954694271088,0.04586240326692512,13.487268575188594,0.6185320251526304,-0.02159144127967953
1926,training,0,0.0401449054479599,0.04586240326692512,13.52722930205029,0.6177650205043442,-0.0193522554117117
1927,training,0.012498433,0.10424174740910529,0.04586240326692512,13.587185071117489,0.6163175294116806,-0.029957492611930224
1928,training,0.0052767373,0.1330697238445282,0.04586240326692512,13.627233296401608,0.6149631291729987,-0.03804203612699918
1929,training,0.002038425,0.18232867121696472,0.04586240326692512,13.667289811269235,0.613201212036531,-0.05152821015138816
1930,training,0.0008206707,0.2402646169066429,0.03618068475270839,13.72731187063091,0.6093410688676715,-0.08040134906911271
1931,training,0.0029973167,0.17191458493471146,0.03618068475270839,13.767481066735135,0.605562857717601,-0.10893738592030522
1932,training,0.0097598415,0.13739484921097755,0.03618068475270839,13.787324232359964,0.6032810084082676,-0.11937293646680561
1933,training,0.0031844699,0.09609061479568479,0.03618068475270839,13.827057368797812,0.5983872867919321,-0.12253834849773573
1934,training,0,0.04205033928155899,0.03618068475270839,13.866647011700655,0.593552423799874,-0.11911887596501544
1935,training,0,0.03097409009933473,0.03618068475270839,13.886398284845423,0.5912414738726796,-0.11376169860422837
1936,training,0.012078313,0.05477623641490939,0.03618068475270839,13.945967594078338,0.5850458972390237,-0.09284376747035805
1937,training,0,0.038691096007823944,0.05781137847703962,13.985607350504408,0.581665487795875,-0.07579747926991366
1938,training,0.0030690315,0.05443926155567169,0.05781137847703962,14.025301233820313,0.5790736118524356,-0.05478452216324049
1939,training,0.026066238,0.06372702866792679,0.05781137847703962,14.06506036492637,0.5772344422869341,-0.03914009889446363
1940,training,0.0033166464,0.06451293453574179,0.05781137847703962,14.124835649970844,0.5754626700173728,-0.021678930332841198
1941,training,0.0050629335,0.07417179085314274,0.05781137847703962,14.164693524828953,0.5747271393148451,-0.01678194091810503
1942,training,0,0.0428856685757637,0.06922167947998192,14.184688028720336,0.5744111532243813,-0.014988671815019053
1943,training,0,0.025654051452875123,0.06922167947998192,14.224611393579163,0.5739448143214859,-0.006674342851279979
1944,training,0,0.01860249042510985,0.06922167947998192,14.26442338443858,0.5739054452146727,0.003840725176727409
1945,training,0,0.007285285741090761,0.06922167947998192,14.304391432698493,0.5742877293350158,0.015285939482716846
1946,training,0,0.0071530938148498535,0.06922167947998192,14.324325335561928,0.5746552713928597,0.02175274920582519
1947,training,0,0.009529851377010345,0.06922167947998192,14.364136328941063,0.5757497803159825,0.031103940201394117
1948,training,0,0.008571786805987362,0.06922167947998192,14.404118634570764,0.5770986893914507,0.03619577951895603
1949,training,0.002404968,0.1028835466131568,0.07463299914950074,14.463866620118845,0.5795773194375616,0.045506788799025776
1950,training,0.0050404877,0.11087381839752197,0.07463299914950074,14.503842408096444,0.5814412436311317,0.047405806933883944
1951,training,0.003973699,0.06325142178684474,0.07463299914950074,14.543692142610139,0.5833954029032299,0.05000680750803171
1952,training,0.006869871,0.09546907804906367,0.07463299914950074,14.58355541132581,0.5854027366527625,0.05009208610829258
1953,training,0.025162606,0.08927977085113524,0.07463299914950074,14.623518821375457,0.5874384153416847,0.05276965834992925
1954,training,0,0.008871503174304962,0.07463299914950074,14.663330842006824,0.5896479109943862,0.057124223968662166
1955,training,0,0.012681111693382261,0.06198232195662893,14.703225440850538,0.5920082437678897,0.06127330655111663
1956,training,0,0.015497242799028754,0.06198232195662893,14.723218742849191,0.5932591046091533,0.06389350708221755
1957,training,0,0.017186513170599937,0.06198232195662893,14.762974156916416,0.5959490050434947,0.06989782808216496
1958,training,0,0.010752970352768898,0.06198232195662893,14.802822600364589,0.5988030744159131,0.07290145320299864
1959,training,0,0.009888642467558382,0.06198232195662893,14.842702640398038,0.6017829051151501,0.07655004487753296
1960,training,0,0.024346841499209404,0.06198232195662893,14.88245567218955,0.6048831972991978,0.0777836551552339
1961,training,0,0.02984695509076118,0.04563732269669858,14.922401710772112,0.6079938838608195,0.07744352393410214
1962,training,0,0.010515279369428754,0.04563732269669858,14.962192121817854,0.6111117286640014,0.07811733587727851
1963,training,0,0.006601489381864667,0.04563732269669858,15.002005223509146,0.6141972802513048,0.07612280059868785
1964,training,0,0.01242011971771717,0.04563732269669858,15.041930125319716,0.6172059658180244,0.07484687035895973
1965,training,0,0.006552956532686949,0.04563732269669858,15.08172570957462,0.620177130573601,0.07311166380355089
1966,training,0,0.007299378048628569,0.04563732269669858,15.121667342658288,0.6230423659420861,0.06990588928371465
1967,training,0,0.0014841929078102112,0.027463984956558586,15.161539581480119,0.6258058297613209,0.06843950124901994
1968,training,0,0.005545392632484438,0.027463984956558586,15.201367621779594,0.6284783112178209,0.06499313445522842
1969,training,0,0.0026717372238636017,0.027463984956558586,15.241371068217111,0.6310109704490319,0.06168993153207131
1970,training,0,0.007563211023807529,0.027463984956558586,15.281192204529386,0.6334535221779745,0.05995692182202934
1971,training,0,0.009524993598461158,0.027463984956558586,15.321124322229503,0.6357870974655212,0.05646112701702532
1972,training,0,0.0028711669147014583,0.027463984956558586,15.361042707896718,0.6379986050930997,0.05441629014279481
1973,training,0,0.01314182952046394,0.01646304870398418,15.400912799851769,0.6401204089348013,0.05126696997628166
1974,training,0,0.016115324571728706,0.01646304870398418,15.440940168066122,0.6421042189238925,0.04800184006448676
1975,training,0,0.004539022222161293,0.01646304870398418,15.48080739102609,0.6440189547914813,0.04732265107094974
1976,training,0,0.014739535748958591,0.01646304870398418,15.52072019873107,0.6458606048420457,0.04449114129868808
1977,training,0,0.014965025708079338,0.01646304870398418,15.560666640447078,0.6476028077375903,0.043241326401127864
1978,training,0,0.01269979402422905,0.01646304870398418,15.600577694169749,0.6493166751204892,0.04152976358054083
1979,training,0,0.013850877061486244,0.017250451316044392,15.64059283344222,0.650914153767245,0.03831536120536454
1980,training,0,0.016294850036501884,0.017250451316044392,15.680488415114452,0.6524361378785744,0.037930705069787574
1981,training,0,0.01218542642891407,0.017250451316044392,15.720407463149613,0.6539214297871891,0.035580961501653505
1982,training,0,0.012142879888415337,0.017250451316044392,15.76037685398099,0.6552951990446884,0.0336857484934158
1983,training,0,0.006068184971809387,0.017250451316044392,15.800307170643766,0.6566354831200253,0.03284071958880525
1984,training,0,0.017904097214341164,0.017250451316044392,15.840298663100976,0.6579029907717202,0.02994229600021537
1985,training,0,0.017091659829020504,0.013785085271952418,15.88022876573282,0.6590751450257429,0.02910181332472514
1986,training,0,0.013151528313755989,0.013785085271952418,15.92016421509668,0.6602231011350196,0.027529712253163807
1987,training,0,0.01653658039867878,0.013785085271952418,15.960185603080234,0.6612837018344256,0.025699018189795107
1988,training,0,0.022775594145059586,0.013785085271952418,16.00010137749923,0.6623234378798082,0.02558718046999578
1989,training,0,0.012340698391199112,0.013785085271952418,16.040064011363967,0.6633043182249743,0.023161817578298896
1990,training,0,0.01694185473024845,0.013785085271952418,16.079999687553897,0.6642085931094431,0.02237500190822444
1991,training,0,0.0128057673573494,0.006106497242851499,16.11995968877149,0.6650943946691211,0.021067901767496823
1992,training,0,0.019401321187615395,0.006106497242851499,16.159988214658565,0.6658864096527121,0.018672571294184783
1993,training,0,0.017385656014084816,0.006106497242851499,16.199888767088623,0.6666445091593469,0.018955875641531818
1994,training,0,0.012237273156642917,0.006106497242851499,16.239850344369533,0.6673819805036578,0.017088062112067624
1995,training,0,0.018119113519787792,0.006106497242851499,16.279802432439695,0.6680318955477076,0.015887250166209333
1996,training,0,0.007476110011339188,0.006106497242851499,16.31978023729326,0.668663438679272,0.01503523790541826
1997,training,0,0.015030521899461746,0.013843940252178031,16.359792779135155,0.6692156912860018,0.012193716173982617
1998,training,0,0.018732866272330284,0.013843940252178031,16.399702840994472,0.669685289361116,0.011341189844462201
1999,training,0,0.014621052891016006,0.013843940252178031,16.439681978905117,0.6701183163188107,0.009520054014488166
2000,training,0,0.0013466170057654363,0.013843940252178031,16.4796591578713,0.6704557160862783,0.007949811010188441
2001,training,0,0.007610965520143511,0.013843940252178031,16.519634746919362,0.6707759513121129,0.007443024988323499
2002,training,0,0.01204599067568779,0.013843940252178031,16.559630285050105,0.6710294511070162,0.0048924362637835185
2003,training,0,0.00292041152715683,0.02050249017290692,16.599563475166583,0.6712083323696905,0.0041207648055784285
2004,training,0,0.015426103025674823,0.02050249017290692,16.639561391551684,0.6713619913662071,0.002799293778333081
2005,training,0,0.008309639990329742,0.02050249017290692,16.679578853571925,0.671429477740341,0.0008412889828863658
2006,training,0,0.00022249994799494743,0.02050249017290692,16.719523613491923,0.6714768382743448,0.0012320186272926352
2007,training,0,0.0022879773750901222,0.02050249017290692,16.75951294571015,0.6715151617713885,-0.0002082154286331236
2008,training,0,0.0017825919203460217,0.02050249017290692,16.799495532013434,0.6714866146200127,-0.0008596367341118892
2009,training,0,0.01073626335710287,0.023332036199164564,16.839489616842318,0.6714681478536613,-0.0006724809295277758
2010,training,0,0.012360051274299623,0.023332036199164564,16.8794947304887,0.6714138458294139,-0.002161904817636872
2011,training,0,0.003685570787638426,0.023332036199164564,16.9194380076743,0.6713429636656103,-0.001660054373671521
2012,training,0,0.013636671006679535,0.023332036199164564,16.959402900319155,0.6712806689548046,-0.0022400491308404973
2013,training,0,9.273318573832512e-05,0.023332036199164564,16.999417699422153,0.6711797002626927,-0.0027793040849775257
2014,training,0,0.014992881566286085,0.023332036199164564,17.03940287549423,0.671087827077544,-0.0022869413813073228
2015,training,0,0.01222805306315422,0.025676730042062827,17.079382326671283,0.670977205632851,-0.0034829784661277474
2016,training,0,0.0037619206123054028,0.025676730042062827,17.119364885360167,0.6708441384255065,-0.0031376550854031638
2017,training,0,0.01440452039241791,0.025676730042062827,17.159320261275656,0.6707335206173884,-0.0032406810381104723
2018,training,0,0.01071974216029048,0.025676730042062827,17.199342964101206,0.6705947953749246,-0.003794149725721888
2019,training,0,0.001253481488674879,0.025676730042062827,17.23930853541391,0.6704776146213625,-0.0021684556454339646
2020,training,0,0.018474623560905457,0.025676730042062827,17.279245237034058,0.6703943952489185,-0.0028327580334695773
2021,training,0,0.016348992474377155,0.014100669422577221,17.319253618434963,0.6702832839280837,-0.0023946903607315823
2022,training,0,0.017954707145690914,0.014100669422577221,17.35920284522556,0.6702237892270344,-0.0015138818847879436
2023,training,0,0.012815795373171568,0.014100669422577221,17.399212424400652,0.6701582485656058,-0.0020505130263134726
2024,training,0,0.018248005770146847,0.014100669422577221,17.439181479508214,0.6701039023834889,-0.0005622165335533501
2025,training,0,0.011315411888062954,0.014100669422577221,17.479113773288912,0.6701054683136897,-0.00024158068773521828
2026,training,0,0.021733084693551067,0.014100669422577221,17.519114568937635,0.670104037431737,2.3774523287536332e-05
2027,training,0,0.015812058001756668,0.014183402955684316,17.559084669713325,0.6701405228099586,0.0014290777812417195
2028,training,0,0.012929257005453108,0.014183402955684316,17.599047145568512,0.6701972870659546,0.0010383769614733089
2029,training,0,0.01899902056902647,0.014183402955684316,17.63900635103773,0.6702635847630612,0.0022613759685318076
2030,training,0,0.014701947569847107,0.014183402955684316,17.678967814405038,0.6703827271522897,0.002886205156701126
2031,training,0,0.02414895035326481,0.014183402955684316,17.718982048460216,0.6705026988923656,0.0030948923637058494
2032,training,0,0.029728246852755547,0.014183402955684316,17.75893570634864,0.6706749185556727,0.00529046523517973
2033,training,0,0.03126662038266659,0.01219219590615653,17.79889065547541,0.6709041646356445,0.005519206080411449
2034,training,0,0.016274962574243546,0.01219219590615653,17.838866463574742,0.6711486436042257,0.0070293855299326065
2035,training,0,0.018406441435217854,0.01219219590615653,17.878834451235594,0.671485760414133,0.009044810302760574
2036,training,0,0.009905125945806503,0.01219219590615653,17.91883781022479,0.6718576896523241,0.00957305745643088
2037,training,0,0.016126584261655807,0.01219219590615653,17.958761306585895,0.6723005929018248,0.012476757966294529
2038,training,0,0.022232821211218834,0.01219219590615653,17.998708789787248,0.6728444715276629,0.013775177238306274
2039,training,0,0.013804066926240921,0.015674811588956332,18.03866185102136,0.6734145430441855,0.015092377455518105
2040,training,0,0.009914933703839779,0.015674811588956332,18.07862116976487,0.674068818985504,0.017128180887223086
2041,training,0,0.01666407845914364,0.015674811588956332,18.118594625646896,0.6747619379004138,0.017172789608772464
2042,training,0,0.030014464631676674,0.015674811588956332,18.15850660845355,0.675487201746753,0.01951668869965994
2043,training,0,0.01878401078283787,0.015674811588956332,18.19843845952073,0.6763194321641564,0.021331029144597568
2044,training,0,0.028934875503182418,0.015674811588956332,18.238437755194177,0.6772009003659822,0.022937062863260187
2045,training,0,0.012175019830465317,0.0185478119033827,18.27832211977185,0.678203053678295,0.02674144973520326
2046,training,0,0.018764415755867958,0.0185478119033827,18.318251473452214,0.679308514625785,0.028145032537313708
2047,training,0,0.003032691776752472,0.0185478119033827,18.358174064404682,0.6804817895986909,0.03111585821657393
2048,training,0,0.006502348929643629,0.0185478119033827,18.398084484306086,0.6817965402826555,0.03363233936181147
2049,training,0.002604671,0.05782580189406872,0.0185478119033827,18.457988348465438,0.6838581895126392,0.03585129675687342
2050,training,0,0.04964076355099678,0.0185478119033827,18.497893614127566,0.6853474417337676,0.03782194437318757
2051,training,0.004717192,0.05818833038210869,0.015002013921754709,18.537871508679675,0.6868628150074684,0.037644299820961194
2052,training,0,0.028283042833209038,0.015002013921754709,18.57774834309727,0.6883944289039922,0.038708584429590985
2053,training,0,0.02078557014465332,0.015002013921754709,18.617721217481233,0.6898571595971561,0.03323109155197704
2054,training,0,0.011094491928815842,0.015002013921754709,18.637767027833274,0.6904867127779138,0.029522138637008
2055,training,0,0.022571844980120666,0.015002013921754709,18.697747385623288,0.6920118939740756,0.021150014339680615
2056,training,0,0.01915606670081614,0.015002013921754709,18.717728113554408,0.6924040378439325,0.01776992641570141
2057,training,0,0.02591533027589321,0.044610119591735505,18.75774281252567,0.6929883784075752,0.012207516382180858
2058,training,0,0.033358870074152946,0.044610119591735505,18.797716205618446,0.6934247053676661,0.00974154154018486
2059,training,0,0.03669666685163975,0.044610119591735505,18.837708683627415,0.6937739166014703,0.007604739199550098
2060,training,0,0.04794294200837613,0.044610119591735505,18.87765884068388,0.6940855178722042,0.008448283669899267
2061,training,0,0.042854757979512215,0.044610119591735505,18.91763333252745,0.6944595600759594,0.009321918255395191
2062,training,0,0.03691977821290493,0.044610119591735505,18.957644318351583,0.6948178344610871,0.008630068614637344
2063,training,0,0.027375413104891777,0.04698177394090183,18.997568431498603,0.6951934796007414,0.009587270442312864
2064,training,0,0.032875286415219314,0.04698177394090183,19.03755354066809,0.6955613267205722,0.007648210341436588
2065,training,0,0.03552730567753316,0.04698177394090183,19.077498798506465,0.6958208612789849,0.005875162399909243
2066,training,0,0.02128019370138645,0.04698177394090183,19.117507628760368,0.6960431011949264,0.004671459043278301
2067,training,0,0.016043439507484436,0.04698177394090183,19.157525600453184,0.6961630623679486,0.0010203358816904288
2068,training,0,0.019894173368811604,0.04698177394090183,19.1974309634093,0.6961819122341222,-0.0001408603164708647
2069,training,0,0.029811745509505272,0.044293767771461066,19.257464852595806,0.6960916943213058,-0.0035927890168426443
2070,training,0,0.016062939539551735,0.044293767771461066,19.29740017292432,0.6959327818254566,-0.004627660054522903
2071,training,0,0.020523542538285255,0.044293767771461066,19.33742355259905,0.695722026302415,-0.006674215112672143
2072,training,0,0.0029881875962018967,0.044293767771461066,19.357442225165858,0.6955685495274807,-0.00861005959125273
2073,training,0,0.031065544113516808,0.044293767771461066,19.397382440562936,0.6951906006153473,-0.01015095268683879
2074,training,0,0.04560066573321819,0.044293767771461066,19.43731076146317,0.6947825609960847,-0.01087398994418582
2075,training,0,0.0491955429315567,0.04267962878533991,19.47731500539423,0.6943591302095101,-0.00996478074785192
2076,training,0.006659752,0.05468179099261761,0.04267962878533991,19.537162769405143,0.6939645541024743,-0.003988323637179087
2077,training,0,0.002873713150620464,0.04267962878533991,19.577157939500605,0.6938269579353903,-0.003417616325007725
2078,training,0,0.002640370279550556,0.04267962878533991,19.597100872799064,0.6937541546267173,-0.004701314593018581
2079,training,0,0.017702313140034676,0.04267962878533991,19.637160839219263,0.6934820094040386,-0.00919483327994812
2080,training,0,0.031078116968274117,0.04267962878533991,19.677188344538717,0.6929940647162076,-0.01466975020303345
2081,training,0,0.0017371326684951782,0.04932534737236604,19.717156525489774,0.6923598709575115,-0.01782983879919639
2082,training,0,0.02993546053767205,0.04932534737236604,19.75730340875468,0.6915154887297515,-0.026596730991939193
2083,training,0,0.04416250810027124,0.04932534737236604,19.79724967722648,0.6901698551175377,-0.041656629717559596
2084,training,0.0031063934,0.06110061705112457,0.04932534737236604,19.857427703090842,0.686900313447854,-0.06758678158546837
2085,training,0.01130292,0.058725619688630104,0.04932534737236604,19.91729191621332,0.6820643588609546,-0.0924867883471779
2086,training,0.001362803,0.05005088075995445,0.0403395914169394,19.977191343731505,0.6758319910890896,-0.11547940070485876
2087,training,0,0.04020853620022535,0.0403395914169394,19.996996025044645,0.6734725505047113,-0.12092247871429644
2088,training,0,0.009172037709504366,0.0403395914169394,20.01681676213573,0.6710263893206522,-0.1237579842999497
2089,training,0,0.023599999025464058,0.0403395914169394,20.0566254704456,0.6660545825997495,-0.12546905459606167
2090,training,0,0.01602751389145851,0.0403395914169394,20.09624702447334,0.6609375109959451,-0.13230157116025756
2091,training,0,0.026327895931899544,0.0403395914169394,20.135862062337402,0.6555728588836162,-0.13631436694725213
2092,training,0,0.017816916108131402,0.009809027591105746,20.15575460676435,0.652839274507943,-0.13663613657656173
2093,training,0,0.012379325926303864,0.009809027591105746,20.19532271687734,0.6474025388082414,-0.1359013071555761
2094,training,0,0.02312979847192765,0.009809027591105746,20.23486424684177,0.6421032569384061,-0.13012620891453897
2095,training,0,0.002602206543087956,0.009809027591105746,20.274605217908153,0.6370275589644904,-0.12397508030395996
2096,training,0,0.02315545082092285,0.009809027591105746,20.31413596405048,0.632236638883423,-0.1175605638891793
2097,training,0,0.0008607115596532787,0.009809027591105746,20.353888827409847,0.6276587455804133,-0.11235880888978578
2098,training,0,0.020116653293371194,0.0188085583616726,20.413385546615544,0.6211067243686678,-0.10633377546954857
2099,training,0,0.028310898691415787,0.0188085583616726,20.453153873805714,0.6169982498852008,-0.09935454948463321
2100,training,0,0.009878652170300485,0.0188085583616726,20.473082078005437,0.6150430167809187,-0.09646415434455839
2101,training,0,0.008176052942872044,0.0188085583616726,20.51274541136778,0.6113073989670903,-0.09155446854192595
2102,training,0,0.00649287365376949,0.0188085583616726,20.552547962757835,0.6077641158185875,-0.08587726679784931
2103,training,0,0.008982868865132332,0.0188085583616726,20.592369032118096,0.604430126324134,-0.08177204920916954
2104,training,0,0.0036933962255716324,0.012699891209583985,20.632109788952413,0.6012839255851479,-0.07673441357898508
2105,training,0,0.004111988469958309,0.012699891209583985,20.67203988323778,0.5983020190864082,-0.07267428148920331
2106,training,0,0.007785858586430553,0.012699891209583985,20.711819464417946,0.5954596718741891,-0.06951741936821611
2107,training,0,0.010383863933384418,0.012699891209583985,20.751637207064448,0.5928124875451689,-0.06322544550511543
2108,training,0,0.01456750649958849,0.012699891209583985,20.791557245817007,0.5903810433518183,-0.06000877462677313
2109,training,0,0.014506691135466099,0.012699891209583985,20.831398674693872,0.5880171319924833,-0.05913937221795977
2110,training,0,0.0251986226066947,0.011820509549145172,20.871360234668924,0.5856598215748562,-0.059125160445836315
2111,training,0,0.005344009026885029,0.011820509549145172,20.911211882598845,0.5832811792733572,-0.059765431225259645
2112,training,0,0.01997833140194416,0.011820509549145172,20.951048208361968,0.5809694135906219,-0.055684323732478426
2113,training,0,0.025930611416697502,0.011820509549145172,20.990923257147283,0.578856838349338,-0.05032425970856204
2114,training,0,0.04945269599556923,0.011820509549145172,21.03079786222592,0.5769854430737136,-0.043436245193714966
2115,training,0.011459032,0.07751699723303318,0.011820509549145172,21.090686835164867,0.5744300253313008,-0.047314681218933556
2116,training,0,0.032906193286180496,0.0072234624451091725,21.110682859444236,0.5734317983884795,-0.052817913645529666
2117,training,0,0.0001350492238998413,0.0072234624451091725,21.150587700129613,0.5711474820897612,-0.05911798702085655
2118,training,0,0.01894810236990451,0.0072234624451091725,21.19053706878202,0.5688246698767396,-0.056136035573367604
2119,training,0.011405242,0.07318539917469025,0.0072234624451091725,21.270264347346185,0.5645985968791114,-0.04941640519088901
2120,training,0,0.03215881623327732,0.0072234624451091725,21.310262582043507,0.562639984769897,-0.05137946314645068
2121,training,0,0.028539560735225677,0.020315969782110647,21.350184973316956,0.5605001960866146,-0.05446051971485948
2122,training,0,0.013882726430892937,0.020315969782110647,21.370147039795256,0.5594170524213231,-0.05354696524417374
2123,training,0,0.007820427417755127,0.020315969782110647,21.41001735957641,0.5573591658411183,-0.05008798186915957
2124,training,0,0.005292370915412903,0.020315969782110647,21.44988915473594,0.5554677992804412,-0.044407899731876664
2125,training,0,0.009627677500247948,0.020315969782110647,21.46982008378965,0.5546266262510817,-0.039531811989695555
2126,training,0,0.011096138507127762,0.020315969782110647,21.50966130310026,0.5532450266182319,-0.030498720032620573
2127,training,0,0.005218036472797394,0.020315969782110647,21.54956596425838,0.5522253689292316,-0.020814548796873743
2128,training,0,0.032856693491339684,0.02501187184414561,21.58948322238451,0.5516014834506617,-0.01127047984000763
2129,training,0,0.03080055117607118,0.02501187184414561,21.62933648349601,0.551259291200799,-0.006352434088719731
2130,training,0,0.006593350321054459,0.02501187184414561,21.66928588588493,0.5511327112864653,0.0003576897028355745
2131,training,0,0.013650540262460709,0.02501187184414561,21.709129447963644,0.5513100014285061,0.007724661847555792
2132,training,0,0.025520380586385734,0.02501187184414561,21.7490869054079,0.551783841530901,0.016590691064455473
2133,training,0,0.04710337892174721,0.02501187184414561,21.788966037011463,0.5527083174985126,0.030625973604677465
2134,training,0.0030494584,0.0624306108802557,0.012678613590259583,21.848652813586313,0.5551717172523954,0.052433666723078365
2135,training,0,0.03096100687980652,0.012678613590259583,21.888495509455463,0.557590295155593,0.06882261388650321
2136,training,0,0.004484318196773529,0.012678613590259583,21.928287365867682,0.5605143147524896,0.07606034133749909
2137,training,0,0.0031658783555030823,0.012678613590259583,21.94825693916111,0.5620492719131248,0.0768147036456045
2138,training,0,0.006241689436137676,0.012678613590259583,21.98809579784552,0.5651488679590109,0.07843512658593811
2139,training,0,0.005481420084834099,0.012678613590259583,22.027872606215933,0.5682606383586115,0.07645774887002105
2140,training,0,0.0050654481165111065,0.02066086327345987,22.06785776829064,0.5712594845787939,0.07342621932317674
2141,training,0,0.019629456102848056,0.02066086327345987,22.107637724104006,0.5741867845946865,0.07272017908929226
2142,training,0,0.04060337692499161,0.02066086327345987,22.147497638340546,0.5770648330641199,0.07147407209968404
2143,training,0,0.030178148299455643,0.02066086327345987,22.18741387237075,0.5799345007850971,0.07315026797583622
2144,training,0,0.03652568906545639,0.02066086327345987,22.227177516222973,0.5829163666162618,0.07535636044493282
2145,training,0,0.04786815121769905,0.02066086327345987,22.26711206094031,0.5859440557602226,0.07551311706664317
2146,training,0,0.00988999754190445,0.0047806907156617146,22.306916151870144,0.5889998075842591,0.07762290394529563
2147,training,0,0.010753811802715063,0.0047806907156617146,22.346695691032476,0.5921175127136824,0.07866322928615879
2148,training,0,0.007464725524187088,0.0047806907156617146,22.386605909336453,0.5952973402393532,0.08090040961303975
2149,training,0,0.005900272633880377,0.0047806907156617146,22.426335473973545,0.5985903144710396,0.08331394398386215
2150,training,0,0.02283003181219101,0.0047806907156617146,22.466202280200996,0.6019338732959199,0.08360181648350844
2151,training,0,0.015349658206105232,0.0047806907156617146,22.506026801710618,0.6052982282691605,0.0851683815081162
2152,training,0,0.0004336349666118622,0.016172316474181818,22.545768905331098,0.6087025217636006,0.08503337815726748
2153,training,0,0.008218278642743826,0.016172316474181818,22.585712683848715,0.6120999586420308,0.08476528095601635
2154,training,0,0.006921736057847738,0.016172316474181818,22.625429891990525,0.6155246289690978,0.08629116696266388
2155,training,0,0.005803783424198626,0.016172316474181818,22.665244022958394,0.6189706525664793,0.08603329643987834
2156,training,0,0.013228902593255043,0.016172316474181818,22.705114133101315,0.6224133404908966,0.08646507298472096
2157,training,0,0.026198629289865487,0.016172316474181818,22.744855995730994,0.6258511492058698,0.0850251038985471
2158,training,0,0.015498913824558265,0.017210349770752364,22.784793038019856,0.6292041394615648,0.08237293503506264
2159,training,0,0.015667855739593506,0.017210349770752364,22.824588163501527,0.632476283494546,0.08093640623471789
2160,training,0,0.011893134564161294,0.017210349770752364,22.86440805566086,0.6356225560533986,0.076085608058972
2161,training,0,0.0010794363915920258,0.017210349770752364,22.90434487322294,0.6385669960967009,0.0717109412503171
2162,training,0,0.01353805884718895,0.017210349770752364,22.94420183499977,0.641353478017413,0.06676204929240268
2163,training,0,0.016954634338617325,0.017210349770752364,22.98418369269795,0.6438934356437876,0.06018389466387612
2164,training,0,0.00502102263271809,0.01869655081347547,23.024096418239893,0.646220056283123,0.05661580568486447
2165,training,0,0.018065517768263817,0.01869655081347547,23.06398149243526,0.6484028290547099,0.05221088530000758
2166,training,0,0.01493486762046814,0.01869655081347547,23.103974115838803,0.6504145900892506,0.04899445029012992
2167,training,0,0.024909324944019318,0.01869655081347547,23.143855535321553,0.6523594061246973,0.047692443372011
2168,training,0,0.011294981464743618,0.01869655081347547,23.183811983940306,0.6542101742525107,0.04452713526729769
2169,training,0,0.016747090965509415,0.01869655081347547,23.223728598003618,0.6559553230898445,0.043014603818444984
2170,training,0,0.009679259732365605,0.015495543756752994,23.263645584766834,0.6576366567795887,0.04033626617732626
2171,training,0,0.0012647677212953568,0.015495543756752994,23.30367703930155,0.6591782828374084,0.03671211334477131
2172,training,0,0.0019723046571016346,0.015495543756752994,23.343579230087975,0.6606183942872476,0.034568087011579304
2173,training,0,0.003677939996123314,0.015495543756752994,23.383549694096374,0.6619042873430849,0.02895101783904797
2174,training,0,0.0006773751229047741,0.015495543756752994,23.423512348062975,0.6629576834909817,0.024098790349199952
2175,training,0,0.0054349955171346664,0.015495543756752994,23.46351853328335,0.663835363953242,0.019098578272392096
2176,training,0,0.009353278204798698,0.018304942195242962,23.503561446521896,0.66447922013869,0.013755688120143593
2177,training,0,0.021711507812142372,0.018304942195242962,23.54346561636989,0.6650168272542728,0.013578657531834777
2178,training,0,0.015566604211926459,0.018304942195242962,23.58343200742818,0.6655656171514295,0.013211796123754648
2179,training,0,0.031911843456327915,0.018304942195242962,23.62338664644141,0.6660965369476992,0.013892067696909453
2180,training,0,0.04168735072016716,0.018304942195242962,23.66334932273966,0.6667112224325757,0.016970711467786483
2181,training,0.010431303,0.050058238208293915,0.018304942195242962,23.723262151624322,0.6678466426012494,0.021350267050658848
2182,training,0,0.0022362377494573593,0.021878880721035054,23.743219259879762,0.6682933707161728,0.023174306535865913
2183,training,0,0.00391129590570927,0.021878880721035054,23.783221883979575,0.6692219565670724,0.02075497664100306
2184,training,0,0.0002552401274442638,0.021878880721035054,23.823246246335138,0.6699274190205452,0.014893652943997863
2185,training,0,0.015468904748558998,0.021878880721035054,23.86322426143212,0.6704491698584397,0.01099225731694196
2186,training,0,0.017504170536994934,0.021878880721035054,23.903248681238214,0.6707797850598995,0.004766381702622017
2187,training,0,0.00646193511784077,0.021878880721035054,23.943196635240994,0.670869502792768,0.00013593884764788285
2188,training,0,0.012665487825870514,0.010428511369210499,23.983241119015755,0.6708028648260518,-0.0038365672161596804
2189,training,0,0.0005609374493360519,0.010428511369210499,24.023265827100435,0.6705467117456985,-0.008819593634435758
2190,training,0,0.004138452932238575,0.010428511369210499,24.063221467090866,0.6701336173121355,-0.012527490683550895
2191,training,0,0.002867436036467552,0.010428511369210499,24.103270612977102,0.6695294553369703,-0.01830444893553229
2192,training,0,0.000615282915532589,0.010428511369210499,24.14325637191827,0.6686923696117739,-0.023205217334617865
2193,training,0,0.008775345981121063,0.020044492067088342,24.183271304397028,0.6677145396186656,-0.025476360174513504
2194,training,0,0.006235005334019659,0.020044492067088342,24.223186661354,0.6666499338741493,-0.027237803392958226
2195,training,0,0.014560633338987826,0.020044492067088342,24.263109106616845,0.665610061092393,-0.024299208900056594
2196,training,0,0.02974836714565754,0.020044492067088342,24.302986310190306,0.6647224302280408,-0.02077816035577859
2197,training,0,0.04682314768433571,0.020044492067088342,24.342930194895736,0.6640057351402265,-0.014305910567112282
2198,training,0.0046445504,0.052839480340480804,0.020044492067088342,24.402725119891276,0.663590579347644,-0.0005977822135051658
2199,training,0,0.03392349986825138,0.007719353064724298,24.42270122049544,0.6636076184295308,0.0021326992059616397
2200,training,0.015880141,0.050924861803650856,0.007719353064724298,24.482624511250247,0.6640393367992897,0.012698181575269689
2201,training,0.010845413,0.09638352505862713,0.007719353064724298,24.522428161956782,0.6646787733862569,0.019924459454968433
2202,training,0.0077391514,0.1389820072799921,0.007719353064724298,24.562440329273237,0.6657138505597423,0.03390457162178208
2203,training,0.003106982,0.12932604178786278,0.007719353064724298,24.60206998601505,0.6674763592240632,0.05522529248090057
2204,training,0.0033754164,0.13542140647768974,0.007719353064724298,24.661785396014533,0.6717142922617908,0.0853952042816015
2205,training,0.0042217174,0.15706416964530945,0.015171027410632192,24.721238557059092,0.6776059631624018,0.1090731622611035
2206,training,0.022140339,0.19563324376940727,0.015171027410632192,24.76100502552886,0.6822343714096105,0.12451629532802284
2207,training,0.0051986813,0.23411090672016144,0.015171027410632192,24.800217885184985,0.6875865089056956,0.1496459594885321
2208,training,0.0015461892,0.2446315437555313,0.015171027410632192,24.85892136702101,0.6979745399072805,0.20398577677913166
2209,training,0.00048719166,0.22832553088665009,0.03488161135401427,24.897678070474726,0.7067261218778926,0.23929615807906507
2210,training,0.008520607,0.2044767513871193,0.03488161135401427,24.955355095177218,0.721692699624931,0.2669843721599875
2211,training,0.008472488,0.21749913692474365,0.03488161135401427,24.99367948010103,0.7325388403683293,0.2849518603921686
2212,training,0.011895067,0.28854042291641235,0.03488161135401427,25.03166267847037,0.744116437178079,0.3087171284743891
2213,training,0.007357183,0.2926299050450325,0.03488161135401427,25.069291650538016,0.7567453786817105,0.34120408506586886
2214,training,0.0037317383,0.35987213253974915,0.03488161135401427,25.12462049194633,0.7783770060685025,0.40611481865009447
2215,training,0.010328527,0.3544992208480835,0.09901406772560943,25.160486327140397,0.7948588739410474,0.4555921722057395
2216,training,0.0045258407,0.3146332949399948,0.09901406772560943,25.195629576809562,0.8132202984725816,0.5085049081026711
2217,training,0.0035372803,0.16053292527794838,0.09901406772560943,25.246171149718243,0.8439121941527619,0.5817642651794056
2218,training,0.119318284,0.09722782298922539,0.09901406772560943,25.295449990272953,0.8778001660593622,0.6181520016940312
2219,training,0.0010476313,0.28997093439102173,0.18249134871050712,25.32749984002176,0.9010418187259681,0.6348336246901336
2220,training,0.0030032385,0.32099076360464096,0.18249134871050712,25.34360871955274,0.9128747976807994,0.6260212784000994
2221,training,0.0015744041,0.37342457473278046,0.18249134871050712,25.376877229964236,0.9359431899555316,0.5848628209604663
2222,training,0.008927703,0.30741049349308014,0.18249134871050712,25.41082287030127,0.9573601905240376,0.5392954301372272
2223,training,0.0024201446,0.20648476481437683,0.18249134871050712,25.48152524814288,0.9960675632169076,0.46663149759892375
2224,training,0.0049515483,0.16541969776153564,0.2790127376121429,25.535724443905547,1.0220462050049817,0.4334370867660806
2225,training,0,0.023004397749900818,0.2790127376121429,25.553943040608154,1.0304393684197315,0.43147619606130744
2226,training,0,0.032772138714790344,0.2790127376121429,25.572026252654872,1.0387787419315733,0.43267302140434677
2227,training,0.0050106943,0.08022165298461917,0.2790127376121429,25.60786541662497,1.0558047160332011,0.45616755131172293
2228,training,0.030905427,0.10928896069526672,0.2790127376121429,25.64336302788057,1.0738934516970717,0.4888735812484359
2229,training,0.0047876406,0.14444997161626816,0.2790127376121429,25.694863473203828,1.1033113800725523,0.5506481277633084
2230,training,0.010641195,0.135101392865181,0.2717708145406941,25.711619607874127,1.1138686905536328,0.5744501654771885
2231,training,0.01629676,0.12474456429481506,0.2717708145406941,25.744511084125982,1.136253065099721,0.6185881628135685
2232,training,0.0010511645,0.18653014302253723,0.2717708145406941,25.776240949772596,1.1598455732361697,0.6612906909134765
2233,training,0.00891277,0.2163285873830318,0.2717708145406941,25.806918183877052,1.184888484658184,0.7095621516646407
2234,training,0.010456802,0.15069327503442764,0.2717708145406941,25.836225983926308,1.2113796475707976,0.7607142499934166
2235,training,0.0044102985,0.19938812591135502,0.2692738255495603,25.864132567629078,1.2392856762974087,0.8085293077568886
2236,training,0.0035986197,0.20238453149795532,0.2692738255495603,25.877587629781647,1.2536974333638977,0.8302729607948264
2237,training,0.0029672263,0.1314162835478783,0.2692738255495603,25.903603268483725,1.2834774764757018,0.8768941868300603
2238,training,0.037427362,0.18576351553201673,0.2692738255495603,25.91616479153321,1.2989225783035525,0.8985372133343568
2239,training,0.03252802,0.18670840561389923,0.2692738255495603,25.940247177724103,1.3304830372484984,0.9421113554902738
2240,training,0.0026671449,0.1100051328539848,0.2692738255495603,25.962641108507402,1.3629671661997724,0.9945478488308644
2241,training,0.010167783,0.05003359913825986,0.25808746807394267,25.983618313475226,1.3968319974420982,1.0341822231512532
2242,training,0,0.026265427470207242,0.25808746807394267,25.993610681192752,1.4139880886887817,1.05201103786462
2243,training,0.0039921026,0.05199854075908661,0.25808746807394267,26.012660701490045,1.4487605768689296,1.0867618168385413
2244,training,0.0143683115,0.09892135113477707,0.25808746807394267,26.03053717850684,1.4841430466027061,1.1182754475012526
2245,training,0.0017448834,0.056425899267196655,0.25808746807394267,26.04731899834421,1.5202019539203406,1.1550033527894374
2246,training,0.0014744314,0.11196703463792801,0.25808746807394267,26.062594936012715,1.5567236772055333,1.1897648412054915
2247,training,0,0.04671379923820497,0.16628905930869478,26.076828892551287,1.593761163724056,1.2191797845960386
2248,training,0,0.014432109892368303,0.16628905930869478,26.090100711545546,1.6314920761872775,1.2451879620402717
2249,training,0,0.0076178088784217834,0.16628905930869478,26.102340326414897,1.6691902954592233,1.2678539800799569
2250,training,0,0.02261406183242798,0.16628905930869478,26.113847072828065,1.7073868165105894,1.2882731810552166
2251,training,0,0.02045837789773941,0.16628905930869478,26.124637863440327,1.7458240451169895,1.3064175459824696
2252,training,0,0.036562174558639526,0.16628905930869478,26.13463165587219,1.7842561984047562,1.3263857538051995
2253,training,0,0.005034744739532471,0.16628905930869478,26.143774729155968,1.8230953309744722,1.353532912971228
2254,training,0,0.041753783822059645,0.10479982003156807,26.151841298367287,1.8619838789848568,1.3792658194123937
2255,training,0,0.019269734621048,0.10479982003156807,26.15892976450641,1.9011304846722914,1.4036069000967686
2256,training,0.04754187,0.07937051355838776,0.10479982003156807,26.164968240477357,1.9403634563947239,1.4330685897630742
2257,training,0.0034467012,0.061129629611968994,0.10479982003156807,26.169860235381886,1.9798407333267687,1.4611704949412634
2258,training,0.0015398416,0.09476397931575775,0.10479982003156807,26.173590952017303,2.0192837551851097,1.4920826462045154
2259,training,0.00531296,0.10273107886314392,0.10479982003156807,26.177021536140035,2.0789651022508866,1.533725012004391
2260,training,0,0.04219408333301544,0.07862276093491935,26.177611897623883,2.098827692445508,1.5480547926253656
2261,training,0,0.029877260327339172,0.07862276093491935,26.177965083314685,2.138420372077659,1.576915957392673
2262,training,0.008336623,0.06231293082237245,0.07862276093491935,26.177154580095948,2.178348750333813,1.604584419750012
2263,training,0,0.04607301950454712,0.07862276093491935,26.17531949124977,2.218065421595215,1.6291464242343086
2264,training,0,0.014401048421859769,0.07862276093491935,26.17246049663835,2.2577086019651667,1.656796503054572
2265,training,0,0.02094259858131406,0.07862276093491935,26.170594559483053,2.277587354950016,1.6726837855587342
2266,training,0.0043973634,0.09221074730157854,0.01876914056785957,26.163200759725818,2.336611876078948,1.7173060739921213
2267,training,0,0.033026657998561845,0.01876914056785957,26.156814230753344,2.375927044503788,1.7474053570737975
2268,training,0.0069063073,0.05090176686644554,0.01876914056785957,26.149276359388637,2.41503168224603,1.772063647952751
2269,training,0,0.03721486032009125,0.01876914056785957,26.140896247256688,2.453845098533082,1.7947271377500393
2270,training,0,0.03527449071407318,0.01876914056785957,26.131621328392995,2.4925701799821796,1.8163717199158875
2271,training,0.0050386605,0.11183123290538788,0.01876914056785957,26.116183767554883,2.5502634258841703,1.8490999908729517
2272,training,0.0018263609,0.09573908150196075,0.09341331848783452,26.098825131090287,2.607357728544117,1.8819856176469252
2273,training,0.0010908396,0.06506282091140747,0.09341331848783452,26.079686364434778,2.663972912623175,1.9116556584718594
2274,training,0,0.021557861939072602,0.09341331848783452,26.072961677548264,2.6826685872507023,1.919188521716355
2275,training,0,0.04448495921678841,0.09341331848783452,26.059160412253807,2.7202233983752353,1.9228092891678707
2276,training,0,0.026702208444476128,0.09341331848783452,26.052290305060257,2.7389948369862327,1.9201454696166587
2277,training,0,0.009594710543751717,0.0746892350748947,26.045495098051173,2.7577470374811863,1.9159683839481219
2278,training,0,0.003859294578433037,0.0746892350748947,26.032132146512886,2.7953902909084007,1.9084532612868288
2279,training,0,0.005251605994999407,0.0746892350748947,26.01892807304093,2.833243252642215,1.9053303048227497
2280,training,0,0.04234120296314359,0.0746892350748947,26.005796263817803,2.870864643425226,1.9081668039098652
2281,training,0.0046170084,0.06757955625653267,0.0746892350748947,25.992468715721184,2.9085540328707205,1.9140670445896089
2282,training,0,0.014404985820874572,0.0746892350748947,25.978869640077104,2.9461149923003593,1.922398669011905
2283,training,0,0.028672553598880768,0.0746892350748947,25.965059761774107,2.983480201991464,1.9262241954299537
2284,training,0,0.019465874880552292,0.04868111935239498,25.951067031127312,3.021054918530121,1.9282969306246418
2285,training,0,0.01772439619526267,0.04868111935239498,25.93703884552434,3.0583631830137166,1.93184243392579
2286,training,0,0.027932986617088318,0.04868111935239498,25.922864086416233,3.0957011825132885,1.935461285188633
2287,training,0,0.00040790438652038574,0.04868111935239498,25.908484113633968,3.1330673201494768,1.942160473680597
2288,training,0,0.025118627585470676,0.04868111935239498,25.893898954892503,3.1700753477027637,1.9496119710237478
2289,training,0,0.009220883250236518,0.04868111935239498,25.87896667365279,3.2072258573631123,1.9566436587591054
2290,training,0,0.018315006047487252,0.0403065102802495,25.86380852989935,3.244154693610434,1.9641022950468419
2291,training,0,0.0009132660925388336,0.0403065102802495,25.848388154950424,3.280896656099041,1.9722130576612602
2292,training,0,0.03714729100465776,0.0403065102802495,25.83256138017473,3.317753551876946,1.9817914729017088
2293,training,0,0.004916161298751831,0.0403065102802495,25.816487452931003,3.3541000516672628,1.9924874244238182
2294,training,0,0.02376168966293335,0.0403065102802495,25.799949981308895,3.3904785232447647,2.0024171258286283
2295,training,0,0.00991678237915039,0.0403065102802495,25.783053565679293,3.4267228301830963,2.012556792196469
2296,training,0.011705864,0.054074738174676895,0.039489013162916066,25.757089474140162,3.4805744158980856,2.0274260294415667
2297,training,0.043424908,0.11329817958176136,0.039489013162916066,25.739304774706422,3.5164619199777767,2.033715711673008
2298,training,0.014032735,0.14992541819810867,0.039489013162916066,25.721507021374666,3.552062163477205,2.0325119000834775
2299,training,0.1267855,0.12708219047635794,0.039489013162916066,25.712598636239285,3.5699996004103216,2.031260879114622
2300,training,0,0.04610356688499451,0.039489013162916066,25.69479149159992,3.60588013052286,2.0334640303440334
2301,training,0,0.04289230890572071,0.039489013162916066,25.67688405689918,3.6413456396492725,2.0428730624110654
2302,training,0.005260705,0.1024667788296938,0.04087708829462137,25.658553841474482,3.6769452298708396,2.0495961519591015
2303,training,0.019824326,0.08633444830775258,0.04087708829462137,25.640064913993363,3.712221663249257,2.058750242726259
2304,training,0,0.024937853217124925,0.04087708829462137,25.62116753637411,3.747253615503791,2.0731644922173187
2305,training,0,0.046271584928035736,0.04087708829462137,25.601643815468652,3.782131583419817,2.08900846745553
2306,training,0.0028312092,0.06459911167621613,0.04087708829462137,25.581688419034844,3.8165133003526797,2.104292997609376
2307,training,0,0.038022868335247054,0.04087708829462137,25.5714927783065,3.8336038343150602,2.1137295948962125
2308,training,0,0.0025177747011184692,0.020132586765688607,25.539787685326154,3.884287547321588,2.145351938659843
2309,training,0,0.021799661219120026,0.020132586765688607,25.51781425159232,3.9173949994891046,2.1680265580343465
2310,training,0.0036754548,0.09043960273265839,0.020132586765688607,25.49504774011565,3.949990548796502,2.192430449573473
2311,training,0.09286449,0.0856182426214218,0.020132586765688607,25.45933203580904,3.9977804316197476,2.2369563490944104
2312,training,0.07510714,0.06977243721485138,0.020132586765688607,25.43433332245319,4.028484473865379,2.270445286692249
2313,training,0,0.03486227709800005,0.020132586765688607,25.421427911021436,4.043616340427725,2.282281034387114
2314,training,0,0.004893597215414047,0.007875065609224085,25.395037692343486,4.073709674005387,2.29645620683454
2315,training,0,0.027173061855137348,0.007875065609224085,25.368491588973296,4.103419687892462,2.3013213253225704
2316,training,0,0.001602286472916603,0.007875065609224085,25.341767076689017,4.133185874871871,2.3034178831103516
2317,training,0,0.01163880992680788,0.007875065609224085,25.31495268842372,4.1628811645846895,2.307268681969318
2318,training,0,0.0015629963018000135,0.007875065609224085,25.288175291245413,4.192380431188224,2.3079538775927344
2319,training,0,0.014754535222891718,0.007875065609224085,25.27471041271541,4.20721287535449,2.307329696421535
2320,training,0,0.018317461013793945,0.007875065609224085,25.234486453660107,4.251667154093812,2.3042577021011756
2321,training,0,0.022761282045394182,0.007875065609224085,25.20778928889085,4.281431695189004,2.2991536703878874
2322,training,0,0.012075088918209076,0.0125381104691627,25.1811717503225,4.311418461892132,2.2948405699623162
2323,training,0,0.0023157638497650623,0.0125381104691627,25.16812383123301,4.32600432209632,2.2901702330697047
2324,training,0,0.004542866256088018,0.0125381104691627,25.14292137100955,4.355196492720274,2.2781308744351074
2325,training,0,0.016743191983550787,0.0125381104691627,25.116881284480897,4.38568793394906,2.2785274036506866
2326,training,0,0.044218339025974274,0.0125381104691627,25.077923163486098,4.431099296321223,2.2811235317709775
2327,training,0,0.003927942365407944,0.0125381104691627,25.05173324106434,4.4614796118646,2.284359366716011
2328,training,0,0.02849509567022323,0.0125381104691627,25.03870666697066,4.47650184156551,2.285087172572458
2329,training,0.005155027,0.06510431692004202,0.00977935496410798,24.99974859022184,4.521045004890131,2.286741326862025
2330,training,0.009566562,0.05689086765050888,0.00977935496410798,24.973523915371747,4.551284538514049,2.283422992282522
2331,training,0,0.030637841671705246,0.00977935496410798,24.947504688057005,4.581556874447889,2.2763491292846596
2332,training,0,0.017195530235767365,0.00977935496410798,24.921606023643314,4.612354997113278,2.2625347390533475
2333,training,0.020895232,0.07452053751330823,0.00977935496410798,24.89631291855488,4.643337313842763,2.247050297177178
2334,training,0,0.016929868608713143,0.00977935496410798,24.871471932265756,4.674846614040537,2.229709754038304
2335,training,0,0.0077507384121418,0.00977935496410798,24.847117328185977,4.706741126508343,2.217039367104911
2336,training,0,0.00984816625714302,0.010940161835411931,24.82322526753952,4.738760813574975,2.205994505375485
2337,training,0,0.028931543231010437,0.010940161835411931,24.79960242311048,4.771173622372972,2.1955868510755776
2338,training,0,0.04062401782721281,0.010940161835411931,24.776313149586784,4.80367969377463,2.1892740877555967
2339,training,0.0053059133,0.06648348271846771,0.010940161835411931,24.753243591140578,4.836191061830028,2.187143468214721
2340,training,0.0057021677,0.10725770890712738,0.010940161835411931,24.730104679211006,4.868688932410816,2.1941087424241137
2341,training,0.016481647,0.184438556432724,0.010940161835411931,24.694796838418853,4.916723194830799,2.217538050741854
2342,training,0.024742182,0.19081399589776993,0.0268116871414821,24.670379139088478,4.9482175865078775,2.2445044242844405
2343,training,0.0056117726,0.13948160782456398,0.0268116871414821,24.645218567832707,4.978883866797501,2.2693804848823684
2344,training,0.0018958207,0.1208755634725094,0.0268116871414821,24.619305361641068,5.0092310926880375,2.2835024155162595
2345,training,0.011158802,0.08378392085433006,0.0268116871414821,24.593057436405402,5.0392995984417475,2.2914879716259735
2346,training,0.019962503,0.08699832111597061,0.0268116871414821,24.566741311094074,5.06920355174813,2.2926948259774167
2347,training,0.009239377,0.17228669673204422,0.0268116871414821,24.540188178915415,5.099226631221604,2.2995221203715475
2348,training,0.014105703,0.25352752208709717,0.0268116871414821,24.526789768952447,5.114134009905943,2.3081769692718983
2349,training,0.003937048,0.20566008239984512,0.03209955194364073,24.499823658926626,5.143201821571317,2.3296574411298483
2350,training,0.008505427,0.17619682103395462,0.03209955194364073,24.472025388980512,5.171922733698397,2.348826107038176
2351,training,0.0023073684,0.1873573660850525,0.03209955194364073,24.443836184505525,5.200146520558599,2.362257896109333
2352,training,0.015999503,0.22199838608503342,0.03209955194364073,24.415329642277467,5.227985640060966,2.3731653375311543
2353,training,0.0065607484,0.25671736150979996,0.03209955194364073,24.386381567239663,5.255723642521487,2.3823753311554903
2354,training,0.007192986,0.21383973211050034,0.03209955194364073,24.35743276608306,5.282943806171912,2.391194898104554
2355,training,0.004083251,0.180494025349617,0.03209955194364073,24.31323497146713,5.323552460811894,2.4065397818987386
2356,training,0.008376992,0.22964511439204216,0.09758633842658779,24.298443743658954,5.336856419913294,2.411304647427162
2357,training,0.012528624,0.21766037866473198,0.09758633842658779,24.268656317853193,5.36323935538418,2.4216805651002797
2358,training,0.008706418,0.23758474737405777,0.09758633842658779,24.238429615353017,5.3894998235025495,2.4308107054425965
2359,training,0.0011990516,0.2134438380599022,0.09758633842658779,24.208167102061825,5.4153398501218915,2.439076257842103
2360,training,0.0034488104,0.22713777422904965,0.09758633842658779,24.177579300282876,5.4409989505899095,2.448015514170101
2361,training,0.0059892056,0.2520965114235878,0.09758633842658779,24.146761152530214,5.466388726070909,2.457322348169073
2362,training,0.0031412314,0.31874264031648636,0.09758633842658779,24.115762288055613,5.4913119240114945,2.472092211011927
2363,training,0.003647675,0.30186617374420166,0.09758633842658779,24.084260591774022,5.515745682509561,2.4923874271622695
2364,training,0.0064452924,0.30422695726156235,0.1560164841307614,24.052304000737678,5.539506144343722,2.5120630387681673
2365,training,0.01357105,0.27440648525953293,0.1560164841307614,24.020293636719902,5.562841453682708,2.4958099439514934
2366,training,0.003800556,0.27626754343509674,0.1560164841307614,23.98861389882622,5.587786983878908,2.452453732974512
2367,training,0.0140771605,0.20349137485027316,0.1560164841307614,23.958097355802387,5.613939972915706,2.415169803668201
2368,training,0.0041361493,0.1377741489559412,0.1560164841307614,23.92840407944711,5.641238937789104,2.3810318312133303
2369,training,0.008980641,0.11211175657808778,0.1560164841307614,23.89975878904552,5.6693914945210615,2.350838744485745
2370,training,0,0.011830862611532204,0.1560164841307614,23.871948402835816,5.698243480083322,2.3242618306167007
2371,training,0,0.030099766328930862,0.1709764234467396,23.844730870428045,5.727868491421309,2.3078036920187874
2372,training,0,0.008931925520300867,0.1709764234467396,23.818065404025692,5.757513000656567,2.2979412483969064
2373,training,0,0.04075791500508785,0.1709764234467396,23.804808542018808,5.7724521278233,2.2958656413593084
2374,training,0,0.0016037654131650925,0.1709764234467396,23.764946751145835,5.817366462020018,2.300808574537766
2375,training,0,0.027363779023289687,0.1709764234467396,23.738375866732454,5.847062830672905,2.299404117952573
2376,training,0,0.03733825869858264,0.1709764234467396,23.711736440332846,5.8771057827463,2.2924451883577195
2377,training,0,0.011404398828744888,0.1709764234467396,23.68528167995767,5.907062492231048,2.297335036796267
2378,training,0,0.04679271392524242,0.13455237062203937,23.658699124296824,5.936855498375273,2.300773530783088
2379,training,0,0.003236146643757822,0.13455237062203937,23.63186468058724,5.96658503812895,2.31136848521914
2380,training,0,0.03801567666232586,0.13455237062203937,23.6183972407413,5.981246357043063,2.314180242977038
2381,training,0,0.027065774425864227,0.13455237062203937,23.57767369461962,6.025217754874815,2.3246788363374056
2382,training,0.0074660447,0.07414022274315356,0.13455237062203937,23.550215512629975,6.054195808613604,2.334007897916233
2383,training,0,0.004230590537190437,0.13455237062203937,23.522548847852164,6.082793044836262,2.3472245663855063
2384,training,0,0.003748927265405655,0.13455237062203937,23.494298888983646,6.111248471493852,2.3559991345174818
2385,training,0,0.04182460159063339,0.08993640228145722,23.4660924122632,6.139285285797772,2.3627254524241903
2386,training,0.013151186,0.18733543530106547,0.08993640228145722,23.43759292118154,6.167361693387067,2.3636311046517555
2387,training,0.01427165,0.17130547016859055,0.08993640228145722,23.40918033049699,6.194977128737896,2.387471013804494
2388,training,0.008768651,0.14715686999261382,0.08993640228145722,23.379840867278876,6.22137108001899,2.42973562824687
2389,training,0.006294435,0.15181287191808224,0.08993640228145722,23.349263462215763,6.246840808309883,2.4610839490250003
2390,training,0.0021072389,0.1590074598789215,0.08993640228145722,23.318055691260312,6.2714050062566935,2.4897102523856858
2391,training,0.023931118,0.09714650548994541,0.08993640228145722,23.286130711245153,6.2949931565488635,2.5201461596954253
2392,training,0.0009441226,0.10842264816164972,0.06337134071203553,23.253493603342104,6.317763605357771,2.5425000932267707
2393,training,0.006543245,0.10582650825381279,0.06337134071203553,23.220342665183864,6.339869161961936,2.5656377742237586
2394,training,0.005794987,0.07622138224542141,0.06337134071203553,23.186798963657093,6.361008886572919,2.592678232786583
2395,training,0.006790703,0.12301254272460938,0.06337134071203553,23.152603114840375,6.381405616614781,2.6108761769872832
2396,training,0.0038443285,0.13637396320700645,0.06337134071203553,23.100714078805844,6.4111574002862275,2.632161897138611
2397,training,0.00850788,0.11659650132060051,0.06565131742561102,23.08332109147991,6.420775945602326,2.6409117538891174
2398,training,0.027151357,0.1741257607936859,0.06565131742561102,23.012796346811204,6.4582427851003645,2.659674752456154
2399,training,0.0034316508,0.16178486438002437,0.06565131742561102,22.97738763801091,6.476624161690111,2.6659842016941657
2400,training,0.005477474,0.13755469676107168,0.06565131742561102,22.941710329426165,6.494970688099266,2.6667430954758795
2401,training,0.010041257,0.08958055265247822,0.06565131742561102,22.906324788578935,6.513138317117318,2.6674875885169027
2402,training,0.0062352177,0.10429536364972591,0.06565131742561102,22.852823656363295,6.540594657634033,2.666451398820946
2403,training,0.004042633,0.0831949207931757,0.05356490162870113,22.817446272937097,6.558740439642702,2.6685628871592875
2404,training,0.003342853,0.07376606995239854,0.05356490162870113,22.7639419563337,6.586187434110426,2.6652805023320125
2405,training,0,0.029355395585298538,0.05356490162870113,22.746213718451962,6.5953264061870405,2.665548684295248
2406,training,0,0.010392632335424423,0.05356490162870113,22.728521948613604,6.604440717266903,2.665678439538535
2407,training,0,0.00663037970662117,0.05356490162870113,22.710772784839936,6.613588510326173,2.6651622325898
2408,training,0,0.012142430990934372,0.05356490162870113,22.675139956005964,6.632129773805359,2.658842293698371
2409,training,0,0.03313170373439789,0.03614722040737414,22.65744451504029,6.641416086173162,2.6567636941131787
2410,training,0,0.033370450139045715,0.03614722040737414,22.622237820250774,6.660052557143623,2.653280943976876
2411,training,0,0.030579112470149994,0.03614722040737414,22.58682998009447,6.678898951949117,2.6517497369272696
2412,training,0,0.009076297283172607,0.03614722040737414,22.551639250644985,6.69764575366891,2.651728959763767
2413,training,0,0.025441349600441754,0.03614722040737414,22.516384463619968,6.716418318741631,2.6528691686804398
2414,training,0.016181447,0.06909827888011932,0.03614722040737414,22.480971804579518,6.735164104326089,2.65765189386222
2415,training,0,0.018702924251556396,0.03614722040737414,22.445707903319352,6.753579788782358,2.6622100783898346
2416,training,0,0.04968813993036746,0.0268324853359272,22.427961611746948,6.762790381952933,2.662871542616116
2417,training,0.0323312,0.06320672295987606,0.0268324853359272,22.374684931184063,6.790370034184723,2.665296028644522
2418,training,0.009252764,0.073457270860672,0.0268324853359272,22.339215522386958,6.808617845546356,2.667604426987934
2419,training,0.0054457886,0.12689146399497986,0.0268324853359272,22.285721140270176,6.835784587013307,2.678415832997822
2420,training,0.0025280288,0.11424313858151436,0.0268324853359272,22.25003247630305,6.8533255434181894,2.692033436322429
2421,training,0.07364905,0.11945778504014015,0.02521947532498038,22.213827527022804,6.870494695738617,2.7058976838830135
2422,training,0.002008881,0.1200215518474579,0.02521947532498038,22.15948543528646,6.895155949804163,2.7249951979008116
2423,training,0.005624232,0.05833174288272858,0.02521947532498038,22.104398436103303,6.919015310779732,2.739960131787508
2424,training,0.014429524,0.05045697093009949,0.02521947532498038,22.06773651190664,6.934509113374058,2.7403843377982184
2425,training,0,0.01376032829284668,0.02521947532498038,22.049289550087398,6.942385908818982,2.734272698550412
2426,training,0,0.032013714313507094,0.02521947532498038,22.030819332922412,6.950436903940553,2.726591920591432
2427,training,0.0021486988,0.06379178166389465,0.011620110863835286,21.994333479189315,6.966841460053591,2.7121326019237233
2428,training,0,0.018999837338924408,0.011620110863835286,21.97620495684668,6.975221873043995,2.7048205382686774
2429,training,0,0.015280514955520644,0.011620110863835286,21.93991238833628,6.992487086479423,2.690124562611484
2430,training,0.002611511,0.06227076984941958,0.011620110863835286,21.886171122339775,7.019115003019011,2.6741176841947047
2431,training,0,0.038105688989162445,0.011620110863835286,21.85044605931633,7.037348748339553,2.6656133591446265
2432,training,0,0.004220303148031242,0.011620110863835286,21.832594473868685,7.046590249428603,2.662174147219566
2433,training,0,0.02562655508518219,0.009754358905959291,21.797304318084645,7.065091855230909,2.6544646833042402
2434,training,0,0.019590303301811218,0.009754358905959291,21.76196570001792,7.084002316703957,2.6456821403768935
2435,training,0,0.0028262995183467865,0.009754358905959291,21.72678985201133,7.103200098651519,2.638314371874618
2436,training,0,0.03470617881976068,0.009754358905959291,21.70938749379964,7.112830953644923,2.633935923257093
2437,training,0,0.027144260704517365,0.009754358905959291,21.657011313511735,7.142384247917756,2.622164303322255
2438,training,0,0.017714841291308403,0.009754358905959291,21.63967248294261,7.1523280107621225,2.6193172030847776
2439,training,0,0.042953863739967346,0.009754358905959291,21.605210074923832,7.172342236079332,2.6110895288713327
2440,training,0,0.028617892414331436,0.022801615331249546,21.570673509207992,7.192797232250876,2.602503372880605
2441,training,0,0.042026531882584095,0.022801615331249546,21.536486867596526,7.213420998241825,2.5931793383570128
2442,training,0,0.01421666331589222,0.022801615331249546,21.502456538905633,7.2345086499971885,2.5804652938814185
2443,training,0.0052583665,0.0503104142844677,0.022801615331249546,21.45181514724146,7.266838110989394,2.568107071578001
2444,training,0,0.00315202830825001,0.022801615331249546,21.418360311575082,7.288619251529293,2.561462744669694
2445,training,0,0.02560156211256981,0.022801615331249546,21.38492487174431,7.310585374876828,2.5600868272516446
2446,training,0,0.025536272674798965,0.010311299453275575,21.351589122959503,7.332438390767919,2.5617434008652102
2447,training,0,0.0039426591247320175,0.010311299453275575,21.318106496287875,7.354329546778052,2.5634443840018806
2448,training,0,0.03583844751119614,0.010311299453275575,21.284624716700968,7.376085618767313,2.5671537927436763
2449,training,0,0.023615375161170956,0.010311299453275575,21.267910987566992,7.386887367365475,2.5673194876525858
2450,training,0,0.005839546676725149,0.010311299453275575,21.217553174145433,7.419467562203792,2.567435868672895
2451,training,0,0.03381866589188576,0.010311299453275575,21.184057360322598,7.441104099925736,2.5675077712988563
2452,training,0.035139073,0.06706962361931801,0.012975549365821303,21.150492217579835,7.462842824194343,2.5658844928267093
2453,training,0.002693113,0.07929226569831371,0.012975549365821303,21.11696002040576,7.484602694154815,2.5661756268284797
2454,training,0,0.036862246692180634,0.012975549365821303,21.083500459055738,7.506336686390562,2.5630322374560257
2455,training,0.0018720716,0.07305550575256348,0.012975549365821303,21.050011961676248,7.528331624400876,2.5579659152531815
2456,training,0.005553185,0.05047818087041378,0.012975549365821303,21.000123035141986,7.561412955078232,2.553648357186919
2457,training,0,0.0003571473062038491,0.02343241798209587,20.98348484011789,7.572515295399021,2.5532767000184746
2458,training,0,0.02755601704120636,0.02343241798209587,20.950196189217344,7.594626300937237,2.5589998129001077
2459,training,0.010907954,0.06930456310510635,0.02343241798209587,20.916853279462334,7.616375787823666,2.566824317332958
2460,training,0,0.003297962248325348,0.02343241798209587,20.88322675214517,7.638004348371227,2.5731714526565885
2461,training,0,0.023641802370548255,0.02343241798209587,20.849503833294232,7.659346691990037,2.5814110437500606
2462,training,0.005477991,0.05900002457201481,0.02343241798209587,20.815709393695897,7.680433364942351,2.585478513266066
2463,training,0,0.030436528846621513,0.02343241798209587,20.78167923033352,7.701496368893729,2.5894105270502403
2464,training,0,0.03187056444585323,0.037557008486979536,20.747734867269685,7.722327481677968,2.5915372523485827
2465,training,0.004679217,0.05030439607799054,0.037557008486979536,20.713638568903015,7.743211310382898,2.5923178522383608
2466,training,0,0.02446402236819266,0.037557008486979536,20.67950332146483,7.764037083064194,2.595999245975024
2467,training,0,0.015003910288214684,0.037557008486979536,20.645492702122773,7.784568600585648,2.601222090694644
2468,training,0,0.010744072496891022,0.037557008486979536,20.628330990239693,7.7948241531845275,2.6050796556021067
2469,training,0,0.03318849205970764,0.037557008486979536,20.593859243062763,7.815114266352747,2.615250475497111
2470,training,0.004577293,0.08701270073652267,0.04481020090364463,20.541986305662313,7.84464206091578,2.633469888895627
2471,training,0.0026114243,0.08694976195693016,0.04481020090364463,20.489346455252797,7.873127698613237,2.6596904913299126
2472,training,0.013915346,0.08047114498913288,0.04481020090364463,20.45394438095531,7.891123400163734,2.683384359196016
2473,training,0,0.042857151478528976,0.04481020090364463,20.435970910008415,7.899853191620397,2.6953719902061883
2474,training,0,0.017342975363135338,0.04481020090364463,20.39987387928223,7.916759315566115,2.710226264586693
2475,training,0,0.049471691250801086,0.04481020090364463,20.363635034717927,7.933444783789144,2.708815125192872
2476,training,0,0.04522343724966049,0.03510222956107946,20.32719414456416,7.950358759108777,2.704896457115491
2477,training,0.01601867,0.050943994894623756,0.03510222956107946,20.291101494114372,7.967294008991215,2.7011133158145633
2478,training,0,0.02984675765037536,0.03510222956107946,20.254927693048202,7.9844110771066585,2.6980425260595657
2479,training,0,0.02890734001994133,0.03510222956107946,20.218745672997912,8.001655919311293,2.696108257718938
2480,training,0,0.04314198344945907,0.03510222956107946,20.182781918638586,8.018847650101044,2.69508958450982
2481,training,0,0.04200809262692929,0.03510222956107946,20.146601313432623,8.036179977570097,2.6944843366557794
2482,training,0,0.006318587344139814,0.016588002331224507,20.12855032548477,8.044845355889573,2.6944000893695423
2483,training,0.0023333519,0.05715906620025635,0.016588002331224507,20.07459851696123,8.07072705013202,2.6940316663807726
2484,training,0.0037782753,0.06360603123903275,0.016588002331224507,20.03841548165444,8.088101981662815,2.6943159846572535
2485,training,0,0.03406747616827488,0.016588002331224507,20.002520164341096,8.105297013126586,2.6954371864257376
2486,training,0.0052903034,0.08556421101093294,0.016588002331224507,19.94823367481806,8.13115893064324,2.698717868277232
2487,training,0,0.03600153140723707,0.011271565982749435,19.930248551362155,8.139679541705458,2.6988472759174282
2488,training,0,0.019128346815705306,0.011271565982749435,19.894198322640772,8.156816952451285,2.695542069806092
2489,training,0,0.04714893363416196,0.011271565982749435,19.85798779162482,8.174251545574334,2.6902819047328594
2490,training,0,0.011186327785253525,0.011271565982749435,19.840052117161108,8.182968588529242,2.68806146934238
2491,training,0,0.026024309918284416,0.011271565982749435,19.786237698660358,8.209394146867732,2.6821907897369184
2492,training,0,0.04411804489791393,0.011271565982749435,19.768223131622715,8.21832762311025,2.6804654871633486
2493,training,0,0.028071101754903793,0.011271565982749435,19.732538304256195,8.23612184076841,2.677419243180447
2494,training,0,0.043200062587857246,0.005335038285988667,19.696791803399,8.254074083139198,2.6747853148543372
2495,training,0,0.02158543094992638,0.005335038285988667,19.661002079787995,8.272155347237106,2.673023923887713
2496,training,0,0.027528541162610054,0.005335038285988667,19.62547997905175,8.290181572063307,2.6708057648961163
2497,training,0.01016353,0.060245854780077934,0.005335038285988667,19.571922317010298,8.31752782669841,2.6686595425869806
2498,training,0,0.013529922813177102,0.005335038285988667,19.53648849534608,8.335695850915803,2.666193807029156
2499,training,0,0.001976324245333675,0.005335038285988667,19.500865517829173,8.35412395584868,2.661475448194023
2500,training,0,0.02841111645102501,0.01557012169473907,19.483084704396042,8.363407589818921,2.6596238083649246
2501,training,0,0.034195732325315475,0.01557012169473907,19.44783649332779,8.381926902933621,2.655638848393639
2502,training,0.011087872,0.06446683034300804,0.01557012169473907,19.377151304852987,8.419461737063246,2.6519140797480416
2503,training,0,0.027992768213152885,0.01557012169473907,19.35958230853596,8.428839459050007,2.6502070989505455
2504,training,0.0074118334,0.05110331252217293,0.01557012169473907,19.30666948002888,8.457515324954507,2.6375909533744575
2505,training,0,0.018489409238100052,0.013681811240077233,19.28919982901073,8.467204419814232,2.6320808592551614
2506,training,0.005519224,0.06519518420100212,0.013681811240077233,19.237129565232,8.496963538626254,2.6132080510690674
2507,training,0,0.013128427090123296,0.013681811240077233,19.219805850008328,8.507122433476809,2.609503610602579
2508,training,0,0.022712677135132253,0.013681811240077233,19.18547812204227,8.527385091984138,2.6082493718184394
2509,training,0,0.006220377981662743,0.013681811240077233,19.151050345109947,8.547661485284062,2.6108715570006784
2510,training,0.005769413,0.050599297508597374,0.013681811240077233,19.116496011718414,8.567829622788995,2.6163690565900017
2511,training,0,0.016661990899592638,0.012193294729785248,19.0820271136856,8.587689349926194,2.620566817922148
2512,training,0,0.020133333280682564,0.012193294729785248,19.047253927945103,8.607580347292592,2.6230771971644025
2513,training,0,0.027064049616456032,0.012193294729785248,19.012625198332213,8.627294269081364,2.6235496396666034
2514,training,0,0.011364586651325226,0.012193294729785248,18.97795484283965,8.647115501060675,2.620384439817144
2515,training,0,0.01989766303449869,0.012193294729785248,18.96055845350042,8.657119799433868,2.6189550662405154
2516,training,0,0.008296743035316467,0.012193294729785248,18.925952165076843,8.67707372659031,2.6177350259276806
2517,training,0,0.03546188957989216,0.012193294729785248,18.891446834860968,8.69705837795637,2.615329136370581
2518,training,0,0.01805475912988186,0.00697646042031151,18.856807214038295,8.717219935137413,2.6139965596280392
2519,training,0,0.03566302731633186,0.00697646042031151,18.822402837365722,8.737269243433984,2.612880225038125
2520,training,0.0034434446,0.06697222217917442,0.00697646042031151,18.770571138374834,8.767610098222088,2.61132757446922
2521,training,0,0.02042781561613083,0.00697646042031151,18.73620486638,8.787741045122125,2.6107629864086728
2522,training,0,0.047631047666072845,0.00697646042031151,18.70173539806474,8.808034589597748,2.6073014078605374
2523,training,0.0067975023,0.08502069860696793,0.00697646042031151,18.667307360953174,8.828474716076888,2.6046464377715646
2524,training,0,0.007944095879793165,0.009051019426899206,18.633122476929113,8.848897508743777,2.601297878946096
2525,training,0,0.030086509883403778,0.009051019426899206,18.598769880322855,8.8695306715799,2.6009399771960613
2526,training,0,0.04883149638772011,0.009051019426899206,18.564565464447075,8.88996874884967,2.6042809986891244
2527,training,0,0.03699546307325363,0.009051019426899206,18.530257848401664,8.910347886442693,2.606724727333766
2528,training,0.0048268936,0.052434664219617844,0.009051019426899206,18.495783434444654,8.930701669588743,2.6103520830157967
2529,training,0,0.00749157369136811,0.01691997619724735,18.461473899059257,8.95075177999704,2.614925373427671
2530,training,0,0.002187274396419532,0.01691997619724735,18.42682736919347,8.970721472382923,2.6235985026106894
2531,training,0,0.03936680406332016,0.01691997619724735,18.39206329434556,8.99029070685979,2.6334014539839723
2532,training,0,0.016602152958512303,0.01691997619724735,18.35721591358083,9.009590906934172,2.6375580633745335
2533,training,0,0.048319797962903976,0.01691997619724735,18.322075581100183,9.028922504992396,2.6397010444222895
2534,training,0,0.04155663400888443,0.01691997619724735,18.287148006493585,9.048046972245672,2.640358576397208
2535,training,0,0.0022687409073114395,0.01691997619724735,18.252073776153765,9.06726029456624,2.640352510148161
2536,training,0,0.037591457366943366,0.028703259579730852,18.216941463150555,9.086474103064875,2.6421292649177213
2537,training,0.03430481,0.07181932032108308,0.028703259579730852,18.18198282561834,9.105508166512855,2.6436646081395816
2538,training,0,0.023415828123688698,0.028703259579730852,18.146743321746474,9.124608639632466,2.6469676878596493
2539,training,0,0.02054879441857338,0.028703259579730852,18.11160127671063,9.1433922701698,2.654509954078054
2540,training,0,0.023961521685123437,0.028703259579730852,18.09399351918315,9.152673165577665,2.6581816666707185
2541,training,0,0.010629590600728989,0.028703259579730852,18.04065001514333,9.180328476827675,2.669011528158646
2542,training,0,0.009284937754273415,0.046442016136293215,18.005185673405432,9.198297189236575,2.6755174682847005
2543,training,0,0.048538731411099434,0.046442016136293215,17.969375111296234,9.216184788966702,2.6813090776864876
2544,training,0,0.011313220486044884,0.046442016136293215,17.95138302835587,9.225086622847323,2.683666412778488
2545,training,0,0.014913413673639296,0.046442016136293215,17.897694026466493,9.251321499121591,2.690135193596051
2546,training,0,0.013815803453326225,0.046442016136293215,17.879651199663137,9.260045987101996,2.6927323554673674
2547,training,0,0.006470685824751854,0.046442016136293215,17.84357287061801,9.277309852517424,2.698542540002131
2548,training,0,0.014861227944493294,0.04036083971427752,17.807540780743775,9.294259138249354,2.7049850618515783
2549,training,0,0.018003595992922783,0.04036083971427752,17.771148594146645,9.311115776529594,2.71076411665969
2550,training,0,0.025513678789138794,0.04036083971427752,17.73491419095873,9.327675918482518,2.714764165065308
2551,training,0,0.03496508486568928,0.04036083971427752,17.698509526823926,9.34417226072363,2.7165244181143366
2552,training,0.022577152,0.06013942323625088,0.04036083971427752,17.64386503232881,9.36896016444143,2.714193683757249
2553,training,0.003564632,0.1086287796497345,0.04036083971427752,17.58921049440066,9.39373101384216,2.7196103578355975
2554,training,0.006732685,0.11222643463406712,0.03132015850907701,17.552754882433806,9.409956492906272,2.729105215931251
2555,training,0.0067066248,0.10115259885787964,0.03132015850907701,17.497670037415094,9.433094095076274,2.759998648545348
2556,training,0,0.049193806946277625,0.03132015850907701,17.479129736128595,9.440444152648867,2.768119993788786
2557,training,0.0048200022,0.15805941447615623,0.03132015850907701,17.442015241896943,9.454631119225493,2.784927970174001
2558,training,0.002486247,0.1753987893462181,0.03132015850907701,17.38569674304034,9.474731049054697,2.812350210912846
2559,training,0.007705193,0.22646309435367584,0.014606827131727607,17.36680542538844,9.481085424491381,2.821919694035764
2560,training,0.0031523523,0.20784582942724228,0.014606827131727607,17.328949452318792,9.493112699180454,2.846308625644071
2561,training,0.009184059,0.11584079265594481,0.014606827131727607,17.27151090904478,9.509515458516654,2.878113564599947
2562,training,0.03450545,0.17008186504244802,0.014606827131727607,17.23321437388736,9.519542806331255,2.888730864826284
2563,training,0.012590514,0.1492652203887701,0.014606827131727607,17.194580097159726,9.529487581046784,2.8878617398709907
2564,training,0.0035232068,0.11090227589011195,0.014606827131727607,17.175221234352133,9.53452717803294,2.8857176413428602
2565,training,0.0019839958,0.12891964986920357,0.028288288070477282,17.136535188052537,9.544713596412553,2.8827443976668996
2566,training,0.0024386728,0.08344239741563797,0.028288288070477282,17.07863859070266,9.56018110362619,2.8768481553260736
2567,training,0.0023207096,0.15205515176057816,0.028288288070477282,17.05930925279217,9.565446211373802,2.874569990714633
2568,training,0.0050459863,0.1812030058354139,0.028288288070477282,17.02076423996645,9.576041031955873,2.8718014377791006
2569,training,0.008571944,0.11853520013391969,0.028288288070477282,17.001497878626463,9.581382942961966,2.8696668168473365
2570,training,0.0046335333,0.21261323802173138,0.028288288070477282,16.963022561595164,9.5922324835835,2.864475656675885
2571,training,0.006057955,0.17013411410152912,0.06562549591371317,16.92459960211764,9.603180928414448,2.863645856412174
2572,training,0.0048923763,0.2048273794353008,0.06562549591371317,16.88624187506584,9.61413010391247,2.86272174887577
2573,training,0.035548512,0.12505950219929218,0.06562549591371317,16.847810982068786,9.625120586242343,2.8636386258402546
2574,training,0.029135892,0.15422076173126698,0.06562549591371317,16.809361459530574,9.63600122999042,2.8683514338246243
2575,training,0.002513727,0.2303553596138954,0.06562549591371317,16.770993917987802,9.646649836305604,2.874405776501286
2576,training,0.014922913,0.23055703938007355,0.06562549591371317,16.732427254024866,9.656972165963483,2.8865630809820244
2577,training,0.009914363,0.21828888356685636,0.06562549591371317,16.69384530334456,9.66676573372581,2.8980204292348777
2578,training,0.0033853948,0.23166903853416443,0.09350820323373692,16.65501860806067,9.676210098696405,2.907846565600305
2579,training,0.01179299,0.2283875122666359,0.09350820323373692,16.616168702557367,9.685177650495827,2.9222851793843776
2580,training,0.014744004,0.2613977640867233,0.09350820323373692,16.57732611353781,9.69355541418504,2.9361458391010355
2581,training,0.015324159,0.25285178422927856,0.09350820323373692,16.538120325036907,9.701411111782637,2.951969073103128
2582,training,0.0027463536,0.22457595542073247,0.09350820323373692,16.499048213368326,9.708569124439396,2.967498731547609
2583,training,0.001569793,0.25897547230124474,0.09350820323373692,16.45966641373209,9.715306667852632,2.974899032997679
2584,training,0.0009750638,0.22982239909470084,0.1333048644339312,16.42015603821557,9.721896594374138,2.976835527718835
2585,training,0.011192773,0.22048210725188255,0.1333048644339312,16.380673068112973,9.728863324098512,2.9461732052728884
2586,training,0.007901622,0.24590693414211273,0.1333048644339312,16.341226072325597,9.737577574490409,2.9027764565918317
2587,training,0.0038651852,0.27683331817388535,0.1333048644339312,16.302267215355307,9.747862097620505,2.8642887153854693
2588,training,0.0033877713,0.1856612619012594,0.1333048644339312,16.263778029141424,9.759765520112177,2.8168981548871006
2589,training,0.013494734,0.10850362852215766,0.1333048644339312,16.22591690799813,9.773318564033683,2.7819303411633554
2590,training,0.016207777,0.1545819416642189,0.14407101643726344,16.188361309467165,9.787905789255834,2.762844287409632
2591,training,0.0023582946,0.07420109957456589,0.14407101643726344,16.133016724807568,9.810872343075987,2.731317728515354
2592,training,0,0.024474743753671646,0.14407101643726344,16.114615077812918,9.81899890745603,2.7201807530353554
2593,training,0,0.039310209453105927,0.14407101643726344,16.07806653147694,9.83556554134762,2.7149322887440865
2594,training,0.0026960322,0.07126303017139435,0.14407101643726344,16.041800650675636,9.851983856879201,2.71869243769912
2595,training,0.0022329977,0.05906270258128643,0.1014732670402242,16.005216844751644,9.868362852669659,2.721187262630946
2596,training,0,0.021821506321430206,0.1014732670402242,15.968771974938988,9.884671687968584,2.720035637156682
2597,training,0,0.027341894805431366,0.1014732670402242,15.932337725390276,9.90094572409086,2.7244877701283063
2598,training,0,0.024236463010311127,0.1014732670402242,15.895618071836106,9.917030633798815,2.7338868197752624
2599,training,0,0.02348916605114937,0.1014732670402242,15.877466130953968,9.924832173506358,2.735523090383229
2600,training,0,0.0338648222386837,0.1014732670402242,15.822383077548768,9.948533887372909,2.7351138433125213
2601,training,0,0.02248818799853325,0.1014732670402242,15.785620768489622,9.964180323209987,2.7457750852808753
2602,training,0,0.03857084736227988,0.06910373144415242,15.748821926831162,9.979205917823082,2.761990081743778
2603,training,0,0.02953452244400978,0.06910373144415242,15.730229143087007,9.986530215353811,2.770873747283371
2604,training,0,0.020932145416736603,0.06910373144415242,15.692906344832332,10.00067989577099,2.786965927982353
2605,training,0,0.04171108826994896,0.06910373144415242,15.655507085030724,10.014185079034933,2.8014816080121996
2606,training,0,0.025809429585933685,0.06910373144415242,15.617740164382825,10.027334924165054,2.8110300797695302
2607,training,0,0.03228240832686424,0.06910373144415242,15.57998421174959,10.040122056181056,2.8203623507674633
2608,training,0,0.03250434994697571,0.05110942415506093,15.542066253507091,10.052443168069397,2.8341012697325065
2609,training,0,0.04934057220816612,0.05110942415506093,15.504058744500925,10.064263076696319,2.8475133514967776
2610,training,0.0054481253,0.06804190948605537,0.05110942415506093,15.446639563702048,10.08068781377852,2.8790265485153017
2611,training,0,0.04295550473034382,0.05110942415506093,15.408168378617045,10.090614537498325,2.898206738656762
2612,training,0.009518579,0.055576758459210396,0.05110942415506093,15.369335604221625,10.099922916585667,2.9123504208254145
2613,training,0,0.043436069041490555,0.029987994443883743,15.330522617574408,10.108739400196185,2.922983937359281
2614,training,0,0.025594418868422508,0.029987994443883743,15.291523643494005,10.117253822717815,2.9296569562113204
2615,training,0,0.013312740251421928,0.029987994443883743,15.252403006726796,10.125553492362158,2.9355993503316458
2616,training,0,0.007218735292553902,0.029987994443883743,15.21345148803309,10.133627616691854,2.937593307020687
2617,training,0,0.007107431069016457,0.029987994443883743,15.193853586340154,10.137682833951143,2.9369420996961044
2618,training,0,0.016196619253605604,0.029987994443883743,15.154648022227423,10.145843029472465,2.9359166348776338
2619,training,0,0.015852242708206177,0.029987994443883743,15.096127938755464,10.158080280521219,2.9354136313951322
2620,training,0.0053407806,0.061193328350782394,0.008446497249747598,15.037384212253441,10.17010774704926,2.944671806014676
2621,training,0.0020876757,0.10588550381362438,0.008446497249747598,14.998348753859906,10.177764994887667,2.9519747283207707
2622,training,0.024757784,0.22136735171079636,0.008446497249747598,14.958998686725643,10.185016966510478,2.9693012311216904
2623,training,0.0042920373,0.18730612844228745,0.008446497249747598,14.939406695519592,10.188290459912116,2.982882676308197
2624,training,0.0014277056,0.12455609999597075,0.008446497249747598,14.900081062787192,10.194190629340564,2.9975708081900043
2625,training,0.0014090989,0.11860496923327446,0.02511798487083233,14.840573171817049,10.20261584883771,2.998390491054937
2626,training,0.0012884522,0.17123513668775558,0.02511798487083233,14.82087613297991,10.205513789050519,2.9919837508031155
2627,training,0.0028918304,0.1447790116071701,0.02511798487083233,14.78129040755751,10.211752491672906,2.9790361848487077
2628,training,0.010688744,0.17717021703720093,0.02511798487083233,14.741693055114247,10.218490441994625,2.966866768910948
2629,training,0.008871982,0.15230150520801544,0.02511798487083233,14.702491179063008,10.225677542586165,2.9537329584447582
2630,training,0.011191904,0.23803415521979332,0.02511798487083233,14.663097923174897,10.233351076920215,2.9459555290821866
2631,training,0.0069944365,0.18907374888658524,0.02511798487083233,14.623964845230393,10.241137383975456,2.944332722679381
2632,training,0.0050363415,0.22678375244140625,0.028234872332173158,14.5848137147038,10.24903235397918,2.939903467385695
2633,training,0.0055031776,0.19673281908035278,0.028234872332173158,14.545538859741237,10.257228276406074,2.930544560040649
2634,training,0.0149043985,0.17135126888751984,0.028234872332173158,14.506569219998179,10.265869329322692,2.9140337025070497
2635,training,0.0073256157,0.24264647066593165,0.028234872332173158,14.46750737332117,10.275333346701458,2.893008143602059
2636,training,0.01436097,0.21129450201988226,0.028234872332173158,14.428718573098806,10.285596047759746,2.8726584010962504
2637,training,0.008929838,0.2066122144460678,0.028234872332173158,14.39019938232021,10.296717806576032,2.847457018626435
2638,training,0.01280485,0.1293183863162995,0.006338422137675428,14.351975994818465,10.308902849857551,2.8165418936386035
2639,training,0.009311421,0.1814203411340714,0.006338422137675428,14.313955716575748,10.322517897845643,2.776504665045892
2640,training,0.006253171,0.2020338773727417,0.006338422137675428,14.276755035993293,10.33763954894472,2.735477066024267
2641,training,0.0023415205,0.13091374933719635,0.006338422137675428,14.240134146868346,10.354150762507203,2.701109944583699
2642,training,0.014068113,0.08498945832252497,0.006338422137675428,14.203845920415937,10.372044028093091,2.6649786197600105
2643,training,0,0.003202229738235529,0.006338422137675428,14.1685688762729,10.391172709448394,2.622093722950406
2644,training,0,0.04987514019012457,0.045858475901736626,14.15116867372536,10.401404265923384,2.5968906160065437
2645,training,0,0.022606760263442965,0.045858475901736626,14.100468026954427,10.434694333396088,2.5276185818121832
2646,training,0,0.007840216159820529,0.045858475901736626,14.06810020167979,10.45863412142529,2.480784709730969
2647,training,0.0044065164,0.054881669580936446,0.045858475901736626,14.036872079086878,10.48402480585291,2.4374813886089823
2648,training,0,0.009500369429588318,0.045858475901736626,14.006616191434409,10.510706970013516,2.401658066929511
2649,training,0,0.04480983316898346,0.057751298289219315,13.977377804660492,10.538300451926933,2.3687118457385825
2650,training,0,0.02965293079614638,0.057751298289219315,13.949085034455573,10.566727366238807,2.338830754288948
2651,training,0,0.025782354176044478,0.057751298289219315,13.935172658390977,10.581345965904786,2.3236453349979187
2652,training,0.007537514,0.06448023021221161,0.057751298289219315,13.894921530100842,10.626170698093347,2.283413726191024
2653,training,0,0.007243245840072646,0.057751298289219315,13.868995022805962,10.65681807507156,2.2647067101424567
2654,training,0.0042165583,0.05662192590534687,0.057751298289219315,13.843537734728367,10.687834186672262,2.2515222148265686
2655,training,0,0.03200594871304929,0.057751298289219315,13.818658773876551,10.71907075605114,2.234456083004476
2656,training,0,0.04818560928106308,0.03709955253390876,13.794086497129614,10.750808183715595,2.2260156668413926
2657,training,0,0.01946381106972695,0.03709955253390876,13.769729306787845,10.782316965784657,2.2323143326239596
2658,training,0.0020753965,0.05133054032921791,0.03709955253390876,13.745101895386108,10.813721549644173,2.2393069517599304
2659,training,0,0.029918929561972625,0.03709955253390876,13.720195114304566,10.84504540022456,2.2454403143875212
2660,training,0.0013027377,0.10366553813219072,0.03709955253390876,13.69526211851522,10.876054456657343,2.2501023222267516
2661,training,0.0029000845,0.09815141372382641,0.03709955253390876,13.6451357424356,10.938424338925508,2.2432193670446208
2662,training,0.0047480105,0.05814480781555176,0.019513873072805634,13.620346352772025,10.969717514801918,2.2382651389347084
2663,training,0,0.010776139795780196,0.019513873072805634,13.607948873734479,10.985465344826943,2.239066995486596
2664,training,0.0055054175,0.06206144392490387,0.019513873072805634,13.58299230446243,11.016571632731948,2.257747866482931
2665,training,0,0.010338619351387052,0.019513873072805634,13.557485831421952,11.046962802822623,2.280675767530066
2666,training,0,0.007199808955192566,0.019513873072805634,13.544388308430626,11.062016895522396,2.2930304619395234
2667,training,0,0.008329272270202664,0.019513873072805634,13.517629991781082,11.091630799270993,2.3199973049180382
2668,training,0.010734197,0.05369299650192261,0.019513873072805634,13.490265621815704,11.12030490038739,2.344795083240835
2669,training,0,0.04093134403228761,0.019513873072805634,13.462017842731393,11.148614315217992,2.36481948932548
2670,training,0,0.04836221039295194,0.03820918512790442,13.447712159485206,11.162573144299653,2.3724853914482678
2671,training,0.017755454,0.09978433698415753,0.03820918512790442,13.40436934399888,11.203586881907562,2.393851213335062
2672,training,0.010306284,0.07407752424478531,0.03820918512790442,13.374863919876212,11.230626401196956,2.4053157976418436
2673,training,0.006059156,0.08730404824018481,0.03820918512790442,13.345254939833747,11.257125936255449,2.4184234398106623
2674,training,0,0.04253105819225314,0.03820918512790442,13.315093946413253,11.283291051687149,2.4364878911829413
2675,training,0,0.03492507338523862,0.03820918512790442,13.284540443303628,11.30879755603175,2.455982386138487
2676,training,0.009052566,0.06001146137714386,0.03820918512790442,13.253507765273703,11.333585466735995,2.4790517321105776
2677,training,0.0037737186,0.1213029175996781,0.02264367185774339,13.221875622060482,11.357752636252407,2.4977597753174505
2678,training,0.022142965,0.08186725154519083,0.02264367185774339,13.189814673973627,11.38147257077684,2.510401077514101
2679,training,0.010480009,0.16532503068447113,0.02264367185774339,13.157472435321854,11.404865977566333,2.5190179866888673
2680,training,0.004865233,0.17009282484650612,0.02264367185774339,13.125032115866013,11.428054162691943,2.5223929221068597
2681,training,0.0021393537,0.16412001475691798,0.02264367185774339,13.09244945000321,11.451151466125381,2.5285353337411496
2682,training,0.0040300703,0.13817306607961652,0.02264367185774339,13.059789657217493,11.473926256107998,2.5358035722666026
2683,training,0.0061969273,0.1812241971492768,0.01269934579824299,13.026844542632386,11.496557086309728,2.54418276878871
2684,training,0.0042518824,0.13405159115791318,0.01269934579824299,12.99374500289366,11.51875464625921,2.5584896700665913
2685,training,0.00082074385,0.12780188024044037,0.01269934579824299,12.960406086683962,11.5403739826672,2.575048458100363
2686,training,0.0051650587,0.10551897436380384,0.01269934579824299,12.926485265765683,11.56146993624472,2.596610275063177
2687,training,0.0062198443,0.10207716375589371,0.01269934579824299,12.892293643616844,11.581637799625497,2.619202523041606
2688,training,0.010818722,0.07714845240116117,0.01269934579824299,12.857557014891574,11.601165564621766,2.63981985933715
2689,training,0.0020681662,0.09558448195457458,0.026858858158217105,12.82234695309414,11.619970876562926,2.6650682784111686
2690,training,0.029667335,0.060717880725860596,0.026858858158217105,12.786909684974445,11.637640031728909,2.69295783804463
2691,training,0.010386776,0.062327153980731964,0.026858858158217105,12.750689393309521,11.654538412031922,2.714856240482393
2692,training,0.0039970917,0.07671485096216202,0.026858858158217105,12.714342139462195,11.670720544423054,2.730813531622969
2693,training,0.009625147,0.07305264472961423,0.026858858158217105,12.6777019830192,11.686320865331382,2.7471304925542275
2694,training,0,0.010132037103176117,0.026858858158217105,12.64067825927692,11.701403501774193,2.7626583506064617
2695,training,0,0.02627740055322647,0.026858858158217105,12.603635902389394,11.715770742247068,2.7807997171068055
2696,training,0,0.009078018367290497,0.05557020696822049,12.566156794056885,11.729528445492193,2.798183255049337
2697,training,0,0.04061924666166307,0.05557020696822049,12.547364502032355,11.736178204703709,2.804402538924745
2698,training,0,0.024009153246879578,0.05557020696822049,12.509693297965011,11.74911090206748,2.8170652667431306
2699,training,0,0.006330305710434914,0.05557020696822049,12.471766184766842,11.761601864591137,2.829132106303812
2700,training,0,0.037168560549616814,0.05557020696822049,12.433780092796628,11.773712431966434,2.8357029909692226
2701,training,0,0.03389845602214337,0.05557020696822049,12.395704545388641,11.785600300324232,2.8421712899618057
2702,training,0,0.017222588881850236,0.09423738116388203,12.338410104298301,11.803039897063005,2.8487324407839094
2703,training,0,0.024691147729754448,0.09423738116388203,12.319277125640271,11.808780060182563,2.8509641653278335
2704,training,0,0.0005442053079605103,0.09423738116388203,12.261889853636859,11.825663615347805,2.858940416061307
2705,training,0,0.021168788895010948,0.09423738116388203,12.24270038869641,11.831216842689606,2.860668881926361
2706,training,0,0.0028940439224243164,0.09423738116388203,12.204298414521356,11.842203777086512,2.8652140504163213
2707,training,0,0.009989818558096886,0.09423738116388203,12.165905343363205,11.852986952511504,2.8691647488284517
2708,training,0,0.004309128969907761,0.0883368990911176,12.12739298201653,11.863683486665082,2.872013449018004
2709,training,0,0.0041236430406570435,0.0883368990911176,12.069650778629478,11.87940776207287,2.8785502540955945
2710,training,0,0.016141517087817185,0.0883368990911176,12.03107045232172,11.889736551065376,2.8815712270782448
2711,training,0.001546597,0.0659980271011591,0.0883368990911176,11.95387316113709,11.909835245436511,2.890885322918575
2712,training,0,0.01025279238820076,0.062427865158796655,11.915092285212602,11.919693445859705,2.893796900154493
2713,training,0,0.01246543601155281,0.062427865158796655,11.895728971267387,11.924578673371645,2.894463423929284
2714,training,0,0.0009316252544522268,0.062427865158796655,11.876362990475908,11.92946677190655,2.8934983584999814
2715,training,0,0.028563665226101875,0.062427865158796655,11.837694041367529,11.93933769736276,2.889936707138252
2716,training,0,0.038778170943260186,0.062427865158796655,11.798955610443933,11.949320868084472,2.88910813231046
2717,training,0,0.04053535684943199,0.062427865158796655,11.760347051590625,11.959270061607839,2.888635866766124
2718,training,0,0.033307891339063644,0.062427865158796655,11.721597279678031,11.969282274204952,2.888880077358291
2719,training,0,0.014313453808426857,0.062427865158796655,11.70225933767395,11.974259785539344,2.890336203797106
2720,training,0,0.0156890912912786,0.03593165786335227,11.644289603309497,11.989029172250065,2.892772212855238
2721,training,0.012658751,0.06331263110041618,0.03593165786335227,11.58612735263083,12.003685670242183,2.897359400755838
2722,training,0,0.03998926654458046,0.03593165786335227,11.56684081186413,12.008472688123428,2.8979253360582713
2723,training,0,0.007075410336256027,0.03593165786335227,11.528020573630986,12.018108076677578,2.8981243455311723
2724,training,0,0.037718940526247025,0.03593165786335227,11.489213718079533,12.02770964437051,2.9001997650486713
2725,training,0.0035741958,0.0786299929022789,0.03593165786335227,11.45053877257699,12.03720115420704,2.9009491050748157
2726,training,0.0021461498,0.07595082372426987,0.028918291096197063,11.392245161583041,12.051416172470695,2.904623464264326
2727,training,0.0072413264,0.09011131897568703,0.028918291096197063,11.35352478556021,12.060616371308274,2.9117674765600015
2728,training,0.014630756,0.12262118607759476,0.028918291096197063,11.295056587259149,12.07384047572285,2.9294542385352367
2729,training,0.003737955,0.15902096033096313,0.028918291096197063,11.256223065783152,12.081882481364289,2.9448157157296317
2730,training,0.004506887,0.10576430056244135,0.028918291096197063,11.216962881527786,12.089420457164294,2.95783988995778
2731,training,0.0015486641,0.11201125383377075,0.0015770578484207015,11.158158496788214,12.099945544596428,2.9672267434374797
2732,training,0.011264229,0.12815455347299576,0.0015770578484207015,11.098964962285326,12.110239178236956,2.9722045631258505
2733,training,0.008683231,0.13096274435520172,0.0015770578484207015,11.059809007209516,12.116798652468235,2.979006612574205
2734,training,0.0049525835,0.0974787175655365,0.0015770578484207015,11.000518190198118,12.126066826863976,2.9958706849023264
2735,training,0.004480213,0.14536249451339245,0.03182353562387414,10.980762313853429,12.128897892011206,3.0018260998112245
2736,training,0.0020556445,0.14089248515665534,0.03182353562387414,10.941311945865163,12.134310350663055,3.006432195134854
2737,training,0.0015825449,0.09295892529189587,0.03182353562387414,10.901545834612778,12.139748295570895,3.0044210597961687
2738,training,0.00095101347,0.07636814936995508,0.03182353562387414,10.862036050292426,12.14525243842305,3.0012823346521205
2739,training,0.016489744,0.11969205737113953,0.03182353562387414,10.842284923979868,12.148054613407053,2.9999886355457104
2740,training,0.0015643411,0.07945718057453634,0.03182353562387414,10.782755799618762,12.156553756114565,3.0004278099920576
2741,training,0.019908724,0.07742819003760815,0.03182353562387414,10.743358658440632,12.162120433662293,3.001760810302276
2742,training,0.0041976282,0.09549440816044807,0.06329022844147102,10.683804802012517,12.170384827369762,3.0067433798151004
2743,training,0.0020408325,0.09181845188140869,0.06329022844147102,10.624603622107577,12.178134964838986,3.0164745199703145
2744,training,0.0035906523,0.086122315376997,0.06329022844147102,10.565016124775173,12.185300958177775,3.0277823351349005
2745,training,0.00090051186,0.06833741068840027,0.06329022844147102,10.50549031730262,12.191818369230326,3.0371591362166637
2746,training,0,0.041611431166529655,0.11006374452324692,10.485507927986692,12.193902678669698,3.038035953571222
2747,training,0,0.04309429042041301,0.11006374452324692,10.465690165810246,12.195968712937201,3.0362141518170507
2748,training,0.003181403,0.1392980832606554,0.11006374452324692,10.426005994340564,12.200398687086375,3.024836904990691
2749,training,0.0031033466,0.1530736889690161,0.11006374452324692,10.386074922156306,12.205400214280605,3.004170470728672
2750,training,0.0028880942,0.14430604502558708,0.11006374452324692,10.366185381110006,12.208297192594179,2.9890107464933435
2751,training,0.0039750193,0.06672438979148865,0.11006374452324692,10.287204243565034,12.222884612141652,2.931768466522414
2752,training,0.0029415707,0.1040484607219696,0.11006374452324692,10.248158051620027,12.231456646392285,2.9209104038879308
2753,training,0.002984718,0.11611679941415787,0.10133274555663442,10.209191263164234,12.240307757724796,2.916576073323606
2754,training,0.0057772603,0.14939936809241772,0.10133274555663442,10.170163600727694,12.24919323530671,2.9212123287053076
2755,training,0.009409387,0.10686451569199562,0.10133274555663442,10.111788068552878,12.261985558990755,2.929263570715734
2756,training,0,0.0434230864048004,0.10133274555663442,10.072594425611157,12.270322103919398,2.936075059491597
2757,training,0,0.03130779787898063,0.10133274555663442,10.053089772017184,12.274330396180238,2.9411579228851443
2758,training,0,0.026798989623785026,0.04975746966737154,10.033637366340503,12.278236528437521,2.9454476662750606
2759,training,0,0.03957046940922737,0.04975746966737154,9.994406987836662,12.285821729231348,2.957457956955018
2760,training,0,0.03219781443476677,0.04975746966737154,9.974700222500507,12.289410873951537,2.9655371559987276
2761,training,0,0.018083866685628898,0.04975746966737154,9.955097841474007,12.292807127791587,2.973757808122404
2762,training,0,0.025399159640073776,0.04975746966737154,9.915855529240169,12.29917553239369,2.986992473716366
2763,training,0.0042387177,0.07451985962688923,0.04975746966737154,9.856479252465867,12.30791272955613,3.0039725620553104
2764,training,0,0.03624107129871845,0.04975746966737154,9.836806486851922,12.3105866867752,3.008208517167848
2765,training,0,0.01922817900776863,0.025247929678940965,9.797188833118923,12.31579454908456,3.0128212326162322
2766,training,0,0.0466256458312273,0.025247929678940965,9.757422820353776,12.320875454461913,3.0166242558694667
2767,training,0,0.04308387637138367,0.025247929678940965,9.717929170030423,12.325746938849624,3.021101963593816
2768,training,0,0.03918875753879547,0.025247929678940965,9.678129834531827,12.330469918498446,3.0261754972246386
2769,training,0.011827184,0.09291669353842734,0.025247929678940965,9.638478178582547,12.334978727943133,3.0307251152001657
2770,training,0.013837917,0.10965938866138458,0.025247929678940965,9.578860441733015,12.341369154692137,3.0395446472199157
2771,training,0.047241658,0.18019337207078934,0.02433252893582794,9.53915219569066,12.345224379198656,3.052559281328393
2772,training,0.0052335327,0.20544005930423737,0.02433252893582794,9.519384329260912,12.346900057852935,3.0617707232489844
2773,training,0.002871874,0.2175435572862625,0.02433252893582794,9.47957998383,12.349678176529336,3.082048101271182
2774,training,0,0.03016525506973268,0.02433252893582794,9.439683683938826,12.351700123281573,3.0988186204199377
2775,training,0,0.03348052501678467,0.02433252893582794,9.3999300741017,12.353099822495079,3.1128017367326986
2776,training,0,0.02917347103357315,0.02433252893582794,9.359926445683875,12.354030585301341,3.123497713878639
2777,training,0,0.02174445241689682,0.02433252893582794,9.320093619802314,12.354573188090873,3.1324224978501864
2778,training,0,0.018474888056516647,0.04616281472643841,9.280169630589302,12.354736032913257,-3.1405839242407243
2779,training,0,0.008783549070358283,0.04616281472643841,9.240247861590385,12.354546104537613,-3.133802495402843
2780,training,0,0.014804888516664505,0.04616281472643841,9.200382315066403,12.354070955581735,-3.1256720327776466
2781,training,0,0.012121740728616721,0.04616281472643841,9.160404394934394,12.353267355757527,-3.1177567338101304
2782,training,0,0.0011514127254486084,0.04616281472643841,9.120512551608593,12.352190673343863,-3.1116630756746964
2783,training,0,0.002794656902551651,0.04616281472643841,9.080657187348297,12.350834660631481,-3.1033545202852086
2784,training,0,0.01357334852218628,0.04365385748494871,9.04071818301528,12.349164668268063,-3.0971853958595466
2785,training,0,0.016924895346164703,0.04365385748494871,9.000898300333633,12.347273445305499,-3.0907881668576005
2786,training,0,0.003339674323797219,0.04365385748494871,8.961007692369247,12.345085226583608,-3.0830286069150703
2787,training,0.006635555,0.05311488686129451,0.04365385748494871,8.901299204306278,12.34126665195051,-3.0713821813229174
2788,training,0,0.005581337958574295,0.04365385748494871,8.881409325880448,12.339822668839727,-3.0666196645933312
2789,training,0,0.040244296193122864,0.029579809688355097,8.841593360017663,12.336661868770271,-3.0595568126537316
2790,training,0.0070349565,0.05195860518142581,0.029579809688355097,8.801783243772956,12.333263689212359,-3.052661195410601
2791,training,0.0034983098,0.055629104375839226,0.029579809688355097,8.762089343588066,12.329524711238507,-3.0432544226003593
2792,training,0.001853525,0.07023101300001144,0.029579809688355097,8.70246851526597,12.323391129647993,-3.0364121235240025
2793,training,0.0046445704,0.0942385271191597,0.029579809688355097,8.662824583486024,12.319050059964074,-3.0287154499731463
2794,training,0.0027236748,0.1242101863026619,0.029579809688355097,8.623237080555565,12.314394991310978,-3.0197698584519843
2795,training,0.022892032,0.1144920140504837,0.013700874982922837,8.583629039293022,12.309331355232327,-3.0082936253146957
2796,training,0.0006528904,0.07172236777842046,0.013700874982922837,8.544106353018924,12.303805440557028,-2.999490263382834
2797,training,0,0.048131220042705536,0.013700874982922837,8.524348831922993,12.300957958028762,-2.9978536121803887
2798,training,0.010195184,0.058319590985774994,0.013700874982922837,8.464838396431865,12.292690354903765,-3.010202303069314
2799,training,0,0.044799886643886566,0.013700874982922837,8.445010269562681,12.290118111563014,-3.0154986109400497
2800,training,0,0.044945001602172865,0.013700874982922837,8.40522852436889,12.28530639518799,-3.026761482421577
2801,training,0,0.046122916042804704,0.026067226138265804,8.36546289873696,12.280897932573572,-3.035450734440241
2802,training,0,0.030212782323360443,0.026067226138265804,8.32563650879609,12.276849138669734,-3.0458877943072986
2803,training,0,0.021947413682937622,0.026067226138265804,8.285735923576135,12.273246067113636,-3.056656231930698
2804,training,0,0.03710640966892241,0.026067226138265804,8.245823466462811,12.270030828520369,-3.065976294863852
2805,training,0,0.023166902363300323,0.026067226138265804,8.205856544157667,12.267219750989394,-3.077101951060902
2806,training,0.008721292,0.05535283870995045,0.026067226138265804,8.165985848050143,12.264804343802531,-3.0847642050068673
2807,training,0.005796708,0.07941707223653793,0.040867049894998085,8.105986425378786,12.261643025987173,-3.0927624437068686
2808,training,0.005502678,0.10187570750713348,0.040867049894998085,8.046200916441444,12.258724302108055,-3.088986066488372
2809,training,0.0055148103,0.12543214485049248,0.040867049894998085,7.9864122445252015,12.255201114338,-3.074950185395138
2810,training,0,0.046393657103180885,0.040867049894998085,7.966609547046068,12.253808249640613,-3.0686981245456697
2811,training,0,0.04554525017738342,0.040867049894998085,7.926625809260978,12.250793128155811,-3.067952928429488
2812,training,0.004829283,0.05482466518878937,0.040867049894998085,7.886662016565981,12.248014164988406,-3.0767308560608417
2813,training,0.005336678,0.07256827503442764,0.0498568181264057,7.826764694506611,12.24444734675058,-3.0879829991647805
2814,training,0.006383834,0.09206052683293818,0.0498568181264057,7.786801110735517,12.24240357610213,-3.092622551186792
2815,training,0.0024750195,0.0926536563783884,0.0498568181264057,7.746986003469324,12.240450203026997,-3.091416581664148
2816,training,0.014209111,0.09896895103156567,0.0498568181264057,7.667185758666184,12.236242687728911,-3.086622052741589
2817,training,0.0024096824,0.08466963469982147,0.05444435943289577,7.62728811093746,12.233990821462045,-3.0841008222628012
2818,training,0.0013805397,0.0943868737667799,0.05444435943289577,7.587339843431079,12.23169172287339,-3.085337327767911
2819,training,0.0027665063,0.11137713864445686,0.05444435943289577,7.547509863926833,12.229454970405163,-3.0853599795434437
2820,training,0.0051886667,0.12197312340140344,0.05444435943289577,7.507573340230941,12.227153455239456,-3.08248992534551
2821,training,0.0018565885,0.13813920132815838,0.05444435943289577,7.487633775877534,12.225956687476502,-3.0807438600723263
2822,training,0.007022656,0.15554837882518768,0.05444435943289577,7.4478408652523385,12.223420851718336,-3.0745019629571795
2823,training,0.0017199882,0.16649913787841797,0.06360029831874252,7.3881107282030385,12.219027236560379,-3.0623745880232827
2824,training,0.0051800357,0.17877071723341942,0.06360029831874252,7.368187192404888,12.217408704948955,-3.0587480703163545
2825,training,0.004636761,0.15944986417889595,0.06360029831874252,7.328500195852012,12.213916049686272,-3.0487543787774487
2826,training,0.058637917,0.17341409251093864,0.06360029831874252,7.268891353577601,12.208003068955755,-3.0381569097145644
2827,training,0.0046683317,0.12338832579553129,0.06360029831874252,7.229215782448007,12.203756700844112,-3.0317340100322183
2828,training,0.0030971165,0.13554677367210385,0.06360029831874252,7.189549733114147,12.199290972995234,-3.0284607881180303
2829,training,0.007769102,0.13144205883145332,0.08022956164360318,7.169668787598737,12.197026622367773,-3.028223373247522
2830,training,0.0074997237,0.13751011155545714,0.08022956164360318,7.1300023617177555,12.192476949994713,-3.026381223012315
2831,training,0.011140274,0.14423150941729546,0.08022956164360318,7.070485174839229,12.185527319377137,-3.025145717312554
2832,training,0.014287882,0.15824522450566292,0.08022956164360318,7.030821323016089,12.180847461375373,-3.022662670578425
2833,training,0.007100123,0.1619411110877991,0.08022956164360318,7.010989993700795,12.178458831410609,-3.0211976950772237
2834,training,0.0029228176,0.15799311362206933,0.08022956164360318,6.971347181070442,12.173641031625486,-3.020963183354334
2835,training,0.0026728413,0.16450546123087406,0.09725716949643122,6.931691718194822,12.168825442038427,-3.0201926437924747
2836,training,0.019576417,0.1704061347991228,0.09725716949643122,6.8920442827313515,12.163967905268864,-3.0202522487072208
2837,training,0.009783074,0.1601062510162592,0.09725716949643122,6.852311516426724,12.159160862724262,-3.0223300993433155
2838,training,0.0037614321,0.16807932965457437,0.09725716949643122,6.812674232009642,12.154415691752368,-3.0230814819195286
2839,training,0.003760602,0.15477444790303707,0.09725716949643122,6.753078436827103,12.147466556961888,-3.028866108335582
2840,training,0.001562563,0.14411883614957333,0.09725716949643122,6.733232355401156,12.145238926418545,-3.0308960564275322
2841,training,0.004898518,0.12429267168045044,0.11312455875023307,6.6934576626735485,12.14090186777692,-3.0358965129601088
2842,training,0,0.037519894540309906,0.11312455875023307,6.653499178832544,12.136951524671808,-3.0568315925537437
2843,training,0.009102035,0.09233009256422518,0.11312455875023307,6.6134897462041256,12.134075420726875,-3.0786988874157446
2844,training,0.0035552024,0.08173236250877382,0.11312455875023307,6.573364610911947,12.131889931467414,-3.097402915014747
2845,training,0.03289788,0.07889438606798649,0.11312455875023307,6.5132918466919625,12.130144133734921,-3.126081030496552
2846,training,0.009798719,0.09564433991909027,0.11312039716185224,6.473064097028219,12.129839621298943,3.1413588814527436
2847,training,0.012716973,0.08415274135768414,0.11312039716185224,6.433099061434976,12.130158706704714,3.127317355112906
2848,training,0.0043326598,0.061590706231072545,0.11312039716185224,6.3730221371936,12.131382093067526,3.118481485496844
2849,training,0,0.012808624655008316,0.11312039716185224,6.333117201342234,12.132355105629745,3.116306809894338
2850,training,0,0.001983143389225006,0.11312039716185224,6.313202548666871,12.132844992987303,3.11888929103938
2851,training,0,0.010888751596212387,0.11312039716185224,6.273201700831401,12.133530012173013,3.1300879560396075
2852,training,0,0.014139793813228607,0.0947835541998846,6.2532418568348245,12.13371749955869,3.1340114052164525
2853,training,0,0.027626324445009225,0.0947835541998846,6.213405297129702,12.13383627615838,-3.1400134786076546
2854,training,0,0.032937031239271164,0.0947835541998846,6.1734190762190435,12.133582578274353,-3.1307284663365045
2855,training,0,0.009570695459842668,0.0947835541998846,6.133513568789289,12.133019979056472,-3.1249145814945214
2856,training,0,0.00642428919672966,0.0947835541998846,6.093688167233743,12.132134557557738,-3.1125275551601193
2857,training,0,0.004289526492357254,0.0947835541998846,6.053796782192704,12.130707573966793,-3.0999119709073106
2858,training,0,0.0001069232821464608,0.08557533473237586,6.013986130973037,12.128827931798009,-3.089027954038084
2859,training,0,0.0020580701529979706,0.08557533473237586,5.97414321912826,12.126513797458745,-3.0785772849143633
2860,training,0,0.02553904615342617,0.08557533473237586,5.934292976802758,12.123840209481045,-3.0711631892577436
2861,training,0,0.04081347584724426,0.08557533473237586,5.894585706251368,12.120886288432457,-3.0640424843225333
2862,training,0,0.04808035306632519,0.08557533473237586,5.854758199416453,12.117679851800819,-3.0597131542094327
2863,training,0,0.014498557895421982,0.08557533473237586,5.814905068029507,12.114373191900771,-3.058189814408767
2864,training,0,0.012664210051298141,0.07255494627423797,5.775210314263925,12.11090501682875,-3.0493505837759836
2865,training,0,0.021089810878038413,0.07255494627423797,5.735495862025702,12.107043034768942,-3.0407599008687387
2866,training,0,0.02870734222233295,0.07255494627423797,5.695801217622685,12.1028796128453,-3.0333901675351633
2867,training,0,0.03210972063243389,0.07255494627423797,5.656139251937451,12.098424065758563,-3.027243260455545
2868,training,0,0.04342667106539011,0.07255494627423797,5.6164415383620145,12.093792912190127,-3.023869562571952
2869,training,0,0.04761528270319104,0.07255494627423797,5.576862733823969,12.089027252706993,-3.020107727149364
2870,training,0,0.04016718498314731,0.02257688523087963,5.537203755899206,12.084160606319184,-3.0203437272293656
2871,training,0,0.02733557671308518,0.02257688523087963,5.49749096113909,12.07926563054851,-3.015438154883593
2872,training,0,0.014794740825891495,0.02257688523087963,5.457974274432731,12.074061698705457,-3.0068473456915132
2873,training,0,0.007507419213652611,0.02257688523087963,5.418431291624591,12.068611221094558,-3.003208593229092
2874,training,0,0.008535729721188545,0.02257688523087963,5.378866470087368,12.06303001785222,-2.9993393730841604
2875,training,0,0.0012497752904891968,0.02257688523087963,5.339388634117121,12.057312703632745,-2.997595942059966
2876,training,0,0.008526680991053581,0.010235759629569404,5.299768374729344,12.051567699148407,-2.9977928086720227
2877,training,0,0.010980747640132904,0.010235759629569404,5.260279613713049,12.045812305714998,-2.9964397752060714
2878,training,0,0.021454347297549244,0.010235759629569404,5.220771883085927,12.040056936952722,-2.998184953873847
2879,training,0,0.02791842073202133,0.010235759629569404,5.181182042955837,12.034355213813734,-2.997951719432933
2880,training,0,0.04335306957364083,0.010235759629569404,5.1416945737773805,12.028594676474892,-2.9963901978375906
2881,training,0,0.011594796553254126,0.010235759629569404,5.10212874426053,12.02278968754756,-2.995331501671575
2882,training,0,0.03800358949229121,0.015359808204635235,5.062603008030816,12.01688178975516,-2.9898970045091775
2883,training,0.0030288636,0.0517890565097332,0.015359808204635235,5.0232316965202415,12.010734715269237,-2.9840111475110636
2884,training,0.0040516476,0.07807272113859653,0.015359808204635235,4.964073687877448,12.001029788112499,-2.9722388777484476
2885,training,0.008174308,0.10108730010688305,0.015359808204635235,4.924907676261899,11.994090707459803,-2.9607837132415797
2886,training,0.015207643,0.12605053931474686,0.015359808204635235,4.885611519923302,11.986658638661586,-2.9471977826286078
2887,training,0.0046742284,0.06150344293564558,0.015359808204635235,4.827193391823426,11.97442181164165,-2.9243777340046746
2888,training,0.008117143,0.06445429846644402,0.01839863656566084,4.788165412300156,11.965620624533196,-2.915398928349335
2889,training,0.00646262,0.08523338474333285,0.01839863656566084,4.749260532392942,11.956547399807164,-2.909966290200605
2890,training,0.009741869,0.08029322326183319,0.01839863656566084,4.691000067701253,11.942598040980497,-2.9028357170427914
2891,training,0.008316987,0.08914288878440857,0.01839863656566084,4.652208470711894,11.932933117039308,-2.8901212253259936
2892,training,0.00780942,0.07514794170856476,0.01839863656566084,4.613844608819148,11.922705863649963,-2.871452409162681
2893,training,0.000462526,0.09515804052352905,0.020522350166222038,4.575430722375791,11.911612934894166,-2.8477373804856256
2894,training,0.005406716,0.12368685286492109,0.020522350166222038,4.537577843205382,11.899655479927798,-2.823093376118536
2895,training,0,0.035421546548604965,0.020522350166222038,4.518755612757709,11.893329410444087,-2.8120954146547894
2896,training,0.013215227,0.06586830812739208,0.020522350166222038,4.462252605530969,11.873251788482241,-2.790172838208549
2897,training,0,0.03380454331636429,0.020522350166222038,4.443702495751653,11.866376643753517,-2.7840451829046162
2898,training,0,0.001785382628440857,0.020522350166222038,4.425077862999297,11.859360216074474,-2.779280096030177
2899,training,0.022772424,0.07277487218379974,0.020522350166222038,4.38770304724607,11.845038534236366,-2.772092174630439
2900,training,0,0.0074673667550086975,0.07484055839394622,4.369084307766199,11.837796865331459,-2.7693781919053477
2901,training,0,0.005601141601800919,0.07484055839394622,4.332076776692825,11.82318342399466,-2.761482426877045
2902,training,0,0.017320185899734497,0.07484055839394622,4.295010340386675,11.80818653358737,-2.752743244531635
2903,training,0,0.003536183387041092,0.07484055839394622,4.2581121752768025,11.792925504089144,-2.7464845907995175
2904,training,0.002778208,0.05437029153108597,0.07484055839394622,4.221432995345401,11.7774459112738,-2.7382883232071578
2905,training,0,0.02718317322432995,0.07484055839394622,4.184725133932519,11.761629355081103,-2.732323869126244
2906,training,0.0027445944,0.06045960448682307,0.12031285495134433,4.129960318537615,11.737600326382049,-2.72313396791688
2907,training,0,0.03784317336976528,0.12031285495134433,4.11174239874624,11.729427261823124,-2.715687808473929
2908,training,0.0028627804,0.07041800580918788,0.12031285495134433,4.05752620639673,11.704157626031144,-2.6964660219208483
2909,training,0,0.03782854042947291,0.12031285495134433,4.0396067538432305,11.695528926666043,-2.689282011961455
2910,training,0,0.029126523062586784,0.12031285495134433,4.003900468695414,11.677809167321646,-2.673960491621003
2911,training,0,0.023540757596492767,0.12031285495134433,3.9683195032141794,11.659625111485644,-2.666427742771718
2912,training,0,0.04853334650397301,0.014040836870421474,3.932943883479771,11.64123963705941,-2.657500786110388
2913,training,0.0020936267,0.05946099385619164,0.014040836870421474,3.8978960816929034,11.622530091471505,-2.64351132497859
2914,training,0,0.0310656800866127,0.014040836870421474,3.863021871342582,11.6031429066447,-2.623460576317572
2915,training,0,0.028491854667663567,0.014040836870421474,3.8287380287254433,11.583076039056394,-2.6018756631070747
2916,training,0,0.009534988552331924,0.014040836870421474,3.7946859491020923,11.562303377496297,-2.5869641243408363
2917,training,0,0.017413737252354622,0.014040836870421474,3.7608472390115497,11.541058585928138,-2.5751591646416165
2918,training,0.0017426938,0.055579980835318565,0.04644557417824079,3.7273305930948086,11.519578211981488,-2.569758023686415
2919,training,0.018377386,0.07868991047143936,0.04644557417824079,3.676883586750402,11.486977616590352,-2.566776290516496
2920,training,0.013196777,0.1084907203912735,0.04644557417824079,3.6433426055788862,11.465379849804295,-2.575494843235716
2921,training,0.0073151006,0.1446097567677498,0.04644557417824079,3.6091865556234444,11.44410847612493,-2.5961855648889385
2922,training,0.0069169616,0.11507853120565414,0.04644557417824079,3.557379604441927,11.413734637581191,-2.6261587045365546
2923,training,0,0.011587664484977722,0.04644557417824079,3.5222853633991877,11.394233843371222,-2.6397681744850514
2924,training,0,0.03570579737424852,0.029684659775876046,3.5046662568048177,11.38455229129276,-2.6358160090333094
2925,training,0,0.015041314065456377,0.029684659775876046,3.487300344246635,11.374819703865,-2.6256924875384624
2926,training,0,0.004508117213845253,0.029684659775876046,3.4529251269669228,11.354862089674294,-2.606824985044731
2927,training,0.0047570635,0.05036776326596737,0.029684659775876046,3.418634971456617,11.334259006806635,-2.596963585231827
2928,training,0.003254292,0.08391114138066769,0.029684659775876046,3.367506959754193,11.303204001125515,-2.59893561749193
2929,training,0.012578108,0.09350008144974709,0.029684659775876046,3.333006889745707,11.282647864104277,-2.6100757855071457
2930,training,0.008408332,0.09636072441935539,0.0052313002318862606,3.298465637140354,11.26260193847897,-2.62259447921411
2931,training,0,0.00921132043004036,0.0052313002318862606,3.281087644143388,11.252746349268023,-2.6273142549947686
2932,training,0,0.0026052482426166534,0.0052313002318862606,3.246190517945298,11.233054848205173,-2.6256866106230303
2933,training,0.011853715,0.075391611084342,0.0052313002318862606,3.211676162695176,11.213240623194611,-2.6159879259936822
2934,training,0.007847696,0.13982635736465454,0.0052313002318862606,3.160073808992779,11.182786098505332,-2.599596251525551
2935,training,0.00779401,0.11813847720623015,0.0052313002318862606,3.1261393493381178,11.161993062125173,-2.5840628501022445
2936,training,0,0.007226958870887753,0.055651236835048766,3.1093026125905445,11.151413446018498,-2.5784367397174774
2937,training,0.0049612373,0.05003293976187706,0.055651236835048766,3.075479795008877,11.129960803827977,-2.5766656264246075
2938,training,0.031140937,0.15004897862672806,0.055651236835048766,3.0417404614194554,11.108592479954206,-2.5780262022048577
2939,training,0.00815045,0.2060486003756523,0.055651236835048766,2.9910760433405876,11.076556731338936,-2.5738737129216567
2940,training,0.0061392128,0.19314342737197876,0.055651236835048766,2.957587132282201,11.054863458815305,-2.558213382114055
2941,training,0.01141043,0.2357114516198635,0.055651236835048766,2.9410766483325177,11.043869939468257,-2.5503910066486366
2942,training,0.0015087135,0.23841837793588638,0.056315376142348564,2.891576259477666,11.009952413297361,-2.5325431793995987
2943,training,0.01284002,0.27823586389422417,0.056315376142348564,2.859078623451477,10.987044021761376,-2.52302544362734
2944,training,0.0020290406,0.3197088241577148,0.056315376142348564,2.842879536110702,10.975451512564367,-2.5179542053096036
2945,training,0.006248515,0.30560222268104553,0.056315376142348564,2.79442190651217,10.939998875866817,-2.5003548601650087
2946,training,0.010623489,0.29736538231372833,0.056315376142348564,2.7785849980093364,10.928087687920245,-2.4932887717607133
2947,training,0.005220617,0.2949821874499321,0.056315376142348564,2.746986946914466,10.90379191328038,-2.4794928251866923
2948,training,0.0029801528,0.2087471149861813,0.056315376142348564,2.71552587112809,10.878994621992767,-2.469252445757274
2949,training,0.004624034,0.24116768687963486,0.02284214209019909,2.684495854494275,10.854108674924595,-2.463296665594296
2950,training,0.026212279,0.16380066983401775,0.02284214209019909,2.653361495678224,10.828911069973287,-2.459104550827895
2951,training,0.036139917,0.21158335357904434,0.02284214209019909,2.622433157374833,10.803675046043734,-2.4549069451435797
2952,training,0.002440197,0.20714674144983292,0.02284214209019909,2.591696745945442,10.778297445687686,-2.447576755704301
2953,training,0.004567523,0.24888975173234937,0.02284214209019909,2.5610347619883354,10.752546991593169,-2.4369620367192475
2954,training,0.009991383,0.17033758386969566,0.02284214209019909,2.5309574514521342,10.726577563558862,-2.4199731732732666
2955,training,0.0061747553,0.31075166165828705,0.02284214209019909,2.5013391140495576,10.69993882704891,-2.3973862836176907
2956,training,0.0026653032,0.2416980192065239,0.1495678712876373,2.4724285369585286,10.67264444985742,-2.371278501079444
2957,training,0.01636771,0.26214027404785156,0.1495678712876373,2.415839843905684,10.61661279034621,-2.374106988473125
2958,training,0.012723757,0.1423036754131317,0.1495678712876373,2.3867541611885774,10.58909168436347,-2.392981642885655
2959,training,0.005773957,0.09608439356088638,0.1495678712876373,2.372071059407049,10.575548844355303,-2.398209185330728
2960,training,0.004706026,0.08052419126033783,0.1495678712876373,2.3426186352472023,10.548420135831329,-2.39377794870185
2961,training,0,0.009071297943592058,0.1495678712876373,2.3135292517858934,10.521207901130296,-2.385729716682613
2962,training,0.012643635,0.0782183799892664,0.1495678712876373,2.284700691195323,10.49369479676331,-2.372904569741129
2963,training,0.059178688,0.15546487271785736,0.2748248547452316,2.2560218041563194,10.465696911875165,-2.367760152882229
2964,training,0.0068050385,0.09859845228493214,0.2748248547452316,2.2274145778496823,10.437409539277022,-2.3468706167388045
2965,training,0.0019325751,0.06436887383460999,0.2748248547452316,2.200059229189427,10.408609675476137,-2.316985744732891
2966,training,0.014293583,0.0568738654255867,0.2748248547452316,2.173435699937901,10.379079960704738,-2.2916068719107665
2967,training,0,0.015825882554054232,0.2748248547452316,2.1604001105860515,10.36401317926895,-2.2761266183177717
2968,training,0.022396185,0.1889435239136219,0.2748248547452316,2.1229971284920675,10.317845431720041,-2.2291069506813326
2969,training,0.013414996,0.09866893291473391,0.2748248547452316,2.0988682098399254,10.285996378224763,-2.2135764144628896
2970,training,0.011401105,0.110214963555336,0.21498901922124097,2.075286018050059,10.253889983479423,-2.1901111580276065
2971,training,0,0.031177878379821777,0.21498901922124097,2.0526863506866913,10.221242053961515,-2.1638690493643233
2972,training,0,0.03519646823406222,0.21498901922124097,2.041648747198229,10.204610336734767,-2.148680530444668
2973,training,0.0068786545,0.10777742415666582,0.21498901922124097,1.9906642229631786,10.119370264401864,-2.0712042515997178
2974,training,0,0.0037923380732536316,0.21498901922124097,1.9811995984042678,10.101827634908075,-2.0614777144946825
2975,training,0,0.00860795378684999,0.21498901922124097,1.9718639246746432,10.084205023556514,-2.053697021785898
2976,training,0,0.014454670250415788,0.12174835930057878,1.953843235737196,10.048844963753874,-2.0306174984257432
2977,training,0,0.00427459180355072,0.12174835930057878,1.9450996123391595,10.03092323443357,-2.0185525309703127
2978,training,0,0.034930966794490814,0.12174835930057878,1.9282755489902386,9.99487507882323,-1.996803386245873
2979,training,0,0.038885995745658875,0.12174835930057878,1.9122587646517888,9.958469368872322,-1.9737207784155122
2980,training,0,0.009581580758094788,0.12174835930057878,1.897102898811468,9.921737138944879,-1.9516115679714408
2981,training,0,0.007714860141277313,0.12174835930057878,1.8826094563026161,9.884555738606416,-1.9342645876256728
2982,training,0,0.026910357177257538,0.05090489876076194,1.8687943564876188,9.847188944849211,-1.9155239277067835
2983,training,0,0.01727616786956787,0.05090489876076194,1.8557162362933208,9.809711662617158,-1.8972957243220596
2984,training,0,0.043830938637256636,0.05090489876076194,1.8431962018075845,9.77171909041168,-1.881699759807544
2985,training,0.012371812,0.07232680171728134,0.05090489876076194,1.8145405605540974,9.676294187506272,-1.8433769671378193
2986,training,0.011527592,0.06715992093086243,0.05090489876076194,1.8041258420766386,9.63793441294392,-1.8294387202619482
2987,training,0.0027240277,0.1569121889770031,0.017161068801512684,1.7894362383448172,9.579855098341113,-1.8061598904454679
2988,training,0.00315269,0.12448222376406193,0.017161068801512684,1.7764642527011696,9.521750217770808,-1.7691629713922579
2989,training,0.0059668133,0.12213470786809921,0.017161068801512684,1.7659343669842686,9.462884263186506,-1.727447817678848
2990,training,0.0023558773,0.06810048222541809,0.017161068801512684,1.757725346931467,9.403867613200076,-1.6923647980356709
2991,training,0,0.025400932878255844,0.010063117146252827,1.7531749043083613,9.364201255159474,-1.6808978374948453
2992,training,0,0.03203168138861656,0.010063117146252827,1.7509999923542645,9.344451258565455,-1.6830702229005172
2993,training,0,0.008312650024890914,0.010063117146252827,1.7486999003544499,9.324635229314218,-1.6906138160685436
2994,training,0,0.02104605734348297,0.010063117146252827,1.743562118897352,9.284812632988634,-1.7078091521268586
2995,training,0,0.0026011988520622253,0.010063117146252827,1.7377252137823949,9.245148050423952,-1.7261853934999791
2996,training,0,0.025620296597480774,0.010063117146252827,1.7312669135256298,9.20572370473477,-1.7386490439428257
2997,training,0,0.0006732605397701263,0.010063117146252827,1.7244073938835898,9.166149242320984,-1.7446545493410301
2998,training,0,0.009773170575499535,0.012671513559936681,1.717453392352122,9.12686018567378,-1.746759718561766
2999,training,0,0.00030570710077881813,0.012671513559936681,1.7104657675558324,9.08749576823716,-1.746413726667526
3000,training,0,0.006779424846172333,0.012671513559936681,1.7034554644756494,9.048044125076165,-1.7478268875658933
3001,training,0,0.014848515391349792,0.012671513559936681,1.6964409641852845,9.008812351940028,-1.747428276216835
3002,training,0.006421582,0.052463073283433914,0.012671513559936681,1.6825673609895782,8.930027060262796,-1.742897536083515
3003,training,0,0.0006903260946273804,0.006470372932134019,1.6791737129598094,8.910398325509135,-1.74146520392593
3004,training,0,0.033175514079630375,0.006470372932134019,1.672369524802668,8.870898293611805,-1.7432191126792775
3005,training,0,0.02714943140745163,0.006470372932134019,1.6653422662553905,8.831455463387623,-1.7522569975396103
3006,training,0,0.017223607748746872,0.006470372932134019,1.661701443917892,8.81185300903814,-1.7563844836558788
3007,training,0,0.0044946447014808655,0.006470372932134019,1.6541687496527122,8.772486108214622,-1.7625120932410914
3008,training,0,0.011512994766235352,0.006470372932134019,1.646476345891361,8.73320482144619,-1.7653673595935213
3009,training,0,0.0016906186938285828,0.006470372932134019,1.6387998603063225,8.694074830680307,-1.7635284988600854
3010,training,0,0.020522203296422955,0.014366169819564359,1.631147008401733,8.654684716793628,-1.7623620227511168
3011,training,0,0.013441400602459908,0.014366169819564359,1.6235547778474357,8.615558264918747,-1.7629768056857305
3012,training,0,0.024583272635936737,0.014366169819564359,1.6159188882449165,8.576300046962162,-1.762760362277298
3013,training,0,0.026029203087091446,0.014366169819564359,1.6083108919397877,8.536975485806476,-1.760407389393458
3014,training,0,0.02555180760100484,0.014366169819564359,1.6009163267226734,8.497862023178254,-1.7550925927342655
3015,training,0,0.03472255356609821,0.014366169819564359,1.593675393507774,8.458447730252711,-1.7494860147169797
3016,training,0,0.012891925522126257,0.0012205941015547036,1.586677830278228,8.419167620761932,-1.7452517483388104
3017,training,0,0.03358864784240723,0.0012205941015547036,1.5798364842707475,8.379841387281617,-1.7415759777149362
3018,training,0.002833608,0.06265441700816154,0.0012205941015547036,1.5663538383311766,8.30105622328725,-1.7395269910539257
3019,training,0.0036524106,0.060403257608413696,0.0012205941015547036,1.5597286415629885,8.261581872290469,-1.7340334628664604
3020,training,0,0.022593791596591473,0.0012205941015547036,1.5533428200844457,8.22215799421005,-1.7287875006889462
3021,training,0,0.0013049724511802197,0.011362783731871868,1.550238245836051,8.202500788458138,-1.7267998767584174
3022,training,0,0.007730104029178621,0.011362783731871868,1.5440450128898076,8.162958630766816,-1.7265347004526064
3023,training,0,0.03979211486876011,0.011362783731871868,1.540930835012228,8.14315072657166,-1.727342459799952
3024,training,0.0064245914,0.06604718789458275,0.011362783731871868,1.5316349309162693,8.084044195532298,-1.7243210497486707
3025,training,0.00707795,0.16271008551120758,0.011362783731871868,1.5256723922062843,8.044439659114083,-1.7155500953941754
3026,training,0.004171982,0.1671375334262848,0.011362783731871868,1.5175422161721028,7.98528801915907,-1.6966660203781292
3027,training,0.0061537605,0.1473757103085518,0.011362783731871868,1.5151073698106832,7.965463309401837,-1.6893351663580023
3028,training,0.012112593,0.10468867234885691,0.005743612758622803,1.5105614683555797,7.925793166742709,-1.6828080679409272
3029,training,0.019146577,0.05790407769382001,0.005743612758622803,1.5039315665550765,7.866300294890895,-1.682470717772969
3030,training,0.0050951634,0.08365143090486526,0.005743612758622803,1.499405042258244,7.82655411888231,-1.687667122000797
3031,training,0,0.04659760557115078,0.005743612758622803,1.4970457835091626,7.8067038128279505,-1.6906696799999528
3032,training,0,0.030175762251019478,0.005743612758622803,1.4921764094102938,7.767052937724527,-1.6934239158041609
3033,training,0.009666835,0.10547422803938389,0.005743612758622803,1.4873414798935303,7.727363903802005,-1.6911367409703058
3034,training,0.0053048097,0.07574843056499958,0.004888463878273071,1.4825808462593968,7.687735705852435,-1.689811364273466
3035,training,0,0.033061921596527086,0.004888463878273071,1.4778592882558115,7.647996260008198,-1.6891819769120884
3036,training,0,0.008980438113212585,0.004888463878273071,1.4755253616901094,7.6282760640232015,-1.688164068247444
3037,training,0,0.037112042307853685,0.004888463878273071,1.4710118702033799,7.588604582061683,-1.6779279724093306
3038,training,0.008532944,0.05630854330956937,0.004888463878273071,1.4652141665661929,7.529071032728453,-1.6605328426282553
3039,training,0,0.016502603888511658,0.004888463878273071,1.46346269880223,7.509178488396357,-1.657353130446701
3040,training,0,0.009491711854934692,0.020870422213951027,1.4601460243834754,7.4694260075173045,-1.6493851776885704
3041,training,0,0.007254436612129225,0.020870422213951027,1.4572630516087783,7.429668040321449,-1.6377980048944403
3042,training,0,0.02156513929367064,0.020870422213951027,1.4548266233067015,7.389823460563494,-1.6254541588976743
3043,training,0,0.043511059135198586,0.020870422213951027,1.4529778032390832,7.350022172646409,-1.6082692598097907
3044,training,0.007535653,0.056309087201952934,0.020870422213951027,1.451485913689726,7.290320190468552,-1.5831615750626353
3045,training,0.005185625,0.05635801423341036,0.020870422213951027,1.4516160347083933,7.230627866620741,-1.554754293762954
3046,training,0,0.03710574423894286,0.02923441704525809,1.452007517372913,7.210720283933101,-1.5481293841434625
3047,training,0,0.033182015642523766,0.02923441704525809,1.45308895407042,7.170696683135164,-1.5403046462325474
3048,training,0,0.036978861317038536,0.02923441704525809,1.4537313184296452,7.150767227771341,-1.5369657027743304
3049,training,0,0.040163373574614525,0.02923441704525809,1.455178955012982,7.110936655885124,-1.5327293568869755
3050,training,0.006922888,0.056638820096850395,0.02923441704525809,1.4576386188051955,7.050984904603304,-1.5260963209903746
3051,training,0,0.0162523090839386,0.02923441704525809,1.4585573408791617,7.031077590788467,-1.5245046748392002
3052,training,0,0.009916838258504868,0.021298750675226373,1.4604090222034298,6.99116166334639,-1.5260115693731595
3053,training,0,0.009723138064146042,0.021298750675226373,1.46211716056524,6.9511521889816645,-1.5296678877420504
3054,training,0,0.012961819767951958,0.021298750675226373,1.4636832236046693,6.911268498973494,-1.5342838436735964
3055,training,0,0.008923187851905823,0.021298750675226373,1.4650412446200334,6.871203826376698,-1.5395081928568202
3056,training,0,0.005518617108464241,0.021298750675226373,1.4662383458656885,6.831263152664602,-1.5425229895836716
3057,training,0,0.011778399348258979,0.021298750675226373,1.4672732301903377,6.791336808190948,-1.5474892486808183
3058,training,0,0.0010695327073335648,0.018250097408490245,1.4681159048176247,6.751296386203335,-1.551443747978671
3059,training,0,0.005397731438279155,0.018250097408490245,1.46883266278219,6.711361293697635,-1.5552159154822986
3060,training,0,0.00280358083546162,0.018250097408490245,1.4693519435226419,6.671322615310092,-1.5605223729686315
3061,training,0,0.008727112784981728,0.018250097408490245,1.4696996674436444,6.631349884489724,-1.5634476173812077
3062,training,0,0.0012114187702536583,0.018250097408490245,1.4699303668370522,6.591409525753568,-1.5669437655248404
3063,training,0,0.009361544158309698,0.018250097408490245,1.4700303286190815,6.551352305391516,-1.5691852837202915
3064,training,0,0.013724135234951973,0.020235690015474518,1.4701111178613537,6.511437864405984,-1.5687535928645582
3065,training,0,0.014508800581097603,0.020235690015474518,1.4701908290313832,6.471470349827752,-1.569157506371192
3066,training,0,0.013131973333656786,0.020235690015474518,1.4702728811964143,6.4314404861301755,-1.5681011425752984
3067,training,0,0.015530603006482124,0.020235690015474518,1.4704074396856481,6.391544295159757,-1.567794049165946
3068,training,0,0.025531020015478134,0.020235690015474518,1.4705195459850442,6.3514979266370934,-1.5680258505128921
3069,training,0,0.031448524445295334,0.020235690015474518,1.4706701497479864,6.311534103652918,-1.5664680046347104
3070,training,0,0.046713799238204956,0.0226694820480426,1.470843640756116,6.271603898027485,-1.5670807613244266
3071,training,0,0.04813467338681221,0.0226694820480426,1.470976235282584,6.231599201651025,-1.5679160367312583
3072,training,0,0.04416237771511078,0.0226694820480426,1.4710792085426385,6.191651285409064,-1.5693437705016087
3073,training,0,0.045852836221456535,0.0226694820480426,1.4710785439180254,6.151616069974281,-1.572653092035505
3074,training,0,0.04732608795166016,0.0226694820480426,1.47098151657551,6.111646228056585,-1.5735994925218075
3075,training,0.01462576,0.08975802734494208,0.027667810860967337,1.4707430041831677,6.051675724659111,-1.5766041401454738
3076,training,0.003957851,0.11051877588033678,0.027667810860967337,1.4703090399573275,5.991677724374682,-1.5805054043986395
3077,training,0,0.03673872351646423,0.027667810860967337,1.4700921501409638,5.971702959016308,-1.5833791126284125
3078,training,0,0.04781903699040413,0.027667810860967337,1.469488924593236,5.931622401109903,-1.5868507953822821
3079,training,0.0029287185,0.05392953008413315,0.027667810860967337,1.4689011273818713,5.891690817223919,-1.5846624999866892
3080,training,0.0039269496,0.05491767078638077,0.027667810860967337,1.468146671749175,5.831795269895583,-1.5813804609019355
3081,training,0,0.03036935999989509,0.037066854352284045,1.4678444706017477,5.791866501986467,-1.574829006834001
3082,training,0,0.04376064985990524,0.037066854352284045,1.4677838594874126,5.771970850247565,-1.5737097578222756
3083,training,0.0048299255,0.06459921225905418,0.037066854352284045,1.4676640259701101,5.711938334148191,-1.5717210730696123
3084,training,0,0.04449784569442273,0.037066854352284045,1.4676601877730377,5.691965322203503,-1.5705998351966577
3085,training,0.0023862938,0.07811894454061986,0.037066854352284045,1.4676089070915914,5.632018422584869,-1.5735772895857716
3086,training,0.0042857956,0.09755542501807213,0.037066854352284045,1.467462769711356,5.592077998820328,-1.5757974163715593
3087,training,0.007784722,0.0786917433142662,0.03823414630232962,1.4671852355985209,5.552109907547618,-1.5804184617658592
3088,training,0,0.002244129776954658,0.03823414630232962,1.4669681492517668,5.532057287451878,-1.5827222001234853
3089,training,0,0.0026885084807872772,0.03823414630232962,1.4667387148091104,5.512024970960824,-1.5815280015846287
3090,training,0,0.019072163850069046,0.03823414630232962,1.4665249345873455,5.472230208037147,-1.5717077681682574
3091,training,0,0.025553785264492035,0.03823414630232962,1.4666719259101129,5.432334757611029,-1.5617769800602526
3092,training,0,0.026142893359065056,0.03823414630232962,1.4672715950481756,5.3923558118135135,-1.5505359768745175
3093,training,0,0.032246047630906105,0.0474515206074846,1.468233599167349,5.352571259920428,-1.544036840959174
3094,training,0,0.04040803946554661,0.0474515206074846,1.4693959521648678,5.312541848441799,-1.5397743678015805
3095,training,0.013371578,0.05786560289561748,0.0474515206074846,1.4714263161929761,5.252763966074982,-1.5361954941976168
3096,training,0,0.023601364344358437,0.0474515206074846,1.4727993469534475,5.212724969287952,-1.537304891035773
3097,training,0,0.009280947968363765,0.0474515206074846,1.4741862834562658,5.172799568381937,-1.5346105050961754
3098,training,0,0.0019035208970308304,0.0474515206074846,1.4749219362874353,5.152897088167642,-1.5334271673864825
3099,training,0,0.020203028805553913,0.0391669029966879,1.476475938540539,5.112907483315341,-1.5300524836386042
3100,training,0,0.03767320862971246,0.0391669029966879,1.4782305877751034,5.073010501015645,-1.5230788126853998
3101,training,0,0.03348872438073158,0.0391669029966879,1.4802613414555503,5.033219297027278,-1.516727962030032
3102,training,0,0.01732143759727478,0.0391669029966879,1.4825422770884202,4.993198476275075,-1.5110279644764173
3103,training,0,0.006865113973617557,0.0391669029966879,1.485046268953019,4.953408925156139,-1.5069293907331258
3104,training,0,0.005988353863358498,0.0391669029966879,1.487591288352262,4.913492228431971,-1.508526094940381
3105,training,0,0.0008080322295427322,0.0326330037860131,1.4900312702206295,4.873514637659927,-1.510926794851769
3106,training,0,0.011928010731935501,0.0326330037860131,1.4923515385408612,4.8336784146659895,-1.5150859634236153
3107,training,0,0.011257825419306755,0.0326330037860131,1.4944913824564896,4.793617021723216,-1.5196772483113294
3108,training,0,0.011925650760531429,0.0326330037860131,1.4964953118935502,4.7537558442204295,-1.52202024246636
3109,training,0,0.014582334086298943,0.0326330037860131,1.4983773930657105,4.713838765024971,-1.52552415889276
3110,training,0,0.01962580531835556,0.0326330037860131,1.5001391067729404,4.673839595640411,-1.5272089979029206
3111,training,0,0.03526523709297181,0.024960028531449734,1.5018690758708673,4.633984446165376,-1.528018599686769
3112,training,0,0.04482138156890869,0.024960028531449734,1.5035811300636968,4.593975962648032,-1.5277729165115876
3113,training,0,0.04081586189568043,0.024960028531449734,1.5053597799170326,4.554080438477454,-1.5247036810081818
3114,training,0.003185187,0.05415074899792671,0.024960028531449734,1.5072372856010219,4.514238434432767,-1.5228619890667898
3115,training,0.0075873192,0.05879240296781064,0.024960028531449734,1.5102788016278235,4.454326722542855,-1.5156345124215607
3116,training,0,0.01901998370885849,0.024960028531449734,1.5114006250212246,4.434451233334731,-1.514249832430701
3117,training,0,0.039700701832771294,0.01993536838231892,1.5136429961165914,4.394499203737012,-1.516549424529435
3118,training,0.0037568212,0.055083267390728,0.01993536838231892,1.5167753696149868,4.3345865389580895,-1.520009127024772
3119,training,0,0.03541408106684685,0.01993536838231892,1.5177775513339502,4.3146546465768525,-1.521177989879956
3120,training,0.011177225,0.050867101177573204,0.01993536838231892,1.5206715222819305,4.254671042752577,-1.5238539546035959
3121,training,0,0.012791095301508904,0.01993536838231892,1.5216013259114374,4.234748348596596,-1.5250573375300933
3122,training,0,0.005678046494722373,0.01993536838231892,1.523354613469143,4.194807899364477,-1.5296927941840963
3123,training,0,0.00807887315750122,0.00839189067687165,1.5248960085499592,4.154782647288012,-1.534673754931024
3124,training,0,0.003331433981657035,0.00839189067687165,1.5262197202089993,4.114864222723394,-1.5417635508555503
3125,training,0,0.0061227213591337135,0.00839189067687165,1.527209984670074,4.074764814052211,-1.550346911207309
3126,training,0,0.01446421816945076,0.00839189067687165,1.527927190325539,4.0348036328340475,-1.5550609111432974
3127,training,0,0.02162717469036579,0.00839189067687165,1.528465060377423,3.9948545061466696,-1.5595038762822757
3128,training,0,0.024115370586514473,0.00839189067687165,1.5290658536347006,3.9348667967394184,-1.5608220560537818
3129,training,0,0.021777700632810586,0.007512344619045946,1.5292673207406875,3.9149099279354758,-1.5615150012251806
3130,training,0,0.016734113916754723,0.007512344619045946,1.5297238092895997,3.854914415947775,-1.5645999425608816
3131,training,0,0.025812976062297818,0.007512344619045946,1.529852476513781,3.834947640009082,-1.5643001305384676
3132,training,0,0.03581850044429302,0.007512344619045946,1.5301206362684343,3.795028226533457,-1.5641030783014158
3133,training,0,0.036853281781077385,0.007512344619045946,1.5304165575846287,3.7549653309361593,-1.5623774113688416
3134,training,0,0.029690641909837716,0.007512344619045946,1.5308331391954988,3.7150492924560234,-1.559072160231307
3135,training,0,0.013287989422678947,0.011364189689266122,1.5313158648829805,3.675082849023815,-1.5594507732325078
3136,training,0,0.00863526947796344,0.011364189689266122,1.5317483549157278,3.6351581317310924,-1.5608679461937418
3137,training,0,0.0002769753336906433,0.011364189689266122,1.532074033771338,3.595198462307939,-1.5656044353185392
3138,training,0,0.008107457309961319,0.011364189689266122,1.5321567613434728,3.555114771543705,-1.57146291629633
3139,training,0,0.011069182306528091,0.011364189689266122,1.5320778932914454,3.51517283071841,-1.5745648389718545
3140,training,0,0.002419300377368927,0.011364189689266122,1.5318343162331287,3.4751907140454814,-1.5796886993350212
3141,training,0,0.022305127233266827,0.0034222750331904593,1.5313989454204004,3.4351582921355477,-1.5832857991836522
3142,training,0,0.031661466462537646,0.0034222750331904593,1.5308644058121545,3.395336834131065,-1.5856339594572522
3143,training,0.0070958687,0.07033852115273476,0.0034222750331904593,1.5300839282663634,3.3353519678793084,-1.5800543155400084
3144,training,0.0022098357,0.10798840597271919,0.0034222750331904593,1.5299200746832045,3.2955532486244086,-1.5697922339795394
3145,training,0.018333994,0.07703432999551296,0.0034222750331904593,1.5312021541372205,3.215753827124109,-1.5362190299001195
3146,training,0.0030333172,0.05263633653521538,0.007968954029854605,1.5351296178062601,3.1361183456410178,-1.5087107477697508
3147,training,0.008533228,0.055890943855047226,0.007968954029854605,1.5390675588696747,3.07663328846716,-1.5043865668461132
3148,training,0.00456894,0.08136067539453505,0.007968954029854605,1.5403900734794518,3.0566582694119906,-1.5062018055657453
3149,training,0.00552627,0.0912758149206638,0.007968954029854605,1.5428265955565827,3.0166471852285164,-1.5137686491122304
3150,training,0.014351391,0.103219173848629,0.01339714261292549,1.5449293252989882,2.976771297193238,-1.5226665866026843
3151,training,0.0027175432,0.12417871877551079,0.01339714261292549,1.546708030384076,2.936714441540123,-1.5292311417717424
3152,training,0.0035219959,0.05274278298020363,0.01339714261292549,1.548352725699431,2.896797856341848,-1.5289476733225664
3153,training,0.019097928,0.07032936997711658,0.01339714261292549,1.5508967130375764,2.8369029946523643,-1.5282278789958768
3154,training,0.006806843,0.0949012953788042,0.01339714261292549,1.5526395460090132,2.7969931970096513,-1.5261036463449704
3155,training,0.0047442224,0.1283663995563984,0.01339714261292549,1.5544950893845615,2.7571780521060183,-1.5215218262244508
3156,training,0.010527647,0.1142294593155384,0.047303518385828636,1.5578253917373106,2.697312461154938,-1.506570792786878
3157,training,0.0058282707,0.07486151531338692,0.047303518385828636,1.5620424998190332,2.637638337137742,-1.4956146527553071
3158,training,0.0038064658,0.11485801637172696,0.047303518385828636,1.5635682318648292,2.617624793676032,-1.4947241257493904
3159,training,0.0020351564,0.11117046326398847,0.047303518385828636,1.566543954147868,2.5777726110398143,-1.4996923734691048
3160,training,0.09203671,0.11267686635255814,0.047303518385828636,1.5691883075162782,2.5378438846419757,-1.509977656111188
3161,training,0.0042223316,0.09369442611932756,0.047303518385828636,1.5703738924546493,2.517786918744744,-1.5129687465349584
3162,training,0.0073423064,0.15078244358301163,0.06342098513141255,1.5726549482195358,2.477965861852653,-1.513224150073834
3163,training,0.0012488164,0.16166549175977707,0.06342098513141255,1.5750409805748022,2.4381431219125913,-1.5074648639780945
3164,training,0.015451992,0.15342934802174568,0.06342098513141255,1.5777422087332242,2.39821023668296,-1.4979328680642772
3165,training,0.0017576356,0.14411014690995216,0.06342098513141255,1.5792444575712778,2.3783592860428895,-1.493552253094521
3166,training,0.00829072,0.1276552490890026,0.06342098513141255,1.5824372431405345,2.338615143572124,-1.4887870239884877
3167,training,0.006971504,0.13720504567027092,0.06342098513141255,1.585755421091404,2.2986368000214394,-1.4876239907600002
3168,training,0.0033585033,0.1730947308242321,0.06342098513141255,1.5890940948216505,2.258912284891169,-1.4875491919572361
3169,training,0.011415427,0.13198859058320522,0.07842909072642044,1.5923659471825178,2.2190069911120585,-1.4913216604126747
3170,training,0.003485925,0.13818793743848798,0.07842909072642044,1.5954424975870625,2.179052791624813,-1.4970568632811325
3171,training,0.002785508,0.059732332825660706,0.07842909072642044,1.598198604105691,2.139201672799733,-1.5079594072395768
3172,training,0,0.028454042971134214,0.07842909072642044,1.6004354681831927,2.0990518685571082,-1.5230773221883067
3173,training,0,0.021921731531620026,0.07842909072642044,1.6020306435368354,2.0590693537871334,-1.5401163562356766
3174,training,0,0.04262273758649826,0.07842909072642044,1.602873307822261,2.018961482997923,-1.5593928746543229
3175,training,0.0060328823,0.0530792996287346,0.08631364937572865,1.6030172163647978,1.958863417391316,-1.5765078420986645
3176,training,0,0.03848441573791206,0.08631364937572865,1.6028442960130476,1.9388633430190476,-1.5825395223435126
3177,training,0,0.003264355706050992,0.08631364937572865,1.602147696301372,1.8987752767719845,-1.5928891814877553
3178,training,0,4.7437846660614014e-05,0.08631364937572865,1.6012245441431894,1.8588334163121432,-1.593755297284018
3179,training,0,0.04621591605246067,0.08631364937572865,1.6003714022549618,1.8190890412299494,-1.5901874952322064
3180,training,0,0.04559044353663923,0.08631364937572865,1.6000157321785913,1.7990777775102706,-1.587495114810005
3181,training,0.023658464,0.09974594227969646,0.07648135287340416,1.5993144204659728,1.739273394212722,-1.5791405244721461
3182,training,0.004987227,0.15901956148445606,0.07648135287340416,1.59903207045214,1.6992771902502302,-1.577155188316869
3183,training,0.009004604,0.2053024731576443,0.07648135287340416,1.5988451417679623,1.6593013748080252,-1.5735684034773196
3184,training,0.0038931726,0.19502689689397812,0.07648135287340416,1.5988038998135712,1.6195153076073063,-1.570252205345113
3185,training,0.006824307,0.22534867748618131,0.07648135287340416,1.5989381377055667,1.5794836135140264,-1.5641200706065523
3186,training,0.004794335,0.26052546501159674,0.09229980558468447,1.5993781138930943,1.5396757923019326,-1.5564894753596858
3187,training,0.004716957,0.19758532568812373,0.09229980558468447,1.6000841076007803,1.4997669373533415,-1.5493699718948346
3188,training,0.009277774,0.2975490018725395,0.09229980558468447,1.601115003576253,1.459776081370761,-1.5401292119378225
3189,training,0.0041246857,0.30035769939422613,0.09229980558468447,1.6025090875119,1.4199839051362306,-1.5326299048973748
3190,training,0.0023435084,0.2796385735273361,0.09229980558468447,1.6041499588065986,1.3799796996159337,-1.5268772950491136
3191,training,0.009015354,0.24555121362209315,0.09229980558468447,1.6060594538839512,1.340170039891873,-1.5195842811016105
3192,training,0.0032330593,0.2969611212611198,0.09229980558468447,1.6082373204443987,1.3003481429173966,-1.5126968727835124
3193,training,0.02073416,0.27085990086197853,0.09990292965116002,1.6107162436436777,1.2604054568458933,-1.5032101244412726
3194,training,0.009393828,0.33127187564969063,0.09990292965116002,1.6136184927993296,1.2207060166440653,-1.4941249014805738
3195,training,0.005813747,0.32981364987790585,0.09990292965116002,1.6168076959405357,1.1808307850157413,-1.4879468701111846
3196,training,0.001385964,0.2877722904086113,0.09990292965116002,1.6202381105911112,1.1410310782117852,-1.4820464003322786
3197,training,0.0056220037,0.28397255577147007,0.09990292965116002,1.6238326340899105,1.1013398536773842,-1.479359651094016
3198,training,0.004378579,0.3204777091741562,0.09990292965116002,1.6275428224824708,1.061396060419667,-1.4766783915434856
3199,training,0.009866779,0.3265948351472616,0.03732812004372546,1.6313662453935498,1.0217394844828245,-1.473635010947552
3200,training,0.004379442,0.3216277249157428,0.03732812004372546,1.6352853899472033,0.9819568102569133,-1.4715838558208376
3201,training,0.009599905,0.2940642982721328,0.03732812004372546,1.6392995302063007,0.9421023921877015,-1.468144759607432
3202,training,0.004933806,0.31083555147051817,0.03732812004372546,1.6434640900987205,0.9024966163071438,-1.4642040116493555
3203,training,0.0030350483,0.29728599637746805,0.03732812004372546,1.647826688799801,0.862662802386179,-1.458023745848853
3204,training,0.013123075,0.2703697010874748,0.11541712025205103,1.6524889724317526,0.8230767390511314,-1.4479649700985404
3205,training,0.003657982,0.2785252034664154,0.11541712025205103,1.6576664245683004,0.7837643555552104,-1.420366012597568
3206,training,0.005827943,0.5498346239328384,0.11541712025205103,1.6649247394482116,0.7449363352015334,-1.3497512635244298
3207,training,0.004751077,0.5637939423322677,0.11541712025205103,1.6753837981461897,0.7059011518491507,-1.2589206263238437
3208,training,0.009942051,0.8567399401217699,0.11541712025205103,1.6896900926253677,0.6698273032219472,-1.1246929648868382
3209,training,0.013947708,0.9152742028236389,0.21012043151472673,1.708796515349768,0.6363216050541696,-0.9707136495583449
3210,training,0.0033356291,0.7253116648644209,0.21012043151472673,1.7331089410753926,0.6065092284008778,-0.8031020174610816
3211,training,0.0011312137,0.5920159574598074,0.23202799783758546,1.762140181346072,0.5809083735963486,-0.6456262871366407
3212,training,0.004114384,0.39073115587234497,0.24179180284933394,1.7946077588477718,0.5598693585673891,-0.5108424595497143
3213,training,0.0018945768,0.20929215848445892,0.24179180284933394,1.8294928548640812,0.5429153016910971,-0.40087641036402355
3214,training,0.007716235,0.2890495955944062,0.23107353121228416,1.8850242782269266,0.5236853796607844,-0.26904785176418483
3215,training,0.0037885718,0.2342109978199005,0.23107353121228416,1.923244592105775,0.5148560012092037,-0.18451593159037286
3216,training,0.0034178863,0.1566505283117295,0.23107353121228416,1.942587246464514,0.5116445491962076,-0.14588696437460044
3217,training,0.0043179435,0.08386138081550595,0.21250247075688514,1.9817068704898557,0.5073600160884466,-0.0763838462131812
3218,training,0.0054164072,0.062018007040023776,0.21250247075688514,2.0211660875514097,0.5054083303909267,-0.02553494478510554
3219,training,0.008650355,0.1094231307506561,0.21250247075688514,2.061077722669811,0.5051687968875797,0.012463931698608448
3220,training,0.0024537253,0.07679861038923264,0.21250247075688514,2.10055994904057,0.5064015882744209,0.05356327097145965
3221,training,0.011417323,0.10739009454846382,0.21250247075688514,2.140154328136598,0.5094176553568194,0.09489438988981963
3222,training,0.0017352678,0.11976503022015095,0.21250247075688514,2.1796629053262677,0.5137738666619605,0.12297332022352177
3223,training,0.004335686,0.09297774359583855,0.14538210540866484,2.2189609174648735,0.5191727560249924,0.14802268158722048
3224,training,0.00951439,0.09922776091843843,0.14538210540866484,2.2781221951341197,0.5287309735303672,0.1682158944996436
3225,training,0.002967038,0.11680988338775933,0.14538210540866484,2.3173621071953323,0.5355949162112338,0.17605284955580722
3226,training,0.0031555775,0.12265253905206919,0.14538210540866484,2.3764208663512725,0.5461633108066551,0.17612050825783304
3227,training,0.0011671751,0.11538884229958057,0.14538210540866484,2.455099160358013,0.5601119079687071,0.17396636795982584
3228,training,0.010591032,0.0943039134144783,0.018198786232423315,2.5338789520498537,0.5736759291149088,0.16779700689023835
3229,training,0.0052286373,0.07558099552989006,0.018198786232423315,2.61356377729646,0.5860470515221919,0.1291151521426998
3230,training,0,0.04979613050818443,0.018198786232423315,2.63350961205818,0.5885124642880974,0.11658595704176254
3231,training,0.029347457,0.07113371789455414,0.018198786232423315,2.6735524717281756,0.5927550837274864,0.09508199449330754
3232,training,0,0.04977476317435503,0.01434494025131917,2.6934731973008317,0.5945484699623629,0.08521961140215066
3233,training,0,0.04478452983312309,0.01434494025131917,2.7133645905916497,0.596164655242164,0.07748582318505756
3234,training,0,0.028773217229172587,0.01434494025131917,2.7533804280784935,0.5990500932380954,0.06716661659720816
3235,training,0,0.021999932825565338,0.01434494025131917,2.793367653262869,0.6015803648112316,0.059738225164811046
3236,training,0,0.020092576276510954,0.01434494025131917,2.8132404722515836,0.6027482147315395,0.0575815737563607
3237,training,0.007294451,0.05536674614995718,0.01434494025131917,2.8732863773371724,0.6060619403402867,0.052832259683234656
3238,training,0,0.032440381124615676,0.01434494025131917,2.89324439691671,0.6071110462681484,0.05188099756285591
3239,training,0,0.03561319597065449,0.02367955411238733,2.93302344755989,0.6091806735727769,0.05243188825336261
3240,training,0,0.03325655125081539,0.02367955411238733,2.973079270567174,0.6113150211649898,0.05365361498472741
3241,training,0,0.04367604665458203,0.02367955411238733,3.012892576481982,0.613461138322577,0.053627928842915056
3242,training,0,0.03544803149998189,0.02367955411238733,3.0528012873857167,0.6155965760726737,0.05287651415748585
3243,training,0,0.0448033194988966,0.02367955411238733,3.092905355730317,0.6176867027524947,0.05096735708709875
3244,training,0,0.030013373121619225,0.02367955411238733,3.132667915389711,0.6196924084386862,0.049493111526930214
3245,training,0,0.025871981866657734,0.015467951537840297,3.172713964710036,0.6216465070290552,0.047646566360630624
3246,training,0,0.0059168776497244835,0.015467951537840297,3.212661972947513,0.6235034868726431,0.04533077139520704
3247,training,0,0.012183900456875563,0.015467951537840297,3.2525472905833914,0.6252736477716794,0.043032872939418404
3248,training,0,0.0069020278751850146,0.015467951537840297,3.2926959050640803,0.6269432021343874,0.039939460937606856
3249,training,0,0.008727639447897673,0.015467951537840297,3.332517510194452,0.6284781419940523,0.03703022725691252
3250,training,0,0.011906142812222242,0.015467951537840297,3.372538500037063,0.6299097467600654,0.03430630381642882
3251,training,0,0.01451832614839077,0.012878900283662743,3.4125934932152617,0.6312216546574024,0.031445285557336784
3252,training,0,0.015510780736804008,0.012878900283662743,3.4524612274182056,0.6324195484203854,0.028578988701119735
3253,training,0,0.01407642476260662,0.012878900283662743,3.492604963338982,0.6335128281857045,0.025692677722959793
3254,training,0,0.02201035525649786,0.012878900283662743,3.5324969680607197,0.6344844668938706,0.023224246728453378
3255,training,0,0.02553327567875386,0.012878900283662743,3.572476952320232,0.6353688948592001,0.02092507626201724
3256,training,0,0.0031522023491561413,0.03327804017651158,3.612632289396969,0.6361570301683953,0.019244719424823458
3257,training,0,0.0008991342037916183,0.03327804017651158,3.6524372172313986,0.6369108504441471,0.01822417204489748
3258,training,0,0.0019195843487977982,0.03327804017651158,3.6925297077399764,0.6376313198300608,0.017710816327629646
3259,training,0,0.0032919812947511673,0.03327804017651158,3.732481283475667,0.6383397405358201,0.018294899989394924
3260,training,0,0.003038102760910988,0.03327804017651158,3.772396995639586,0.6390860133331145,0.01891996549731246
3261,training,0,0.00671164644882083,0.03327804017651158,3.812548751042955,0.6398525476655348,0.019647714685330723
3262,training,0,0.00547055108472705,0.03175806605141821,3.8523509982386974,0.6406651115623,0.020651676298337415
3263,training,0,0.0004922207444906235,0.03175806605141821,3.892386616807626,0.6415028451926087,0.020896984342590748
3264,training,0,0.006667464505881071,0.03175806605141821,3.932408831131533,0.6423367955298707,0.021339013413410872
3265,training,0,0.0058194841258227825,0.03175806605141821,3.972278447125686,0.6431957187654386,0.021574643999094742
3266,training,0,0.0030510127544403076,0.03175806605141821,4.012413698576037,0.6440670024081333,0.021731540253191645
3267,training,0,0.008042285218834877,0.03175806605141821,4.052267584369634,0.6449370866649631,0.02173872622206329
3268,training,0,0.008401451632380486,0.03386988881050343,4.092256323764682,0.6457902350996494,0.02051547674836287
3269,training,0,0.006698562880046666,0.03386988881050343,4.1323868570067335,0.6465727081299393,0.01932463602810186
3270,training,0,0.0059931930154562,0.03386988881050343,4.17220885815883,0.6473222825473368,0.017988825046617595
3271,training,0,0.005543345585465431,0.03386988881050343,4.212317282459579,0.6480226414533886,0.016807537896545828
3272,training,0,0.004304357338696717,0.03386988881050343,4.252260918843163,0.6486742727964177,0.016236299473242722
3273,training,0,0.014170273672789335,0.03386988881050343,4.292201281812499,0.6493013144898089,0.014718729205174625
3274,training,0,0.011673122178763151,0.014043308911139958,4.33237926075696,0.6498394529097627,0.012301959652840767
3275,training,0,0.015654614195227623,0.014043308911139958,4.37221693994475,0.650283745030119,0.009439358005473608
3276,training,0,0.015041301026940346,0.014043308911139958,4.412291282838914,0.6505971320599346,0.006101188608556153
3277,training,0,0.009893117472529411,0.014043308911139958,4.452337942879479,0.6507828160392609,0.0038388833483999846
3278,training,0,0.0025574970059096813,0.014043308911139958,4.492239837570807,0.6508855698008531,0.0014253228880947467
3279,training,0,0.018444286659359932,0.013332598936986432,4.532397391192213,0.6509092546646826,0.00011277647395965122
3280,training,0,0.02710817940533161,0.013332598936986432,4.572237488098478,0.6509348286207648,0.0019382025085435159
3281,training,0,0.01919928379356861,0.013332598936986432,4.612218675512258,0.6510936242463251,0.0064146971766731705
3282,training,0,0.009872963186353445,0.013332598936986432,4.652282889250011,0.6514353190502259,0.010618448525953849
3283,training,0,0.008516911882907152,0.013332598936986432,4.692112691509216,0.6519199532386982,0.012761428988073063
3284,training,0,0.010486721526831388,0.013332598936986432,4.73223611329122,0.6524307078869691,0.011801295637866072
3285,training,0,0.03165483521297574,0.002615688904428565,4.772178520156059,0.6528571901910952,0.009823901776622334
3286,training,0,0.03924356459174305,0.002615688904428565,4.81212096733861,0.653241167771104,0.011172044573949122
3287,training,0,0.01963492459617555,0.002615688904428565,4.852239333076196,0.6537838672990466,0.01738430861461825
3288,training,0,0.006485677324235439,0.002615688904428565,4.892011216906463,0.6545963752819103,0.022313944987191955
3289,training,0,0.008075952529907225,0.002615688904428565,4.932061676828496,0.6555374440396331,0.023664203779359908
3290,training,0,0.022036410868167877,0.002615688904428565,4.972105841943979,0.6564604602872424,0.022119517400969763
3291,training,0,0.0013959272764623165,0.009056716090766276,5.012003712202086,0.6573009039367264,0.02071790926809405
3292,training,0,0.0019415542483329773,0.009056716090766276,5.0521561510266,0.6581242787107705,0.020095859772146896
3293,training,0,0.03632735647261143,0.009056716090766276,5.092003468734456,0.6589062310967799,0.01877349439673946
3294,training,0,0.043607220984995365,0.009056716090766276,5.132008570437037,0.659645600613166,0.019555447988059384
3295,training,0.0064501306,0.06718208454549313,0.009056716090766276,5.191910060817936,0.6610323378984296,0.028074659611972422
3296,training,0.0069180764,0.07336986251175404,0.009056716090766276,5.2318145519597685,0.6623298767106258,0.03752193259545191
3297,training,0.090022124,0.06499123387038708,0.011732182101411534,5.291645249530908,0.6650442790777802,0.05404595443134034
3298,training,0.0055146087,0.054647425189614296,0.011732182101411534,5.331485195245919,0.66735559234965,0.06124966305332961
3299,training,0,0.0350582767277956,0.011732182101411534,5.351516336781552,0.6686099236433634,0.06418630038944663
3300,training,0,0.030426351353526115,0.011732182101411534,5.391294632133815,0.6711710110031832,0.06342282210739321
3301,training,0,0.03168295137584209,0.011732182101411534,5.431172234780126,0.6736201963541307,0.0589521666794961
3302,training,0,0.023825956508517272,0.011732182101411534,5.451233306149088,0.6747792448572673,0.056240608123313114
3303,training,0,0.027360357344150536,0.010092698898623244,5.491209486038291,0.6769090553381384,0.05020512158728875
3304,training,0,0.02424558252096176,0.010092698898623244,5.531102691078698,0.6787946741517519,0.044011688764254424
3305,training,0,0.03427180461585522,0.010092698898623244,5.571281014948319,0.6804297639054832,0.03747510974714645
3306,training,0,0.01657352410256862,0.010092698898623244,5.611128683456128,0.6818166925639095,0.03248973650505447
3307,training,0,0.025200659409165382,0.010092698898623244,5.651166689009204,0.6830274969068416,0.0274112192408804
3308,training,0,0.01877231709659099,0.016840938190089055,5.691258482277999,0.6840081604865914,0.02225910492787044
3309,training,0,0.04521275125443936,0.016840938190089055,5.731142387793785,0.6848043703280607,0.01816221303692402
3310,training,0.004766121,0.05676327086985111,0.016840938190089055,5.791270919414388,0.6858452112407503,0.018630552981663915
3311,training,0,0.035517279990017414,0.016840938190089055,5.831090869706558,0.6866188162594021,0.019974376955491886
3312,training,0,0.019084911793470383,0.016840938190089055,5.85110754804367,0.6870271569732609,0.020441026753156184
3313,training,0,0.0002993382513523171,0.016840938190089055,5.891257633988733,0.6878203681131266,0.019241252978171842
3314,training,0,0.011982448399066925,0.020220608483554715,5.931096115663565,0.6884921110825916,0.0127500302647081
3315,training,0,0.009236060082912452,0.020220608483554715,5.971253442000433,0.6888277940716964,0.003586568717881823
3316,training,0,0.001323727890849117,0.020220608483554715,6.011300536485125,0.6887927516074765,-0.005093754902622333
3317,training,0,0.005321020260453228,0.020220608483554715,6.051254206479237,0.6884244689933712,-0.01224376591887298
3318,training,0,0.037259140983223915,0.020220608483554715,6.09143736842266,0.6878333874378935,-0.016918075111490807
3319,training,0,0.027457408607006073,0.01294299841594097,6.131301236781365,0.6870438636743933,-0.02444359781498376
3320,training,0,0.02553294226527214,0.01294299841594097,6.171380784453754,0.6858774407260304,-0.03341362623070138
3321,training,0,0.020576998591423035,0.01294299841594097,6.211441444807751,0.6844121571139177,-0.03945948281805843
3322,training,0,0.010652385652065277,0.01294299841594097,6.251263187309787,0.682732590122001,-0.04466169197870349
3323,training,0,0.012573784217238426,0.01294299841594097,6.291342385998989,0.680907169981177,-0.04364932264475085
3324,training,0,0.006586676463484764,0.01294299841594097,6.331113685937253,0.6793038898960817,-0.03770279625236517
3325,training,0,0.024254418909549713,0.001795942550035475,6.371044986405548,0.6778973864770761,-0.033416517096832396
3326,training,0,0.027419406920671463,0.001795942550035475,6.411100573153788,0.6766365868359597,-0.0288517560510201
3327,training,0,0.02911386581399711,0.001795942550035475,6.450852560170714,0.675585145532086,-0.024337453390160513
3328,training,0,0.022493869066238403,0.001795942550035475,6.490913409233215,0.6747086316777491,-0.019011609961498727
3329,training,0,0.019309358205646276,0.001795942550035475,6.530814256221232,0.6740661948933293,-0.013927021208502742
3330,training,0,0.02423662133514881,0.001795942550035475,6.570720915795328,0.6735883501471932,-0.01056841995307092
3331,training,0,0.03384419810026884,0.014406942219366089,6.610856853289329,0.6732151948459998,-0.007783501803981135
3332,training,0,0.028901079203933477,0.014406942219366089,6.650645406049321,0.6729723884903464,-0.004399561453616044
3333,training,0,0.04118102788925171,0.014406942219366089,6.690671726607946,0.6728836665639703,0.00018803264852636434
3334,training,0,0.03233477007597685,0.014406942219366089,6.730664857051095,0.6729833310233578,0.004882722974041564
3335,training,0,0.03379337769001722,0.014406942219366089,6.770522979698569,0.6732643148761519,0.008492822898505878
3336,training,0,0.013511356897652146,0.014406942219366089,6.810657075497663,0.6736475184790641,0.010499369552140498
3337,training,0,0.03223577979952097,0.01978414409591859,6.850515644278275,0.6740908134374747,0.011145987620034306
3338,training,0,0.024772216565907,0.01978414409591859,6.89050916709335,0.6745344463479822,0.011302028432635296
3339,training,0,0.02643732447177172,0.01978414409591859,6.93060303838146,0.6749987995001576,0.01283854194654822
3340,training,0,0.02965229470282793,0.01978414409591859,6.970430081807202,0.6755428997632571,0.014238247041933742
3341,training,0,0.026636160910129547,0.01978414409591859,7.010525064652184,0.676150376440455,0.016404243384848093
3342,training,0.00253165,0.056363292038440704,0.01978414409591859,7.070352725427855,0.6772727511011599,0.02128104629936814
3343,training,0.0074068704,0.07398181036114693,0.020077100828834318,7.130474823846269,0.6787280504130323,0.028178501468537533
3344,training,0.02273648,0.0702628381550312,0.020077100828834318,7.170206860845551,0.6799832776295539,0.03482330106606513
3345,training,0,0.0422595189884305,0.020077100828834318,7.190169742228382,0.6807120877869551,0.03777906193856295
3346,training,0,0.04627760034054517,0.020077100828834318,7.230287720352957,0.6822877928384592,0.04017181492255285
3347,training,0,0.03869266901165247,0.020077100828834318,7.270069626668992,0.6838895936684672,0.03954574271844696
3348,training,0,0.042350401170551784,0.020077100828834318,7.29003977461226,0.6846715593486541,0.038395627647875026
3349,training,0,0.0392959462478757,0.006351935282540601,7.330181727675075,0.6861636545922685,0.03599763654178154
3350,training,0,0.0421517537906766,0.006351935282540601,7.370020525248381,0.6875608439588295,0.03392113692853825
3351,training,0.0034370397,0.05331248324364424,0.006351935282540601,7.43011953892459,0.6894857232719154,0.030052241091448013
3352,training,0,0.04194595571607352,0.006351935282540601,7.469945187706679,0.690682336308013,0.030380601580039204
3353,training,0,0.04252272378653288,0.006351935282540601,7.489894319356077,0.6912822249962024,0.02928104950393752
3354,training,0,0.04535313602536917,0.006351935282540601,7.530017966035354,0.6924039098290409,0.02655057887718694
3355,training,0,0.02267506998032332,0.018334914254901937,7.569939070656606,0.6934197034377828,0.024751215913763072
3356,training,0,0.027578153647482395,0.018334914254901937,7.609892237492835,0.6943723760996706,0.022629085558488263
3357,training,0,0.02713740337640047,0.018334914254901937,7.650056199494133,0.6952274579441442,0.02089836674222972
3358,training,0,0.02324316184967756,0.018334914254901937,7.689867185089307,0.6960518094254106,0.019992688422431498
3359,training,0,0.008822147734463213,0.018334914254901937,7.729938702057219,0.6968345876914712,0.018808005735590404
3360,training,0,0.009495270438492302,0.018334914254901937,7.76993816826762,0.6975628219962096,0.018249942481715298
3361,training,0,0.03878589253872634,0.03347826497345121,7.8098415874658365,0.6982695877572355,0.016855948851928246
3362,training,0,0.04150776471942663,0.03347826497345121,7.850005931925744,0.6989094162287364,0.015070143652134424
3363,training,0,0.039009998552501195,0.03347826497345121,7.889860436198867,0.6994876175329876,0.013801251578869009
3364,training,0,0.0431650960817933,0.03347826497345121,7.929887304129744,0.7000049136281166,0.011718304859264969
3365,training,0,0.03439414221793412,0.03347826497345121,7.969970621727707,0.7004307295271524,0.010549090161091684
3366,training,0,0.040126453153789036,0.03533116853680246,8.009841532123046,0.7008165039637333,0.008352877222563723
3367,training,0,0.020245250314474106,0.03533116853680246,8.04998657536576,0.7011006556395681,0.0056705672887069685
3368,training,0,0.025264196097850806,0.03533116853680246,8.089912869844472,0.7012847669922972,0.0033289767772283624
3369,training,0,0.02443673089146614,0.03533116853680246,8.129900577782934,0.7013433332183692,-0.0007546740930181132
3370,training,0,0.025382373481988907,0.03533116853680246,8.170042791243528,0.70122029861993,-0.004515783670386332
3371,training,0,0.0041527617722749745,0.03490672628180728,8.209919619936837,0.7009716789063977,-0.00834950630302711
3372,training,0,0.01202959194779396,0.03490672628180728,8.250029120848431,0.7005543386112403,-0.012865820699038593
3373,training,0,0.00788152031600475,0.03490672628180728,8.290013546157605,0.6999630678619169,-0.016777003285169532
3374,training,0,0.00849410705268383,0.03490672628180728,8.329939407575878,0.6992143792183102,-0.020847163338845242
3375,training,0,0.016069636680185795,0.03490672628180728,8.37009851864584,0.6983041211231127,-0.024539789760417458
3376,training,0,0.016006075777113438,0.03490672628180728,8.409891687991054,0.6972675899660151,-0.02781895733862471
3377,training,0,0.005361051764339209,0.031915787248352326,8.449910847261009,0.6961117514532748,-0.029862063988191866
3378,training,0,0.008230265695601702,0.031915787248352326,8.48993727016027,0.6949152002329702,-0.029958589604994344
3379,training,0,0.012018125504255293,0.031915787248352326,8.529751286727546,0.6937174437572904,-0.030281001195871904
3380,training,0,0.010965569410473108,0.031915787248352326,8.569850242276122,0.692509631383872,-0.02984210156353417
3381,training,0,0.014743079431355001,0.031915787248352326,8.609674827658857,0.6913535733879307,-0.02908429151297711
3382,training,0,0.013046457432210445,0.031915787248352326,8.64963062366743,0.6902030227030471,-0.02896149115453356
3383,training,0,0.007919826079159975,0.018867452589458735,8.689711814863932,0.6890496093694726,-0.02823581969456971
3384,training,0,0.010841973591595888,0.018867452589458735,8.72948906756423,0.6879418024624638,-0.027894977417952334
3385,training,0,0.009618368465453386,0.018867452589458735,8.769555901595046,0.6868423642887325,-0.027063568349813435
3386,training,0,0.005503841210156679,0.018867452589458735,8.809452852065448,0.6857988225059185,-0.025961396796998847
3387,training,0,0.006506028119474649,0.018867452589458735,8.849358469806054,0.684781231945127,-0.025390513528884884
3388,training,0,0.011210863012820482,0.018867452589458735,8.889482629877055,0.6837731056560293,-0.024951691695516892
3389,training,0,0.009587422013282776,0.024036719681166996,8.929261431040791,0.6827942463864031,-0.024844978743036972
3390,training,0,0.010606296360492706,0.024036719681166996,8.96928538184028,0.681812373654801,-0.024397323439492233
3391,training,0,0.003924215328879654,0.024036719681166996,9.009273634107565,0.6808631526243037,-0.02347459865760208
3392,training,0,0.010144300758838654,0.024036719681166996,9.049122637057023,0.6799414569329691,-0.023127461137885368
3393,training,0,0.007544477004557848,0.024036719681166996,9.089238137657759,0.6790226754530845,-0.02260662139186202
3394,training,0,7.429998368024826e-05,0.024036719681166996,9.1290723648097,0.6781462727292845,-0.022318177407742952
3395,training,0,0.003300256095826626,0.029596364735552404,9.169048313428911,0.6772563346677292,-0.022523838870511823
3396,training,0,0.006843142677098513,0.029596364735552404,9.209134017918032,0.6763618131990131,-0.02193995899673747
3397,training,0,0.01021449314430356,0.029596364735552404,9.24892500210578,0.6754961027203306,-0.021801609578941346
3398,training,0,0.009868742898106575,0.029596364735552404,9.289009689154796,0.6746348963808207,-0.02128614451426945
3399,training,0,0.0078079630620777616,0.029596364735552404,9.328907504916442,0.6738127177469584,-0.020611869702873983
3400,training,0,0.001339123584330082,0.029596364735552404,9.368830213809682,0.6730013380272611,-0.02036567153402514
3401,training,0,0.0015385346487164497,0.014081379655277584,9.408963910953355,0.6721854968451929,-0.020326864768510863
3402,training,0,0.0012113666161894798,0.014081379655277584,9.448753588549101,0.6713810656591005,-0.02064457029106796
3403,training,0,0.0011322712525725365,0.014081379655277584,9.488795081516113,0.6705586592882334,-0.02066471490027432
3404,training,0,0.0018758317455649376,0.014081379655277584,9.528773010716124,0.6697459381432507,-0.02047897760530238
3405,training,0,0.0017394358292222023,0.014081379655277584,9.568650070296833,0.6689347023554455,-0.020511154618130824
3406,training,0,0.001225561834871769,0.014081379655277584,9.608775997269698,0.6681149884194327,-0.020281058428111124
3407,training,0,0.0009710183367133141,0.00880672815313888,9.648612875413217,0.6673216612225361,-0.020438545464942864
3408,training,0,0.006394161377102137,0.00880672815313888,9.688602730013626,0.6665008017895261,-0.0207483294925031
3409,training,0,0.009444902651011944,0.00880672815313888,9.728681845235302,0.6656800329034885,-0.020337614004957694
3410,training,0,0.006442545913159847,0.00880672815313888,9.768489087419283,0.6648683175852644,-0.02054926408225324
3411,training,0,0.006620003841817379,0.00880672815313888,9.80858534490971,0.6640499905927262,-0.02035689931536583
3412,training,0,0.00407770462334156,0.00880672815313888,9.848475639203157,0.6632582978088245,-0.01998156706742285
3413,training,0,0.008179738186299803,0.009687839735485385,9.888410922170475,0.662467308092347,-0.01995431769437708
3414,training,0,0.008658064529299736,0.009687839735485385,9.92854326228146,0.6616669429543701,-0.0198203121103141
3415,training,0,0.005943553987890482,0.009687839735485385,9.968335498905368,0.6608849944865357,-0.020068590763635666
3416,training,0,0.006583037786185743,0.009687839735485385,10.008388285485632,0.6600855695244345,-0.020031660324754084
3417,training,0,0.010141453705728054,0.009687839735485385,10.048352016305838,0.6593003905779374,-0.019738223051775236
3418,training,0,0.007407202385365963,0.009687839735485385,10.088239790906355,0.6585246353592118,-0.019370532463250687
3419,training,0,0.008077341131865978,0.007417871756388027,10.128369435214202,0.6577606511158318,-0.018657028246707986
3420,training,0,0.008086829446256162,0.007417871756388027,10.168193660421876,0.657040226557914,-0.018237658731813555
3421,training,0,0.007651860825717451,0.007417871756388027,10.208194146840238,0.6563224940069047,-0.017819640515800234
3422,training,0,0.010045855306088924,0.007417871756388027,10.248257642405603,0.655628614303508,-0.017026814452019878
3423,training,0,0.0029853349551558495,0.007417871756388027,10.288082702286532,0.6549579670637491,-0.016887027788032243
3424,training,0,0.002862836234271528,0.007417871756388027,10.32818884947456,0.6542909867527918,-0.016262298873636446
3425,training,0,0.018013824708759785,0.018656113788491645,10.368071562811481,0.6536768283412572,-0.015068187526677034
3426,training,0,0.006100731901824474,0.018656113788491645,10.408018320773698,0.653098955221284,-0.014217064209314649
3427,training,0,0.008229083381593229,0.018656113788491645,10.448150418285758,0.6525428239574566,-0.013171199015394345
3428,training,0,0.0063750511035323126,0.018656113788491645,10.487944649893638,0.6520470368018457,-0.012340154341039149
3429,training,0,0.006210239604115488,0.018656113788491645,10.528009824745755,0.6515763131063609,-0.011283356879156606
3430,training,0,0.00769216101616621,0.018656113788491645,10.567977615637169,0.651155706670784,-0.01004116823787892
3431,training,0,0.007130092941224575,0.0206989804162122,10.607872917955628,0.6507871034995624,-0.008550581740423797
3432,training,0,0.006738028489053253,0.0206989804162122,10.648011243751776,0.6504769396070978,-0.006620132034540098
3433,training,0,0.005712824873626232,0.0206989804162122,10.68783283469432,0.6502571899729048,-0.004801494024847816
3434,training,0,0.007394826970994476,0.0206989804162122,10.727844900332178,0.6501088330890298,-0.0026983815728583715
3435,training,0,0.006994776660576463,0.0206989804162122,10.767885117430916,0.6500428179785107,-0.0005591625117659136
3436,training,0,0.01254322286695242,0.027564077160045965,10.807738554274579,0.6500684407588395,0.0015048127832467686
3437,training,0,0.011927018873393536,0.027564077160045965,10.847855242419833,0.6501695424960539,0.0037303473558997404
3438,training,0,0.011101397685706615,0.027564077160045965,10.887735390752955,0.6503604182076169,0.0058594120439224035
3439,training,0,0.013068887405097485,0.027564077160045965,10.927693060546488,0.6506424598064428,0.007979142746569594
3440,training,0,0.012689660303294659,0.027564077160045965,10.967817050431231,0.6509933862313693,0.010248428204053191
3441,training,0,0.01173343788832426,0.027564077160045965,11.007609561134624,0.6514630406565625,0.01287875696285328
3442,training,0,0.013053695671260357,0.031024989974915488,11.04768080129898,0.6520282918450592,0.015326403039507113
3443,training,0,0.01550002722069621,0.031024989974915488,11.087633707574106,0.6526888389959418,0.01828762280914927
3444,training,0,0.023328226059675217,0.031024989974915488,11.127524109687753,0.6534755186530474,0.02091962813135094
3445,training,0,0.022003594785928726,0.031024989974915488,11.167661742237149,0.6543562043742679,0.023392582849071534
3446,training,0,0.017516426742076874,0.031024989974915488,11.207456614774625,0.655347762190757,0.026004634619686523
3447,training,0,0.022082946263253692,0.031024989974915488,11.24747033757967,0.6564235373302274,0.027269903656335227
3448,training,0,0.0160976005718112,0.015208379278815638,11.287490239545281,0.6575219722202922,0.028146874371741057
3449,training,0,0.006067425943911077,0.015208379278815638,11.327348480571288,0.6586478381151664,0.02774920313883639
3450,training,0,0.006662175990641115,0.015208379278815638,11.367481153684833,0.6597414509897372,0.02657277529864234
3451,training,0,0.007760745473206043,0.015208379278815638,11.407356646545017,0.6607808012352051,0.025622602755243452
3452,training,0,0.010772009380161762,0.015208379278815638,11.447332963657823,0.6617794775116077,0.02402507363234449
3453,training,0,0.007363953627645969,0.015208379278815638,11.487476255667373,0.6626993378517788,0.022947168554597476
3454,training,0,0.009858359582722187,0.005206851596940957,11.527280754091388,0.6636055521346985,0.021903629808150162
3455,training,0,0.025936822406947616,0.005206851596940957,11.567375251695484,0.6644643651694695,0.02085260580493267
3456,training,0,0.014116713777184486,0.005206851596940957,11.607328483778057,0.6652824457143681,0.020653090034615927
3457,training,0,0.02232136856764555,0.005206851596940957,11.647249091902971,0.6661040759925339,0.020396320924468744
3458,training,0,0.01954540144652128,0.005206851596940957,11.687405508574901,0.6669131181783287,0.020203737820488153
3459,training,0,0.015531998127698898,0.005206851596940957,11.727224707172414,0.6677207133597842,0.019744142294087805
3460,training,0,0.00235808826982975,0.012191663987233863,11.767278085379642,0.6684782935637714,0.017407590917343584
3461,training,0,0.0013222713023424149,0.012191663987233863,11.807340285068879,0.6691046802268358,0.014218478705819517
3462,training,0,0.014227526262402531,0.012191663987233863,11.847241012006798,0.6695815586736791,0.00927270607295034
3463,training,0,0.026606869883835316,0.012191663987233863,11.887433551020637,0.669835664753468,0.003091558666001075
3464,training,0,0.015376624651253225,0.012191663987233863,11.927358871759322,0.6698403355517285,-0.0030493589598607216
3465,training,0,0.0054044987773522735,0.009805627669076207,11.96738352021058,0.6695914761235894,-0.009073678430869647
3466,training,0,0.03610702231526375,0.009805627669076207,12.007553246268731,0.669138493820816,-0.012682670500926013
3467,training,0,0.0356222540140152,0.009805627669076207,12.0473584710152,0.6686291911940625,-0.011996113482515437
3468,training,0,0.03128741029649973,0.009805627669076207,12.087445360826397,0.668207895672977,-0.008680646191813489
3469,training,0,0.048421223647892475,0.009805627669076207,12.12737284672645,0.6679349634799725,-0.005685203497727874
3470,training,0.0040169135,0.05287657398730517,0.009805627669076207,12.187380170245545,0.667643950175024,-0.0048713646814227555
3471,training,0.011008071,0.06638720259070396,0.01195325479289473,12.247313895417042,0.6672669861953712,-0.008717027504219134
3472,training,0.0032259177,0.05463829822838307,0.01195325479289473,12.287405384242506,0.6668119854408007,-0.014401090333637501
3473,training,0,0.009628824889659882,0.01195325479289473,12.307501757586198,0.6664978979666291,-0.016051503063239096
3474,training,0,0.026411477476358414,0.01195325479289473,12.347235836714443,0.6658953136910808,-0.013002763351083534
3475,training,0,0.035075142979621894,0.01195325479289473,12.367192604177045,0.6656690894311841,-0.009887680535371231
3476,training,0,0.03343058470636606,0.01195325479289473,12.407314475303862,0.6653818372618346,-0.004459909917611289
3477,training,0,0.025431695394217968,0.02732078252089222,12.44715215584926,0.6652798337840689,-0.0015298003148322232
3478,training,0,0.04577627871185541,0.02732078252089222,12.487146451198448,0.6652628626265343,0.0004034606300523668
3479,training,0,0.04629741422832012,0.02732078252089222,12.527233398541506,0.6652836355249453,0.0005988621165280823
3480,training,0,0.029897312633693218,0.02732078252089222,12.567098375036814,0.6652754270052077,-0.0008576510570154194
3481,training,0,0.023578852415084832,0.02732078252089222,12.607205485495552,0.6652526337018246,0.0003335849872648615
3482,training,0,0.02420066203922034,0.02732078252089222,12.647096495749578,0.665324046431046,0.003383213848177443
3483,training,0,0.0338257011026144,0.03104316232926876,12.687031153885048,0.6655244754969891,0.0061535566698998736
3484,training,0,0.043022229336202145,0.03104316232926876,12.727170088324128,0.6657928539059625,0.007636016722286017
3485,training,0.004791862,0.07669026777148247,0.03104316232926876,12.787000276209579,0.6662181743335367,0.004879336723874215
3486,training,0.002067805,0.08633986115455627,0.03104316232926876,12.827207961902058,0.6662870516756781,-0.0013989910827292425
3487,training,0.0033030456,0.08645322173833847,0.03104316232926876,12.887106795169995,0.6658792757152344,-0.013755613268561067
3488,training,0,0.025966795161366463,0.03951137161819012,12.907197781956677,0.6655571456556836,-0.01835747920169886
3489,training,0,0.03339370805770159,0.03951137161819012,12.947240060996547,0.6646742249520968,-0.025125946004511738
3490,training,0,0.02042592875659466,0.03951137161819012,12.987121724570525,0.6635843318644993,-0.029538407908364553
3491,training,0,0.0031386148184537922,0.03951137161819012,13.007158803889102,0.6629861332269726,-0.030107222309567232
3492,training,0,0.02386026084423065,0.03951137161819012,13.04720682216169,0.6618010477892221,-0.02840332419863903
3493,training,0,0.038228392601013184,0.03951137161819012,13.086958246554875,0.660777932394331,-0.02170645450780756
3494,training,0,0.026432827115058902,0.04413250702685129,13.12702239041416,0.6601037078692986,-0.010674680618093162
3495,training,0,0.015096289804205298,0.04413250702685129,13.166878109028898,0.6599109272286828,-0.00015173908487494823
3496,training,0,0.0026421137154102325,0.04413250702685129,13.206803317238988,0.660042436335279,0.004991105331585735
3497,training,0,0.003839442040771245,0.04413250702685129,13.246931800138182,0.660268123762599,0.006620278360710327
3498,training,0,0.018142541870474815,0.04413250702685129,13.286748990784508,0.6605535867191697,0.006980137579256164
3499,training,0,0.008220566436648369,0.04413250702685129,13.326822653442482,0.66084414330891,0.007932493576117474
3500,training,0,0.0021021300926804525,0.04910818768216776,13.36679509500111,0.6611968477714981,0.0099232964195392
3501,training,0,0.03385374462231994,0.04910818768216776,13.406702537430812,0.6616023415739731,0.0089993030506999
3502,training,0,0.01842820644378662,0.04910818768216776,13.446904966199467,0.6618693447386799,0.0032648002537152662
3503,training,0,0.004467989318072796,0.04910818768216776,13.486798021678622,0.6618682172144217,-0.003372544401344993
3504,training,0,0.006443848833441734,0.04910818768216776,13.526850013809097,0.6616249611462127,-0.008005728123771637
3505,training,0,0.014627224765717983,0.040703915530272736,13.566926478756145,0.6612587093293664,-0.010022457935721074
3506,training,0,0.004611065611243248,0.040703915530272736,13.606783767965776,0.6608602181105417,-0.0092744683777532
3507,training,0,0.005728693678975105,0.040703915530272736,13.64691075335318,0.6605187032564421,-0.008616342086250325
3508,training,0,0.006262149661779404,0.040703915530272736,13.686774710914559,0.6601737565117042,-0.008727005813019327
3509,training,0,0.0034325956366956234,0.040703915530272736,13.72674089054244,0.6598478240716128,-0.007771336436686381
3510,training,0,0.0020075691863894463,0.040703915530272736,13.766870045164126,0.6595497321496119,-0.007148594065607389
3511,training,0,0.002519072964787483,0.039010026538586456,13.806676220508363,0.6592691170521381,-0.0072836788957644245
3512,training,0,0.0029486194252967834,0.039010026538586456,13.846765002168194,0.6589796391337808,-0.0075619550908961955
3513,training,0.0048519634,0.06428307481110096,0.039010026538586456,13.926649603756179,0.6583314153796963,-0.0090538680685136
3514,training,0.0096785715,0.06467330642044544,0.039010026538586456,13.946717829699827,0.6581471332532185,-0.009518911343446469
3515,training,0.0135612,0.07497317530214787,0.039010026538586456,13.986715569671123,0.6577487165165906,-0.01102433481236742
3516,training,0.009169266,0.08698573336005211,0.039010026538586456,14.046714488581198,0.656871593436715,-0.01978757746483233
3517,training,0.0032099914,0.05679186061024666,0.0368158727369041,14.106693423183684,0.6554161070233465,-0.02881571817872104
3518,training,0,0.03997675329446791,0.0368158727369041,14.126644828596149,0.6548389895346624,-0.028328126931394703
3519,training,0,0.03447551280260085,0.0368158727369041,14.146670707151065,0.6542874927177842,-0.026472404956616607
3520,training,0,0.025971099734306335,0.0368158727369041,14.186688023977204,0.6533794528371332,-0.018354038324374555
3521,training,0,0.00031367316842079856,0.0368158727369041,14.22644481414124,0.6528287413173273,-0.009175907486187145
3522,training,0,0.009388681501150131,0.0368158727369041,14.24644114658264,0.6526964466333426,-0.003775176545674657
3523,training,0,0.02501513808965683,0.038174653661216786,14.28652981821704,0.6527493428281294,0.006700081537246072
3524,training,0,0.03327128663659096,0.038174653661216786,14.326294236242703,0.6531797795575226,0.013435433207011842
3525,training,0,0.025653913617134087,0.038174653661216786,14.36637358482235,0.6537982280559288,0.017173418285911204
3526,training,0,0.033754635602235794,0.038174653661216786,14.406297396891347,0.6545429462785517,0.020524921634990034
3527,training,0,0.03361712768673897,0.038174653661216786,14.446200029827274,0.6554233092376783,0.023498921105293422
3528,training,0,0.043045582249760635,0.038174653661216786,14.486339661625845,0.6564068606158816,0.025691766802641562
3529,training,0,0.02172088623046875,0.03447627133732308,14.526126448309173,0.6574737359616678,0.027332564416505535
3530,training,0,0.027677366510033604,0.03447627133732308,14.566154671550082,0.6585953467593186,0.02878238193273206
3531,training,0,0.03644697554409504,0.03447627133732308,14.60613761038935,0.6597826576964094,0.03132255026403765
3532,training,0,0.030738724395632744,0.03447627133732308,14.645982144710768,0.6610856705791816,0.03381781950656576
3533,training,0,0.009824400767683986,0.03447627133732308,14.686098297138114,0.6624766605390661,0.035138219173710177
3534,training,0,0.019940568134188652,0.03447627133732308,14.725917851191065,0.6638792655814245,0.03462298808485958
3535,training,0,0.000825885683298111,0.024412645344491356,14.765905904247555,0.6652187827148835,0.03187458670619171
3536,training,0,0.011426977813243866,0.024412645344491356,14.806035926100915,0.6664189272258549,0.02823270050990954
3537,training,0,0.019954228773713112,0.024412645344491356,14.845871353002341,0.6674648221637163,0.02422259870378863
3538,training,0,0.027032164856791496,0.024412645344491356,14.88598798058745,0.6683789429919214,0.021767210205382078
3539,training,0,0.02024002932012081,0.024412645344491356,14.925921858422909,0.6692259764585293,0.021191783385301408
3540,training,0,0.023897750303149227,0.024412645344491356,14.965860570668042,0.6700607884496192,0.02038255555248951
3541,training,0,0.024785734713077545,0.022057942880317337,15.006019731804555,0.6708534679699939,0.0196701911249804
3542,training,0,0.022229164838790894,0.022057942880317337,15.04583126306102,0.6716399405407402,0.019311383500750512
3543,training,0,0.027411635965108868,0.022057942880317337,15.085891844923921,0.6723997180112576,0.01829608677314933
3544,training,0,0.031465014442801476,0.022057942880317337,15.125906079186231,0.6731110090120083,0.018089093287016855
3545,training,0,0.02440661378204823,0.022057942880317337,15.165795272549767,0.6738253662121804,0.017574164947159094
3546,training,0,0.022933155298233036,0.022057942880317337,15.205944792936185,0.6745210527387937,0.017178742621066154
3547,training,0,0.02326836809515953,0.0165961245865708,15.245795479704654,0.6752089153465862,0.0172254449000696
3548,training,0,0.02418921701610088,0.0165961245865708,15.285802874626789,0.6758873035117093,0.016383070571167377
3549,training,0,0.025043610483407978,0.0165961245865708,15.325889234250898,0.6765175447365964,0.016144295362686977
3550,training,0,0.025292310863733288,0.0165961245865708,15.36574193728558,0.6771487259171567,0.015348171325574254
3551,training,0,0.023916000500321388,0.0165961245865708,15.405861132459016,0.6777558693953375,0.014844867122357053
3552,training,0,0.024906925857067108,0.0165961245865708,15.445777325095559,0.6783470112941782,0.015053028126770555
3553,training,0,0.02569220773875714,0.015519533250322664,15.48573340050818,0.6789365284608447,0.01395664209396057
3554,training,0,0.025850588455796242,0.015519533250322664,15.525887981488477,0.6794567268028512,0.012875806254197143
3555,training,0,0.02517119236290455,0.015519533250322664,15.565714028260633,0.6799686158157574,0.012044798726338653
3556,training,0,0.02184649556875229,0.015519533250322664,15.605792267322009,0.6804269976490559,0.010606260564827814
3557,training,0,0.02693984471261501,0.015519533250322664,15.645800636132488,0.6808322351679719,0.010214850817355651
3558,training,0,0.026111463084816936,0.015519533250322664,15.685709153608931,0.681223345240368,0.009046589389787021
3559,training,0,0.042818708345294,0.011058389664402379,15.725872265533066,0.6815542611029846,0.007573711773944814
3560,training,0,0.027395463548600674,0.011058389664402379,15.765731292246954,0.6818447571500462,0.006479497155432836
3561,training,0,0.04065913334488869,0.011058389664402379,15.805763569220094,0.682064616650268,0.0041483805069005815
3562,training,0,0.02784869819879532,0.011058389664402379,15.845853398653853,0.682183405140853,0.0025334523806049454
3563,training,0,0.041253337636590004,0.011058389664402379,15.885727972795939,0.6822418644239913,0.0001672686891974668
3564,training,0,0.040773771703243256,0.011058389664402379,15.925869673914695,0.6822021197715484,-0.00222344696476063
3565,training,0,0.04473196156322956,0.015212689599566367,15.965776883626392,0.6820801090087216,-0.004010523076996482
3566,training,0,0.0388933252543211,0.015212689599566367,16.00575828193395,0.6818708573303439,-0.006758416650806273
3567,training,0,0.04309896007180214,0.015212689599566367,16.045909898257495,0.6815447921347212,-0.00918856903161711
3568,training,0.0019075505,0.07079368643462658,0.015212689599566367,16.1057594454443,0.6808920981578345,-0.01322092685506057
3569,training,0.007531669,0.09979175217449666,0.015212689599566367,16.145920652089163,0.6803003551899798,-0.016218034631590675
3570,training,0,0.030933112371712923,0.015727342268308783,16.185761180438103,0.6795745230867744,-0.02119283250871035
3571,training,0,0.03015243634581566,0.015727342268308783,16.20576623126592,0.6791234382256912,-0.024419178868131445
3572,training,0,0.022016987204551697,0.015727342268308783,16.24594269315853,0.6780051616781023,-0.031034811248112627
3573,training,0,0.030599862337112423,0.015727342268308783,16.285753962739356,0.6766625545463125,-0.03667060482004732
3574,training,0,0.014730100519955158,0.015727342268308783,16.32577194767624,0.6751129030340062,-0.04059206244212956
3575,training,0,0.02497279830276966,0.015727342268308783,16.365798261247296,0.6734530249633611,-0.04215438073909623
3576,training,0,0.012800764292478561,0.016394711273749536,16.405592092460907,0.6717428803526325,-0.04361208866173718
3577,training,0,0.020733326673507687,0.016394711273749536,16.445664789436602,0.6699943952252829,-0.043136860076599004
3578,training,0,0.02018379047513008,0.016394711273749536,16.485455158901708,0.6683277358754075,-0.041507070100699824
3579,training,0,0.02158680185675621,0.016394711273749536,16.525391731111092,0.6666962918664853,-0.0405630987237851
3580,training,0,0.012978922575712204,0.016394711273749536,16.565443381777325,0.6650946015613981,-0.039103048461165094
3581,training,0,0.022091815248131755,0.016394711273749536,16.605209923156227,0.6635581526737665,-0.038797915137941744
3582,training,0,0.019079288467764854,0.03130186710093193,16.6452623286183,0.6620127775413106,-0.0384598049470654
3583,training,0,0.010097736492753029,0.03130186710093193,16.685130964520873,0.6605132491669203,-0.03737475362859201
3584,training,0,0.023246875032782555,0.03130186710093193,16.72502483097224,0.6590482180959384,-0.036267530347815824
3585,training,0,0.026262830942869186,0.03130186710093193,16.76512068308699,0.6576226924498334,-0.03466602152091655
3586,training,0,0.026588549837470058,0.03130186710093193,16.80489179471006,0.6562822569227917,-0.03363320280537779
3587,training,0,0.021355969831347466,0.03130186710093193,16.84490527220228,0.6549535227923866,-0.03304709625477615
3588,training,0,0.029203644022345543,0.03784352743215743,16.88488600867105,0.6536611586743657,-0.03190627493927407
3589,training,0,0.035717565566301346,0.03784352743215743,16.92471630789192,0.6524054550096093,-0.03133276411062319
3590,training,0,0.0249742791056633,0.03784352743215743,16.96481662259673,0.6511702106095445,-0.029976337939328555
3591,training,0,0.02991700917482376,0.03784352743215743,17.004631385491145,0.65002550786973,-0.028525551340686822
3592,training,0,0.0390840619802475,0.03784352743215743,17.044596062150923,0.6489105808672582,-0.02738469002525374
3593,training,0,0.029046781361103058,0.03784352743215743,17.084666355061334,0.6478487625237833,-0.025509180952721366
3594,training,0,0.037443581968545914,0.04602878856376878,17.124447475646672,0.646857195526373,-0.024768962540325512
3595,training,0,0.03639694675803184,0.04602878856376878,17.164527285159906,0.6458848656391323,-0.023744434998387506
3596,training,0,0.0249936394393444,0.04602878856376878,17.20441726641353,0.6449823784630487,-0.022067285956551302
3597,training,0,0.037151694297790534,0.04602878856376878,17.244333302314683,0.644137707537143,-0.02050567291209006
3598,training,0,0.028184838593006127,0.04602878856376878,17.284456407194803,0.6433492719294553,-0.018411463083382384
3599,training,0,0.04108911752700805,0.04602878856376878,17.324240393660528,0.6426657534430973,-0.016824568417245955
3600,training,0,0.039754219353199005,0.03869827734337908,17.36428123264962,0.6420197336953255,-0.015683829399944497
3601,training,0,0.0424213670194149,0.03869827734337908,17.404260682027793,0.6414237379824512,-0.014519464820007103
3602,training,0,0.03858664631843567,0.03869827734337908,17.444140574408163,0.6408712815092806,-0.013500947576751453
3603,training,0,0.041016433387994766,0.03869827734337908,17.48426893899963,0.640352747382858,-0.01213780349602532
3604,training,0,0.04331859573721886,0.03869827734337908,17.52410660797204,0.6399080054224237,-0.010874189912560799
3605,training,0,0.03941329196095467,0.03869827734337908,17.564098699025127,0.6394981869308177,-0.009937667045748088
3606,training,0,0.044298451393842704,0.03395845559298021,17.60418433635208,0.6391238436328028,-0.008801002529386176
3607,training,0,0.03795799240469932,0.03395845559298021,17.64400694779984,0.6387877028117724,-0.008368943905980747
3608,training,0,0.03654954582452774,0.03395845559298021,17.68411193466012,0.638465197554798,-0.0077147240962767
3609,training,0,0.03343617543578148,0.03395845559298021,17.724009792023818,0.6381843359412624,-0.006628417875571354
3610,training,0,0.03905678167939186,0.03395845559298021,17.763949101749283,0.6379502815359761,-0.005403991188299058
3611,training,0,0.024137716740369797,0.03395845559298021,17.804091062863726,0.6377546121525203,-0.0040117609971764
3612,training,0,0.02372327446937561,0.03102730577523608,17.84389164311415,0.6376290214956665,-0.0027303467029058397
3613,training,0,0.021848920732736588,0.03102730577523608,17.8839484359194,0.6375515383676039,-0.0012793854124433345
3614,training,0,0.0226937085390091,0.03102730577523608,17.923941971720456,0.6375316155455052,0.00031856054841029484
3615,training,0,0.02191774547100067,0.03102730577523608,17.9638292088663,0.6375845780777125,0.0021648785342071263
3616,training,0,0.02400624006986618,0.03102730577523608,18.00396589374978,0.6377093921331376,0.004400306030961275
3617,training,0,0.02520736679434777,0.03102730577523608,18.04379683027342,0.6379299127638567,0.006592778003535371
3618,training,0,0.005993349477648735,0.039186950429788855,18.083797512103956,0.6382407363487963,0.008763022433669788
3619,training,0,0.009351043030619621,0.039186950429788855,18.123859910387907,0.6386292695534374,0.011150031943232788
3620,training,0,0.0053115058690309525,0.039186950429788855,18.163695758568963,0.6391271228369821,0.013452208286660456
3621,training,0,0.005915438756346706,0.039186950429788855,18.203802944337813,0.6397104486778673,0.01591650605102599
3622,training,0,0.005505372770130634,0.039186950429788855,18.243689931138164,0.640406135468952,0.019355728588625516
3623,training,0,0.014874830842018127,0.039186950429788855,18.283621393179825,0.641243277088928,0.022243244907864543
3624,training,0,0.013192936778068542,0.03778420412712479,18.323755855479966,0.6421737179408655,0.02522955964595937
3625,training,0,0.023450673557817936,0.03778420412712479,18.36351717402696,0.6432561433831541,0.028427246329959615
3626,training,0,0.023277019150555134,0.03778420412712479,18.403563546764353,0.6444477838410737,0.031059951444327022
3627,training,0,0.016868047881871462,0.03778420412712479,18.443511557797347,0.6457374289271991,0.033869906989148414
3628,training,0,0.019302151165902615,0.03778420412712479,18.483376660763312,0.6471393994500827,0.03613423911600856
3629,training,0,0.019672602415084835,0.03778420412712479,18.52349839836805,0.6486187366271196,0.037615144026233005
3630,training,0,0.020547617226839066,0.04142745408235544,18.56329411770167,0.6501452970491859,0.038611025804979625
3631,training,0,0.01983970031142235,0.04142745408235544,18.60328805472687,0.6516971331625461,0.03859344922475073
3632,training,0,0.021574445068836212,0.04142745408235544,18.643326112149047,0.6532266587592284,0.03804995498772355
3633,training,0,0.024038415402174003,0.04142745408235544,18.68316467666478,0.6547255692631894,0.03679036446025844
3634,training,0,0.023582667112350464,0.04142745408235544,18.723280642348676,0.6561732812336661,0.035235396027019354
3635,training,0,0.019760590046644207,0.04142745408235544,18.76316188486767,0.6575522659825865,0.03403916204675601
3636,training,0,0.02564118802547455,0.017433672154044667,18.80311685319846,0.6588868338853409,0.03246225626057782
3637,training,0,0.04111067578196526,0.017433672154044667,18.843266338611482,0.6601460933012643,0.031129681888009332
3638,training,0,0.0415944904088974,0.017433672154044667,18.883053280631778,0.661377656534924,0.03005942665409092
3639,training,0,0.04084114730358124,0.017433672154044667,18.92312992270282,0.6625615733736412,0.028890524193140105
3640,training,0,0.04325021803379059,0.017433672154044667,18.963091806773896,0.6636960774353858,0.028314422805213662
3641,training,0,0.03715754672884941,0.017433672154044667,19.00300024388859,0.6648075536963208,0.026986945167458063
3642,training,0,0.040872886776924126,0.009095346366233771,19.043163712053275,0.6658497865032872,0.02499430236104447
3643,training,0,0.03798815608024597,0.009095346366233771,19.08299758526109,0.6668145602889559,0.023168732858966753
3644,training,0,0.040139757096767426,0.009095346366233771,19.12303794092872,0.6676980076218657,0.020575915979884143
3645,training,0,0.03541785478591919,0.009095346366233771,19.163102945197,0.668461516778253,0.018293462718836435
3646,training,0,0.005985567346215248,0.009095346366233771,19.202986957367145,0.6691349827535074,0.015209586056197844
3647,training,0.006067844,0.05487608164548874,0.009095346366233771,19.26314603814296,0.6698958376211916,0.010963577464660965
3648,training,0,0.020588532090187073,0.013886612011064742,19.303022081241064,0.6702525558517548,0.006013397884311402
3649,training,0,0.01257462427020073,0.013886612011064742,19.32307760645652,0.6703410571699642,0.001983222823175092
3650,training,0,0.011039871722459793,0.013886612011064742,19.36325285376436,0.6702132938979535,-0.0072514422863940884
3651,training,0,0.012156240642070777,0.013886612011064742,19.403155546137377,0.6697543605763734,-0.01561627962946137
3652,training,0,0.014106903225183487,0.013886612011064742,19.44329706850159,0.6689766309573998,-0.02310286725909145
3653,training,0,0.008987352252006524,0.0094490921656465,19.483248199174692,0.6679397476931995,-0.029219833739289477
3654,training,0,0.030329618602991104,0.0094490921656465,19.523182949549877,0.6666509152726089,-0.035400619051508285
3655,training,0,0.03915025666356087,0.0094490921656465,19.563314476078226,0.6651274115840289,-0.039967864715048755
3656,training,0,0.0340028740465641,0.0094490921656465,19.603094713877926,0.6634691977534475,-0.043909277784944155
3657,training,0,0.03803299739956856,0.0094490921656465,19.643111320387426,0.6616480693380684,-0.04692779323043887
3658,training,0,0.004890831187367439,0.0094490921656465,19.68308261224517,0.6597487710792043,-0.04835968049854616
3659,training,0,0.02230728231370449,0.011580166854391553,19.722880502761733,0.6577780227114679,-0.05050248265178005
3660,training,0,0.0005876373033970599,0.011580166854391553,19.7629439820507,0.6557436451189607,-0.05048356754958061
3661,training,0,0.02170079341158271,0.011580166854391553,19.80274920632976,0.653764161040106,-0.050236805819274935
3662,training,0,0.022013052832335234,0.011580166854391553,19.842707072501955,0.6517062426052309,-0.05398783316353061
3663,training,0,0.025835301727056503,0.011580166854391553,19.88274992256887,0.6494459835113368,-0.0586543203614822
3664,training,0,0.03303490951657295,0.011580166854391553,19.922491236608945,0.6469997443225108,-0.06463096372748756
3665,training,0.023211885,0.0569009855389595,0.00592813710126405,19.982489594145854,0.6428979793680004,-0.07123214418693921
3666,training,0.0051159,0.10601973347365856,0.00592813710126405,20.022274607862013,0.6399213167861566,-0.07992709750929959
3667,training,0.0033628396,0.08984723314642906,0.00592813710126405,20.082255135962768,0.6345027079558764,-0.10093396484565327
3668,training,0.0032310067,0.05738081969320775,0.00592813710126405,20.141712279091916,0.6279508407399151,-0.11693339388264476
3669,training,0,0.03438888862729073,0.00592813710126405,20.181516336154218,0.6231375352898789,-0.12278869231813044
3670,training,0,0.02688316814601421,0.028616865530448433,20.20135783174186,0.6206812637590711,-0.12328491679863349
3671,training,0,0.026541484519839287,0.028616865530448433,20.22108483581626,0.6182365617381231,-0.12417848508651161
3672,training,0,0.049231408163905144,0.028616865530448433,20.260788006874765,0.6132857871977591,-0.12379646638439919
3673,training,0,0.022358978167176254,0.028616865530448433,20.300460022084476,0.6084012559126781,-0.12131355912549381
3674,training,0,0.031070658937096603,0.028616865530448433,20.320159550571052,0.6060165517147048,-0.12077052313472206
3675,training,0,0.023331027477979667,0.028616865530448433,20.359847875245347,0.6012525142536428,-0.11794562736764769
3676,training,0,0.0029760561883449554,0.028616865530448433,20.399553399126056,0.596659203337369,-0.11144835638475806
3677,training,0,0.017994064837694168,0.05239486082823093,20.43906565830428,0.5923869766312644,-0.10392345080452763
3678,training,0,0.03425616770982742,0.05239486082823093,20.47887739236888,0.5884513161581119,-0.09220078121420906
3679,training,0,0.01391616091132164,0.05239486082823093,20.5185021901293,0.5851017145564169,-0.07706428992222512
3680,training,0,0.01884600520133972,0.05239486082823093,20.55826565585941,0.5822924545865839,-0.06502945261647552
3681,training,0,0.00584002397954464,0.05239486082823093,20.598239889566862,0.57988908078018,-0.05490966116432017
3682,training,0,0.014693561941385273,0.05239486082823093,20.63796281784242,0.5778597292123977,-0.049448774507398284
3683,training,0,0.0010090544819831848,0.04505604407753713,20.677967688383625,0.5759268942919133,-0.04761366225978937
3684,training,0,0.01441437378525734,0.04505604407753713,20.717866659341425,0.5740793348948386,-0.045175583536805695
3685,training,0,0.01114979758858681,0.04505604407753713,20.7576954918618,0.5723445475725335,-0.04150406681520565
3686,training,0,0.0009436197578907013,0.04505604407753713,20.797776108564577,0.5707773108956752,-0.03627753058869073
3687,training,0,0.00990794226527214,0.04505604407753713,20.837558526636926,0.569442343814762,-0.03212280461841743
3688,training,0,0.02394581353291869,0.04505604407753713,20.877537414922163,0.5682187614642191,-0.029061266127953317
3689,training,0,0.019873502664268017,0.02748575065257643,20.917565058927334,0.5671431517829526,-0.023823639608080403
3690,training,0,0.03392188297584653,0.02748575065257643,20.95734710870018,0.5663119825208189,-0.018238546014351386
3691,training,0,0.006294352933764458,0.02748575065257643,20.997435370430164,0.565694694247164,-0.01169858423766162
3692,training,0,0.02375285653397441,0.02748575065257643,21.037348742720066,0.5653400751241339,-0.008550083727956308
3693,training,0,0.0035248311469331384,0.02748575065257643,21.077325481925534,0.5649496915689987,-0.012116713473916487
3694,training,0,0.014802226796746254,0.02748575065257643,21.117482628379832,0.5643914635835343,-0.014109776762223093
3695,training,0,0.021512573584914207,0.02267469460244355,21.15727276552773,0.5638584863861342,-0.012685617556421695
3696,training,0,0.011976370122283697,0.02267469460244355,21.197331933145986,0.563410745626749,-0.009215885914993248
3697,training,0,0.010847523342818022,0.02267469460244355,21.237296686537675,0.5630930299209557,-0.008253218379277418
3698,training,0,0.027377335354685783,0.02267469460244355,21.277220847619034,0.5627051235618262,-0.011190593285160035
3699,training,0,0.03556013107299805,0.02267469460244355,21.31739701327553,0.5621792327448645,-0.015348830058040431
3700,training,0,0.04488222626969218,0.02267469460244355,21.357263545427056,0.5614649019827603,-0.02126164373751848
3701,training,0,0.038617171347141266,0.02545687647177676,21.397327613997696,0.5604665122775981,-0.02897819267023489
3702,training,0,0.012687157839536667,0.02545687647177676,21.43743929123436,0.5591700811870564,-0.03491796674043018
3703,training,0,0.003796221688389778,0.02545687647177676,21.477248705721017,0.557714924791378,-0.036994000293220454
3704,training,0,0.008245166391134269,0.02545687647177676,21.517328457871034,0.5562686197468371,-0.03356613596491575
3705,training,0,0.023567853495478634,0.02545687647177676,21.557083120667468,0.5550801474576184,-0.026350854271596336
3706,training,0,0.009023582562804222,0.02545687647177676,21.596986055594964,0.5541985078741358,-0.017747306129815066
3707,training,0,0.0281571913510561,0.027619833702812964,21.637084924415344,0.553638876435512,-0.010471339956679369
3708,training,0,0.034619877114892006,0.027619833702812964,21.676855979798763,0.5533332365588467,-0.005472497888833441
3709,training,0,0.023990746587514877,0.027619833702812964,21.716919150448607,0.5532134085467044,1.3523819713554659e-05
3710,training,0,8.521229028701088e-05,0.027619833702812964,21.75684724530955,0.5533281757662911,0.0058354365704425745
3711,training,0,0.024021554738283157,0.027619833702812964,21.796709725177585,0.5537054647838535,0.013872864085736172
3712,training,0,0.029510103166103363,0.027619833702812964,21.836810695499125,0.5544535486774732,0.02527388728519597
3713,training,0,0.032538753002882004,0.01550407182082556,21.876533603408635,0.5557092362259552,0.03818852111085018
3714,training,0,0.021691877394914627,0.01550407182082556,21.91644544645136,0.557498182834718,0.051106021263794536
3715,training,0,0.014787836000323296,0.01550407182082556,21.956406213119944,0.5597500029888335,0.061243576468357534
3716,training,0,0.013462873175740242,0.01550407182082556,21.996124888920654,0.5623434436900171,0.06795442968925224
3717,training,0,0.012189118191599846,0.01550407182082556,22.03613894580581,0.5651364059606967,0.07051414382793092
3718,training,0,0.002831296995282173,0.01550407182082556,22.07589304855311,0.5679616337993042,0.07106261337871515
3719,training,0,0.018069828860461712,0.0067812858272957395,22.11576687784239,0.5708131030098076,0.07126655266186421
3720,training,0,0.03846915066242218,0.0067812858272957395,22.155782255180558,0.5736715285694766,0.07178627351214704
3721,training,0,0.035701457411050797,0.0067812858272957395,22.19545009759104,0.5765984815201142,0.07559536391181661
3722,training,0,0.03811054117977619,0.0067812858272957395,22.23539182152206,0.5797106790182653,0.07992581112699002
3723,training,0,0.042852070182561874,0.0067812858272957395,22.275173495222024,0.5829473770267177,0.08160905552747812
3724,training,0,0.04609364457428455,0.0067812858272957395,22.31496479059609,0.586221977422009,0.08223508443168713
3725,training,0.0026473487,0.057120326906442635,0.016352454778908485,22.39461058200028,0.5928685405832582,0.0848145045334428
3726,training,0,0.029962977394461632,0.016352454778908485,22.414519317794174,0.5945697344244745,0.08529538671546823
3727,training,0,0.008494865149259566,0.016352454778908485,22.454524587180867,0.5979738508730937,0.08316750452836098
3728,training,0,0.01084096310660243,0.016352454778908485,22.474411241696593,0.5996106841550336,0.08093219003109665
3729,training,0,0.005239907652139664,0.016352454778908485,22.514160837462875,0.6027752946876279,0.07774391530611278
3730,training,0,0.01133689610287547,0.016352454778908485,22.55419452752501,0.605836885154755,0.07479947607151347
3731,training,0,0.0014600232243537903,0.018682242980250466,22.593953302681278,0.6087612428867556,0.07187489582651507
3732,training,0,0.007270743604749442,0.018682242980250466,22.633857779863497,0.6115836958453431,0.06908970967602639
3733,training,0,0.011371586006134748,0.018682242980250466,22.67390240399721,0.6142923366007143,0.06597790949377708
3734,training,0,0.013723495416343212,0.018682242980250466,22.71363904784502,0.6168828854632578,0.06344493268227405
3735,training,0,0.02382834767922759,0.018682242980250466,22.75369183668765,0.6193624355409021,0.059839203187646836
3736,training,0,0.024769593961536884,0.018682242980250466,22.793591807855872,0.6216727227818454,0.0559797608164364
3737,training,0,0.020880806259810925,0.013487873971539156,22.833486512362615,0.6238501362742077,0.053041214561894756
3738,training,0,0.002421671524643898,0.013487873971539156,22.87361549770483,0.6259256628648469,0.05069287375251894
3739,training,0,0.0033695828169584274,0.013487873971539156,22.91337861426301,0.6279278237462779,0.04991472445499932
3740,training,0,0.008177503477782011,0.013487873971539156,22.953385688041134,0.6299318731427505,0.05030292708480019
3741,training,0,0.008882551919668913,0.013487873971539156,22.993333353178887,0.6319548283516484,0.051215830829515085
3742,training,0,0.01943792961537838,0.013487873971539156,23.033166118667424,0.634026270812896,0.052451113726911164
3743,training,0,0.018971232697367668,0.006891238532657964,23.073254462527952,0.6361471084922464,0.053109083246965255
3744,training,0,0.004706192761659622,0.006891238532657964,23.11304653035139,0.6382701715041457,0.053125688146540465
3745,training,0,0.01719720847904682,0.006891238532657964,23.153001771431665,0.6403852491666467,0.05214588893273335
3746,training,0,0.0028392113745212555,0.006891238532657964,23.193067196945933,0.6424327871340925,0.049749680816252494
3747,training,0,0.002836160361766815,0.006891238532657964,23.23286784510129,0.6443624379419468,0.04650593942511201
3748,training,0,0.0004615075886249473,0.006891238532657964,23.272985322915883,0.6461401165037537,0.04138670333729919
3749,training,0,0.022281281650066376,0.01080135536100398,23.31290894962901,0.6476656187723812,0.034959906835019934
3750,training,0,0.0031618215143680503,0.01080135536100398,23.35288852400477,0.6489114576698432,0.026756473867040956
3751,training,0,0.012237254530191422,0.01080135536100398,23.39311636322378,0.6497895439556683,0.017415263255283316
3752,training,0,0.023383894469588995,0.01080135536100398,23.43297941157322,0.6503086891670515,0.008436746668021375
3753,training,0,0.01930329762399196,0.01080135536100398,23.473099445972654,0.6504927085293679,0.0013867670530189774
3754,training,0,0.003604620695114134,0.012519673463744349,23.513162066881755,0.6504619419621639,-0.002078823631049532
3755,training,0,0.03435744158923626,0.012519673463744349,23.553078000848917,0.6503286836708791,-0.004210208306227282
3756,training,0,0.01513705961406231,0.012519673463744349,23.593226949303492,0.6501459610006445,-0.004378697541803676
3757,training,0,0.019095459952950478,0.012519673463744349,23.63303986058558,0.6500024352181,-0.0027497840402556715
3758,training,0,0.02133566327393055,0.012519673463744349,23.673043103497758,0.6499540491896373,0.00048214252632002464
3759,training,0.009658695,0.05533996410667896,0.012519673463744349,23.732964371082506,0.6501555243700177,0.006404287663411963
3760,training,0,0.0032380595803260803,0.01180022214489024,23.752917192237415,0.650298183407391,0.007543653552989398
3761,training,0,0.005608977749943733,0.01180022214489024,23.793042029731804,0.6506288825593243,0.008415283228063302
3762,training,0,0.01633061282336712,0.01180022214489024,23.832950184482396,0.6509632813474913,0.008316582823789548
3763,training,0,0.017961760982871056,0.01180022214489024,23.872925526674535,0.6512718316317634,0.006350977262785462
3764,training,0,0.015424376353621483,0.01180022214489024,23.913080944193045,0.6514509534445828,0.003400713095588099
3765,training,0,0.008519124239683151,0.01180022214489024,23.952939857173313,0.65153880496114,0.0004649682190133649
3766,training,0,0.00843610055744648,0.004537903017143375,23.99303596146599,0.6515066844142207,-0.0019226552877970456
3767,training,0,0.011295763775706291,0.004537903017143375,24.033013348833563,0.6514044890130063,-0.003139824795321376
3768,training,0,0.00973702734336257,0.004537903017143375,24.07293780472169,0.6512434176405383,-0.005253384606918535
3769,training,0,0.02517096884548664,0.004537903017143375,24.113104417332,0.6509806244333327,-0.007609404390891001
3770,training,0,0.03140861727297306,0.004537903017143375,24.152947014355643,0.6506394557957557,-0.009997029642507564
3771,training,0,0.03581167198717594,0.004537903017143375,24.192983713400906,0.6502006280243091,-0.011954746942649539
3772,training,0,0.044443581253290176,0.03927975466274289,24.23303483162263,0.6497110659807588,-0.01215491016347744
3773,training,0,0.04881019704043865,0.03927975466274289,24.27288747208083,0.6492470199507305,-0.011243359883402602
3774,training,0.098843664,0.05220486968755722,0.03927975466274289,24.332990212669934,0.6486670842724639,-0.007590039179235642
3775,training,0.011136094,0.07398665510118008,0.03927975466274289,24.372782442172884,0.6484534727206206,-0.002584838518250803
3776,training,0.010542544,0.087823286652565,0.03927975466274289,24.412861674400048,0.6484841353837484,0.005491582565397237
3777,training,0,0.031891243532299995,0.03927975466274289,24.452748186906224,0.6488741002291334,0.013271462348877211
3778,training,0,0.04375648498535156,0.02903508859608448,24.49269512074045,0.6494062897833346,0.012339318129541187
3779,training,0.010603683,0.051986975595355034,0.02903508859608448,24.53285416795185,0.6498620257974742,0.011204599576909216
3780,training,0,0.02337631955742836,0.02903508859608448,24.572686238203346,0.6502930762975832,0.009493526288407172
3781,training,0,0.01845967397093773,0.02903508859608448,24.59269397444696,0.6504672089240966,0.00739055087688258
3782,training,0,0.009472681209445,0.02903508859608448,24.63288254945019,0.6506671197015339,0.003251849134678665
3783,training,0,0.0010174051858484745,0.0223637286269019,24.672736817779587,0.6507626950526747,0.0012783118595292525
3784,training,0.0034449077,0.052724054083228104,0.0223637286269019,24.732878269808108,0.6507954117308979,0.00037788847912411527
3785,training,0,0.03390484303236008,0.0223637286269019,24.772732290713332,0.6508198589750428,0.0008929304823708583
3786,training,0.0010264511,0.05280336737632753,0.0223637286269019,24.812734082077842,0.6509022031453934,0.004019995634024906
3787,training,0,0.02514491230249405,0.0223637286269019,24.852767208093308,0.6511759484581773,0.011118959725740755
3788,training,0,0.013256251811981215,0.0223637286269019,24.892506205793126,0.6518836619177916,0.024789365057136945
3789,training,0.0028437218,0.06421719491481781,0.01749441543655409,24.93254008689374,0.6531317861416045,0.03801039538573766
3790,training,0,0.04490525275468825,0.01749441543655409,24.952509040566078,0.6539510533986311,0.04439163856466408
3791,training,0.0028532858,0.0901329293847084,0.01749441543655409,25.012136008531932,0.657207463199947,0.06426268753324318
3792,training,0.005174946,0.05261409282684329,0.01749441543655409,25.052093422520404,0.6600510022416618,0.07864964179397538
3793,training,0,0.021779172122478457,0.01749441543655409,25.071882348160983,0.6616990772846505,0.08744066272338011
3794,training,0,0.040983401238918304,0.01749441543655409,25.1114567748769,0.6655667890982935,0.10778589213514093
3795,training,0,0.0064349770545959195,0.03377480332459514,25.151123819720905,0.6702909730766143,0.12952133158348553
3796,training,0,0.035149797797203064,0.03377480332459514,25.19044676008883,0.675879788028673,0.15401130988746314
3797,training,0,0.02323243021965027,0.03377480332459514,25.229675117977056,0.6825379358796082,0.18287474170245457
3798,training,0,0.023143380880355835,0.03377480332459514,25.268652451123238,0.6903408142984161,0.21322110903896696
3799,training,0.0039049184,0.08218550682067871,0.03377480332459514,25.30727348818884,0.6994020328023173,0.2484646731029157
3800,training,0.0043407627,0.07755696773529053,0.03377480332459514,25.345385145784512,0.7098547848222415,0.2888734254674355
3801,training,0.0025104983,0.09312552958726882,0.058136321226165334,25.401940939040298,0.7287157288875643,0.3553998571739605
3802,training,0.011383988,0.08620668947696686,0.058136321226165334,25.43861567855429,0.7432592152210635,0.39905556040597917
3803,training,0,0.011608988046646118,0.058136321226165334,25.45678471962993,0.751151389748219,0.4204702940998665
3804,training,0,0.001072004437446622,0.058136321226165334,25.492805969253503,0.7681376168797766,0.4576469173484902
3805,training,0,0.003434486687183394,0.058136321226165334,25.528101816367812,0.7861307313581244,0.4846672933911187
3806,training,0,0.036717370152473436,0.058136321226165334,25.5630975955191,0.8051252082449102,0.5090578731332481
3807,training,0.009636479,0.09766024351119995,0.06779744925836531,25.59772058232943,0.8248971682436667,0.5271260019191362
3808,training,0.015169623,0.11474116519093508,0.06779744925836531,25.63190431661061,0.8451676178487341,0.5414592136284
3809,training,0.007853193,0.20500773005187517,0.06779744925836531,25.66608017524577,0.8659587409225038,0.5492654695604601
3810,training,0.002132752,0.2018027938902378,0.06779744925836531,25.71713198957241,0.8972670789066133,0.5504993006029009
3811,training,0.0024235775,0.3155747186392546,0.06779744925836531,25.751206414676957,0.9181743375265672,0.5491285509142164
3812,training,0.0068961135,0.31536686420440674,0.06779744925836531,25.785353252872966,0.9390135899867181,0.5467209933634055
3813,training,0.06893925,0.32977164350450044,0.06598955083373147,25.819455151571756,0.959754139391682,0.5455056664044476
3814,training,0.008905205,0.3254908714443445,0.06598955083373147,25.853648410854433,0.9804578657469494,0.5427266119784301
3815,training,0.0022253755,0.3458409160375595,0.06598955083373147,25.88784235546992,1.0010352211435627,0.5406776590953509
3816,training,0.0077764685,0.3143148981034755,0.06598955083373147,25.922201348149024,1.0215905865717918,0.5366288336141175
3817,training,0.006014511,0.3069290444254875,0.06598955083373147,25.95665167628692,1.0419257817518948,0.5298919885293059
3818,training,0.0033981334,0.3166939970105887,0.06598955083373147,25.99110107603852,1.0620529342964573,0.5278595138215818
3819,training,0.006106356,0.3196985200047493,0.02753117271053459,26.025664444859434,1.0821979507658492,0.5271535162953803
3820,training,0.0028257896,0.2895583286881447,0.02753117271053459,26.060154253409074,1.1022761185998782,0.5275741463970014
3821,training,0.0046400405,0.2965268660336733,0.02753117271053459,26.094676110897506,1.1224351791049985,0.5292871814869037
3822,training,0.0059626214,0.32159399241209036,0.02753117271053459,26.12915946422586,1.1426254888627871,0.5297186184462758
3823,training,0.008515356,0.27784220315516,0.02753117271053459,26.163517358012278,1.1628214886502708,0.5332054268370687
3824,training,0.0056196665,0.32694835960865026,0.02753117271053459,26.197885069673568,1.1832136208858703,0.5371187494774955
3825,training,0.004301233,0.30596026778221136,0.07808911198786188,26.232161852542347,1.2037195305681585,0.541263854569794
3826,training,0.0034735021,0.2958425730466843,0.07808911198786188,26.26623436080997,1.2244086648017671,0.5504583163421268
3827,training,0.0122278165,0.2798195406794548,0.07808911198786188,26.300084126105876,1.2454052499567736,0.5600105194185067
3828,training,0.00874965,0.28277314454317093,0.07808911198786188,26.333712797980574,1.2667947936569106,0.5736094427181694
3829,training,0.02252343,0.31428521871566767,0.07808911198786188,26.366987859702608,1.2886772663103456,0.5893459141666229
3830,training,0.009225767,0.28375580161809927,0.07808911198786188,26.3999764004275,1.3110886408417222,0.6045763733586468
3831,training,0.002122365,0.31611052155494684,0.23347489558870307,26.432555886773034,1.3340041122283293,0.6212317185163466
3832,training,0.0064056036,0.3250117748975754,0.23347489558870307,26.463944323957083,1.3571564112838326,0.664274214449851
3833,training,0.0062294328,0.6031809821724893,0.23347489558870307,26.493995154390934,1.3826711059825603,0.7439191670010941
3834,training,0.0059035826,0.657747194170952,0.23347489558870307,26.521680648901373,1.4105610125577972,0.8465338162671927
3835,training,0.002023038,0.8535461574792861,0.3287366914429829,26.545178006385097,1.4412633735629892,0.9902867745479097
3836,training,0.0047785435,0.6804584115743637,0.3287366914429829,26.563472033232976,1.4747904541161851,1.1657388558208488
3837,training,0.0059432886,0.6547484397888184,0.3575474306695061,26.575231747620556,1.5112402353249952,1.3477305388066136
3838,training,0.00521796,0.47780072689056396,0.3575474306695061,26.58075324139226,1.5494994636759953,1.505448848954951
3839,training,0.004304752,0.3255492001771927,0.365541820212008,26.580639971005958,1.5885276656887681,1.6388263080126968
3840,training,0.0043354426,0.2233218252658844,0.365541820212008,26.57595001823659,1.6270553016582672,1.7399283057682242
3841,training,0.008824151,0.12137205153703692,0.36135930602271266,26.56791607204496,1.6655279945899573,1.8078559154327432
3842,training,0.00396019,0.16580919176340103,0.36135930602271266,26.557711057065188,1.7039346603595766,1.8507041974780323
3843,training,0.005880351,0.09248389303684237,0.36135930602271266,26.546009353852497,1.7418949469488259,1.8889842191597757
3844,training,0.0048914375,0.19789550825953484,0.36135930602271266,26.532942360698357,1.7792983367420945,1.9234613523061561
3845,training,0,0.020648522302508354,0.36135930602271266,26.518474744344577,1.8162454979943479,1.9653671400764299
3846,training,0.010509329,0.07986509054899216,0.36135930602271266,26.494985167481346,1.8711607953258393,1.9793677294421554
3847,training,0,0.007883081212639809,0.28361825143701186,26.487000921301664,1.8894762196651713,1.9845078330038364
3848,training,0,0.008034288883209229,0.28361825143701186,26.470814275622207,1.9259591970099432,1.9904159886316029
3849,training,0,0.023629365488886833,0.28361825143701186,26.45452308487054,1.9623030713652856,1.9930090332355255
3850,training,0,0.0335695818066597,0.28361825143701186,26.446319204911394,1.9805405080490444,1.9941457801922537
3851,training,0,0.010973631870001554,0.28361825143701186,26.4298685378289,2.0169162097783975,1.997137005534907
3852,training,0.0053475187,0.052241966128349304,0.28361825143701186,26.404972115427952,2.0713032583994697,2.001076847898254
3853,training,0,0.022121517919003963,0.17939622032081193,26.388303206375742,2.1075236909264343,2.0040138223159683
3854,training,0,0.023255497217178345,0.17939622032081193,26.37988530664732,2.125677452825837,2.0053975879699903
3855,training,0,0.021040163934230804,0.17939622032081193,26.363021139670835,2.1618329328985992,2.0080621254416076
3856,training,0,0.03646741062402725,0.17939622032081193,26.346124080497166,2.198030236836912,2.0053834209610737
3857,training,0,0.011354282032698393,0.17939622032081193,26.329351438865263,2.234285182807702,2.0042152667152355
3858,training,0,0.0047903042286634445,0.17939622032081193,26.312554781173322,2.270532638321702,2.004005609615367
3859,training,0,0.021442057564854622,0.08551513869346748,26.295810256987,2.3068684784251205,2.00068872426172
3860,training,0,0.0053279101848602295,0.08551513869346748,26.279198067973255,2.343163729912554,1.9992904828139242
3861,training,0,0.01546900533139706,0.08551513869346748,26.262637867780292,2.379436924589271,1.999525817843852
3862,training,0,0.013552853837609293,0.08551513869346748,26.245967508277158,2.415736778790895,2.0037379691268424
3863,training,0.011346651,0.06228509172797203,0.08551513869346748,26.220739797350134,2.4700589036785896,2.0035877473424386
3864,training,0,0.0055581312626600266,0.08551513869346748,26.204037111022295,2.506443526668326,1.9972482545235115
3865,training,0,0.040632104501128204,0.013815454831779993,26.195797368758846,2.5246051343464706,1.9967595569755863
3866,training,0.005037484,0.06613393686711788,0.013815454831779993,26.171003376902778,2.5791667911313656,1.9971682633836352
3867,training,0,0.0289277583360672,0.013815454831779993,26.154470895448082,2.6155084447718737,1.9983972169172508
3868,training,0,0.005834784358739853,0.013815454831779993,26.14618721644737,2.6337295997231993,1.9955899437482072
3869,training,0,0.045157759450376034,0.013815454831779993,26.129859521490662,2.6702567641743866,1.9864710434042565
3870,training,0,0.01609370729420334,0.013815454831779993,26.113848070692054,2.706889683555185,1.9798755423361003
3871,training,0,0.005916367750614881,0.04449002284487219,26.09800057351438,2.743657134189989,1.9758969165212286
3872,training,0,0.003389825113117695,0.04449002284487219,26.08231564687776,2.780456261186536,1.9717610506691101
3873,training,0,0.012774105183780195,0.04449002284487219,26.066753057272432,2.8171836903064364,1.9712551044031883
3874,training,0,0.0028682034462690353,0.04449002284487219,26.051172527529452,2.8540160391951854,1.9698613404697078
3875,training,0,0.021587285213172436,0.04449002284487219,26.035683157578895,2.8908096038511206,1.9691649596275966
3876,training,0,0.006042305380105976,0.04449002284487219,26.02014984440367,2.927653528365532,1.9706329232991908
3877,training,0,0.019202470313757658,0.023492697488241045,26.004573718261707,2.964452638726497,1.971566716735196
3878,training,0,0.039618220180273056,0.023492697488241045,25.988950857178757,3.0011336180852015,1.9755796540311095
3879,training,0,0.020511678885668516,0.023492697488241045,25.973129569431325,3.0378211625723206,1.9796709410111852
3880,training,0,0.04713604412972927,0.023492697488241045,25.957178968341598,3.074443763052755,1.983745870209919
3881,training,0,0.024373813532292843,0.023492697488241045,25.941047328885972,3.1109159938458704,1.9907522343778494
3882,training,0,0.039546094834804535,0.023492697488241045,25.924668781171764,3.147306291781248,1.9963698397972554
3883,training,0,0.013745255768299103,0.026336273408209713,25.90806294772729,3.1835836430259756,2.004286538156143
3884,training,0,0.04234927147626877,0.026336273408209713,25.891144218999553,3.2196969758176808,2.0126085205834126
3885,training,0,0.021046748384833332,0.026336273408209713,25.873940066494303,3.2557552040509137,2.019606581191023
3886,training,0.021620631,0.050876885652542114,0.026336273408209713,25.84757864908502,3.3093974694289834,2.035120631934073
3887,training,0,0.0017210058867931435,0.026336273408209713,25.82956510031009,3.3450427664725004,2.042134626874744
3888,training,0,0.009531799703836441,0.026336273408209713,25.82045462682674,3.362841371755348,2.0452810535232158
3889,training,0,0.03546760976314545,0.037278354589660244,25.802120145402082,3.3982059477771953,2.051890900021508
3890,training,0,0.033146030735224485,0.037278354589660244,25.783551164674822,3.433552720272356,2.0573235453124674
3891,training,0,0.006405722349882126,0.037278354589660244,25.764739600230495,3.4688046514528375,2.0655095930296747
3892,training,0,0.029828176833689213,0.037278354589660244,25.74568954479033,3.503757061829416,2.0729598327281225
3893,training,0,0.00651932135224343,0.037278354589660244,25.72631561441454,3.538774039437282,2.0797742339320986
3894,training,0,0.010223893448710445,0.037278354589660244,25.706733660341868,3.5734854777988057,2.088430303925113
3895,training,0,0.02522104419767856,0.05670126784524507,25.686896027328064,3.6080656825728448,2.094165728558646
3896,training,0,0.0011529438197612762,0.05670126784524507,25.666792028230773,3.6427104913263295,2.0995079150622136
3897,training,0,0.025692502036690712,0.05670126784524507,25.64661047242332,3.6770179920766126,2.104259229592416
3898,training,0,0.04605893231928347,0.05670126784524507,25.62621255127696,3.7114288730040794,2.107331750728871
3899,training,0,0.006627339869737629,0.05670126784524507,25.60568965897465,3.7457631185848035,2.1124459666352164
3900,training,0.004150083,0.05630304850637913,0.05670126784524507,25.574645543281044,3.7969228698891273,2.1200435025373294
3901,training,0.017627759,0.06140415370464325,0.05876726998229892,25.54314847500891,3.8478630010031494,2.128915612121862
3902,training,0,0.01914207637310028,0.05876726998229892,25.53257368497547,3.864739611086628,2.1326598076875842
3903,training,0.0034277309,0.056222930550575256,0.05876726998229892,25.511006650755892,3.8984173750082296,2.1504821925202044
3904,training,0.008042974,0.12256449833512306,0.05876726998229892,25.477531198354615,3.9477342205972366,2.1854079903013166
3905,training,0.010740549,0.06710156425833702,0.05876726998229892,25.454098883372744,3.9799922535057912,2.2130272261485815
3906,training,0,0.013602718710899353,0.05876726998229892,25.441974736917697,3.9959957150717464,2.2251781163758313
3907,training,0,0.044520316645503044,0.05876726998229892,25.417584234672262,4.0272732812351535,2.2387261577711923
3908,training,0,0.0032121334224939346,0.037773626735293664,25.392682613147922,4.0585831036027,2.246037582960828
3909,training,0,0.01144048385322094,0.037773626735293664,25.3801538077194,4.074197539468251,2.2471034432248476
3910,training,0,0.027337342035025358,0.037773626735293664,25.35520261473066,4.105220430704759,2.248197746751604
3911,training,0,0.010701538994908333,0.037773626735293664,25.330130723669317,4.136437964109832,2.245619143140053
3912,training,0.008343196,0.07734760083258152,0.037773626735293664,25.292882018117236,4.183452465499767,2.2350725981773807
3913,training,0.0035783073,0.08995561674237251,0.037773626735293664,25.256114812603762,4.231120309766516,2.2193530794213845
3914,training,0.013968282,0.05959800444543362,0.037773626735293664,25.244064264145337,4.2471077600804295,2.2134393875833553
3915,training,0,0.021194957196712494,0.024971100854108787,25.22031796202115,4.279139630723426,2.204840743030336
3916,training,0,0.03663414716720581,0.024971100854108787,25.196535564271674,4.311399143021202,2.210970504493502
3917,training,0,0.024927290156483657,0.024971100854108787,25.184562264645763,4.327396586045906,2.2163882847718033
3918,training,0,0.04759239219129086,0.024971100854108787,25.1611786737487,4.358273719669431,2.219233097264931
3919,training,0,0.02687842317391187,0.024971100854108787,25.136900348229588,4.390139085983036,2.2231536332681587
3920,training,0,0.003250032663345344,0.024971100854108787,25.112642562275468,4.421809775242716,2.226641429513189
3921,training,0,0.03472873568534851,0.024971100854108787,25.08822179659023,4.45329595677447,2.235682173370785
3922,training,0,0.020171383395791054,0.004235364270832231,25.06350477036538,4.483912041320744,2.2550788729477107
3923,training,0,0.011274132877588272,0.004235364270832231,25.040412036365257,4.510594854411795,2.2958447725461655
3924,training,0,0.013182520866394043,0.004235364270832231,25.013798572818647,4.540457129428166,2.2963805436235085
3925,training,0,0.013461833819746964,0.004235364270832231,24.987394871112084,4.570553161536019,2.285899233302241
3926,training,0,0.015401559881865977,0.004235364270832231,24.96131312469376,4.600771756143516,2.2802764037031706
3927,training,0.0030324303,0.058858105912804604,0.004235364270832231,24.922305496991434,4.646547041304198,2.2718655645665824
3928,training,0.008538174,0.060288460925221436,0.004235364270832231,24.89663403687168,4.677050356137082,2.2702632875991213
3929,training,0.009245645,0.09434983506798746,0.013769857321013206,24.870795928199097,4.707712515430037,2.27278649202739
3930,training,0.0051449044,0.07322775572538376,0.013769857321013206,24.844994974684532,4.738111964321968,2.2764950143346296
3931,training,0.0036138243,0.07012173533439636,0.013769857321013206,24.819043336138435,4.768484515140648,2.277591545371229
3932,training,0,0.04810093715786935,0.013769857321013206,24.793048158398243,4.799004155764116,2.273207991065337
3933,training,0,0.04271920397877693,0.013769857321013206,24.780210139610514,4.814207632193018,2.270365522791164
3934,training,0,0.04320311918854712,0.013769857321013206,24.754564140789586,4.844857864369765,2.264227548510153
3935,training,0.0028188196,0.06457081809639931,0.013769857321013206,24.716395690931638,4.891266759031968,2.2538202273067784
3936,training,0,0.04525056481361389,0.024311203931542194,24.691280799041,4.922321057066858,2.2475623323186693
3937,training,0.0066026226,0.08690600097179411,0.024311203931542194,24.66619770612641,4.953711973606601,2.242239940455924
3938,training,0,0.03190168738365174,0.024311203931542194,24.641448528183037,4.984947820152198,2.2402517412468055
3939,training,0,0.011397164314985275,0.024311203931542194,24.616653198367214,5.016400579504003,2.235741878403838
3940,training,0,0.03796010464429856,0.024311203931542194,24.60426554680413,5.032243191317836,2.2333486342137157
3941,training,0,0.009583188220858574,0.024311203931542194,24.579799471633752,5.063720737400813,2.2302478872759566
3942,training,0.004448438,0.08987233042716981,0.024311203931542194,24.543024028873084,5.111262913763761,2.228068685926285
3943,training,0,0.00025162845849990845,0.01644719751568589,24.518702940141356,5.142867624139198,2.22475972713684
3944,training,0,0.03098209761083126,0.01644719751568589,24.506577991238974,5.1587240520231905,2.222247968740951
3945,training,0,0.003684418275952339,0.01644719751568589,24.482314576318338,5.190694479534205,2.2186459245847634
3946,training,0,0.01790084503591061,0.01644719751568589,24.458239471630968,5.222525070061102,2.218646900056545
3947,training,0,0.02253037877380848,0.01644719751568589,24.43411284489531,5.254354839944142,2.220272109456474
3948,training,0,0.04592830501496792,0.01644719751568589,24.409811273569993,5.286281685781293,2.2236138054944914
3949,training,0,0.03599533485248685,0.01644719751568589,24.385578360796675,5.317801816018543,2.228658913567737
3950,training,0,0.04015363845974207,0.0420840435927938,24.36101018129044,5.34940775452174,2.235342878109819
3951,training,0.008591785,0.08563011698424816,0.0420840435927938,24.323843138919216,5.39621267028161,2.2498993567804164
3952,training,0.008600903,0.05874196067452431,0.0420840435927938,24.298565221106138,5.4271539171302505,2.262253428383866
3953,training,0.006780032,0.05871550997835584,0.0420840435927938,24.26002726984078,5.472842332305299,2.281214380228814
3954,training,0,0.031493897549808025,0.0420840435927938,24.246989293724557,5.487905405692317,2.286836229145824
3955,training,0.0053957636,0.0563241932541132,0.0420840435927938,24.220571735165212,5.5179884704508915,2.2955824370538775
3956,training,0,0.032993417233228683,0.0420840435927938,24.19407214848397,5.54770591391762,2.3021685014696507
3957,training,0,0.010850070975720882,0.053169394637983224,24.180739116690297,5.562528001886754,2.3040024365559413
3958,training,0,0.0012181270867586136,0.053169394637983224,24.15389494058232,5.592264792521373,2.30530774628644
3959,training,0,0.012249305844306946,0.053169394637983224,24.127189114739476,5.621871004113875,2.3043988923693233
3960,training,0,0.010341777466237547,0.053169394637983224,24.100430651509992,5.6515316529305935,2.3049913583843455
3961,training,0,0.04264360107481479,0.053169394637983224,24.07361352875863,5.681245048534084,2.304184808336981
3962,training,0,0.028058269992470745,0.053169394637983224,24.04693098176101,5.710841001557293,2.304789795820236
3963,training,0,0.011135484324768186,0.053169394637983224,24.020090669994914,5.740555247436932,2.3058463321709666
3964,training,0.022659628,0.06350931711494923,0.047985897265108685,23.979955135469677,5.784923239779738,2.3071033060906183
3965,training,0.067543864,0.08562160842120647,0.047985897265108685,23.953047137585006,5.8145408601661375,2.309399903545458
3966,training,0.005669579,0.050202298909425735,0.047985897265108685,23.912695728415407,5.858687646482074,2.314046562456684
3967,training,0.019947633,0.09703171066939834,0.047985897265108685,23.88558084902456,5.888067656835478,2.318040081609134
3968,training,0.011912136,0.11291146092116833,0.047985897265108685,23.858375882167362,5.917405635204957,2.317650476088399
3969,training,0.0061475057,0.0808483101427555,0.047985897265108685,23.831239011179246,5.946615212802074,2.321570652234707
3970,training,0.00863266,0.09898518584668636,0.025335802622749336,23.803878417317524,5.975801856454985,2.3259989024102863
3971,training,0.008863606,0.11854434013366699,0.025335802622749336,23.776495100803693,6.004771341646987,2.3303990216653596
3972,training,0.0050141644,0.13676135428249836,0.025335802622749336,23.762746017448563,6.019206726869657,2.332743558147923
3973,training,0.0038083883,0.16429596953094006,0.025335802622749336,23.73507901105803,6.04812076389488,2.3347106499269827
3974,training,0.026515814,0.147741561755538,0.025335802622749336,23.707469679216477,6.076947484131555,2.3346234187924515
3975,training,0.0073517244,0.15186538547277448,0.025335802622749336,23.679828069980417,6.10574042926161,2.336813944509891
3976,training,0.0033515703,0.1477164328098297,0.025335802622749336,23.65209389998811,6.134535820574877,2.336967535073144
3977,training,0.010478586,0.2101949378848076,0.025335802622749336,23.624436482581803,6.163291431751351,2.336472356597876
3978,training,0.006651151,0.14314986579120162,0.01826852889013234,23.596689596828508,6.192124395446023,2.337389193019888
3979,training,0.008941293,0.1696742456406355,0.01826852889013234,23.568986449242914,6.220902017664251,2.336672717142898
3980,training,0.017121153,0.2407666146755218,0.01826852889013234,23.541290707763434,6.2495862283308075,2.3407583518297828
3981,training,0.014891723,0.21090637892484665,0.01826852889013234,23.51337658054991,6.278140299086872,2.348717874075552
3982,training,0.002407398,0.16668132692575455,0.01826852889013234,23.485242822715815,6.3063601449240325,2.361399855788015
3983,training,0.004855778,0.13537584990262988,0.01826852889013234,23.45668124987457,6.334150626165818,2.379103910888471
3984,training,0.013007669,0.12328583747148517,0.01826852889013234,23.42767555829153,6.361362869409551,2.396940457939128
3985,training,0.002745939,0.1920726299285888,0.01826852889013234,23.398113361076476,6.388070505381995,2.417220525845507
3986,training,0.0010855022,0.13544950634241104,0.12560649722248354,23.368084756393266,6.414112692887251,2.435686257328417
3987,training,0.0032958048,0.18846049904823298,0.12560649722248354,23.33748983106397,6.439514288066347,2.467968613207848
3988,training,0.008328545,0.1838013231754303,0.12560649722248354,23.305936863360674,6.463442599730448,2.518772908293079
3989,training,0.0036746108,0.1467731520533562,0.12560649722248354,23.273367186265038,6.485753534537518,2.5621874473995723
3990,training,0.0020595128,0.16594762168824673,0.12560649722248354,23.239624086036432,6.507044829889402,2.5943136563463485
3991,training,0.0016037899,0.14593873359262943,0.12560649722248354,23.205472120030635,6.527095006170422,2.6284745708960373
3992,training,0.0074318964,0.13361426815390587,0.13554047826030274,23.17057014972743,6.5461361499781,2.6544195735371736
3993,training,0.010126182,0.10567568987607956,0.13554047826030274,23.117379286887644,6.573301177849818,2.683360546981575
3994,training,0.0068628574,0.13741441071033478,0.13554047826030274,23.063404739941202,6.598967429651132,2.710063138893472
3995,training,0.0037349872,0.1341097615659237,0.13554047826030274,23.008887245544788,6.623374763924036,2.7321356550816307
3996,training,0.05630531,0.12414613040164113,0.13554047826030274,22.972202594377325,6.639090831810374,2.739732504032592
3997,training,0.006718044,0.15349317342042923,0.11888218433713289,22.917048703272364,6.662419723966575,2.741238302421906
3998,training,0.0038135834,0.12012874335050583,0.11888218433713289,22.86188140426808,6.685534950281188,2.7504338889946367
3999,training,0,0.016229011118412018,0.11888218433713289,22.824867356670538,6.700627449285157,2.757476430153432
4000,training,0,0.03470952808856964,0.11888218433713289,22.787809419370095,6.715592565264461,2.7552463957641486
4001,training,0,0.03132723085582256,0.11888218433713289,22.750941622905547,6.730665404953876,2.752478548664442
4002,training,0,0.00104119814932346,0.0862696792244377,22.7324192009347,6.738293931345786,2.747815135526645
4003,training,0,0.025353634729981422,0.0862696792244377,22.695524574508305,6.7538111286899625,2.740822759716402
4004,training,0,0.03933867253363131,0.0862696792244377,22.658816941579232,6.769457053636932,2.737243345257805
4005,training,0,0.010748961940407746,0.0862696792244377,22.622214803904885,6.785175766409861,2.731720112395857
4006,training,0,0.03635520488023758,0.0862696792244377,22.585594561167404,6.801299827606096,2.72245784143205
4007,training,0.027687507,0.07200348004698753,0.0862696792244377,22.530924627681273,6.825865019642951,2.7188349609505726
4008,training,0,0.010529819875955582,0.05381219858928116,22.494449899580946,6.842165736518823,2.7246469862504434
4009,training,0,0.019196074455976486,0.05381219858928116,22.476215625730156,6.850253841303714,2.7220025709346922
4010,training,0,0.016898560686968267,0.05381219858928116,22.439748012674603,6.8666829594428895,2.7150039736087823
4011,training,0,0.03397030010819435,0.05381219858928116,22.403337358833966,6.8833102868579195,2.7126538665188478
4012,training,0,0.012009091675281525,0.05381219858928116,22.367029377972276,6.900030286984922,2.7046517107584145
4013,training,0,0.001942919567227367,0.05381219858928116,22.330888990718137,6.917114632969929,2.6960473111533774
4014,training,0.0062604975,0.05279631167650224,0.03252462642266499,22.27684318611888,6.943251415393762,2.6860914658403092
4015,training,0,0.016759479418396953,0.03252462642266499,22.241026570037324,6.960875574969152,2.6828804415366805
4016,training,0,0.041669776663184166,0.03252462642266499,22.20515848394286,6.978624530766623,2.680509207309456
4017,training,0.042155825,0.06369912810623646,0.03252462642266499,22.16943236132355,6.996391249834439,2.6801576281873523
4018,training,0.005128269,0.05288088507950306,0.03252462642266499,22.13363166359555,7.014123306040629,2.6837804646413694
4019,training,0.0047894893,0.11075364053249359,0.03252462642266499,22.06191577201278,7.049128340257071,2.6919330690051795
4020,training,0,0.03997890464961529,0.018612325328544434,22.025851846559632,7.066397616824536,2.6983970050298773
4021,training,0.0014133183,0.08098215237259865,0.018612325328544434,21.9897730260711,7.083411655593354,2.703041935688681
4022,training,0,0.04591643065214157,0.018612325328544434,21.971726140996957,7.091839985465593,2.705694090250749
4023,training,0,0.02014664560556411,0.018612325328544434,21.935441953749606,7.108670872062703,2.7069762946539213
4024,training,0.0049175047,0.07087574526667595,0.018612325328544434,21.899245365971233,7.12558432870795,2.7019731286886186
4025,training,0.017530788,0.0668497569859028,0.008087041571710836,21.863126336235595,7.142638585266568,2.6981947867152543
4026,training,0.0024489642,0.11224394664168356,0.008087041571710836,21.82702145736869,7.159874942738124,2.6938994141567396
4027,training,0.0038312306,0.07793298363685608,0.008087041571710836,21.773049285893677,7.1858544332745105,2.6936085432029144
4028,training,0.0058220704,0.16503460705280304,0.008087041571710836,21.737014777439697,7.203114422372318,2.6956721660631207
4029,training,0.007609564,0.23648354411125183,0.008087041571710836,21.700837455718627,7.220228987572923,2.7077069685128974
4030,training,0.0028868758,0.19238533824682236,0.008087041571710836,21.646350369852286,7.244583867556392,2.7335808542873092
4031,training,0.016713,0.22914153337478638,0.02188273916927231,21.609593780583396,7.26013925744805,2.748695661533778
4032,training,0.001528239,0.188316086307168,0.02188273916927231,21.59117761618969,7.267683597882991,2.755933182046227
4033,training,0.013487902,0.22991709224879742,0.02188273916927231,21.554109460436763,7.282525276756577,2.762785575906236
4034,training,0.003702411,0.176183981820941,0.02188273916927231,21.516929834542243,7.297363439890718,2.7592142336023113
4035,training,0.0042072227,0.1624211147427559,0.02188273916927231,21.479859280828713,7.312397322479759,2.7526791057962385
4036,training,0.0046629757,0.12769852206110957,0.02188273916927231,21.46139525195392,7.320005965253774,2.747776720198752
4037,training,0.007931601,0.1304285638034344,0.05785062077339709,21.42448509546361,7.335600029961142,2.73555848135156
4038,training,0.012219367,0.15963580459356308,0.05785062077339709,21.387799227172113,7.3515883352128055,2.7264067009253337
4039,training,0.029245444,0.08846846967935562,0.05785062077339709,21.36948649919385,7.359699443771021,2.7228396563460753
4040,training,0.005469883,0.12228372693061826,0.05785062077339709,21.333029108283753,7.376095193362378,2.7154047178911647
4041,training,0.008388342,0.15389249473810196,0.05785062077339709,21.296681751549475,7.3927067924165115,2.7100775333073392
4042,training,0.007660028,0.14390293508768082,0.05785062077339709,21.26041374873029,7.409512822374147,2.7043032245635064
4043,training,0.005094141,0.18377452716231343,0.05785062077339709,21.22423945508428,7.426540172096122,2.699370950744479
4044,training,0.0026634524,0.13119851239025593,0.07970004940650227,21.18810232629883,7.443724370893937,2.6958308963755324
4045,training,0.001468786,0.24497726559638971,0.07970004940650227,21.152101422187098,7.461033033238784,2.6906795889933033
4046,training,0.0057153935,0.18025451712310314,0.07970004940650227,21.116188633868706,7.478487578053478,2.6876364494622704
4047,training,0.0058170725,0.1251588575541973,0.07970004940650227,21.080231707572892,7.496079750116614,2.6849180531884547
4048,training,0.0055261077,0.20222358964383602,0.07970004940650227,21.044422814983864,7.513761154681614,2.6812147169505183
4049,training,0.004856784,0.16993130929768085,0.07970004940650227,21.00863856959124,7.531520727127306,2.680589672420905
4050,training,0.009987277,0.140287421643734,0.09526351182517259,20.972846921571403,7.549314453322196,2.679010756069493
4051,training,0.010564894,0.18617068044841292,0.09526351182517259,20.93713607405002,7.567145683154079,2.6779653800770324
4052,training,0.0034257835,0.14959015138447285,0.09526351182517259,20.901334632097058,7.585069378592598,2.6762232587770747
4053,training,0.0009750416,0.13316506519913676,0.09526351182517259,20.86566417476074,7.60309005540621,2.670843852630981
4054,training,0.008426225,0.19526642560958862,0.09526351182517259,20.830108867300066,7.62124265389881,2.668062002417017
4055,training,0.0008885868,0.1635060850530863,0.09526351182517259,20.794528871829336,7.639512334185465,2.6662705691068056
4056,training,0.005275608,0.18410737439990044,0.10992242565041828,20.759036196853963,7.657749335446953,2.668128647366346
4057,training,0.0044689425,0.23248835653066635,0.10992242565041828,20.72346088439906,7.676398443487721,2.6435818071014063
4058,training,0.013013983,0.284987136721611,0.10992242565041828,20.688429523080245,7.696324985554019,2.6036461454580646
4059,training,0.00518315,0.11055729910731316,0.10992242565041828,20.654378802927216,7.717617956442037,2.5602646672685947
4060,training,0.00071638066,0.12249324843287468,0.10992242565041828,20.62094715737052,7.740127162962841,2.539107968949787
4061,training,0.02137824,0.09475161135196686,0.10992242565041828,20.588211212695008,7.763071531939575,2.5233519807574423
4062,training,0.012178755,0.10858084633946419,0.11039887697631535,20.555725619783686,7.786387623377176,2.5176288450874664
4063,training,0.011545448,0.1359185427427292,0.11039887697631535,20.507035057093997,7.8215126983216505,2.514123581739281
4064,training,0,0.043445710092782974,0.11039887697631535,20.490901878019407,7.833251026298993,2.5096400515790362
4065,training,0.013048278,0.09339601546525955,0.11039887697631535,20.442589497332882,7.869094312891602,2.502138418795679
4066,training,0.0014951985,0.08031974174082279,0.11039887697631535,20.426587447891038,7.88100037311942,2.500187750215395
4067,training,0.0017700894,0.10742928273975849,0.11039887697631535,20.394657199011462,7.904946253893389,2.498423481502252
4068,training,0.0021588434,0.1122888345271349,0.11039887697631535,20.36252171939958,7.92895422967967,2.5021827682041082
4069,training,0,0.038467392325401306,0.07537499893895132,20.33054312230465,7.952603792648261,2.506640211400642
4070,training,0.0043864176,0.08974018320441246,0.07537499893895132,20.298273039824995,7.97615198067575,2.5178137832261585
4071,training,0.0027635114,0.06301987171173096,0.07537499893895132,20.26571122949433,7.999377118683058,2.5240225295082372
4072,training,0,0.04634594917297362,0.07537499893895132,20.233194717463153,8.022368646245917,2.5293055537155054
4073,training,0.004350855,0.1027306905016303,0.07537499893895132,20.200276853624878,8.045204658599712,2.542167709799028
4074,training,0.0031780126,0.08180029131472111,0.07537499893895132,20.150694085145687,8.078547017853333,2.5528582047465167
4075,training,0.0025958428,0.05402012914419174,0.04174047857541107,20.117306129126,8.100728057845211,2.5582860076282334
4076,training,0.07337322,0.06021097674965858,0.04174047857541107,20.06727958706363,8.133089707600597,2.5816401914300218
4077,training,0,0.024712245911359794,0.04174047857541107,20.050336376330346,8.143595101268769,2.591138760167347
4078,training,0.009097306,0.06179795414209366,0.04174047857541107,19.998952315634927,8.174340009621021,2.6129023466842023
4079,training,0,0.027918543666601184,0.04174047857541107,19.98175796833955,8.184304785660057,2.6193466355290456
4080,training,0,0.01207500696182251,0.04174047857541107,19.964436613474398,8.194202907290226,2.625193827710871
4081,training,0.011882421,0.060732683166861534,0.04174047857541107,19.92956127628229,8.213779772660555,2.634597562472336
4082,training,0,0.0394514724612236,0.018947283061798017,19.89470433226398,8.232952652462492,2.641276536503344
4083,training,0.0062309923,0.07133079878985882,0.018947283061798017,19.842054975409063,8.261894965555435,2.632930577169065
4084,training,0,0.022878259420394897,0.018947283061798017,19.807336618275027,8.281473736491918,2.6224359348536566
4085,training,0,0.04366560641210526,0.018947283061798017,19.79000422809796,8.291443098290333,2.616943799871652
4086,training,0.004423118,0.05979973264038563,0.018947283061798017,19.755322675800482,8.311736760560464,2.6073897680781237
4087,training,0,0.025126818101853132,0.018947283061798017,19.721082264571493,8.332173597844395,2.600319484350751
4088,training,0,0.006735999137163166,0.012792399497418613,19.70399128298151,8.342443600218331,2.60142051087304
4089,training,0,0.024406082928180695,0.012792399497418613,19.66957401370328,8.362983139714743,2.6059886653224527
4090,training,0,0.03482952155172824,0.012792399497418613,19.63525515505564,8.383255387602814,2.609841346952127
4091,training,0,0.028644617646932602,0.012792399497418613,19.600796967262173,8.403421789929734,2.61379372950307
4092,training,0,0.035257114097476006,0.012792399497418613,19.56616832517026,8.423574740941973,2.6138174918684856
4093,training,0.016869858,0.061598336324095726,0.012792399497418613,19.5144739621887,8.453744929692311,2.6124418011635333
4094,training,0,0.008565977215766907,0.005631795153788958,19.479882356409426,8.473982273589739,2.6119652844494303
4095,training,0,0.03113412018865347,0.005631795153788958,19.46263861220677,8.484061034223524,2.6134494672530564
4096,training,0,0.00243440642952919,0.005631795153788958,19.428145624354975,8.503966361092688,2.622899397804958
4097,training,0,0.027614250779151917,0.005631795153788958,19.39330470012516,8.523646482411719,2.631453426185972
4098,training,0,0.008570682257413864,0.005631795153788958,19.358487810064357,8.54294507080507,2.6393977967815947
4099,training,0,0.023180373013019565,0.005631795153788958,19.32338681319132,8.562020634770048,2.6484189721750617
4100,training,0,0.012200523167848587,0.018997406604168522,19.288147037831326,8.580785057021746,2.6557064523370486
4101,training,0,0.04270588047802448,0.018997406604168522,19.252849831378825,8.599226825760603,2.663872832212586
4102,training,0,0.0014824997633695602,0.018997406604168522,19.217275484850784,8.61749355888641,2.669443198722026
4103,training,0,0.019713342189788822,0.018997406604168522,19.18173055203371,8.635599008861787,2.67067753751915
4104,training,0,0.0011338177137076855,0.018997406604168522,19.146110411804873,8.653709789824651,2.671318317293997
4105,training,0,0.03443838469684124,0.018997406604168522,19.110479164434174,8.671840087573639,2.669398652230731
4106,training,0,0.005600215867161751,0.017048180740741613,19.074950393048802,8.690010346968663,2.6682682368457313
4107,training,0,0.022463833913207054,0.017048180740741613,19.039315573113683,8.708270096185847,2.667562210700269
4108,training,0,0.015633521601557728,0.017048180740741613,19.003810060920255,8.726536978914954,2.665123829198061
4109,training,0,0.02630207128822803,0.017048180740741613,18.96834289180326,8.74482736693504,2.6659570574830944
4110,training,0,0.013205641880631447,0.017048180740741613,18.932786695475695,8.763109914131302,2.6666507874715935
4111,training,0,0.015843665227293968,0.017048180740741613,18.897279098456405,8.781330785163686,2.668607138816289
4112,training,0,0.03913356363773346,0.02093120250011393,18.86165106072467,8.799481192906619,2.6723002469385713
4113,training,0,0.019502433016896248,0.02093120250011393,18.826024076245055,8.81749871070352,2.6739477523782367
4114,training,0,0.01562386006116867,0.02093120250011393,18.790394969994566,8.835399698792518,2.6781634445804214
4115,training,0,0.005094543099403381,0.02093120250011393,18.754612879511754,8.853179721772799,2.6815932513539114
4116,training,0,0.008228967431932688,0.02093120250011393,18.718817267356904,8.870862387574737,2.683818716240997
4117,training,0,0.0018840465345419943,0.02093120250011393,18.682951766146882,8.888463037869515,2.686360559180285
4118,training,0,0.03356575779616833,0.01900234589620882,18.647073196359607,8.906018340001301,2.6857073115659724
4119,training,0,0.015968482941389084,0.01900234589620882,18.61122770133921,8.92358500158622,2.6862242651959862
4120,training,0,0.005023020785301924,0.01900234589620882,18.575283556834457,8.941158396527301,2.6867037031855956
4121,training,0,0.020413117483258247,0.01900234589620882,18.53942588937824,8.958734929240538,2.6849301491329247
4122,training,0,0.009836483281105757,0.01900234589620882,18.50358930409381,8.976320940041363,2.685720838964211
4123,training,0,0.029863817617297173,0.01900234589620882,18.46772731392395,8.993889425587179,2.6855716569563146
4124,training,0,0.01629287749528885,0.018970849707841447,18.431867562579058,9.011453787951856,2.6870671418967977
4125,training,0,0.03189202584326267,0.018970849707841447,18.395915271619298,9.028957318444524,2.689618740905047
4126,training,0,0.02068811096251011,0.018970849707841447,18.360002876336505,9.046393827525076,2.688842692153341
4127,training,0,0.025395745411515236,0.018970849707841447,18.324103094737648,9.063835742147797,2.6896229272816936
4128,training,0,0.040299141779541976,0.018970849707841447,18.288158590132618,9.081264005367707,2.6896847567117224
4129,training,0,0.04234890080988407,0.018970849707841447,18.252212426272695,9.098703304570233,2.690321334445773
4130,training,0,0.008901342749595646,0.023741749069653647,18.21623176052827,9.116074947204432,2.6935204132850905
4131,training,0,0.029872804880142205,0.023741749069653647,18.18024817245471,9.1333195209697,2.695257457456922
4132,training,0.0011699559,0.05018356628715992,0.023741749069653647,18.144214786322976,9.150481124766129,2.69932083467162
4133,training,0,0.04139432311058043,0.023741749069653647,18.108077259378387,9.167470347110829,2.7046310060364713
4134,training,0.0036686389,0.07226670533418655,0.023741749069653647,18.071863604570304,9.184270660564152,2.709892705360796
4135,training,0,0.004041258245706558,0.023741749069653647,18.035573429472056,9.20081069621659,2.718650920717466
4136,training,0,0.015654265880584717,0.01785604569571556,17.999176111042928,9.21700032732431,2.72666704392064
4137,training,0,0.042300183326005936,0.01785604569571556,17.962559330865627,9.232937437908609,2.7357139714397616
4138,training,0.034874424,0.07661142945289612,0.01785604569571556,17.907484576790022,9.256144967121129,2.7479386563490915
4139,training,0,0.04496106877923012,0.01785604569571556,17.87050066596119,9.271355239871012,2.755028754509793
4140,training,0,0.017907842993736267,0.01785604569571556,17.852015929780855,9.278832467189389,2.759393396179461
4141,training,0,0.035059865564107895,0.01785604569571556,17.815031879816257,9.293553020713206,2.764928704910928
4142,training,0,0.03666313365101814,0.01747622587068317,17.777787002023203,9.30817622550707,2.770106915894558
4143,training,0.0058417246,0.05190720036625861,0.01747622587068317,17.703313223965193,9.336585592165674,2.7830750107521633
4144,training,0,0.015821218490600586,0.01747622587068317,17.66579542425371,9.350500600796318,2.79073153305968
4145,training,0,0.007221277803182602,0.01747622587068317,17.647057003038817,9.357298947351016,2.7960028189056034
4146,training,0,0.04036276787519455,0.01747622587068317,17.62838413913825,9.363966074384145,2.8011863040482656
4147,training,0.0042831386,0.09299854189157486,0.01747622587068317,17.571673472727355,9.383442959766507,2.8216629852358373
4148,training,0,0.005140184424817562,0.02847851155315974,17.533864990073603,9.395619809531672,2.8375419304607377
4149,training,0,0.026703977957367897,0.02847851155315974,17.514827811941945,9.401567008204712,2.838370549897004
4150,training,0.006062207,0.061644719913601875,0.02847851155315974,17.45746772013139,9.419616448625638,2.833611839091977
4151,training,0.028782014,0.16212593019008636,0.02847851155315974,17.41952982141487,9.431864586450859,2.8239076044007825
4152,training,0.010642559,0.2210845910012722,0.02847851155315974,17.362516465504456,9.451582387585022,2.7897239103314084
4153,training,0.0019951265,0.13223228603601456,0.03663274959589034,17.325073377241647,9.465938181831428,2.7596479838719095
4154,training,0.0024587791,0.06305950134992601,0.03663274959589034,17.28793127005571,9.481396618101211,2.740144946433821
4155,training,0,0.04668659344315529,0.03663274959589034,17.269543564973326,9.489244188000338,2.736618755358745
4156,training,0.0035201474,0.05412075668573378,0.03663274959589034,17.232879683835627,9.504749840410083,2.7444595734707624
4157,training,0.0055626817,0.06214256584644319,0.03663274959589034,17.195957339527393,9.52010129744551,2.750439750330552
4158,training,0.0066752546,0.06561195477843286,0.03663274959589034,17.140585913186793,9.542610101577166,2.7587482958091596
4159,training,0.002696557,0.06886552646756174,0.06679983859751383,17.084882147374707,9.564803478024173,2.767483457839885
4160,training,0.008531049,0.061535231769084944,0.06679983859751383,17.04778089010612,9.579244995807052,2.771063179015374
4161,training,0,0.021277099847793565,0.06679983859751383,17.029179392401023,9.586456193044489,2.7731300356963766
4162,training,0,0.008991550654172897,0.06679983859751383,16.99178675741014,9.60068135564235,2.784081050072522
4163,training,0,0.0171361081302166,0.06679983859751383,16.973092005039994,9.60759247968869,2.7906019728708835
4164,training,0.012944441,0.06177488900721073,0.06679983859751383,16.935668843895066,9.621109416054399,2.798541094696033
4165,training,0.010283815,0.0626036487519741,0.06992834779087222,16.89790217343005,9.634456115173826,2.8047633885014314
4166,training,0.0028626635,0.07888278923928738,0.06992834779087222,16.860195607367626,9.64753626527683,2.808044545775125
4167,training,0.026509382,0.13020536676049232,0.06992834779087222,16.82242248411521,9.660722542285983,2.8004446207119633
4168,training,0.0028796978,0.15487051755189896,0.06992834779087222,16.78468623669842,9.674440904316231,2.784184453000602
4169,training,0.0042515257,0.0630997009575367,0.06992834779087222,16.72885984309242,9.696030289609338,2.7634472194124373
4170,training,0.013523241,0.06935521960258484,0.06992834779087222,16.691677728752207,9.710877755619492,2.762973183505232
4171,training,0.009472329,0.10768158733844757,0.09025761713645726,16.673125842725746,9.718222335939076,2.7656868645544117
4172,training,0.0022637348,0.14753760583698752,0.09025761713645726,16.636049419859162,9.73280493515565,2.766837068459078
4173,training,0.0071633207,0.12232765927910803,0.09025761713645726,16.598789249655905,9.747514724726338,2.7632267244650395
4174,training,0.0026445347,0.14861790090799332,0.09025761713645726,16.56173666128895,9.7623460669634,2.756950239028653
4175,training,0.022521194,0.13505441695451736,0.09025761713645726,16.524662967181488,9.777510154781076,2.7502413860665578
4176,training,0.0016199548,0.11339534632861614,0.09025761713645726,16.48770906627794,9.792803414507969,2.748831098701003
4177,training,0.0053851875,0.10925300978124142,0.09025761713645726,16.450914682787385,9.808050290484703,2.748239355643028
4178,training,0.0023290804,0.12348628975450993,0.08223770659575731,16.432418697025838,9.815720058729234,2.7487934178726223
4179,training,0.0051842313,0.16133118979632854,0.08223770659575731,16.395477894913707,9.83095758776642,2.752344143553204
4180,training,0.002966579,0.18900118768215177,0.08223770659575731,16.340078589685827,9.853564613805307,2.7550878172622038
4181,training,0.025197048,0.14840122684836388,0.08223770659575731,16.303018115891213,9.868535258123233,2.7611073616291457
4182,training,0.03590267,0.12230529449880123,0.08223770659575731,16.284520550254,9.875883878487523,2.7647597143900775
4183,training,0.005538383,0.12222696840763092,0.08223770659575731,16.247419132757024,9.890425126363082,2.772255937206856
4184,training,0.0055401823,0.10524922609329221,0.0884046764532072,16.210047935268797,9.904660132857561,2.7841197158649384
4185,training,0.008384757,0.050389163196086884,0.0884046764532072,16.17276328161679,9.918280166882083,2.79835094975845
4186,training,0,0.022340163588523865,0.0884046764532072,16.13504947196434,9.931410031553451,2.8156924104206156
4187,training,0,0.003970444202423096,0.0884046764532072,16.097164030888518,9.943747432934279,2.839283668557834
4188,training,0,0.014039546251297025,0.0884046764532072,16.059145566055985,9.955051389037088,2.866313126441192
4189,training,0,0.0013110339641571045,0.0884046764532072,16.020525061884705,9.965417188398426,2.8920380795403764
4190,training,0,0.03445233404636382,0.10477846388670778,15.98196510199651,9.974767001631792,2.916195286404578
4191,training,0,0.03305433690547943,0.10477846388670778,15.943049805418172,9.983185145083693,2.9403956730474485
4192,training,0,0.02254757285118103,0.10477846388670778,15.903774872918456,9.990781599027054,2.9587283171425813
4193,training,0,0.018115632236003876,0.10477846388670778,15.86464012740397,9.997701950337584,2.9744209611486285
4194,training,0,0.023158039897680283,0.10477846388670778,15.825161654224841,10.004050185851302,2.989572736079664
4195,training,0,0.04390304908156395,0.10477846388670778,15.785753789434006,10.00988499087785,2.997638629152405
4196,training,0,0.03892697114497423,0.06869735651032968,15.746218091019966,10.01553153010249,2.9997721106121484
4197,training,0,0.0354799497872591,0.06869735651032968,15.706621218021105,10.021228894222112,2.9963228275601956
4198,training,0,0.04003208875656128,0.06869735651032968,15.66712600221507,10.027067311564002,2.993434766282428
4199,training,0,0.03715498931705952,0.06869735651032968,15.627497509387732,10.033046522085009,2.9889193521136352
4200,training,0,0.04507153667509556,0.06869735651032968,15.588022951365561,10.03927841967619,2.981258486458534
4201,training,0,0.021227361634373665,0.06869735651032968,15.548618090981314,10.045734864151216,2.977188974737461
4202,training,0,0.013539878651499752,0.04531246027260053,15.50910278028961,10.052350207545114,2.9738864794710085
4203,training,0,0.029060206841677427,0.04531246027260053,15.469746494992107,10.059034597282418,2.9741237522986412
4204,training,0.0035940062,0.07588198035955429,0.04531246027260053,15.410554945668203,10.068830309707229,2.9809433247161423
4205,training,0,0.04369112104177475,0.04531246027260053,15.371194728766605,10.075144665811425,2.983690540792984
4206,training,0,0.010983329266309738,0.04531246027260053,15.331691453685805,10.081478110605689,2.9789811836390054
4207,training,0,0.0019767358899116655,0.04531246027260053,15.311881111502093,10.084768621598716,2.9746133520629887
4208,training,0,0.042067274451255805,0.06053735740652495,15.272521230081832,10.091641061577638,2.9617841749174785
4209,training,0.0042882264,0.07658693939447403,0.06053735740652495,15.21340802229437,10.103068498345767,2.938218675826179
4210,training,0.0068613817,0.08444361854344606,0.06053735740652495,15.15478701648171,10.116035890614656,2.9093277954167855
4211,training,0,0.029876688960939646,0.06053735740652495,15.135277244511467,10.120740511322758,2.9003392795506535
4212,training,0,0.021987434476614,0.06053735740652495,15.096269775307224,10.130597218566422,2.8902785789907317
4213,training,0,0.030005071312189102,0.06053735740652495,15.057720951292046,10.140541757141412,2.8897190564987176
4214,training,0,0.007948722690343857,0.078448451473314,15.038360282280898,10.145512077078706,2.8905240972101423
4215,training,0,0.01740482822060585,0.078448451473314,14.999472262930045,10.155463099137362,2.8918825927817418
4216,training,0,0.030159093439579007,0.078448451473314,14.960884933973766,10.165269505482497,2.8938706216500174
4217,training,0,0.011506449431180954,0.078448451473314,14.922075191360534,10.175036792056376,2.895460302885393
4218,training,0,0.0050260294228792225,0.078448451473314,14.883253829003818,10.184819930058467,2.892341679111195
4219,training,0,0.029227454215288162,0.078448451473314,14.844616878410628,10.194760894153411,2.8872281252693943
4220,training,0,0.015857007354497923,0.0496298406038994,14.805758230669175,10.20498030687513,2.8808849146866713
4221,training,0,0.029407139867544174,0.0496298406038994,14.76722235724814,10.215450931171485,2.8707713917395226
4222,training,0,0.04344833642244339,0.0496298406038994,14.728681243837922,10.22643235943018,2.855932706487234
4223,training,0,0.042899407446384444,0.0496298406038994,14.690160530993378,10.23811556606711,2.837515384196688
4224,training,0.0040925737,0.06902337819337845,0.0496298406038994,14.633172173737483,10.25710626311821,2.800356877436578
4225,training,0.0735202,0.0807998850941658,0.05432702611458147,14.576745812202699,10.278376390438677,2.761413890673683
4226,training,0,0.03777302801609039,0.05432702611458147,14.558258276422942,10.285912461546966,2.747797257429632
4227,training,0,0.005427487194538103,0.05432702611458147,14.539758128135125,10.293727631537452,2.737067946376133
4228,training,0,0.028928719460964203,0.05432702611458147,14.50300651542078,10.309767224373807,2.723214170934813
4229,training,0,0.01629249006509781,0.05432702611458147,14.466478421222792,10.326319042496504,2.706979622758644
4230,training,0.014247134,0.15203389525413513,0.05432702611458147,14.41233334478262,10.35265232255503,2.6698522536095552
4231,training,0.013137024,0.08092240244150162,0.05432702611458147,14.376712031413495,10.371514801677364,2.6380266609426086
4232,training,0.0045806714,0.09678148478269577,0.11692152471533607,14.324800584241677,10.402023657022923,2.5823422057037275
4233,training,0.012257317,0.08014116063714027,0.11692152471533607,14.274127067391113,10.434632088867444,2.5596935713416453
4234,training,0.0045714555,0.09466999024152756,0.11692152471533607,14.24095490443366,10.456788986529403,2.5465193825101293
4235,training,0.008145321,0.0874042771756649,0.11692152471533607,14.191354221973706,10.491037067680416,2.5274558777632326
4236,training,0.0018635599,0.09217484202235937,0.12236152340340435,14.158897247128163,10.514158210660561,2.519715970273945
4237,training,0,0.04851259291172026,0.12236152340340435,14.14266869126818,10.525815924496541,2.5175168763435427
4238,training,0.0052418737,0.1009724847972393,0.12236152340340435,14.078027116380435,10.573203671505915,2.4944046500554684
4239,training,0.00025805834,0.07794526591897011,0.12236152340340435,14.046204193942094,10.597536470869311,2.4834996758294863
4240,training,0,0.03316722437739373,0.12236152340340435,14.014561950128531,10.622228536084076,2.4750429011793837
4241,training,0,0.01893597468733788,0.12236152340340435,13.998944223740049,10.634564775375505,2.4706416280119354
4242,training,0.0009106739,0.06805206462740897,0.12236152340340435,13.952061860971702,10.672147196108018,2.461840752858477
4243,training,0.008624229,0.07357442937791348,0.08916340774501544,13.921171992198309,10.697356685923552,2.4502549607501733
4244,training,0.0026628508,0.08791841939091682,0.08916340774501544,13.890493909334738,10.722974168228852,2.443457197905158
4245,training,0.010205944,0.09505435824394226,0.08916340774501544,13.859841165317471,10.748817373366563,2.438570375681653
4246,training,0.0050746193,0.11186059564352036,0.08916340774501544,13.844634564840245,10.76173641404813,2.435164863725918
4247,training,0.0026387156,0.06658488139510155,0.08916340774501544,13.81435159949033,10.787846378298472,2.423576999226477
4248,training,0,0.011982083320617676,0.08916340774501544,13.79925867727304,10.801111697695601,2.418184110714856
4249,training,0,0.02230756171047688,0.08916340774501544,13.784265120035897,10.814380707786436,2.416751248676534
4250,training,0,0.011511077638715506,0.08916340774501544,13.754393423006906,10.840841820363353,2.4144543347813743
4251,training,0,0.020994513761252165,0.04378078042447637,13.739475172340935,10.854143869504844,2.4127216435223153
4252,training,0,0.046059321612119675,0.04378078042447637,13.709594991332644,10.880788490707962,2.4153965650910543
4253,training,0,0.008504357188940045,0.04378078042447637,13.679756245207274,10.907142564110096,2.419824187860851
4254,training,0,0.012721173465251916,0.04378078042447637,13.664769026538933,10.920335116077569,2.4188717952620014
4255,training,0.002129362,0.07140425220131874,0.04378078042447637,13.619878846855734,10.960315070648218,2.4073718886207667
4256,training,0.004374096,0.08841241151094437,0.04378078042447637,13.590389014978083,10.98729701562822,2.3920379238263307
4257,training,0,0.017307261005043983,0.04378078042447637,13.561226043140197,11.014905302669526,2.37533351636892
4258,training,0,0.0053523629903793335,0.04378078042447637,13.546832998120465,11.02878434989535,2.374771969480623
4259,training,0,0.018764294683933244,0.01967930187826102,13.518174143711008,11.056335152678782,2.3790037555901797
4260,training,0,0.0036725476384162903,0.01967930187826102,13.489096546893379,11.08373844572581,2.3934456039736935
4261,training,0,0.029393933713436113,0.01967930187826102,13.459689918961717,11.110522292467584,2.4119004554488455
4262,training,0,0.04897768795490265,0.01967930187826102,13.429816589807738,11.136763468699288,2.430303752176974
4263,training,0,0.010470971465110779,0.01967930187826102,13.3992916449475,11.16257026292923,2.449541299374462
4264,training,0,0.040366221219301224,0.01967930187826102,13.36848651191172,11.187660518393393,2.4641844304970064
4265,training,0.004918436,0.07183637097477914,0.01967930187826102,13.321437197042085,11.22496404691245,2.4777501780622377
4266,training,0,0.007136609405279153,0.0057428648698740386,13.290011526017437,11.249331086435314,2.4850005452977295
4267,training,0,0.031041432172060013,0.0057428648698740386,13.258259626786707,11.273583162003286,2.49410795220688
4268,training,0,0.0131758451461792,0.0057428648698740386,13.242223458574188,11.28565924642443,2.4993956842056066
4269,training,0.013174225,0.05750691890716553,0.0057428648698740386,13.210233914047228,11.309314547420279,2.5101442030758396
4270,training,0.003694383,0.09193688631057736,0.0057428648698740386,13.177895160768397,11.332718350658448,2.519737204177418
4271,training,0,0.0021441876888275146,0.0057428648698740386,13.145224898432398,11.35592903809906,2.5298055569722324
4272,training,0,0.0028955116868019104,0.0057428648698740386,13.112566900346675,11.378497988944908,2.544614954373991
4273,training,0,0.02155435085296631,0.022805132409910073,13.079315224247487,11.400662983542341,2.564205441761031
4274,training,0,0.012267351150512695,0.022805132409910073,13.045766362277975,11.42200070785024,2.5874994397366704
4275,training,0,0.013555958867073059,0.022805132409910073,13.011728759190794,11.442430738746719,2.614637912803441
4276,training,0,0.03287217766046524,0.022805132409910073,12.9770333612761,11.462082682711065,2.6345893477328484
4277,training,0.003097023,0.056824155151844025,0.022805132409910073,12.924633094753737,11.490606472204016,2.648780586672056
4278,training,0.005618343,0.055479746311903014,0.022805132409910073,12.889392054110555,11.50938637595652,2.654337132939319
4279,training,0,0.045452564954757704,0.03303362345600122,12.87172977360477,11.518699777766612,2.6584730949393194
4280,training,0.012591848,0.06263043731451035,0.03303362345600122,12.81851253655497,11.545954988807294,2.678970490453727
4281,training,0,0.035697292536497116,0.03303362345600122,12.80067716493929,11.554779839565397,2.6846153488951856
4282,training,0.010620041,0.07418160140514374,0.03303362345600122,12.764762101874625,11.572214345837015,2.6935803044914195
4283,training,0.0017281276,0.06850532442331313,0.03303362345600122,12.728721626574027,11.589316016849985,2.7041562546425046
4284,training,0.0049071372,0.05955332517623904,0.03303362345600122,12.67435140500945,11.614219484382883,2.721082687327857
4285,training,0,0.025075465440750122,0.017848661601673102,12.637854975286892,11.630154040853403,2.739700360708138
4286,training,0,0.044565863907337175,0.017848661601673102,12.619614959524798,11.637799588316039,2.7490720940214444
4287,training,0,0.04053042083978654,0.017848661601673102,12.5826314558572,11.652663053728904,2.7706941174579187
4288,training,0,0.00148829817771913,0.017848661601673102,12.54531356929383,11.66665717236307,2.794792064287767
4289,training,0,0.00932383909821511,0.017848661601673102,12.507850815227131,11.679774269770581,2.8128299797595835
4290,training,0,0.009818954393267635,0.017848661601673102,12.469862041873476,11.692470304787232,2.824016483636656
4291,training,0,0.0005436073988676054,0.012603718351384198,12.431957225660714,11.70475768068336,2.830379446902704
4292,training,0,0.02209771424531936,0.012603718351384198,12.393897843908475,11.716932785384087,2.8328423452956195
4293,training,0.0039369576,0.05586395785212517,0.012603718351384198,12.336762875181595,11.735054517057655,2.835767076091813
4294,training,0,0.02739812806248665,0.012603718351384198,12.298670330752564,11.747035609401758,2.8384485450975694
4295,training,0,0.027035381644964218,0.012603718351384198,12.260370244245372,11.758934463226435,2.8428849672718184
4296,training,0,0.009020736441016194,0.012603718351384198,12.241374712843587,11.76475267139649,2.84482205048441
4297,training,0,0.010536814108490944,0.01914865177563528,12.203196451475145,11.776351446555601,2.8481538261177617
4298,training,0,0.03908131644129753,0.01914865177563528,12.164763221052228,11.787907098011392,2.8511165797180795
4299,training,0,0.0037389975041151047,0.01914865177563528,12.12661839277294,11.799244627557014,2.853852377939951
4300,training,0,0.02569671766832471,0.01914865177563528,12.088221554137247,11.810544960545647,2.857033997308701
4301,training,0,0.005809655413031578,0.01914865177563528,12.049807774779554,11.82170943743991,2.860719106025661
4302,training,0,0.008356502279639244,0.01914865177563528,12.01149762484433,11.832678850591808,2.864669699751159
4303,training,0,0.006771063432097435,0.017986421627240956,11.972886649339355,11.843570765877582,2.868942944176073
4304,training,0,0.02661401778459549,0.017986421627240956,11.934500814206883,11.854221994548613,2.8729100525685465
4305,training,0,0.02130851987749338,0.017986421627240956,11.895946837393163,11.864759577228192,2.876414831029542
4306,training,0,0.011114617343991995,0.017986421627240956,11.857251607520894,11.875216879323855,2.8790562717349233
4307,training,0,0.0411149300634861,0.017986421627240956,11.818787371952945,11.885490836823172,2.881852419951261
4308,training,0,0.026228577829897404,0.017986421627240956,11.780031350119659,11.895730145892738,2.8848195273336183
4309,training,0,0.043247805908322334,0.016930013937255153,11.741407156449622,11.905820160321666,2.8875903848457485
4310,training,0,0.03892696276307106,0.016930013937255153,11.702755421286723,11.915782460177951,2.8908732337197374
4311,training,0.0010339259,0.057304255664348595,0.016930013937255153,11.64457417361399,11.930555503594354,2.8948306186239674
4312,training,0.006325189,0.06031031906604767,0.016930013937255153,11.605872734288694,11.940261328822595,2.8962340558131277
4313,training,0.016512746,0.053761739283800125,0.016930013937255153,11.547599921913854,11.954801383119438,2.898171465468573
4314,training,0,0.008795622736215591,0.0006653826113672251,11.528283688528576,11.959583583995615,2.89961090390935
4315,training,0.002832822,0.08316468819975853,0.0006653826113672251,11.46991054334384,11.973855805495893,2.9032721550293377
4316,training,0,0.007156452164053917,0.0006653826113672251,11.450532540227307,11.978554356429791,2.9035942565323714
4317,training,0,0.009518688544631008,0.0006653826113672251,11.411785349152867,11.98795189370833,2.9026332311052294
4318,training,0,0.0003044609911739826,0.0006653826113672251,11.392317026467769,11.992703122578611,2.9015011113629003
4319,training,0,0.010027861222624779,0.0006653826113672251,11.353397126364118,12.002276063857433,2.8992199308659266
4320,training,0,0.0024804025888442993,0.0006653826113672251,11.314713242538527,12.011825518445564,2.9002690602282626
4321,training,0,0.008824579417705536,0.015088215326941276,11.275771585366375,12.021360185743335,2.903067383203806
4322,training,0,0.03952339477837086,0.015088215326941276,11.23699286505038,12.030729902318464,2.905912967784938
4323,training,0,0.02418122347444296,0.015088215326941276,11.198154433957146,12.039982461126643,2.9092690762147377
4324,training,0,0.022138272412121296,0.015088215326941276,11.15912204431271,12.049160621100302,2.9119265533395104
4325,training,0,0.026912914589047432,0.015088215326941276,11.120340099370651,12.058159925296403,2.9146244298117003
4326,training,0,0.041386520490050316,0.015088215326941276,11.08130941997111,12.067122562306853,2.91701975007814
4327,training,0,0.04439813084900379,0.02012927948971181,11.042338483903208,12.075986483658884,2.9185145739078298
4328,training,0.0049377093,0.06503071077167988,0.02012927948971181,11.003432651208827,12.08475114516773,2.9213750200751485
4329,training,0.0047406335,0.08585174940526485,0.02012927948971181,10.944801485644648,12.097797352774803,2.9221513017380185
4330,training,0.0017984333,0.09180337004363537,0.02012927948971181,10.886327000850269,12.110906203294107,2.918999738345575
4331,training,0,0.002870846539735801,0.02012927948971181,10.866736549546872,12.115353220154823,2.918323958032356
4332,training,0,0.001661367714405046,0.02012927948971181,10.82788231599348,12.12412926360064,2.923004408449579
4333,training,0,0.02656121551990509,0.0518085764187481,10.808444202549436,12.128375497474686,2.9299408323556593
4334,training,0.0061384225,0.0753611158579588,0.0518085764187481,10.749693706958611,12.140476691303057,2.9450148343199083
4335,training,0.03389703,0.05981122143566609,0.0518085764187481,10.710618071877008,12.148088632844193,2.952045446612558
4336,training,0.0073857172,0.08705012500286102,0.0518085764187481,10.651635443375197,12.15932653482478,2.9513003519963528
4337,training,0.0045134537,0.10693623498082161,0.0518085764187481,10.612510568171668,12.166992032162565,2.9440058048823468
4338,training,0.0022337402,0.1331985667347908,0.015206331528619188,10.553566286206626,12.179285022674668,2.92664370788238
4339,training,0.0047104475,0.08267967961728573,0.015206331528619188,10.495121366403923,12.192564914574506,2.910056116679562
4340,training,0,0.019174277782440186,0.015206331528619188,10.475590703767988,12.197211344646332,2.907550970355809
4341,training,0,0.015450663864612593,0.015206331528619188,10.436841718271177,12.20635436488581,2.9142968406717147
4342,training,0,0.03469857573509218,0.015206331528619188,10.417486529539202,12.2107564574849,2.921499059184612
4343,training,0,0.04843107983469963,0.015206331528619188,10.398031223615577,12.215034479070066,2.928197994864724
4344,training,0.0059510698,0.07160142064094545,0.042782576721001386,10.339313967494595,12.227278909451725,2.9427711719644436
4345,training,0.021281231,0.07188121974468233,0.042782576721001386,10.300250568984596,12.234981291435219,2.9500745063820677
4346,training,0.02920445,0.07340101525187491,0.042782576721001386,10.260897400663989,12.242513981020378,2.9542176564819287
4347,training,0.007017064,0.056487781926989555,0.042782576721001386,10.221711868517103,12.249935891812601,2.9539150061081534
4348,training,0,0.015106741338968277,0.042782576721001386,10.202121395968787,12.253643627859653,2.955292743718463
4349,training,0,0.016307026147842407,0.042782576721001386,10.162750831299434,12.260938293404305,2.962734891590988
4350,training,0,0.023838695138692856,0.042782576721001386,10.143129774089704,12.264451821456731,2.9658696444254264
4351,training,0,0.03229883685708046,0.06851622739579671,10.103880638508729,12.27125608679551,2.973642440573594
4352,training,0,0.032817017287015915,0.06851622739579671,10.064407499942728,12.277797787148197,2.9807516382518067
4353,training,0,0.032717376947402954,0.06851622739579671,10.02501284553612,12.2841000726202,2.984669623080777
4354,training,0,0.044751815497875214,0.06851622739579671,9.985600914596137,12.290217644371694,2.9905477602096546
4355,training,0,0.03752276301383972,0.06851622739579671,9.946089538960138,12.29612309289414,2.9950279466262355
4356,training,0,0.04300035908818245,0.06851622739579671,9.906593798399978,12.301857450278233,2.999801993723772
4357,training,0,0.006474578753113747,0.07308268862158264,9.867007784109502,12.307389968117835,3.0054466145746828
4358,training,0,0.030588306486606598,0.07308268862158264,9.827469175325565,12.312737163235926,3.0086087406899233
4359,training,0,0.003350628539919853,0.07308268862158264,9.787909447054519,12.317915067951805,3.0143834581265514
4360,training,0,0.02594083547592163,0.07308268862158264,9.74830003781522,12.32285599572584,3.0194649805646323
4361,training,0.053020377,0.050646014511585236,0.07308268862158264,9.688827987294388,12.329949930956786,3.026837573916989
4362,training,0.0072889947,0.08836452104151249,0.07308268862158264,9.649185414366814,12.33434207571432,3.0356414395975855
4363,training,0.006563618,0.15296638756990433,0.06253872718138043,9.569783567558598,12.341636630119707,3.0672777044570316
4364,training,0.0035837865,0.16745899617671967,0.06253872718138043,9.550004251353009,12.343017442958228,3.0753425354037214
4365,training,0.0021923706,0.16770847141742706,0.06253872718138043,9.510157447926275,12.34539514471783,3.086213947538349
4366,training,0.0015473196,0.07307765074074268,0.06253872718138043,9.450388994754608,12.348419513072125,3.0929485805266324
4367,training,0.0038047207,0.09570170007646082,0.06253872718138043,9.39044206036981,12.351321962993357,3.0927870019625505
4368,training,0.01337096,0.09217211045324801,0.05342670798962179,9.310685116431113,12.355312746671176,3.0885749463892
4369,training,0.0012901402,0.07873044535517693,0.05342670798962179,9.270723245373514,12.357403507327653,3.0908856952672
4370,training,0.0042546643,0.1044904813170433,0.05342670798962179,9.230950714291698,12.359365044365866,3.0926019470430335
4371,training,0.025402356,0.09649871475994587,0.05342670798962179,9.170982154936494,12.362294668209373,3.0922310048719166
4372,training,0.013794329,0.14837369322776794,0.06256040223285368,9.131155256609885,12.3642753392651,3.0902344272577986
4373,training,0.004233931,0.1486155390739441,0.06256040223285368,9.111169241654679,12.365337631431284,3.085978105335665
4374,training,0.008188722,0.15762848407030106,0.06256040223285368,9.091123297935907,12.366502869848253,3.081080136008491
4375,training,0.011629421,0.16715480387210846,0.06256040223285368,9.051163605027753,12.369074191533098,3.0731872054549534
4376,training,0.0044314843,0.15588102489709854,0.06256040223285368,9.01134979855337,12.371997970953785,3.063485728526448
4377,training,0.015186534,0.15778237953782084,0.06256040223285368,8.971440231803905,12.375250843304928,3.0582453571798505
4378,training,0.01540027,0.1373181827366352,0.06256040223285368,8.931662656069895,12.378552249899382,3.059582262989354
4379,training,0.0024032472,0.13786744326353076,0.07760912014145847,8.891870686538423,12.381728596272946,3.0648426845982173
4380,training,0.0033107332,0.11699604243040085,0.07760912014145847,8.8520362342917,12.384608135681074,3.0745819166760793
4381,training,0.0143826865,0.10053151845932004,0.07760912014145847,8.812323539928304,12.387073614699329,3.083729114738696
4382,training,0.004906607,0.07764934003353119,0.07760912014145847,8.772392635098818,12.389138133768776,3.096527590550202
4383,training,0.0072469544,0.05211031436920166,0.07760912014145847,8.732634109513619,12.390589068081605,3.1132575143535695
4384,training,0.010065117,0.05059054493904114,0.07760912014145847,8.692823858076226,12.391427515044603,3.1276774557910567
4385,training,0,0.03670353442430495,0.09207553314974876,8.6727976008765,12.391635945602777,3.1346889030210283
4386,training,0,0.01582401990890503,0.09207553314974876,8.63295093043862,12.39161578332819,-3.1338458012798305
4387,training,0,0.01707161217927934,0.09207553314974876,8.593150731071379,12.391012316951175,-3.118906180507891
4388,training,0,0.020449876785278306,0.09207553314974876,8.553102678655913,12.389791638231884,-3.102219439696817
4389,training,0,0.02097664400935173,0.09207553314974876,8.51345262404263,12.387875135194774,-3.084866314524514
4390,training,0,0.004813395440578461,0.09207553314974876,8.473605077960789,12.38529682409062,-3.070022728476422
4391,training,0,0.0016722306609153748,0.09375516713994851,8.433747758428327,12.382227174122274,-3.058600536674926
4392,training,0.0079070665,0.08260547369718552,0.09375516713994851,8.374134668856572,12.376953591871358,-3.049633479701246
4393,training,0.0040011816,0.10930025950074194,0.09375516713994851,8.334221332813312,12.37324059126419,-3.048453209634184
4394,training,0.011660811,0.14493428170681,0.09375516713994851,8.294521118065232,12.36963086594205,-3.055509852268706
4395,training,0.009909304,0.1165040135383606,0.09375516713994851,8.25442697233975,12.366409675715008,-3.0683096567589816
4396,training,0.004246982,0.060101076960563646,0.09375516713994851,8.214493220268757,12.363697357169816,-3.077564678738756
4397,training,0,0.024532057344913483,0.07837188240686503,8.17462356071424,12.361223814175316,-3.0774956603574726
4398,training,0,0.027071822434663786,0.07837188240686503,8.134605764248096,12.358488236852171,-3.0663467912974998
4399,training,0,0.03494960069656372,0.07837188240686503,8.095007228407015,12.355274725376416,-3.0561241285840866
4400,training,0,0.030602259561419487,0.07837188240686503,8.055112473284764,12.351765381395307,-3.052041378383936
4401,training,0,0.03669223189353943,0.07837188240686503,8.035101157472832,12.34997313455454,-3.051998892546685
4402,training,0,0.029277139343321323,0.07837188240686503,7.9954396600536635,12.34641407981471,-3.05286525916335
4403,training,0,0.02801340911537409,0.06247693208280178,7.955535057557851,12.342902049454601,-3.05519661559871
4404,training,0,0.017467904835939407,0.06247693208280178,7.915622233586645,12.339506536065455,-3.057816867280376
4405,training,0,0.016382917761802673,0.06247693208280178,7.875861024965531,12.336231713655474,-3.061161323104218
4406,training,0,0.008425288833677769,0.06247693208280178,7.835816255369429,12.333070340257885,-3.0644508659289844
4407,training,0,0.004182381089776754,0.06247693208280178,7.796039527284945,12.330048992275609,-3.066931378942956
4408,training,0,0.012089541181921962,0.06247693208280178,7.756142644960783,12.32711521770792,-3.0694921930154266
4409,training,0,0.036373887211084366,0.04839370224243166,7.716130416870649,12.324273990425011,-3.0705078855661876
4410,training,0,0.0274827741086483,0.04839370224243166,7.676381223234129,12.321457449620468,-3.071622595202838
4411,training,0,0.02147422358393669,0.04839370224243166,7.636361865629591,12.318676202606685,-3.0730825247342985
4412,training,0,0.022915195673704144,0.04839370224243166,7.5965066858492305,12.315961250205868,-3.073718730263893
4413,training,0,0.020237207412719727,0.04839370224243166,7.556652941654761,12.31326775788122,-3.074656974321393
4414,training,0,0.013273721560835838,0.04839370224243166,7.516589002515955,12.310603911054944,-3.074888294723945
4415,training,0,0.008249375503510237,0.040324947451715644,7.476853827819138,12.307921744575113,-3.0744797203282475
4416,training,0,0.012019603978842497,0.040324947451715644,7.436884375265522,12.305240988165561,-3.0749905922447485
4417,training,0,0.008661150932312012,0.040324947451715644,7.396961809606975,12.302585789866981,-3.0751332144334276
4418,training,0.0068869684,0.052659567445516586,0.040324947451715644,7.3371351232311595,12.298664332819246,-3.0775248592802904
4419,training,0.013149416,0.05645825527608395,0.040324947451715644,7.297157291360719,12.29611431658255,-3.077347430731457
4420,training,0.012449406,0.07937309518456459,0.033487760755601226,7.257363936914014,12.293567052748983,-3.0793106726940875
4421,training,0.0068481825,0.09845836088061333,0.033487760755601226,7.1972466293713255,12.29014593858312,-3.091179732342951
4422,training,0.005295087,0.07214959524571896,0.033487760755601226,7.137320747815684,12.287586588586764,-3.1072558775785217
4423,training,0,0.03099905140697956,0.033487760755601226,7.117229263262489,12.286928656607943,-3.109568965142379
4424,training,0,0.021945962682366378,0.033487760755601226,7.0972468239901945,12.286292720384353,-3.1087288760080107
4425,training,0,0.017376108095049865,0.033487760755601226,7.057457654314647,12.284879348968332,-3.103886498252589
4426,training,0,0.013068994507193565,0.033487760755601226,7.017424621835755,12.283272834988358,-3.0988955258037714
4427,training,0,0.012094663456082344,0.030510947727279154,6.997429500072603,12.28239947686556,-3.0962637419120087
4428,training,0,0.006490834057331085,0.030510947727279154,6.957661129099036,12.280499136919591,-3.0922061856965515
4429,training,0,0.006451133638620378,0.030510947727279154,6.917663436869061,12.278451363580821,-3.088528030329176
4430,training,0,0.018981965258717537,0.030510947727279154,6.877769320495411,12.276247336570234,-3.084023139778667
4431,training,0,0.026143542025238276,0.030510947727279154,6.837962511447938,12.273881574192364,-3.080536234387951
4432,training,0,0.002613518387079239,0.030510947727279154,6.797911275693443,12.271367150444325,-3.076652994002012
4433,training,0,0.03665720112621784,0.021057540330258317,6.758182007045181,12.268685253420362,-3.072364232966185
4434,training,0,0.010816862806677822,0.021057540330258317,6.7182806502589045,12.265858063273736,-3.069677901619382
4435,training,0,0.016180280596017838,0.021057540330258317,6.678330218254417,12.262945129541615,-3.0670059617506484
4436,training,0,0.0024032853543758392,0.021057540330258317,6.638595271893054,12.25994245828537,-3.065939645661666
4437,training,0,0.01766077009961009,0.021057540330258317,6.59858945060237,12.256898240934605,-3.0654141769904317
4438,training,0,0.014646576717495918,0.021057540330258317,6.558816128321222,12.253832106763772,-3.063122799066071
4439,training,0,0.022838649339973927,0.015045603401200161,6.518997712451211,12.250643962228745,-3.06035409810245
4440,training,0,0.0228659650310874,0.015045603401200161,6.479000331881823,12.247349953841612,-3.057382118575466
4441,training,0,0.01755901239812374,0.015045603401200161,6.4393585183974205,12.243931550345607,-3.0545813995683577
4442,training,0,0.0006919130682945251,0.015045603401200161,6.399448339145652,12.240401425787141,-3.051756001325442
4443,training,0,0.0046988762915134395,0.015045603401200161,6.359664005150823,12.236745146451682,-3.047402252143267
4444,training,0,0.008332112804055214,0.015045603401200161,6.3199762036759655,12.232901725068421,-3.0425714991167894
4445,training,0,0.02437314577400685,0.0022479064229801223,6.28004966886577,12.22884084144032,-3.037201954073443
4446,training,0,0.0007128603756427765,0.0022479064229801223,6.2404988320708865,12.22457460761701,-3.031126823500216
4447,training,0,0.013484735041856773,0.0022479064229801223,6.200774577088387,12.220033210958752,-3.0238088660305027
4448,training,0,0.01986651122570038,0.0022479064229801223,6.161057381042939,12.215177703752873,-3.0152611240691445
4449,training,0,0.038864269852638245,0.0022479064229801223,6.1216258037275635,12.209975989241864,-3.006031808325473
4450,training,0,0.012308072298765182,0.0022479064229801223,6.081937606506467,12.20440223363668,-2.9977799237311658
4451,training,0,0.007578853517770767,0.018304869931980258,6.042548064702605,12.19854512622304,-2.99018512815089
4452,training,0,0.020434625446796417,0.018304869931980258,6.003124251400733,12.192359471340863,-2.9816536208798365
4453,training,0,0.011895200237631798,0.018304869931980258,5.963610417026016,12.18582842154224,-2.974151262595682
4454,training,0.00643788,0.05015289690345526,0.018304869931980258,5.904788907346612,12.17549512921913,-2.9612958864463477
4455,training,0,0.04885454289615154,0.018304869931980258,5.8654297192316935,12.168163017975488,-2.953969536539014
4456,training,0,0.014319502748548985,0.018304869931980258,5.845878778152814,12.164418309800254,-2.9511303850954302
4457,training,0,0.014392472803592682,0.03649291603844327,5.806773137053609,12.156746960266728,-2.945061730548008
4458,training,0,0.009566551074385643,0.03649291603844327,5.767518891484154,12.148840993481318,-2.9416363938307772
4459,training,0,0.007127702236175537,0.03649291603844327,5.728491805136063,12.140874319472848,-2.938765855836674
4460,training,0,0.019933060742914677,0.03649291603844327,5.689326971583497,12.132759228742678,-2.936163760912054
4461,training,0,0.03486208617687225,0.03649291603844327,5.650166467713666,12.124580388435204,-2.9357464830107176
4462,training,0.0052925157,0.053576186299324036,0.03649291603844327,5.591602502342889,12.112227900360425,-2.931885533394021
4463,training,0,0.0467037595808506,0.01971102405652222,5.572019270740746,12.108049832549913,-2.931639813447301
4464,training,0.002655616,0.05819365009665489,0.01971102405652222,5.5135307082100535,12.095609212676845,-2.933065271715258
4465,training,0,0.03186427056789398,0.01971102405652222,5.474304189329982,12.087347486663099,-2.9355658580478465
4466,training,0,0.012609381228685379,0.01971102405652222,5.435207962280188,12.079278937588835,-2.940243191434521
4467,training,0,0.014489933848381042,0.01971102405652222,5.415657381864317,12.075303184913768,-2.942028854045655
4468,training,0,0.0013847723603248666,0.01971102405652222,5.3763402058666525,12.067426042214207,-2.9462049591470065
4469,training,0,0.022880790755152702,0.010149170992513095,5.3371099773922275,12.059794715236649,-2.953000753142292
4470,training,0,0.013233769685029984,0.010149170992513095,5.2978273571554375,12.052434633495057,-2.9604462691235374
4471,training,0,0.0125042162835598,0.010149170992513095,5.258273624059039,12.045375712079002,-2.970205166361071
4472,training,0,0.012456707656383511,0.010149170992513095,5.218962147849497,12.038771645309607,-2.9801311776900805
4473,training,0,0.0043119098991155624,0.010149170992513095,5.179354196003583,12.032504187955542,-2.9886722080903785
4474,training,0,0.0024403538554906845,0.010149170992513095,5.139740673949447,12.026552101088035,-2.995977698779093
4475,training,0,0.026080278679728508,0.00576972052951187,5.100255333204047,12.020863611386137,-3.0007517253230707
4476,training,0,0.021608546376228333,0.00576972052951187,5.060496190263224,12.015282925260149,-3.0026912549271136
4477,training,0,0.03404156630858779,0.00576972052951187,5.021038985828996,12.00975218738426,-3.0010543682593975
4478,training,0,0.03820272593293339,0.00576972052951187,4.981489111388772,12.004055988758363,-2.9956591334225218
4479,training,0.009489765,0.050554949790239334,0.00576972052951187,4.9222734223071525,11.99506702513703,-2.9855747306634512
4480,training,0.00412713,0.06650595925748348,0.00576972052951187,4.882873474021952,11.98871415360735,-2.9780492010249944
4481,training,0.00958721,0.06433909945189953,0.0025809049837256007,4.843367642028161,11.982073423704712,-2.9727566522549753
4482,training,0.004249137,0.060994650702923536,0.0025809049837256007,4.784525368939226,11.971755972302885,-2.962989695088092
4483,training,0.0046747173,0.10664195893332362,0.0025809049837256007,4.7451922868624585,11.964411488235914,-2.950376381757577
4484,training,0.0024982137,0.09502227231860161,0.0025809049837256007,4.706200205365742,11.956509496396349,-2.9307503183078922
4485,training,0.004172351,0.08711694180965424,0.0025809049837256007,4.66731597335207,11.94771751854105,-2.9078184380250596
4486,training,0,0.03180505521595478,0.018356526690532494,4.647962915353797,11.94299850166843,-2.8979751753294027
4487,training,0,0.010741151869297028,0.018356526690532494,4.6094392459499955,11.93316694435273,-2.885620616445773
4488,training,0,0.03290608152747154,0.018356526690532494,4.590171794052454,11.92806930815466,-2.879979913717707
4489,training,0,0.043769851326942444,0.018356526690532494,4.551677231969358,11.917526999108926,-2.869550636017171
4490,training,0,0.008229330182075504,0.018356526690532494,4.513278738738908,11.90662676463868,-2.860500941413054
4491,training,0,0.00283978134393692,0.018356526690532494,4.475028621226682,11.895367282763976,-2.8507525937923357
4492,training,0,0.03508104383945465,0.018356526690532494,4.436837225654261,11.883803611373871,-2.845120378310087
4493,training,0,0.018481459468603127,0.05917003453299874,4.3987028452090815,11.872025647614189,-2.838512897703534
4494,training,0,0.037730336189270006,0.05917003453299874,4.360677587861973,11.85997820294405,-2.832076621410662
4495,training,0.0029542053,0.06367674469947815,0.05917003453299874,4.322630918261118,11.847702272203506,-2.8264831895251405
4496,training,0,0.02636115252971649,0.05917003453299874,4.28476870404141,11.835181110924596,-2.818177252221668
4497,training,0.0017577154,0.05614659190177919,0.05917003453299874,4.228115568632145,11.81585443235972,-2.8065639277278946
4498,training,0,0.0286417193710804,0.05917003453299874,4.209270220772399,11.809234885727736,-2.8010950680584314
4499,training,0.0017344027,0.056407272815704346,0.09423785898734219,4.171852933411803,11.795713439063302,-2.7893084106008654
4500,training,0.0038988763,0.07784215360879901,0.09423785898734219,4.115776330898491,11.774557668269859,-2.7716697227717666
4501,training,0,0.006046496331691756,0.09423785898734219,4.0788053026145,11.759893428805507,-2.7569229384327874
4502,training,0.0031569721,0.06835928559303281,0.09423785898734219,4.0419807593642885,11.744674662483549,-2.742393359933394
4503,training,0.006062933,0.08275791257619858,0.09423785898734219,4.005229339603769,11.728861075657768,-2.726600646921611
4504,training,0,0.030440576374530806,0.09423785898734219,3.9871141797889966,11.720785281244893,-2.718461061910681
4505,training,0,0.0015828683972358565,0.06868479102904775,3.950965126068157,11.70414854735098,-2.701784305811713
4506,training,0,0.033619046211242704,0.06868479102904775,3.9148609567558394,11.6867793472596,-2.6820996375599613
4507,training,0,0.0007883906364440918,0.06868479102904775,3.879567440865711,11.668797888142382,-2.6579562095686957
4508,training,0,0.02085026353597641,0.06868479102904775,3.8445370717695178,11.649820819651609,-2.631872511799136
4509,training,0.008676383,0.06605970114469528,0.06868479102904775,3.7930525746477475,11.619725677104286,-2.5928991380272572
4510,training,0,0.004448466002941132,0.014158593567194325,3.7593959960209773,11.598516995535249,-2.5655759875685242
4511,training,0,0.04640226066112518,0.014158593567194325,3.726195531379512,11.576409599879957,-2.544404847586151
4512,training,0.012213049,0.07533807866275309,0.014158593567194325,3.6772408856441263,11.54235937129948,-2.5249382961167095
4513,training,0,0.016213219612836845,0.014158593567194325,3.6609823533893247,11.530774998738618,-2.5211089688368684
4514,training,0.004978151,0.08677090890705585,0.014158593567194325,3.6124685060708828,11.49574114024012,-2.5104628798794058
4515,training,0.008926412,0.07083622738718987,0.014158593567194325,3.5803036371088037,11.47209618185765,-2.507095198829324
4516,training,0.0012094041,0.11130033805966377,0.014158593567194325,3.548013198546563,11.448432368157007,-2.5131030329785067
4517,training,0.020954972,0.11086884513497353,0.005525316654099373,3.4991583735064675,11.413539538114442,-2.5323526840812947
4518,training,0.0019910047,0.15003405511379242,0.005525316654099373,3.4660624463346585,11.390905094437862,-2.551219888363963
4519,training,0.044651188,0.11837277561426163,0.005525316654099373,3.41590416552942,11.357898783193107,-2.566402958895582
4520,training,0.0064822463,0.11866811290383339,0.005525316654099373,3.3822106247885824,11.336289965988444,-2.5761449810544303
4521,training,0,0.03165166079998018,0.005525316654099373,3.36538698079463,11.32564948212259,-2.5791592193136745
4522,training,0,0.011515878140926361,0.039174845581882924,3.3316283214039397,11.304242952726309,-2.5732289471644547
4523,training,0.003487161,0.06883438304066658,0.039174845581882924,3.2979864689384235,11.282643194876256,-2.569272172165936
4524,training,0,0.004629874601960182,0.039174845581882924,3.2812946824038476,11.271849917149973,-2.566726462200342
4525,training,0,0.04162433370947838,0.039174845581882924,3.264565204235858,11.260986936633996,-2.5653512657942343
4526,training,0,0.017883410677313805,0.039174845581882924,3.2309693579426972,11.239175165157535,-2.5674810493769717
4527,training,0,0.01401858776807785,0.039174845581882924,3.1974095295542657,11.217578392347352,-2.5719319082273437
4528,training,0.0049873507,0.07340533006936312,0.039174845581882924,3.1466143632618078,11.18543337049416,-2.584601759440112
4529,training,0.008419975,0.08101950958371162,0.09137971681758177,3.1125097217643796,11.16455875209481,-2.601502011822478
4530,training,0.0035341494,0.11627906188368797,0.09137971681758177,3.0602841306050794,11.134421245406042,-2.6379924514165762
4531,training,0.00415105,0.1122865192592144,0.09137971681758177,3.024879947809123,11.115507935205422,-2.6613277343974397
4532,training,0,0.04445020854473114,0.09137971681758177,3.0071302026603646,11.106357240666544,-2.6692622544416613
4533,training,0,0.027371674776077257,0.09137971681758177,2.971604270470767,11.087972954421325,-2.6600344737915402
4534,training,0,0.016081715002655976,0.09137971681758177,2.953833210309914,11.078654788785364,-2.656236801969906
4535,training,0,0.013304002583026886,0.09137971681758177,2.9187399479753826,11.060003062425926,-2.6508967431291355
4536,training,0.0044781147,0.05071338824927807,0.12714344882219564,2.8657089474066657,11.031659017280214,-2.6513191427893843
4537,training,0,0.03931474685668945,0.12714344882219564,2.8305997143583825,11.012905245726618,-2.648810400394405
4538,training,0,0.025836998596787456,0.12714344882219564,2.81304008809372,11.003436060185859,-2.6464794404837724
4539,training,0.007995049,0.0580855505540967,0.12714344882219564,2.777704792674593,10.984375575106156,-2.6483001841922262
4540,training,0,0.03551482781767845,0.12714344882219564,2.742556759796638,10.965507434047963,-2.648389686110009
4541,training,0.011052387,0.05761197954416275,0.12714344882219564,2.6896674644637666,10.937028450662124,-2.6475729399914454
4542,training,0,0.005750792101025581,0.09996644443083064,2.6720757814303346,10.927555671456492,-2.6467394278787295
4543,training,0,0.023962030187249177,0.09996644443083064,2.6371432938382156,10.908589619550387,-2.64371739736956
4544,training,0,0.006653199903666971,0.09996644443083064,2.6019717313628723,10.889389212002907,-2.6383319974931574
4545,training,0,0.03465769253671169,0.09996644443083064,2.584429856535721,10.87971340732733,-2.6368653614551665
4546,training,0.00095490145,0.09210618585348129,0.09996644443083064,2.532070603136118,10.85077319386153,-2.638601469667295
4547,training,0.0058352873,0.07324838638305663,0.09996644443083064,2.4972143083510647,10.83120938694071,-2.6180369631416074
4548,training,0.008179184,0.1082568820565939,0.02797002221610616,2.4631091552939073,10.810978661236565,-2.5944953338143586
4549,training,0.0062859305,0.07907718420028687,0.02797002221610616,2.4291590644719245,10.789941456843735,-2.583009434553561
4550,training,0.0038649687,0.16612043604254723,0.02797002221610616,2.3953058233370554,10.768702069316976,-2.5808189740716903
4551,training,0.003998808,0.14989003166556358,0.02797002221610616,2.3616190577118643,10.74744969649857,-2.576599514439807
4552,training,0.0055170306,0.1809854358434677,0.02797002221610616,2.327889815151917,10.725936585158662,-2.571091673125008
4553,training,0.0028126882,0.1032498590648174,0.02797002221610616,2.2944484090206347,10.704289964501584,-2.5626903966983647
4554,training,0.0018559253,0.1802288144826889,0.04096605809738589,2.2612105093294566,10.68224882757193,-2.5488671727953944
4555,training,0.0028617785,0.23083588480949402,0.04096605809738589,2.2283300520479052,10.659710267342376,-2.5324460076301882
4556,training,0.009955543,0.19999746978282928,0.04096605809738589,2.195919162093706,10.636651220481138,-2.514041761269141
4557,training,0.009432118,0.2579845935106278,0.04096605809738589,2.1638825445392293,10.612976547916945,-2.4976493972358518
4558,training,0.011069981,0.26200632005929947,0.04096605809738589,2.1321575071057035,10.588780338985767,-2.4818822221900017
4559,training,0.0044211876,0.27096304297447205,0.04096605809738589,2.1009711297567053,10.564031994581692,-2.45889547454639
4560,training,0.0023792041,0.31446366012096405,0.04096605809738589,2.0704700484302716,10.538634358289459,-2.436106062707215
4561,training,0.005666071,0.3461152873933315,0.05847182127686742,2.0402763423185624,10.512436622011174,-2.418077104373951
4562,training,0.008242328,0.29980615526437754,0.05847182127686742,2.0107205838031628,10.485877265008835,-2.403063342194455
4563,training,0.0050832867,0.2813392728567124,0.05847182127686742,1.981464819500191,10.45882207681685,-2.3861742628528844
4564,training,0.004061162,0.2794102877378464,0.05847182127686742,1.9526898766484873,10.431121453520639,-2.3621676077350036
4565,training,0.008755235,0.29541015625000006,0.05847182127686742,1.9248951883040906,10.402919684096133,-2.335878012869905
4566,training,0.0007675805,0.2416197806596756,0.05847182127686742,1.8977467566043258,10.37375204263237,-2.3041850742080223
4567,training,0.0059252204,0.16892841458320612,0.05847182127686742,1.8718137391406884,10.343770522634822,-2.2615508305415037
4568,training,0.007031237,0.12574002146720886,0.05847182127686742,1.847478184509753,10.312716206705172,-2.2084300070234333
4569,training,0,0.03411051630973816,0.03272969521425231,1.8249153238144864,10.28033487427642,-2.1501351197817127
4570,training,0.003655003,0.06090778112411488,0.03272969521425231,1.8044264104784762,10.24661059490933,-2.081542874059334
4571,training,0,0.0110997855663299,0.03272969521425231,1.7951349096031444,10.229331943414827,-2.0474596107873744
4572,training,0,0.01186312735080719,0.03272969521425231,1.7782422379320038,10.193891227889576,-1.9846354609776355
4573,training,0,0.025623172521591187,0.07827665734003723,1.7633726755609083,10.157158536451291,-1.9284938376921619
4574,training,0,0.010999098420143127,0.07827665734003723,1.750387227998241,10.119753398774954,-1.884654398507891
4575,training,0,0.02144630253314972,0.07827665734003723,1.7389242560706983,10.081876898726149,-1.8431787954798255
4576,training,0,0.04144419729709625,0.07827665734003723,1.7290788139596487,10.043446695633612,-1.8019565949218361
4577,training,0,0.027627408504486084,0.07827665734003723,1.7206670750233684,10.004597537005099,-1.7678405750152737
4578,training,0,0.0032120347023010254,0.10808352351418045,1.7135468723546738,9.965613768146572,-1.7352368633713744
4579,training,0,0.007254201918840415,0.10808352351418045,1.7076001510228949,9.926314911847582,-1.7096236139181271
4580,training,0,0.035420764237642295,0.10808352351418045,1.7024430982223528,9.88671917341593,-1.692479768172687
4581,training,0,0.034329142421484,0.10808352351418045,1.697871798069334,9.847260831275072,-1.6808143885420643
4582,training,0,0.02156432345509529,0.10808352351418045,1.6936839401117714,9.807466170566142,-1.6706613170617215
4583,training,0,0.026777997612953186,0.10808352351418045,1.6899025427047305,9.767762195246652,-1.6618156942764435
4584,training,0,0.03405740484595299,0.10867775855974607,1.686427880217743,9.728049098844817,-1.6544835926890187
4585,training,0,0.016375189647078514,0.10867775855974607,1.6832267489648238,9.688068803658366,-1.6460321375433904
4586,training,0,0.0329799335449934,0.10867775855974607,1.6804129433329593,9.648402093414033,-1.638879912179744
4587,training,0.0072298013,0.06317917071282864,0.10867775855974607,1.67646863762702,9.588433347976641,-1.6345169503438939
4588,training,0.0049189837,0.0547054186463356,0.10867775855974607,1.673997123221008,9.548694831865324,-1.6314644119080084
4589,training,0.0023084208,0.07956408523023129,0.08828270683051648,1.6703479441045106,9.488688792527027,-1.6342461667465618
4590,training,0.0054703276,0.12514002434909344,0.08828270683051648,1.6663608556781218,9.428955759803067,-1.6410386648082564
4591,training,0.011634421,0.08980625122785568,0.08828270683051648,1.6634678738969317,9.388927780695662,-1.6445005122735292
4592,training,0,0.048673763871192925,0.08828270683051648,1.6604529346890111,9.349052804829327,-1.650101371270493
4593,training,0,0.0448632799088955,0.08828270683051648,1.6588291946749991,9.329162285407476,-1.6541401576943184
4594,training,0.0057107112,0.05516226962208747,0.08828270683051648,1.655316322574158,9.289162326104067,-1.6632738704880832
4595,training,0,0.04734456120058894,0.0646046492671943,1.6514571417331418,9.249396076984066,-1.6722203042998438
4596,training,0,0.049130167346447706,0.0646046492671943,1.6494052552818386,9.229565706135398,-1.67503388668395
4597,training,0.03380787,0.07415182888507843,0.0646046492671943,1.6430801004358682,9.169775920014434,-1.677233398469424
4598,training,0.012243651,0.1049393005669117,0.0646046492671943,1.6367908344333006,9.11041446329133,-1.6749876681507998
4599,training,0.0051712003,0.08396300673484802,0.0646046492671943,1.6326965876959822,9.07051940646713,-1.669665983421745
4600,training,0.003558285,0.15395908802747726,0.0646046492671943,1.626803548470249,9.010944951980852,-1.675110161695687
4601,training,0.026263047,0.1797584854066372,0.0506136699843453,1.622466062152301,8.97100797841161,-1.6824415478334653
4602,training,0.006693121,0.16054311208426952,0.0506136699843453,1.6179055653780106,8.931388312153613,-1.6894212559173944
4603,training,0.0019688073,0.12752659618854523,0.0506136699843453,1.6130333395721865,8.891666193654649,-1.6955163875511496
4604,training,0.0022918545,0.08690635859966278,0.0506136699843453,1.6079903767936858,8.851870745115678,-1.696994015240711
4605,training,0.0037921541,0.12268828600645065,0.0506136699843453,1.6004382542515796,8.792533995164463,-1.6981385549096764
4606,training,0.008717654,0.09525321424007416,0.04179390108472941,1.5954296965741135,8.752795965384252,-1.693073989478688
4607,training,0.0026076667,0.12895095348358154,0.04179390108472941,1.5902612613302296,8.712850056857251,-1.7126923741858615
4608,training,0.0032657064,0.09891730546951294,0.04179390108472941,1.5839295275356953,8.673027821420797,-1.7457442051864966
4609,training,0.010299863,0.09035827498883009,0.04179390108472941,1.5764291761961198,8.633573970525651,-1.7688863616091193
4610,training,0.011670493,0.09735800698399544,0.04179390108472941,1.5682401842675104,8.59453861323271,-1.7856871278201387
4611,training,0.0041966997,0.1371486857533455,0.04179390108472941,1.5639016105417212,8.574952080727115,-1.7920864786892479
4612,training,0.0051104957,0.16608498245477676,0.038613769580434325,1.5549041036224371,8.535935979096628,-1.8030236748650765
4613,training,0.0050840504,0.14383716136217117,0.038613769580434325,1.5454257846521666,8.497030539037675,-1.8174842704697758
4614,training,0.0129825035,0.12004395201802254,0.038613769580434325,1.5353771194498151,8.458279670165748,-1.8312963000218685
4615,training,0.0063878084,0.12060895003378391,0.038613769580434325,1.524800603083912,8.419567714673162,-1.8433298992419538
4616,training,0.0015214331,0.08607316948473454,0.038613769580434325,1.5083777549818211,8.361987032624109,-1.8498899070300518
4617,training,0.008878475,0.08176410198211667,0.038613769580434325,1.5028822551724539,8.342777802802145,-1.8484712943517319
4618,training,0.009888924,0.10581119544804096,0.056532590845408695,1.4920392889144183,8.304363584441687,-1.8437103606237648
4619,training,0.0096870065,0.12499185465276241,0.056532590845408695,1.4814090539568074,8.265935478871265,-1.8386571507319374
4620,training,0.0037811268,0.14253931865096092,0.056532590845408695,1.476145134035645,8.246681439961046,-1.8372763417523956
4621,training,0.022721127,0.11650240235030651,0.056532590845408695,1.4602146037880976,8.188827965381689,-1.8443392899076296
4622,training,0.033192806,0.12438474036753178,0.056532590845408695,1.4493278569452528,8.150409327500647,-1.8497262795690521
4623,training,0.0058169463,0.1277426015585661,0.056532590845408695,1.4382141413753349,8.11191769305196,-1.8545375379181903
4624,training,0.0032743302,0.1150797326117754,0.0739859615917928,1.432615503414781,8.092785013399252,-1.856081096377385
4625,training,0.0056798705,0.11363978311419487,0.0739859615917928,1.4214221030866363,8.05450508460138,-1.8539518817209868
4626,training,0.010886006,0.11979766935110092,0.0739859615917928,1.4103331099537704,8.016047731551714,-1.8489494869305023
4627,training,0.0070279134,0.14584130048751828,0.0739859615917928,1.4048812608309544,7.996888765053217,-1.8465503093830498
4628,training,0.0020578904,0.1387800611555576,0.0739859615917928,1.394210405444935,7.958499281144957,-1.8373965552734983
4629,training,0.008350099,0.13408199697732925,0.0739859615917928,1.3838752391390088,7.919889824936085,-1.8273956950494619
4630,training,0.010280027,0.11053285002708438,0.0739859615917928,1.3739600770911329,7.881302762551052,-1.8153148588398054
4631,training,0.008037896,0.08559206128120425,0.012988498723348573,1.3646704284957036,7.842593465599731,-1.7975490153237008
4632,training,0,0.010688036680221558,0.012988498723348573,1.3602762148934604,7.823152116870162,-1.7891811155184791
4633,training,0,0.013957992196083097,0.012988498723348573,1.3520516532873905,7.784290756300332,-1.7663678703953192
4634,training,0,0.03349202126264575,0.012988498723348573,1.3449497057034054,7.745109086416667,-1.732149376752248
4635,training,0.0027909512,0.06318545341491702,0.012988498723348573,1.3391577048084484,7.705838904302661,-1.705945418383929
4636,training,0,0.01884181797504425,0.012988498723348573,1.334182636191867,7.666200726558331,-1.685503812075646
4637,training,0.004243167,0.0835886001586914,0.012988498723348573,1.3300591286008703,7.626629715992283,-1.6641045484566508
4638,training,0.007827457,0.06615202128887177,0.03855159065033038,1.3267310005549011,7.586978177219929,-1.64643598723568
4639,training,0,0.009489759802818284,0.03855159065033038,1.3240363598752147,7.547003831836196,-1.6279117428239729
4640,training,0,0.042407184839248685,0.03855159065033038,1.3221631770535718,7.507382220484188,-1.6083552777936174
4641,training,0.0036862972,0.08609354868531227,0.03855159065033038,1.3211000199378178,7.467510809722545,-1.5863403956180022
4642,training,0,0.025921769440174103,0.03855159065033038,1.3209096424789342,7.427618504633144,-1.5630359082694527
4643,training,0,0.042102646082639694,0.03855159065033038,1.3217236980696891,7.387950547892568,-1.5389619983158043
4644,training,0.0035650418,0.06416318565607071,0.053035248995381506,1.3244920417945703,7.3281494969252705,-1.511204201955392
4645,training,0,0.027588578799623065,0.053035248995381506,1.3257697963562722,7.308305666628235,-1.5024042383789413
4646,training,0,0.027928315103054047,0.053035248995381506,1.3288023822225028,7.2685345825890835,-1.4894377889405332
4647,training,0,0.02006970904767514,0.053035248995381506,1.3321284864514662,7.2286059608457585,-1.4873246806786788
4648,training,0,0.02804897539317608,0.053035248995381506,1.333786960043245,7.208772712225001,-1.4877364977375975
4649,training,0,0.037182142958045006,0.053035248995381506,1.3370804611358291,7.168941018690464,-1.4891503904554164
4650,training,0,0.03413216210901738,0.04392677010512179,1.3403090027784084,7.129001826610463,-1.4918542111379824
4651,training,0,0.03971116989850998,0.04392677010512179,1.343420620574829,7.089264871747519,-1.4932770141681033
4652,training,0,0.03982308693230152,0.04392677010512179,1.3465091108264549,7.049324675053318,-1.494027317441628
4653,training,0,0.03989704884588718,0.04392677010512179,1.349542827775636,7.009454183464716,-1.495959146250635
4654,training,0.006898268,0.051140977069735534,0.04392677010512179,1.3540297036512567,6.949690632065788,-1.496127630126722
4655,training,0,0.001311285421252249,0.04392677010512179,1.3569766294074277,6.9097752275928634,-1.4986760836543442
4656,training,0,0.03935833275318145,0.029333617881983465,1.3584114195554464,6.889945253895623,-1.4991527740331065
4657,training,0,0.0436796210706234,0.029333617881983465,1.3612545613666407,6.850019736191096,-1.5003537468822474
4658,training,0,0.015806136652827263,0.029333617881983465,1.3640359964002071,6.8100738325881665,-1.5024555506120065
4659,training,0,0.0017011077143251896,0.029333617881983465,1.3667691896344705,6.770328877598078,-1.5021300901484647
4660,training,0,0.006053349003195766,0.029333617881983465,1.3695253211732512,6.73032997615248,-1.502527957476895
4661,training,0,0.006573831662535671,0.029333617881983465,1.3722025296740814,6.6905252571989005,-1.5046761126939099
4662,training,0.013257112,0.05126182362437248,0.01138951449143414,1.3761109982705952,6.630603017870968,-1.5070300679468955
4663,training,0.00409811,0.07947930879890919,0.01138951449143414,1.3798699894754733,6.5708776739118875,-1.508313184920798
4664,training,0.004804383,0.08633450232446194,0.01138951449143414,1.3824074385990195,6.530904976438901,-1.5057231003231946
4665,training,0,0.028395775705575946,0.01138951449143414,1.3837249927544484,6.51093708038438,-1.5046295438258006
4666,training,0,0.019638137891888625,0.01138951449143414,1.3864219287904926,6.471216947233229,-1.5019273078019881
4667,training,0,0.011343592777848237,0.01138951449143414,1.3891771714491037,6.4312591534210926,-1.5028229906689445
4668,training,0,0.019126283004879945,0.00920191428391863,1.3905255632521278,6.411237775718159,-1.5050242653250785
4669,training,0,0.02012730948626995,0.00920191428391863,1.3930621604200855,6.371452442917633,-1.5088707205080776
4670,training,0,0.008770775049924854,0.00920191428391863,1.3954830327794616,6.331472994483708,-1.5120068573653402
4671,training,0,0.00917842984199524,0.00920191428391863,1.3977561549234754,6.2914822129817916,-1.516227312712461
4672,training,0,0.01625881530344487,0.00920191428391863,1.3998924160835375,6.251687842114346,-1.518630908315352
4673,training,0,0.010373586788773544,0.00920191428391863,1.4019260986368494,6.211600284200535,-1.5222384263616344
4674,training,0,0.0058841705322265625,0.004943441730076478,1.4037701664556446,6.17176358080038,-1.5265842185662364
4675,training,0,0.00617431104183197,0.004943441730076478,1.4054707940251487,6.131796062627343,-1.5301157527837732
4676,training,0,0.012207034975290295,0.004943441730076478,1.407023774002241,6.091700181501333,-1.5344541786041896
4677,training,0,0.009579377248883247,0.004943441730076478,1.408422371410128,6.051901854956432,-1.5369804415710313
4678,training,0,0.014006093144416809,0.004943441730076478,1.4097416320212428,6.011819594800792,-1.5388082583209242
4679,training,0,0.02125396020710468,0.004943441730076478,1.4109869116016756,5.971912462517174,-1.5401216533185742
4680,training,0,0.022279677912592884,0.011302796001047756,1.4122126943116269,5.931996551052111,-1.540426239790411
4681,training,0,0.032453497871756554,0.011302796001047756,1.4134189402537396,5.8918722780506965,-1.5414246575331292
4682,training,0,0.028596197254955765,0.011302796001047756,1.414583739103738,5.852075883353663,-1.541685955713003
4683,training,0.0030048126,0.05335183069109916,0.011302796001047756,1.4163662412302644,5.7919816583239205,-1.5405003319537365
4684,training,0.0044907453,0.063008276745677,0.011302796001047756,1.4183693069325969,5.732266304596542,-1.5335590557000844
4685,training,0.004941848,0.05188781209290028,0.015404337240455446,1.4199678229382373,5.692204650147336,-1.5281758355643877
4686,training,0.0023710395,0.05510622635483742,0.015404337240455446,1.4217564368379962,5.652468111819426,-1.5238712702280857
4687,training,0.0031901815,0.05255551077425481,0.015404337240455446,1.4237003145742029,5.612542322212244,-1.521238573149485
4688,training,0.008243073,0.05671790987253189,0.015404337240455446,1.426680357840166,5.552672362453871,-1.5210479315695578
4689,training,0,0.048847056925296777,0.015404337240455446,1.4276772249912255,5.532754243445626,-1.5207529033405724
4690,training,0.0077944375,0.05061159469187259,0.015404337240455446,1.4306728897448298,5.4727014111058425,-1.522223855582864
4691,training,0.0031503616,0.06447689794003963,0.022297391053197436,1.4335816597890474,5.412951445698659,-1.5221897129583064
4692,training,0.0016674438,0.058373432606458664,0.022297391053197436,1.4355495466858015,5.372897597452009,-1.521504210077861
4693,training,0.0042070486,0.057864345610141754,0.022297391053197436,1.4385388093160532,5.313184287415799,-1.520532395439884
4694,training,0,0.032792320474982255,0.022297391053197436,1.4395472014405855,5.2931483310356615,-1.5206869292407854
4695,training,0.0015072417,0.05558508448302747,0.022297391053197436,1.4424925616523405,5.2333313555068575,-1.5224247511792661
4696,training,0.0027456428,0.07572772912681101,0.029044082120111468,1.4453858615072945,5.173294934142546,-1.5230879859916473
4697,training,0,0.04128490388393402,0.029044082120111468,1.4463347972237182,5.153347867220988,-1.5238284444397978
4698,training,0.0046375627,0.07441839575767517,0.029044082120111468,1.4482086353921313,5.1135522870736745,-1.5244558270944668
4699,training,0.008140857,0.0680615585297346,0.029044082120111468,1.4509697269064674,5.053500297571019,-1.5251623861675487
4700,training,0.0044880593,0.06151235848665239,0.029044082120111468,1.452806391559032,5.013738596908115,-1.5248205951064586
4701,training,0,0.03732066974043846,0.03958819629092667,1.4546231277028245,4.9736566581051145,-1.5273715328258435
4702,training,0,0.04001510143280029,0.03958819629092667,1.4554624039866961,4.95361306166256,-1.531152908545414
4703,training,0.0029350505,0.06491195783019066,0.03958819629092667,1.4575687596186488,4.893774665351734,-1.5397940280223208
4704,training,0.0030458851,0.07863754220306873,0.03958819629092667,1.4587226372747393,4.853624749402791,-1.544158418079764
4705,training,0.009482231,0.11295446753501892,0.03958819629092667,1.4598273575378387,4.813797059787442,-1.5412150015315553
4706,training,0.003188399,0.13273044675588608,0.03958819629092667,1.4604484522513204,4.793827989561939,-1.5375188059997156
4707,training,0.0041310405,0.1106268409639597,0.04704078624744003,1.4629574132965997,4.73394448182527,-1.5196910092619704
4708,training,0.003712413,0.06897289864718914,0.04704078624744003,1.4664222592001264,4.674176767282008,-1.5080366499728817
4709,training,0.008247947,0.05764077603816985,0.04704078624744003,1.4689489121375467,4.634132780990319,-1.5101720491084853
4710,training,0.00063750544,0.09709510207176208,0.04704078624744003,1.4701310451691607,4.614281851631202,-1.5138475152341073
4711,training,0.0030243564,0.11376617103815079,0.04704078624744003,1.4721804495350057,4.5742343831649634,-1.5253759248030445
4712,training,0.0069758194,0.1202045064419508,0.04704078624744003,1.47303882283543,4.554125693204794,-1.5306404302223724
4713,training,0.0065698167,0.12451073154807091,0.05823352434655502,1.4744667891804464,4.514231801641383,-1.5385025780864299
4714,training,0.0031618252,0.13059879280626774,0.05823352434655502,1.4756962816725405,4.474244655649895,-1.5410098999741053
4715,training,0.0035424915,0.16016325913369656,0.05823352434655502,1.4768785284062824,4.43415943310401,-1.5413748059359234
4716,training,0.010022687,0.1116311103105545,0.05823352434655502,1.478133291824622,4.39440345504001,-1.5367063327809791
4717,training,0.0039510056,0.22891274094581604,0.05823352434655502,1.4796267787683341,4.3543735768206195,-1.528960514206209
4718,training,0.004548423,0.2398989945650101,0.05823352434655502,1.4815419147810511,4.314558224260993,-1.5148815437993859
4719,training,0.0021236765,0.18874844163656235,0.05823352434655502,1.484144320733398,4.274849516100769,-1.4956782155326023
4720,training,0.007758407,0.16845889016985893,0.06461403387509282,1.4875160413482729,4.235041879836823,-1.477265186667046
4721,training,0.0079280585,0.13301540166139603,0.06461403387509282,1.4914343606284304,4.195944405088827,-1.4685512425214977
4722,training,0.0011832246,0.17370265722274777,0.06461403387509282,1.4955136569424274,4.156107470602451,-1.4710442967226243
4723,training,0.004336305,0.09665130451321602,0.06461403387509282,1.49934115169374,4.116225613168684,-1.4805478682364215
4724,training,0.017919868,0.08490073680877686,0.06461403387509282,1.5027352201542643,4.076439633827431,-1.4920707634366421
4725,training,0.0032687907,0.07950282841920853,0.08237663513842698,1.5056156662043645,4.03630773832824,-1.5069380650127988
4726,training,0.0018966021,0.08052389323711392,0.08237663513842698,1.5078550151988777,3.9964447234184535,-1.521594620631543
4727,training,0.007151546,0.07225063443183899,0.08237663513842698,1.5095992236120828,3.9564039323182874,-1.532304571790015
4728,training,0.009663724,0.07553676515817641,0.08237663513842698,1.5109598658678491,3.9162647499380734,-1.5414527998541323
4729,training,0.0055897655,0.07994176819920538,0.08237663513842698,1.5119859862451626,3.8764205194195536,-1.5486566513869178
4730,training,0.002435708,0.10501552745699884,0.08237663513842698,1.512773991809399,3.836280096343036,-1.553102814167078
4731,training,0.0047351196,0.12183061987161636,0.08382232972197436,1.5134709722528454,3.7964343788432755,-1.5522439174346212
4732,training,0.010919884,0.12168383412063122,0.08382232972197436,1.5143006311448068,3.7565171841418548,-1.5473217700152377
4733,training,0.006004072,0.08801176957786086,0.08382232972197436,1.5153126631212124,3.7163957149233187,-1.544343361569977
4734,training,0.0018767166,0.07802326232194903,0.08382232972197436,1.5163472910436984,3.6766818888661112,-1.547368899006912
4735,training,0.005467993,0.05842275172472,0.08382232972197436,1.5171209241575878,3.636547465904804,-1.5568474318181493
4736,training,0.00717281,0.056334137916564955,0.08382232972197436,1.5174544350558214,3.5964642126402575,-1.5679294757152837
4737,training,0,0.03701522201299666,0.082773118462865,1.5173417029499134,3.5564975061787627,-1.5795066609109139
4738,training,0,0.04129471629858017,0.082773118462865,1.5167442993804323,3.5162411613437152,-1.5917358543353028
4739,training,0,0.04658115655183792,0.082773118462865,1.5162729018260341,3.4962659915899,-1.5964993415428617
4740,training,0,0.011208456009626389,0.082773118462865,1.5143439081595556,3.4362982762255414,-1.60920225066426
4741,training,0,0.03942119679413736,0.082773118462865,1.513526734237174,3.416183684527582,-1.6135175735483216
4742,training,0,0.019177615642547614,0.0778160162244018,1.5116517508948317,3.3763199564696205,-1.6222461553425493
4743,training,0,0.03419326990842819,0.0778160162244018,1.5082093826116378,3.3162679733005342,-1.6332244201248383
4744,training,0,0.0362096056342125,0.0778160162244018,1.50694038723138,3.296266310099069,-1.6355374067701085
4745,training,0.0017181977,0.050832342356443405,0.0778160162244018,1.5028868057804723,3.2365617957147776,-1.6406129627861006
4746,training,0,0.04565385356545448,0.0778160162244018,1.5000611476413206,3.1965093521523524,-1.640681168428694
4747,training,0,0.001963125541806221,0.0778160162244018,1.4973280750780935,3.156822329079216,-1.6389642321566822
4748,training,0,0.02229599468410015,0.06087503393959141,1.4946581416279403,3.116847026407064,-1.6357307221684005
4749,training,0,0.028220843523740775,0.06087503393959141,1.492085660484617,3.0769870092776617,-1.6357089566584349
4750,training,0,0.02676818147301674,0.06087503393959141,1.49078630522192,3.057102094340344,-1.636888548152196
4751,training,0,0.01047280989587307,0.06087503393959141,1.4866963468200862,2.997085924475908,-1.6407744477055122
4752,training,0,0.005661657080054283,0.06087503393959141,1.4853021670746234,2.9772333040073025,-1.6418888618576792
4753,training,0,0.028551092371344563,0.06087503393959141,1.4809353686859659,2.917438959126823,-1.6459027554142625
4754,training,0,0.010112953837960958,0.0497625130735591,1.477927430767186,2.8775192834365435,-1.6461510060273195
4755,training,0,0.017282997723668814,0.0497625130735591,1.4749304024091252,2.837805676472986,-1.646140067832829
4756,training,0,0.014726661145687103,0.0497625130735591,1.4719400406959178,2.797805155860758,-1.6443818436427229
4757,training,0,0.03074759989976883,0.0497625130735591,1.4704953695164267,2.777874249720459,-1.6426623643066707
4758,training,0,0.03812095895409584,0.0497625130735591,1.467683282011541,2.738177047713665,-1.6407516413867709
4759,training,0,0.03945845365524292,0.0497625130735591,1.4649156618328862,2.6981739310754116,-1.6388775203158457
4760,training,0,0.03511224314570427,0.028053928613415442,1.4622638141056044,2.658401436110881,-1.6366079871543555
4761,training,0,0.03872671723365783,0.028053928613415442,1.459686633386126,2.618548776190486,-1.634143230615468
4762,training,0,0.028423268347978592,0.028053928613415442,1.4572061563665812,2.5785097956679714,-1.6307130321382368
4763,training,0,0.041539158672094345,0.028053928613415442,1.4548962830681103,2.538800540271814,-1.6279264792504768
4764,training,0,0.04950037226080893,0.028053928613415442,1.4515717055251187,2.47876563586884,-1.6242926166291654
4765,training,0,0.03376933559775353,0.028053928613415442,1.4495159365983983,2.4390484597189115,-1.6211205717117674
4766,training,0,0.038079049438238144,0.01571812363402733,1.4485334279987945,2.419099188925293,-1.6189925788015103
4767,training,0,0.04122146964073181,0.01571812363402733,1.4466837892701383,2.379014165064236,-1.6141783127993534
4768,training,0,0.038289960473775864,0.01571812363402733,1.4443222450608053,2.319300070001605,-1.6067543177564634
4769,training,0,0.022804707288742072,0.01571812363402733,1.4436252435626575,2.2992789218593694,-1.604127327975254
4770,training,0,0.01771370694041252,0.01571812363402733,1.4423889213381047,2.259261014838741,-1.598882049336721
4771,training,0,0.014766912907361977,0.01571812363402733,1.4413910464515103,2.2194568218648034,-1.5928348486786603
4772,training,0,0.0017021559178829193,0.0023540383373703627,1.4403830476571096,2.1593815314220306,-1.5814728113193037
4773,training,0,0.002842731773853302,0.0023540383373703627,1.4402224299310125,2.139523593067182,-1.576423748039273
4774,training,0,0.021597985178232193,0.0023540383373703627,1.44020947292102,2.099632398360651,-1.5662103490463286
4775,training,0,0.011703336611390114,0.0023540383373703627,1.4405620234367766,2.0595734920821895,-1.5574974235890822
4776,training,0,0.03512442857027054,0.0023540383373703627,1.441741022482761,1.9998182520488552,-1.5456757947933077
4777,training,0,0.008610013872385025,0.0023540383373703627,1.4428770140400056,1.9597220442400614,-1.5388233091517896
4778,training,0,0.004273857921361923,0.016126059090320333,1.4442943962346124,1.919988912168263,-1.5316491812459845
4779,training,0,0.04846464470028877,0.016126059090320333,1.4451093751455857,1.9000387584829739,-1.5284648799523237
4780,training,0.0034128658,0.053955841809511185,0.016126059090320333,1.4488911675126823,1.8202357966292544,-1.5187496948649042
4781,training,0.001658126,0.10376800410449505,0.016126059090320333,1.449950221635375,1.8003030229509418,-1.5170363079040543
4782,training,0.011655016,0.12377328425645831,0.016126059090320333,1.452156697878674,1.7602595751665457,-1.5146763960039935
4783,training,0.0097974315,0.12794279307127002,0.01621970704755986,1.4556547755534506,1.7005649834401573,-1.508639939898093
4784,training,0.003004829,0.15181454271078113,0.01621970704755986,1.4596538868785345,1.6406513975821901,-1.4993875499789546
4785,training,0.004594314,0.2393402531743049,0.01621970704755986,1.462691788231301,1.6009877712087317,-1.4892202240471581
4786,training,0.0026660715,0.17797903716564178,0.01621970704755986,1.4662016231319355,1.5611506298900228,-1.4759886235528539
4787,training,0.0041790823,0.10193558037281036,0.01621970704755986,1.470287365343315,1.521530958195244,-1.4583781739549635
4788,training,0.010240925,0.11337140202522278,0.01621970704755986,1.4752915048417496,1.4821733667777517,-1.4280769583690875
4789,training,0.0023745243,0.0964992344379425,0.026176205882150375,1.4816418052621156,1.443097295378329,-1.3899832496014226
4790,training,0.002443325,0.14494557678699493,0.026176205882150375,1.4895986721066494,1.4042422116723468,-1.3457162798182387
4791,training,0.0031847307,0.15462927520275122,0.026176205882150375,1.4942356247992499,1.385037999408759,-1.324508109981636
4792,training,0,0.030837029218673706,0.026176205882150375,1.5044979861024936,1.346740831559238,-1.2940136477785016
4793,training,0.009401076,0.10893458127975464,0.026176205882150375,1.510103000972022,1.3276800212156175,-1.2744135689658749
4794,training,0,0.01614406704902649,0.042839649596418276,1.5225276760230344,1.2898962382573398,-1.226137112417187
4795,training,0,0.04822215437889099,0.042839649596418276,1.5368233693940982,1.2532913480170107,-1.1696715713509898
4796,training,0.0051304647,0.134080708026886,0.042839649596418276,1.5534134858192652,1.2174728762357876,-1.1010811324984076
4797,training,0.010641629,0.13515019416809082,0.042839649596418276,1.5724952209081318,1.1830753916056944,-1.0267898206366146
4798,training,0,0.01371532678604126,0.042839649596418276,1.5940371490581888,1.1503424293670919,-0.9507386677746522
4799,training,0.006990502,0.08183392882347107,0.071232259264099,1.6179111645374025,1.1190783605518224,-0.8886784961525385
4800,training,0.0063192737,0.14973674714565277,0.071232259264099,1.643837595755328,1.089198307553577,-0.8225396861040969
4801,training,0.0029590717,0.12791785597801208,0.071232259264099,1.6715385849940025,1.0612970980864938,-0.7542443955125706
4802,training,0.002919438,0.14461830258369446,0.071232259264099,1.7010712003139226,1.0352272554941944,-0.6933878316765233
4803,training,0.028509604,0.06026737391948697,0.06867323272568931,1.732079906785425,1.0109655483236262,-0.6341900263598547
4804,training,0.00627922,0.11096698045730594,0.06867323272568931,1.764660822631896,0.9883578616784153,-0.5807346108666329
4805,training,0,0.04933041334152222,0.06867323272568931,1.7981285453240246,0.9677111148463178,-0.5236602556911721
4806,training,0.0009248168,0.11235631257295609,0.06867323272568931,1.832878727082675,0.9487810762487994,-0.4752299741227612
4807,training,0.0019681975,0.17746463045477867,0.08694101462818239,1.8686597432871095,0.9312383744033765,-0.43928701174742996
4808,training,0.0035150787,0.1721974853426218,0.08694101462818239,1.9230902138557913,0.9075686273355326,-0.37885730848891425
4809,training,0.0029220504,0.18070624768733978,0.08694101462818239,1.9602205017055743,0.8936359323624837,-0.34021539779233984
4810,training,0.0046675177,0.17191912978887558,0.08694101462818239,1.997866397448962,0.8811919061050332,-0.29617844891009243
4811,training,0.038423385,0.17501061467010004,0.11056138015021742,2.0551229982622967,0.8658571399841464,-0.22929223792077166
4812,training,0.0025432403,0.14950942993164062,0.11056138015021742,2.1136071252633473,0.8529435277114119,-0.2156341615589386
4813,training,0.009281628,0.12652082741260529,0.11056138015021742,2.1525067089684216,0.8443868907433586,-0.21803296835148497
4814,training,0.0069680773,0.11025609308853745,0.11056138015021742,2.1916587200770072,0.8356451446256103,-0.2217311812271426
4815,training,0.017586641,0.08417366072535515,0.11056138015021742,2.250005687231803,0.8224527803183533,-0.22374834317593637
4816,training,0.006723336,0.1552439033985138,0.11215534693485693,2.308595309680483,0.8092106404721787,-0.21903989122466686
4817,training,0.0049004764,0.11608083359897137,0.11215534693485693,2.3475134591510747,0.8004846671283633,-0.223976433809763
4818,training,0.025119105,0.0708615891635418,0.11215534693485693,2.406074677436688,0.7869819889234622,-0.2250398753635527
4819,training,0.005006374,0.06920596957206726,0.11215534693485693,2.444763345069533,0.7782784599578104,-0.21701648993447956
4820,training,0.002505856,0.06768171861767769,0.11215534693485693,2.4838354290847064,0.769859624036945,-0.20768955383073837
4821,training,0.0038385885,0.089337307959795,0.030603452700420645,2.5229971356245677,0.7618187261323784,-0.19663531228894762
4822,training,0.0009780474,0.10566871985793114,0.030603452700420645,2.5619845776922574,0.7543595104554816,-0.17687823291850277
4823,training,0.0020764892,0.10262628272175789,0.030603452700420645,2.6211049360498087,0.7451910576612223,-0.12919345392005271
4824,training,0.0010089919,0.10624792193993926,0.030603452700420645,2.66041727246265,0.7407399845468727,-0.09654111247286133
4825,training,0.004663431,0.06843993812799454,0.030603452700420645,2.700191586790188,0.7374742409711539,-0.06966716156160137
4826,training,0,0.04881471674889326,0.04429662180058604,2.7200692847369528,0.7361744841253239,-0.06211185501798276
4827,training,0.0042088013,0.05679216422140598,0.04429662180058604,2.7797874838302974,0.732862288107884,-0.049586587823500214
4828,training,0,0.04674266278743744,0.04429662180058604,2.799805626052005,0.7319011102128569,-0.0463761732734366
4829,training,0,0.046179719269275665,0.04429662180058604,2.8197388612166883,0.7309970253224382,-0.045128968458400746
4830,training,0,0.04207661747932434,0.04429662180058604,2.859590537729229,0.729241630346224,-0.043014862208026194
4831,training,0,0.049173224717378616,0.04429662180058604,2.8995889144698515,0.7275823178133942,-0.039926838279002036
4832,training,0,0.03802258521318436,0.04429662180058604,2.919536031613332,0.7267951126365667,-0.03983732458978516
4833,training,0,0.03756675496697426,0.056299178037606305,2.9594169212223966,0.725230035641365,-0.03877996633508453
4834,training,0,0.03446397185325622,0.056299178037606305,2.9994090043111887,0.7237145122547739,-0.03722873110718473
4835,training,0,0.028901465237140656,0.056299178037606305,3.0393296109168486,0.7222233496951704,-0.03826187209849831
4836,training,0,0.023056022822856903,0.056299178037606305,3.0792160469045458,0.7207098642443315,-0.037771096064438674
4837,training,0,0.023160083219408992,0.056299178037606305,3.119212587424353,0.7192125102742324,-0.03787230103537346
4838,training,0,0.02320367470383644,0.056299178037606305,3.159102460977187,0.717686379782417,-0.03866835569463312
4839,training,0,0.021439965814352036,0.04925383926508929,3.199057543589283,0.7161569717820314,-0.03806642510201886
4840,training,0,0.02603261172771454,0.04925383926508929,3.239001653639049,0.7146265315904328,-0.03936802524172835
4841,training,0,0.017334267497062683,0.04925383926508929,3.2788845132598743,0.7130551507238108,-0.0397214572108737
4842,training,0,0.010257991030812263,0.04925383926508929,3.3189187725496194,0.7114573484553026,-0.040690834316199215
4843,training,0,0.012715553864836693,0.04925383926508929,3.3588076633782395,0.7097706094202453,-0.043897842464385835
4844,training,0,0.003595454618334772,0.04925383926508929,3.39871948494692,0.7079995193513482,-0.045019476784038885
4845,training,0,0.006216024979948999,0.0385557552840698,3.4386892952775674,0.7061653586024588,-0.04780670633401614
4846,training,0,0.008433395996689796,0.0385557552840698,3.4785669812475377,0.7042152850015665,-0.04988616230017963
4847,training,0,0.006660023704171181,0.0385557552840698,3.5185632461711456,0.7022003349359754,-0.051075430756740724
4848,training,0,0.002844044007360935,0.0385557552840698,3.5584754033299273,0.700109958548023,-0.05406473248314688
4849,training,0,0.006276298314332962,0.0385557552840698,3.5983308841056982,0.6979396880154329,-0.054938793882893355
4850,training,0,0.006214851513504982,0.0385557552840698,3.6383272286431025,0.6957239908369549,-0.05656815724680926
4851,training,0,0.005387743469327689,0.026713664783746104,3.678171657551314,0.6934252979415528,-0.05858299536598722
4852,training,0,0.007200794294476511,0.026713664783746104,3.718102788699964,0.6910810424375701,-0.05870746212252911
4853,training,0,0.015337165445089344,0.026713664783746104,3.7580156978616004,0.6887256102252398,-0.05981849839340213
4854,training,0,0.01036052592098713,0.026713664783746104,3.797836302097261,0.6863639459929026,-0.05862341573614426
4855,training,0,0.010811345651745796,0.026713664783746104,3.8378381465241707,0.6840543210838499,-0.056968723184858044
4856,training,0,0.02489164099097252,0.026713664783746104,3.8776719709795984,0.6817846029823051,-0.05704908918888361
4857,training,0,0.03143030032515526,0.022208156487110796,3.9175562150308227,0.6795388359940523,-0.05583179945093983
4858,training,0,0.02418576180934906,0.022208156487110796,3.9574984432396176,0.6773078029547444,-0.05694337697420997
4859,training,0,0.029451541602611545,0.022208156487110796,3.9973405518543275,0.675024430596486,-0.05778409718804935
4860,training,0,0.04801034927368164,0.022208156487110796,4.0373264785458645,0.6727055707434589,-0.058467127149476376
4861,training,0.00634476,0.054867614060640335,0.022208156487110796,4.097116797539563,0.6690815262949169,-0.06265014947198358
4862,training,0,0.03740391880273818,0.022208156487110796,4.137080561885151,0.6665383478657503,-0.06487096010626951
4863,training,0,0.04652486741542816,0.004370268041649099,4.157036396464299,0.6652294557984888,-0.06663686841141482
4864,training,0.004281754,0.057845264673233025,0.004370268041649099,4.216765273985002,0.6611662357461846,-0.0691550591989314
4865,training,0,0.04092841222882271,0.004370268041649099,4.256755883880325,0.6583928844925934,-0.06947441484907381
4866,training,0,0.043553523719310774,0.004370268041649099,4.276616195311914,0.6570184100825771,-0.06864078904856241
4867,training,0,0.022558823227882385,0.004370268041649099,4.316373919755916,0.6544066242795432,-0.06234412670782133
4868,training,0,0.020975161343812943,0.004370268041649099,4.356346760156702,0.6520531405133969,-0.05509550710146377
4869,training,0,0.02326485514640808,0.017100789449410014,4.396145074150997,0.6499822616649767,-0.04857794292036812
4870,training,0,0.010496523231267929,0.017100789449410014,4.436010322963934,0.6482189131925447,-0.03987381184768738
4871,training,0,0.007093086838722229,0.017100789449410014,4.475910349070224,0.6467751374021782,-0.03311632815679805
4872,training,0,0.00022386759519577026,0.017100789449410014,4.515766884409137,0.6456187112872025,-0.0247571361720288
4873,training,0,0.010137544944882393,0.017100789449410014,4.555736984866144,0.6448165448450491,-0.015843958151348522
4874,training,0,0.028859382495284077,0.017100789449410014,4.595609530263205,0.6443075928881409,-0.009727310879640527
4875,training,0,0.04194178804755211,0.02892194805402665,4.635488645862049,0.6441082128519205,0.0005070131511037193
4876,training,0,0.017774932086467743,0.02892194805402665,4.6753292492923215,0.6443488994807647,0.010909435895290726
4877,training,0,0.029619995038956404,0.02892194805402665,4.715268064399901,0.6449799808912727,0.019422660169077188
4878,training,0,0.03665399178862572,0.02892194805402665,4.755197815107837,0.6459066351380194,0.026272659625619532
4879,training,0,0.03671024413779378,0.02892194805402665,4.795132799132371,0.6470359311453803,0.02998022953639028
4880,training,0,0.042456865310668945,0.02892194805402665,4.835011624498868,0.6483444653230592,0.036167267806864634
4881,training,0,0.043359825387597084,0.024723898294330138,4.874917983123997,0.6499240454339552,0.04163246147214328
4882,training,0,0.02415520884096622,0.024723898294330138,4.914874326157438,0.6516541999919444,0.044890643674034766
4883,training,0,0.010831501334905617,0.024723898294330138,4.95471798297132,0.6535383512404359,0.04847025869602767
4884,training,0,0.012135468423366547,0.024723898294330138,4.994647981363699,0.6554573362999532,0.04556638346574668
4885,training,0,0.008583176881074898,0.024723898294330138,5.034579517861268,0.6571871255551947,0.04135359628118137
4886,training,0,0.012403251603245739,0.024723898294330138,5.074567472429056,0.6587724561803284,0.037331400297225155
4887,training,0,0.04801526665687561,0.021110998816189483,5.114577791779642,0.6601582935237158,0.032258460920542804
4888,training,0.0016574786,0.07033093273639679,0.021110998816189483,5.174421437389288,0.6621557515824162,0.03604721513570278
4889,training,0.011288056,0.0976331103593111,0.021110998816189483,5.23424290543758,0.6646262661013456,0.04844667379748433
4890,training,0.004325159,0.07832210883498192,0.021110998816189483,5.29391605974386,0.668148346847574,0.06879256049535777
4891,training,0.005849407,0.052111852914094925,0.021110998816189483,5.33381810257991,0.6710315843031391,0.07497159016471809
4892,training,0,0.017499078065156937,0.007743135038912365,5.353574715701435,0.6725397892923966,0.07588943950692185
4893,training,0,0.016766242682933807,0.007743135038912365,5.373519708810278,0.6740401473005789,0.07323249776551846
4894,training,0,0.01909974217414856,0.007743135038912365,5.393452332641999,0.6754572572509937,0.06841378356770396
4895,training,0,0.008923262357711792,0.007743135038912365,5.433493719989435,0.6779681688497023,0.05705032063927751
4896,training,0,0.004109878093004227,0.007743135038912365,5.4734342949748305,0.6800729017672799,0.04781980417723071
4897,training,0,0.0014370791614055634,0.007743135038912365,5.513459599341342,0.6817589003019472,0.03553898291822604
4898,training,0,0.0026782415807247092,0.007743135038912365,5.553461871128908,0.6829460008160569,0.024302778398393066
4899,training,0,0.007469143718481064,0.015624531391698336,5.593554138352431,0.6837299597283607,0.015033648468547415
4900,training,0,0.011637933552265164,0.015624531391698336,5.633609862893385,0.6841271825273152,0.005182564719190876
4901,training,0,0.0011513233184814453,0.015624531391698336,5.673547670719311,0.6842105596445244,-0.001004388076361009
4902,training,0,0.0014744661748409306,0.015624531391698336,5.713600060376663,0.6840609258857338,-0.006626010172012495
4903,training,0,0.024867644533514977,0.015624531391698336,5.753550998534569,0.6837130620388493,-0.010251113285190157
4904,training,0,0.03010225109755993,0.014902492942929394,5.793568671988601,0.6832855184363258,-0.010339550939662597
4905,training,0,0.03700696490705013,0.014902492942929394,5.83348769029217,0.6828781183496245,-0.010011795381112692
4906,training,0,0.04033648781478405,0.014902492942929394,5.873408121612369,0.6825483497813667,-0.0062208507397451636
4907,training,0,0.028923025354743,0.014902492942929394,5.913333281511131,0.6823915672475755,-0.0025179258344310953
4908,training,0,0.01981212478131056,0.014902492942929394,5.953307141048095,0.6823559476234153,0.00010368301885968788
4909,training,0,0.047369064763188355,0.014902492942929394,5.993271394342489,0.6824231619039111,0.0027688532716522215
4910,training,0,0.03259246982634067,0.004831340745704789,6.033238424061636,0.6825618489518821,0.004006464220311022
4911,training,0,0.001584822311997417,0.004831340745704789,6.0731748210144145,0.6827670892279721,0.005695175589640271
4912,training,0,0.02713579125702381,0.004831340745704789,6.113220444058579,0.682999072434489,0.004506113245901559
4913,training,0,0.01868484914302826,0.004831340745704789,6.15324715469589,0.6830521910447,-0.0034589918000165728
4914,training,0,0.017000680789351463,0.004831340745704789,6.193210433049024,0.682748353332872,-0.011919996415080673
4915,training,0,0.013301648665219545,0.004831340745704789,6.233148851754768,0.6821382380110601,-0.01749683066588073
4916,training,0,0.02507478091865778,0.007898629443850827,6.2731061331908,0.6814382802959643,-0.01706731907142823
4917,training,0.011529659,0.05660714488476515,0.007898629443850827,6.333028739292214,0.6805325881121064,-0.014163945287510827
4918,training,0,0.04284315323457122,0.007898629443850827,6.372954085734847,0.6800654235549278,-0.007807216992115719
4919,training,0,0.031297567300498486,0.007898629443850827,6.392898339263998,0.6799550634303645,-0.0031612551701848345
4920,training,0,0.025056120008230206,0.007898629443850827,6.432792699798372,0.6799748727922125,0.0019285561362182798
4921,training,0,0.023330320604145523,0.007898629443850827,6.47272721505931,0.6800966998117686,0.003438922732258816
4922,training,0,0.026825580745935444,0.016891729636365906,6.5127068209978916,0.6802675829460266,0.004966285738506358
4923,training,0,0.027874872088432312,0.016891729636365906,6.55270525664213,0.6804877522745857,0.005722021479751216
4924,training,0,0.03974431939423084,0.016891729636365906,6.592642450066229,0.6807595302929782,0.00772815599147866
4925,training,0,0.03695704601705074,0.016891729636365906,6.632645456042107,0.6811202866202419,0.009912547909992334
4926,training,0,0.039646854624152184,0.016891729636365906,6.672622174788334,0.6815400897599981,0.010892032997984661
4927,training,0,0.029222793877124786,0.016891729636365906,6.712535087587978,0.6820295519024503,0.013192865592670681
4928,training,0,0.012833932414650917,0.020304477453874554,6.752537003920299,0.682572151858511,0.012813719398226411
4929,training,0,0.0018922518938779866,0.020304477453874554,6.792413742410941,0.6830587402464463,0.011032613128403692
4930,training,0,0.0034729205071926117,0.020304477453874554,6.832459351646298,0.683437450505656,0.00711154312102896
4931,training,0,0.004325404763221741,0.020304477453874554,6.872506866986183,0.6835821856647097,-0.0003489913717429017
4932,training,0,0.0024284720420837402,0.020304477453874554,6.912418370698606,0.6834678574991856,-0.005281269746843525
4933,training,0,0.019419867545366287,0.020304477453874554,6.952499921592572,0.6831814741474048,-0.009166492104627694
4934,training,0,0.031403481028974056,0.02190970562726132,6.992469073321248,0.6827698818205445,-0.010046344291095625
4935,training,0,0.04642648063600063,0.02190970562726132,7.032444041493674,0.6824329575712492,-0.0064186071026298116
4936,training,0,0.04944959096610546,0.02190970562726132,7.072336404644887,0.6822372064788003,-0.0034572529700143736
4937,training,0,0.04315534234046936,0.02190970562726132,7.112254045170522,0.6822118962024469,0.002293373641794646
4938,training,0,0.040560802444815636,0.02190970562726132,7.152195282418947,0.6824210175743004,0.006759306927357141
4939,training,0,0.028075011447072022,0.02190970562726132,7.192164826183448,0.6827422124464729,0.008795725152966455
4940,training,0,0.02511400170624256,0.009396435479859197,7.232099732021055,0.6831472674401093,0.010577643073036639
4941,training,0,0.010091762989759445,0.009396435479859197,7.272121856111551,0.6835511804867951,0.008285343007123056
4942,training,0,0.014819482341408736,0.009396435479859197,7.312019796675893,0.6838272555446865,0.0056513422808082085
4943,training,0,0.01658178493380547,0.009396435479859197,7.352072399121725,0.68400442815709,0.002660439318606528
4944,training,0,0.02343984693288803,0.009396435479859197,7.392091611052005,0.684024496214582,-0.001112052857211521
4945,training,0,0.014999850653111933,0.009396435479859197,7.431995804860398,0.6839895540015951,-0.00044063933248578125
4946,training,0,0.016024045646190643,0.014877304482029554,7.472017461497936,0.6839952639996639,-0.00025350484399792384
4947,training,0,0.018356019631028175,0.014877304482029554,7.511971534395779,0.6839767468988398,-0.0005782180134408612
4948,training,0,0.020410424098372463,0.014877304482029554,7.551964594433103,0.6839745236673725,0.00013697763010543307
4949,training,0,0.010622739791870117,0.014877304482029554,7.591977351168595,0.6839699953537615,-0.0009568243087426397
4950,training,0,0.018326355144381523,0.014877304482029554,7.6318903264100815,0.6839382498004449,-0.0010881239089184215
4951,training,0,0.007603086531162262,0.014877304482029554,7.671939988004335,0.6838888846469362,-0.002057813257932354
4952,training,0,0.00696099177002907,0.010084716274061193,7.711904051020363,0.6837634427311108,-0.004053755520027385
4953,training,0,0.0031519783660769445,0.010084716274061193,7.751879802528969,0.6835937111111325,-0.004797525777114368
4954,training,0,0.015575103461742401,0.010084716274061193,7.791923280392698,0.6833703418874595,-0.007063637000146703
4955,training,0,0.0004948712885379791,0.010084716274061193,7.831852071712068,0.6830575218701007,-0.00859709004963705
4956,training,0,0.008424524217844013,0.010084716274061193,7.871897152201977,0.6826939213525941,-0.010181832916615346
4957,training,0,0.005918446462601423,0.010084716274061193,7.911913034432976,0.6822237694086478,-0.013627148588322497
4958,training,0,0.0017207972705364227,0.008226653835077338,7.951868213156313,0.6816469122945651,-0.015444356235400554
4959,training,0,0.016392255784012377,0.008226653835077338,7.991889508414301,0.6809819115211961,-0.018797453110279385
4960,training,0,0.011632769834250212,0.008226653835077338,8.031851074506227,0.6801542331574291,-0.022474294183434693
4961,training,0,0.009153715800493956,0.008226653835077338,8.071875015244757,0.6792065455519216,-0.025111599705172207
4962,training,0,0.013877352699637413,0.008226653835077338,8.111835218463627,0.6781157121722013,-0.02983678355279536
4963,training,0,0.007123509421944618,0.008226653835077338,8.151757198859459,0.6768741577622233,-0.03238431055275591
4964,training,0,0.020318685099482533,0.005793748668706068,8.191760995224382,0.6755457643987143,-0.034626974025092024
4965,training,0,0.021244427189230922,0.005793748668706068,8.231674953160972,0.674117612851668,-0.03668995557553553
4966,training,0,0.010061420500278473,0.005793748668706068,8.271629280279853,0.672655942381878,-0.03656989486772703
4967,training,0,0.017036305740475655,0.005793748668706068,8.311567462583152,0.6711814879425754,-0.038037554944671925
4968,training,0,0.013078778982162476,0.005793748668706068,8.351456587010455,0.6696678336910623,-0.037751815114047425
4969,training,0,0.02477672137320042,0.005793748668706068,8.39147673987782,0.6681788058985886,-0.037122017838737364
4970,training,0,0.01922637410461903,0.019798540863577813,8.431371013637108,0.6666720645511436,-0.038457539962473246
4971,training,0,0.02900159917771816,0.019798540863577813,8.471275460721941,0.6651621533342039,-0.03740888786615225
4972,training,0,0.019281061366200447,0.019798540863577813,8.51122518069929,0.6636777492000917,-0.037992463242424925
4973,training,0,0.02453269623219967,0.019798540863577813,8.551127425562198,0.6621594988050067,-0.038060722129435835
4974,training,0,0.02907528169453144,0.019798540863577813,8.591121064450599,0.6606611321819156,-0.036959559288714486
4975,training,0,0.03428365848958492,0.019798540863577813,8.631030064570059,0.6591773642678507,-0.038000193186651904
4976,training,0,0.027809197083115578,0.025358899275081784,8.67092201163213,0.6576803171276269,-0.037151276130318836
4977,training,0,0.03516486845910549,0.025358899275081784,8.710893101832086,0.6562149978491738,-0.03712473150723511
4978,training,0,0.039822859689593315,0.025358899275081784,8.750803629606343,0.6547282188732431,-0.03732663701583397
4979,training,0,0.02703154645860195,0.025358899275081784,8.790757522578938,0.6532697612779523,-0.03574471200137091
4980,training,0,0.03392790816724301,0.025358899275081784,8.830683044391652,0.6518530222217359,-0.035963608391084395
4981,training,0,0.04337686114013194,0.025358899275081784,8.870573650700084,0.6504453631308064,-0.03465186730363075
4982,training,0,0.043602725490927696,0.02345714657467254,8.910586895247121,0.649098914840497,-0.033095661331048555
4983,training,0,0.03592037595808505,0.02345714657467254,8.950482898252202,0.6477723061235641,-0.03347227941181694
4984,training,0,0.04569641314446926,0.02345714657467254,8.990399095727698,0.646474559040448,-0.03169850428527071
4985,training,0,0.04242652840912342,0.02345714657467254,9.030345113087117,0.6452304657760327,-0.03166077336113353
4986,training,0,0.04269357956945896,0.02345714657467254,9.070260559339983,0.6439791858470169,-0.03094293635736608
4987,training,0,0.04530773125588894,0.02345714657467254,9.110262000427445,0.6427785385007886,-0.029230444955799958
4988,training,0.0052580694,0.050288347527384765,0.02702758006768531,9.170113164992262,0.6410233420436703,-0.029319180007687178
4989,training,0,0.040488891303539276,0.02702758006768531,9.210099718631342,0.6398877784680205,-0.027352385124451532
4990,training,0,0.03225846588611603,0.02702758006768531,9.249965619654914,0.6388406423105069,-0.024997686655315834
4991,training,0,0.043820369988679886,0.02702758006768531,9.269911256423253,0.6383718740202732,-0.02261258173647227
4992,training,0,0.03167022019624711,0.02702758006768531,9.30986154147932,0.6375754094199348,-0.01735398827322306
4993,training,0,0.03967515751719474,0.02702758006768531,9.349774880612909,0.6369463137680044,-0.014988325045802227
4994,training,0.0034221099,0.05081940069794655,0.029868696773296,9.389700118948658,0.6364147444238729,-0.011914738890262257
4995,training,0,0.026971256360411644,0.029868696773296,9.429662641968811,0.6360028292791882,-0.009648120555105522
4996,training,0,0.0238241795450449,0.029868696773296,9.469610563336287,0.635654318586846,-0.007314960897712714
4997,training,0,0.038558254018425935,0.029868696773296,9.509534758888675,0.635469457617854,-0.002019243441247961
4998,training,0,0.03712165541946888,0.029868696773296,9.549475200740936,0.6354601657286725,0.00016170181333490698
4999,training,0,0.034059463068842895,0.029868696773296,9.589437817792303,0.6355030436985322,0.0019078662646986398
5000,training,0,0.036521470174193375,0.022045859475277943,9.629441395932776,0.6356280381853572,0.003767263663010039
5001,training,0,0.028901657089591023,0.022045859475277943,9.669432663375689,0.6357750157160437,0.003284758886412828
5002,training,0,0.035070901736617095,0.022045859475277943,9.709349275208433,0.6359371942631977,0.004444156621731511
5003,training,0,0.030444318428635597,0.022045859475277943,9.749363452322303,0.6361334765405711,0.004551186703225748
5004,training,0,0.012592293322086336,0.022045859475277943,9.78931762667547,0.636304473167004,0.004366623316893709
5005,training,0,0.013894323259592058,0.022045859475277943,9.8293041540702,0.6365056737246864,0.00553681898603635
5006,training,0,0.019517527893185612,0.011750501062723042,9.869305079055971,0.6367294736624731,0.004960607645025119
5007,training,0,0.015378352254629135,0.011750501062723042,9.909217592865899,0.6369422153527619,0.005706133255451635
5008,training,0,0.009158994536846876,0.011750501062723042,9.949235074675002,0.637190657189139,0.005946977395551776
5009,training,0,0.01253874134272337,0.011750501062723042,9.989221500184152,0.6374071039770561,0.0049342955978684475
5010,training,0,0.014302432537078857,0.011750501062723042,10.02915859738851,0.6376266919472512,0.0058001245814184674
5011,training,0,0.014350695535540584,0.011750501062723042,10.069167674036175,0.6378580520513859,0.004973184624497614
5012,training,0,0.012188407592475414,0.007272909717222284,10.109113207759467,0.6380546744549853,0.005235110462893669
5013,training,0,0.01086719986051321,0.007272909717222284,10.149128651532237,0.638294866218138,0.0063850274820328795
5014,training,0,0.017899731174111366,0.007272909717222284,10.18912209583901,0.6385390916613364,0.0056820906082291085
5015,training,0,0.030330395326018326,0.007272909717222284,10.229032152271223,0.6388001909649489,0.00717687241504649
5016,training,0,0.02187466435134411,0.007272909717222284,10.2690366337943,0.6391144625480718,0.007683745007017012
5017,training,0,0.0251175444573164,0.008595438494014656,10.308981298543598,0.639420634017987,0.007910048455614046
5018,training,0,0.035712627694010735,0.008595438494014656,10.348961337915453,0.6397708637096132,0.009563573361944896
5019,training,0,0.01711822673678398,0.008595438494014656,10.388951790789307,0.6401661856731227,0.009559916114876168
5020,training,0,0.017572402954101566,0.008595438494014656,10.42885647792175,0.6405813488144227,0.011481569987251809
5021,training,0,0.005316793918609617,0.008595438494014656,10.468851680207106,0.6410869291860325,0.012884194670623562
5022,training,0,0.005439531058073042,0.008595438494014656,10.508824917915573,0.6416056403337913,0.013230188759968826
5023,training,0.0049285274,0.050965091213583946,0.0035432995483248323,10.568739804694873,0.6425129376097458,0.016247621906743576
5024,training,0,0.04178934171795845,0.0035432995483248323,10.608725859880769,0.6431777684308616,0.01725532177346219
5025,training,0,0.04889870807528496,0.0035432995483248323,10.628612472519123,0.6435410120368745,0.018505814390875144
5026,training,0.006524585,0.05960203707218171,0.0035432995483248323,10.688580300158756,0.644703040549129,0.019225857822705947
5027,training,0,0.024623963981866843,0.0035432995483248323,10.708596285736723,0.6450790642229053,0.018329343471231625
5028,training,0,0.009510582312941551,0.0035432995483248323,10.748496383591606,0.6458065345933531,0.01675579253795328
5029,training,0,0.03770070523023606,0.012384401191189044,10.788527667520627,0.646386511270938,0.011684390130957246
5030,training,0,0.035172030329704285,0.012384401191189044,10.828460655065607,0.6467662631184391,0.008376819119657602
5031,training,0,2.3715198040008545e-05,0.012384401191189044,10.86846982548685,0.6470839024885896,0.007668411202339174
5032,training,0,0.003375168889760971,0.012384401191189044,10.908475517011743,0.6473715476621784,0.006388391084663592
5033,training,0,0.0040137916803359985,0.012384401191189044,10.948380607062006,0.6476493527339028,0.007614735911144054
5034,training,0,0.0030812323093414307,0.012646561575933605,10.988391989373595,0.6479882185839821,0.008609698131424455
5035,training,0,0.003412887454032898,0.012646561575933605,11.028349645818142,0.648334666988151,0.008822605828457215
5036,training,0,0.002339370548725128,0.012646561575933605,11.068302555025694,0.6487241792620175,0.010599622849318594
5037,training,0,0.0012161210179328918,0.012646561575933605,11.108298766429897,0.6491620222992448,0.010496727359711314
5038,training,0,0.0022266111336648464,0.012646561575933605,11.148204309531113,0.6495967470757364,0.011420734011817375
5039,training,0,0.010584225878119467,0.012646561575933605,11.188215992657256,0.6500812635508157,0.012131728451483553
5040,training,0,0.0129884984344244,0.0025960429515937584,11.228210245032468,0.6505451005060077,0.011088932905680625
5041,training,0,0.0002011083997786045,0.0025960429515937584,11.268096399324781,0.6510239934305082,0.012507770561707234
5042,training,0,0.0002266913652420044,0.0025960429515937584,11.308101643104463,0.6515361784014111,0.012140271018044504
5043,training,0,0.011395850218832491,0.0025960429515937584,11.34802205372185,0.6520129908895111,0.012227765957537521
5044,training,0,0.002734539331868291,0.0025960429515937584,11.388011878400835,0.6525311237598564,0.013390352189687881
5045,training,0,0.0028811022639274597,0.0025960429515937584,11.428006691529543,0.6530588289068615,0.012519508785070101
5046,training,0,0.0019998401403427124,0.006607428311112814,11.46788536493165,0.6535842319059146,0.013911124834159239
5047,training,0,0.015528751537203789,0.006607428311112814,11.507889297289282,0.6541712243271054,0.014540883608664535
5048,training,0,0.009811182972043753,0.006607428311112814,11.547832684786082,0.6547475653862963,0.01482213026249544
5049,training,0,0.020853848196566105,0.006607428311112814,11.587775090319878,0.655385734909377,0.01701020377857401
5050,training,0,0.01363649358972907,0.006607428311112814,11.627755409408053,0.6560915869014874,0.01765148655835381
5051,training,0,0.016718641854822636,0.006607428311112814,11.667640870876758,0.6568353599861664,0.019801112850534305
5052,training,0,0.01623641327023506,0.008306670255420118,11.707626126155233,0.6576751093025257,0.021313280999964695
5053,training,0,0.0067804101854562725,0.008306670255420118,11.747620481229957,0.6585129824654374,0.02026579598597575
5054,training,0,0.0050627682358026505,0.008306670255420118,11.787512176737078,0.6593389874770178,0.020362457004225527
5055,training,0,0.0041846055537462234,0.008306670255420118,11.82752879581269,0.6601185188862461,0.01740467597121646
5056,training,0,0.009682284668087961,0.008306670255420118,11.867455376170625,0.6607414272987531,0.014084053566459942
5057,training,0,0.011932900175452232,0.008306670255420118,11.90749224893867,0.6612493493133806,0.010805338207841719
5058,training,0,0.010695412289351225,0.004622002398997787,11.947527189409506,0.6615752091770397,0.005263424544354069
5059,training,0,0.005229952628724277,0.004622002398997787,11.987418730838904,0.6617336566604316,0.002763898461523839
5060,training,0,0.020721592009067535,0.004622002398997787,12.027433525885913,0.6618236637461823,0.0018340076418376506
5061,training,0,0.032622814644128084,0.004622002398997787,12.067409333219368,0.6619207429460318,0.003822469521166518
5062,training,0,0.025959502905607224,0.004622002398997787,12.107359651881424,0.6621832767880058,0.00958573188223512
5063,training,0,0.013793776743113993,0.004622002398997787,12.147277338097172,0.6626426351871305,0.012462691366213984
5064,training,0,0.021614935249090195,0.010353434761531584,12.187151367686411,0.6631994275668407,0.014513410851985901
5065,training,0,0.04290488362312317,0.010353434761531584,12.227158001383582,0.663801854403864,0.01504341487090512
5066,training,0.01559291,0.0716889500617981,0.010353434761531584,12.287067344205967,0.6647795674134274,0.019262835703962467
5067,training,0,0.03724968992173672,0.010353434761531584,12.307033176014487,0.6651983317199918,0.023204837307941102
5068,training,0,0.01933770254254341,0.010353434761531584,12.346941885927153,0.6662569571840027,0.027514007558969
5069,training,0,0.00993897020816803,0.010353434761531584,12.386846955964653,0.6673734264866237,0.028082677783769806
5070,training,0,0.017962196841835976,0.005404359125689995,12.426864323114678,0.6684686679356134,0.02438440004031385
5071,training,0,0.0001443997025489807,0.005404359125689995,12.466916402535158,0.6692582930483021,0.01467996760622902
5072,training,0,0.014032659120857716,0.005404359125689995,12.506842822644861,0.6697158955873523,0.009018333081450638
5073,training,0,0.03749799728393555,0.005404359125689995,12.546910756335205,0.6699943186146867,0.004110701318108318
5074,training,0,0.04296357836574316,0.005404359125689995,12.58689437682695,0.6700904504034955,0.002926085363208129
5075,training,0,0.03969260863959789,0.005404359125689995,12.626848195107716,0.6703108421636087,0.008924138350840213
5076,training,0,0.0340474396944046,0.011014219925671738,12.666731308687016,0.6707591458281239,0.01265256874235697
5077,training,0,0.025535065680742264,0.011014219925671738,12.706652897259985,0.6713382756859946,0.015682319818840777
5078,training,0,0.008414376527071,0.011014219925671738,12.746656041263416,0.6720040900729013,0.016410635808228817
5079,training,0,0.0018537100404500961,0.011014219925671738,12.78664577936896,0.6726140978001813,0.013474535180705736
5080,training,0,0.029545383527874947,0.011014219925671738,12.826589619827185,0.6731004028289188,0.00985831686155137
5081,training,0,0.031946130096912384,0.011014219925671738,12.866671373762525,0.6733605335255317,0.0016544947937787004
5082,training,0,0.029847878962755203,0.006915348719214007,12.906617783012962,0.6732492723406074,-0.0067322375416809825
5083,training,0,0.03956513828597963,0.006915348719214007,12.946725972722998,0.6728229362090642,-0.01484204663076847
5084,training,0,0.03237377852201462,0.006915348719214007,12.986774768273314,0.6720304106410672,-0.024473370448699773
5085,training,0,0.028482185676693916,0.006915348719214007,13.02668528346598,0.6709278604331952,-0.030738278155514744
5086,training,0,0.003075341694056986,0.006915348719214007,13.066682267092006,0.6695984297633774,-0.03600555190395013
5087,training,0,0.006721975281834602,0.005056508456638329,13.106646748637605,0.6681108125983839,-0.037172365501385175
5088,training,0,0.01934570632874966,0.005056508456638329,13.146621269951254,0.6666807651723232,-0.034151289675764675
5089,training,0,0.02555148070678115,0.005056508456638329,13.186548197410609,0.6653473472329156,-0.033589141921015794
5090,training,0,0.04080424923449755,0.005056508456638329,13.226452288802557,0.6640120271719359,-0.034711459802688666
5091,training,0,0.0444223266094923,0.005056508456638329,13.266497558791718,0.6625478756900154,-0.039803260953804986
5092,training,0,0.033874617889523506,0.005056508456638329,13.306399600444617,0.6608311465592275,-0.04513926427095724
5093,training,0.008572683,0.05363313481211662,0.010555752098682286,13.366365104538554,0.658064261381757,-0.047125150894293845
5094,training,0,0.006277343258261681,0.010555752098682286,13.40624276692211,0.6560985460513132,-0.0518000684997664
5095,training,0.0025149647,0.0531755518168211,0.010555752098682286,13.46617498646175,0.6529232453010173,-0.05377352481962588
5096,training,0.022219026,0.07982945069670677,0.010555752098682286,13.5060704445624,0.6507084291860731,-0.057732121380723166
5097,training,0.003630056,0.06564144045114517,0.010555752098682286,13.565979071446879,0.6471006116264976,-0.06337723111163046
5098,training,0.0049515204,0.068313829600811,0.017551310725881827,13.605876753379878,0.6444645182675796,-0.06888729205949873
5099,training,0,0.020359680056571947,0.017551310725881827,13.6257563768477,0.6430823843714045,-0.06963157156733489
5100,training,0,0.025506533682346344,0.017551310725881827,13.64567626627968,0.6417085573461849,-0.06723747426518618
5101,training,0,0.007470510900020613,0.017551310725881827,13.685601587148547,0.6392004264009554,-0.058473281740462284
5102,training,0,0.018639639019966125,0.017551310725881827,13.705501162235864,0.638088323927122,-0.053389612925136165
5103,training,0.006977845,0.05182056501507758,0.017551310725881827,13.765270008090734,0.635406288768572,-0.03732894573819811
5104,training,0.008011954,0.06337257102131842,0.017551310725881827,13.805163471229609,0.6340733384006824,-0.03012945223705878
5105,training,0,0.043465398252010345,0.01676044260242728,13.825090995187626,0.6335175862901835,-0.02660324499929212
5106,training,0,0.018231157213449464,0.01676044260242728,13.865014774415089,0.6325866930866798,-0.019410639983712768
5107,training,0,0.007408902049064636,0.01676044260242728,13.9048824031554,0.6319581707143721,-0.012206713356042422
5108,training,0,0.006318043917417519,0.01676044260242728,13.944763273037974,0.6316774621249306,-0.001560708059091082
5109,training,0,0.004657365381717689,0.01676044260242728,13.984663275539372,0.6318649173736718,0.010352618164085925
5110,training,0,0.0013545490801334416,0.01676044260242728,14.024561861195394,0.6324597480923458,0.01843288653393244
5111,training,0,0.003930085338652134,0.017146469189108733,14.064473541659927,0.6333529470309771,0.026054869798007207
5112,training,0,0.007666241377592085,0.017146469189108733,14.104426003466061,0.6344966390133107,0.02918302373463087
5113,training,0,0.004949735477566719,0.017146469189108733,14.144338245175753,0.6356786907163865,0.030251035544559306
5114,training,0,0.005605540703982115,0.017146469189108733,14.18429902636863,0.6369298158677232,0.03196480725410928
5115,training,0,0.01015840470790863,0.017146469189108733,14.224258682258347,0.638211685424055,0.03183812994675463
5116,training,0,0.0013269931077957153,0.017146469189108733,14.26412973257592,0.6395165012320535,0.03351415793685079
5117,training,0,0.021737060509622097,0.007791155354769754,14.304086063681837,0.6408825031479458,0.03390557867356406
5118,training,0,0.020661401096731424,0.007791155354769754,14.344050028119304,0.6422388785934242,0.03464518463503221
5119,training,0,0.0432561244815588,0.007791155354769754,14.383932204341287,0.643701934857962,0.03852062579704703
5120,training,0.0063859615,0.058664675801992416,0.007791155354769754,14.443836557046772,0.6461489581683993,0.04332438966072394
5121,training,0,0.039479583501815796,0.007791155354769754,14.483652864623716,0.6480211011543558,0.05114032100629215
5122,training,0.035126854,0.050826067104935646,0.007791155354769754,14.523508373378904,0.6501932249248379,0.05677195285059254
5123,training,0,0.02515082247555256,0.011351730516998112,14.563388000705553,0.6525539272540095,0.061256626101964765
5124,training,0,0.021080980077385902,0.011351730516998112,14.603258363085029,0.6550427509573694,0.06173642874834793
5125,training,0,0.02265443094074726,0.011351730516998112,14.623206241719794,0.6562635783164091,0.060051846167492894
5126,training,0,0.011344792321324348,0.011351730516998112,14.663115080525708,0.6585969709096833,0.057022814311755085
5127,training,0,0.001736816018819816,0.011351730516998112,14.703057169522387,0.6608172411273854,0.05318867406497104
5128,training,0,0.026984529569745057,0.011351730516998112,14.74304113218489,0.6628141306199066,0.046087771250298025
5129,training,0,0.011481987312436104,0.013858186835104137,14.782964795784126,0.6645584172065976,0.04190169130217564
5130,training,0,0.022873306646943085,0.013858186835104137,14.822957489059107,0.6661637347715873,0.03727941854801686
5131,training,0,0.0015901988372206688,0.013858186835104137,14.862932384330612,0.6675430902813678,0.032722828888330086
5132,training,0,0.019699875265359882,0.013858186835104137,14.902881728956057,0.668824580586874,0.03140822247591214
5133,training,0,0.02817499451339245,0.013858186835104137,14.942865596880292,0.6700402914026229,0.028743353416113237
5134,training,0,0.023175721988081932,0.013858186835104137,14.982756776626806,0.6711605860937891,0.02746706237258646
5135,training,0,0.02369715273380279,0.021163407649186464,15.022759526184231,0.6722403914682772,0.025940881844773986
5136,training,0,0.029669325798749924,0.021163407649186464,15.062762382470558,0.6732238770155348,0.023305311974545457
5137,training,0,0.018824469298124317,0.021163407649186464,15.102660387203748,0.6741587970783052,0.023106082685021744
5138,training,0,0.030044330283999436,0.021163407649186464,15.142658392816609,0.6750614759403439,0.021253022730281127
5139,training,0,0.029962295666337006,0.021163407649186464,15.182571442953849,0.6758823820324513,0.02021340094880758
5140,training,0,0.021001454442739487,0.021163407649186464,15.222581278643812,0.6766907515419965,0.019819069228819774
5141,training,0,0.03216147609055042,0.017109397846019354,15.262580030801558,0.6774430907531268,0.01761046526502235
5142,training,0,0.03419124521315098,0.017109397846019354,15.302458369649838,0.6781540287044519,0.017831910531269226
5143,training,0,0.031244968995451927,0.017109397846019354,15.342472525983062,0.678866844700513,0.01692166645587821
5144,training,0,0.0344803649932146,0.017109397846019354,15.382397636777585,0.6795123661140261,0.01604010779872881
5145,training,0,0.034545863047242165,0.017109397846019354,15.422384593136444,0.6801637736414389,0.01630297357249248
5146,training,0,0.030024928972125053,0.017109397846019354,15.462390484372486,0.6807953233238827,0.014536003170448425
5147,training,0,0.020357908681035042,0.009601720641855159,15.50227133881121,0.6813699187801175,0.014241170024557529
5148,training,0,0.025679824873805046,0.009601720641855159,15.542298547235568,0.6819380359541836,0.01352290971618772
5149,training,0,0.027344556525349614,0.009601720641855159,15.582276340426965,0.6824444390401636,0.01206971349633889
5150,training,0,0.034077418968081474,0.009601720641855159,15.622193639560546,0.6829487930688103,0.012800858359852651
5151,training,0,0.029791494831442833,0.009601720641855159,15.662207233013973,0.6834550039647571,0.011660234231201671
5152,training,0,0.016389383003115654,0.009601720641855159,15.702103156258042,0.6839086684439508,0.011297306285771736
5153,training,0,0.02350394614040851,0.019226047806914753,15.742133327455875,0.6843621861047084,0.01066771454477587
5154,training,0,0.02925008721649646,0.019226047806914753,15.782139564361321,0.6847351058639496,0.00801700574750854
5155,training,0,0.015774158760905266,0.019226047806914753,15.822019900241347,0.6850629086911285,0.008052980908423867
5156,training,0,0.015130683779716492,0.019226047806914753,15.862063464006972,0.6853771457861357,0.006698639822118598
5157,training,0,0.02641279436647892,0.019226047806914753,15.901982857602585,0.6856047051052843,0.005178074261993749
5158,training,0,0.018454236909747127,0.019226047806914753,15.941990389809211,0.6858044406316554,0.0045665420656399985
5159,training,0,0.011941464617848396,0.01292122482839502,15.982017248588722,0.685947586663441,0.0019251960661648432
5160,training,0,0.01935473643243313,0.01292122482839502,16.021904610119112,0.6860052858569958,0.000758339828837458
5161,training,0,0.008608134463429448,0.01292122482839502,16.061969039287423,0.6860131914334476,-0.000997339719194985
5162,training,0,0.008495111018419266,0.01292122482839502,16.1019223834579,0.6859175617485034,-0.0034683249825755796
5163,training,0,0.0201793871819973,0.01292122482839502,16.141902530673306,0.6857659619620159,-0.004350223903759429
5164,training,0,0.016550272703170776,0.01292122482839502,16.181951930956398,0.6855615867288716,-0.006555850987120866
5165,training,0,0.0025975704193115234,0.012523384946440964,16.221869942301886,0.6852728770184345,-0.00787881903785785
5166,training,0,0.01094672083854675,0.012523384946440964,16.261907959415716,0.6849462277795072,-0.009004147976772892
5167,training,0,0.014496278017759323,0.012523384946440964,16.301906681536853,0.68453697788231,-0.011741769904208013
5168,training,0,0.004292222671210766,0.012523384946440964,16.34185350053479,0.6840579991350643,-0.01220316516202722
5169,training,0,0.003837470430880785,0.012523384946440964,16.3818490636013,0.6835606966704076,-0.013647315692684377
5170,training,0,0.005945153068751097,0.012523384946440964,16.42180676685536,0.6829896888030647,-0.01475721290132209
5171,training,0,0.002472254913300276,0.008507806902610325,16.46181770458455,0.6824094257005379,-0.014444104040574038
5172,training,0,0.0027713743038475513,0.008507806902610325,16.50175841047275,0.6818030226544292,-0.016478131354278284
5173,training,0,0.0036880555562675,0.008507806902610325,16.54168696073413,0.6811466461579682,-0.016353092659907368
5174,training,0,0.01396274194121361,0.008507806902610325,16.581664824939946,0.6805074529396015,-0.01674056464842539
5175,training,0,0.01233469322323799,0.008507806902610325,16.621621246325887,0.679822324015184,-0.017586949904714985
5176,training,0,0.0029837072361260653,0.008507806902610325,16.66159335955968,0.6791415061264814,-0.016584201122974745
5177,training,0,0.003243492916226387,0.009588792187945352,16.701540031541306,0.6784762982418207,-0.01762904862866385
5178,training,0,0.000766142795328051,0.009588792187945352,16.74146737616117,0.6777793994902891,-0.017118359936626283
5179,training,0,0.008143480867147446,0.009588792187945352,16.78149167142001,0.6771230194325948,-0.016473458318957794
5180,training,0,0.0032850075513124466,0.009588792187945352,16.82141531272383,0.6764341027279593,-0.018008901064663907
5181,training,0,0.002734198758844286,0.009588792187945352,16.861349217545115,0.675738897934105,-0.016864146371827732
5182,training,0,0.008380618412047625,0.009588792187945352,16.901308049462227,0.6750797265268401,-0.017266407025303143
5183,training,0,0.007084097247570753,0.01609899268492544,16.941254239204163,0.6743913360103326,-0.017011242814880038
5184,training,0,0.0031661558896303177,0.01609899268492544,16.98126198002039,0.6737464317381285,-0.015339229757153234
5185,training,0,0.006381748244166374,0.01609899268492544,17.02118357362062,0.6731312283497312,-0.01604032054597219
5186,training,0,0.0036901552230119705,0.01609899268492544,17.061108785208084,0.6725201163789192,-0.014518994111051075
5187,training,0,0.004227155819535255,0.01609899268492544,17.10106570972516,0.6719745026876535,-0.014099905919282394
5188,training,0,0.009661148767918348,0.01609899268492544,17.141030857030458,0.6714130099732621,-0.014042007071321203
5189,training,0,0.0033629457757342607,0.002200298881894194,17.18100709214588,0.670887837067935,-0.012417123429407996
5190,training,0,0.004507409408688545,0.002200298881894194,17.22094564491548,0.6703946574371736,-0.01308493704660253
5191,training,0,0.004396861419081688,0.002200298881894194,17.260879773245385,0.669888934315886,-0.01213948197494631
5192,training,0,0.0015732217580080032,0.002200298881894194,17.30088255637607,0.6694404537512367,-0.011086460003555789
5193,training,0,0.004396891221404076,0.002200298881894194,17.340829690800476,0.6689838979173182,-0.01192433373016971
5194,training,0,0.0021690446883440018,0.002200298881894194,17.380773000074438,0.6685374391242512,-0.010483185321051788
5195,training,0,0.0032951291650533676,0.018073262543621814,17.4207389488231,0.6681353887772543,-0.010734756645626358
5196,training,0,0.00646646274253726,0.018073262543621814,17.460695094999213,0.6677089081015101,-0.010443255960936277
5197,training,0,0.004312902223318815,0.018073262543621814,17.500706109856157,0.6673258337961537,-0.008969476985884411
5198,training,0,0.004355927929282188,0.018073262543621814,17.54063761755903,0.6669593071364635,-0.009745222522196477
5199,training,0,0.0034446511417627335,0.018073262543621814,17.580574824007417,0.6665979239012383,-0.008397278015653951
5200,training,0,0.004180573392659426,0.018073262543621814,17.620551488970406,0.6662904771754162,-0.008066679932049053
5201,training,0,0.005146279465407133,0.015076884991032954,17.66052629864922,0.6659657868645877,-0.00825559941851635
5202,training,0,0.003128207754343748,0.015076884991032954,17.70051207875463,0.6656648679969932,-0.006948899353214201
5203,training,0,0.0008727442473173141,0.015076884991032954,17.7404730163377,0.6653862731262923,-0.007730905639855466
5204,training,0,0.00620580418035388,0.015076884991032954,17.780418226953437,0.6650876437975358,-0.0072404318506010005
5205,training,0,0.00746976537629962,0.015076884991032954,17.820404954243184,0.66482172795238,-0.006741013407043824
5206,training,0,0.0036799218505620956,0.015076884991032954,17.860395905806048,0.6645470578737671,-0.007424978693132728
5207,training,0,0.0034805979230441153,0.005465843755120804,17.9003482919411,0.6642782040343377,-0.006104501021831015
5208,training,0,0.0036195721477270126,0.005465843755120804,17.94031892611683,0.6640489182931916,-0.006366327749331566
5209,training,0,0.006016453728079796,0.005465843755120804,17.980280140419712,0.6637998611424234,-0.005908850439589239
5210,training,0,0.009206015150994062,0.005465843755120804,18.020288293224397,0.6636023911425488,-0.0043401699327114554
5211,training,0,0.01502157375216484,0.005465843755120804,18.060239234522438,0.6634276016712823,-0.004653805314169536
5212,training,0,0.006577858701348305,0.005465843755120804,18.1001816277372,0.663277795867427,-0.0028694825929790353
5213,training,0,0.005278432741761208,0.007576362783119507,18.140155008945403,0.6631992939532125,-0.0020825870595131205
5214,training,0,0.01103243906982243,0.007576362783119507,18.18013386223211,0.663126263592078,-0.0015622314961461156
5215,training,0,0.008221404626965523,0.007576362783119507,18.220118471398873,0.6631074289000193,0.0005672684266475235
5216,training,0,0.014767877291887999,0.007576362783119507,18.260073113756345,0.6631488224758958,0.000892409502123927
5217,training,0,0.022083320654928684,0.007576362783119507,18.30002021414137,0.6632220672721613,0.0028846162208701633
5218,training,0,0.012470848159864545,0.007576362783119507,18.339990601371046,0.6633905170041118,0.004855479266838858
5219,training,0,0.012012645194772631,0.004765942904310112,18.37997370616531,0.6636165121483737,0.00613076737460999
5220,training,0,0.019595983438193798,0.004765942904310112,18.41991236380949,0.6639249673485552,0.009247516146947488
5221,training,0,0.03278476186096668,0.004765942904310112,18.459898162479345,0.6643421527489694,0.010887726550688676
5222,training,0,0.020257906056940556,0.004765942904310112,18.499827703709506,0.6648256693212882,0.013512138966783844
5223,training,0,0.02269561868160963,0.004765942904310112,18.539815336752184,0.6654399858934793,0.01672708268673514
5224,training,0,0.02309073694050312,0.004765942904310112,18.579787589211612,0.6661350680219809,0.017955292722474106
5225,training,0,0.01968022994697094,0.030428052416753764,18.619667208734384,0.6669207684678946,0.021001285596551084
5226,training,0,0.02687995694577694,0.030428052416753764,18.659652857230228,0.6677991394638827,0.02177471821805802
5227,training,0,0.03410348854959011,0.030428052416753764,18.6995752088712,0.6686663547157911,0.022126040153271808
5228,training,0,0.03427348844707012,0.030428052416753764,18.739546905091544,0.6695827112082685,0.02339487793661554
5229,training,0,0.03128466568887234,0.030428052416753764,18.7795295355471,0.6705129564262194,0.0224985445696564
5230,training,0,0.031747275963425636,0.030428052416753764,18.819414423902412,0.6714253752833382,0.02332927688264997
5231,training,0,0.02311716414988041,0.028079289616224794,18.859405767972373,0.6723760946327362,0.023228530404935614
5232,training,0,0.02581767551600933,0.028079289616224794,18.89938835474529,0.6732691396553253,0.02142266210181344
5233,training,0,0.012191900983452797,0.028079289616224794,18.939309568921267,0.6741288302577001,0.02114660676699127
5234,training,0,0.011043734848499298,0.028079289616224794,18.979316736861637,0.6749357339114866,0.018143706936354656
5235,training,0,0.000168483704328537,0.028079289616224794,19.019218935554978,0.6756027244019271,0.015414487495629035
5236,training,0,0.006853271275758743,0.028079289616224794,19.059268183618045,0.6761677326257068,0.012228388428065961
5237,training,0,0.0007180199027061462,0.023685507364273845,19.099288291685625,0.6765517587429242,0.007097503998909006
5238,training,0,0.0020968355238437653,0.023685507364273845,19.139190226859274,0.6767949931125758,0.004711732592931281
5239,training,0,0.0013037919998168928,0.023685507364273845,19.179244715542062,0.6769278741884783,0.0011181890593808701
5240,training,0,0.0015036528930068016,0.023685507364273845,19.219178967333953,0.6769005220556917,-0.001847701574402927
5241,training,0,0.0030436515808105486,0.023685507364273845,19.259204409567296,0.6768009441855423,-0.0030705010350472843
5242,training,0,0.0011657178401947021,0.023685507364273845,19.299231536642946,0.6766339539571121,-0.0058185302842946075
5243,training,0,0.0007418543100357073,0.019205194508489464,19.339142771327843,0.676384792898281,-0.006988231928279154
5244,training,0,0.006979263853281736,0.019205194508489464,19.379205946714666,0.6760810353447374,-0.00889693942011792
5245,training,0,0.008982114028185606,0.019205194508489464,19.41918892536836,0.6756645360915875,-0.011791289531778593
5246,training,0,0.015832218865398318,0.019205194508489464,19.459179068938056,0.6751689755414133,-0.013357034716689985
5247,training,0,0.01794843189418316,0.019205194508489464,19.499189826671685,0.6745731970792056,-0.017208471284031003
5248,training,0,0.009592738002538681,0.019428615353065094,19.539142557172458,0.6738239706251383,-0.020106661964601574
5249,training,0,0.01471947506070137,0.019428615353065094,19.579181688369108,0.6729908990528773,-0.021805845104764743
5250,training,0,0.01625453680753708,0.019428615353065094,19.619107407888848,0.6720708771848748,-0.02397744242824562
5251,training,0,0.024179810658097267,0.019428615353065094,19.659036784238705,0.67113252828579,-0.023077032940176143
5252,training,0,0.018626157194375992,0.019428615353065094,19.69898061727112,0.6702268249226977,-0.023208091882602786
5253,training,0,0.013721846975386143,0.019428615353065094,19.738901803156928,0.6693096548970057,-0.023004159729597993
5254,training,0,0.008118528872728346,0.016156076662599054,19.778924543491254,0.6683816080344291,-0.02464070888495137
5255,training,0,0.00972958467900753,0.016156076662599054,19.818898676869367,0.6673002765829444,-0.02971381018187485
5256,training,0,0.008596295490860939,0.016156076662599054,19.858820006752318,0.666067148365528,-0.03181996729257596
5257,training,0,0.00506573915481567,0.016156076662599054,19.898803844066382,0.6647696345480486,-0.03409981735713089
5258,training,0,0.008658485487103462,0.016156076662599054,19.938741476912227,0.6633452839252849,-0.0376290780791226
5259,training,0,0.037629952654242516,0.016156076662599054,19.978732674804963,0.6617686134931692,-0.042111749871348504
5260,training,0.0061506927,0.06783760245889425,0.004203599088501753,20.058680126463017,0.6575851106106827,-0.06379832414913579
5261,training,0.002320663,0.0726645439863205,0.004203599088501753,20.098787178922066,0.6547503218533987,-0.07872485179540369
5262,training,0.007139112,0.06202054489403963,0.004203599088501753,20.15852228318785,0.6492948865524544,-0.10189528272115732
5263,training,0.007644319,0.057851679623126984,0.004203599088501753,20.178467164006477,0.6471928486658094,-0.10841993015862622
5264,training,0.0043277107,0.06937315315008163,0.004203599088501753,20.218425238788814,0.642580776027457,-0.12123405251358431
5265,training,0.0021669967,0.11254160851240158,0.004203599088501753,20.257997909723397,0.6375381549413699,-0.13208927084786198
5266,training,0.0040558944,0.10517849400639534,0.018107078578473185,20.297767223445497,0.6320375914791425,-0.14374719851113948
5267,training,0.0038347836,0.08590655028820038,0.018107078578473185,20.337390401247255,0.6260565261524697,-0.15474444939883827
5268,training,0.007934471,0.09386168979108334,0.018107078578473185,20.396624538384476,0.6165103241135447,-0.16380788718149347
5269,training,0.0036426676,0.10912315174937248,0.018107078578473185,20.43613482372342,0.6099094716756519,-0.16664457572703767
5270,training,0.003816671,0.15411902964115143,0.018107078578473185,20.47547222150093,0.6031984211264655,-0.17253027042273433
5271,training,0.001785634,0.1267947480082512,0.04061078718379561,20.515060826086454,0.5961163696257302,-0.1828812806101852
5272,training,0.008130516,0.10699074342846873,0.04061078718379561,20.554219949540833,0.5886557674961154,-0.192764461471062
5273,training,0.003726495,0.12051790393888948,0.04061078718379561,20.593457223229088,0.5809034616245057,-0.19560424505986082
5274,training,0.0038033451,0.13210984691977504,0.04061078718379561,20.613155799724055,0.577004960843408,-0.19476890686800832
5275,training,0.002584164,0.11371101811528209,0.04061078718379561,20.65225367476296,0.5693689380524051,-0.19128539324565103
5276,training,0.00385268,0.08479557931423184,0.04061078718379561,20.691464879587027,0.5618861741222704,-0.1850354471680501
5277,training,0.0036879086,0.08532647043466571,0.0612992688107195,20.7309116370279,0.5546619445594702,-0.17553341077148413
5278,training,0.006563002,0.06211064010858536,0.0612992688107195,20.770053768332513,0.5479705338242606,-0.16340120342821932
5279,training,0,0.04883700609207153,0.0612992688107195,20.78975213952157,0.5447957469058484,-0.15611591436031858
5280,training,0.0033113896,0.05522269010543823,0.0612992688107195,20.829384927835854,0.538861250940341,-0.13949212194084476
5281,training,0.0020267155,0.10981325805187228,0.0612992688107195,20.868736677218983,0.533682035941023,-0.12223759422323384
5282,training,0,0.04908747225999831,0.0612992688107195,20.888525585014463,0.5313365986636578,-0.11407641411928296
5283,training,0.0019248696,0.11253353208303452,0.0612992688107195,20.92834298221448,0.5270737255108414,-0.09918547981866807
5284,training,0.0027103336,0.10367215424776077,0.07403577774831205,20.987782645005744,0.5217768628557247,-0.0781275720009825
5285,training,0.015303797,0.05831024795770645,0.07403577774831205,21.027684745979844,0.5189224386820008,-0.06485747326615043
5286,training,0,0.030276276171207428,0.07403577774831205,21.04752230446209,0.5177116872016813,-0.05659583501304201
5287,training,0,0.047528162598609924,0.07403577774831205,21.08721347518416,0.5158938853862832,-0.034730229546443614
5288,training,0,0.0133429989218712,0.07403577774831205,21.127076745200007,0.5149094687090459,-0.01709915392569189
5289,training,0,0.01658521592617035,0.07403577774831205,21.166952216227543,0.5145203332984912,-0.001256104212270975
5290,training,0,0.006878003478050232,0.08094530594024751,21.206766954131226,0.5148649197604233,0.017886948485812904
5291,training,0.0058575533,0.050854673609137535,0.08094530594024751,21.26656158785778,0.5165358352841588,0.03586346516323446
5292,training,0.0057272157,0.09383056312799454,0.08094530594024751,21.30645065461896,0.5181593729890172,0.043228193479131906
5293,training,0.004350312,0.1088363379240036,0.08094530594024751,21.406427619974377,0.5217521711669667,0.023017079597090744
5294,training,0.0055315667,0.09332679212093353,0.08094530594024751,21.446543308963204,0.522395663362881,0.007290790647038153
5295,training,0.0021834509,0.11369257047772406,0.075455063426069,21.50666004033556,0.522179864869771,-0.010419985183011012
5296,training,0.0027985978,0.07224798761308193,0.075455063426069,21.546764324519547,0.5216403064325361,-0.016296086145244627
5297,training,0,0.03321971744298935,0.075455063426069,21.566793996433102,0.5212849269809389,-0.018977846067404363
5298,training,0,0.024206683039665236,0.075455063426069,21.60666156026935,0.5206456907491752,-0.011093005766901476
5299,training,0,0.019203230738639845,0.075455063426069,21.626638144542397,0.5204877384426426,-0.004425121294496725
5300,training,0,0.009371004998683916,0.075455063426069,21.66647253204977,0.520576549931031,0.008451037995652637
5301,training,0,0.0011592507362365723,0.0707422313573156,21.686446263442683,0.5208220965901955,0.015216779316943879
5302,training,0,0.01087169349193573,0.0707422313573156,21.70635262943401,0.5212036202933978,0.022909243816812138
5303,training,0,0.0007102563977241377,0.0707422313573156,21.746147838103987,0.5224103354432739,0.03652299835003546
5304,training,0,0.013377863913774497,0.0707422313573156,21.766076086993827,0.5231948777907509,0.04241373469709769
5305,training,0,0.003516092896461487,0.0707422313573156,21.805987546202243,0.5251418910311421,0.054965771688503126
5306,training,0,0.025810718536376953,0.0707422313573156,21.8457736734968,0.5275823097189092,0.06569463504547762
5307,training,0,0.030959704890847206,0.0707422313573156,21.885661003916105,0.5303068108363512,0.0689810663429674
5308,training,0.004265559,0.06557581759989262,0.03902615771368796,21.945377053499406,0.5345086840091625,0.07017424749137549
5309,training,0,0.0027083680033683707,0.03902615771368796,21.965293070159944,0.5359075402806796,0.07012757597830618
5310,training,0,0.03502482920885086,0.03902615771368796,22.005209144729548,0.5387613328750868,0.07386158337094671
5311,training,0,0.02785337343811989,0.03902615771368796,22.044948032693757,0.5418639723769836,0.08096684466757799
5312,training,0,0.02063600067049265,0.03902615771368796,22.084752529091055,0.5451851506124666,0.08497748902004669
5313,training,0,0.014082217589020729,0.03902615771368796,22.124530248703866,0.5486574115880297,0.08935550508094103
5314,training,0,0.005758380517363552,0.03364325360245937,22.164242901724357,0.5522891214189651,0.092196444765983
5315,training,0,0.01152857020497322,0.03364325360245937,22.204112191179725,0.5560200076098217,0.09450238978679343
5316,training,0,0.01385496463626623,0.03364325360245937,22.24381114967383,0.5598782325624422,0.09852895932308443
5317,training,0,0.024339992552995682,0.03364325360245937,22.28352882677205,0.5638336193882956,0.09920547408785987
5318,training,0,0.02548503875732422,0.03364325360245937,22.323337080523675,0.5678020435539277,0.09995731281827397
5319,training,0,0.04408666864037514,0.03364325360245937,22.363030352162543,0.5718104182011343,0.10038742993717131
5320,training,0,0.04318831115961075,0.03708294367713391,22.40285161171319,0.5758147968697598,0.09990884965405407
5321,training,0,0.04747350886464119,0.03708294367713391,22.44259045430796,0.579828345099991,0.1014457890608938
5322,training,0,0.04294078797101974,0.03708294367713391,22.482284540972895,0.58387082258621,0.10072392196562878
5323,training,0.0063938918,0.050209030508995056,0.03708294367713391,22.541986509197052,0.5898759786302834,0.10044763270773689
5324,training,0.0069589233,0.05186002701520921,0.03708294367713391,22.581686315430915,0.5938680315157162,0.0992146319060653
5325,training,0,0.03171566128730774,0.03708294367713391,22.621586411807684,0.5977876481809504,0.09586097119400651
5326,training,0,0.038580736145377145,0.02550500321102123,22.66132498066888,0.6015416399240259,0.09114195361702002
5327,training,0,0.034427737817168236,0.02550500321102123,22.681209661074224,0.6033292282241813,0.08793867121638049
5328,training,0,0.04061410762369633,0.02550500321102123,22.72115798389723,0.6067286450985515,0.08231778652730921
5329,training,0,0.03325544483959675,0.02550500321102123,22.760955536476207,0.6099749983324697,0.0797654154320111
5330,training,0,0.022877052426338196,0.02550500321102123,22.800806324962323,0.6130651730536589,0.07446597420008962
5331,training,0,0.032561965286731706,0.02550500321102123,22.840712076530743,0.615940355571718,0.0694429145564426
5332,training,0,0.036381306126713746,0.017239690876380644,22.880616372760734,0.6186123570189015,0.06341569507377458
5333,training,0,0.04031764529645443,0.017239690876380644,22.92061252582596,0.6210044488083544,0.05663827208569768
5334,training,0,0.0449021104723215,0.017239690876380644,22.96048323694618,0.6232162591502449,0.054562180109017484
5335,training,0,0.04751379229128361,0.017239690876380644,23.000386794105772,0.6253656933138835,0.05277961744554456
5336,training,0.0025208758,0.059299519285559654,0.017239690876380644,23.060244021602223,0.628522007512719,0.05333471397979367
5337,training,0.0018798889,0.050125675275921835,0.017239690876380644,23.12014723235628,0.6316977946583059,0.05167542999783179
5338,training,0,0.047949884086847305,0.015642741714437393,23.140089631331055,0.6327224778454948,0.05079686706847213
5339,training,0,0.0004910472780466114,0.015642741714437393,23.18003476374947,0.6347202348678315,0.04859766510709273
5340,training,0,0.04079563915729524,0.015642741714437393,23.21999622049652,0.6365804967891603,0.04411933932988813
5341,training,0,0.030887652188539512,0.015642741714437393,23.239964464938726,0.6374420451482744,0.04211420328821494
5342,training,0,0.03531724214553833,0.015642741714437393,23.27991250100096,0.6390662025369998,0.03888796838368734
5343,training,0,0.021894805133342736,0.015642741714437393,23.319902038013677,0.6405272722146954,0.03347902791990295
5344,training,0,0.01220480352640152,0.01215194533824824,23.359806713270853,0.6417718478651293,0.028711333760719396
5345,training,0,0.005989346653223038,0.01215194533824824,23.39985261509907,0.6428088353643638,0.022160284289094903
5346,training,0,0.007041368633508682,0.01215194533824824,23.43989715175745,0.6435143423104882,0.012920439531655607
5347,training,0,0.012762125581502914,0.01215194533824824,23.479866714011017,0.6438872127662606,0.0055586178684357114
5348,training,0,0.00547898001968861,0.01215194533824824,23.519942352584852,0.6439569028720857,-0.0022549476795543947
5349,training,0,0.018561502918601036,0.018080285547435508,23.55987491012376,0.6437451713066974,-0.007633263914310518
5350,training,0,0.019262071698904037,0.018080285547435508,23.599918003551018,0.6433790175035905,-0.010329503219371672
5351,training,0,0.03233801946043968,0.018080285547435508,23.639910126385953,0.6429213297632097,-0.012469133347060051
5352,training,0,0.02464078553020954,0.018080285547435508,23.67984716428416,0.6424410830166748,-0.011415181168554825
5353,training,0,0.037623003125190735,0.018080285547435508,23.719801821315006,0.6420153312535484,-0.01079991682889182
5354,training,0,0.030488356947898858,0.018080285547435508,23.7597636120795,0.6416026770900798,-0.00989954245809628
5355,training,0,0.031601957976818085,0.02159825748169366,23.799752751604377,0.641249620130949,-0.008082959119029806
5356,training,0,0.03780914843082428,0.02159825748169366,23.839705039164848,0.6409202179737116,-0.009262297194436032
5357,training,0,0.04592054337263107,0.02159825748169366,23.879650420979843,0.6405496602832682,-0.009481866691775602
5358,training,0,0.04851720109581948,0.02159825748169366,23.919648954283847,0.6401701778357521,-0.010376351772644494
5359,training,0.05482017,0.05787749774754047,0.02159825748169366,23.979602064059613,0.63946844037499,-0.012840812450570458
5360,training,0,0.031323935836553574,0.02159825748169366,23.999616555982126,0.6392121984918084,-0.012921286408408117
5361,training,0,0.04027749411761761,0.02460085172058322,24.03953302750439,0.6386849298160581,-0.013897739449514097
5362,training,0,0.037883611395955086,0.02460085172058322,24.07947221565082,0.6381639394368486,-0.01167319898500136
5363,training,0,0.04447578079998493,0.02460085172058322,24.119468784834893,0.6377801819567115,-0.007955836789727003
5364,training,0.004869618,0.05116909556090832,0.02460085172058322,24.179330991812908,0.6373938182052871,-0.004344190349508728
5365,training,0.006309324,0.05437701754271984,0.02460085172058322,24.219309051806256,0.637333000219712,0.0010957778925787874
5366,training,0,0.023554984480142593,0.02460085172058322,24.23920787792059,0.6373716182315555,0.0024661247507847756
5367,training,0,0.03621524386107921,0.010594202314486188,24.27911996740168,0.637545214120159,0.005228180310950627
5368,training,0,0.02851732261478901,0.010594202314486188,24.319115214334946,0.6377730296907407,0.005854893362412997
5369,training,0,0.02958260849118233,0.010594202314486188,24.35911947361919,0.6379981851610464,0.005102518561872444
5370,training,0,0.009392373263835907,0.010594202314486188,24.39902961462418,0.6382331281007281,0.006535117704333795
5371,training,0,0.00906406156718731,0.010594202314486188,24.439042353969178,0.638531863966324,0.007953349911075852
5372,training,0,0.008627568371593954,0.010594202314486188,24.479037650586285,0.6388795791850261,0.009883986192764775
5373,training,0,0.017826495692133904,0.015965347765989575,24.518973562953597,0.6393721926502,0.014755710119996419
5374,training,0,0.01798500306904316,0.015965347765989575,24.55893028903216,0.6400331034377341,0.017614543014948653
5375,training,0,0.008024010807275772,0.015965347765989575,24.598836647318663,0.6408101841087451,0.02159844470186867
5376,training,0,0.01525385258719325,0.015965347765989575,24.63880046301123,0.6417618388062697,0.024824418028941465
5377,training,0,0.009314149618148804,0.015965347765989575,24.678777095396164,0.6427710691579184,0.0257787314924843
5378,training,0,0.026615816168487072,0.015965347765989575,24.718639930252056,0.6438745384076822,0.029227626593405644
5379,training,0,0.00883290730416774,0.005881353772290754,24.758583722337193,0.6450956472967776,0.031227986345339725
5380,training,0,0.03720548748970032,0.005881353772290754,24.79848751416089,0.6463986035653275,0.03507993434162385
5381,training,0,0.010306626558303833,0.005881353772290754,24.83839167953839,0.6479429348075275,0.042543812234343656
5382,training,0,0.048749297857284546,0.005881353772290754,24.87826195312803,0.6497869871066446,0.050758121595212646
5383,training,0,0.0418049618601799,0.005881353772290754,24.918080263439787,0.6520407855290529,0.06275196408634695
5384,training,0,0.02410531044006349,0.005881353772290754,24.95782411439913,0.6547981483175971,0.07507830397258208
5385,training,0,0.0274919793009758,0.016720724688905744,24.997658027115328,0.6580442464954428,0.08838887747641734
5386,training,0,0.042563870549201965,0.016720724688905744,25.03727169844845,0.6619147944125816,0.10660288454464203
5387,training,0,0.03840460628271103,0.016720724688905744,25.0767696121724,0.6665078032474704,0.12554104083294673
5388,training,0,0.00920674204826355,0.016720724688905744,25.116383622728634,0.6719131080355555,0.1466406944758823
5389,training,0,0.008740469813346863,0.016720724688905744,25.155552861626177,0.678164085930073,0.16949099046438906
5390,training,0.0047900896,0.05089287459850311,0.016720724688905744,25.19471904619633,0.685361854106437,0.19552574088813365
5391,training,0.0028476892,0.06007756292819977,0.0511978674561708,25.233725719939834,0.6936598025045353,0.22656904363217645
5392,training,0,0.027758315205574008,0.0511978674561708,25.272145767379172,0.7031687035789151,0.2583786822517266
5393,training,0.0050321985,0.06636514514684676,0.0511978674561708,25.310515871857813,0.7139796360242289,0.29209858531734967
5394,training,0.0037056445,0.0908481553196907,0.0511978674561708,25.366996275748008,0.7325024853589055,0.3413137963581096
5395,training,0,0.04013769328594208,0.0511978674561708,25.38567395983131,0.7393090099098585,0.35764337656998635
5396,training,0,0.014452353119850159,0.0511978674561708,25.422734389330675,0.7537881553650277,0.38512728436117294
5397,training,0.0030113363,0.09041820466518402,0.07939530658366714,25.459377677613364,0.7691605420999147,0.40897948860469235
5398,training,0,0.04068828374147415,0.07939530658366714,25.495689581119674,0.7853912713693154,0.43059963031523196
5399,training,0.0058475193,0.05292682349681854,0.07939530658366714,25.5317578645066,0.8023698801291083,0.449276229646057
5400,training,0.010484039,0.0615377277135849,0.07939530658366714,25.56746039217583,0.8200411654939076,0.47120630750984843
5401,training,0,0.04622110724449155,0.07939530658366714,25.60258352675703,0.8384719366386965,0.4959024336241137
5402,training,0.0018742852,0.08807985484600064,0.07939530658366714,25.637373734863086,0.8579552314874899,0.5266103211348594
5403,training,0.01749534,0.137726329267025,0.07717564878293555,25.671356504410348,0.8784617664049297,0.558806223067171
5404,training,0.0057506296,0.1882144659757614,0.07717564878293555,25.70472135536064,0.900002424876822,0.5867124081994106
5405,training,0.003778223,0.21345952153205877,0.07717564878293555,25.753915833485376,0.9339704983488692,0.6205980575428689
5406,training,0.0032777055,0.3249885123223067,0.07717564878293555,25.78610988258931,0.9573654636526698,0.6352118509519079
5407,training,0.003574277,0.2975824195891619,0.07717564878293555,25.802214436581757,0.9692924231685787,0.6396170000404867
5408,training,0.0035952167,0.3258463330566883,0.07717564878293555,25.850029682091357,1.005203459771415,0.6484851864432167
5409,training,0.00607957,0.3087344039231539,0.07717564878293555,25.881828110934205,1.02946011512241,0.6549817641396243
5410,training,0.0011019288,0.3059265576303006,0.07387138903489407,25.91345493152401,1.0538842378750999,0.6597348919748077
5411,training,0.0043212553,0.31846174597740173,0.07387138903489407,25.929124954390232,1.0660878635133562,0.6632039225449563
5412,training,0.0032870113,0.31651579588651657,0.07387138903489407,25.960526311286205,1.0907978889042416,0.670475552413607
5413,training,0.0025076733,0.30756343901157374,0.07387138903489407,25.991754332017038,1.11572699464976,0.6767179285016287
5414,training,0.027074043,0.32206830754876137,0.07387138903489407,26.02265373414973,1.14078597545416,0.6861412733028192
5415,training,0.0036595939,0.30517559871077543,0.07387138903489407,26.053460827166152,1.1662729294246919,0.6959321513118534
5416,training,0.007352209,0.3265283815562725,0.07387138903489407,26.083932051978497,1.191948120256117,0.7047559099633051
5417,training,0.0042869104,0.31986377760767937,0.022838812129374803,26.1141661269823,1.217944665014733,0.7157100510060931
5418,training,0.004856414,0.31662753224372864,0.022838812129374803,26.14415589959905,1.2442741905497239,0.724561171289449
5419,training,0.0051760087,0.33625187724828715,0.022838812129374803,26.173861802526908,1.2708219146423048,0.7335446336716362
5420,training,0.0032468443,0.2691225651651621,0.022838812129374803,26.203424210966862,1.297678940868283,0.7400854626097197
5421,training,0.0045605744,0.30847919359803205,0.022838812129374803,26.23288155149597,1.3246428175832372,0.7420530697610918
5422,training,0.006833652,0.32098300009965897,0.022838812129374803,26.276913323107664,1.365235136597693,0.7469348131980131
5423,training,0.017938338,0.30341051891446114,0.022838812129374803,26.306185613964683,1.3923775346048726,0.7484019997982988
5424,training,0.0028372249,0.326060427352786,0.13703902720402344,26.335343898307414,1.4196019513758524,0.7542513562617605
5425,training,0.003914131,0.5257460586726665,0.13703902720402344,26.36303060898977,1.446305964385568,0.7934013405393775
5426,training,0.010195901,0.7453471422195436,0.13703902720402344,26.389280743242928,1.4754627741976316,0.8920967691103056
5427,training,0.031869598,0.6044432222843169,0.20669817707950605,26.41135259991754,1.507004951000887,1.039131158154663
5428,training,0.002155066,0.5346540212631227,0.20669817707950605,26.428011331489827,1.541546012493874,1.2043280799829408
5429,training,0.0024439073,0.5109205394983292,0.23507266635267696,26.438856839283467,1.578345082658489,1.361119010794852
5430,training,0.034126505,0.2527346909046173,0.23507266635267696,26.444169023315208,1.6168167545712098,1.4988432030157115
5431,training,0.0057640215,0.1485900580883026,0.2442241007877763,26.44482748542823,1.6559247859985784,1.601058465752946
5432,training,0.011230576,0.07614623010158539,0.2442241007877763,26.442004828878254,1.6952706625206848,1.682418733663026
5433,training,0,0.03180336952209467,0.2442241007877763,26.439449775026606,1.714649490132536,1.718753982654217
5434,training,0,0.007630318403243991,0.2392297156352607,26.432555781860344,1.7535490046660396,1.7749052016434497
5435,training,0,0.0038730204105377197,0.2392297156352607,26.42351924568696,1.792113158531056,1.8223597724656855
5436,training,0.004830124,0.07998572289943698,0.2392297156352607,26.412997941975917,1.8301110850621896,1.8575957335459095
5437,training,0,0.03192833811044693,0.2392297156352607,26.401231501944576,1.8679279489518503,1.8888427885387855
5438,training,0,0.02215489000082016,0.2392297156352607,26.38816005944372,1.905511769660676,1.9191890506456595
5439,training,0,0.009946074336767204,0.2392297156352607,26.3741503166879,1.9426969694411036,1.9416515313122753
5440,training,0.02187055,0.05351567082107066,0.1811449985777388,26.344340612350486,2.016789822884276,1.9626292232466396
5441,training,0,0.0036554932594299316,0.1811449985777388,26.336651784773018,2.0352504263119777,1.9694452266856002
5442,training,0,0.04411187581717968,0.1811449985777388,26.3210661759463,2.071881695229129,1.9734749458958858
5443,training,0.0029510972,0.11297878623008728,0.1811449985777388,26.305331925491444,2.1087818396404034,1.9745666258666763
5444,training,0.009907718,0.12633397802710533,0.1811449985777388,26.289614047120185,2.145323147043646,1.9823277452875663
5445,training,0.01059439,0.14415249321609735,0.1811449985777388,26.265236214255044,2.200102899619025,1.9947245458665877
5446,training,0.009851161,0.1426987461745739,0.1010823785888223,26.24873581907096,2.236494562729115,1.9976380755057592
5447,training,0.011677545,0.13654919527471066,0.1010823785888223,26.23219019912898,2.272835736828247,1.9973223631875996
5448,training,0.0068154386,0.06533648550976068,0.1010823785888223,26.21560474139004,2.3094069275680114,1.9974352047813853
5449,training,0,0.042531104758381844,0.1010823785888223,26.199078433627633,2.3455900472086073,1.999740705642722
5450,training,0.03721582,0.05850190296769143,0.1010823785888223,26.182377823429118,2.3819711955724,2.0039057473320945
5451,training,0.004281374,0.09608422964811325,0.1010823785888223,26.15697769712492,2.436138070556501,2.0155804738480234
5452,training,0.0044927024,0.14879221096634865,0.035822018975000855,26.148343818938834,2.4541281167777043,2.021610929118966
5453,training,0.0018635842,0.11384299956262112,0.035822018975000855,26.13103735358724,2.4903825084376376,2.0142839867522904
5454,training,0.0053308783,0.05750206485390663,0.035822018975000855,26.113895452701552,2.5263253303062023,2.0174801456300764
5455,training,0.0068268273,0.05353360250592232,0.035822018975000855,26.09659971687873,2.5623860979106396,2.017228677046882
5456,training,0.0076421467,0.07982418313622476,0.035822018975000855,26.07079467162215,2.6165587512713326,2.0132016440962923
5457,training,0.0148666,0.058210259303450584,0.07864458091884965,26.053725044565134,2.6527163381578465,2.010275370890765
5458,training,0.003710632,0.07301785424351694,0.07864458091884965,26.02831324758782,2.707110668713012,2.0055131767995915
5459,training,0.0035482263,0.07527872920036316,0.07864458091884965,26.01155267879867,2.743392130570452,2.0010122886324573
5460,training,0,0.04303406551480292,0.07864458091884965,26.003192426262906,2.7616744911409152,1.997984106725199
5461,training,0.012113056,0.06304261088371277,0.07864458091884965,25.978612037050006,2.8163461999746398,1.9897500730436228
5462,training,0.005782275,0.05826240032911301,0.07864458091884965,25.962392016024733,2.8530135836651076,1.9844686046740199
5463,training,0,0.007500242441892624,0.08655666198211166,25.946427053284967,2.8897557247379373,1.9763176562538811
5464,training,0,0.015596617013216033,0.08655666198211166,25.938615965146052,2.9080996054950425,1.9705698450762246
5465,training,0,0.008935097604990005,0.08655666198211166,25.930876004247096,2.926561918591802,1.9646043920750054
5466,training,0,0.02421392127871514,0.08655666198211166,25.923216180136492,2.9451461186818397,1.9586683601783794
5467,training,0,0.025927279144525528,0.08655666198211166,25.908254030858494,2.9823590845150156,1.9475740551613658
5468,training,0.011344296,0.0723110344260931,0.08655666198211166,25.89378709443726,3.0195831564891997,1.9352291637609362
5469,training,0.007428862,0.10125316120684147,0.08655666198211166,25.87287301516729,3.0760316529911096,1.9159624527206653
5470,training,0.005408659,0.06609090650454164,0.08317241738463367,25.85965994504421,3.1137545851188984,1.8982756946395527
5471,training,0,0.04352758824825286,0.08317241738463367,25.85328243555709,3.1328185948417793,1.8889489584275247
5472,training,0,0.023488942533731454,0.08317241738463367,25.840837621739354,3.1710911739395677,1.8858913902636447
5473,training,0,0.006120264530181885,0.08317241738463367,25.828396813099424,3.208906127291547,1.891387539339328
5474,training,0,0.015226289629936218,0.08317241738463367,25.822063341532967,3.2278600541472597,1.8958104452182711
5475,training,0,0.015955831855535493,0.08317241738463367,25.809106368434673,3.265658870787332,1.9075698216062664
5476,training,0,0.03876744210720062,0.06537140885333842,25.79573533493541,3.303120298882597,1.9185322436388532
5477,training,0,0.0025501884520053864,0.06537140885333842,25.781919540509154,3.3406663898167723,1.9286153421534915
5478,training,0,0.030060909688472748,0.06537140885333842,25.767732945527847,3.37793452331594,1.940545079194595
5479,training,0,0.0044131651520729065,0.06537140885333842,25.75313711825273,3.4149840224731167,1.951430380877697
5480,training,0,0.010977976024150848,0.06537140885333842,25.738041465563505,3.4521263395124824,1.963935914011731
5481,training,0,0.039628006517887115,0.06537140885333842,25.722548967347244,3.4886863214922625,1.9794461718464709
5482,training,0,0.03740717098116875,0.06061384928140385,25.70639751124979,3.525171827296615,1.9956269089814822
5483,training,0,0.015186883509159074,0.06061384928140385,25.689650744463027,3.561468147107174,2.011572552830171
5484,training,0,0.024818476289510727,0.06061384928140385,25.672424636160994,3.5972639193971263,2.026488573504239
5485,training,0,0.035235822200775146,0.06061384928140385,25.65457148278478,3.6331139943717927,2.038908706992851
5486,training,0,0.0358741357922554,0.06061384928140385,25.636438940913468,3.6685321402413775,2.0486795756891754
5487,training,0,0.007607653737068169,0.06061384928140385,25.61792698422659,3.7038703375788904,2.0576664583258903
5488,training,0,0.03598716482520102,0.060942454471135034,25.59905665941178,3.7391862225862997,2.065394655150095
5489,training,0.0031447145,0.07232919335365294,0.060942454471135034,25.580026204353427,3.7740768976611747,2.0746446251731383
5490,training,0,0.022130399942398085,0.060942454471135034,25.560545331218584,3.8090154881521436,2.084598882242131
5491,training,0.002047933,0.06451575458049774,0.060942454471135034,25.540782749671546,3.843658884367144,2.094030756112738
5492,training,0,0.03452619165182112,0.060942454471135034,25.520686180249488,3.878008777482554,2.106120719503728
5493,training,0,0.04522501677274704,0.060942454471135034,25.500109165998865,3.912269277572606,2.116309019145194
5494,training,0.0034660338,0.051845695823431015,0.04655299803359881,25.468754000487916,3.9631370303447264,2.1302276292924223
5495,training,0.0019983663,0.06367980502545834,0.04655299803359881,25.44741342027446,3.996911148023779,2.1375091727493665
5496,training,0,0.004993364214897163,0.04655299803359881,25.42589876642878,4.030482139773696,2.1441500463207284
5497,training,0,0.029819346964359283,0.04655299803359881,25.41505143938691,4.047201768295392,2.1488549764604103
5498,training,0,0.03858541697263716,0.04655299803359881,25.393065254153655,4.080500381325682,2.1590848611616837
5499,training,0,0.03384975343942641,0.04655299803359881,25.370753638314017,4.113606532866091,2.1686211083163083
5500,training,0,0.035634607076644884,0.024168715557316502,25.348125309967642,4.146400393736941,2.180898379466256
5501,training,0,0.019405938684940352,0.024168715557316502,25.325124261438827,4.178951480135206,2.190310478852757
5502,training,0,0.017997752875089645,0.024168715557316502,25.30178900206638,4.211328192428424,2.200515353402854
5503,training,0,0.010944530367851257,0.024168715557316502,25.278148829567595,4.243401302930166,2.210047896757646
5504,training,0,0.021330902352929115,0.024168715557316502,25.254207291007543,4.275389273615469,2.21620003684646
5505,training,0,0.041947485879063606,0.024168715557316502,25.23008550897237,4.307184237396789,2.223489085799345
5506,training,0.002464215,0.051485126838088036,0.024168715557316502,25.206025416265653,4.338477426476536,2.2246954216101837
5507,training,0,0.04698875546455383,0.007880270761841416,25.181959644319342,4.3699642850844285,2.2239854797371166
5508,training,0,0.0431588739156723,0.007880270761841416,25.157662511175996,4.401610976243732,2.2266122022116583
5509,training,0,0.003971671685576439,0.007880270761841416,25.133271805753612,4.4332572991673995,2.2279545764464626
5510,training,0,0.04962434992194174,0.007880270761841416,25.108789438908147,4.464889911564912,2.2320318932293883
5511,training,0,0.01116320863366127,0.007880270761841416,25.084540633066467,4.495704163083446,2.240683726454372
5512,training,0.0022020377,0.050612088292837136,0.007880270761841416,25.047186080033683,4.5426698678095,2.2441014069155556
5513,training,0,0.007030293345451355,0.007880270761841416,25.034720656124488,4.558271714990649,2.2440975446923193
5514,training,0.0023880526,0.05652973614633084,0.02023480189218777,24.99737899068349,4.605253177388301,2.240069849190919
5515,training,0,0.027847779216244817,0.02023480189218777,24.97256102020449,4.636666032660256,2.2382795529540154
5516,training,0.016082903,0.055930694565176964,0.02023480189218777,24.947938256116785,4.668099971113057,2.2314304200053856
5517,training,0,0.0187078844755888,0.02023480189218777,24.923418211693495,4.6998691545761995,2.2252074752516005
5518,training,0,0.034828925505280495,0.02023480189218777,24.91125064310478,4.715747425933141,2.223799300325469
5519,training,0,0.011203530710190535,0.02023480189218777,24.887075196312683,4.747458631840399,2.220285777167988
5520,training,0,0.021619883365929127,0.02023480189218777,24.862906342525225,4.7793755541251075,2.217462253828526
5521,training,0,0.005497332662343982,0.04662228561787829,24.83889275775764,4.811272138731848,2.213121939705382
5522,training,0,0.0009455964900553218,0.04662228561787829,24.815029434433765,4.843389343948959,2.206621457771269
5523,training,0,0.03363458625972271,0.04662228561787829,24.79133531791746,4.875595433818614,2.2045785175177635
5524,training,0,0.0030404301360249537,0.04662228561787829,24.767714218519817,4.907753738470638,2.2031628650145403
5525,training,0,0.03019053675234317,0.04662228561787829,24.744077607033425,4.940066065328419,2.2015880475729213
5526,training,0,0.0016611609607934952,0.04662228561787829,24.720513975597637,4.972280947050024,2.2028011010419055
5527,training,0,0.0013773087412118912,0.04662228561787829,24.69694271991734,5.0044825930135195,2.2021109240639127
5528,training,0,5.2755698561668396e-05,0.057754626522753746,24.67334744860405,5.0367346174511365,2.2029738650009465
5529,training,0,0.01917597837746143,0.057754626522753746,24.64974986749567,5.06890498640693,2.203213269700623
5530,training,0,0.009759186767041683,0.057754626522753746,24.626115104943537,5.101197703733557,2.201617804885074
5531,training,0,0.0249390359967947,0.057754626522753746,24.60255519367939,5.133423281178159,2.2027872007830527
5532,training,0,0.0020205341279506666,0.057754626522753746,24.578978732368874,5.165590602265582,2.203410837494739
5533,training,0,0.01901567541062832,0.057754626522753746,24.555313569449446,5.197802344355593,2.206200680120261
5534,training,0,0.01491176150739193,0.057754626522753746,24.531563998798894,5.229839944109894,2.210406489160823
5535,training,0,0.010413873940706253,0.022284611191005717,24.507660343534972,5.261844487291738,2.2146948697852706
5536,training,0,0.044714323012158275,0.022284611191005717,24.483567729419416,5.293690874750358,2.2233668260998476
5537,training,0,0.0002604834735393524,0.022284611191005717,24.45924395309134,5.32520495193381,2.2317848528240383
5538,training,0,0.00582088902592659,0.022284611191005717,24.434554695101426,5.356684639644908,2.2405393665040076
5539,training,0.002847451,0.06361982878297567,0.022284611191005717,24.397070005040327,5.403133136800829,2.258421540853461
5540,training,0.0019344834,0.06566159799695015,0.022284611191005717,24.37148878572619,5.433830576121896,2.273433744124894
5541,training,0.0017741965,0.12181027792394161,0.022284611191005717,24.34546247007034,5.463920605529316,2.2947551444532595
5542,training,0.0027221579,0.06694658333435655,0.013350611014587352,24.305265729868285,5.508131208043962,2.321317896787923
5543,training,0,0.038662387523800135,0.013350611014587352,24.291542129306034,5.522769523761555,2.327195980134825
5544,training,0,0.03763498365879059,0.013350611014587352,24.26411382400104,5.551570074981243,2.335147180285213
5545,training,0,0.040751151740550995,0.013350611014587352,24.250283316753226,5.565950052160909,2.3379975243483297
5546,training,0.0050910995,0.0739261619746685,0.013350611014587352,24.20843405585024,5.609015105214958,2.3464534810996818
5547,training,0.0020860657,0.05952342227101326,0.013350611014587352,24.166367035691596,5.651548485058079,2.3548051401995735
5548,training,0.003227642,0.08112235926091671,0.02260725714978105,24.12385135784195,5.6936619523524845,2.3693207670632495
5549,training,0.004608784,0.08589429594576359,0.02260725714978105,24.09511321664305,5.72127225550775,2.3832279147393107
5550,training,0.0043475926,0.0723249763250351,0.02260725714978105,24.051245383165227,5.762041773920537,2.4025752655243195
5551,training,0.003990669,0.11523295938968658,0.02260725714978105,24.021627624932187,5.788658215969896,2.4162878865848154
5552,training,0.0037856204,0.06587787624448538,0.02260725714978105,23.991516324428854,5.8149806106635475,2.43073322643552
5553,training,0.001426986,0.09845362603664398,0.02260725714978105,23.961208342490135,5.840669193647348,2.445953448350425
5554,training,0.0033629497,0.07518996298313141,0.02260725714978105,23.930380256221497,5.866078256197323,2.4582633590649974
5555,training,0.0005188568,0.08518111705780029,0.041508396051756845,23.899306911456346,5.891158648804344,2.466088059450314
5556,training,0.0033057714,0.07078010216355324,0.041508396051756845,23.868132944312627,5.915924389465479,2.473989528216088
5557,training,0.0040138164,0.08710705488920212,0.041508396051756845,23.836664590246173,5.940545529401021,2.480592525325015
5558,training,0.007160892,0.1327360775321722,0.041508396051756845,23.80509855615106,5.964900642112492,2.4895863407557086
5559,training,0.006846168,0.22978177666664124,0.041508396051756845,23.757194352995356,6.0005208990394525,2.518239085412131
5560,training,0.0057529965,0.19474074244499207,0.041508396051756845,23.72457430331807,6.023390876055406,2.54240562529159
5561,training,0.0048233345,0.2223278433084488,0.06025204029449506,23.69146375506179,6.045359670913038,2.5687476202045842
5562,training,0.009788629,0.18679144233465195,0.06025204029449506,23.657849520247186,6.06657977071143,2.5861020926978893
5563,training,0.002367809,0.13541994616389275,0.06025204029449506,23.62375927266034,6.087444664369539,2.5981035510458885
5564,training,0.0037209592,0.2573757469654083,0.06025204029449506,23.58959567717185,6.107810405706418,2.608721039689016
5565,training,0.005942434,0.23350559920072553,0.06025204029449506,23.555103505970962,6.12789873611616,2.620573870190307
5566,training,0.003229191,0.22568873316049576,0.06025204029449506,23.520314962663328,6.147520979182135,2.6361268437514247
5567,training,0.0021832304,0.29260917007923126,0.06025204029449506,23.502958947221437,6.157032669394202,2.644111301926693
5568,training,0.0039128526,0.2711034417152405,0.08422426974455646,23.467781891914637,6.175746624528443,2.661393879103538
5569,training,0.040879656,0.32793857902288437,0.08422426974455646,23.449977695703666,6.1849215913376305,2.6712976087963676
5570,training,0.004473706,0.2067616879940033,0.08422426974455646,23.414354137220727,6.202555430499836,2.6928419358565354
5571,training,0.023628734,0.18360251933336258,0.08422426974455646,23.378333822870044,6.2193927996127485,2.715860848520022
5572,training,0.0045935055,0.11388265900313854,0.08422426974455646,23.360058419887338,6.227566122394344,2.7260153881274363
5573,training,0.010463729,0.1157832182943821,0.08422426974455646,23.34170971423069,6.235595381309743,2.7339332677481085
5574,training,0.0016153763,0.0810222290456295,0.08422426974455646,23.30526154685887,6.251300376888916,2.732036005874148
5575,training,0.0056142486,0.11043243110179901,0.015237399063284987,23.2685139933568,6.267474741046596,2.720593385123328
5576,training,0.005187709,0.06438755989074707,0.015237399063284987,23.232039313444616,6.284139603535333,2.704862247862373
5577,training,0.0016533356,0.11591503024101257,0.015237399063284987,23.19593757410737,6.301361112379722,2.688060298086351
5578,training,0.0043854546,0.0871620699763298,0.015237399063284987,23.159883822574656,6.3192631827827,2.6742174601914943
5579,training,0.002259517,0.12562770769000053,0.015237399063284987,23.124464668880176,6.3373478961795024,2.6654737911028414
5580,training,0.0031989,0.10478458367288113,0.015237399063284987,23.088926135187354,6.3557630011159105,2.662211958572845
5581,training,0.0012709566,0.08104290626943111,0.012073443113888421,23.053399081643303,6.374224502514016,2.6628482730697662
5582,training,0.0054553933,0.07716891914606094,0.012073443113888421,23.000260897141825,6.4017761926094705,2.663798300719381
5583,training,0.009750594,0.1374285351485014,0.012073443113888421,22.964684091694906,6.420125948653176,2.668634537240988
5584,training,0.0067028287,0.14653687737882137,0.012073443113888421,22.929216810414825,6.438165450751912,2.672157027412201
5585,training,0.007980293,0.10347603820264341,0.012073443113888421,22.893448755145837,6.456270480592071,2.673404418478979
5586,training,0.0047982866,0.10707595758140084,0.012073443113888421,22.875559066027456,6.465325977647811,2.672130640072741
5587,training,0.0012679601,0.12632695585489273,0.021951480472270402,22.84008131062054,6.483448186828307,2.6651257242109434
5588,training,0.0040875496,0.09877776354551313,0.021951480472270402,22.804493082426436,6.5020299309980185,2.654776826570816
5589,training,0.008221876,0.05046043545007706,0.021951480472270402,22.769258618130124,6.520921367509255,2.6432453974749945
5590,training,0,0.01219179853796959,0.021951480472270402,22.734256670181438,6.5402730206517985,2.6292807431016048
5591,training,0,0.006180398166179671,0.021951480472270402,22.716761780339628,6.550192599375318,2.6221709085232594
5592,training,0.0067863725,0.05752163380384445,0.021951480472270402,22.682102779399436,6.570281682894228,2.610818199295543
5593,training,0,0.011586651206016527,0.03139748073601756,22.64780212614191,6.5907036486389705,2.597937296003426
5594,training,0,0.04259640723466874,0.03139748073601756,22.61359413105807,6.611680282357458,2.585322842754267
5595,training,0.0035357447,0.0667185690253973,0.03139748073601756,22.562966015181544,6.64387597841832,2.5630726720534036
5596,training,0.0016390216,0.05583091825246811,0.03139748073601756,22.529563225865125,6.666152751902881,2.5434485619816765
5597,training,0.003506609,0.08103990799281746,0.03139748073601756,22.496609541771267,6.689046925130098,2.5251425992012955
5598,training,0.00771313,0.1237972229719162,0.03139748073601756,22.46415348883807,6.712537350859073,2.506371274465683
5599,training,0.0026710066,0.14919139444828033,0.03139748073601756,22.416158974944906,6.748718121982795,2.4840685087949455
5600,training,0.0049114265,0.17309512943029404,0.023090478263956615,22.38463622819925,6.773572246053239,2.4623764502876995
5601,training,0.0050716884,0.16105929017066956,0.023090478263956615,22.338459813646732,6.812120493808749,2.428601676540759
5602,training,0.009006046,0.16646946966648102,0.023090478263956615,22.308368792290846,6.838765405980235,2.405521748069662
5603,training,0.0046965852,0.19194556027650833,0.023090478263956615,22.279004103927193,6.865786905436196,2.392288226000969
5604,training,0.0031146233,0.2091182917356491,0.023090478263956615,22.23518277645015,6.907107105926542,2.378609662831864
5605,training,0.001926773,0.193303644657135,0.023090478263956615,22.206481630697436,6.93477914693757,2.3701190201531177
5606,training,0.0073025962,0.2751325089484453,0.031973451891400335,22.192145054419182,6.948768742122274,2.366572860512063
5607,training,0.0033271662,0.21950129047036168,0.031973451891400335,22.163528702529383,6.97699076939349,2.3605606415355704
5608,training,0.00097377296,0.2129000406712294,0.031973451891400335,22.13529436122703,7.005069614191372,2.3576978641108846
5609,training,0.0028689643,0.22128084301948545,0.031973451891400335,22.12113398545642,7.019191550863608,2.357500090744133
5610,training,0.004490912,0.24907636083662504,0.031973451891400335,22.092699063887352,7.047523349922134,2.359082993004998
5611,training,0.0014670973,0.2018721867352724,0.031973451891400335,22.078590344632918,7.061530475839826,2.3601641221037983
5612,training,0.005027611,0.22082452476024628,0.031973451891400335,22.050245235423098,7.08958902010614,2.3623740474649946
5613,training,0.001274275,0.27970867045223713,0.031973451891400335,22.021662303619046,7.117763647609882,2.364554465956815
5614,training,0.004429741,0.25008271075785155,0.031973451891400335,21.993247402204773,7.145637483729665,2.3671857921963624
5615,training,0.010292255,0.2772400174289942,0.11810493419218589,21.964616539029794,7.1735744273353825,2.3691914702927055
5616,training,0.0020432617,0.2636245694011449,0.11810493419218589,21.936050129524777,7.200906533778508,2.4002029258624598
5617,training,0.007000819,0.22440697811543941,0.11810493419218589,21.906312602486164,7.226629205081788,2.4564244116505964
5618,training,0.0033967115,0.27771396562457085,0.11810493419218589,21.875051909224023,7.250904231347483,2.504882192533646
5619,training,0.0014766064,0.24514248222112658,0.11810493419218589,21.85900482077519,7.262480092289006,2.528580576507476
5620,training,0.0019768882,0.22450739890336988,0.15076116138237633,21.826200945065338,7.284408798292955,2.5743328270885093
5621,training,0.026023954,0.19586427509784698,0.15076116138237633,21.79242200176695,7.3050760050254535,2.6078652399496667
5622,training,0.004335886,0.15389673970639706,0.15076116138237633,21.757886942858324,7.324850135704624,2.635802989510382
5623,training,0.0029855738,0.16700536012649536,0.15076116138237633,21.705115597406706,7.3526093817556335,2.677275653451301
5624,training,0.00214806,0.19885364174842834,0.15076116138237633,21.669304343128527,7.370085156484032,2.695970610255914
5625,training,0.0019904198,0.18719206750392914,0.15076116138237633,21.63306583067691,7.387079108369563,2.71077590361403
5626,training,0.0019597155,0.16275397315621376,0.143402483520459,21.57857195432426,7.411426095051229,2.7321443943974013
5627,training,0.004578063,0.14018597826361656,0.143402483520459,21.541747197890484,7.427160838103998,2.743833684166684
5628,training,0.0038473285,0.12009245157241821,0.143402483520459,21.50502234394281,7.442378291887015,2.7520462761943723
5629,training,0.033072904,0.09894417598843575,0.143402483520459,21.467934318791496,7.457528634705633,2.7540269252766336
5630,training,0.004313791,0.1437273882329464,0.143402483520459,21.4309351961774,7.472655155578217,2.752335297192984
5631,training,0.05027122,0.15471407026052475,0.143402483520459,21.394019052748153,7.487758696385199,2.756251071955121
5632,training,0.010374319,0.14564946480095387,0.11230260566421511,21.33830921683638,7.5100579804411645,2.7635966440615554
5633,training,0.0024755793,0.1555680106393993,0.11230260566421511,21.319802901786545,7.51740630786349,2.762750871773972
5634,training,0.00589865,0.1593314679339528,0.11230260566421511,21.282624445593907,7.5322666960073805,2.760411624505892
5635,training,0.006437774,0.13858190178871155,0.11230260566421511,21.24546567385815,7.547187557272517,2.758309903408547
5636,training,0.0060695047,0.1779407486319542,0.11230260566421511,21.189944471261846,7.569881281408664,2.745271916784729
5637,training,0.005546764,0.1724122390151024,0.07724848611237442,21.11639824783055,7.601432316832157,2.7294957238875095
5638,training,0.0148397945,0.07409655302762985,0.07724848611237442,21.079657107588318,7.617606891929759,2.724836457884055
5639,training,0,0.0464051142334938,0.07724848611237442,21.043185568212582,7.633857200530619,2.7184759856209384
5640,training,0.0037417451,0.0858538483735174,0.07724848611237442,21.006789201242032,7.650443245507641,2.709624584535425
5641,training,0.006711776,0.07598221651278436,0.07724848611237442,20.970356666362346,7.667385473049699,2.7054864583475866
5642,training,0.0025868583,0.08637180179357529,0.0451096535480162,20.934272650040967,7.684201996770417,2.7050005364388423
5643,training,0.014099928,0.050243817269802094,0.0451096535480162,20.87974022314358,7.70958141896328,2.6991616427967076
5644,training,0,0.016301056370139115,0.0451096535480162,20.8438215099086,7.726963692114367,2.6835791229656043
5645,training,0.0025268695,0.053947415202856064,0.0451096535480162,20.807943490595562,7.744853163060102,2.6757746651978804
5646,training,0.004480936,0.05007036589086056,0.0451096535480162,20.772159199455956,7.762921995573303,2.6738873359101487
5647,training,0,0.039730729535222054,0.0451096535480162,20.736554640338063,7.780875734743541,2.67470288287221
5648,training,0,0.009635359514504671,0.03164993790555574,20.71865222643751,7.789898189918567,2.674158553020653
5649,training,0,0.009905476123094559,0.03164993790555574,20.682909337430676,7.807995113792287,2.6714923548016474
5650,training,0,0.015994301065802574,0.03164993790555574,20.66518124597671,7.817019097923026,2.6699381936849114
5651,training,0,0.0011784285306930542,0.03164993790555574,20.62957199594456,7.835231735975628,2.6677600195558
5652,training,0,0.01895146630704403,0.03164993790555574,20.5939199800118,7.853531212681278,2.667448165116048
5653,training,0,0.009859062731266022,0.03164993790555574,20.558499313028822,7.87171344163286,2.6669231760780625
5654,training,0,0.005503192078322171,0.01864518939802343,20.5228356830738,7.89003928126742,2.666780573883908
5655,training,0,0.04668722301721573,0.01864518939802343,20.48734939716063,7.908256082913005,2.667232769195237
5656,training,0,0.027819395065307617,0.01864518939802343,20.451823520582316,7.9264915436051275,2.6672365049367817
5657,training,0,0.003594520967453718,0.01864518939802343,20.416132226120908,7.944809884443015,2.6679250272259707
5658,training,0,0.022897791117429733,0.01864518939802343,20.362916800698255,7.972054819294072,2.6681530485171527
5659,training,0,0.03826689347624779,0.01864518939802343,20.345061927058083,7.9812021383071965,2.6678793782459365
5660,training,0,0.0265351366251707,0.010461830426994728,20.309502873397477,7.999431401280488,2.6672091523410066
5661,training,0,0.025767726823687546,0.010461830426994728,20.274024969806785,8.01767714109214,2.6656370692208498
5662,training,0,0.025970155373215672,0.010461830426994728,20.238360909172794,8.036093396636476,2.664275681493717
5663,training,0,0.027230652049183846,0.010461830426994728,20.202992666724487,8.054390500456053,2.66322195057072
5664,training,0,0.04614506848156452,0.010461830426994728,20.167490318386704,8.072821228194599,2.662051324524608
5665,training,0.015662106,0.0641369316726923,0.010461830426994728,20.114322371598426,8.100468111388757,2.66182647343474
5666,training,0,0.003284800797700882,0.009142663080827425,20.07886948311488,8.11895006837391,2.6593997118100687
5667,training,0,0.03596121817827225,0.009142663080827425,20.06106789712769,8.128301791086228,2.6559193107720165
5668,training,0,0.006593886762857441,0.009142663080827425,20.025817208193306,8.147057009302218,2.648780709347478
5669,training,0,0.019067369401454926,0.009142663080827425,19.99066337632233,8.166087800057502,2.642376863170845
5670,training,0,0.005008595995604992,0.009142663080827425,19.955498036633458,8.185363345736167,2.6387677254043593
5671,training,0,0.033076558262109756,0.009142663080827425,19.92063511283544,8.20459724801102,2.635748799562494
5672,training,0,0.029686590656638145,0.006637503965989582,19.88560583451333,8.22404317559126,2.633963387593278
5673,training,0,0.0028740214183926582,0.006637503965989582,19.850699568099433,8.243446246492983,2.6341600584585785
5674,training,0,0.02980300597846508,0.006637503965989582,19.81584797797663,8.262835921907808,2.6333177053295156
5675,training,0,0.021606164053082466,0.006637503965989582,19.78082111592114,8.282355177733116,2.6333139176281954
5676,training,0,0.008826382458209991,0.006637503965989582,19.746030128154118,8.301708712231441,2.633468049499836
5677,training,0,0.008372207172214985,0.006637503965989582,19.71107917437639,8.321179256130034,2.632978798607979
5678,training,0,0.033002372831106186,0.010904341611489357,19.67612140921209,8.340654028675578,2.633555352623607
5679,training,0,0.004984613100532442,0.010904341611489357,19.6413352041077,8.360047680605488,2.6319904964054244
5680,training,0,0.005202511325478554,0.010904341611489357,19.606341592887212,8.379636778357876,2.6305586509228207
5681,training,0,0.04531112313270569,0.010904341611489357,19.571579695940667,8.399118876233697,2.6298709022277755
5682,training,0,0.03022616356611252,0.010904341611489357,19.536749381077634,8.418709027948013,2.6283603763526115
5683,training,0,0.0012266803532838821,0.010904341611489357,19.501855739184155,8.438385804076281,2.6283238061695995
5684,training,0,0.01876714453101158,0.013778936196250901,19.467181668729346,8.457928242871576,2.6278222644403355
5685,training,0,0.0022365543991327286,0.013778936196250901,19.4322913871056,8.477615554804707,2.6278934068960864
5686,training,0,0.012258052825927734,0.013778936196250901,19.397515523551284,8.497184485199524,2.62967512295752
5687,training,0,0.0030714627355337143,0.013778936196250901,19.362728350672167,8.516698538182068,2.631051300634389
5688,training,0,0.004524284973740585,0.013778936196250901,19.327735934669906,8.536245230255211,2.633818661749544
5689,training,0,0.0026552993804216385,0.013778936196250901,19.292935132271406,8.555514314040359,2.6372623280762637
5690,training,0,0.027912382502108812,0.023170792547959385,19.257881959947298,8.574777580091624,2.6411335244126355
5691,training,0,0.001757200807332996,0.023170792547959385,19.222740305448863,8.593876647378417,2.6465669074024305
5692,training,0,0.0033639809116721153,0.023170792547959385,19.18766883676012,8.612713823461906,2.650476469514906
5693,training,0,0.02067071758210659,0.023170792547959385,19.152277893382344,8.631567260334677,2.653697763352341
5694,training,0,0.007416049018502235,0.023170792547959385,19.117027342112532,8.65019396643644,2.6557689505666118
5695,training,0,0.04413096606731414,0.023170792547959385,19.08168470958066,8.668859491599806,2.654824952234349
5696,training,0,0.016256880015134808,0.024906493356337007,19.04626741253897,8.687643054227799,2.6532700493620016
5697,training,0,0.0003320346586406231,0.024906493356337007,19.011113366234518,8.706369041292591,2.650297917369349
5698,training,0,0.03578997030854225,0.024906493356337007,18.975789072240232,8.725325445681866,2.647889572293535
5699,training,0.0054719853,0.06842725910246372,0.024906493356337007,18.905508988436107,8.763209141462498,2.645823114913295
5700,training,0,0.044620275497436516,0.024906493356337007,18.88786267781594,8.772757703066777,2.645143859714451
5701,training,0.0033607755,0.05678087845444678,0.024906493356337007,18.835243663067043,8.801330670163134,2.6423742774907626
5702,training,0,0.04019945114850998,0.02111707537774187,18.817702877370326,8.810905003902915,2.6414385162230176
5703,training,0.00259065,0.053032898344099515,0.02111707537774187,18.76500162240618,8.839678549987502,2.642832491178608
5704,training,0,0.010213632136583335,0.02111707537774187,18.747546376537866,8.849178600183274,2.643229409596445
5705,training,0,0.023772191256284707,0.02111707537774187,18.712398137207497,8.86824195965405,2.646615885244549
5706,training,0,0.012940548360347748,0.02111707537774187,18.694729458249178,8.877758697769936,2.6489709003774173
5707,training,0,0.04238070733845234,0.02111707537774187,18.659580053495016,8.896492658409638,2.6536050626784946
5708,training,0,0.010397667065262798,0.028901917220044607,18.624254235122134,8.91516809760707,2.6568194134755814
5709,training,0,0.03914330061525106,0.028901917220044607,18.588784310999028,8.933777503014081,2.660397219376571
5710,training,0,0.04144658148288727,0.028901917220044607,18.55347885963542,8.95215392422737,2.6619199419871555
5711,training,0,0.004330620169639587,0.028901917220044607,18.51790902352375,8.97063366185718,2.662741694499875
5712,training,0,0.03336155600845814,0.028901917220044607,18.482482091786725,8.988985421914117,2.663852600596277
5713,training,0.0029014158,0.07066642865538596,0.028901917220044607,18.429199911848297,9.0165403277335,2.6646108097595005
5714,training,0,0.014069359749555595,0.034358770041363354,18.393728173361374,9.034831390329053,2.666302328263276
5715,training,0,0.017613749951124198,0.034358770041363354,18.376023472931728,9.043919603564975,2.6683667537983404
5716,training,0,0.006047029048204415,0.034358770041363354,18.340357920738736,9.062043470580067,2.6748254549668466
5717,training,0.0034588908,0.05052190274000168,0.034358770041363354,18.26883917330037,9.097428797836445,2.6892357216233767
5718,training,0,0.00443900004029274,0.034358770041363354,18.250810971092374,9.106157480054398,2.692422595110384
5719,training,0,0.02456001378595829,0.034358770041363354,18.21470902134297,9.123416784751242,2.7001529947461584
5720,training,0,0.0015915706753730705,0.030886596842231183,18.17865873176358,9.140246252651275,2.7094189125685477
5721,training,0,0.03644374758005142,0.030886596842231183,18.160475868693823,9.14857874999882,2.714553847480401
5722,training,0,0.03855852782726287,0.030886596842231183,18.12394482723391,9.164977821286362,2.725947066089159
5723,training,0.0035510184,0.07195981754921377,0.030886596842231183,18.069089968316266,9.188489590852575,2.7477839409865417
5724,training,0.0044805496,0.06582780182361603,0.030886596842231183,18.03203432720434,9.203560154793228,2.7634921114015625
5725,training,0.01248289,0.07609979622066021,0.030886596842231183,17.994996965738554,9.21790392519077,2.7805904392418017
5726,training,0.0071992213,0.11301710829138756,0.01945200642115798,17.938733509180224,9.238246632251183,2.8088350473427246
5727,training,0.003414054,0.058532413095235825,0.01945200642115798,17.88211828332297,9.257078712025088,2.8291050635493438
5728,training,0,0.024950886145234108,0.01945200642115798,17.86305156369883,9.26318998783793,2.8326202563350944
5729,training,0.004265596,0.08057583123445511,0.01945200642115798,17.82501573463032,9.275321205147383,2.832468269835417
5730,training,0.0036982682,0.10183065757155417,0.01945200642115798,17.7869940046618,9.287421536918297,2.8345503120887985
5731,training,0.003822906,0.07865753211081028,0.01945200642115798,17.748902134756815,9.299427184942271,2.8379982375297934
5732,training,0,0.0005950778722762992,0.008806518967630125,17.72983631262772,9.305377301485537,2.839917917051062
5733,training,0,0.01627883315086366,0.008806518967630125,17.69171634200789,9.317277810115764,2.835685153317071
5734,training,0,0.029009960591793074,0.008806518967630125,17.653550780508354,9.329507328599627,2.8262449875183044
5735,training,0,0.03034364804625511,0.008806518967630125,17.61562214909627,9.34209633284758,2.8167639730481753
5736,training,0,0.011653138324618343,0.008806518967630125,17.596707505017395,9.348492427038574,2.8142974202282653
5737,training,0,0.027024645358324044,0.008806518967630125,17.558774856155434,9.361452764170718,2.8102945425490997
5738,training,0,0.038465727120637894,0.030526009220225185,17.521074593837074,9.374524577379253,2.8056747584252797
5739,training,0,0.024672716856002808,0.030526009220225185,17.48335920678509,9.387740301412268,2.803339855963691
5740,training,0,0.018006829544901848,0.030526009220225185,17.445617928842694,9.40106779300351,2.800103287042136
5741,training,0,0.020349152386188507,0.030526009220225185,17.408040452288784,9.414458997608108,2.798582208147996
5742,training,0,0.0423104465007782,0.030526009220225185,17.370328468256005,9.427934794400528,2.7978610078230477
5743,training,0,0.022245641797780987,0.030526009220225185,17.33273099435817,9.44143814388993,2.7953872405626767
5744,training,0,0.0037333453074097633,0.030737552551182608,17.295197539800622,9.454982579686334,2.794648199553008
5745,training,0,0.04319118335843086,0.030737552551182608,17.257536517079576,9.468626580942503,2.7924181952952503
5746,training,0,0.02593404054641724,0.030737552551182608,17.22006947101726,9.482320423505675,2.7901052636205805
5747,training,0,0.005663772579282522,0.030737552551182608,17.182512560638518,9.496105452466598,2.7894642332230415
5748,training,0,0.007953986525535583,0.030737552551182608,17.144990476682434,9.50991461986965,2.787895682883014
5749,training,0,0.03917952999472618,0.030737552551182608,17.107585607791542,9.523697995473734,2.7892890597029645
5750,training,0,0.0063827503472566605,0.021350391200509876,17.069961832057572,9.537483892434198,2.7912270004722077
5751,training,0,0.00900254026055336,0.021350391200509876,17.03251141070301,9.55115724319709,2.7918114089798425
5752,training,0.005993751,0.05012009665369988,0.021350391200509876,16.97611584709332,9.57161913904569,2.7950684279723523
5753,training,0,0.024956554174423218,0.021350391200509876,16.957309392661124,9.578414028715729,2.7936554768016726
5754,training,0,0.00887029618024826,0.021350391200509876,16.919826867588,9.592036052721651,2.792792341493639
5755,training,0,0.003932995721697807,0.021350391200509876,16.882184848368407,9.605708719731217,2.7934270094177722
5756,training,0,0.010393815115094185,0.02154410715218716,16.84465520798285,9.61933973691321,2.7927334006948876
5757,training,0,0.036452898755669594,0.02154410715218716,16.80714881535634,9.632938354032765,2.79486693529428
5758,training,0,0.008222704753279686,0.02154410715218716,16.769498779785398,9.646494034769262,2.7961726527126047
5759,training,0,0.0074805449694395065,0.02154410715218716,16.73196378296985,9.659970845080258,2.797540291452113
5760,training,0,0.007609626278281212,0.02154410715218716,16.69429318125008,9.673418339759797,2.79969112995845
5761,training,0,0.0021439408883452433,0.02154410715218716,16.6566411217673,9.68680075489075,2.7998460346877945
5762,training,0,0.010771816596388817,0.024360513496418188,16.619060811109293,9.700118705471656,2.8019887639113086
5763,training,0,0.03513967804610729,0.024360513496418188,16.581283237672224,9.713413300069517,2.804032696361548
5764,training,0,0.011009803041815758,0.024360513496418188,16.543662157197247,9.726595550868467,2.8055004380530635
5765,training,0,0.0377506036311388,0.024360513496418188,16.505928850472294,9.73970348386771,2.808714962149714
5766,training,0,0.01956200134009123,0.024360513496418188,16.468138606762412,9.75272771437178,2.8097630987693063
5767,training,0,0.007121428847312927,0.024360513496418188,16.430421121162894,9.765671198543997,2.8124596583450123
5768,training,0.0070394804,0.0648700650781393,0.023847140259409514,16.373629151048807,9.784887269141144,2.8173623798224616
5769,training,0.0020562056,0.08934686705470085,0.023847140259409514,16.316831268848006,9.803727794424073,2.8262151492364542
5770,training,0.0032203794,0.09366084448993206,0.023847140259409514,16.259803482692096,9.82194766419746,2.839272858359332
5771,training,0.0027683722,0.06471663899719715,0.023847140259409514,16.221703444848895,9.833561819709715,2.8523493117572842
5772,training,0.009245026,0.06431647762656212,0.023847140259409514,16.18342832704505,9.844740725508162,2.860349187352942
5773,training,0,0.034514591097831726,0.016173908702502765,16.164219345109093,9.850272415732263,2.860319571107013
5774,training,0,0.025958903133869164,0.016173908702502765,16.125845404098193,9.861496245695166,2.853207502263875
5775,training,0,0.008741415105760096,0.016173908702502765,16.106638569980518,9.867228052778051,2.85000042125473
5776,training,0,0.005394817329943178,0.016173908702502765,16.087568913141528,9.872984320525461,2.846167327770234
5777,training,0,0.040402906015515334,0.016173908702502765,16.0493521727085,9.884713858402913,2.8421428651382854
5778,training,0.0034652557,0.07156543619930744,0.016173908702502765,15.992073163370844,9.902359544022714,2.8435544288174586
5779,training,0,0.0411036629229784,0.016173908702502765,15.953896058541982,9.914025489597135,2.84688820912823
5780,training,0.009918166,0.061777664348483086,0.03243497636772262,15.896520256101864,9.931203052581205,2.853599611008954
5781,training,0.003692528,0.06444270722568035,0.03243497636772262,15.858237839369599,9.942479699820808,2.8568222034619852
5782,training,0.015300582,0.0652006771415472,0.03243497636772262,15.819910298872255,9.95362719868926,2.859812652634035
5783,training,0.0049170093,0.12767178565263748,0.03243497636772262,15.781577617663022,9.964616236749999,2.8645877865498712
5784,training,0.022322869,0.2030448317527771,0.03243497636772262,15.743134250045088,9.975345715170505,2.8760164995381023
5785,training,0.0127392225,0.2027379646897316,0.03243497636772262,15.723894245204693,9.98049306857057,2.8846209436058627
5786,training,0.0032102636,0.2060931846499443,0.017824462795070304,15.685375679831079,9.990261853582162,2.901350667987948
5787,training,0.0049281223,0.17292067408561707,0.017824462795070304,15.646509168828768,9.999413373345975,2.9195251550288783
5788,training,0.0026104366,0.16718093305826187,0.017824462795070304,15.607610486994854,10.007814094053836,2.9368439075196
5789,training,0.0015529876,0.13130896911025045,0.017824462795070304,15.56857032249339,10.015701056276725,2.9465892000091354
5790,training,0.008625956,0.23077042214572427,0.017824462795070304,15.529272120068041,10.023340532056984,2.951573291339576
5791,training,0.017145185,0.11114993877708912,0.017824462795070304,15.490193398280349,10.030795548265974,2.953460450695091
5792,training,0.017211612,0.06044135428965091,0.02233413372989658,15.431194251331553,10.041998445336441,2.954598888818062
5793,training,0,0.017587408423423774,0.02233413372989658,15.41158270694552,10.045696567800395,2.9548237393117485
5794,training,0,0.012401629239320755,0.02233413372989658,15.37244703438465,10.053214951693528,2.9477070037115105
5795,training,0.0037732972,0.05488721281290054,0.02233413372989658,15.352753902237968,10.057126243941656,2.9430449697125325
5796,training,0,0.0410787984728813,0.02233413372989658,15.313495249405229,10.065211022366324,2.932614586638631
5797,training,0,0.008156202733516693,0.02233413372989658,15.274500534692926,10.073800470455394,2.916867619357328
5798,training,0,0.027554253116250038,0.08107476347919061,15.235435573884937,10.083014781677175,2.9037210827903874
5799,training,0,0.02442057989537716,0.08107476347919061,15.19660620595865,10.092619081952945,2.8949737844323638
5800,training,0,0.03537793271243572,0.08107476347919061,15.15787196944972,10.102535403957239,2.887632854121145
5801,training,0,0.04432138614356518,0.08107476347919061,15.119175762233066,10.112640286554486,2.8858253297929775
5802,training,0,0.0007392428815364838,0.08107476347919061,15.080561905282936,10.12274286281338,2.88414432509415
5803,training,0,0.001152094453573227,0.08107476347919061,15.041857872136099,10.133003525676665,2.8801845180487207
5804,training,0,0.018846606835722916,0.0753766442168994,15.003236067399493,10.143405988626473,2.876353795930264
5805,training,0,0.0030193552374839783,0.0753766442168994,14.96473681028538,10.153998809714594,2.8693168740211408
5806,training,0,0.019336735829710964,0.0753766442168994,14.926238633005108,10.164868441185359,2.863595347258274
5807,training,0,0.011177390813827515,0.0753766442168994,14.887822300003696,10.175944078638471,2.8569145011478505
5808,training,0,0.04104282706975937,0.0753766442168994,14.849432321843125,10.187385365248655,2.8453741732637186
5809,training,0,0.03875026106834412,0.0753766442168994,14.811207822297733,10.199323062468707,2.831503937757019
5810,training,0,0.009237624704837785,0.020995794576953747,14.773115522189952,10.211884882994358,2.8132294910280446
5811,training,0.044249192,0.05577583611011505,0.020995794576953747,14.716531612389309,10.23214275789346,2.7811202930524574
5812,training,0,0.0009561851620673995,0.020995794576953747,14.679024090806013,10.24678537203421,2.7562265835262205
5813,training,0,0.005151323974132552,0.020995794576953747,14.660548692806891,10.25440858185201,2.745012556753891
5814,training,0,0.03851909935474396,0.020995794576953747,14.623781490607586,10.270234258040349,2.725405166150732
5815,training,0.0060337447,0.0798962265253067,0.020995794576953747,14.568980398814677,10.295451321082972,2.6941530048432636
5816,training,0.0020411042,0.059180960059165955,0.05241629018092379,14.51519108055829,10.3223294739945,2.6620749826924555
5817,training,0,0.04312615096569061,0.05241629018092379,14.497336055612942,10.33173696570302,2.6513530561053367
5818,training,0.0034915546,0.10363082587718964,0.05241629018092379,14.462265206492896,10.350927426450697,2.6297500933932527
5819,training,0,0.011384449899196625,0.05241629018092379,14.42748083192834,10.370948819574783,2.6094578216945745
5820,training,0,0.00928313098847866,0.05241629018092379,14.393043118708652,10.39152025786061,2.5989118752313294
5821,training,0.003277854,0.06593490019440651,0.05241629018092379,14.359048195965869,10.412155783582715,2.5932077370699873
5822,training,0,0.0344022735953331,0.07270450129248607,14.32487642509895,10.43312548020435,2.5895211910878397
5823,training,0,0.012618806213140495,0.07270450129248607,14.290950761925558,10.454081148925235,2.585223768559953
5824,training,0,0.024461805820465088,0.07270450129248607,14.274039781450114,10.464645712729393,2.5806402182595995
5825,training,0,0.04852186143398285,0.07270450129248607,14.24017138327927,10.486157928518905,2.570618075237017
5826,training,0,0.04837697371840477,0.07270450129248607,14.20659829960172,10.507880008851913,2.5646431787269615
5827,training,0.0034388257,0.05139487236738205,0.07270450129248607,14.156502450625418,10.540852063756757,2.5538904599400842
5828,training,0,0.022599369287490845,0.0647582509552071,14.139910637710193,10.551939793575531,2.5501163347167317
5829,training,0.0041919113,0.05703895539045335,0.0647582509552071,14.09038748060838,10.58572403994039,2.534821338542569
5830,training,0.0040110364,0.10633015260100365,0.0647582509552071,14.041251089814399,10.620249072824121,2.5246076845074628
5831,training,0.014820672,0.14287929981946945,0.0647582509552071,14.008780269269359,10.643255952131806,2.5264784585530595
5832,training,0.0033310615,0.16231979057192805,0.0647582509552071,13.97607896569683,10.666191267397506,2.534805903437075
5833,training,0.002953231,0.06561547517776488,0.0647582509552071,13.943232484469034,10.68881518586318,2.539353766152422
5834,training,0,0.030969388782978058,0.0647582509552071,13.92680697396483,10.700137479705921,2.5356389773249406
5835,training,0,0.03335988521575926,0.04614440602522788,13.893991986302183,10.723193723196383,2.5213118775411734
5836,training,0,0.04006294161081314,0.04614440602522788,13.861537426975815,10.746726267159094,2.507072703103457
5837,training,0,0.0009619668126106401,0.04614440602522788,13.84550325086439,10.75862037172901,2.4990277208663856
5838,training,0,0.016846671700477614,0.04614440602522788,13.813618815766874,10.782872765484417,2.4834180654019686
5839,training,0,0.008442908525466905,0.04614440602522788,13.782085611730087,10.807649719363935,2.467564280146747
5840,training,0,0.022600643336772905,0.04614440602522788,13.75099308232746,10.832940920133442,2.4495615893745986
5841,training,0,0.04557612538337709,0.04614440602522788,13.720402215468585,10.858666763234243,2.436384820008707
5842,training,0,0.02319251000881195,0.026160059362482578,13.689962556755209,10.884816909845577,2.4282159692526455
5843,training,0.0069448147,0.09310530871152878,0.026160059362482578,13.644978059789784,10.92439373628195,2.410352153921915
5844,training,0.0015498786,0.07178986445069313,0.026160059362482578,13.615273706415415,10.95150050846879,2.3925370174936917
5845,training,0.0035823467,0.09727681800723076,0.026160059362482578,13.57191140063748,10.993033368853201,2.363316100101678
5846,training,0.021891825,0.10887332633137703,0.026160059362482578,13.543550720620113,11.02155243639071,2.3429743483634597
5847,training,0,0.03399542532861233,0.026160059362482578,13.52955793051084,11.036033047114048,2.336719851250351
5848,training,0.0037656773,0.07525128312408923,0.026160059362482578,13.488211356863435,11.07921951508521,2.334312593318522
5849,training,0.00325729,0.06140515208244324,0.016275865485807287,13.46043593633665,11.108186504586655,2.3369846287845246
5850,training,0,0.009753897786140456,0.016275865485807287,13.446606527682093,11.12252190010046,2.340509887617207
5851,training,0,0.023962683975696578,0.016275865485807287,13.432750741856985,11.1367321130736,2.346762079366914
5852,training,0.005655227,0.0519234761595726,0.016275865485807287,13.39033180957192,11.179136035226271,2.3663435552680463
5853,training,0,0.01527076214551927,0.016275865485807287,13.376052413425251,11.193033480469895,2.373097821555093
5854,training,0.002542254,0.07598932087421417,0.016275865485807287,13.347286378727924,11.22040029995698,2.3889124528599948
5855,training,0,0.012701153755187988,0.016275865485807287,13.317880699510528,11.24751760321764,2.4047641182756467
5856,training,0,0.012746423482894897,0.016359713150919747,13.288224208182786,11.27399080817161,2.422626695274966
5857,training,0,0.003735914826393155,0.016359713150919747,13.25800694450172,11.299790389808685,2.4490180796865495
5858,training,0,0.04728703200817108,0.016359713150919747,13.227048360261241,11.324735294534316,2.4769763962298192
5859,training,0.0026750069,0.11009334772825241,0.016359713150919747,13.179397106184378,11.360519197396606,2.5177870613525055
5860,training,0,0.019162558019161238,0.016359713150919747,13.146862289172102,11.38338907734771,2.536347921250757
5861,training,0,0.019217148423194885,0.016359713150919747,13.130402044810912,11.394703688473653,2.5433727328218163
5862,training,0,0.029685117304325104,0.016359713150919747,13.097262839842017,11.41684498747644,2.5626842624016684
5863,training,0,0.014543905854225159,0.007499931349216603,13.063815594176921,11.43821352907793,2.5828015197198693
5864,training,0.001941608,0.058949343860149384,0.007499931349216603,13.012545618136018,11.469084784572322,2.6187705801297105
5865,training,0.0065656654,0.07910194247961044,0.007499931349216603,12.977915306346137,11.488553125413103,2.63826558609881
5866,training,0.012434221,0.07256644405424593,0.007499931349216603,12.942740505326881,11.507606848421641,2.6487359170716576
5867,training,0.0030156597,0.08338998258113861,0.007499931349216603,12.907512148120915,11.526400888567768,2.654639828971482
5868,training,0,0.00885114073753357,0.007499931349216603,12.872225601481121,11.544859340622494,2.6659183991731754
5869,training,0,0.037508174777030945,0.015145254371967615,12.836466342815372,11.562894314356539,2.6860689653183125
5870,training,0,0.008514583110809326,0.015145254371967615,12.81859215639698,11.571525386486192,2.698167072211723
5871,training,0,0.04328042268753052,0.015145254371967615,12.782536256702427,11.588134794405772,2.7198388188877196
5872,training,0,0.006914287805557251,0.015145254371967615,12.74586948860417,11.604220465183637,2.7362249651960013
5873,training,0,0.034103002399206155,0.015145254371967615,12.709228868543356,11.619642169357547,2.7502116720709724
5874,training,0,0.0076238662004470825,0.015145254371967615,12.672243695787678,11.634589027361084,2.7645149178220354
5875,training,0,0.03000724315643312,0.008637777482776504,12.634983266414425,11.649092802493126,2.7752823567243174
5876,training,0.010583311,0.05053003877401352,0.008637777482776504,12.579002513675961,11.670108382105788,2.788868347035032
5877,training,0,0.02156580612063408,0.008637777482776504,12.541464237439872,11.68377390964396,2.7954177623956005
5878,training,0,0.027578786015510573,0.008637777482776504,12.522708324313841,11.690493900520748,2.799131154218814
5879,training,0,0.014617554843425758,0.008637777482776504,12.485079381377028,11.703723656981815,2.808010756890447
5880,training,0,0.0341968759894371,0.008637777482776504,12.447297407032663,11.716650284039755,2.8149325878692615
5881,training,0.0054477723,0.05058975890278816,0.033007079081473385,12.390523230978532,11.735536291338144,2.8263412768067884
5882,training,0,0.018239216879010207,0.033007079081473385,12.352535585150548,11.747775534621981,2.8323165195490008
5883,training,0,0.009990721940994264,0.033007079081473385,12.31447651986316,11.75982342389967,2.8375781424674065
5884,training,0,0.039388647302985184,0.033007079081473385,12.295428227388745,11.76576858376241,2.840716404054662
5885,training,0,0.04851670004427433,0.033007079081473385,12.25727342502803,11.77750078324192,2.8442706015122563
5886,training,0,0.015062784776091576,0.033007079081473385,12.219057136886848,11.789160287858477,2.8468990346397667
5887,training,0,0.03236441873013974,0.033422766994880865,12.180798268680865,11.800679170179706,2.8512453756390874
5888,training,0,0.004217587411403654,0.033422766994880865,12.142567565954053,11.812061476458737,2.8524490364624624
5889,training,0,0.010588252916932113,0.033422766994880865,12.10426916139344,11.823395314975011,2.855781412103136
5890,training,0,0.003693133592605591,0.033422766994880865,12.065976469060297,11.834549059904292,2.8594680943201864
5891,training,0,0.02092035301029682,0.033422766994880865,12.027557546007952,11.845617336617964,2.8624270029687358
5892,training,0,0.0031082667410373688,0.033422766994880865,11.989153424077235,11.856522992522674,2.8676082009892907
5893,training,0,0.011537337675690651,0.014757689144233118,11.950751449708601,11.867242824839272,2.869951633453773
5894,training,0,0.010952789336442944,0.014757689144233118,11.912219892155358,11.877923084351064,2.8724335882217376
5895,training,0,0.02099890261888504,0.014757689144233118,11.873731078705388,11.888462636807658,2.875285722144802
5896,training,0,0.01728358818218112,0.014757689144233118,11.83518866296717,11.898950813298399,2.8763588198834857
5897,training,0,0.03280707448720932,0.014757689144233118,11.796619117404969,11.909361851900965,2.879929964937193
5898,training,0,0.015292363241314888,0.014757689144233118,11.75810622778144,11.919606680320337,2.8821296075652687
5899,training,0,0.020661211106926203,0.024877963872431488,11.719421391608163,11.929828308672448,2.884533891644903
5900,training,0,0.03768770210444927,0.024877963872431488,11.680782897936766,11.939889600798521,2.8885594706794637
5901,training,0,0.03156896494328976,0.024877963872431488,11.642179083388552,11.949847088066408,2.8894883323462563
5902,training,0,0.035136086866259575,0.024877963872431488,11.603441081523217,11.959778468788967,2.892108430641676
5903,training,0.005342194,0.08067872561514378,0.024877963872431488,11.52601254616419,11.979314175991252,2.896029333555675
5904,training,0,0.028560268692672253,0.024877963872431488,11.506631016271283,11.984149550867098,2.8980062422008768
5905,training,0,0.03591118007898331,0.012466559211130166,11.467957790675392,11.993674717578054,2.9009412641273875
5906,training,0.00710962,0.06319957226514816,0.012466559211130166,11.429101848719357,12.00316908014472,2.9028718240098317
5907,training,0,0.03600618615746498,0.012466559211130166,11.39025602319837,12.01254835835254,2.9064314114410386
5908,training,0.004721569,0.07991344109177591,0.012466559211130166,11.332002920483292,12.02650605112618,2.905643903948814
5909,training,0,0.04577204212546349,0.012466559211130166,11.31253911044893,12.031183700596925,2.905401202160004
5910,training,0,0.037662141025066376,0.012466559211130166,11.293110882328923,12.035855036036054,2.905851925259492
5911,training,0.0040021827,0.07201025635004044,0.012684697294506178,11.23491479617213,12.049833511219234,2.905525170812912
5912,training,0.0030168905,0.05659286491572857,0.012684697294506178,11.196009501424681,12.05914449052951,2.9086979935964785
5913,training,0.01070079,0.10916087031364441,0.012684697294506178,11.13779446140596,12.072814723068317,2.9126587150977956
5914,training,0.0025126797,0.09076200611889362,0.012684697294506178,11.118273119844027,12.077348517439724,2.913738102669392
5915,training,0,0.028568802401423454,0.012684697294506178,11.07937528694662,12.086288269001864,2.9170739773893217
5916,training,0,0.030914699658751488,0.012684697294506178,11.060002834336615,12.090705947419144,2.917214421981845
5917,training,0,0.017191800521686673,0.020980552593807912,11.020964547307534,12.09960822087125,2.9176074577696607
5918,training,0,0.011399347335100174,0.020980552593807912,10.982001536403605,12.108418975655717,2.920761820180902
5919,training,0,0.011672261694911867,0.020980552593807912,10.943142121019735,12.117112944151547,2.9220135836128858
5920,training,0,0.014120493084192273,0.020980552593807912,10.904047491211152,12.125796077385806,2.9243035605049648
5921,training,0,0.04040086455643177,0.020980552593807912,10.865161860104887,12.134310013507097,2.92671668224538
5922,training,0,0.0475697573274374,0.020980552593807912,10.826079772010925,12.142797598289471,2.928553663150665
5923,training,0,0.03367913328111172,0.02192984318277837,10.786974234632247,12.151191758650045,2.9321229861201212
5924,training,0,0.012301350012421608,0.02192984318277837,10.748043526372818,12.159418000299741,2.9339757612426918
5925,training,0,0.022840424440801144,0.02192984318277837,10.70882183104376,12.167634422037288,2.9361683176091544
5926,training,0,0.01775195077061653,0.02192984318277837,10.669828356286995,12.175681860119086,2.938756251659402
5927,training,0,0.014652572106570005,0.02192984318277837,10.630690100333863,12.183694685390368,2.9401810630316363
5928,training,0,0.001142933964729309,0.02192984318277837,10.591443062437655,12.191663213404382,2.9428740754145566
5929,training,0,0.002199966460466385,0.04315334766274145,10.552436677821374,12.199464932390434,2.9446560834442232
5930,training,0,0.003134772181510922,0.04315334766274145,10.513151372524652,12.207264297480672,2.946708125781946
5931,training,0,0.019191807135939595,0.04315334766274145,10.473984499473007,12.214910106538495,2.9504332725152747
5932,training,0,0.0240675900131464,0.04315334766274145,10.434834677764334,12.22243566907425,2.952463121663213
5933,training,0,0.027543181553483002,0.04315334766274145,10.395451754215678,12.229935759168956,2.9545034133761487
5934,training,0,0.03729384578764438,0.04315334766274145,10.35635069653091,12.237280225621257,2.956464193870277
5935,training,0,0.03623428754508495,0.05108444992434894,10.31701868016457,12.244603829020944,2.9584978603779755
5936,training,0,0.04405144043266774,0.05108444992434894,10.277660924658573,12.2518234183326,2.9619806730103244
5937,training,0,0.038477884605526924,0.05108444992434894,10.238495897299238,12.258887675033899,2.9641204977631825
5938,training,0,0.005044329911470413,0.05108444992434894,10.199019630544782,12.265918446582425,2.966814848653208
5939,training,0,0.025069354102015495,0.05108444992434894,10.159779327641706,12.27276666256782,2.9697259772444333
5940,training,0,0.016519455239176757,0.05108444992434894,10.12040282293041,12.279558560568098,2.9715182568223324
5941,training,0,0.029688185080885887,0.011255326515909169,10.080897829228944,12.286297610785017,2.974504847353996
5942,training,0,0.03717261366546154,0.011255326515909169,10.04165617066893,12.292847353714778,2.9772648825472285
5943,training,0.010802413,0.05885692872107029,0.011255326515909169,9.962725074623895,12.305656145762676,2.9842631600693266
5944,training,0.004503587,0.051159072667360306,0.011255326515909169,9.903483161412682,12.3149584722425,2.9863197452434185
5945,training,0,0.03894280828535557,0.011255326515909169,9.883646141953784,12.318067258860806,2.985642158205085
5946,training,0,0.012457952718250453,0.011255326515909169,9.864027377342966,12.321152616218175,2.9849011237642213
5947,training,0,0.0022217491641640663,0.01531776953157403,9.844367915579811,12.324250374149416,2.9854570119020174
5948,training,0,0.004644919186830521,0.01531776953157403,9.804827286374538,12.330431848743224,2.9875711268538074
5949,training,0,0.01373281143605709,0.01531776953157403,9.765291408472294,12.33650708362857,2.9905428693989196
5950,training,0,0.04245053045451641,0.01531776953157403,9.725893885588206,12.342440790386732,2.993474396541666
5951,training,0,0.022345467004925013,0.01531776953157403,9.686210449333585,12.348299268486109,2.9968730375483963
5952,training,0,0.04322241432964802,0.01531776953157403,9.646775409182014,12.35396547502217,3.000205147171465
5953,training,0,0.04633151926100254,0.024884441288229066,9.607201102223746,12.359535586839831,3.0031959318132415
5954,training,0.014579067,0.13966980017721653,0.024884441288229066,9.567481459435914,12.365002868333766,3.0070376578247298
5955,training,0.003751704,0.14503610506653786,0.024884441288229066,9.528050639982144,12.370242134232397,3.0123271451062066
5956,training,0.014180527,0.17560144513845444,0.024884441288229066,9.488308096600095,12.375274078145193,3.0200932555283777
5957,training,0.00611947,0.15958136320114136,0.024884441288229066,9.42893005934248,12.382079262512214,3.035647929700229
5958,training,0.0038038113,0.17205801233649254,0.024884441288229066,9.409073784321455,12.384131389684038,3.041441630670527
5959,training,0,0.02759134769439696,0.024087245961271275,9.369156865705191,12.387933226059998,3.0524585823007704
5960,training,0.010011399,0.06280203163623811,0.024087245961271275,9.329538627635655,12.391281482157934,3.061727003236319
5961,training,0.001907597,0.0753429513424635,0.024087245961271275,9.289652375833045,12.394309951179876,3.069306505499392
5962,training,0.0028943126,0.08660747855901718,0.024087245961271275,9.249738625099207,12.397097381822606,3.073657200418082
5963,training,0.005097318,0.09014110453426838,0.024087245961271275,9.209971692018126,12.399711654596382,3.077856413633351
5964,training,0.004926287,0.08132809959352016,0.024087245961271275,9.1699404249758,12.402197202434383,3.0812019428610946
5965,training,0.0022259322,0.08705783821642399,0.045069991984257325,9.130155825261781,12.404550279320844,3.0838295635849287
5966,training,0.0031217982,0.06195082515478134,0.045069991984257325,9.070210490103412,12.407835599346543,3.089977683224771
5967,training,0,0.04769033938646318,0.045069991984257325,9.050291442718825,12.408845480300593,3.0916857105304008
5968,training,0,0.033478960394859314,0.045069991984257325,9.010518957824317,12.410674647386598,3.1003634876566384
5969,training,0,0.014968253672122941,0.045069991984257325,8.97052980413254,12.412089538438691,3.112784729247335
5970,training,0,0.007176518440246596,0.045069991984257325,8.930696493617313,12.412997129801335,3.1252306011565905
5971,training,0,0.0036307275295257707,0.058125997069764276,8.890877982816923,12.413336892861942,3.140921079579183
5972,training,0,0.008036624640226371,0.058125997069764276,8.850987201856464,12.413069709153742,-3.1281991370622855
5973,training,0,0.01586645096540451,0.058125997069764276,8.811154387791746,12.412255267835487,-3.1145646591785683
5974,training,0,0.015521623194217675,0.058125997069764276,8.77125394530336,12.41089576955249,-3.100966172168943
5975,training,0,0.022854208946228027,0.058125997069764276,8.731411555366348,12.409070812309333,-3.0910780831667504
5976,training,0,0.027109820395708088,0.058125997069764276,8.69164981718881,12.406835279168698,-3.0801469662739143
5977,training,0,0.027581678703427315,0.05003895024088014,8.651797048196206,12.40418729885985,-3.071543404532177
5978,training,0,0.028023555409163237,0.05003895024088014,8.611956638406237,12.401267224202172,-3.0655977152278457
5979,training,0,0.0029669143259525264,0.05003895024088014,8.572191628637887,12.39809741024467,-3.059141613163772
5980,training,0,0.007290102541446686,0.05003895024088014,8.532393741279112,12.394735053805249,-3.0563471862423324
5981,training,0,0.003397630527615547,0.05003895024088014,8.492636235592109,12.391275039793996,-3.053048260389689
5982,training,0,0.005699924658983945,0.05003895024088014,8.452858454986941,12.387681237763429,-3.051275374727065
5983,training,0,0.00514703243970871,0.039254002484950444,8.413006174524106,12.384081130042599,-3.0519372985297646
5984,training,0,0.01704943366348743,0.039254002484950444,8.373265986493534,12.380479832628222,-3.051114693157556
5985,training,0,0.029685722663998604,0.039254002484950444,8.333465361200187,12.376886986112188,-3.052911342221249
5986,training,0,0.02482849173247815,0.039254002484950444,8.293660634123029,12.373383160101598,-3.054130909449545
5987,training,0,0.02664226107299328,0.039254002484950444,8.25382295235803,12.36989671922436,-3.055300854552496
5988,training,0,0.028950808569788933,0.039254002484950444,8.213957898467854,12.366511577161196,-3.058650982658762
5989,training,0,0.03417282737791538,0.020537847111818493,8.174178448494402,12.363224558856103,-3.059706319255818
5990,training,0,0.027559751644730575,0.020537847111818493,8.134324235484792,12.359982338344432,-3.0619721159316255
5991,training,0,0.03359287790954113,0.020537847111818493,8.094454639875512,12.356862537384991,-3.0646939430163718
5992,training,0,0.03489826433360577,0.020537847111818493,8.054610872802996,12.353804254878147,-3.0654114946872615
5993,training,0,0.03043106384575367,0.020537847111818493,8.014731088163552,12.350798066995186,-3.0680476147649953
5994,training,0,0.03465203754603863,0.020537847111818493,7.974918013094852,12.3478929150767,-3.069272144903064
5995,training,0,0.04346361942589283,0.013859373837570995,7.935015976634372,12.345018149922527,-3.070826424528911
5996,training,0,0.04232306219637394,0.013859373837570995,7.8950919715026,12.34224858049062,-3.0737639743965506
5997,training,0,0.034337664023041725,0.013859373837570995,7.85527312757579,12.339544639038174,-3.0742741001656775
5998,training,0,0.049174455925822265,0.013859373837570995,7.815359731188892,12.336886141640383,-3.0767450162426155
5999,training,0.0026404192,0.05287572555243968,0.013859373837570995,7.755556240052284,12.333074090129816,-3.0785043015025435
6000,training,0.0050392514,0.06635320745408535,0.013859373837570995,7.71563863122755,12.330554626840712,-3.0792868934504796
6001,training,0.0060324483,0.08103682659566402,0.0024059069698452395,7.655870131719397,12.326759812164171,-3.075754871169363
6002,training,0,0.016900762915611264,0.0024059069698452395,7.635909427109561,12.325422409296333,-3.074133431568543
6003,training,0,0.0035231113433837856,0.0024059069698452395,7.596016310415995,12.322712497463925,-3.0746819004870423
6004,training,0,0.009938705712556836,0.0024059069698452395,7.57614344877741,12.32138309306497,-3.075065995716078
6005,training,0,0.008809508755803108,0.0024059069698452395,7.536234155564049,12.318746681537618,-3.0764161068148805
6006,training,0,0.016557782888412476,0.0024059069698452395,7.4963083787817615,12.316188553132143,-3.0792284953556077
6007,training,0,0.020387081429362297,0.014548275781262898,7.45648471741352,12.31371385420477,-3.0796300291817595
6008,training,0,0.026688372716307633,0.014548275781262898,7.4165489816644845,12.311232092858438,-3.0800861250892138
6009,training,0,0.02224347181618214,0.014548275781262898,7.376630149387815,12.308805908162364,-3.08167546392418
6010,training,0,0.03444718196988106,0.014548275781262898,7.3367870215722,12.306398110987502,-3.08116224736001
6011,training,0,0.0324053056538105,0.014548275781262898,7.296855536192832,12.303993975790032,-3.0826201868011385
6012,training,0,0.032942309975624084,0.014548275781262898,7.257007967324471,12.301657645118272,-3.0830527854780976
6013,training,0,0.027059555053710934,0.023289783396856403,7.217056821762349,12.299308580328235,-3.0832485616549117
6014,training,0,0.02943935617804527,0.023289783396856403,7.1771218901846,12.29701448277217,-3.085127886433322
6015,training,0,0.03558039106428623,0.023289783396856403,7.137304397576471,12.294739154065953,-3.084169616189894
6016,training,0.002699306,0.05069023557007313,0.023289783396856403,7.077384241333836,12.291295054289387,-3.0849975625226693
6017,training,0,0.03784255869686604,0.023289783396856403,7.057509690690873,12.290161722504697,-3.0844914434741604
6018,training,0,0.02138475887477398,0.023289783396856403,7.017572938760033,12.287873329079245,-3.0850667042303783
6019,training,0,0.03546648658812047,0.028607051324283175,6.977612595183244,12.285672713876693,-3.088674223968174
6020,training,0,0.03888037987053394,0.028607051324283175,6.937776306795631,12.2835893433209,-3.0898177423768995
6021,training,0.0028950034,0.05077861808240414,0.028607051324283175,6.877814475831523,12.280516521864499,-3.0917420218661866
6022,training,0,0.019494935870170593,0.028607051324283175,6.857890161900202,12.279529260510785,-3.0924345537609215
6023,training,0,0.024168867617845535,0.028607051324283175,6.817965484746046,12.277585606273266,-3.094537598292304
6024,training,0,0.031766269356012344,0.028607051324283175,6.777950254881205,12.275801503090563,-3.1000246244479803
6025,training,0,0.024529431015253074,0.029289816900777525,6.738081706375937,12.274220150337532,-3.1035703076039356
6026,training,0,0.0077127269469201565,0.029289816900777525,6.698039465247648,12.27274696822921,-3.1062072938518255
6027,training,0,0.004995537456125021,0.029289816900777525,6.658062807735007,12.271406723098517,-3.1098546200495614
6028,training,0,0.004975326359272003,0.029289816900777525,6.618186556719302,12.270153802951109,-3.1107864721637966
6029,training,0,0.005668612662702799,0.029289816900777525,6.578153751050991,12.268937511854986,-3.1122889515341545
6030,training,0,0.04306383803486824,0.029289816900777525,6.538265343571222,12.267784832453787,-3.112440747813552
6031,training,0,0.04048055037856102,0.027984608839285746,6.498274202667627,12.266586438543918,-3.1108213998001792
6032,training,0,0.03408106788992882,0.027984608839285746,6.458289965868243,12.265340058229155,-3.1103929533857633
6033,training,0,0.034198589622974396,0.027984608839285746,6.418467072225329,12.264035999657173,-3.107449603633133
6034,training,0,0.037196140736341476,0.027984608839285746,6.378459813784217,12.262615072068439,-3.1056052186368777
6035,training,0.0025906428,0.08744449540972711,0.027984608839285746,6.318642476600718,12.26042866602716,-3.104172115772283
6036,training,0.0064225784,0.10154154524207115,0.027984608839285746,6.278619477370045,12.25891950463947,-3.1043891470674354
6037,training,0.0054999655,0.07246110215783118,0.027824594330360667,6.2387059705997805,12.257471471378732,-3.1061227004704253
6038,training,0.0028079895,0.06513681821525097,0.027824594330360667,6.198801745338541,12.256033146739531,-3.1041133431747907
6039,training,0,0.04991265758872032,0.027824594330360667,6.158839194471211,12.254462982459815,-3.100658837432408
6040,training,0,0.04303048923611641,0.027824594330360667,6.138894504049467,12.253615110271046,-3.0975403296743536
6041,training,0,0.027369622141122818,0.027824594330360667,6.099109639007076,12.251681425061392,-3.0886602463765853
6042,training,0.005647972,0.06560920923948288,0.027824594330360667,6.059220959848086,12.249409862297043,-3.081376641365856
6043,training,0.0065147607,0.09701342135667801,0.025119244511160148,6.019443990302981,12.246850753231408,-3.0727948382301595
6044,training,0.010863188,0.09187767654657364,0.025119244511160148,5.979629956745539,12.243899757284234,-3.0627885526103147
6045,training,0.0071574794,0.07453714311122897,0.025119244511160148,5.939842434152909,12.240608225523856,-3.0554097212382976
6046,training,0,0.04340376704931259,0.025119244511160148,5.900145456032762,12.236986720435556,-3.045252427106885
6047,training,0,0.01656699180603026,0.025119244511160148,5.860480227788569,12.232929091819319,-3.034865309322898
6048,training,0,0.030200667679309845,0.025119244511160148,5.820760509221525,12.228474614506146,-3.0246375546769073
6049,training,0.0033359858,0.05618894100189209,0.014358174262348677,5.761504439095913,12.220944468448277,-3.0073434224639977
6050,training,0,0.02591399103403092,0.014358174262348677,5.741721168033348,12.218234482931027,-3.00361468883858
6051,training,0.009756305,0.07841377146542072,0.014358174262348677,5.702183141315238,12.21259488753903,-2.995528655733048
6052,training,0.006188659,0.05979802832007407,0.014358174262348677,5.643046726107109,12.203575500218419,-2.9864464613915915
6053,training,0,0.021212683990597725,0.014358174262348677,5.603532134892766,12.197294298319948,-2.9807784674434483
6054,training,0,0.018878189846873283,0.014358174262348677,5.583864216971231,12.194059324617223,-2.977020731756164
6055,training,0,0.004135098308324814,0.031714152392818766,5.544570582213764,12.18742027559865,-2.972040898107052
6056,training,0,0.008866137359291315,0.031714152392818766,5.505085727998894,12.18058165260906,-2.968163164749344
6057,training,0.0037460583,0.09173609502613544,0.031714152392818766,5.44621646232168,12.170093510973826,-2.964441951970203
6058,training,0.0038400711,0.053506653755903244,0.031714152392818766,5.387152787062818,12.15944411318503,-2.9608140481661156
6059,training,0,0.03291643410921097,0.031714152392818766,5.34797684191496,12.152209814919107,-2.9571623442156403
6060,training,0,0.02423575893044471,0.031714152392818766,5.328318793104366,12.148519908861449,-2.9548828315721085
6061,training,0,0.0011750617995858175,0.043865250625728325,5.289023687041747,12.141001565773362,-2.949296004188008
6062,training,0,0.019982020370662212,0.043865250625728325,5.269460680148515,12.137158570098428,-2.9471042326892136
6063,training,0,0.01934952661395073,0.043865250625728325,5.230302359515737,12.129391145771699,-2.945023002484813
6064,training,0,0.02805370092391968,0.043865250625728325,5.191011179996976,12.121538634209008,-2.9434317073673766
6065,training,0,0.04494544863700867,0.043865250625728325,5.151944760404492,12.11365428916372,-2.9422922661034057
6066,training,0,0.03200097009539604,0.043865250625728325,5.112702138972544,12.105709245484181,-2.941414589764133
6067,training,0,0.005480173975229263,0.04204941478819478,5.073543669196116,12.097721340944357,-2.9397079110100695
6068,training,0,0.010147714987397192,0.04204941478819478,5.034463332340886,12.089734775580805,-2.940831929402047
6069,training,0,0.019777674227952954,0.04204941478819478,4.995141762858411,12.081759518707528,-2.9419411049421624
6070,training,0,0.017389845103025436,0.04204941478819478,4.956101843190139,12.07382918047943,-2.941158232265634
6071,training,0,0.004883972927927971,0.04204941478819478,4.91691807139095,12.065851565480878,-2.9402213143284133
6072,training,0,0.026072759181261063,0.04204941478819478,4.877734674158338,12.057795572768342,-2.9361769316442614
6073,training,0,0.003579460084438324,0.0368608814394128,4.8387635872964525,12.049573844602094,-2.931640607604693
6074,training,0,0.011725785210728645,0.0368608814394128,4.799592552751812,12.041123414094107,-2.9256810399360695
6075,training,0,0.02698785439133644,0.0368608814394128,4.760698156077416,12.032419917823972,-2.9173776391209665
6076,training,0,0.00644751638174057,0.0368608814394128,4.721841043609531,12.023406776998877,-2.9102198350180863
6077,training,0,0.01949785277247429,0.0368608814394128,4.682835600653841,12.01407630994107,-2.9013986047798634
6078,training,0,0.03053411841392517,0.0368608814394128,4.64430630288631,12.00439970436433,-2.8898374140205862
6079,training,0,0.01208285242319107,0.006198789827472473,4.605655961658786,11.994201112919392,-2.8767249819907366
6080,training,0,0.010035388171672835,0.006198789827472473,4.567237799571283,11.98349349848198,-2.860901651015695
6081,training,0,0.013242095708847046,0.006198789827472473,4.529145095625884,11.972160864730524,-2.8440172125741197
6082,training,0,0.014350630342960358,0.006198789827472473,4.490950622099393,11.960113612164477,-2.8276446863356024
6083,training,0,0.024630039930343628,0.006198789827472473,4.453266814302903,11.94754612212767,-2.81145391486031
6084,training,0,0.029353193938732133,0.006198789827472473,4.415673167714038,11.934295101699872,-2.793930003327761
6085,training,0,0.01645361632108687,0.041940520642269274,4.378219717509722,11.92037650642177,-2.7779473535150387
6086,training,0,0.0010609999299049377,0.041940520642269274,4.341241612202009,11.905927788678138,-2.760564845785813
6087,training,0,0.016538001596927643,0.041940520642269274,4.304299327254348,11.89075554593702,-2.7436970082593897
6088,training,0.014498206,0.05925862863659859,0.041940520642269274,4.249491853991822,11.86704066627017,-2.722709489837764
6089,training,0,0.04937811940908432,0.041940520642269274,4.231290009213524,11.858867951766895,-2.716247987135784
6090,training,0.018621989,0.09204702265560627,0.041940520642269274,4.195023690654675,11.842206278228797,-2.7073116896570775
6091,training,0.0032717024,0.05866414308547972,0.05303044987541808,4.140889334411031,11.81677300017115,-2.6978045015189314
6092,training,0.005767405,0.11846272461116314,0.05303044987541808,4.104872492055259,11.799549866613004,-2.694289512460154
6093,training,0.006493239,0.09138735383749008,0.05303044987541808,4.0689046969356335,11.782222057393138,-2.6905117936344274
6094,training,0.007817293,0.08377877622842789,0.05303044987541808,4.033036448616704,11.764684695319364,-2.683464022349983
6095,training,0,0.039327085018157945,0.05303044987541808,3.997305270852664,11.746935346781598,-2.67669406249729
6096,training,0,0.026495553553104373,0.05303044987541808,3.9794872191001094,11.737922179662885,-2.6698789593584293
6097,training,0,0.016860879957675934,0.03461763015415039,3.9442286652315444,11.719506139588285,-2.6493189819258176
6098,training,0,0.01980430632829666,0.03461763015415039,3.9094085007685195,11.700335179677808,-2.626992647313619
6099,training,0,0.0494682416319847,0.03461763015415039,3.8749459436136617,11.68029024441211,-2.601114593895691
6100,training,0,0.018689222633838654,0.03461763015415039,3.8412431236935225,11.659413906791206,-2.5735191644180904
6101,training,0,0.022763438522815704,0.03461763015415039,3.8079499920429325,11.637532049050149,-2.5471896464544517
6102,training,0,0.0073312073945999146,0.03461763015415039,3.775241515276154,11.614875749551784,-2.525791504122324
6103,training,0,0.0036892592906952043,0.020196842685712837,3.742994756041675,11.59165804600704,-2.5093643557700647
6104,training,0,0.006747260689735413,0.020196842685712837,3.7108684072214255,11.567737824548981,-2.4933068486588983
6105,training,0,0.006543554365634918,0.020196842685712837,3.679375687073423,11.543505984760154,-2.4780140081264035
6106,training,0,0.008589847013354308,0.020196842685712837,3.6481292660148132,11.518709716169672,-2.4644746808169806
6107,training,0,0.024600539356470108,0.020196842685712837,3.6170499451154545,11.493493640536531,-2.457009568675506
6108,training,0.0046678414,0.05978204868733883,0.020196842685712837,3.555333136669223,11.442779492612319,-2.4524213197318194
6109,training,0,0.031150178983807564,0.020196842685712837,3.53986364846006,11.430041903005694,-2.453488828212849
6110,training,0.014308367,0.06713166832923889,0.012487310194199448,3.5090697315861776,11.404805233010931,-2.4578776600589176
6111,training,0,0.04085460864007473,0.012487310194199448,3.4778596549947367,11.379563430193027,-2.4668472326101627
6112,training,0.0012712509,0.08179095387458801,0.012487310194199448,3.446442643513304,11.354748541194066,-2.479439762139642
6113,training,0,0.045111849904060364,0.012487310194199448,3.414781878574668,11.330350923026646,-2.4905408910933695
6114,training,0.0046013603,0.0601289588958025,0.012487310194199448,3.3826311354449063,11.306143941072056,-2.501955445771401
6115,training,0.00064104237,0.11711287219077349,0.012487310194199448,3.334186014738772,11.270906200494965,-2.524770457004904
6116,training,0.0076486524,0.09967596642673016,0.012487310194199448,3.301038178247799,11.247933507279813,-2.5470379562820997
6117,training,0.015984738,0.07087736576795578,0.016289480310576594,3.2676584840841256,11.225942916205438,-2.5718422045696374
6118,training,0.00468582,0.09662132151424885,0.016289480310576594,3.233531803568598,11.20468805926647,-2.59765939865414
6119,training,0,0.006352353841066364,0.016289480310576594,3.216092963968552,11.194271881425696,-2.606275259451323
6120,training,0.0134924445,0.06487023830413818,0.016289480310576594,3.164624947543641,11.163912934290428,-2.6073058831186775
6121,training,0,0.04542417265474796,0.016289480310576594,3.1301879978267078,11.143443260762067,-2.601568840266022
6122,training,0,0.028167923912405968,0.016289480310576594,3.1131974592923912,11.133210980185508,-2.5983600419521737
6123,training,0,0.033523039892315865,0.07127028119423867,3.079092340415464,11.112599280384273,-2.598988647662474
6124,training,0,0.006793702021241188,0.07127028119423867,3.0619395662670716,11.102272740862604,-2.600829156090264
6125,training,0,0.04605254344642162,0.07127028119423867,3.027549392477301,11.081696663225623,-2.603074921206484
6126,training,0,0.049324335530400276,0.07127028119423867,2.993348773028157,11.061267680536016,-2.6034528224727413
6127,training,0,0.03102418407797813,0.07127028119423867,2.958965571331004,11.040728175112156,-2.6025894158369667
6128,training,0.0026114583,0.061613161116838455,0.07127028119423867,2.9077153219959775,11.009892936467878,-2.5979908932398694
6129,training,0.007853058,0.056942388415336595,0.07951818483720487,2.873459572197692,10.98917602992458,-2.5977558643673784
6130,training,0,0.04818526655435562,0.07951818483720487,2.8392993778542173,10.9685317042483,-2.5997521140514963
6131,training,0,0.03418105654418468,0.07951818483720487,2.8222188592416657,10.958286947388578,-2.603218103575973
6132,training,0,0.0412034671753645,0.07951818483720487,2.787759304815715,10.937870848925934,-2.610054536994841
6133,training,0,0.03586092032492161,0.07951818483720487,2.7532292194817067,10.917650225003323,-2.612833370892287
6134,training,0,0.02364466106519103,0.07951818483720487,2.7187957468387256,10.897570263089925,-2.6141420088835963
6135,training,0,0.002724351361393925,0.036523361423075995,2.684180274485148,10.877381561084896,-2.6122701550217204
6136,training,0,0.023478372022509575,0.036523361423075995,2.649876816296104,10.857178574944909,-2.607134267486104
6137,training,0,0.002188757061958313,0.036523361423075995,2.6155586167967457,10.836762220359585,-2.6027041523647974
6138,training,0,0.007946815341711044,0.036523361423075995,2.581299346828839,10.816146032698015,-2.595781716071575
6139,training,0,0.03514290601015091,0.036523361423075995,2.5473738264387777,10.795358597990669,-2.5885728825488683
6140,training,0.007013766,0.12953918427228928,0.036523361423075995,2.513388731138031,10.774211840995752,-2.580853497618114
6141,training,0,0.03327071666717531,0.024551594407388848,2.479729502514722,10.752842655678034,-2.5712707703884714
6142,training,0.0039782804,0.10112480074167252,0.024551594407388848,2.4463082837363914,10.731172882142323,-2.5607490837281675
6143,training,0.0046884874,0.06580618023872373,0.024551594407388848,2.412933118467118,10.708978540974659,-2.547108070260556
6144,training,0.008411286,0.19361598789691928,0.024551594407388848,2.3802164917635684,10.686476877428245,-2.532034112555687
6145,training,0.003452459,0.13374118879437447,0.024551594407388848,2.347597894235125,10.663409394695798,-2.521032856014996
6146,training,0.0019494708,0.18924318253993988,0.024551594407388848,2.3151688376027275,10.640021910078147,-2.511125035291195
6147,training,0.0025071988,0.18852176517248154,0.024551594407388848,2.283192951570131,10.616394315375304,-2.4985573623305477
6148,training,0.0031800643,0.1547292023897171,0.07183686533232807,2.2513623011221147,10.592138220316443,-2.4805217411714056
6149,training,0.0054034204,0.23206916451454157,0.07183686533232807,2.2202390598633714,10.567435186990885,-2.460163425490381
6150,training,0.0039393655,0.2508817911148072,0.07183686533232807,2.174412825477292,10.529026213963887,-2.428276563024658
6151,training,0.0051765223,0.16575717926025385,0.07183686533232807,2.1445720986077057,10.502723549546635,-2.4097445328918448
6152,training,0.004985634,0.1586313396692276,0.07183686533232807,2.1154169808652568,10.475775060759009,-2.38013359971158
6153,training,0.034467917,0.11742846667766571,0.07183686533232807,2.101154577554412,10.461937455636042,-2.361969515295641
6154,training,0.0031044288,0.0872200876474381,0.07183686533232807,2.073476479598997,10.433548968431635,-2.323718297715509
6155,training,0.00635444,0.08347526192665095,0.06487016019662016,2.047059251445629,10.404082703339455,-2.2783779962706956
6156,training,0.007048822,0.064170241355896,0.06487016019662016,2.010220390754365,10.357710284185686,-2.2042748868797326
6157,training,0.004207474,0.09039436280727386,0.06487016019662016,1.987537632158802,10.32509373864024,-2.150465261239179
6158,training,0.0022991505,0.12334750592708588,0.06487016019662016,1.9666568940393532,10.291779905458892,-2.112888087868392
6159,training,0.0081507685,0.08322237432003018,0.06487016019662016,1.9466739229536767,10.257317631180086,-2.081657770632535
6160,training,0.01915158,0.06828588247299192,0.019584627146146796,1.927725269307604,10.222382416368598,-2.0529378524613144
6161,training,0,0.012037307024002075,0.019584627146146796,1.909935172140699,10.186961361389727,-2.0190004549622698
6162,training,0,0.017569705843925476,0.019584627146146796,1.9014806297105011,10.168965670532735,-2.0006211151578754
6163,training,0,0.024866998195648166,0.019584627146146796,1.8855802708808929,10.132635515980862,-1.9664702488629753
6164,training,0,0.010269418358802795,0.019584627146146796,1.870901367239222,10.095738488976647,-1.9332595142715074
6165,training,0,0.0024459809064865112,0.019584627146146796,1.8574308538756439,10.058510150371818,-1.9031831438611773
6166,training,0,0.044056862592697144,0.03830902787653525,1.8450526124487783,10.020671805341605,-1.868554652859114
6167,training,0,0.04611197113990784,0.03830902787653525,1.8341768690741187,9.98256612411973,-1.8293467000980668
6168,training,0,0.018760085105895982,0.03830902787653525,1.8247311805823536,9.944064755746382,-1.7957068572922272
6169,training,0,0.00466475635766983,0.03830902787653525,1.8163207108141177,9.90495049817646,-1.770327484141328
6170,training,0,0.0003913268446922302,0.03830902787653525,1.8088432743361282,9.865983866558652,-1.7520823971802548
6171,training,0,0.005674682557582862,0.03830902787653525,1.8019426215083059,9.826638939675888,-1.7370382417839652
6172,training,0,0.0021023042500019073,0.06255767581363823,1.7955540390322398,9.787162359157337,-1.726822646923316
6173,training,0,0.016172235831618302,0.06255767581363823,1.7895274080466046,9.747791240131775,-1.7194371223649538
6174,training,0,0.029995392076671124,0.06255767581363823,1.783701124147438,9.708138912776223,-1.7143723282004582
6175,training,0,0.015840744599699974,0.06255767581363823,1.778073315711405,9.66870361647246,-1.7106287311879984
6176,training,0,0.007933781016618013,0.06255767581363823,1.7725942039323965,9.629113206012766,-1.7064078347110962
6177,training,0,0.025076424703001976,0.06255767581363823,1.76721965347947,9.58943354247349,-1.7057655031018717
6178,training,0,0.032358841970562935,0.05380191015839042,1.7618587551795677,9.549911725647005,-1.7060273103536832
6179,training,0,0.04242954961955547,0.05380191015839042,1.756439006736393,9.510192167784574,-1.7073681178588593
6180,training,0.007460391,0.06327210552990437,0.05380191015839042,1.748139278606027,9.45090188981638,-1.7121688365032859
6181,training,0,0.027420317754149437,0.05380191015839042,1.7424313364596171,9.411217677051818,-1.7157782359215255
6182,training,0,0.03338983282446861,0.05380191015839042,1.7395028014978107,9.391401464847172,-1.7200480450413416
6183,training,0,0.043242694475338794,0.05380191015839042,1.733403120679554,9.351948364959895,-1.728427955791819
6184,training,0.0058979224,0.08515550568699837,0.04434311327710404,1.7235853722255559,9.292550313496614,-1.7414068158518132
6185,training,0.0030322052,0.06335330754518509,0.04434311327710404,1.7166534090454832,9.253277920313423,-1.7493645416234946
6186,training,0,0.007846320979297161,0.04434311327710404,1.7094176169440303,9.213873882017666,-1.7550741599774928
6187,training,0,0.0010007191449403763,0.04434311327710404,1.7020248382577252,9.174522678925523,-1.7575166040689019
6188,training,0,0.0006972821429371851,0.04434311327710404,1.698331268183028,9.154959885871076,-1.7574310533155242
6189,training,0,0.0023103132843971252,0.04434311327710404,1.6909318885672924,9.115648739870583,-1.755918883536497
6190,training,0,0.01431073434650898,0.04228574178490921,1.6836095678858627,9.076275588787283,-1.753538628097842
6191,training,0,0.03611676394939423,0.04228574178490921,1.6764421383511494,9.037094896089274,-1.7504394461546116
6192,training,0.004042687,0.058545077219605446,0.04228574178490921,1.6657621594783825,8.977954812363917,-1.7497485594477533
6193,training,0,0.024052005261182785,0.04228574178490921,1.662230783381781,8.95836423634062,-1.7493710936714586
6194,training,0,0.012584580574184656,0.04228574178490921,1.655162207137146,8.919046237823013,-1.7481380676278224
6195,training,0,0.009962035343050957,0.04228574178490921,1.6481180068082915,8.879587288455875,-1.7468871639922012
6196,training,0,0.009908947627991438,0.03815290695862476,1.641195909984354,8.840362716535157,-1.744632378793572
6197,training,0,0.0065389457158744335,0.03815290695862476,1.6343163533085716,8.800903672469781,-1.7420509898958818
6198,training,0,0.03141771256923676,0.03815290695862476,1.6275496864161831,8.761522558455274,-1.7403403877799208
6199,training,0,0.03869078122079372,0.03815290695862476,1.6208723298636465,8.72219197870156,-1.7380664384776714
6200,training,0,0.025938669219613075,0.03815290695862476,1.6142269555264352,8.682633097174417,-1.736788468243642
6201,training,0,0.0275327917188406,0.03815290695862476,1.6076664014280773,8.643337190783338,-1.7354953562731243
6202,training,0,0.03792249131947756,0.029917195900624607,1.6011632245813325,8.603867914983423,-1.7325272663648725
6203,training,0,0.043035660521127284,0.029917195900624607,1.5947968825630265,8.564396086046951,-1.7290276697105762
6204,training,0,0.04505698289722204,0.029917195900624607,1.5886643010160553,8.525057893151061,-1.7212916540324026
6205,training,0,0.016711680218577385,0.029917195900624607,1.5828163999136056,8.485429165684529,-1.7137346695347087
6206,training,0,0.01985332369804382,0.029917195900624607,1.5772100980189745,8.44594664635241,-1.7113637073363122
6207,training,0,0.03842335194349289,0.029917195900624607,1.5716435415348242,8.406380397367213,-1.7102202015300219
6208,training,0.0020491749,0.06973829120397568,0.02346133623640424,1.5580188755568571,8.307432252885587,-1.703488619888096
6209,training,0,0.042914705350995064,0.02346133623640424,1.555386705648743,8.287558787009964,-1.7009942403345648
6210,training,0,0.009700825437903404,0.02346133623640424,1.5502688584055093,8.247970833619771,-1.6987386160078877
6211,training,0,0.043936775997281075,0.02346133623640424,1.5477451541487461,8.22821229525302,-1.6973208465896419
6212,training,0,0.027449779212474823,0.02346133623640424,1.542753730833206,8.18850038563079,-1.6942372078285455
6213,training,0.0050798454,0.09193578176200388,0.02346133623640424,1.5379151385751118,8.148883643482199,-1.6906729993682792
6214,training,0.0028433206,0.08347650803625584,0.006420938378173402,1.5332602375410864,8.109284975030596,-1.6853139889330973
6215,training,0.0053143054,0.10028029605746269,0.006420938378173402,1.5287603630749904,8.069537920755897,-1.6836271855590201
6216,training,0.009046666,0.11451566778123379,0.006420938378173402,1.5242437149270476,8.0298685985108,-1.6849619113950562
6217,training,0.010941226,0.11072137765586376,0.006420938378173402,1.5196932890846788,7.990135216700194,-1.6845652216891203
6218,training,0.013751944,0.09224828146398067,0.006420938378173402,1.5151370799524002,7.950401789610228,-1.6866681977466098
6219,training,0.0031046222,0.0646962933242321,0.006420938378173402,1.5104650174974668,7.91075188422534,-1.6905689822142957
6220,training,0,0.044205369427800185,0.039607381452095344,1.5055726343952656,7.870945278289868,-1.6959366879674016
6221,training,0,0.02872744947671891,0.039607381452095344,1.5030539423324765,7.851170769108029,-1.6987173713950536
6222,training,0,0.00899086520075798,0.039607381452095344,1.4979980770795451,7.811615895433803,-1.6962139929478273
6223,training,0,0.01930906623601914,0.039607381452095344,1.4931253915657494,7.771892017903108,-1.6885617450772328
6224,training,0,0.040207669138908386,0.039607381452095344,1.4885705048715594,7.732270581661739,-1.6826487833398218
6225,training,0,0.04692699387669563,0.039607381452095344,1.4842419916618643,7.692612903338797,-1.6773935454040183
6226,training,0,0.03351496532559395,0.0071649865500690675,1.4800491972310053,7.652867378612489,-1.6755394605248177
6227,training,0,0.03811409696936608,0.0071649865500690675,1.4759302742462856,7.613139420842253,-1.6717794073015624
6228,training,0,0.049147065728902824,0.0071649865500690675,1.472019696053694,7.573348467814536,-1.6662301627220226
6229,training,0,0.04941936582326889,0.0071649865500690675,1.4682643713959276,7.533606310736918,-1.6645760433132604
6230,training,0.0008727338,0.05663741007447243,0.0071649865500690675,1.46280654028646,7.473929453005901,-1.6592400409991055
6231,training,0,0.01820288598537445,0.0071649865500690675,1.4610689499578589,7.4541029396582035,-1.6580008792487322
6232,training,0,0.026101019233465195,0.017966252796383756,1.4577050160175227,7.414295608469725,-1.6506594220260067
6233,training,0,0.0026446878910064836,0.017966252796383756,1.4547918099536359,7.374518303288292,-1.6371558544685016
6234,training,0,0.0065551623702049255,0.017966252796383756,1.452380713552099,7.334776389919343,-1.6255652652308865
6235,training,0,0.021790429949760444,0.017966252796383756,1.4504834854870037,7.294917542430894,-1.6109292665674664
6236,training,0,0.02503979951143264,0.017966252796383756,1.449217696738122,7.255155674467219,-1.5952420038714326
6237,training,0,0.023333262652158737,0.017966252796383756,1.4485173477315803,7.215248011565754,-1.5821483067251174
6238,training,0,0.015847116708755493,0.02864339248626291,1.448310018885845,7.175320893461564,-1.57069834685191
6239,training,0,0.014843806624412537,0.02864339248626291,1.4484551024879029,7.135513318431673,-1.565245094640837
6240,training,0,0.007924482226371765,0.02864339248626291,1.4487508482557447,7.095458352136997,-1.5619637024438624
6241,training,0,0.006581725087016821,0.02864339248626291,1.4491839312177133,7.055537039456089,-1.5588746932882847
6242,training,0,0.002475947141647339,0.02864339248626291,1.4496753391911081,7.015565168123524,-1.5586967553276192
6243,training,0,0.004623676184564829,0.02864339248626291,1.4501764951437242,6.975610655366547,-1.5576993413167202
6244,training,0,0.008886778261512518,0.03091009707984034,1.450703262346533,6.935694544790503,-1.558639791159172
6245,training,0,0.00717398663982749,0.03091009707984034,1.451143421251059,6.895628678849134,-1.561104239414308
6246,training,0,0.011698704212903976,0.03091009707984034,1.4515339196717283,6.8557124723775535,-1.5615817044683917
6247,training,0,0.009100999683141708,0.03091009707984034,1.4518553446366997,6.815759699716848,-1.5643780963857343
6248,training,0,0.0071380846202373505,0.03091009707984034,1.452072222573196,6.775757768391002,-1.5658442822653875
6249,training,0,0.0034514530561864376,0.03091009707984034,1.4522639205794383,6.735818875129503,-1.5669433702514541
6250,training,0.013494299,0.054155383259058006,0.034166759950448836,1.4524142880095465,6.675812885534851,-1.5690009816992692
6251,training,0,0.04775840789079666,0.034166759950448836,1.4524976585150389,6.635879307614105,-1.5689805609829268
6252,training,0,0.04584713652729988,0.034166759950448836,1.4525714686579,6.595878263820959,-1.5689009819942674
6253,training,0,0.04255480319261551,0.034166759950448836,1.4526894594568514,6.555874821696781,-1.566504163270984
6254,training,0,0.03841694071888923,0.034166759950448836,1.4527918612903217,6.535964113901399,-1.5657046162104091
6255,training,0,0.037527125328779214,0.034166759950448836,1.4530219560826745,6.4959879578299065,-1.5648195051374794
6256,training,0,0.03618348017334939,0.031408256079085525,1.4533007652983794,6.455995121694764,-1.5627575354840335
6257,training,0,0.01000888366252184,0.031408256079085525,1.45365846021579,6.4160821651463955,-1.561984200930601
6258,training,0,0.005832740571349858,0.031408256079085525,1.4540058709650359,6.3760295050238724,-1.5622883236010197
6259,training,0,0.0014768480323255062,0.031408256079085525,1.4543855303934625,6.336104452655463,-1.5609921857001157
6260,training,0.0063339733,0.0526697002351284,0.031408256079085525,1.4549237887572242,6.276109592695307,-1.563054163488975
6261,training,0.0060441373,0.07559286430478096,0.031408256079085525,1.4553965330144185,6.2162235698170925,-1.5641985559510396
6262,training,0.008299406,0.10670631378889084,0.032803144200314945,1.4553803042341302,6.156166877281095,-1.5780841687352145
6263,training,0.0056048166,0.050644364207983024,0.032803144200314945,1.4544787133694457,6.096099481143532,-1.5949559693537319
6264,training,0,0.009578309953212738,0.032803144200314945,1.4533134309812872,6.055632419500408,-1.5992316942708833
6265,training,0,0.006306469440460205,0.032803144200314945,1.452777920655544,6.035692101010406,-1.594089810000947
6266,training,0,0.002827078104019165,0.038857227211771234,1.4524110642927246,6.01585304295497,-1.5858294450924157
6267,training,0,0.01781637966632843,0.038857227211771234,1.4521156184236323,5.975981668081669,-1.5712257088196744
6268,training,0,0.04026663675904274,0.038857227211771234,1.4521594921266527,5.955961363991203,-1.5668816490451511
6269,training,0,0.049651701003313065,0.038857227211771234,1.4524456509824106,5.916096008434352,-1.562120138618863
6270,training,0.008722169,0.05298361368477345,0.038857227211771234,1.4529178336023825,5.856072803675074,-1.5641903066037122
6271,training,0,0.027238057926297188,0.038857227211771234,1.4532117378239409,5.816157276373758,-1.5630075521460618
6272,training,0,0.02056916616857052,0.038857227211771234,1.4533816788294245,5.79622862547345,-1.5617167076533935
6273,training,0,0.022223910316824913,0.0434275871277518,1.453811293138108,5.756192012405017,-1.5582942731831433
6274,training,0,0.032115468755364425,0.0434275871277518,1.454085697271743,5.7361953103526995,-1.5559158462911458
6275,training,0,0.022095194086432457,0.0434275871277518,1.4547670441578036,5.69633167238449,-1.552577991456456
6276,training,0,0.018807556480169296,0.0434275871277518,1.4555334578003165,5.656307922491766,-1.5509077202971275
6277,training,0,0.02106074616312981,0.0434275871277518,1.4564027223764127,5.616392449166942,-1.5472703788636066
6278,training,0,0.023013362661004066,0.0434275871277518,1.4573818252705892,5.576504181906341,-1.5458817080566665
6279,training,0,0.028660347685217854,0.04263189721298744,1.4584025658698678,5.53648095462775,-1.544338343893882
6280,training,0.009399019,0.06396782211959362,0.04263189721298744,1.4600724301272645,5.476649717372286,-1.5430102925507674
6281,training,0.048987377,0.05198273807764053,0.04263189721298744,1.4611871549874222,5.436592066184944,-1.5427447189512373
6282,training,0.0010429028,0.10276548191905022,0.04263189721298744,1.4629023826878134,5.376784192578063,-1.543313252283449
6283,training,0.0068253097,0.07504446525126696,0.04263189721298744,1.4638234615403432,5.336650949081479,-1.5533092287063146
6284,training,0.020481646,0.0527492705732584,0.04263189721298744,1.4643405358386556,5.296669805834777,-1.5632405818671382
6285,training,0,0.003063671290874488,0.042987547838363956,1.4644856967026134,5.256675605662319,-1.5694629189804448
6286,training,0,0.018887285143136978,0.042987547838363956,1.4645275878386272,5.236627467586795,-1.5666305030574676
6287,training,0,0.016613110899925232,0.042987547838363956,1.4649273762263015,5.196754989431568,-1.5549207265241465
6288,training,0.008847138,0.07025909982621668,0.042987547838363956,1.466263268995912,5.136916179623157,-1.5419882501599043
6289,training,0.0034511187,0.059312330558896065,0.042987547838363956,1.4675459529699924,5.097113545688299,-1.5363820434617543
6290,training,0.0023426404,0.0762387216091156,0.042987547838363956,1.469609065533265,5.037179245775346,-1.5382028130707766
6291,training,0.0025531035,0.10894134268164635,0.0450693597076528,1.4707805209041502,4.99718059194835,-1.54567841780389
6292,training,0.008512125,0.11190317198634148,0.0450693597076528,1.471539752209814,4.9571872639137755,-1.5593846772177566
6293,training,0.0054345303,0.10442274436354637,0.0450693597076528,1.4715905152164255,4.897043899262675,-1.5793776960127734
6294,training,0.011254963,0.055423891171813025,0.0450693597076528,1.4713750018304153,4.877043982833364,-1.5835506829797028
6295,training,0,0.00042460858821870284,0.047509587165417436,1.470759871189121,4.837029798067742,-1.5848469850633482
6296,training,0,0.03200599178671837,0.047509587165417436,1.470536339875637,4.817029188222441,-1.5782993774652267
6297,training,0,0.02788816392421721,0.047509587165417436,1.4705639643583,4.777246450818201,-1.562971713240512
6298,training,0.0020012711,0.05364611931145191,0.047509587165417436,1.4710550713804331,4.737366769861465,-1.5544571401126082
6299,training,0.0066787275,0.10218406468629838,0.047509587165417436,1.4723531628867481,4.677475203572535,-1.5454968638578572
6300,training,0.0049757916,0.14580685645341873,0.047509587165417436,1.4736339289261862,4.617412846001537,-1.5565424608579828
6301,test,0,0.15472162887454033,0.05195466897485378,1.473965025826288,4.5774779506741305,-1.5713833686800016
6302,test,0,0.08549206517636776,0.05195466897485378,1.4738542274493818,4.55745533749244,-1.5815389550423504
6303,test,0,0.06048270128667356,0.05195466897485378,1.4735432990079484,4.537384218482769,-1.590847225284568
6304,test,0,0.014067137613892555,0.05195466897485378,1.4728127563874915,4.497288015809486,-1.587931248089404
6305,test,0,0.019777672365307808,0.05195466897485378,1.4725115836639788,4.477330781291778,-1.5842598241357677
6306,test,0,0.08357330225408077,0.05195466897485378,1.472275736429913,4.457463294124597,-1.5822338948273236
6307,test,0,0.09015135653316976,0.05195466897485378,1.4718758422646665,4.417469941667144,-1.5808920546721488
6308,test,0,0.025451121851801872,0.05893504712312766,1.4714581160849263,4.377462165170128,-1.581906927675045
6309,test,0,0.04535664618015291,0.05893504712312766,1.4709952386300231,4.337585257406259,-1.5825466255734966
6310,test,0,0.029087487608194337,0.05893504712312766,1.4705796768752804,4.297541345671605,-1.5784885705762643
6311,test,0,0.033065810799598694,0.05893504712312766,1.4704529833636935,4.257725830962949,-1.5699091883229992
6312,test,0,0.03773229196667671,0.05893504712312766,1.4706420176245127,4.217823628047734,-1.5624961042505319
6313,test,0,0.045036496594548225,0.05893504712312766,1.4711157178221235,4.177846543925446,-1.5559836114182308
6314,test,0,0.041536251083016396,0.0643922007052775,1.4717884097110017,4.137998908863292,-1.5533841798149122
6315,test,0,0.03807328082621098,0.0643922007052775,1.4725031804047017,4.09794994350055,-1.5526895517504142
6316,test,0,0.05598021112382412,0.0643922007052775,1.473289801523637,4.058062123067058,-1.5499871099772389
6317,test,0,0.059396812692284584,0.0643922007052775,1.4741281809394216,4.018139314258042,-1.5506178267340707
6318,test,0,0.05777377076447011,0.0643922007052775,1.4749065731947617,3.978137051411826,-1.5517148726229857
6319,test,0,0.047585180029273026,0.0643922007052775,1.4756486697449605,3.938213400447342,-1.5537149429366992
6320,test,0,0.059369241818785674,0.05811549003493027,1.4762773157257691,3.8981759287511757,-1.5562429591843747
6321,test,0,0.056010568514466286,0.05811549003493027,1.4768593701958594,3.858245572763384,-1.556425268909991
6322,test,0,0.07014291174709797,0.05811549003493027,1.4773848888177925,3.818314945538005,-1.5599298123044478
6323,test,0,0.05609678290784359,0.05811549003493027,1.477734346144681,3.778261328415585,-1.5637831225928454
6324,test,0,0.05304805189371109,0.05811549003493027,1.4779945251356377,3.738338873312957,-1.564909066390615
6325,test,0,0.05233311653137208,0.05811549003493027,1.4782078973800334,3.6983451988808818,-1.5662164883428717
6326,test,0,0.05508480407297611,0.059059080550487676,1.4783985019133412,3.6583568969626903,-1.565631185109297
6327,test,0,0.05628855712711812,0.059059080550487676,1.4786087109499235,3.618433041075195,-1.5665981628983212
6328,test,0,0.058029068633913994,0.059059080550487676,1.4787296020731764,3.5783650305829076,-1.5689447359032664
6329,test,0,0.06150640361011028,0.059059080550487676,1.4788063070185316,3.5384266938339213,-1.5694329335258257
6330,test,0,0.07525753043591976,0.059059080550487676,1.4788164971934583,3.4984653602189044,-1.5720706380595397
6331,test,0,0.0841273944824934,0.059059080550487676,1.4787242138922474,3.458456495606065,-1.5741509813006693
6332,test,0,0.07167440839111805,0.06091417164986738,1.4785489158090044,3.418489857344371,-1.5771572770973998
6333,test,0,0.05463760532438755,0.06091417164986738,1.4782203060872634,3.378436706590834,-1.5801449083845063
6334,test,0,0.03185926191508769,0.06091417164986738,1.4778697455774172,3.3384560294183063,-1.578194906460889
6335,test,0,0.02778556197881698,0.06091417164986738,1.477624046310576,3.29864640798356,-1.575571678691214
6336,test,0,0.047802904620766654,0.06091417164986738,1.4775338677834482,3.2586093008565786,-1.5699068426408973
6337,test,0,0.06384882144629955,0.06091417164986738,1.4777095771613542,3.2187602419885923,-1.564823640669859
6338,test,0,0.019136779010295868,0.05998576433803115,1.4779652838935886,3.1787715191249957,-1.5653620774430772
6339,test,0,0.015944266691803936,0.05998576433803115,1.4781713570912784,3.138784619677906,-1.5654328341562547
6340,test,0,0.004477903246879579,0.05998576433803115,1.478389649561629,3.098865106211782,-1.5660799439511546
6341,test,0,0.01081778947263956,0.05998576433803115,1.4785475155819854,3.058800473713673,-1.5679034193385133
6342,test,0,0.023381223902106285,0.05998576433803115,1.4786716463496812,3.018875208743512,-1.5679118151489184
6343,test,0,0.007650267332792279,0.05998576433803115,1.4787620804706632,2.978915092784384,-1.5695087018600629
6344,test,0,0.026278376579284668,0.01657901525117298,1.478798517903336,2.9389136310450197,-1.5702015261095421
6345,test,0,0.00645480677485466,0.01657901525117298,1.4788218770688568,2.898996825558371,-1.570642693574012
6346,test,0,0.008247654885053633,0.01657901525117298,1.478812760696331,2.858956300299805,-1.5717072718451837
6347,test,0,0.019918613135814663,0.01657901525117298,1.4787880044537542,2.8189960004674424,-1.571545535615234
6348,test,0,0.0035501793026924133,0.01657901525117298,1.478739469200475,2.7790515218767555,-1.5731814415675955
6349,test,0,0.007429994642734526,0.01657901525117298,1.4786065493559126,2.7390321435034255,-1.5750800342650275
6350,test,0,0.007014557719230652,0.01250429619727009,1.478415581783407,2.6990910231523166,-1.5765890690018036
6351,test,0,0.0036583347246050843,0.01250429619727009,1.4781408915234204,2.659076276481374,-1.579033993250246
6352,test,0,0.002772346138954161,0.01250429619727009,1.4777911518610283,2.619059852304847,-1.5800654654355537
6353,test,0,0.005995448678731918,0.01250429619727009,1.4773861224835771,2.579150396227495,-1.5827575196712245
6354,test,0,0.006591833662241697,0.01250429619727009,1.4768411804734278,2.5390738278108684,-1.5862263005950663
6355,test,0,0.006909258663654329,0.01250429619727009,1.4761924322514968,2.499121490069647,-1.588352046250705
6356,test,0,0.0019520153000485152,0.012369694382317754,1.4754359656904077,2.459173821048917,-1.5909760535099415
6357,test,0,0.015230787917971611,0.012369694382317754,1.4746233992172726,2.4191575176974958,-1.590823580318013
6358,test,0,0.01999071054160595,0.012369694382317754,1.4738567542926366,2.37935738291828,-1.5898694062159922
6359,test,0,0.033643061760813,0.012369694382317754,1.4731435806641304,2.3393480426902435,-1.5871942618755155
6360,test,0,0.02482662908732891,0.012369694382317754,1.4725999411109112,2.2994057496456866,-1.581308767096273
6361,test,0,0.03567744279280305,0.012369694382317754,1.4722638031625892,2.25958731206891,-1.5775312216131105
6362,test,0,0.04350823536515236,0.0021329459423606784,1.4720900749378734,2.2195558138089173,-1.5721242377085436
6363,test,0,0.049125729128718376,0.0021329459423606784,1.4721741457623518,2.17975882965085,-1.5668584943409616
6364,test,0,0.04369288869202137,0.0021329459423606784,1.4724141399736324,2.1397825995444957,-1.562525792293979
6365,test,0,0.050185732543468475,0.0021329459423606784,1.4728637891109682,2.0997923819855258,-1.55634774252246
6366,test,0,0.014867144636809824,0.0021329459423606784,1.4735405910576498,2.059973175192791,-1.5518691928322448
6367,test,0,0.01183975301682949,0.0021329459423606784,1.4743941342153963,2.0199242346471182,-1.546845548452664
6368,test,0,0.03536922484636307,0.010658654910517379,1.4754934833962932,1.9800722783847002,-1.5399371045735337
6369,test,0,0.02419887483119964,0.010658654910517379,1.4768471768301898,1.9401736109509715,-1.5337675676188667
6370,test,0,0.05358894355595113,0.010658654910517379,1.4784633696891567,1.9002182779284582,-1.5261808128615275
6371,test,0,0.05220687948167324,0.010658654910517379,1.480383335179075,1.8604324190967976,-1.5202102375200421
6372,test,0,0.07692714035511018,0.010658654910517379,1.4825034749379995,1.820446021057973,-1.515039487718336
6373,test,0,0.06401636451482771,0.010658654910517379,1.4848873891581642,1.7806107412267387,-1.5066033865209538
6374,test,0,0.08473348617553711,0.013670152731495815,1.4876156239419498,1.7408591918729055,-1.4977044159808919
6375,test,0,0.11020448058843615,0.013670152731495815,1.4907473397997468,1.7008967573120324,-1.485417377470474
6376,test,0,0.05740575492382047,0.013670152731495815,1.4944550293791403,1.6613716126638107,-1.4687378613113389
6377,test,0,0.0746651291847229,0.013670152731495815,1.4989178343172551,1.621771411152867,-1.4460816313815235
6378,test,0,0.04204021394252777,0.013670152731495815,1.5044445947315845,1.5822621796575393,-1.414368899551335
6379,test,0,0.09651130437850955,0.013670152731495815,1.5113192824915342,1.5433337459674044,-1.3776669924866316
6380,test,0,0.047083660960197476,0.04624519171115926,1.519639149341456,1.5043466272284003,-1.3452629261940852
6381,test,0,0.021859481930732755,0.04624519171115926,1.5290871976408364,1.4658588980081577,-1.3114031185341346
6382,test,0,0.09218724071979525,0.04624519171115926,1.5400729947178349,1.427870931916408,-1.2641705645644015
6383,test,0,0.030767664313316373,0.04624519171115926,1.552991215819114,1.3906082755652391,-1.2075828429651745
6384,test,0,0.13896122574806213,0.04624519171115926,1.5681496874332734,1.3539973319631184,-1.15075653479458
6385,test,0,0.198492556810379,0.11150514894542199,1.5851944733733863,1.3185755000796544,-1.0916025449046585
6386,test,0,0.26691457629203796,0.11150514894542199,1.6043471847962205,1.2841228189846454,-1.0344562481937076
6387,test,0,0.13049636781215668,0.11150514894542199,1.6257602398922861,1.2510863777954582,-0.9563092936186928
6388,test,0,0.15608358383178714,0.13896715379467203,1.6493805462875055,1.2201813771903154,-0.8839604842466442
6389,test,0,0.14834550023078918,0.13896715379467203,1.6752436515994635,1.190545241750757,-0.8228787722353603
6390,test,0,0.24571431428194046,0.13896715379467203,1.702978958949845,1.1623899002710147,-0.7634176432631407
6391,test,0,0.25395993143320084,0.13896715379467203,1.7323404095681938,1.1358641478657954,-0.7020291262174441
6392,test,0,0.13070796430110931,0.1539702481370657,1.7631330490373214,1.1114865383686845,-0.6359579128583017
6393,test,0,0.18892791867256165,0.1539702481370657,1.7957132694727136,1.0889310669563694,-0.5817766419910362
6394,test,0,0.2538672983646393,0.1539702481370657,1.8292932362554732,1.0678661715888982,-0.537821989511983
6395,test,0,0.2441745512187481,0.1539702481370657,1.8637177498248894,1.0484096365543834,-0.49205869195794283
6396,test,0,0.24237699434161186,0.1539702481370657,1.8989290302437465,1.0304394905747676,-0.45314495182436676
6397,test,0,0.24623121321201324,0.18739616852819999,1.9350821633190582,1.0136599871285876,-0.4157089719426183
6398,test,0,0.20524122938513756,0.18739616852819999,1.9715563039044979,0.998382406423547,-0.3785432272828641
6399,test,0,0.18027891591191292,0.18739616852819999,2.0087293862415727,0.9843397506125817,-0.344798797008037
6400,test,0,0.1797579638659954,0.18739616852819999,2.046439639854595,0.9714265795917093,-0.3162892702013214
6401,test,0,0.1883096918463707,0.21138500243134045,2.2582967812553973,0.9176828015599552,-0.18341845690935807
6402,test,0,0.08657172136008738,0.21138500243134045,2.2975085618190736,0.9108939521277675,-0.16102684460149688
6403,test,0,0.11933483742177488,0.21138500243134045,2.3368679858707235,0.9047482023213336,-0.15332464312559987
6404,test,0,0.088443411514163,0.21138500243134045,2.3566606213176535,0.9016872503053355,-0.15385827191802975
6405,test,0,0.07401527650654317,0.06421723094937762,2.3961825660759994,0.8955534496123706,-0.15470856155623686
6406,test,0,0.06351135857403278,0.06421723094937762,2.4356011894865532,0.8893334240892993,-0.1596311016610652
6407,test,0,0.073206739500165,0.06421723094937762,2.475138511706402,0.8828507958046549,-0.165239008134459
6408,test,0,0.050657926127314575,0.06421723094937762,2.514578754710369,0.8762033794718269,-0.1688582827356214
6409,test,0,0.03982218727469444,0.06421723094937762,2.553914884406684,0.8693983423064637,-0.17344784331693122
6410,test,0,0.10768759623169899,0.06421723094937762,2.5933045939857173,0.8624681388417883,-0.17429396989483636
6411,test,0,0.06536801345646381,0.12536200406177497,2.6326016731427626,0.8555671344302478,-0.1742044488691357
6412,test,0,0.06177621893584728,0.12536200406177497,2.672008547328683,0.8486439335283786,-0.17361513327517591
6413,test,0,0.05842033773660659,0.12536200406177497,2.7113648965018133,0.8418044221834893,-0.17035310376966242
6414,test,0,0.05067788437008858,0.12536200406177497,2.7506474887082417,0.8350883478325664,-0.16873464022824408
6415,test,0,0.05511912330985069,0.12536200406177497,2.7900803752252883,0.8284385995719339,-0.16498781288180697
6416,test,0,0.057639651000499725,0.12536200406177497,2.8294128434540715,0.8220031247188914,-0.1604456247817806
6417,test,0,0.04805597849190235,0.12000939457377523,2.868869879392159,0.8156890816500366,-0.15688076620275626
6418,test,0,0.04484783113002777,0.12000939457377523,2.9083498975432867,0.8095568915485424,-0.15093281752742416
6419,test,0,0.04413703270256519,0.12000939457377523,2.947739984604535,0.8036672851519375,-0.14716050964899138
6420,test,0,0.08597194217145443,0.12000939457377523,2.9873497384543315,0.7978639347357576,-0.14382551884427053
6421,test,0,0.08071652241051197,0.12000939457377523,3.0268342806536386,0.7922493584563649,-0.13972399038579766
6422,test,0,0.0649929940700531,0.12000939457377523,3.066346841963097,0.7867263372069909,-0.13829994537911533
6423,test,0,0.06641360186040401,0.10803829917341988,3.105990966891862,0.7812590962570022,-0.1353295550315642
6424,test,0,0.04528464749455453,0.10803829917341988,3.1454451585593293,0.7759549976428193,-0.13306998004362752
6425,test,0,0.05999989807605744,0.10803829917341988,3.1851270347555403,0.7706840235098182,-0.13102599141507246
6426,test,0,0.021479743532836437,0.10803829917341988,3.224742804595506,0.7655473405024229,-0.12715955331306034
6427,test,0,0.011168289929628372,0.10803829917341988,3.264248910485086,0.7605288918147775,-0.12575697347549772
6428,test,0,0.010624246671795845,0.10803829917341988,3.303988076990412,0.755548878867941,-0.12340674535584681
6429,test,0,0.011002518236637115,0.08380136246039473,3.3435045800987924,0.7507120564814426,-0.12146459578710922
6430,test,0,0.0033405497670173645,0.08380136246039473,3.383211898425302,0.7458939167498584,-0.12011402680063676
6431,test,0,0.003156287595629694,0.08380136246039473,3.4229301397251066,0.7411584180136295,-0.11693801446499975
6432,test,0,0.0004751104861497879,0.08380136246039473,3.462454888830688,0.7365556680845176,-0.11544413993857894
6433,test,0,0.005146343261003494,0.08380136246039473,3.502263981361619,0.73198869130809,-0.11271379443211575
6434,test,0,0.0005684774369001389,0.08380136246039473,3.5418381941192534,0.7276049114318469,-0.10915832854856415
6435,test,0,0.005729949101805687,0.022270208418367316,3.5815536552957155,0.7233066707367424,-0.1066667117465964
6436,test,0,0.01445454359054565,0.022270208418367316,3.6213803170769774,0.7191067092281346,-0.10315557404447216
6437,test,0,0.0011170301586389542,0.022270208418367316,3.660949537565927,0.7150730394181981,-0.10082487246306458
6438,test,0,0.0036060698330402374,0.022270208418367316,3.700802152892149,0.7110931430939987,-0.09797518799923768
6439,test,0,0.007259713485836983,0.022270208418367316,3.740522004992134,0.707289600028873,-0.09346469886944843
6440,test,0,7.157400250434875e-05,0.022270208418367316,3.7802197926750782,0.7036481995099935,-0.08940325433815713
6441,test,0,0.006899302825331688,0.012937985856870384,3.8201570562628775,0.7001687732045284,-0.08365479286178365
6442,test,0,0.016825931146740913,0.012937985856870384,3.859783404270524,0.6969900394281621,-0.07727035472953912
6443,test,0,0.003598954528570175,0.012937985856870384,3.899657819550847,0.6940326767858765,-0.07036346197489053
6444,test,0,0.0239822193980217,0.012937985856870384,3.9395718631414387,0.6913858545268791,-0.061853783514662156
6445,test,0,0.01953038666397333,0.012937985856870384,3.9792837068217968,0.6890816891914215,-0.05434589147059571
6446,test,0,0.014060142450034618,0.012937985856870384,4.019327508780615,0.6870384775925876,-0.047452579833059436
6447,test,0,0.01554170809686184,0.014409173359161814,4.059142420174805,0.6852790018979636,-0.041984267928178734
6448,test,0,0.004916151985526085,0.014409173359161814,4.099062329110022,0.683681973216677,-0.03849720732678015
6449,test,0,0.000853294041007757,0.014409173359161814,4.139155926907012,0.6821806286711093,-0.036538789698817485
6450,test,0,0.004660334438085556,0.014409173359161814,4.178937643350019,0.6807399708572527,-0.036559080024703844
6451,test,0,0.010968602495267987,0.014409173359161814,4.219002894584293,0.679266991364222,-0.037320247586829905
6452,test,0,0.02515206672251225,0.014409173359161814,4.258939843879713,0.6777579728473572,-0.03870138937078711
6453,test,0,0.02746246289461851,0.010028272563968441,4.298836160723169,0.6761797808232167,-0.04065440076270471
6454,test,0,0.01923778746277094,0.010028272563968441,4.3389697961378095,0.6745038827636466,-0.04297025042429055
6455,test,0,0.02098212204873562,0.010028272563968441,4.3787558294265505,0.6727529090949668,-0.04513964414088217
6456,test,0,0.019466901198029518,0.010028272563968441,4.418755764323169,0.6709234235327814,-0.046440664753864734
6457,test,0,0.025265837088227272,0.010028272563968441,4.458746596089514,0.6690570532411386,-0.04691494568852895
6458,test,0,0.016629802063107494,0.010028272563968441,4.498571507257702,0.667195613451227,-0.04647071528473558
6459,test,0,0.001823615282773968,0.006421708122760431,4.538652047273782,0.6653618160403337,-0.044471497884471814
6460,test,0,0.003293655812740326,0.006421708122760431,4.578446455982109,0.6636616349769613,-0.04116751345244105
6461,test,0,0.0009953472763299942,0.006421708122760431,4.618376834849611,0.6620993080295527,-0.03697983347734832
6462,test,0,0.025126731023192406,0.006421708122760431,4.658444895097739,0.6607113521622977,-0.03139498310859462
6463,test,0,0.038266219198703766,0.006421708122760431,4.69818537871946,0.659609231789976,-0.023459815957360165
6464,test,0,0.07016701879911125,0.006421708122760431,4.738221880760216,0.6588668002240409,-0.012498434858526232
6465,test,0,0.06746464222669601,0.009641049031275786,4.778109342031869,0.6586030022971623,0.00032483807162206265
6466,test,0,0.06105443276464939,0.009641049031275786,4.81793231499152,0.6589046585231557,0.0143038027463952
6467,test,0,0.05346023663878441,0.009641049031275786,4.857995518213975,0.6597122518891844,0.02588354854035729
6468,test,0,0.026810649782419205,0.009641049031275786,4.897746758234086,0.6609214505423322,0.03344669977499453
6469,test,0,0.003017874434590343,0.009641049031275786,4.93774869250482,0.6623384262149862,0.035806820725659994
6470,test,0,0.0212483499199152,0.009641049031275786,4.977796273784631,0.6637348816662315,0.03261287427599403
6471,test,0,0.01119156926870346,0.0024240386394848803,5.017696301824874,0.6649098510477948,0.025129845106739154
6472,test,0,0.011388501152396206,0.0024240386394848803,5.057893648036338,0.6657516275194431,0.017379611972309868
6473,test,0,0.019005277194082737,0.0024240386394848803,5.097798838716257,0.6663142300590014,0.010675279363574099
6474,test,0,0.04031741805374622,0.0024240386394848803,5.137803242918737,0.6666549531998014,0.008469915266374556
6475,test,0,0.033662280067801476,0.0024240386394848803,5.177873738607243,0.667043849726092,0.011395549185451093
6476,test,0,0.02543052844703197,0.0024240386394848803,5.2176935797291,0.6675858404869722,0.015096112173578258
6477,test,0,0.014728398993611332,0.012201600341255973,5.257793204535588,0.6682268569186155,0.016088197765109585
6478,test,0,0.004565116018056873,0.012201600341255973,5.297706151817959,0.6688530907479716,0.014956140014565637
6479,test,0,0.013967636972665788,0.012201600341255973,5.337659744302208,0.6693990093070069,0.011599027265632646
6480,test,0,0.015337301418185234,0.012201600341255973,5.377866293367558,0.6697639403775875,0.006615956916037807
6481,test,0,0.02212177077308297,0.012201600341255973,5.417707356685,0.6699246006013833,0.0009873535599516888
6482,test,0,0.020456818398088217,0.01056527984118938,5.4578070681567175,0.6698470456163267,-0.0049365018789247995
6483,test,0,0.007323002442717552,0.01056527984118938,5.497859488424176,0.6695400580356362,-0.00964926598068127
6484,test,0,0.003498697653412819,0.01056527984118938,5.537764728067903,0.6690825328497291,-0.012593100372982285
6485,test,0,0.008042979519814253,0.01056527984118938,5.577909901576455,0.668560114914968,-0.012927125546076706
6486,test,0,0.012552115600556135,0.01056527984118938,5.617758424103295,0.6680472570763182,-0.012751318283866251
6487,test,0,0.004047795664519072,0.01056527984118938,5.6577596596826405,0.6675556526641091,-0.011848572266378326
6488,test,0,0.003042476251721382,0.006283813059299768,5.6978289963155495,0.6670914433363765,-0.011537472793514119
6489,test,0,0.010222794488072395,0.006283813059299768,5.737684544212722,0.6666389747871139,-0.011718925532988892
6490,test,0,0.03855676203966141,0.006283813059299768,5.777794357207219,0.6661735323718754,-0.010909564262024064
6491,test,0,0.04837129614315927,0.006283813059299768,5.817656173433519,0.665788418404413,-0.006858354322397524
6492,test,0,0.06052238401025534,0.006283813059299768,5.857554247724897,0.6656790993332159,0.001571271173684024
6493,test,0,0.05056714825332165,0.006283813059299768,5.897643280899103,0.6659045717842227,0.010551463114192985
6494,test,0,0.037732116878032684,0.018032457544723848,5.937419795740831,0.6664964551963461,0.018243359158643058
6495,test,0,0.04757746495306492,0.018032457544723848,5.9774565525582,0.6673351005155467,0.022812452096226826
6496,test,0,0.056712375953793526,0.018032457544723848,6.017397740729139,0.6683053286851077,0.02635670108386151
6497,test,0,0.03985762223601342,0.018032457544723848,6.05725104077537,0.6694523756886925,0.03106487646368272
6498,test,0,0.021120773628354073,0.018032457544723848,6.097363635804554,0.6707688988871082,0.03380640880570098
6499,test,0,0.019953072071075446,0.018032457544723848,6.137126451930365,0.6721258163358478,0.03327551487157032
6500,test,0,0.02858912199735641,0.015884846490952075,6.177173934761476,0.6733600842547168,0.026017799955855927
6501,test,0,0.014151709154248234,0.015884846490952075,6.217337344884582,0.6741717120364116,0.014386467724645913
6502,test,0,0.005674689542502166,0.015884846490952075,6.257215483709948,0.6745694967566433,0.0077968237087644885
6503,test,0,0.026527833193540573,0.015884846490952075,6.297358219268092,0.6748368422479182,0.005536135281648179
6504,test,0,0.0560537688434124,0.015884846490952075,6.337287183351732,0.6750391504615941,0.0055366523227501204
6505,test,0,0.04106057062745094,0.01778881376281341,6.377226194640236,0.6753317796584491,0.010581754649003157
6506,test,0,0.03625519014894962,0.01778881376281341,6.4173112508057875,0.6758740803003663,0.016294921669289163
6507,test,0,0.03873003926128149,0.01778881376281341,6.457088453159021,0.6766182675410046,0.02012841904556056
6508,test,0,0.040112934075295925,0.01778881376281341,6.497145866965101,0.6774823939990179,0.02301019759017268
6509,test,0,0.05641967616975308,0.01778881376281341,6.537090923947875,0.6784511081605816,0.025630414412698078
6510,test,0,0.037822047248482704,0.01778881376281341,6.576970615842605,0.6795321132805213,0.028241301064767646
6511,test,0,0.042529964819550514,0.008411174238186658,6.617112144736777,0.6806858312472147,0.028330158795641304
6512,test,0,0.04650771804153919,0.008411174238186658,6.6569353856391285,0.6817914345662353,0.027095956251572857
6513,test,0,0.03899078816175461,0.008411174238186658,6.696952700433993,0.6828664149032567,0.026767958883871137
6514,test,0,0.040846945717930794,0.008411174238186658,6.736995480288909,0.6839376310127292,0.026768259528753488
6515,test,0,0.012300327420234673,0.008411174238186658,6.776844304652898,0.685003446899544,0.02596325928136253
6516,test,0,0.008300442248582833,0.008411174238186658,6.817005886262202,0.6859789442722852,0.021104023245561796
6517,test,0,0.025966770946979523,0.004262594078966078,6.856916756135472,0.686655908602808,0.012158960159377855
6518,test,0,0.019106615334749222,0.004262594078966078,6.8969592940339055,0.6869345160787534,0.0015171949489223495
6519,test,0,0.026464566588401794,0.004262594078966078,6.9371758434765,0.6867939371215555,-0.0064053298016840945
6520,test,0,0.025423720479011536,0.004262594078966078,6.977004418332183,0.6864660711568443,-0.009331480884675784
6521,test,0,0.05054301954805851,0.004262594078966078,7.017088679437238,0.6861025893578283,-0.00799188438098081
6522,test,0,0.08070462010800838,0.0034230242467940077,7.057021366214552,0.6858346604035848,-0.004839678488828226
6523,test,0,0.09012832678854465,0.0034230242467940077,7.096912311814845,0.6857470393157457,0.0005948484864750442
6524,test,0,0.09226646833121777,0.0034230242467940077,7.13703509549899,0.6858757348617466,0.006435210529398697
6525,test,0,0.08421669341623783,0.0034230242467940077,7.176831879764695,0.686241399326884,0.011904587765864828
6526,test,0,0.07018697820603848,0.0034230242467940077,7.216842122517888,0.6868280574949917,0.017200227320513146
6527,test,0,0.07241548039019109,0.0034230242467940077,7.256888254317685,0.6875809773953108,0.020057609854709432
6528,test,0,0.05923219211399555,0.009078849216813237,7.296756396571915,0.6883949901103121,0.020019831415653163
6529,test,0,0.05628926120698452,0.009078849216813237,7.336911129147673,0.6891634952650889,0.017487210484795283
6530,test,0,0.07713060639798641,0.009078849216813237,7.376808735770915,0.689787051256576,0.013723407394671405
6531,test,0,0.08249584399163722,0.009078849216813237,7.416802262977597,0.6902846378918214,0.012017473816631166
6532,test,0,0.08542782254517078,0.009078849216813237,7.456927462197262,0.6907718064442191,0.013145237456717748
6533,test,0,0.07151846773922443,0.009078849216813237,7.496723984188213,0.6913435082617347,0.014860883254855933
6534,test,0,0.07242129929363728,0.010957072377417488,7.53681843029927,0.6919607099534829,0.015760552569619345
6535,test,0,0.03670521266758442,0.010957072377417488,7.576751392961039,0.6926018230972566,0.01651717710270111
6536,test,0,0.0420550536364317,0.010957072377417488,7.616678414541016,0.6932759529270327,0.01684793667461751
6537,test,0,0.04142499901354313,0.010957072377417488,7.656838521762606,0.6939491857660222,0.01700260379336149
6538,test,0,0.035000940784811974,0.010957072377417488,7.696639511349374,0.694647375613506,0.017823427703478754
6539,test,0,0.02320902235805988,0.010957072377417488,7.7366859972374575,0.6953751332495101,0.01810081959380049
6540,test,0,0.021048208698630333,0.023124313015518174,7.776702398783435,0.6960900051774023,0.017941644462976563
6541,test,0,0.021106837317347527,0.023124313015518174,7.816586869007974,0.6968081775539535,0.017807558318342194
6542,test,0,0.009399112313985826,0.023124313015518174,7.856733191323425,0.6975156780407777,0.017281606618960686
6543,test,0,0.040092965587973595,0.023124313015518174,7.8965960786832445,0.6981959731959031,0.01681992977812471
6544,test,0,0.03983270563185215,0.023124313015518174,7.9365939252198565,0.6988631350952876,0.01631500450273803
6545,test,0,0.03912401758134366,0.023124313015518174,7.97670979965433,0.6994999733092974,0.01574342834174107
6546,test,0,0.0397475641220808,0.03087619227056243,8.01653508435514,0.7001259621316214,0.015151356706705222
6547,test,0,0.03758192993700504,0.03087619227056243,8.056652307507271,0.7007158664293962,0.01407586089370898
6548,test,0,0.036417005583643906,0.03087619227056243,8.096580248234417,0.7012517468416463,0.012834248969041957
6549,test,0,0.040693374350667,0.03087619227056243,8.136534724636887,0.7017306857659866,0.01073308800404546
6550,test,0,0.0406533908098936,0.03087619227056243,8.176719683795529,0.7021043782661472,0.008344334700337075
6551,test,0,0.0329731497913599,0.03087619227056243,8.216533810981204,0.7024101302848986,0.0066472187020869995
6552,test,0,0.022305266931653016,0.02969870032570812,8.256616061219912,0.7026361122628647,0.00404178284687081
6553,test,0,0.023902149870991714,0.02969870032570812,8.296654193530626,0.7027292026581726,0.000949250673300723
6554,test,0,0.037926251068711274,0.02969870032570812,8.336570307705058,0.7026945527164136,-0.0028858205477065237
6555,test,0,0.05819462798535825,0.02969870032570812,8.376759137638658,0.7024926034679769,-0.00720428177601062
6556,test,0,0.010908715426921844,0.02969870032570812,8.416641996340418,0.7021271982142249,-0.011075894942582619
6557,test,0,0.00834684073925018,0.018350686506395875,8.456673593240007,0.7016058811056298,-0.015048432120918626
6558,test,0,0.012201640754938129,0.018350686506395875,8.496771904752752,0.7009240371626243,-0.01898112831964316
6559,test,0,0.015277210623025898,0.018350686506395875,8.536639375674126,0.7001003201799688,-0.022215509801321275
6560,test,0,0.008674263954162598,0.018350686506395875,8.576761843939376,0.6991642806298142,-0.024280192428574474
6561,test,0,0.010583873838186264,0.018350686506395875,8.61666526637569,0.6981677725626857,-0.02578545438093882
6562,test,0,0.010901391506195068,0.018350686506395875,8.656616380577177,0.6971166301686951,-0.0270211388510983
6563,test,0,0.00937509536743164,0.013176542722119775,8.696753214077358,0.6960082769938981,-0.027798766078342682
6564,test,0,0.009739241562783718,0.013176542722119775,8.736549511450093,0.6948951595544062,-0.028516553862772853
6565,test,0,0.010144772939383982,0.013176542722119775,8.776610217606878,0.6937489626192385,-0.028881920813071713
6566,test,0,0.01013993052765727,0.013176542722119775,8.816575461725424,0.6925949056331924,-0.029041314382176334
6567,test,0,0.005621935706585646,0.013176542722119775,8.856465779034954,0.6914410452358126,-0.028924025413941772
6568,test,0,0.008890867233276367,0.013176542722119775,8.896601030762643,0.6902815728324757,-0.02886502064016665
6569,test,0,0.009103991091251372,0.019159102678923345,8.93641968749849,0.6891330251576082,-0.02917538399363872
6570,test,0,0.0090773506090045,0.019159102678923345,8.976426914212729,0.6879680323720176,-0.02932459869622505
6571,test,0,0.0005690362304449081,0.019159102678923345,9.016462334529365,0.6867941922292423,-0.02944150242925736
6572,test,0,0.01161809638142586,0.019159102678923345,9.056310058563684,0.6856233256980792,-0.029585123094938173
6573,test,0,0.004569164477288723,0.019159102678923345,9.096418781155768,0.6844405941484812,-0.029314234391769948
6574,test,0,0.001490546390414238,0.019159102678923345,9.136295205034887,0.6832824308627237,-0.029220317273675415
6575,test,0,0.007691587321460247,0.024251766530381247,9.176248930466683,0.6821170147328327,-0.029269755368655666
6576,test,0,0.0019118431955575943,0.024251766530381247,9.21636826350127,0.6809413649820312,-0.029134146918719434
6577,test,0,0.0013688523322343826,0.024251766530381247,9.256162469418088,0.6797860941391273,-0.029244708704244768
6578,test,0,0.0021238643676042557,0.024251766530381247,9.296230823813078,0.6786213672995232,-0.029080217461194383
6579,test,0,0.0019137654453516006,0.024251766530381247,9.336175433881948,0.6774672344966588,-0.028890309638690936
6580,test,0,0.0003066491335630417,0.024251766530381247,9.376076985042067,0.6763230719534347,-0.02869218033181616
6581,test,0,0.00041815079748630524,0.009510169585823122,9.41621360754602,0.675171407546815,-0.028621772144957328
6582,test,0,0.0016754064708948135,0.009510169585823122,9.456025705896534,0.674033636289688,-0.02887317321003238
6583,test,0,0.000676257535815239,0.009510169585823122,9.496044131957001,0.6728826668275893,-0.028815952843983642
6584,test,0,0.007842719554901123,0.009510169585823122,9.536063008188325,0.671733849136731,-0.028754051396432626
6585,test,0,0.0066096223890781385,0.009510169585823122,9.575923471635674,0.6705949897131637,-0.028601495950700367
6586,test,0,0.011083383113145828,0.009510169585823122,9.616039630878753,0.669456244248863,-0.02813968929990689
6587,test,0,0.005511622410267592,0.008761305018636206,9.655903256041709,0.6683445535367055,-0.027989625844414532
6588,test,0,0.009864341467618942,0.008761305018636206,9.695870082652366,0.667231393984888,-0.02787766432162943
6589,test,0,0.007392164319753647,0.008761305018636206,9.73597909003488,0.6661146383866368,-0.027761003827417197
6590,test,0,0.006641950458288193,0.008761305018636206,9.775783705920343,0.6650082476354591,-0.028029233215601253
6591,test,0,0.006068665534257889,0.008761305018636206,9.81586376112668,0.6638885173352904,-0.027958238924945505
6592,test,0,0.008370384573936462,0.008761305018636206,9.855790297085793,0.6627785697458886,-0.02771352413164184
6593,test,0,0.0233305674046278,0.009984935911322221,9.895704796850286,0.6616840552473358,-0.027442744005137305
6594,test,0,0.026890018954873085,0.009984935911322221,9.935841419934832,0.660583817313727,-0.027148696415479494
6595,test,0,0.021699806675314907,0.009984935911322221,9.975648083865662,0.6595091140880571,-0.027239684888359147
6596,test,0,0.02475347556173801,0.009984935911322221,10.015679340507075,0.6584227439918865,-0.02715643777851962
6597,test,0,0.020917678251862526,0.009984935911322221,10.055685138847803,0.6573408925800113,-0.02701361302652887
6598,test,0,0.025334078818559647,0.009984935911322221,10.095554628879647,0.6562733318679308,-0.026704829121215443
6599,test,0,0.024304145947098732,0.01403396740074557,10.13567992446727,0.6552106236480684,-0.026310409459708948
6600,test,0,0.02546999603509903,0.01403396740074557,10.175529580268067,0.654167599490578,-0.026153312743232633
6601,test,0,0.02430087886750698,0.01403396740074557,10.215509950926386,0.6531312222138709,-0.026047036837210272
6602,test,0,0.04096207581460476,0.01403396740074557,10.255602912824182,0.6520837046925305,-0.026116843846831647
6603,test,0,0.038812389597296715,0.01403396740074557,10.29542345239983,0.6510408643981362,-0.026540039069873168
6604,test,0,0.039596712216734886,0.01403396740074557,10.335516850483279,0.6499724490013519,-0.026831772952534614
6605,test,0,0.03895167075097561,0.022703020416222502,10.375431944943488,0.6488990804169771,-0.02698175007635495
6606,test,0,0.042831575497984886,0.022703020416222502,10.415359266523252,0.6478283081844952,-0.026856814111514873
6607,test,0,0.0419632475823164,0.022703020416222502,10.455498091891599,0.6467483757819246,-0.026860529882295394
6608,test,0,0.05807320587337016,0.022703020416222502,10.495302432984795,0.6456737904038455,-0.02741842410172505
6609,test,0,0.05621556378901005,0.022703020416222502,10.535348505105423,0.6445687724900759,-0.028078015727576934
6610,test,0,0.05806982330977917,0.022703020416222502,10.575349203626573,0.6434310302503364,-0.02883572674857939
6611,test,0,0.05728469230234623,0.036508492704409985,10.615227702484388,0.6422725744497583,-0.02941441368048653
6612,test,0,0.0743099283427,0.036508492704409985,10.655359370693965,0.6410825038144117,-0.0298750187454004
6613,test,0,0.07214206643402575,0.036508492704409985,10.695199327395501,0.639883362129909,-0.030554351782519237
6614,test,0,0.07085400260984898,0.036508492704409985,10.735188334430248,0.6386554285998742,-0.031084118864098582
6615,test,0,0.06961547397077084,0.036508492704409985,10.775255932689527,0.6374049726813514,-0.031233904492715712
6616,test,0,0.06747164390981197,0.036508492704409985,10.815080495400462,0.6361647935803811,-0.03115114939628323
6617,test,0,0.07091108895838259,0.044271698198326964,10.85517134680379,0.6349307883661365,-0.03015272988956473
6618,test,0,0.06575228087604047,0.044271698198326964,10.895050934054263,0.633761256581175,-0.028462620592209064
6619,test,0,0.054237248376011835,0.044271698198326964,10.934975597074946,0.6326763027091304,-0.025716330463750114
6620,test,0,0.05157612822949888,0.044271698198326964,10.97509442699298,0.6317040595178516,-0.022042500686466314
6621,test,0,0.03908775933086871,0.044271698198326964,11.014863561548903,0.6309102767699099,-0.017881533225897143
6622,test,0,0.03927683271467686,0.044271698198326964,11.05490530125465,0.6302879218019799,-0.012979394705993462
6623,test,0,0.03775922767817974,0.04754653576618483,11.09487006606365,0.6298588278957743,-0.008205892117726491
6624,test,0,0.023114344105124474,0.04754653576618483,11.134733955036046,0.629643042986392,-0.0027203647230468106
6625,test,0,0.026917776092886925,0.04754653576618483,11.174856420422424,0.6296365135375891,0.002993970957305053
6626,test,0,0.0258104857057333,0.04754653576618483,11.214676097968391,0.6298566845787755,0.007974402781722805
6627,test,0,0.012020589783787727,0.04754653576618483,11.254665022168128,0.6302773013757151,0.013030154149267325
6628,test,0,0.010807866230607033,0.04754653576618483,11.29469444307472,0.6308843484033809,0.017344774105803394
6629,test,0,0.015679020434617996,0.032969500589626416,11.33450600217092,0.6316666256312734,0.0218295517827128
6630,test,0,0.013359554111957554,0.032969500589626416,11.374597148034221,0.6326169394356964,0.02545005098944179
6631,test,0,0.013822931796312332,0.032969500589626416,11.414450285351874,0.6336863879205117,0.027966610817493444
6632,test,0,0.014495524577796461,0.032969500589626416,11.454383823954059,0.6348455612556324,0.029658946312725722
6633,test,0,0.003430766984820366,0.032969500589626416,11.494511446305236,0.636048939434544,0.030068418735762156
6634,test,0,0.003893589600920677,0.032969500589626416,11.53429326371676,0.6372592627104724,0.030157740412141382
6635,test,0,0.002982432022690773,0.016835001047005426,11.574356564901889,0.6384632482384159,0.029711374381384905
6636,test,0,0.0017796922475099564,0.016835001047005426,11.614316730181878,0.6396361760109748,0.029078011212993214
6637,test,0,0.008426908403635025,0.016835001047005426,11.654211342311577,0.6407987704682102,0.0289736035794325
6638,test,0,0.007254919968545439,0.016835001047005426,11.694349660930369,0.6419606409196902,0.028890083622763227
6639,test,0,0.0019643940031528473,0.016835001047005426,11.734161152379432,0.6431171839352188,0.028962902917188466
6640,test,0,0.0016588866710662842,0.016835001047005426,11.774175446734992,0.6442747940574133,0.028426700113018934
6641,test,0,0.0004339143633842468,0.012930301703831255,11.814244742512399,0.6453825390506197,0.026670530000528294
6642,test,0,0.01676456956192851,0.012930301703831255,11.854098999900735,0.6464105984423768,0.024564596392260517
6643,test,0,0.012827280908823013,0.012930301703831255,11.894245264341594,0.6473412501801119,0.021278950367201434
6644,test,0,0.023549577221274376,0.012930301703831255,11.934153266588906,0.6481065921951511,0.01687878688786895
6645,test,0,0.011305058375000954,0.012930301703831255,11.974147398228485,0.648690255079129,0.012220102524156557
6646,test,0,0.008489372208714485,0.014534683750148781,12.014330040618646,0.6490942950949836,0.009034000027344537
6647,test,0,0.01172940619289875,0.014534683750148781,12.054125320250842,0.6494518315885702,0.009353663021491767
6648,test,0,0.011234113946557045,0.014534683750148781,12.094204198398772,0.649867026321034,0.011549095479948684
6649,test,0,0.0057890284806489944,0.014534683750148781,12.134155620326368,0.6503730111919284,0.014054926855121453
6650,test,0,0.005807972978800535,0.014534683750148781,12.174059221082365,0.6509816900780816,0.01593818077115044
6651,test,0,0.025548964273184538,0.014534683750148781,12.21421021504587,0.6516394325058328,0.016984788247949113
6652,test,0,0.039457545266486704,0.011065671727089013,12.254005986373741,0.6523656069681383,0.020104461107465995
6653,test,0,0.058185359463095665,0.011065671727089013,12.29400163920951,0.653278784100656,0.02644710262584117
6654,test,0,0.04354617837816477,0.011065671727089013,12.333965502102076,0.654479270567986,0.0339477522151828
6655,test,0,0.031810302287340164,0.011065671727089013,12.37375423118077,0.6559844557068385,0.04107899255936647
6656,test,0,0.01971416361629963,0.011065671727089013,12.413828806756062,0.6577200682523924,0.044393039342693084
6657,test,0,0.0034353062510490487,0.011065671727089013,12.453587463664572,0.6594932928481755,0.04349632720882279
6658,test,0,0.017565852031111717,0.00960501605832293,12.493565580705932,0.6611517519215969,0.0382629920914147
6659,test,0,0.00957590900361538,0.00960501605832293,12.533735270826384,0.6625320737905938,0.029959752159059386
6660,test,0,0.02723115123808384,0.00960501605832293,12.573575481727428,0.6635729500853361,0.02235008623110622
6661,test,0,0.033111242577433586,0.00960501605832293,12.613688954471032,0.664373541455538,0.019190798139637703
6662,test,0,0.011277134530246258,0.00960501605832293,12.653641761655518,0.6651457087197745,0.020121304331271437
6663,test,0,0.016933063045144078,0.00960501605832293,12.69355972895928,0.6659777658623875,0.020716556542572703
6664,test,0,0.0022476799786090886,0.0074122259041767575,12.733729577972838,0.6667860033777965,0.019372597092378187
6665,test,0,0.0019207298755645752,0.0074122259041767575,12.773555085116028,0.6675176504975,0.016685202692689857
6666,test,0,0.019295936450362206,0.0074122259041767575,12.813629108037306,0.6681109033945566,0.012428535860471584
6667,test,0,0.026060321368277073,0.0074122259041767575,12.853723755475245,0.6684963003846865,0.006681012528783414
6668,test,0,0.018192890100181103,0.0074122259041767575,12.89364223556934,0.6686267428254961,-0.00025016650631774214
6669,test,0,0.01728716352954507,0.008549575462096313,12.933841851577615,0.668482497239234,-0.006578618504543271
6670,test,0,0.01029270701110363,0.008549575462096313,12.973742579260584,0.6681251184259832,-0.010850458652195376
6671,test,0,0.002511960919946432,0.008549575462096313,13.013751763472644,0.6676261958726785,-0.013887562315191736
6672,test,0,0.0028548859991133213,0.008549575462096313,13.053856530851721,0.6670286613211858,-0.01564301692022294
6673,test,0,0.00385957770049572,0.008549575462096313,13.09369656868928,0.6663929614859172,-0.01629019999156856
6674,test,0,0.007750650867819786,0.008549575462096313,13.133799337132881,0.6657440510496428,-0.015995296445790414
6675,test,0,0.025609422038542107,0.011638153327964968,13.173734953041977,0.6651036918377022,-0.016629934586767342
6676,test,0,0.045634182170033455,0.011638153327964968,13.213693262248016,0.6643883617707937,-0.020219545229569435
6677,test,0,0.02940690703690052,0.011638153327964968,13.253886338455402,0.6634636059446233,-0.025880632756061523
6678,test,0,0.010237867012619972,0.011638153327964968,13.29371794885132,0.6623263677744624,-0.03082658033277473
6679,test,0,0.0004871450364589691,0.011638153327964968,13.333761696343045,0.6610530679605177,-0.03140014728464872
6680,test,0,0.01176605373620987,0.011638153327964968,13.373738217548865,0.6598495306254629,-0.028522743791907165
6681,test,0,0.012042101472616192,0.02113551527105818,13.413599392971879,0.6587823613776421,-0.02534619257620037
6682,test,0,0.020360700786113736,0.02113551527105818,13.453722452327776,0.6578160806704898,-0.022728549287075354
6683,test,0,0.019953729584813118,0.02113551527105818,13.493553200552327,0.6569470891052138,-0.021609620671745346
6684,test,0,0.0012694532051682472,0.02113551527105818,13.533553380672448,0.6560878171176592,-0.021401868315099205
6685,test,0,0.0017069913446903229,0.02113551527105818,13.573610046387337,0.6552467121538945,-0.02026411967535215
6686,test,0,0.006099045276641842,0.02113551527105818,13.61344275195352,0.6544845270734526,-0.01806747075132812
6687,test,0,0.01999828219413757,0.025818741062952563,13.65354376257697,0.6538113864412674,-0.015293171005203438
6688,test,0,0.009774317964911463,0.025818741062952563,13.693447024999262,0.653239938767914,-0.013839553773529403
6689,test,0,0.028849327936768532,0.025818741062952563,13.733399910128286,0.6526995290403558,-0.01359814482557306
6690,test,0,0.01258194632828236,0.025818741062952563,13.773547499552816,0.6521423352307006,-0.01413441155894544
6691,test,0,0.010915908962488176,0.025818741062952563,13.813356636320698,0.6515738105925839,-0.014206080375567764
6692,test,0,0.014326654374599453,0.025818741062952563,13.853422822301814,0.6510247982529045,-0.013541263029950795
6693,test,0,0.0021357331424951553,0.02251182226364652,13.893402552909976,0.6504929093948401,-0.012631051045630904
6694,test,0,0.012861644849181175,0.02251182226364652,13.933289497934057,0.6500448179419326,-0.00980362891201012
6695,test,0,0.007741577923297882,0.02251182226364652,13.973425668322186,0.6497044186770462,-0.007080721063782495
6696,test,0,0.010418362915515903,0.02251182226364652,14.013253434171315,0.6494583518721506,-0.005195745685683189
6697,test,0,0.009566091001033783,0.02251182226364652,14.053265673676782,0.6492955692571828,-0.0032358567184887885
6698,test,0,0.007408168166875839,0.02251182226364652,14.093321148174711,0.6491884721546773,-0.0021132509641822875
6699,test,0,0.006216987967491146,0.01769053464950467,14.133177793174498,0.6491390498728412,-0.0005665561267675515
6700,test,0,0.007890671025961637,0.01769053464950467,14.173294235090982,0.6491519082270775,0.0013319147307267788
6701,test,0,0.0036277901381254196,0.01769053464950467,14.213182638770007,0.6492330135215975,0.0028426150256479874
6702,test,0,7.898174226284027e-05,0.01769053464950467,14.253145082224725,0.6493810257474928,0.004135185379379378
6703,test,0,0.00589209608733654,0.01769053464950467,14.293305262151158,0.6495476163695383,0.004669326197050596
6704,test,0,0.0019789915531873703,0.01769053464950467,14.333105202562846,0.6497461396304229,0.004387768852582365
6705,test,0,0.010476546362042427,0.01483827295168032,14.373194125173438,0.6499095559955674,0.003775468321861372
6706,test,0,0.030237147584557533,0.01483827295168032,14.413196856671602,0.6500601973035187,0.004501021864872109
6707,test,0,0.03182753175497055,0.01483827295168032,14.45308817652859,0.6503100794027593,0.00880557975083614
6708,test,0,0.023953037336468697,0.01483827295168032,14.493206266172336,0.6507719440188492,0.014850001224963667
6709,test,0,0.02086096501443535,0.01483827295168032,14.533006352558948,0.6514722853075757,0.01990313845704242
6710,test,0,0.035007741302251816,0.01483827295168032,14.57300382963714,0.6523622805033612,0.024511460462879563
6711,test,0,0.03544877655804157,0.014328711457605055,14.613028895248744,0.6534134257475958,0.02807264408917631
6712,test,0,0.029636951163411144,0.014328711457605055,14.652846939159224,0.6546065133924325,0.03167864285737733
6713,test,0,0.01428418047726154,0.014328711457605055,14.692940994248922,0.6559336597839468,0.0341108191912869
6714,test,0,0.015420036390423775,0.014328711457605055,14.732762032853586,0.6573156873829272,0.03461902780948465
6715,test,0,0.00011243671178817402,0.014328711457605055,14.772722605837899,0.6586854862727589,0.03329048955448878
6716,test,0,0.021944733336567872,0.014328711457605055,14.812865463095559,0.6599661539384504,0.03014026708061229
6717,test,0,0.016708362847566605,0.0033488055724950777,14.852672512213978,0.6611221668809959,0.02787655538874748
6718,test,0,0.024543482810258865,0.0033488055724950777,14.892755149375466,0.6622201115649372,0.02719883184427305
6719,test,0,0.02269107662141323,0.0033488055724950777,14.932698528409276,0.6633061143108092,0.02728759353242885
6720,test,0,0.021962266415357586,0.0033488055724950777,14.972607534519241,0.6644056606034076,0.027488674808141798
6721,test,0,0.025966472923755646,0.0033488055724950777,15.012758648887516,0.6655040559372569,0.02719059260711741
6722,test,0,0.023304734379053116,0.0033488055724950777,15.052562801741873,0.6665901054555499,0.027204014789698427
6723,test,0,0.024472517892718315,0.011608299428277095,15.092591998489237,0.6676855392380127,0.027324746691093995
6724,test,0,0.033253950998187065,0.011608299428277095,15.132606070497449,0.6687758275625104,0.02744542559275889
6725,test,0,0.03994275815784931,0.011608299428277095,15.172469465134258,0.6698835663077244,0.027857050448573457
6726,test,0,0.02375621907413006,0.011608299428277095,15.212593159030831,0.6710080072054997,0.028135982602659385
6727,test,0,0.041246132925152786,0.011608299428277095,15.252447181046795,0.6721367878111268,0.0283255140392265
6728,test,0,0.03930549882352353,0.011608299428277095,15.292420594202097,0.6732771319140392,0.02857213176141823
6729,test,0,0.02921188436448574,0.005401547648470956,15.332532859460237,0.6744230365808678,0.028596709037391286
6730,test,0,0.03818661160767079,0.005401547648470956,15.372327309452318,0.6755815574523449,0.029098167558426168
6731,test,0,0.0394066534936428,0.005401547648470956,15.412414482536644,0.6767534808209911,0.0291234495444342
6732,test,0,0.03572288341820239,0.005401547648470956,15.452339453083818,0.6779092383474234,0.028777428066562406
6733,test,0,0.041159046813845634,0.005401547648470956,15.492263210215205,0.6790532927613323,0.028097325026476515
6734,test,0,0.025717291980981823,0.005401547648470956,15.532421758842915,0.6801569691709939,0.027062162972147148
6735,test,0,0.03683832474052906,0.00907349821289363,15.572220904837625,0.6812310319404852,0.026640960078050422
6736,test,0,0.04055597819387913,0.00907349821289363,15.612266770334243,0.6822918372311418,0.02598200285587091
6737,test,0,0.03524427302181721,0.00907349821289363,15.652276445451909,0.6833074776099411,0.025067453448825668
6738,test,0,0.039087457582354546,0.00907349821289363,15.692161013971255,0.6842961080587605,0.024158795630885837
6739,test,0,0.007969167083501816,0.00907349821289363,15.732308275660012,0.6852422128014501,0.02287043081007934
6740,test,0,0.040468456223607056,0.00907349821289363,15.772167545937497,0.6861314086972476,0.02161822005599462
6741,test,0,0.03914506547152996,0.011020880032971078,15.812168153073715,0.6869729074929869,0.020248929838911772
6742,test,0,0.04167868010699749,0.011020880032971078,15.852283736357531,0.6877503665559986,0.018781089616047488
6743,test,0,0.03960003890097141,0.011020880032971078,15.8921143370245,0.6884811122449621,0.017561183427536514
6744,test,0,0.022511320188641555,0.011020880032971078,15.932234499632662,0.6891606389587118,0.01611797529288477
6745,test,0,0.020056216046214104,0.011020880032971078,15.972162391736905,0.6897721461319072,0.014647933356194137
6746,test,0,0.024153405800461776,0.011020880032971078,16.012118785351145,0.6903211019057574,0.012425365196384229
6747,test,0,0.024082792922854424,0.009906817604458731,16.05230355555637,0.6907595495914548,0.00992584105194906
6748,test,0,0.01897297240793705,0.009906817604458731,16.092116594801766,0.6911265627435431,0.008116746512541972
6749,test,0,0.0077429148368537435,0.009906817604458731,16.13219939077378,0.6914122555154076,0.005669441313319651
6750,test,0,0.024349184706807137,0.009906817604458731,16.172222514541236,0.6915810067700198,0.0032775719543820104
6751,test,0,0.02400928921997547,0.009906817604458731,16.212135681326203,0.6916587599922683,0.00046525287111795136
6752,test,0,0.011012259870767593,0.00718503309514853,16.25231401046059,0.6916175831321532,-0.0024184829530044336
6753,test,0,0.01035965234041214,0.00718503309514853,16.292183521356417,0.6914792029836271,-0.004465407338989725
6754,test,0,0.009862083126790822,0.00718503309514853,16.332209154326936,0.6912631379985047,-0.0064541885406796335
6755,test,0,0.00839826837182045,0.00718503309514853,16.372299967910827,0.6909624011392781,-0.008341344434740768
6756,test,0,0.010267168283462524,0.00718503309514853,16.412174289947167,0.6905940417865403,-0.010323395475212391
6757,test,0,0.008180081844329834,0.00718503309514853,16.452305051559858,0.6901474038951744,-0.012024644908325373
6758,test,0,0.009303130209445953,0.011748340617073786,16.492216915685475,0.6896310449912766,-0.013839804177810245
6759,test,0,0.010113544762134552,0.011748340617073786,16.532181707956507,0.6890515048772111,-0.0154103735836436
6760,test,0,0.009034601971507072,0.011748340617073786,16.572333939608367,0.6883986543174986,-0.016768583015784516
6761,test,0,0.011114856228232382,0.011748340617073786,16.61214654120014,0.687707137868415,-0.018228806702903978
6762,test,0,0.008968718349933624,0.011748340617073786,16.652222367297636,0.6869579166053323,-0.01928510420344588
6763,test,0,0.011422563344240189,0.011748340617073786,16.692199879577736,0.6861708814110034,-0.020189860413485954
6764,test,0,0.00512272585183382,0.004469735077892892,16.7321058486448,0.6853552051258477,-0.020779290602283246
6765,test,0,0.01007345225661993,0.004469735077892892,16.772254993475308,0.6845072870920851,-0.021502760198383136
6766,test,0,0.00791631918400526,0.004469735077892892,16.812087061372033,0.6836343905657469,-0.022520665195528103
6767,test,0,0.0028294455260038376,0.004469735077892892,16.852106710815086,0.6827229793742403,-0.02336359584096755
6768,test,0,0.0007422934286296372,0.004469735077892892,16.89214978867037,0.6817720200238523,-0.024183732801347894
6769,test,0,0.002023821696639061,0.004469735077892892,16.9320103615941,0.6807977713598328,-0.02499440978953765
6770,test,0,0.004849271848797798,0.007549032434469108,16.97213105467844,0.6797823361609789,-0.02563895002824405
6771,test,0,0.0028556454926729202,0.007549032434469108,17.012013952456442,0.6787506751608016,-0.026517632432538667
6772,test,0,0.004542442038655281,0.007549032434469108,17.05197580264223,0.6776753008889035,-0.027455833201126167
6773,test,0,0.002778405323624611,0.007549032434469108,17.092100725431177,0.6765561675735252,-0.028191600677951522
6774,test,0,0.004028236493468285,0.007549032434469108,17.131897921970523,0.6754180976674322,-0.029269710742457922
6775,test,0,0.005411769496276975,0.007549032434469108,17.17197327522706,0.6742328272516777,-0.030132433257068297
6776,test,0,0.00721136387437582,0.01132732208316022,17.21191500939476,0.6730204684109578,-0.030817430035464135
6777,test,0,0.008244897238910198,0.01132732208316022,17.25181716027992,0.6717835114309313,-0.03139285443319532
6778,test,0,0.007919303607195616,0.01132732208316022,17.291952270473345,0.6705133140291722,-0.031865514829889904
6779,test,0,0.0215140450745821,0.01132732208316022,17.331752646861354,0.6692393377080511,-0.032533010145691016
6780,test,0,0.024873947724699974,0.01132732208316022,17.371769343788056,0.6679347189318788,-0.03281354200179316
6781,test,0,0.013937549665570259,0.01132732208316022,17.411772080778878,0.666626058532889,-0.03293323929027899
6782,test,0,0.020768953487277027,0.0029977831515593106,17.45162612156799,0.6653155985512409,-0.032996892524216476
6783,test,0,0.008743420243263245,0.0029977831515593106,17.49173495236113,0.6640012086435898,-0.03235313615850818
6784,test,0,0.02187795005738735,0.0029977831515593106,17.53157650026884,0.6627382984793729,-0.03151885544095926
6785,test,0,0.008494455367326736,0.0029977831515593106,17.571536704804693,0.6615005343547822,-0.03056784131947681
6786,test,0,0.009863946586847304,0.0029977831515593106,17.611629315792733,0.6602979142742904,-0.02937601379947492
6787,test,0,0.021471248939633366,0.0029977831515593106,17.651424875315566,0.6591470043210946,-0.02867237430531123
6788,test,0,0.005518335849046707,0.012402680731150183,17.691501182567425,0.658021033428056,-0.027460587068766144
6789,test,0,0.008540704846382141,0.012402680731150183,17.731412914479385,0.6569590925102503,-0.02585525580178963
6790,test,0,0.00816031917929649,0.012402680731150183,17.771324106403814,0.655965591703367,-0.024233899716859467
6791,test,0,0.010555557906627655,0.012402680731150183,17.811457630396525,0.6550179087315778,-0.022719571178006878
6792,test,0,0.022716404870152477,0.012402680731150183,17.85126015696952,0.6541411550578197,-0.021735426548196043
6793,test,0,0.02440963871777058,0.012402680731150183,17.891295344906087,0.6532942020984347,-0.020690030986794235
6794,test,0,0.024511313065886494,0.019993483902099873,17.93129930812621,0.6524865021611861,-0.01969291793437908
6795,test,0,0.025650920346379277,0.019993483902099873,17.97117174271368,0.6517276763812646,-0.018587355674392837
6796,test,0,0.023490926250815395,0.019993483902099873,18.01130229638344,0.6510030042496426,-0.017551297339759495
6797,test,0,0.025426862761378292,0.019993483902099873,18.05115071373486,0.6503181472876565,-0.01680007681796365
6798,test,0,0.021719513460993767,0.019993483902099873,18.091138030889827,0.6496703435474735,-0.0159222628848916
6799,test,0,0.01838375441730022,0.019993483902099873,18.13122455158921,0.6490446883569041,-0.015103853371528518
6800,test,0,0.021298525854945183,0.026170135568564214,18.1710519250998,0.648470926564534,-0.014020941393002213
6801,test,0,0.021774714812636382,0.026170135568564214,18.211149791128946,0.6479351338571736,-0.012590917967088212
6802,test,0,0.0056710317730903625,0.026170135568564214,18.25106071809903,0.6474607215670113,-0.010963513389161681
6803,test,0,0.008521739393472672,0.026170135568564214,18.290990724847944,0.6470724659443696,-0.008590174099253518
6804,test,0,0.0565782655030489,0.026170135568564214,18.331126626268546,0.646766719604383,-0.006191671848219433
6805,test,0,0.007696013897657394,0.026170135568564214,18.37093153782626,0.6465634351143942,-0.0042425735289137664
6806,test,0,0.05556388385593891,0.03806797644432553,18.410981572701537,0.6464383127516883,-0.0020666397730392037
6807,test,0,0.0059230029582977295,0.03806797644432553,18.450979309382866,0.6463908853839765,-0.0001898071658715124
6808,test,0,0.008798886090517044,0.03806797644432553,18.490858259242874,0.6464389088914247,0.002433161861747051
6809,test,0,0.007425318472087383,0.03806797644432553,18.530990059007454,0.6465845954531779,0.004988319714945433
6810,test,0,0.009833572432398796,0.03806797644432553,18.570826527197756,0.6468253834056961,0.007163388761535121
6811,test,0,0.00840308703482151,0.03806797644432553,18.610822891859577,0.6471619204087629,0.00946007212910252
6812,test,0,0.007769936695694923,0.008333009377734936,18.650905893757646,0.6475739185154815,0.01149441077627414
6813,test,0,0.006864847615361214,0.008333009377734936,18.69073093948682,0.6480755830832952,0.013373291390341574
6814,test,0,0.004839915316551924,0.008333009377734936,18.730837971613536,0.6486445335355716,0.014946488772688397
6815,test,0,0.0004384811036288738,0.008333009377734936,18.770734521160442,0.6492670343007492,0.01629738943432769
6816,test,0,0.005279365926980972,0.008333009377734936,18.8106806472415,0.6499332953084098,0.016465760265690035
6817,test,0,0.0038646571338176727,0.008333009377734936,18.850849853396166,0.6505738615832012,0.015740853971947865
6818,test,0,0.010894803330302238,0.007093225088956154,18.89065279635718,0.651194750166055,0.014908485637594312
6819,test,0,0.013307194458320737,0.007093225088956154,18.93073113322388,0.6517677048014885,0.013269479498481958
6820,test,0,0.012267280369997026,0.007093225088956154,18.9707577193913,0.6522500904215586,0.010917405953876677
6821,test,0,0.025604618713259697,0.007093225088956154,19.01067429992569,0.6526254567792709,0.007456073130200007
6822,test,0,0.026267482549883425,0.007093225088956154,19.050867886317427,0.6528354888143603,0.002846226986824588
6823,test,0,0.030029578134417534,0.010262543120882789,19.090744775183712,0.6528577263936257,-0.0018913107723681044
6824,test,0,0.044284168630838394,0.010262543120882789,19.130797776241867,0.652676661030771,-0.00752331693285695
6825,test,0,0.04949777200818062,0.010262543120882789,19.170919902289054,0.6522478868410819,-0.013104001202353168
6826,test,0,0.06164336018264294,0.010262543120882789,19.21081388358628,0.651591442562609,-0.020163552405761502
6827,test,0,0.08406595140695572,0.010262543120882789,19.25099326082372,0.6506252315566988,-0.028193117268449575
6828,test,0,0.10862937569618225,0.021248965947831048,19.290932088578593,0.6493303325519039,-0.03704085034383315
6829,test,0,0.11844188719987868,0.021248965947831048,19.33092435535615,0.6476477151187904,-0.04745442155539427
6830,test,0,0.12003430724143982,0.021248965947831048,19.371068245418893,0.6455363964495223,-0.057300923175482577
6831,test,0,0.12279602326452733,0.021248965947831048,19.410825016261796,0.6430687509157057,-0.06645792944854798
6832,test,0,0.08272035978734493,0.021248965947831048,19.45084442159479,0.6402639108608282,-0.0729405913661443
6833,test,0,0.09354370646178724,0.021248965947831048,19.490681831070702,0.6372839414178889,-0.07683661206926787
6834,test,0,0.10045847110450268,0.036091738949423476,19.530486968386263,0.6341486261842136,-0.08058171473816389
6835,test,0,0.09331743232905866,0.036091738949423476,19.570482338034466,0.6308599803602044,-0.08323937959278231
6836,test,0,0.09925705380737782,0.036091738949423476,19.61014701370697,0.6275181337497361,-0.08561672589471243
6837,test,0,0.108210826292634,0.036091738949423476,19.65003130716456,0.6240583410413238,-0.0874588343023866
6838,test,0,0.10652785561978817,0.036091738949423476,19.689907012740594,0.6205545433024123,-0.08819300233186737
6839,test,0,0.10894653387367725,0.036091738949423476,19.729570272426486,0.6169999388639691,-0.09056633185968498
6840,test,0,0.06661471910774706,0.05671959086727299,19.769508927189488,0.6133579007630271,-0.0908342705773074
6841,test,0,0.09034507535398005,0.05671959086727299,19.809181879177242,0.6097995146577593,-0.08870014988714181
6842,test,0,0.051928600296378136,0.05671959086727299,19.848982460753973,0.6063201842391752,-0.08512331818327255
6843,test,0,0.059938415884971605,0.05671959086727299,19.88889704131128,0.6030225971895153,-0.07906326567077933
6844,test,0,0.04333242028951645,0.05671959086727299,19.928540170932926,0.6000008416545572,-0.0735454090990374
6845,test,0,0.020497702062129974,0.05671959086727299,19.968489903755877,0.5971828371470198,-0.06634742632202976
6846,test,0,0.052484188228845596,0.07372795054665107,20.008281520025985,0.5947491926528526,-0.05534966409101165
6847,test,0,0.07423283718526362,0.07372795054665107,20.048090141288963,0.592752792565579,-0.04638566868404541
6848,test,0,0.08659191615879537,0.07372795054665107,20.088189776402242,0.5909825580418959,-0.04331466205438746
6849,test,0,0.09881508909165859,0.07372795054665107,20.12796928116329,0.589247985682319,-0.044908877881125464
6850,test,0,0.10546005330979824,0.07372795054665107,20.167988435821126,0.58738964320272,-0.04865362102851618
6851,test,0,0.11904661171138287,0.07372795054665107,20.20797859283943,0.5853635820757236,-0.05298694727448394
6852,test,0,0.0752431470900774,0.08980770204953654,20.24780744121984,0.583154646541177,-0.05823910708360775
6853,test,0,0.10846313275396825,0.08980770204953654,20.287888977854404,0.5807241890977816,-0.06222719854691403
6854,test,0,0.05738409422338009,0.08980770204953654,20.327608702909945,0.5782273939338407,-0.06350528215248151
6855,test,0,0.05078440345823765,0.08980770204953654,20.367504265953837,0.5757141918654517,-0.061747459439700274
6856,test,0,0.06032984517514706,0.08980770204953654,20.40750178637795,0.5733169507880047,-0.05747652313250983
6857,test,0,0.055735109373927116,0.08980770204953654,20.447215864350245,0.5711160109874703,-0.053610255725731505
6858,test,0,0.05774503014981747,0.09623295902753982,20.487240904889457,0.5690492419388073,-0.04935185116320452
6859,test,0,0.057666914537549005,0.09623295902753982,20.52708982934582,0.5671801742852575,-0.04495713594997368
6860,test,0,0.061295060440897955,0.09623295902753982,20.566964493996455,0.5654669217517361,-0.0412158709547114
6861,test,0,0.059246750548481955,0.09623295902753982,20.607067009331377,0.5638763842736447,-0.037932680444791395
6862,test,0,0.046509874984622016,0.09623295902753982,20.64683575051093,0.5624277782771474,-0.035489146761913865
6863,test,0,0.036103202030062675,0.09623295902753982,20.686849742438056,0.5610660914876642,-0.03201326475420127
6864,test,0,0.050140658393502235,0.0779425244256387,20.726824647351872,0.559874941536088,-0.027206116565580554
6865,test,0,0.06741868145763874,0.0779425244256387,20.766669784235027,0.5588878697351712,-0.022964326544886577
6866,test,0,0.08496480248868464,0.0779425244256387,20.806807515360017,0.5580012868648028,-0.022370295135249726
6867,test,0,0.0752359814941883,0.0779425244256387,20.846675243560156,0.5570549904631461,-0.025608356716033894
6868,test,0,0.05018707923591137,0.0779425244256387,20.886671140711574,0.5559719566471171,-0.02808128219452409
6869,test,0,0.09233158826828003,0.0779425244256387,20.926747052845837,0.5548475159051744,-0.026775631503910973
6870,test,0,0.06513641029596329,0.06852076776014315,20.96652134964762,0.5538853282538335,-0.020441932305498317
6871,test,0,0.0866054818034172,0.06852076776014315,21.006571435152647,0.553261671490822,-0.00890716087909728
6872,test,0,0.01243549212813378,0.06852076776014315,21.046435541336827,0.5531363509552942,0.0015763304578781186
6873,test,0,0.001223105937242508,0.06852076776014315,21.086332784762984,0.5533532510948742,0.008936873968593755
6874,test,0,0.06261437200009823,0.06852076776014315,21.12642781417069,0.5538411844378293,0.016290513732208904
6875,test,0,0.11283562146127225,0.06852076776014315,21.166206543890148,0.5546386827616075,0.02296579586582369
6876,test,0,0.08858673460781574,0.05722462242177152,21.206247528241324,0.5556329930190047,0.024713915288486522
6877,test,0,0.10618499852716923,0.05722462242177152,21.246247770967564,0.5565847925926962,0.0231415285407177
6878,test,0,0.10254496149718761,0.05722462242177152,21.286148921382715,0.5574758053830237,0.020678656649006866
6879,test,0,0.11855283193290234,0.05722462242177152,21.326334149075088,0.558219760675659,0.015748474996141636
6880,test,0,0.009829158545471728,0.05722462242177152,21.366223871180686,0.5587391423813655,0.010450634433658122
6881,test,0,0.007071879226714373,0.05171604483048007,21.40625001418903,0.5590802683841406,0.007162654275943365
6882,test,0,0.02546723373234272,0.05171604483048007,21.4463485975705,0.5593433794670406,0.007078467958455015
6883,test,0,0.0020451582968235016,0.05171604483048007,21.48617593679828,0.5596808582615019,0.010563727661034961
6884,test,0,0.010261898860335357,0.05171604483048007,21.52626236466518,0.5602112782108662,0.0168172788510459
6885,test,0,0.0020445566624402965,0.05171604483048007,21.566123309277156,0.5610132430720443,0.02350908234261602
6886,test,0,0.005568303167819977,0.05171604483048007,21.60601855694809,0.5620979947547313,0.030578697248298467
6887,test,0,0.005151628982275724,0.042250103196268006,21.64611830226504,0.563428802646534,0.035405398082770684
6888,test,0,0.00974024785682559,0.042250103196268006,21.685855282192286,0.5649226986422057,0.039014465589421975
6889,test,0,0.023140156641602516,0.042250103196268006,21.72587612597056,0.5665451919410083,0.042255950260426695
6890,test,0,0.028508054092526436,0.042250103196268006,21.76577258929728,0.5683012149413533,0.046156823951543115
6891,test,0,0.021306628361344337,0.042250103196268006,21.8055898841206,0.5702530431835793,0.051882660564641254
6892,test,0,0.018371734768152237,0.042250103196268006,21.845647011862585,0.5724277288678711,0.05566925741457947
6893,test,0,0.023308081552386284,0.01319487900663348,21.885375688223778,0.5746776768648837,0.056819588537216824
6894,test,0,0.018123801331967115,0.01319487900663348,21.92532227602346,0.5769666651472618,0.05762731167311225
6895,test,0,0.03297877963632345,0.01319487900663348,21.965288853941463,0.579294873030495,0.058895654111537986
6896,test,0,0.03313383646309376,0.01319487900663348,22.005005160784826,0.5817267625535097,0.063305678134199
6897,test,0,0.029836295172572136,0.01319487900663348,22.04500308822028,0.5843442228959325,0.06708833141640767
6898,test,0,0.0403438825160265,0.01319487900663348,22.08478163852149,0.5870657780517369,0.06913546234327418
6899,test,0,0.02431192807853222,0.02323928158336392,22.12462825930103,0.5898747999931955,0.07154655183309265
6900,test,0,0.017322434112429612,0.02323928158336392,22.164604829336493,0.5927831868668479,0.07339014527921796
6901,test,0,0.00942198047414422,0.02323928158336392,22.204282142314614,0.5957675515316273,0.07665582583888762
6902,test,0,0.003327137790620328,0.02323928158336392,22.244211724667057,0.5988892226462751,0.07870287891135261
6903,test,0,0.019693727605044842,0.02323928158336392,22.284033823570663,0.6020290214994366,0.07835693532700048
6904,test,0,0.008006658405065536,0.02323928158336392,22.32380453354838,0.6051744500920059,0.07947007384210607
6905,test,0,0.00020803930237889377,0.0051392193344206236,22.36376958864671,0.6083876352101772,0.08069116963386318
6906,test,0,0.004861099645495415,0.0051392193344206236,22.403459116009184,0.6116323531252037,0.08249700010815801
6907,test,0,0.00033372186589986064,0.0051392193344206236,22.443328168812183,0.6149726156048753,0.08436600129922878
6908,test,0,0.007432982325553894,0.0051392193344206236,22.483224629336068,0.6183539230169146,0.08402288943326454
6909,test,0,0.01731928996741772,0.0051392193344206236,22.52291219376731,0.6217182210533578,0.08434908723610993
6910,test,0,0.02552173100411892,0.0051392193344206236,22.56288070559552,0.625088285020102,0.08329862766621922
6911,test,0,0.024811970070004463,0.013729398032774166,22.602624449926264,0.6283647131027343,0.08134626892458625
6912,test,0,0.018583120778203007,0.013729398032774166,22.642471809937142,0.6315943956211354,0.08021874041845951
6913,test,0,0.024317430332303047,0.013729398032774166,22.682454355750878,0.6347738164366012,0.07778007558619589
6914,test,0,0.009114773944020271,0.013729398032774166,22.722154981178424,0.6378336016116986,0.07548421561401648
6915,test,0,0.0024710483849048545,0.013729398032774166,22.762161626809387,0.6407773928081199,0.07070125300085905
6916,test,0,0.005269158631563187,0.013729398032774166,22.80204211881805,0.6434611392983121,0.06338772322024487
6917,test,0,0.016073655337095254,0.010310990906647208,22.841945347819934,0.6458401644447621,0.055270510742614846
6918,test,0,0.021851275116205215,0.010310990906647208,22.882120459927183,0.647877948520587,0.04561725843868305
6919,test,0,0.008172668516635891,0.010310990906647208,22.9219480223572,0.6495115416779224,0.037015995531680175
6920,test,0,0.004358813166618345,0.010310990906647208,22.961999593697033,0.6508749844641365,0.03170101616044687
6921,test,0,0.0015747323632240295,0.010310990906647208,23.002031798973885,0.6520681115746758,0.028277948926953067
6922,test,0,0.008467771112918854,0.010310990906647208,23.04191348705127,0.6531462426357423,0.02566114263735826
6923,test,0,0.008958719670772552,0.009682249739593583,23.08206209524962,0.6541291566889148,0.023240654626291542
6924,test,0,0.009014755487442017,0.009682249739593583,23.12194383687168,0.6550126061921068,0.021052768154405658
6925,test,0,0.002389434725046158,0.009682249739593583,23.161936639237517,0.6558170611348848,0.01904480445796153
6926,test,0,0.014747276436537504,0.009682249739593583,23.202083329746618,0.6565301313821268,0.016628054012101844
6927,test,0,0.019026465713977814,0.009682249739593583,23.24191148985706,0.6571408595620934,0.013380328865157911
6928,test,0,0.03143213735893369,0.009682249739593583,23.282056311353212,0.657581431749741,0.007973648240265694
6929,test,0,0.04317191243171692,0.016766662127224857,23.322034420217133,0.6577761076865201,0.0018133794975418967
6930,test,0,0.04222070029936731,0.016766662127224857,23.362016404006994,0.6576982101016122,-0.006139164897674327
6931,test,0,0.05472326837480068,0.016766662127224857,23.402243338672985,0.6572702458892397,-0.014595122750500905
6932,test,0,0.04443342611193657,0.016766662127224857,23.442111761265682,0.6565461496232671,-0.02189314974418745
6933,test,0,0.03693864308297635,0.016766662127224857,23.48219247898874,0.6555426222550658,-0.027879281180728684
6934,test,0,0.019930465146899223,0.02368480924189319,23.522236323679955,0.654350685885848,-0.0309035062934742
6935,test,0,0.012024264782667167,0.02368480924189319,23.562103246109192,0.6531237029802233,-0.030036573975574264
6936,test,0,0.005075210705399513,0.02368480924189319,23.602212129366517,0.6519767146332163,-0.026178480322624202
6937,test,0,0.010074222460389137,0.02368480924189319,23.642011580118314,0.6510407087081395,-0.021009672108691584
6938,test,0,0.009304838255047798,0.02368480924189319,23.68197961615305,0.6503075487356589,-0.015846199636273373
6939,test,0,0.009627025574445724,0.02368480924189319,23.722039472254128,0.6497586055654166,-0.011339950842869567
6940,test,0,0.015417456626892086,0.026173646499872902,23.761857929217733,0.6493926687454665,-0.007756729318822963
6941,test,0,0.016930900514125824,0.026173646499872902,23.80196177460272,0.6491291631022981,-0.005744998044472415
6942,test,0,0.030818717554211617,0.026173646499872902,23.841884603582628,0.6489081817120175,-0.005643723568888246
6943,test,0,0.026119517162442204,0.026173646499872902,23.881840784000023,0.6486694466885932,-0.00682105260110146
6944,test,0,0.039988791570067406,0.026173646499872902,23.922011065068546,0.6483506059987871,-0.008801087555913129
6945,test,0,0.03967013396322727,0.026173646499872902,23.961844973746317,0.6479632192335846,-0.011024799423494831
6946,test,0,0.03255992941558361,0.016252756692680184,24.001920123177367,0.6474826525984396,-0.01318104880793315
6947,test,0,0.03526809625327587,0.016252756692680184,24.041940912426234,0.6469179581917602,-0.014693894307905212
6948,test,0,0.01754952967166901,0.016252756692680184,24.08183627739919,0.6463324390233994,-0.014583486816336162
6949,test,0,0.016138501465320594,0.016252756692680184,24.12197297858922,0.6457702643074718,-0.012982327029518079
6950,test,0,0.05309260077774525,0.016252756692680184,24.16179325263949,0.6452967102777644,-0.010433029503139079
6951,test,0,0.06557905115187168,0.016252756692680184,24.20178451416428,0.6449630142971802,-0.0056785719303245
6952,test,0,0.0787503682076931,0.026780781097415,24.24182479098754,0.6448455457929936,0.0005212074012575935
6953,test,0,0.06534420140087605,0.026780781097415,24.281627629483072,0.6450184323103164,0.007863629438211166
6954,test,0,0.06546318717300892,0.026780781097415,24.321715480929516,0.645462385601148,0.014214786029586955
6955,test,0,0.06742355041205883,0.026780781097415,24.361569446855547,0.6461188935072774,0.01854436144717371
6956,test,0,0.06752158142626284,0.026780781097415,24.401499686263993,0.6469358040516043,0.02194591756923221
6957,test,0,0.059488119557499886,0.026780781097415,24.441639113870718,0.6478562095784015,0.024114736452045114
6958,test,0,0.07560162805020809,0.022274672064745742,24.481406574308032,0.6488685153979413,0.026498976141003543
6959,test,0,0.015434506349265575,0.022274672064745742,24.521454397123023,0.6499830497068553,0.029347674346449835
6960,test,0,0.02456106245517731,0.022274672064745742,24.56142305690154,0.6512016426558288,0.03134367173031811
6961,test,0,0.011677255854010579,0.022274672064745742,24.60130159589253,0.6524855120493086,0.03270611441013583
6962,test,0,0.012987252324819565,0.022274672064745742,24.64143910587737,0.6538038099606399,0.032393951623215365
6963,test,0,0.015938295051455498,0.022274672064745742,24.681264247451942,0.6550790352157672,0.03165619757265781
6964,test,0,0.04593530483543872,0.025846320605650036,24.721276841519508,0.6563356273133265,0.030543249659059798
6965,test,0,0.023428570479154587,0.025846320605650036,24.761347714444607,0.6575138752952069,0.028212923687920784
6966,test,0,0.007865874096751213,0.025846320605650036,24.801198217407013,0.6586064557783943,0.026816853492283063
6967,test,0,0.035425327718257904,0.025846320605650036,24.841307316944384,0.659688461625706,0.028004480155349867
6968,test,0,0.02186714857816697,0.025846320605650036,24.881173018110008,0.6608809493837818,0.03293565001727208
6969,test,0,0.07390372082591057,0.025846320605650036,24.92106435705522,0.662345754073109,0.0406222833572186
6970,test,0,0.0665372908115387,0.024186177510431443,24.961114700137305,0.6641178754126298,0.048253702198082796
6971,test,0,0.05839581787586212,0.024186177510431443,25.000792358341545,0.6662150240160001,0.056877138869158676
6972,test,0,0.08864798396825793,0.024186177510431443,25.040748027100573,0.6686559879010793,0.06553062225044476
6973,test,0,0.12821303308010099,0.024186177510431443,25.080530619479244,0.6714281884951145,0.07385124745280491
6974,test,0,0.10156231373548505,0.024186177510431443,25.120246651506154,0.6745653546118345,0.08389579851871046
6975,test,0,0.13052215427160266,0.024186177510431443,25.16011934043261,0.678131658974945,0.09473511919250086
6976,test,0,0.09704080224037168,0.05367582006274006,25.19970024184863,0.682135026947987,0.10772434146780908
6977,test,0,0.11650653928518295,0.05367582006274006,25.239328440995074,0.6867426849022781,0.12459415244141629
6978,test,0,0.13331103324890134,0.05367582006274006,25.278870129585048,0.6920375967461053,0.14171200803411904
6979,test,0,0.1010337695479393,0.05367582006274006,25.318130180505058,0.6980639057895692,0.16350163414420185
6980,test,0,0.11462347209453583,0.05367582006274006,25.357332445788096,0.7050137547512996,0.1873058978812922
6981,test,0,0.06277041137218478,0.05367582006274006,25.396379579110768,0.7129103679495791,0.212949322323066
6982,test,0,0.03314204514026642,0.04964109934422696,25.435017965203073,0.7219105682302528,0.24577692733716008
6983,test,0,0.027314499020576505,0.04964109934422696,25.47323368357859,0.7322264386783832,0.28369248489195514
6984,test,0,0.020726069808006287,0.04964109934422696,25.51121876824537,0.7441616783879371,0.32559512277060226
6985,test,0,0.05194552242755893,0.04964109934422696,25.54839488494112,0.7575817162413412,0.36661394343376114
6986,test,0,0.007979899644851685,0.04964109934422696,25.585171762372877,0.7725225931240057,0.404582585128472
6987,test,0,0.09518210589885712,0.04964109934422696,25.621546110701832,0.7888642753004305,0.43900324628195714
6988,test,0,0.021446913480758667,0.04025112926109131,25.657039564867056,0.8062884591055163,0.4737458259838054
6989,test,0,0.011731922626495361,0.04025112926109131,25.69204961826539,0.8250479142853236,0.5107884697597818
6990,test,0,0.053925648331642095,0.04025112926109131,25.726230153984055,0.8451301486850624,0.55466632818212
6991,test,0,0.0837557464838028,0.04025112926109131,25.759272911528292,0.8667613033669583,0.6029121674431136
6992,test,0,0.10515214502811432,0.04025112926109131,25.791328284174273,0.8898611376628096,0.6453489275180941
6993,test,0,0.11554379761219025,0.03736985329886363,25.822726339031792,0.9144425049345626,0.680309858387562
6994,test,0,0.161148801445961,0.03736985329886363,25.85314368625028,0.9398225796736153,0.7108378023587327
6995,test,0,0.11047820746898651,0.03736985329886363,25.882817000788805,0.9662179362177684,0.7444368494361362
6996,test,0,0.021821141242980957,0.03736985329886363,25.911615639129526,0.9937460627374238,0.7828946861944038
6997,test,0,0.01977363228797918,0.03736985329886363,25.93895260647143,1.0221890060162981,0.8296240050552708
6998,test,0,0.014129132032394465,0.05708203786096989,25.964840717702266,1.0520398778807434,0.8851266679716312
6999,test,0,0.16222086548805234,0.05708203786096989,25.98889559740332,1.0833278679746772,0.9478749889067823
7000,test,0,0.09603503346443173,0.05708203786096989,26.010684807759716,1.116084034684059,1.0235214809942084
7001,test,0,0.12020084261894226,0.08223249085545727,26.029780370419004,1.150303899506204,1.096450305164682
7002,test,0,0.11728546023368838,0.08223249085545727,26.046749471913635,1.1860827259217996,1.1569572303380176
7003,test,0,0.10108901560306549,0.08223249085545727,26.061678640944137,1.2226563723543207,1.2084679546206687
7004,test,0,0.16244356334209442,0.08223249085545727,26.074735076818985,1.2599550834538487,1.2598266654184032
7005,test,0,0.10356465727090834,0.10299343935920129,26.085889182598137,1.297819598693036,1.3081695083341196
7006,test,0,0.16170886158943176,0.10299343935920129,26.09535685334916,1.3364619184870283,1.3502274122394824
7007,test,0,0.19774477183818817,0.10299343935920129,26.103253371222014,1.3751750773804146,1.3885726676763785
7008,test,0,0.19842112064361572,0.10299343935920129,26.109667344319263,1.414322940369408,1.4293377186921203
7009,test,0,0.22152531147003174,0.10299343935920129,26.1144870914474,1.453861947926462,1.4688545584900918
7010,test,0,0.23373399674892426,0.10299343935920129,26.11776104536726,1.4932484806976287,1.5066236775247508
7011,test,0,0.21594250947237015,0.10306990938116073,26.119593616572228,1.5330029262172253,1.5416979005727454
7012,test,0,0.21079092472791672,0.10306990938116073,26.12017876367467,1.5727379183272776,1.5683837230014472
7013,test,0,0.1473797857761383,0.10306990938116073,26.11980245736568,1.612510911749798,1.5905581715588346
7014,test,0,0.14991316944360733,0.10306990938116073,26.118682209396773,1.65233729145321,1.605712061257938
7015,test,0,0.1588520035147667,0.10306990938116073,26.11702772857059,1.6922324339132921,1.6179410054706176
7016,test,0,0.15897633135318756,0.10306990938116073,26.11490175288538,1.7320826667499634,1.6295053964573445
7017,test,0,0.130558580160141,0.11069012164731856,26.112387346926244,1.7719249532795591,1.638352284693088
7018,test,0,0.13924384117126465,0.11069012164731856,26.109471577856798,1.8116794735803687,1.6499820480974745
7019,test,0,0.08345889672636986,0.11069012164731856,26.106097701346616,1.8514056250215905,1.659595384574143
7020,test,0,0.0685714092105627,0.11069012164731856,26.102404288179148,1.8912383658977103,1.666595252907478
7021,test,0,0.06657170690596104,0.11069012164731856,26.098439420212348,1.9309090290327393,1.6725318927731097
7022,test,0,0.01130317896604538,0.11069012164731856,26.094366318098484,1.970647901259615,1.6718900383541122
7023,test,0,0.0279733557254076,0.14505517209469668,26.090361899336486,2.0104306677133046,1.6706431104248571
7024,test,0,0.014738669618964195,0.14505517209469668,26.086393716930868,2.050140520456716,1.669729836482204
7025,test,0,0.003467123955488205,0.14505517209469668,26.082449271972624,2.089979706059418,1.669520520512531
7026,test,0,0.04265526868402957,0.14505517209469668,26.078454994737623,2.1296810330504377,1.6724785466899053
7027,test,0,0.08160577528178693,0.14505517209469668,26.074367690781827,2.1693798754948124,1.6739100604219497
7028,test,0,0.041229521855711944,0.14505517209469668,26.07020691647731,2.2091503115661104,1.6770708141900748
7029,test,0,0.0316326878964901,0.012205243970998774,26.06589022196885,2.248805486193776,1.6797544987592923
7030,test,0,0.02308387495577336,0.012205243970998774,26.061539121347057,2.288566130634542,1.6794009731722583
7031,test,0,0.004959907382726666,0.012205243970998774,26.057174370754463,2.3282862146867536,1.6820716137161862
7032,test,0,0.026602700352668762,0.012205243970998774,26.052667511818004,2.3679022277457333,1.685805175407582
7033,test,0,0.02628341317176818,0.012205243970998774,26.047976253783048,2.4076680710334295,1.6914758758714332
7034,test,0,0.0009211935102939606,0.012205243970998774,26.042998288795612,2.4471770866158797,1.6999196659156341
7035,test,0,0.03598520904779434,0.05061937112245981,26.037725813725466,2.486733904396281,1.7067988175315114
7036,test,0,0.012220982462167733,0.05061937112245981,26.032152562932904,2.5263228413217873,1.715672471639142
7037,test,0,0.06553481100127101,0.05061937112245981,26.02621157831341,2.565679190257663,1.7249780392582519
7038,test,0,0.02366316318511963,0.05061937112245981,26.01986659588528,2.6051591653263526,1.7367013085866945
7039,test,0,0.020894043147563934,0.05061937112245981,26.012990890948693,2.644438736514792,1.7516720513283843
7040,test,0,0.00498695299029351,0.05061937112245981,26.005585461450423,2.683545129957347,1.7632841765829337
7041,test,0,0.04999523609876633,0.07740057991860477,25.997714889476857,2.7228609296679167,1.7751907094574353
7042,test,0,0.001515001058578505,0.07740057991860477,25.98934819898565,2.7616857150452896,1.7919005930059264
7043,test,0,0.03609168902039528,0.07740057991860477,25.980250375732602,2.800509271134046,1.8096049666115683
7044,test,0,0.005061246454715715,0.07740057991860477,25.970484204040787,2.8393056259613956,1.8260455761653385
7045,test,0,0.007013842463493347,0.07740057991860477,25.960153524208167,2.87764215749763,1.8410363480455947
7046,test,0,0.010332155972719186,0.07740057991860477,25.943623544059356,2.935356510817309,1.8574559615784119
7047,test,0,0.005222450941801071,0.06453026304424825,25.932175237651737,2.9733958122787487,1.868362451966168
7048,test,0,0.04152505472302437,0.06453026304424825,25.926260133444774,2.9924648437991035,1.8749890701471132
7049,test,0,0.005791157484054565,0.06453026304424825,25.91403018872437,3.030556086637108,1.888048039954197
7050,test,0,0.012728728353977203,0.06453026304424825,25.901372399068173,3.068200642795825,1.9019534252922818
7051,test,0,0.03764120116829872,0.06453026304424825,25.888127532408063,3.105901852650232,1.9149097398051078
7052,test,0,0.010531466454267509,0.06453026304424825,25.874469544582674,3.143403061405783,1.9249215052787494
7053,test,0,0.032686829566955566,0.049455653918720574,25.860445935449256,3.180633834998509,1.9366348633625972
7054,test,0,0.0037323087453842163,0.049455653918720574,25.845961652804082,3.2178641895477327,1.9461881654217672
7055,test,0,0.046792879700660706,0.049455653918720574,25.831182002839025,3.254867786703695,1.9560248857715161
7056,test,0,0.033932857215404504,0.049455653918720574,25.815944744036013,3.291719563339493,1.97111380361904
7057,test,0,0.016521148383617387,0.049455653918720574,25.800117471522082,3.3282796290113117,1.9879511853159506
7058,test,0,0.04033033549785614,0.049455653918720574,25.78363351895574,3.364514056298817,2.007858891506231
7059,test,0,0.05706940405070782,0.04988307206620575,25.76642392781027,3.4004055055477487,2.026629378483003
7060,test,0,0.04409160837531089,0.04988307206620575,25.748563137617317,3.436115582090962,2.0425038976244325
7061,test,0,0.044687531888484955,0.04988307206620575,25.73014503493062,3.4714310506086132,2.0602824619490003
7062,test,0,0.01629265770316124,0.04988307206620575,25.711199963027013,3.5064203705509778,2.071749726103506
7063,test,0,0.003806784749031067,0.04988307206620575,25.691833289611914,3.5414777464446505,2.0792156739073593
7064,test,0,0.02314686030149459,0.04988307206620575,25.672341430380804,3.5760572808058813,2.0890490777911617
7065,test,0,0.003276292234659188,0.06754041808303828,25.652373977421806,3.610625446793674,2.1000243117886717
7066,test,0,0.04720994085073471,0.06754041808303828,25.632001328275788,3.6450477594805824,2.110370426482567
7067,test,0,0.02616240829229355,0.06754041808303828,25.61140385012268,3.679049318237682,2.1213111257618507
7068,test,0,0.029162384569644928,0.06754041808303828,25.590244549179765,3.713035556124655,2.1345535753402145
7069,test,0,0.015927966684103012,0.06754041808303828,25.568736157058133,3.7465749187982507,2.146710042256373
7070,test,0,0.006386946886777878,0.06754041808303828,25.5468591570638,3.7799066650461857,2.156711994106676
7071,test,0,0.00025840848684310913,0.06645898170273043,25.524524967806425,3.813218180280721,2.1675902127273305
7072,test,0,0.06226455792784691,0.06645898170273043,25.50203318546559,3.8459557577221406,2.176255210915693
7073,test,0,0.03806830570101738,0.06645898170273043,25.47913820180011,3.8787724572566975,2.184979702603905
7074,test,0,0.03829021006822586,0.06645898170273043,25.455973201037047,3.911290083644204,2.195055407137864
7075,test,0,0.017182763665914532,0.06645898170273043,25.43255196333533,3.9435196795393415,2.2014340937001724
7076,test,0,0.031098579987883568,0.06645898170273043,25.408853045845042,3.97589859076914,2.203493541283529
7077,test,0,0.01740613579750061,0.06645898170273043,25.385278482408104,4.007984052035311,2.2056263335602444
7078,test,0,0.058246152475476265,0.04424588258743766,25.361524932048216,4.040166078869785,2.2062103013348953
7079,test,0,0.04666625335812569,0.04424588258743766,25.33777626768634,4.072466137685376,2.202117280108453
7080,test,0,0.07053998298943043,0.04424588258743766,25.314327231158337,4.104702509043567,2.1967873262721196
7081,test,0,0.06452552601695061,0.04424588258743766,25.29089304654127,4.137308002870443,2.1911760487720455
7082,test,0,0.0833346676081419,0.04424588258743766,25.26778015366187,4.169859355179165,2.1850005094964966
7083,test,0,0.044329991564154625,0.04424588258743766,25.24483581903635,4.202603639340842,2.1792198705011816
7084,test,0,0.07684409432113172,0.04424588258743766,25.221946648025558,4.235596536069207,2.1772691884887525
7085,test,0,0.07854312472045423,0.018114031584485414,25.199243965412993,4.268280391981947,2.177863700197223
7086,test,0,0.08779999427497387,0.018114031584485414,25.176382066801995,4.301192615873755,2.177551247168432
7087,test,0,0.10692695528268813,0.018114031584485414,25.1536074201772,4.334034151907063,2.1770951740388744
7088,test,0,0.0327013786882162,0.018114031584485414,25.131544832455774,4.36617426735834,2.16746288751217
7089,test,0,0.1069349702447653,0.018114031584485414,25.109035197284786,4.399477011080096,2.165118400050057
7090,test,0,0.0660752858966589,0.018114031584485414,25.086726957140304,4.432453568722849,2.1647771103399855
7091,test,0,0.14168898575007915,0.018114031584485414,25.064357825781574,4.465666995626712,2.161713826503401
7092,test,0,0.07647772692143917,0.017281410027452603,25.043235407588774,4.496638536932203,2.1746241403653706
7093,test,0,0.05844171904027463,0.017281410027452603,25.020683510773157,4.529405350013446,2.1711692031206966
7094,test,0,0.10681849531829357,0.017281410027452603,24.998063867055755,4.562618951404977,2.166654088781712
7095,test,0,0.05758053995668889,0.017281410027452603,24.975728629273423,4.595716263960095,2.1620280417944415
7096,test,0,0.11810993961989878,0.017281410027452603,24.95350064410901,4.628974682611705,2.1574972887555863
7097,test,0,0.05388073436915874,0.017281410027452603,24.93133077560925,4.662492154012135,2.153780448898381
7098,test,0,0.058367266319692135,0.017281410027452603,24.90945607700429,4.695763686422892,2.1508644060602804
7099,test,0,0.1013801246881485,0.06044961892308577,24.88752910061926,4.729386590500147,2.144828637931851
7100,test,0,0.017368854954838753,0.06044961892308577,24.86594484289246,4.763058423822201,2.136965769590638
7101,test,0,0.06729431636631489,0.06044961892308577,24.844603828658855,4.796792897666915,2.135580530339946
7102,test,0,0.026685917750000954,0.06044961892308577,24.823066193963186,4.830642329576752,2.1402574596250847
7103,test,0,0.1481780931353569,0.06044961892308577,24.801524866398893,4.86409942740356,2.1440626179035513
7104,test,0,0.10605458170175552,0.06044961892308577,24.779815829361194,4.897775382721821,2.1395884560782856
7105,test,0,0.09397423453629017,0.09409468406264279,24.758375165392753,4.931649283461527,2.1305550136320295
7106,test,0,0.09748811088502407,0.09409468406264279,24.737316769397804,4.965520360683582,2.1256024060444996
7107,test,0,0.12413077615201473,0.09409468406264279,24.716198875104382,4.9996440917517395,2.1239509809614936
7108,test,0,0.1400682684034109,0.09409468406264279,24.695266994965902,5.033569132331665,2.122398787891734
7109,test,0,0.1889395397156477,0.09409468406264279,24.674360297627636,5.0676709630504835,2.117970972642959
7110,test,0,0.1379531417042017,0.09409468406264279,24.653598147575618,5.101960241021073,2.1128764227059422
7111,test,0,0.13356811739504337,0.0895020965007463,24.63309084068607,5.136136373772406,2.110815446155396
7112,test,0,0.14314055256545544,0.0895020965007463,24.61246091795789,5.170494105655867,2.1124836053038774
7113,test,0,0.1364885587245226,0.0895020965007463,24.59181813002103,5.2046232074390435,2.117110695861446
7114,test,0,0.17044910602271557,0.0895020965007463,24.571019550006,5.238680719263034,2.1201589580429148
7115,test,0,0.11862477660179135,0.0895020965007463,24.550049758296815,5.272849713061428,2.1228373391124866
7116,test,0,0.16931292414665225,0.0895020965007463,24.52910914894674,5.306648423289536,2.1286431479108954
7117,test,0,0.11066774278879166,0.07060919284038834,24.50780418407386,5.340494852904224,2.136817124984511
7118,test,0,0.17542607337236404,0.07060919284038834,24.486234475064503,5.374121506352691,2.1454590635740574
7119,test,0,0.12260787189006805,0.07060919284038834,24.4644639239579,5.407468333895437,2.152458154173002
7120,test,0,0.17535195499658585,0.07060919284038834,24.442326141396403,5.440914733042194,2.159117759187937
7121,test,0,0.13106177560985088,0.07060919284038834,24.420116014754658,5.473952491210553,2.1660332156791293
7122,test,0,0.20587812177836898,0.07060919284038834,24.397617361047693,5.506973486714305,2.1712926487302933
7123,test,0,0.14265151880681518,0.07060919284038834,24.374913794027133,5.539987097552109,2.176019169266992
7124,test,0,0.18872386775910854,0.07908322207629344,24.35219505685407,5.572648491378081,2.1809650684663646
7125,test,0,0.18991323374211788,0.07908322207629344,24.329148087507892,5.605436936262194,2.1862607702920576
7126,test,0,0.20929847471415997,0.07908322207629344,24.306045297804047,5.637938927557115,2.1915193956932435
7127,test,0,0.21796261332929137,0.07908322207629344,24.282764087654417,5.670357120270703,2.1944669038818376
7128,test,0,0.19989178143441677,0.07908322207629344,24.259297889136203,5.70291074570652,2.197702690610602
7129,test,0,0.19382696412503722,0.07908322207629344,24.23588334516553,5.735039446996463,2.203354926657751
7130,test,0,0.24176404438912868,0.07908322207629344,24.21213116575678,5.767251613258145,2.208884433444325
7131,test,0,0.2205424439162016,0.10208947566673415,24.18825937433855,5.799295282673433,2.2133270697609464
7132,test,0,0.22359860502183437,0.10208947566673415,24.164296652350064,5.8311367631774855,2.218614714997826
7133,test,0,0.25176851265132427,0.10208947566673415,24.140012519700498,5.863053848368062,2.224045042249808
7134,test,0,0.2504133787006139,0.10208947566673415,24.115740104031385,5.894596048337498,2.2291729577786095
7135,test,0,0.27905916236341,0.10208947566673415,24.091206372561338,5.926145857470496,2.233723624829903
7136,test,0,0.257567435503006,0.10208947566673415,24.066506038316266,5.957663103386796,2.237367120142356
7137,test,0,0.25753267109394073,0.10208947566673415,24.04181084697722,5.98884258043927,2.2439890979776087
7138,test,0,0.23950034379959106,0.14409459770495647,24.01673159766481,6.020074016581093,2.2509587142644967
7139,test,0,0.22666414827108383,0.14409459770495647,23.991579601063105,6.050953166072562,2.2584343840586483
7140,test,0,0.2525247484445572,0.14409459770495647,23.96611368562432,6.081611594175238,2.2699056936332593
7141,test,0,0.2573598250746727,0.14409459770495647,23.940207807420077,6.112056334565388,2.2816372296688163
7142,test,0,0.26683980971574783,0.14409459770495647,23.914059628941956,6.142023397206079,2.2950925577883092
7143,test,0,0.2635077014565468,0.14409459770495647,23.887379329308203,6.171721677911177,2.31062930515466
7144,test,0,0.22473601251840591,0.14409459770495647,23.860299008451456,6.200960806759382,2.3253855809973776
7145,test,0,0.24656356126070017,0.1843397936836266,23.832792532960777,6.229672437801129,2.3443712206591925
7146,test,0,0.25685765594244003,0.1843397936836266,23.804655306575437,6.257989610724771,2.359242899252896
7147,test,0,0.2014700472354889,0.1843397936836266,23.776189496448595,6.2859772897937285,2.3707204881871373
7148,test,0,0.19321837276220327,0.1843397936836266,23.747403510907873,6.313465341843245,2.3895834872963317
7149,test,0,0.11411909013986588,0.1843397936836266,23.71810151105615,6.340324596513569,2.409504238895192
7150,test,0,0.15090002119541163,0.1843397936836266,23.6881548685028,6.366678920748004,2.431057428579152
7151,test,0,0.11977291107177734,0.1843397936836266,23.657851854383637,6.3921075490778705,2.4569504972308396
7152,test,0,0.24597622454166412,0.2156923474892843,23.626646993102977,6.416824797023126,2.486431973716133
7153,test,0,0.23666512221097946,0.2156923474892843,23.59494634789374,6.440524114199435,2.5085616782293747
7154,test,0,0.25781902670860296,0.2156923474892843,23.562732732821303,6.4638898779734655,2.518849308519313
7155,test,0,0.04084391891956329,0.2156923474892843,23.53005887804988,6.487128785504742,2.5288819374214984
7156,test,0,0.10830837488174438,0.2156923474892843,23.49747431118935,6.509665400445854,2.5491999664987612
7157,test,0,0.13417169451713562,0.2156923474892843,23.46417969986859,6.531474377979236,2.5692003771205965
7158,test,0,0.07616837322711947,0.2156923474892843,23.43043080557635,6.55301484831998,2.577664459007495
7159,test,0,0.03509330004453659,0.0976188441584933,23.3967444641051,6.574006116705948,2.594435400538952
7160,test,0,0.1298809815198183,0.0976188441584933,23.362416819945352,6.594375422538827,2.617302619061704
7161,test,0,0.15504431910812855,0.0976188441584933,23.32780378460888,6.614056960637182,2.626584651357249
7162,test,0,0.12408459372818469,0.0976188441584933,23.293036006948,6.6337179211485875,2.6264441134764422
7163,test,0,0.08009964227676392,0.0976188441584933,23.25820913315705,6.653470889846137,2.6240690338668227
7164,test,0,0.08256050199270248,0.0976188441584933,23.223569587212992,6.673128727482365,2.630663086734739
7165,test,0,0.10554463602602483,0.10179556012858389,23.188590927012125,6.692390051540256,2.6455974388120076
7166,test,0,0.14622264169156549,0.10179556012858389,23.15341291489704,6.711220290119777,2.651092360692832
7167,test,0,0.1394362952560186,0.10179556012858389,23.11821181961521,6.72998031573968,2.6519636588374844
7168,test,0,0.04014694690704347,0.10179556012858389,23.08290827889186,6.748792729782848,2.651210297797326
7169,test,0,0.16130885481834412,0.10179556012858389,23.047678667915896,6.767556065869059,2.655754766988858
7170,test,0,0.1395980715751648,0.10179556012858389,23.012280086392355,6.786115056449071,2.65733450517436
7171,test,0,0.09804862551391125,0.10710645318884265,22.97692382840967,6.804904380104295,2.6476878126737478
7172,test,0,0.12399648316204548,0.10710645318884265,22.941843900481857,6.8239125675558645,2.6458213917736235
7173,test,0,0.19493918120861056,0.10710645318884265,22.90659097827318,6.842867482220082,2.6504738059051207
7174,test,0,0.20630814135074615,0.10710645318884265,22.871433372261745,6.861735581206929,2.6430739100925393
7175,test,0,0.15102572739124298,0.10710645318884265,22.836390839433978,6.881106401720359,2.6301914675883244
7176,test,0,0.11189139448106286,0.10710645318884265,22.80150947456859,6.90097834224773,2.616959341011849
7177,test,0,0.13173718936741352,0.12344669992088037,22.767057176740707,6.921117008046402,2.6125531914148725
7178,test,0,0.24708899110555652,0.12344669992088037,22.732453476250452,6.941215997471892,2.61802768373568
7179,test,0,0.25229713320732117,0.12344669992088037,22.697868774574125,6.961241628807677,2.6098141641721173
7180,test,0,0.23496136069297788,0.12344669992088037,22.66355386344695,6.981814402098275,2.5926268269070443
7181,test,0,0.1597618069499731,0.12344669992088037,22.629378829793332,7.003137901058053,2.5748975162536007
7182,test,0,0.147728830575943,0.12344669992088037,22.59584675696723,7.024777833533394,2.5672585939168586
7183,test,0,0.24175602942705157,0.14870365871130667,22.56222632181333,7.046410732524288,2.5729370453005855
7184,test,0,0.24086719006299973,0.14870365871130667,22.528296010225002,7.068068579481222,2.5689859019940666
7185,test,0,0.2816447466611862,0.14870365871130667,22.494888560586556,7.08992730898548,2.555603501829497
7186,test,0,0.24605367891490457,0.14870365871130667,22.461518942042645,7.11240575719677,2.5412689775644974
7187,test,0,0.23022954724729064,0.14870365871130667,22.42873377883805,7.135161702606992,2.5312607714304534
7188,test,0,0.31324733793735504,0.14870365871130667,22.396014123813345,7.158123335198175,2.528245708110696
7189,test,0,0.28301922231912613,0.14870365871130667,22.363208907226205,7.181363015247398,2.519711271495053
7190,test,0,0.2864519786089659,0.18390994160164145,22.330948061716107,7.20481535612797,2.5065804568411285
7191,test,0,0.24110372364521027,0.18390994160164145,22.29876018295416,7.228787553602939,2.497726150599328
7192,test,0,0.2549805473536253,0.18390994160164145,22.266799208222047,7.252819013643399,2.498774274364636
7193,test,0,0.3205063100904226,0.18390994160164145,22.234821005098944,7.276656504711289,2.5013247052639214
7194,test,0,0.22860492579638964,0.18390994160164145,22.20263759474274,7.3006409465400415,2.501019629012398
7195,test,0,0.2397621851414442,0.18390994160164145,22.170736544799194,7.324374124544925,2.5035780773623966
7196,test,0,0.2544219698756933,0.18390994160164145,22.138551273629837,7.348121110403817,2.5081491401114975
7197,test,0,0.3024083878844977,0.22282913644158756,22.10624972329425,7.371773591300443,2.5091241214000504
7198,test,0,0.29319573380053043,0.22282913644158756,22.074114689394474,7.395387833998752,2.5061280524634255
7199,test,0,0.13781854510307312,0.22282913644158756,22.041844962767563,7.41925528836258,2.503817047001122
7200,test,0,0.19245485961437225,0.22282913644158756,22.010021319268013,7.442753299270912,2.5137202572878175
7201,test,0,0.3220957890152931,0.22282913644158756,21.977522348781253,7.465570818969941,2.5448442159821085
7202,test,0,0.32011333107948303,0.22282913644158756,21.944084193994694,7.487772638727696,2.555884721786641
7203,test,0,0.2898273542523384,0.22282913644158756,21.910973122441508,7.510034566304204,2.5430639796461443
7204,test,0,0.2604666519910097,0.2603988704666286,21.877922489953747,7.532873787318086,2.5311971744681006
7205,test,0,0.3247736468911171,0.2603988704666286,21.84529877025732,7.555907455545133,2.525000229441911
7206,test,0,0.31605025939643383,0.2603988704666286,21.81273208868305,7.579012683197716,2.521909468980904
7207,test,0,0.12877435982227325,0.2603988704666286,21.78008405309367,7.602462906554887,2.51592014904519
7208,test,0,0.14589793980121613,0.2603988704666286,21.74792401135944,7.625618773390967,2.5281578117543253
7209,test,0,0.3616403341293335,0.2603988704666286,21.715035155153608,7.647965150686944,2.561831261178848
7210,test,0,0.2984157502651215,0.2603988704666286,21.681107014554136,7.669501554598685,2.581443365406294
7211,test,0,0.3104544226080179,0.2787182076634989,21.647373351415904,7.6908136159932505,2.574448239794212
7212,test,0,0.1138027161359787,0.2787182076634989,21.61355888554822,7.71251583071237,2.567906428199215
7213,test,0,0.11063738167285919,0.2787182076634989,21.58009672647989,7.734116202510054,2.5778306717902333
7214,test,0,0.29739434085786337,0.2787182076634989,21.546195954266537,7.754769277556855,2.611585045340127
7215,test,0,0.2782532423734665,0.2787182076634989,21.5111266076584,7.774686384772462,2.6294115225016768
7216,test,0,0.3002637922763825,0.2787182076634989,21.476400868857404,7.794315581223816,2.6233026392102543
7217,test,0,0.0024865865707398016,0.28977563224246583,21.441615343128063,7.814335785559018,2.6154577066487072
7218,test,0,0.2761394251137972,0.28977563224246583,21.40672769733161,7.834645522237504,2.6232954350118423
7219,test,0,0.30842331796884537,0.28977563224246583,21.371886297393583,7.853603732667488,2.649487915515165
7220,test,0,0.10824259370565412,0.28977563224246583,21.33666582697717,7.872620453953655,2.641502728972037
7221,test,0,0.13648514449596405,0.28977563224246583,21.301466576623824,7.8919016844576735,2.647232984727822
7222,test,0,0.28632989525794983,0.28977563224246583,21.266181665536962,7.910415972189977,2.668980991928409
7223,test,0,0.2537478879094124,0.2868364605707461,21.230532084312642,7.928388175488298,2.6729412003905564
7224,test,0,0.26968975365161896,0.2868364605707461,21.194949616883754,7.946586300725706,2.6643744513855983
7225,test,0,0.2761060204356909,0.2868364605707461,21.15945700865745,7.965130431578499,2.6551069020248512
7226,test,0,0.23872524686157703,0.2868364605707461,21.124207096842657,7.983965997953234,2.6474292479898507
7227,test,0,0.2340111490339041,0.2868364605707461,21.089025822462812,8.003016230266896,2.6437599020753595
7228,test,0,0.39141394197940826,0.2868364605707461,21.053941398760568,8.022157698317221,2.6400994029332527
7229,test,0,0.3520857244729996,0.28182401469769375,21.019119037202923,8.041444199522497,2.6234028739707704
7230,test,0,0.08893334679305553,0.28182401469769375,20.98438050254786,8.062048375411772,2.5872325893846067
7231,test,0,0.25181611627340317,0.28182401469769375,20.950475534366596,8.083861975233628,2.5604820287030696
7232,test,0,0.30445601046085363,0.28182401469769375,20.917067938566884,8.105666800231385,2.567172782298376
7233,test,0,0.24104247242212296,0.28182401469769375,20.883356961647213,8.12729595640217,2.5751407080976745
7234,test,0,0.24719558656215668,0.28182401469769375,20.84969672208784,8.14849479838536,2.5837052268018033
7235,test,0,0.27552321553230286,0.29349275836532823,20.815671391968923,8.169532130157187,2.591775371426435
7236,test,0,0.39303399622440344,0.29349275836532823,20.781568283846706,8.190290385500779,2.597397707636763
7237,test,0,0.34247441589832306,0.29349275836532823,20.747423082107577,8.210972080482255,2.5886114740466395
7238,test,0,0.12276578694581988,0.29349275836532823,20.713354300141347,8.232590993772947,2.5622746964593355
7239,test,0,0.2534845918416977,0.29349275836532823,20.68018555562047,8.254779591694247,2.5511852970406723
7240,test,0,0.3080991432070732,0.29349275836532823,20.64689389679528,8.2767963125363,2.564189191625362
7241,test,0,0.45541547238826746,0.3068431215979513,20.61323231663823,8.298428981201129,2.575683864360347
7242,test,0,0.1792353391647339,0.3068431215979513,20.579563443780557,8.31973364774821,2.5711954691138823
7243,test,0,0.2999868467450142,0.3068431215979513,20.54585777010498,8.341659537425752,2.5657383327973293
7244,test,0,0.46285464614629745,0.3068431215979513,20.512359704123327,8.363236517205465,2.5731410607956264
7245,test,0,0.27070213854312897,0.3068431215979513,20.478595446891685,8.38476894980768,2.567379145943836
7246,test,0,0.17898952215909958,0.3068431215979513,20.445001865220256,8.406949273483873,2.5492311465698374
7247,test,0,0.2740113586187363,0.3271794163849129,20.412007417866963,8.429370391822083,2.5464800247128925
7248,test,0,0.30278389900922775,0.3271794163849129,20.3787607486351,8.45161213813834,2.5584124582603316
7249,test,0,0.32905907928943634,0.3271794163849129,20.345335775031042,8.47339217342145,2.5692041701098285
7250,test,0,0.28336866199970245,0.3271794163849129,20.31174171378172,8.494794516330614,2.5789666047627136
7251,test,0,0.302634559571743,0.3271794163849129,20.277773477318814,8.51600617627595,2.5880766453084423
7252,test,0,0.25808146595954895,0.3271794163849129,20.243835239904875,8.536747823464525,2.5982533100065823
7253,test,0,0.21082164347171783,0.03300301132003542,20.20944106879533,8.557571025464155,2.5804701669407444
7254,test,0,0.4984696060419083,0.03300301132003542,20.175778530815894,8.579940156114253,2.5294123312325527
7255,test,0,0.340499609708786,0.03300301132003542,20.143477503342357,8.603463560406679,2.511517698111646
7256,test,0,0.3138232082128525,0.03300301132003542,20.110928835180452,8.626696830956124,2.5332362901089116
7257,test,0,0.026398107409477206,0.03300301132003542,20.07808345070322,8.649034421127691,2.555721095264766
7258,test,0,0.5755279287695885,0.03300301132003542,20.044685687078285,8.670988208184395,2.549661821746691
7259,test,0,0.3946817293763161,0.03300301132003542,20.01181678249185,8.693745834707522,2.5331509249097413
7260,test,0,0.013915523886680603,0.160697283964705,19.979132271315517,8.716069117052724,2.553666661276816
7261,test,0,0.3399929255247116,0.160697283964705,19.945597868432483,8.73817890410598,2.5470792635796884
7262,test,0,0.6267981678247452,0.160697283964705,19.912725834341853,8.76140423774918,2.506899179056884
7263,test,0,0.3264058530330658,0.160697283964705,19.880755912877277,8.785522797655622,2.499134620471018
7264,test,0,0.30532457679510117,0.160697283964705,19.848427836493585,8.809062605793327,2.5266097033442136
7265,test,0,0.15560399182140827,0.160697283964705,19.815775232322295,8.831473962653392,2.552823905733835
7266,test,0,0.3666403740644455,0.160697283964705,19.782358625533707,8.853351229626231,2.5643814901152355
7267,test,0,0.21256317198276514,0.3003805549841582,19.74896709440337,8.875066704476323,2.5680187774222567
7268,test,0,0.31407828629016876,0.3003805549841582,19.71546018012124,8.896564389289228,2.569271952577116
7269,test,0,0.30381498485803604,0.3003805549841582,19.68175918116124,8.9184292613129,2.562399726675627
7270,test,0,0.4102372080087662,0.3003805549841582,19.64847392489705,8.94040716083242,2.5527119948967205
7271,test,0,0.31950605660676956,0.3003805549841582,19.615255183887122,8.962701010079915,2.5542847435101135
7272,test,0,0.1531910002231598,0.3003805549841582,19.581806676865362,8.984659502297676,2.567390703656752
7273,test,0,0.4955012649297714,0.4070514842239699,19.548392200387163,9.006134693777373,2.564368974137761
7274,test,0,0.30570007860660553,0.4070514842239699,19.51485735016269,9.028250854175791,2.561741836174149
7275,test,0,0.17286185920238498,0.4070514842239699,19.481381062113417,9.049838508726928,2.5762201365543436
7276,test,0,0.30448663234710693,0.4070514842239699,19.44760161723858,9.071092894364305,2.575990462080796
7277,test,0,0.2507103905081749,0.4070514842239699,19.413796566951,9.09288106776748,2.5617714003422294
7278,test,0,0.464337594807148,0.4070514842239699,19.380562771266064,9.114964299668207,2.548549567515152
7279,test,0,0.2884594425559044,0.4834045425552089,19.34736686956318,9.1374786901467,2.5498193115890526
7280,test,0,0.14339932799339297,0.4834045425552089,19.314079130377163,9.159488365754934,2.5654795918871134
7281,test,0,0.23274263739585882,0.4834045425552089,19.28060838060789,9.181048436952091,2.564270935992317
7282,test,0,0.18782070279121393,0.4834045425552089,19.24704699848282,9.203335644793054,2.5461311264794975
7283,test,0,0.39550440013408655,0.4834045425552089,19.21419873760107,9.226086745985631,2.52385619522077
7284,test,0,0.3119223713874817,0.4834045425552089,19.18169353474596,9.249521074064088,2.5208946816520745
7285,test,0,0.2639385238289833,0.4834045425552089,19.14895804061001,9.272474772711192,2.540580581377418
7286,test,0,0.361614353954792,0.493996652217285,19.116012581743554,9.294633995379035,2.555161606815182
7287,test,0,0.29338376224040985,0.493996652217285,19.082548108082396,9.316599468403966,2.568866442380722
7288,test,0,0.22988124750554562,0.493996652217285,19.0489286552602,9.337883696021299,2.586058040025161
7289,test,0,0.3431708589196205,0.493996652217285,19.0148535721444,9.358711983770373,2.5951266403569457
7290,test,0,0.3406418934464454,0.493996652217285,18.980636754603385,9.379445290549736,2.6011134274728325
7291,test,0,0.3456890434026718,0.493996652217285,18.946418491416924,9.399631455996307,2.6182985532659546
7292,test,0,0.30735495686531067,0.4405631001235267,18.911677444301006,9.41912795829771,2.643452831629446
7293,test,0,0.31174443662166595,0.4405631001235267,18.876516695555996,9.43766873087327,2.6691726450330586
7294,test,0,0.264309361577034,0.4405631001235267,18.840897807909215,9.455254286603108,2.6961050528840707
7295,test,0,0.28517207503318787,0.4405631001235267,18.804785277372762,9.471987113125337,2.716802409863221
7296,test,0,0.25685980543494225,0.4405631001235267,18.768270950414415,9.488165781106156,2.731096462663701
7297,test,0,0.307358605787158,0.4405631001235267,18.73162417161331,9.503836057937514,2.741942395448955
7298,test,0,0.2510912027209997,0.3946808154129127,18.69487634309055,9.51925428524116,2.745999449328237
7299,test,0,0.20963306166231632,0.3946808154129127,18.65793707930052,9.534601201406804,2.749511407809542
7300,test,0,0.20767528191208837,0.3946808154129127,18.621102355204613,9.549766451534794,2.7511619607064803
7301,test,0,0.20862410403788087,0.3946808154129127,18.58408397526485,9.564987165543311,2.75164809352688
7302,test,0,0.23823169432580468,0.3946808154129127,18.547111856891608,9.580128892964607,2.7539893220054044
7303,test,0,0.21336743421852591,0.3946808154129127,18.51023969570377,9.595167125533493,2.754557332941558
7304,test,0,0.24328597448766234,0.350110116421791,18.473152720432786,9.610239665662805,2.757107272294016
7305,test,0,0.26170383766293526,0.350110116421791,18.436215273309447,9.625096646519603,2.7599413527552032
7306,test,0,0.2403847258538008,0.350110116421791,18.39909847007355,9.639946544889455,2.7619693991064165
7307,test,0,0.23189560882747173,0.350110116421791,18.36193153706815,9.654702903012568,2.765586257510111
7308,test,0,0.24504797346889975,0.350110116421791,18.32490390929799,9.669267355098532,2.7674228692694633
7309,test,0,0.25310550071299076,0.350110116421791,18.287598087589714,9.683863617533472,2.7701115245197294
7310,test,0,0.22303175367414954,0.301062142128908,18.250448791909893,9.69822897084219,2.7739843051379243
7311,test,0,0.210370684042573,0.301062142128908,18.213182646583693,9.712518960894451,2.7768565815012085
7312,test,0,0.1808957476168871,0.301062142128908,18.175751569458786,9.72672707980562,2.7813765898023783
7313,test,0,0.24871291778981686,0.301062142128908,18.13849342977148,9.740660987897664,2.7849706592883887
7314,test,0,0.25046850740909576,0.301062142128908,18.100959202100398,9.75456928066834,2.7889795946527944
7315,test,0,0.24375322833657265,0.301062142128908,18.063449096125645,9.768225977570987,2.7960883106485253
7316,test,0,0.2465745210647583,0.2445747282945198,18.02595181601453,9.78156209619454,2.8044273733004665
7317,test,0,0.3165470734238625,0.2445747282945198,17.988068373228376,9.794627103185663,2.8154397880995865
7318,test,0,0.27186185866594315,0.2445747282945198,17.950335806801114,9.807121990130547,2.8272874661442766
7319,test,0,0.2564125005155802,0.2445747282945198,17.912287372213836,9.819282500898174,2.8363864632210483
7320,test,0,0.2946285065263509,0.2445747282945198,17.874053427189427,9.831184696358084,2.8427240115085786
7321,test,0,0.29926821403205395,0.2445747282945198,17.83598166578009,9.842833093802543,2.845862063585174
7322,test,0,0.2850159052759409,0.24888561462312933,17.797606280406182,9.854483196455016,2.8476144649677884
7323,test,0,0.24432696588337421,0.24888561462312933,17.759411884069387,9.86601173931895,2.8488733385987866
7324,test,0,0.24524643830955026,0.24888561462312933,17.72115798848888,9.87751290223395,2.850245324079295
7325,test,0,0.22143959440290928,0.24888561462312933,17.682713362897026,9.889001569667537,2.8529962911694824
7326,test,0,0.3041941337287426,0.24888561462312933,17.644553228274148,9.900253943186652,2.8563423770069316
7327,test,0,0.27475459501147265,0.24888561462312933,17.60610009107817,9.911458265612838,2.8598471727712194
7328,test,0,0.2515479791909456,0.24422699005306148,17.567691719213364,9.922502199083285,2.8637580933511475
7329,test,0,0.22981766611337662,0.24422699005306148,17.529322776480058,9.933359547889886,2.8675352683230613
7330,test,0,0.20424450002610683,0.24422699005306148,17.49067032663414,9.944170871758855,2.870072852923856
7331,test,0,0.24248302541673183,0.24422699005306148,17.45229755983865,9.954820319833816,2.8715996708311446
7332,test,0,0.22173745371401313,0.24422699005306148,17.413729162406916,9.96545433037107,2.873587659432181
7333,test,0,0.22491423785686496,0.24422699005306148,17.37511042497703,9.976020784128078,2.8757092922333225
7334,test,0,0.221699858084321,0.2311408567627217,17.33665138803893,9.986435801464493,2.8784175895809683
7335,test,0,0.20430858433246615,0.2311408567627217,17.297909346038185,9.99681471113869,2.881412264193796
7336,test,0,0.1888739187270403,0.2311408567627217,17.259360056568877,10.007026859560696,2.883955785889645
7337,test,0,0.1722486838698387,0.2311408567627217,17.220715059929347,10.01714880154918,2.8867357725270693
7338,test,0,0.16224474646151066,0.2311408567627217,17.181891606491284,10.027217034772043,2.8891559867471774
7339,test,0,0.1374077629297972,0.2311408567627217,17.143325764379295,10.037103278952536,2.891699894627641
7340,test,0,0.15108363330364227,0.2789672018532821,17.104492012486325,10.046965273620922,2.8939736237041407
7341,test,0,0.12166910059750081,0.2789672018532821,17.06573361518979,10.05673566666205,2.8950144369095674
7342,test,0,0.1050261203199625,0.2789672018532821,17.027027458478333,10.066448923635464,2.8961011459067123
7343,test,0,0.14503984712064266,0.2789672018532821,16.988089275526537,10.076191573205833,2.8966663054130346
7344,test,0,0.12304736487567425,0.2789672018532821,16.949444360844186,10.08583911773502,2.8972499719482308
7345,test,0,0.10649345628917217,0.2789672018532821,16.910605296796064,10.095492285143187,2.8985815915140574
7346,test,0,0.07480288483202457,0.2681341077879306,16.871746285766964,10.105104111848282,2.8993661406898212
7347,test,0,0.09129202179610728,0.2681341077879306,16.833041625808473,10.114630398909222,2.9009811123622016
7348,test,0,0.07787934690713882,0.2681341077879306,16.794075477098456,10.124156563155978,2.9027394809048213
7349,test,0,0.07185235805809498,0.2681341077879306,16.755334969107867,10.133554775871865,2.9044509926775417
7350,test,0,0.07478234730660915,0.2681341077879306,16.7164798958346,10.142890105115828,2.906922684703546
7351,test,0,0.06807938404381275,0.2681341077879306,16.677497637276534,10.15216967458851,2.9087049562033944
7352,test,0,0.04053730331361294,0.2195740444177699,16.638734129672258,10.161294034574619,2.911619991742045
7353,test,0,0.06180947087705135,0.2195740444177699,16.599706669636102,10.170369464397,2.9146770974216327
7354,test,0,0.09426394663751125,0.2195740444177699,16.56079820120469,10.179295153880279,2.9173611787410856
7355,test,0,0.03721972368657589,0.2195740444177699,16.521885174936546,10.188076938679687,2.9218999806913026
7356,test,0,0.03995085973292589,0.2195740444177699,16.482743898244678,10.196730489136923,2.925734089130966
7357,test,0,0.03528367727994919,0.2195740444177699,16.443827479615212,10.205181057297747,2.9299506439660865
7358,test,0,0.021598270628601313,0.16844821291184542,16.40469224627128,10.213486986129775,2.934825684525457
7359,test,0,0.025756496004760265,0.16844821291184542,16.365545148080688,10.22162591196248,2.9377495086163843
7360,test,0,0.06917882896959782,0.16844821291184542,16.326499679225762,10.229608940304761,2.9418026272248192
7361,test,0,0.062135929241776466,0.16844821291184542,16.287199658964347,10.23749398365737,2.9450230864774674
7362,test,0,0.004619952291250229,0.16844821291184542,16.24810989220921,10.2452380832288,2.947112262488511
7363,test,0,0.028772989287972443,0.16844821291184542,16.208886937973567,10.252893026451549,2.9504179953905108
7364,test,0,0.013823030516505241,0.12041278182853131,16.16960091103696,10.260451301476364,2.9518235038752385
7365,test,0,0.04361649416387081,0.12041278182853131,16.13044947964734,10.267912244878511,2.954725011034002
7366,test,0,0.008968451991677284,0.12041278182853131,16.091079459663696,10.27528134798342,2.958683151924982
7367,test,0,0.014900680631399155,0.12041278182853131,16.051858647211173,10.28245673295901,2.963226507815674
7368,test,0,0.005360376089811318,0.12041278182853131,16.012589439515445,10.289361217213271,2.97226162600021
7369,test,0,0.015283521264791489,0.12041278182853131,15.973181347270947,10.295910666717807,2.981282677674093
7370,test,0,0.013339810073375705,0.07994492977666903,15.93381045824286,10.302074003415617,2.9912681003109394
7371,test,0,0.008932532742619521,0.07994492977666903,15.894273733504573,10.3078470756065,3.0014764585698415
7372,test,0,0.005488540977239609,0.07994492977666903,15.854759790808266,10.313291991086,3.006800302190352
7373,test,0,0.027163451537489898,0.07994492977666903,15.815211056262696,10.318534247187644,3.0127319388052487
7374,test,0,0.010947277769446373,0.07994492977666903,15.775615173348388,10.323548488260984,3.017547418320587
7375,test,0,0.00013601779937743794,0.07994492977666903,15.735959058301269,10.328395230855866,3.022355892673212
7376,test,0,0.008568288758397102,0.04022414392846271,15.696291306932038,10.333018709434056,3.0286075500559417
7377,test,0,0.0005030445754528046,0.04022414392846271,15.656661644464457,10.337433190297746,3.032240852588659
7378,test,0,0.006885310634970665,0.04022414392846271,15.61695294362419,10.341683550655988,3.037857772954438
7379,test,0,0.004662357270717621,0.04022414392846271,15.577270877162167,10.345675778513504,3.043858850802547
7380,test,0,0.0074894279241561855,0.04022414392846271,15.537503609358096,10.349466559695417,3.0492815884038595
7381,test,0,0.009933032095432281,0.04022414392846271,15.497739549587113,10.352997915946336,3.0568298040987414
7382,test,0,0.0077905915677547455,0.01887147502639425,15.458005183302056,10.356265733616189,3.0606765308548405
7383,test,0,0.016118671745061874,0.01887147502639425,15.418125400583351,10.359441676727778,3.063382785157625
7384,test,0,0.016983462497591972,0.01887147502639425,15.378327462625288,10.362483381408778,3.066282989445742
7385,test,0,0.016605151817202568,0.01887147502639425,15.33851328523263,10.365472982472625,3.066758615961213
7386,test,0,0.024380620568990707,0.01887147502639425,15.298640695011363,10.36841971558283,3.069252411916547
7387,test,0,0.04749629460275173,0.01887147502639425,15.258863611933851,10.371258756540655,3.06984056976624
7388,test,0,0.09020699560642242,0.004859073301912102,15.218921609880951,10.374149090515331,3.0681327721997236
7389,test,0,0.09973623231053352,0.004859073301912102,15.179034481640025,10.377140082655794,3.063577962941547
7390,test,0,0.11064478754997253,0.004859073301912102,15.139219655466455,10.380456166270097,3.0528087686903294
7391,test,0,0.07981930486857891,0.004859073301912102,15.099332693831933,10.384199792886976,3.04367963713541
7392,test,0,0.09170898422598839,0.004859073301912102,15.059546836380159,10.388282104674898,3.03309392454873
7393,test,0,0.11214079707860947,0.004859073301912102,15.019725507246836,10.39288308049204,3.0199717878258494
7394,test,0,0.09293538331985474,0.03591459516009417,14.980008847488518,10.397968118433795,3.008217095943321
7395,test,0,0.03216560557484627,0.03591459516009417,14.94042890762994,10.403533304151981,2.9954373047859333
7396,test,0,0.05554182827472687,0.03591459516009417,14.900894418165725,10.409554102405913,2.9858237217704384
7397,test,0,0.0887380987405777,0.03591459516009417,14.861285182020685,10.415978593362759,2.9742405758194512
7398,test,0,0.07438808679580688,0.03591459516009417,14.821861841673293,10.422987820173454,2.956217947754729
7399,test,0,0.07251137122511864,0.03591459516009417,14.782581914798902,10.4307196818371,2.937158602731754
7400,test,0,0.08715886995196342,0.07950725023241853,14.743196419725459,10.439348302793364,2.912695117710718
7401,test,0,0.06754661351442337,0.07950725023241853,14.70436052997098,10.448968346692508,2.8850274602136947
7402,test,0,0.08223395049571991,0.07950725023241853,14.665593523251623,10.459688716450493,2.8585373273283827
7403,test,0,0.09167950972914696,0.07950725023241853,14.627076592279444,10.47144165488283,2.8318299692621727
7404,test,0,0.08055698871612547,0.07950725023241853,14.589113548987926,10.484179705362907,2.8035227174850905
7405,test,0,0.1034734807908535,0.07950725023241853,14.55124877697277,10.498112117595413,2.7739162716876864
7406,test,0,0.06385185196995735,0.1588887831942446,14.514069986679127,10.513016614755045,2.7468315636566274
7407,test,0,0.06203431636095047,0.1588887831942446,14.47720117295342,10.52892839248203,2.722084608907383
7408,test,0,0.07175980508327484,0.1588887831942446,14.44070660881456,10.54567721490677,2.7012340113411635
7409,test,0,0.058219898492097855,0.1588887831942446,14.404683677105266,10.56308772135357,2.680832420858628
7410,test,0,0.05522357299923897,0.1588887831942446,14.368921708583981,10.581287698578947,2.6607597864355066
7411,test,0,0.07335373247042298,0.1588887831942446,14.333526103820953,10.600160784683194,2.6431233668513126
7412,test,0,0.025098930927924812,0.18803624899804958,14.298545037787655,10.619602121315157,2.625972001259904
7413,test,0,0.014131873846054077,0.18803624899804958,14.263892088387696,10.639489267996684,2.6172623606009884
7414,test,0,0.03914637304842472,0.18803624899804958,14.22923678122506,10.659619095110331,2.6134999670271917
7415,test,0,0.00368354469537735,0.18803624899804958,14.19481663814221,10.679810555149272,2.6088449463196994
7416,test,0,0.04007801972329616,0.18803624899804958,14.160421368735673,10.700150191244514,2.6061731205900336
7417,test,0,0.0538028609007597,0.18803624899804958,14.12602557545094,10.720618655392988,2.602549587844087
7418,test,0,0.03658223804086447,0.14803464035627292,14.091813652292778,10.741130234362556,2.600840699802094
7419,test,0,0.12239810824394226,0.14803464035627292,14.057486026011826,10.761707625575418,2.6038589777638568
7420,test,0,0.0008086469024419785,0.14803464035627292,14.023167029010814,10.782049917192849,2.6097740037702444
7421,test,0,0.01894700713455677,0.14803464035627292,13.988746599616983,10.802106690630815,2.616614229930328
7422,test,0,0.06328030861914158,0.14803464035627292,13.954117447448281,10.822096423470786,2.6176063216972336
7423,test,0,0.028026089072227478,0.14803464035627292,13.919559597752574,10.842069861095181,2.6177773164907094
7424,test,0,0.03335608541965486,0.08623131278110119,13.884921217075076,10.862089074926217,2.6149774274271955
7425,test,0,0.019167110323905938,0.08623131278110119,13.85037596004178,10.88241423658584,2.602181998350432
7426,test,0,0.003819204866886139,0.08623131278110119,13.816237788352332,10.903190511201771,2.5875781857964197
7427,test,0,0.038485348224639906,0.08623131278110119,13.782194262245392,10.924627308955545,2.570129983486993
7428,test,0,0.015631966292858124,0.08623131278110119,13.748775102661229,10.94663540758194,2.547761509631387
7429,test,0,0.010537263005971909,0.08623131278110119,13.715788625772031,10.969401984586327,2.528353899035752
7430,test,0,0.04520087689161301,0.05748083427233251,13.683051298965111,10.992821327104352,2.514539796705209
7431,test,0,0.0968569831456989,0.05748083427233251,13.650894813978473,11.016419922821012,2.5011813299970904
7432,test,0,0.14037112891674042,0.05748083427233251,13.618855562775074,11.040710481426576,2.48318685463943
7433,test,0,0.11839275993406773,0.05748083427233251,13.587425757294872,11.065573381992136,2.4579045144986478
7434,test,0,0.03328446112573147,0.05748083427233251,13.556725207958547,11.091338775208037,2.4321278799583532
7435,test,0,0.03081499040126802,0.05748083427233251,13.526306120160356,11.117762608381511,2.427330120678443
7436,test,0,0.012523170560598373,0.05748083427233251,13.496192814707737,11.143673916391412,2.434694928549972
7437,test,0,0.04165972024202348,0.04021933855509681,13.465700829230505,11.169508587769599,2.4424505280019067
7438,test,0,0.06085649132728578,0.04021933855509681,13.434991335799424,11.19512245043239,2.4504430830874107
7439,test,0,0.039423294365406036,0.04021933855509681,13.40424595839887,11.220380288100397,2.4571379276198906
7440,test,0,0.027965530753135695,0.04021933855509681,13.373100130548792,11.245607914335721,2.4659354630111827
7441,test,0,0.010762449353933327,0.04021933855509681,13.341898154368941,11.270336200296468,2.47647152785704
7442,test,0,0.046248078346252455,0.04021933855509681,13.310387312369189,11.294798781679948,2.4863970896476
7443,test,0,0.04268651455640793,0.04021933855509681,13.278484000861434,11.319078784328447,2.4977838051752763
7444,test,0,0.03430283069610596,0.023862343815741413,13.246580341968919,11.342700667774297,2.510184707974809
7445,test,0,0.04315172880887985,0.023862343815741413,13.214148149586837,11.366133787387334,2.521481612272336
7446,test,0,0.07299493253231049,0.023862343815741413,13.18159694310386,11.389121832446893,2.5331467689571023
7447,test,0,0.03339400887489319,0.023862343815741413,13.148790367641778,11.411597035204059,2.5501648472113523
7448,test,0,0.0046373456716537476,0.023862343815741413,13.115389069923435,11.433534020290809,2.572120143840392
7449,test,0,0.010019809007644653,0.023862343815741413,13.081699618364597,11.454514331201358,2.598469913718695
7450,test,0,0.02384696900844574,0.023862343815741413,13.047358532586879,11.474547703824575,2.6286945051896815
7451,test,0,0.05590875819325447,0.01591629492220226,13.012385618412509,11.493710886569696,2.647631425541848
7452,test,0,0.06962473690509796,0.01591629492220226,12.97719766652874,11.512357717846951,2.659815745263671
7453,test,0,0.05524323135614395,0.01591629492220226,12.941773328937058,11.530635797065527,2.6701825729859965
7454,test,0,0.031562402844429,0.01591629492220226,12.906098145789262,11.54855395434885,2.683072904871539
7455,test,0,0.019035987555980682,0.01591629492220226,12.870253517981666,11.565808939884155,2.704722181098218
7456,test,0,0.005134783685207367,0.01591629492220226,12.834092259972925,11.582214681571777,2.7252775461895467
7457,test,0,0.03809757530689241,0.014553169705016487,12.797424009252412,11.59802517172428,2.7432168334603495
7458,test,0,0.0325639471411705,0.014553169705016487,12.760628935828244,11.613152991492715,2.7579429025560356
7459,test,0,0.0006283335387706687,0.014553169705016487,12.723515859675022,11.627901730177513,2.768279611697975
7460,test,0,0.030867733061313643,0.014553169705016487,12.686235836017035,11.64229201453094,2.7778526789092575
7461,test,0,0.038015350699424744,0.014553169705016487,12.649022843218804,11.65630860424243,2.7845486121527854
7462,test,0,0.019877441227436073,0.014553169705016487,12.611435810926016,11.670188866675197,2.7915549801776924
7463,test,0,0.027704239822924137,0.019054251259133417,12.573966539884701,11.683678814035469,2.7999280430648175
7464,test,0,0.005935009568929679,0.019054251259133417,12.536322113392323,11.696897320800309,2.8078846091158187
7465,test,0,0.004000168293714523,0.019054251259133417,12.498405441340179,11.709874442666875,2.816638962712524
7466,test,0,0.05665837042033672,0.019054251259133417,12.460687095435526,11.722401780017872,2.824353675094304
7467,test,0,0.001496538519859314,0.019054251259133417,12.42260882815756,11.734757928203422,2.831452892502315
7468,test,0,0.0028773210942745174,0.019054251259133417,12.384559977743704,11.746813953743963,2.837524334763536
7469,test,0,0.005674250423908234,0.032032797201200156,12.346487543957393,11.758662566823567,2.8418020538885345
7470,test,0,0.03928806819021702,0.032032797201200156,12.308126786538258,11.770451585822416,2.8453581019415606
7471,test,0,0.025249880738556385,0.032032797201200156,12.270029444314376,11.782011079594978,2.8484456311112893
7472,test,0,0.015412641689181328,0.032032797201200156,12.231714189759076,11.793513680296282,2.851360431154571
7473,test,0,0.009304400533437729,0.032032797201200156,12.193344817724459,11.804920899257544,2.8542409709859102
7474,test,0,0.05880426801741124,0.032032797201200156,12.155115004265564,11.816152463149692,2.857051946739848
7475,test,0,0.06002009101212024,0.028162922803287957,12.116602312883325,11.827362781732491,2.8598151650251267
7476,test,0,0.041258325800299644,0.028162922803287957,12.078291399948618,11.838400324351822,2.862666863098293
7477,test,0,0.03908383660018444,0.028162922803287957,12.039869176894536,11.849332346428334,2.865978723677832
7478,test,0,0.0301042664796114,0.028162922803287957,12.001261043523813,11.860197397753094,2.868770945718363
7479,test,0,0.054875774309039116,0.028162922803287957,11.962909819183299,11.870862924733272,2.8714904089141555
7480,test,0,0.03927786089479923,0.028162922803287957,11.924280919903078,11.881505864213768,2.8738666716172445
7481,test,0,0.012338796630501747,0.013215339809505606,11.885735130691689,11.892046636041442,2.875357090135932
7482,test,0,0.08824620954692364,0.013215339809505606,11.847227620202286,11.902499745429095,2.8776380652283957
7483,test,0,0.07650171406567097,0.013215339809505606,11.808475609999077,11.912929260184333,2.879803163041997
7484,test,0,0.05816689319908618,0.013215339809505606,11.770003517640669,11.923196662250298,2.881665754436383
7485,test,0,0.03827637992799282,0.013215339809505606,11.731317510516902,11.933434396323769,2.8840894194160183
7486,test,0,0.022812929935753345,0.013215339809505606,11.692608415333853,11.943586679852332,2.8857467500717724
7487,test,0,0.08874124102294445,0.007296549415993444,11.654036592906282,11.953628110994563,2.887778428077503
7488,test,0,0.0744875017553568,0.007296549415993444,11.615199253158147,11.963667085440633,2.8894409084311485
7489,test,0,0.05940319411456585,0.007296549415993444,11.576591348421038,11.97358814160945,2.8904553713147023
7490,test,0,0.12196611054241659,0.007296549415993444,11.537869013360352,11.983482107587196,2.8923772689883314
7491,test,0,0.09902878291904926,0.007296549415993444,11.49902949678651,11.993332777578651,2.8937132162905814
7492,test,0,0.10620942898094654,0.007296549415993444,11.460404510811756,12.003050688060968,2.8959512606775992
7493,test,0,0.05324854515492916,0.01991808942081034,11.421523107002802,12.012750929679678,2.8982525679462174
7494,test,0,0.04414846561849117,0.01991808942081034,11.382752578478513,12.02234356407234,2.89924859159871
7495,test,0,0.1419713068753481,0.01991808942081034,11.343996237290051,12.031882108830668,2.9011924071438413
7496,test,0,0.11625046469271182,0.01991808942081034,11.305037426318107,12.041386752419442,2.903242545630063
7497,test,0,0.10676532424986362,0.01991808942081034,11.266326434387093,12.050739114290623,2.9056871030311306
7498,test,0,0.11924196220934391,0.01991808942081034,11.227400080068096,12.060031586812011,2.9089006959868726
7499,test,0,0.09520823322236538,0.03702880324776929,11.188472726986758,12.06920876428113,2.910573577255883
7500,test,0,0.08858593367040157,0.03702880324776929,11.149658908779639,12.078269492714815,2.9137909597178813
7501,test,0,0.1427857559174299,0.03702880324776929,11.110582964313632,12.087262770674414,2.91686680207725
7502,test,0,0.12094531022012234,0.03702880324776929,11.071727217096948,12.096099009733527,2.9191000889706795
7503,test,0,0.11933147348463535,0.03702880324776929,11.032730817239074,12.104850634546874,2.9224438109703437
7504,test,0,0.11210345663130283,0.03702880324776929,10.993656370832923,12.113502972686236,2.9241529371364035
7505,test,0,0.10041938535869122,0.06543034258895783,10.95473396820093,12.122042642642064,2.9267899589805153
7506,test,0,0.09241989813745023,0.06543034258895783,10.91557614271612,12.13053542611537,2.9289540140214627
7507,test,0,0.07544899173080921,0.06543034258895783,10.876570201453813,12.138941826985956,2.929535028819319
7508,test,0,0.05731780268251896,0.06543034258895783,10.837530959496188,12.147291583674663,2.9322650634933387
7509,test,0,0.1375697311013937,0.06543034258895783,10.798371652444503,12.155553755574994,2.934383730072351
7510,test,0,0.120324844494462,0.06543034258895783,10.759347025702363,12.163695713672627,2.937288704752093
7511,test,0,0.0992621760815382,0.06370606896275964,10.72014485501804,12.171745939744062,2.9407990161815882
7512,test,0,0.07707888074219227,0.06370606896275964,10.680982420164348,12.179676752873588,2.9418397289395473
7513,test,0,0.1037242952734232,0.06370606896275964,10.641883436212376,12.187541884897797,2.944128062715292
7514,test,0,0.08830142579972744,0.06370606896275964,10.602608131356487,12.195355956830179,2.9455770340148675
7515,test,0,0.09212099947035311,0.06370606896275964,10.56348967921576,12.203107146760797,2.946549510601138
7516,test,0,0.08680013008415699,0.06370606896275964,10.524260983617733,12.210798883948037,2.949544698112554
7517,test,0,0.08245513401925564,0.06785478512143767,10.48502278975622,12.218385047049045,2.950902697574234
7518,test,0,0.03262394852936268,0.06785478512143767,10.445861536656482,12.22588106794812,2.953985182983757
7519,test,0,0.10854096524417399,0.06785478512143767,10.406504475539718,12.233284672169605,2.9567318584016222
7520,test,0,0.05692200921475887,0.06785478512143767,10.367294833151194,12.240605759082111,2.957256698784111
7521,test,0,0.05263393558561801,0.06785478512143767,10.328029838030579,12.247870180256806,2.9600636950989427
7522,test,0,0.051067477092146873,0.06785478512143767,10.288706369290926,12.255041762525485,2.9612553907611527
7523,test,0,0.155779542401433,0.08352908858119135,10.249446862610952,12.26215714847235,2.963604301645415
7524,test,0,0.13686630688607693,0.08352908858119135,10.210052811847785,12.269167153393141,2.967493452108589
7525,test,0,0.12669469974935055,0.08352908858119135,10.170735278884974,12.27603435167493,2.9692849081899277
7526,test,0,0.10441497899591923,0.08352908858119135,10.131418587280058,12.282798033994299,2.9731063578586814
7527,test,0,0.09146207012236118,0.08352908858119135,10.09201626916786,12.289425911843425,2.9758098535520014
7528,test,0,0.09179511480033398,0.08352908858119135,10.052624474820805,12.295956318142382,2.9788808887701204
7529,test,0,0.08380335383117199,0.10005515310715657,10.013176039280527,12.302333544585629,2.9839924695638427
7530,test,0,0.08527586050331593,0.10005515310715657,9.973737979334105,12.308531606247742,2.9866120551145823
7531,test,0,0.05033699423074722,0.10005515310715657,9.934299911777604,12.31460444048417,2.991291429030373
7532,test,0,0.07020871527493,0.10005515310715657,9.894783506237664,12.320476598902435,2.995839430368059
7533,test,0,0.029441452585160732,0.10005515310715657,9.855254639984656,12.326219942441286,2.9984815827122615
7534,test,0,0.06603951565921307,0.10005515310715657,9.815727269169718,12.331820713233013,3.0034136856291593
7535,test,0,0.06834211014211178,0.09191137609548855,9.776192689325828,12.337240755930013,3.0061568493429
7536,test,0,0.03580487333238125,0.09191137609548855,9.736595367343286,12.342567716150421,3.0099211334285214
7537,test,0,0.058623047545552254,0.09191137609548855,9.696968154414957,12.34770381802346,3.014882607496181
7538,test,0,0.032713198103010654,0.09191137609548855,9.657384063376838,12.352700100469749,3.0171621476713204
7539,test,0,0.08974218182265759,0.09191137609548855,9.61774979833687,12.357565983001463,3.0219818079172396
7540,test,0,0.11805309355258942,0.09191137609548855,9.578148784507396,12.362218890692457,3.026411264550926
7541,test,0,0.12487316876649857,0.05391963324388699,9.538424983131405,12.366713733792361,3.031649700608397
7542,test,0,0.1212775632739067,0.05391963324388699,9.498729588555795,12.370933300113142,3.039692828606227
7543,test,0,0.11187531799077988,0.05391963324388699,9.459084942325768,12.37487447856408,3.0453253343419253
7544,test,0,0.12401500344276428,0.05391963324388699,9.419295968074353,12.378572086487589,3.052721444341193
7545,test,0,0.0700724646449089,0.05391963324388699,9.379625294115922,12.38194623010153,3.059504561926537
7546,test,0,0.0683196187019348,0.05391963324388699,9.33976643932719,12.38510139837571,3.065691825022496
7547,test,0,0.05916009098291397,0.0313221901236362,9.29993759052751,12.387962151771589,3.0743008702338774
7548,test,0,0.05025681480765343,0.0313221901236362,9.260230383595058,12.390502513790658,3.0809746637977713
7549,test,0,0.0387198105454445,0.0313221901236362,9.220263871376737,12.39277316627365,3.0890902645342937
7550,test,0,0.02697403728961946,0.0313221901236362,9.180537445394211,12.39465452772549,3.098594615408291
7551,test,0,0.0033293217420578003,0.0313221901236362,9.140642659549172,12.396180434521606,3.108919884074255
7552,test,0,0.03013650327920913,0.0313221901236362,9.100639107672322,12.397221180772593,3.1233557911632754
7553,test,0,0.021869070827960954,0.04522091263401314,9.060952329870993,12.39762614087155,3.139626745396209
7554,test,0,0.02462643012404442,0.04522091263401314,9.02094876614609,12.397368774334906,-3.1266147439332532
7555,test,0,0.0367856789380312,0.04522091263401314,8.98109960180306,12.396447807057914,-3.11133814638232
7556,test,0,0.031745508313179016,0.04522091263401314,8.941270914812659,12.394987000427927,-3.0989563846260624
7557,test,0,0.001662086695432663,0.04522091263401314,8.901205881076919,12.393080566011939,-3.0878633741055617
7558,test,0,0.00658152811229229,0.04522091263401314,8.861536134991061,12.390740939782852,-3.0781364281363177
7559,test,0,0.0027321092784404755,0.04072282890900748,8.821604993175123,12.388046115957616,-3.0708232592103357
7560,test,0,0.011707117781043053,0.04072282890900748,8.781700963917052,12.385116339299433,-3.0657102145389072
7561,test,0,0.02155232336372137,0.04072282890900748,8.74195148465202,12.382019864457279,-3.062552469226568
7562,test,0,0.023391099646687508,0.04072282890900748,8.70193927014335,12.37881048363121,-3.060441336260563
7563,test,0,0.03457256220281124,0.04072282890900748,8.662245282278477,12.375537485908763,-3.058377218503434
7564,test,0,0.03652250953018665,0.04072282890900748,8.62238147294379,12.372181379103576,-3.0572970509403707
7565,test,0,0.033332845196127885,0.03362711917828967,8.582436063374304,12.368805796846079,-3.0571050021236537
7566,test,0,0.035914359614253044,0.03362711917828967,8.542734826950767,12.365442422982172,-3.0576324063240565
7567,test,0,0.027254315093159676,0.03362711917828967,8.502740969025826,12.362101809525857,-3.0592465253062144
7568,test,0,0.038720978423953056,0.03362711917828967,8.462945660127758,12.358854834407408,-3.0607916051513104
7569,test,0,0.042008621618151665,0.03362711917828967,8.423109613016369,12.355654374811337,-3.062359538973553
7570,test,0,0.011189734563231468,0.03362711917828967,8.383057406047078,12.352517120615484,-3.063844361312419
7571,test,0,0.00811058608815074,0.02356766800825118,8.343371037184856,12.349439243829258,-3.065296184188512
7572,test,0,0.006527613033540547,0.02356766800825118,8.303398309396849,12.34642027141005,-3.0673056387292728
7573,test,0,0.008655855432152748,0.02356766800825118,8.26350651511093,12.343487139882784,-3.068606038194862
7574,test,0,0.007816929370164871,0.02356766800825118,8.223697129320389,12.340603254855713,-3.070171458889614
7575,test,0,0.008248858153820038,0.02356766800825118,8.183627309837055,12.337772430899602,-3.0718048839673853
7576,test,0,0.008123785257339478,0.02356766800825118,8.143876460703796,12.33501266258766,-3.0729270110336833
7577,test,0,0.00584498047828674,0.011275272221811135,8.103938080489035,12.332291623087778,-3.0744448246543996
7578,test,0,0.0036277174949645996,0.011275272221811135,8.063954088963163,12.329643222137394,-3.0757093264448248
7579,test,0,0.007839210331439972,0.011275272221811135,8.02415825658959,12.327054603990646,-3.077919585312308
7580,test,0,0.010246033780276775,0.011275272221811135,7.984087716183893,12.324547134555086,-3.080401350392965
7581,test,0,0.008330225478857756,0.011275272221811135,7.944246371698872,12.322149844638579,-3.082422582772326
7582,test,0,0.006188022904098033,0.011275272221811135,7.904329684679768,12.319837520516769,-3.085258688182466
7583,test,0,0.002011415548622608,0.003506265147753548,7.864238589905201,12.317641867079647,-3.0873947783716744
7584,test,0,0.006740882992744446,0.003506265147753548,7.824452643063421,12.315509359490404,-3.0892557846254185
7585,test,0,0.0087871253490448,0.003506265147753548,7.7844058817006445,12.313450158362997,-3.091451854524334
7586,test,0,0.005514755845069885,0.003506265147753548,7.7444651520721255,12.311479187586729,-3.092809940220014
7587,test,0,0.010125339031219479,0.003506265147753548,7.70458042195666,12.30957466270051,-3.0952396970454448
7588,test,0,0.0017196089029312134,0.003506265147753548,7.664451534553163,12.30776865043929,-3.097500931524505
7589,test,0,0.0067649222910404205,0.012853851942196941,7.624633297217859,12.306032681335848,-3.0993541371370488
7590,test,0,0.008141309022903442,0.012853851942196941,7.58461405473,12.304398493335624,-3.1025277224393624
7591,test,0,0.002039197832345966,0.012853851942196941,7.544578080825117,12.30289183013763,-3.1049441207361608
7592,test,0,0.00988764688372612,0.012853851942196941,7.504710405967866,12.301496613415173,-3.108489635958703
7593,test,0,0.003720667213201521,0.012853851942196941,7.464571240039324,12.30024525357733,-3.1124117224844605
7594,test,0,0.005473132710903883,0.012853851942196941,7.424694988787934,12.299122164898327,-3.114756456655773
7595,test,0,0.006356615107506514,0.012528481816392826,7.384713335174623,12.298100602710914,-3.1174892505237226
7596,test,0,0.004875635728240013,0.012528481816392826,7.344647059994743,12.297180616315908,-3.1190212386306686
7597,test,0,0.014941705390810966,0.012528481816392826,7.304784078258596,12.296303310808891,-3.1207169047453234
7598,test,0,0.003549203276634218,0.012528481816392826,7.264697720522435,12.29548579278646,-3.1215586882227613
7599,test,0,0.010006376542150973,0.012528481816392826,7.2247812329588745,12.294665652418113,-3.121219204719836
7600,test,0,0.013254527002573013,0.012528481816392826,7.1848547351578365,12.293871370101462,-3.1223405135880262
7601,test,0,0.011569607071578503,0.013881051821389667,7.144753145057824,12.29310868311442,-3.1222193983180437
7602,test,0,0.00996575504541397,0.013881051821389667,7.104912997670614,12.292310277385909,-3.1219893820653324
7603,test,0,0.011309908702969551,0.013881051821389667,7.064872848005425,12.291535345227054,-3.1226934216182483
7604,test,0,0.01663021557033062,0.013881051821389667,7.024867867964014,12.290765015141668,-3.121828296835561
7605,test,0,0.012517556548118591,0.013881051821389667,6.98499278241807,12.289980782602063,-3.1224771459990657
7606,test,0,0.024493100121617317,0.013881051821389667,6.944873462590898,12.289226299242628,-3.122782221240139
7607,test,0,0.024276832118630413,0.014458570856030856,6.905026114852274,12.288435457322398,-3.1215903608879048
7608,test,0,0.024738548323512077,0.014458570856030856,6.865043752324329,12.287625859315186,-3.121390276964932
7609,test,0,0.02563604153692722,0.014458570856030856,6.825002575552557,12.286805517308144,-3.1203523161015725
7610,test,0,0.01970235630869865,0.014458570856030856,6.78514786792822,12.285939465126877,-3.120049548926118
7611,test,0,0.024243662133812904,0.014458570856030856,6.745062340421288,12.285063607264892,-3.1193023595851654
7612,test,0,0.0033276304602623003,0.014458570856030856,6.705165623559417,12.284118546181299,-3.1170018495003013
7613,test,0,0.0037681013345718384,0.007656757511498778,6.665247791963419,12.283105279292036,-3.115360171046983
7614,test,0,0.006099250167608265,0.007656757511498778,6.625165260095667,12.282008310633534,-3.1122345899915076
7615,test,0,0.05574333481490612,0.007656757511498778,6.585365947607486,12.28076137829591,-3.1093337832123717
7616,test,0,0.03743397630751133,0.007656757511498778,6.545341282055329,12.279427747054651,-3.107247265172329
7617,test,0,0.04579566977918148,0.007656757511498778,6.505381223092301,12.277994077327264,-3.1037407837868156
7618,test,0,0.037819573655724525,0.007656757511498778,6.4655359756211075,12.276429240907538,-3.1013654819265257
7619,test,0,0.07589088566601276,0.00846842322823666,6.4254400970365735,12.274775978782772,-3.0989137674639773
7620,test,0,0.07378516905009747,0.00846842322823666,6.385648152996095,12.272998940889012,-3.0954191797688773
7621,test,0,0.07568377070128918,0.00846842322823666,6.34570090842049,12.271100098010125,-3.0928975752823678
7622,test,0,0.07009954936802387,0.00846842322823666,6.305686212094639,12.269106071390315,-3.0896988903323805
7623,test,0,0.12239590846002102,0.00846842322823666,6.265903251322358,12.266988686819216,-3.087673749473999
7624,test,0,0.10271059907972811,0.00846842322823666,6.225857589903204,12.26479093883837,-3.0857682694126445
7625,test,0,0.1046870332211256,0.001217114373496821,6.186023965695623,12.262506773676149,-3.0824597020192375
7626,test,0,0.08592795394361019,0.001217114373496821,6.146166096576459,12.260081553323776,-3.079230170251406
7627,test,0,0.1515787299722433,0.001217114373496821,6.106116391835335,12.257523814667351,-3.0751052977462954
7628,test,0,0.1345626339316368,0.001217114373496821,6.066444765398516,12.254763027397333,-3.06929909055276
7629,test,0,0.12145153433084488,0.001217114373496821,6.026523733942389,12.251748122287347,-3.0626109553628194
7630,test,0,0.10607905313372609,0.001217114373496821,5.986713318991207,12.248458832736189,-3.0548402555460212
7631,test,0,0.060672640800476074,0.009293638522183647,5.947055386787363,12.24483584907191,-3.0455839136423855
7632,test,0,0.03675183653831482,0.009293638522183647,5.907163563589603,12.240785716167593,-3.033633430307265
7633,test,0,0.11047975718975067,0.009293638522183647,5.867687109772761,12.236239742687317,-3.0200130059864834
7634,test,0,0.11273735016584399,0.009293638522183647,5.828104145668289,12.231121835196193,-3.0061124348654356
7635,test,0,0.07993425428867337,0.009293638522183647,5.7884918364712705,12.22547205727075,-2.993829959557798
7636,test,0,0.052086904644966125,0.009293638522183647,5.749245116550108,12.219367224100179,-2.9817095465476178
7637,test,0,0.04735641926527022,0.030747167046257445,5.7097544777354186,12.212793485654872,-2.9718926271268864
7638,test,0,0.020964819937944412,0.030747167046257445,5.6705273993187015,12.205921034026403,-2.9644513592755097
7639,test,0,0.03864537738263607,0.030747167046257445,5.6312763245061115,12.198738430268305,-2.9569769600985514
7640,test,0,0.10232516936957836,0.030747167046257445,5.5919335831832875,12.191273145597718,-2.9522475070773337
7641,test,0,0.08391167037189007,0.030747167046257445,5.552852220455998,12.183693657337143,-2.9478533056768916
7642,test,0,0.06593076698482035,0.030747167046257445,5.513600198305553,12.175908387945316,-2.9441559237326445
7643,test,0,0.06637505255639553,0.05840728700846688,5.474411072680253,12.168039882891318,-2.9434591191214747
7644,test,0,0.059524448588490486,0.05840728700846688,5.435334545204305,12.160154515316002,-2.9424539644099807
7645,test,0,0.04492984898388386,0.05840728700846688,5.3960545920623035,12.152251699926481,-2.9451116812206104
7646,test,0,0.026669568032957613,0.05840728700846688,5.356933939725286,12.144555022663578,-2.9496748587390864
7647,test,0,0.028995348140597343,0.05840728700846688,5.317611952564735,12.137004501692253,-2.9541697507167264
7648,test,0,0.012845686636865139,0.05840728700846688,5.278222589795981,12.12965113022508,-2.9604586381446
7649,test,0,0.12195002101361749,0.05956686985715585,5.239004080025984,12.122550329420186,-2.964483818691203
7650,test,0,0.028087938204407692,0.05956686985715585,5.199504796860519,12.115543743192694,-2.967784325251638
7651,test,0,0.07210478372871876,0.05956686985715585,5.160215273131146,12.108707324764513,-2.9700306689050295
7652,test,0,0.036710387095808976,0.05956686985715585,5.12084027222858,12.101882416448914,-2.9700046380494465
7653,test,0,0.031034970656037324,0.05956686985715585,5.0813691362764,12.0950379660145,-2.9701093472844007
7654,test,0,0.030857080593705177,0.05956686985715585,5.0421505968290345,12.088203451000274,-2.9679988381951583
7655,test,0,0.023756688460707664,0.059168499368099606,5.002722518875358,12.081224611992798,-2.964081184538299
7656,test,0,0.010531829670071602,0.059168499368099606,4.96344414056395,12.07409464204961,-2.9600367108585375
7657,test,0,0.04690822772681712,0.059168499368099606,4.924274628301883,12.06677563009409,-2.9536423176444044
7658,test,0,0.0338705163449049,0.059168499368099606,4.884975049748271,12.05917749919592,-2.948184647202775
7659,test,0,0.009783867746591575,0.059168499368099606,4.845912025513198,12.05141570501606,-2.9424408105887774
7660,test,0,0.04301842302083969,0.059168499368099606,4.80676543758461,12.043375090994532,-2.935354543493569
7661,test,0,0.03572160750627518,0.04597639452928378,4.767672217912361,12.035078651626533,-2.92993608800743
7662,test,0,0.07431273162364958,0.04597639452928378,4.728787214198878,12.026564674937843,-2.922394484379339
7663,test,0,0.03597314655780792,0.04597639452928378,4.689804030109125,12.017724668145943,-2.915172010284093
7664,test,0,0.05706612765789032,0.04597639452928378,4.650970410520063,12.008626863751454,-2.9069442980363487
7665,test,0,0.037921994924545274,0.04597639452928378,4.612254805300999,11.999135133753754,-2.8947418148985813
7666,test,0,0.055381879210472135,0.04597639452928378,4.573641174076873,11.989145308732205,-2.882341569279234
7667,test,0,0.025393143296241746,0.017196434683111623,4.535189324038622,11.978646797575852,-2.866959785469897
7668,test,0,0.05935721844434738,0.017196434683111623,4.49695342403865,11.967503451193995,-2.8493448868718723
7669,test,0,0.03525105863809587,0.017196434683111623,4.458841319535203,11.955708055626635,-2.8336090225126305
7670,test,0,0.06469721347093582,0.017196434683111623,4.4209825573328745,11.943296955446508,-2.8158151270725336
7671,test,0,0.03844672441482544,0.017196434683111623,4.383421555390223,11.930253505384925,-2.7996237929268797
7672,test,0,0.05886378884315491,0.017196434683111623,4.345846005263699,11.916544614434935,-2.7836140909825655
7673,test,0,0.08749287575483322,0.01582313187994362,4.308750127673579,11.902283155613137,-2.7661877758327296
7674,test,0,0.06110710650682449,0.01582313187994362,4.271802140285601,11.8873827301954,-2.7504044272610466
7675,test,0,0.10635100305080414,0.01582313187994362,4.234919230956176,11.871847865357877,-2.734279514488944
7676,test,0,0.11006668955087659,0.01582313187994362,4.1985652718056725,11.855845681112013,-2.7209875649693993
7677,test,0,0.12421616911888123,0.01582313187994362,4.162109958483862,11.839323547277097,-2.711887388348256
7678,test,0,0.12865459918975833,0.01582313187994362,4.125878614931107,11.822563968552382,-2.7041419158093296
7679,test,0,0.13512980937957766,0.01238405445600982,4.089855125439817,11.805541236566537,-2.695811891197532
7680,test,0,0.14008695632219315,0.01238405445600982,4.053739364145368,11.78809272804417,-2.6860897704401343
7681,test,0,0.10036016255617142,0.01238405445600982,4.018166677453638,11.77041641084639,-2.674068739790626
7682,test,0,0.06529960036277771,0.01238405445600982,3.982675800493298,11.752166426205582,-2.658132243290074
7683,test,0,0.15384773910045624,0.01238405445600982,3.9475034181768236,11.733291938771497,-2.6384811872691625
7684,test,0,0.10100837051868436,0.01238405445600982,3.9130264376795645,11.713760633226432,-2.6132660410034134
7685,test,0,0.03894061595201491,0.004862292257873231,3.8788621846440985,11.693198016576096,-2.5860777139138245
7686,test,0,0.025088496506214128,0.004862292257873231,3.8454023870101457,11.671800069734687,-2.558330720145453
7687,test,0,0.029070831835269928,0.004862292257873231,3.8125741481998223,11.649439795791984,-2.5301277290942874
7688,test,0,0.0022865235805511475,0.004862292257873231,3.7802359203303353,11.626226172232627,-2.5104271295839267
7689,test,0,0.01598995178937912,0.004862292257873231,3.748235565342591,11.602446149597084,-2.4949242268867784
7690,test,0,0.03435730189085007,0.004862292257873231,3.7166455688729227,11.578208530560271,-2.4804280198367517
7691,test,0,0.021717257797718048,0.004862292257873231,3.6852962989776032,11.553510766596636,-2.467740930939093
7692,test,0,0.008111709728837013,0.014354493707843537,3.654319726112218,11.528398067502799,-2.4531967819236553
7693,test,0,0.012503355741500854,0.014354493707843537,3.623735472664957,11.502947407749566,-2.4439007442281295
7694,test,0,0.05637318454682828,0.014354493707843537,3.59311445956217,11.477132606095864,-2.4394366894051163
7695,test,0,0.03285857103765011,0.014354493707843537,3.5627346236211226,11.451358181725977,-2.439189744893622
7696,test,0,0.061952974647283554,0.014354493707843537,3.532130944962277,11.425599063572971,-2.4466267929670122
7697,test,0,0.0469138789921999,0.014354493707843537,3.5012364722358638,11.400110584384727,-2.4579064289153596
7698,test,0,0.04633202962577343,0.014354493707843537,3.470083724940599,11.375083277572669,-2.4722797748168306
7699,test,0,0.05422629415988922,0.017491900713062773,3.4384241321925333,11.35040645929868,-2.4863218902345507
7700,test,0,0.027064617723226554,0.017491900713062773,3.406576042972666,11.326190010290514,-2.496497318825746
7701,test,0,0.09613120928406715,0.017491900713062773,3.374457051254956,11.302326307721644,-2.5098656468243536
7702,test,0,0.015612583607435226,0.017491900713062773,3.341979909888144,11.278890969558326,-2.52265722253805
7703,test,0,0.06528337206691504,0.017491900713062773,3.3092059984594417,11.25582860000672,-2.534799798377787
7704,test,0,0.1123738344758749,0.017491900713062773,3.276103288108224,11.233215419822805,-2.550518594771284
7705,test,0,0.04986455477774143,0.017491900713062773,3.2427163569839843,11.211166206447215,-2.565941846639265
7706,test,0,0.005230855196714401,0.031649624726951486,3.2089055764747703,11.189582458512911,-2.580440088149629
7707,test,0,0.03507699072360991,0.031649624726951486,3.174982425394657,11.168538185192348,-2.5919688012972855
7708,test,0,0.07220426201820372,0.031649624726951486,3.140659242575486,11.147775101801608,-2.6034159783499033
7709,test,0,0.012129923328757293,0.031649624726951486,3.106148025647569,11.127456413471183,-2.6149459985055254
7710,test,0,0.05049147643148899,0.031649624726951486,3.0716074013865775,11.1075251630466,-2.620825154788608
7711,test,0,0.08621100522577761,0.031649624726951486,3.0367416196343036,11.087629329589479,-2.6259426943575677
7712,test,0,0.04228312335908412,0.04819003513423881,3.0019837555391917,11.068058701708399,-2.631052719028447
7713,test,0,0.10165203828364609,0.04819003513423881,2.967069672751278,11.048553702079351,-2.6324232301131367
7714,test,0,0.13550523668527603,0.04819003513423881,2.9320965373282712,11.029013680928466,-2.631568738180388
7715,test,0,0.0956639926880598,0.04819003513423881,2.897416930376743,11.009518880503657,-2.627488018243852
7716,test,0,0.1037847138941288,0.04819003513423881,2.8625690028778634,10.989749427166485,-2.624006697924928
7717,test,0,0.08900339249521494,0.04819003513423881,2.827939212785601,10.969991703300423,-2.6224351664042587
7718,test,0,0.12133566290140152,0.029860555474280858,2.7933053715874037,10.950139019092592,-2.6198487946757347
7719,test,0,0.0856747440993786,0.029860555474280858,2.7585988552189957,10.93013333173381,-2.6180016487574673
7720,test,0,0.0736205019056797,0.029860555474280858,2.7241531519616378,10.910174818500002,-2.614821665848408
7721,test,0,0.09387928992509842,0.029860555474280858,2.6896007516723897,10.889986735914555,-2.6106313462663517
7722,test,0,0.08205302059650421,0.029860555474280858,2.6551874227613212,10.869694631816953,-2.60712801436043
7723,test,0,0.06364256329834461,0.029860555474280858,2.62099805543868,10.849302473883506,-2.6003499111280868
7724,test,0,0.0435306909494102,0.027840438121600926,2.5867839059279736,10.828561418589828,-2.592779846386209
7725,test,0,0.01696617528796196,0.027840438121600926,2.552904004933103,10.807647750217038,-2.583938250204669
7726,test,0,0.1226380467414856,0.027840438121600926,2.519160143724636,10.786344026712523,-2.572296651688367
7727,test,0,0.01827273517847061,0.027840438121600926,2.485697654607906,10.764647787574827,-2.5598685961706087
7728,test,0,0.10792949795722961,0.027840438121600926,2.452667075399652,10.74250989673367,-2.541549587533675
7729,test,0,0.004713788628578186,0.027840438121600926,2.4200192785796197,10.719687939045896,-2.5226814983580734
7730,test,0,0.056603386998176575,0.027840438121600926,2.387708264776059,10.696281604975233,-2.507058983155021
7731,test,0,0.02033001929521562,0.11733311583931244,2.3558829493280995,10.672399883459244,-2.4879048401321713
7732,test,0,0.04761058650910854,0.11733311583931244,2.32453653546413,10.647920813394867,-2.4703241787303374
7733,test,0,0.15386944264173508,0.11733311583931244,2.2934643948764393,10.622826314084303,-2.4544335134520185
7734,test,0,0.11823051422834394,0.11733311583931244,2.262919723490548,10.597370663130564,-2.441328493955569
7735,test,0,0.12134024500846863,0.11733311583931244,2.232532750460015,10.571501835135512,-2.4310045150427237
7736,test,0,0.035253509879112216,0.11733311583931244,2.202382526349316,10.545216243754446,-2.4155827907308147
7737,test,0,0.07209147512912753,0.11733311583931244,2.1729826198804365,10.518587756080258,-2.39483790487796
7738,test,0,0.08587320148944858,0.16945249488500735,2.1440490048581977,10.491124377331765,-2.367953554626723
7739,test,0,0.08743908256292343,0.16945249488500735,2.1160020381356537,10.462921478653836,-2.3385872736162385
7740,test,0,0.10784293711185458,0.16945249488500735,2.088810372496385,10.433988479997666,-2.3125778144707816
7741,test,0,0.1086016297340393,0.16945249488500735,2.0621764065246486,10.40418979039175,-2.2865239504119694
7742,test,0,0.05815644562244415,0.16945249488500735,2.0366441387788603,10.373935782115321,-2.254942979455304
7743,test,0,0.008110597729682922,0.16945249488500735,2.012118364815367,10.342704588512344,-2.217196311308114
7744,test,0,0.07471923530101779,0.16945249488500735,1.9888287001330625,10.310611825784799,-2.1799856406231144
7745,test,0,0.08246599137783053,0.11947583394553841,1.9667722073764884,10.277736252577565,-2.146093088778468
7746,test,0,0.09051492810249329,0.11947583394553841,1.945573232857117,10.24408563326556,-2.1223630523517683
7747,test,0,0.06826113164424893,0.11947583394553841,1.9250016932555847,10.209888769226172,-2.1017317379108467
7748,test,0,0.07489518821239469,0.11947583394553841,1.9053115399032585,10.175368716007785,-2.076005006471931
7749,test,0,0.07400938868522644,0.11947583394553841,1.8865705545601683,10.140407162777237,-2.049268432396858
7750,test,0,0.08813208341598508,0.11947583394553841,1.8686874922106291,10.104688984356732,-2.019544894095781
7751,test,0,0.0641398876905441,0.03665181566779901,1.8520691592787861,10.068759439137182,-1.9895308540469008
7752,test,0,0.013499841094017029,0.03665181566779901,1.8363691468252061,10.032159685455461,-1.9638080667404711
7753,test,0,0.004144594073295621,0.03665181566779901,1.8214900649745318,9.995121883784213,-1.9414597466500434
7754,test,0,0.016803845763206482,0.03665181566779901,1.8075865477694324,9.958001992118213,-1.9156486550024188
7755,test,0,0.03324513137340543,0.03665181566779901,1.7946741629473157,9.920302503336034,-1.8848156162478633
7756,test,0,0.022972732782363864,0.03665181566779901,1.7830144098406764,9.882374738586133,-1.8527847397305985
7757,test,0,0.01867324858903885,0.021281654480959766,1.7726172608537067,9.844072224591393,-1.8195943571359952
7758,test,0,0.0020031556487083435,0.021281654480959766,1.7634022935397295,9.805452359326354,-1.79190664513119
7759,test,0,0.017610915005207062,0.021281654480959766,1.7551453091289118,9.76647650400669,-1.7686281305606637
7760,test,0,0.02847660332918167,0.021281654480959766,1.7477822044915334,9.727485879589471,-1.7466360888916341
7761,test,0,0.013744229450821877,0.021281654480959766,1.7411932850320988,9.688161314541686,-1.72869490197298
7762,test,0,0.0035282112658023834,0.021281654480959766,1.7351823723602604,9.6487281745546,-1.7182851482946142
7763,test,0,0.030268879607319832,0.03988734739076408,1.7293711595456869,9.60935721811293,-1.7180104323812369
7764,test,0,0.019130775704979897,0.03988734739076408,1.723457331216613,9.569694724619236,-1.72015072280514
7765,test,0,0.04960729740560055,0.03988734739076408,1.717492601167995,9.530279508738554,-1.7232443867924743
7766,test,0,0.06874243728816509,0.03988734739076408,1.7113313198738849,9.490776258679904,-1.7283439509459235
7767,test,0,0.07785242609679699,0.03988734739076408,1.7049520970795495,9.451200323050989,-1.732664869519277
7768,test,0,0.06973154656589031,0.03988734739076408,1.6984504188738232,9.41190918198889,-1.7375546182334853
7769,test,0,0.0704947505146265,0.04238145059564073,1.691707023028623,9.372401233285965,-1.7421554542415278
7770,test,0,0.0731708686798811,0.04238145059564073,1.6848405637037784,9.333007278629433,-1.744914323751606
7771,test,0,0.043871184810996056,0.04238145059564073,1.6778462305964583,9.293756179846946,-1.7494230117413179
7772,test,0,0.05855460837483406,0.04238145059564073,1.670676584731754,9.254347121895503,-1.751525282872267
7773,test,0,0.0737971868366003,0.04238145059564073,1.6635118780939708,9.215137820510808,-1.752458902120937
7774,test,0,0.08316524513065816,0.04238145059564073,1.6562591785053353,9.175784814039467,-1.7539362812429493
7775,test,0,0.05687078647315502,0.04537943095261248,1.6489828192772749,9.136459704617629,-1.7534399692101639
7776,test,0,0.07520156912505627,0.04537943095261248,1.6417475089041,9.097303634685975,-1.7539764845118815
7777,test,0,0.024739049375057217,0.04537943095261248,1.6344761283775524,9.057918943096913,-1.7521175016449164
7778,test,0,0.044222358614206314,0.04537943095261248,1.6273669580713181,9.018708689021361,-1.750025010933153
7779,test,0,0.07073387689888477,0.04537943095261248,1.620216177209443,8.979392686720189,-1.7525202606142398
7780,test,0,0.0794388670474291,0.04537943095261248,1.6129240901033104,8.940023246609558,-1.755340114376677
7781,test,0,0.09524063579738141,0.050156104330078784,1.6055498644693034,8.900859335355381,-1.759314905073176
7782,test,0,0.10851321928203106,0.050156104330078784,1.5979736448758546,8.861515793265077,-1.7624395265663166
7783,test,0,0.09962143562734128,0.050156104330078784,1.5903506868028894,8.82228102165452,-1.7635048669027786
7784,test,0,0.09905625693500043,0.050156104330078784,1.5826359449740106,8.783148768698814,-1.767982397225381
7785,test,0,0.07838313095271586,0.050156104330078784,1.5747159108831703,8.743891327388953,-1.7714945050484645
7786,test,0,0.08912549354135989,0.050156104330078784,1.566717602077044,8.70481134805879,-1.7748320488673675
7787,test,0,0.09476189315319063,0.05819967161492732,1.5585464150932167,8.665624500205608,-1.7773750714357368
7788,test,0,0.06085346080362798,0.05819967161492732,1.5503706211439578,8.626502760240516,-1.7758888268274582
7789,test,0,0.07637502625584602,0.05819967161492732,1.542274646643576,8.587486617455953,-1.775577881346384
7790,test,0,0.08603414520621298,0.05819967161492732,1.5341522348331635,8.548296462418923,-1.775062567076045
7791,test,0,0.10423017106950283,0.05819967161492732,1.5260799321676919,8.509215618098642,-1.7751295653026984
7792,test,0,0.11864628084003925,0.05819967161492732,1.5179189435705356,8.470087970146038,-1.778492830829974
7793,test,0,0.0819140952080488,0.06657619874232956,1.5096155361067045,8.430949015070452,-1.7812295116255814
7794,test,0,0.10012509487569332,0.06657619874232956,1.5012204411069596,8.391949579880265,-1.7854373620451267
7795,test,0,0.10494201444089414,0.06657619874232956,1.4926037164347024,8.352831098941342,-1.7896583843097371
7796,test,0,0.12749076448380947,0.06657619874232956,1.4838866847894927,8.313811370817545,-1.7916659747559478
7797,test,0,0.0896486882120371,0.06657619874232956,1.4750906290559178,8.274899591333044,-1.7942747763577025
7798,test,0,0.08366368152201176,0.06657619874232956,1.466237526624898,8.235887967966006,-1.792804060816389
7799,test,0,0.03884235769510269,0.07715542211593461,1.4575407519972927,8.196985050040674,-1.7891988687306613
7800,test,0,0.0465217474848032,0.07715542211593461,1.44896890576314,8.157936119554273,-1.7841555555570643
7801,test,0,0.04663287289440632,0.07715542211593461,1.4406622161925906,8.118885354843169,-1.7769222884233542
7802,test,0,0.027761198580265045,0.07715542211593461,1.4326043777872475,8.079888915031324,-1.7728273695782604
7803,test,0,0.0307886004447937,0.07715542211593461,1.424702039650219,8.040681639053428,-1.7651697805051905
7804,test,0,0.02418307214975357,0.07715542211593461,1.4172438476809195,8.001601461614706,-1.7547242950542121
7805,test,0,0.01684138923883438,0.025698349093945944,1.4101296314821485,7.96232891277217,-1.7447423457426006
7806,test,0,0.009342223405838013,0.025698349093945944,1.4034483639512854,7.922919907043364,-1.732193112094601
7807,test,0,0.013929642736911774,0.025698349093945944,1.397314171230127,7.883684768024712,-1.720099625427572
7808,test,0,0.03857478499412535,0.025698349093945944,1.3915997747398536,7.8440800849890175,-1.708268699330129
7809,test,0,0.03361048176884651,0.025698349093945944,1.3863679910050513,7.80458407765043,-1.697991058240944
7810,test,0,0.008432649075984955,0.025698349093945944,1.381472586961306,7.765007647116578,-1.6897458279133437
7811,test,0,0.031753964722156525,0.013423247354780187,1.3768951943181915,7.725182269765356,-1.6792468703430325
7812,test,0,0.052789574488997466,0.013423247354780187,1.3728132799560524,7.685658709520382,-1.6699726595633366
7813,test,0,0.05043815262615681,0.013423247354780187,1.368961576980525,7.645820893804919,-1.665925096848278
7814,test,0,0.051655491814017296,0.013423247354780187,1.3652082063541169,7.606002618188182,-1.6636674308987707
7815,test,0,0.05572568438947201,0.013423247354780187,1.361589022981006,7.566308587004672,-1.6593016825701965
7816,test,0,0.06609190814197062,0.013423247354780187,1.3581517361354012,7.526338932407377,-1.653272427464528
7817,test,0,0.05684848688542843,0.036455105414501,1.3549872882777643,7.486640850044064,-1.6481189347378296
7818,test,0,0.08888037316501139,0.036455105414501,1.351986692636915,7.4467785005113685,-1.643822316457456
7819,test,0,0.08497706614434718,0.036455105414501,1.349139644057325,7.406808905654431,-1.63957912286214
7820,test,0,0.08926921151578425,0.036455105414501,1.3464955853486498,7.3670894318786715,-1.6352743562694496
7821,test,0,0.08330155350267887,0.036455105414501,1.343994111105544,7.327077465997858,-1.6309285806394798
7822,test,0,0.06869117915630342,0.036455105414501,1.3416777812121048,7.287249773324068,-1.6262851711274307
7823,test,0,0.06549488753080368,0.05346040485171915,1.3395877258998323,7.247399729053912,-1.620015119536771
7824,test,0,0.04691332578659056,0.05346040485171915,1.3377399029075756,7.207334198776,-1.612665680864701
7825,test,0,0.03536056727170944,0.05346040485171915,1.3362434661512237,7.167596372189701,-1.6040271821042242
7826,test,0,0.03891655057668686,0.05346040485171915,1.3351073421380755,7.127609760795522,-1.5938385719779822
7827,test,0,0.029625527560710893,0.05346040485171915,1.3343853381591475,7.087676508066655,-1.5838651653085583
7828,test,0,0.03882253170013426,0.05346040485171915,1.334092361511194,7.047867204334032,-1.5728609928411477
7829,test,0,0.052569879218935966,0.05985419920864178,1.3341963304350142,7.0078072067958646,-1.5641825985191296
7830,test,0,0.05499826185405256,0.05985419920864178,1.334574253502701,6.967997311141351,-1.5592371552985547
7831,test,0,0.051710000261664384,0.05985419920864178,1.335109977323317,6.9280126592398386,-1.5561860076556449
7832,test,0,0.052072731778025634,0.05985419920864178,1.3357147716499016,6.887929656835287,-1.5559959373513026
7833,test,0,0.06288505904376507,0.05985419920864178,1.3363289371870293,6.848125885427003,-1.5552224411124131
7834,test,0,0.06035318784415721,0.05985419920864178,1.3369619797262373,6.808032500461546,-1.5550659002621663
7835,test,0,0.05529018677771092,0.060656040230343045,1.3375748172348145,6.768132786491759,-1.5560487126592706
7836,test,0,0.05975941754877567,0.060656040230343045,1.338160707149248,6.728185273694321,-1.5563342664476547
7837,test,0,0.05125162936747075,0.060656040230343045,1.338733322954008,6.6880706160207515,-1.5571445787468055
7838,test,0,0.05877233110368252,0.060656040230343045,1.3392803179513688,6.648264424181695,-1.5572395807749126
7839,test,0,0.05808114819228649,0.060656040230343045,1.3398261054931768,6.608205783859169,-1.5572236502670298
7840,test,0,0.05395105294883251,0.060656040230343045,1.3403588952691619,6.568238887641204,-1.5577118551360865
7841,test,0,0.060436675325036056,0.05831119796615255,1.3408955385504209,6.528352322797714,-1.557462860280694
7842,test,0,0.054966798052191734,0.05831119796615255,1.341426868043628,6.488222046770147,-1.5579649451345818
7843,test,0,0.05656201206147671,0.05831119796615255,1.3419276504831752,6.4483938869875415,-1.558545023703748
7844,test,0,0.0581472422927618,0.05831119796615255,1.342421633905544,6.408383870769886,-1.5583868680357384
7845,test,0,0.0491869542747736,0.05831119796615255,1.3429186138690674,6.368320449934119,-1.5587245741436881
7846,test,0,0.044417912140488625,0.05831119796615255,1.3434374750031082,6.328513688845097,-1.557038003105971
7847,test,0,0.043893652036786086,0.061083488692156365,1.3440228142667765,6.288421301009848,-1.5554678930549841
7848,test,0,0.04212005250155926,0.061083488692156365,1.3446525370386095,6.24854253602691,-1.5548403280792278
7849,test,0,0.04302440397441388,0.061083488692156365,1.3453129197266287,6.208593826562616,-1.5539472096089497
7850,test,0,0.05613568611443043,0.061083488692156365,1.3459973319335106,6.168493462675655,-1.553935457131875
7851,test,0,0.04587764106690883,0.061083488692156365,1.3466881598038611,6.128696624468848,-1.553424835405797
7852,test,0,0.04555204324424267,0.061083488692156365,1.347386992470912,6.0886308801516105,-1.553573789263331
7853,test,0,0.052979515865445144,0.061787213234315574,1.348051006833468,6.048682767556121,-1.5549342722576902
7854,test,0,0.057829128578305244,0.061787213234315574,1.3486719948285846,6.008772397390007,-1.5558888172628564
7855,test,0,0.04968655668199062,0.061787213234315574,1.3492499730669434,5.9686358274819415,-1.5571487267882163
7856,test,0,0.044520067051053054,0.061787213234315574,1.3497807720639088,5.928809235314164,-1.5576376242635197
7857,test,0,0.045499058440327644,0.061787213234315574,1.3503152384506438,5.888788292789274,-1.5574918751640354
7858,test,0,0.1066312249749899,0.061787213234315574,1.3508370273456434,5.848730617162158,-1.558549529586965
7859,test,0,0.04430384375154972,0.058469855020329344,1.3513326723084478,5.808900817546828,-1.558664040478148
7860,test,0,0.056825829669833176,0.058469855020329344,1.3518091479623189,5.768781604972301,-1.559421581108017
7861,test,0,0.040265362709760666,0.058469855020329344,1.3522406968247656,5.728905762410168,-1.560632134623984
7862,test,0,0.0393277257680893,0.058469855020329344,1.3526409240630577,5.688933658109464,-1.560989704352667
7863,test,0,0.03459308110177516,0.058469855020329344,1.3530300742334989,5.648820821469532,-1.561340077741449
7864,test,0,0.04390052519738674,0.058469855020329344,1.3534347007735503,5.609019849295638,-1.5602232241035823
7865,test,0,0.04194561578333378,0.06363635386004002,1.3538829297883825,5.568946381790766,-1.559127101962227
7866,test,0,0.031957345083355904,0.06363635386004002,1.3543585825906703,5.529021903628369,-1.558598684867562
7867,test,0,0.04053026251494884,0.06363635386004002,1.3548741770394255,5.489106057164753,-1.5574436729051728
7868,test,0,0.031046869233250618,0.06363635386004002,1.3554315170420999,5.448984745330917,-1.5565327247683027
7869,test,0,0.02281825803220272,0.06363635386004002,1.3560345104183538,5.409176352220354,-1.554548181561867
7870,test,0,0.007768992334604267,0.06363635386004002,1.356746224637257,5.369166965559982,-1.5512461052318656
7871,test,0,0.0124155692756176,0.060099861340796874,1.357590853889793,5.329162762498534,-1.5483457373593768
7872,test,0,0.012092728167772293,0.060099861340796874,1.3585763738557863,5.28935945743622,-1.5443382546762812
7873,test,0,0.0031662173569202423,0.060099861340796874,1.359699428196442,5.249282391213191,-1.541420557822477
7874,test,0,0.038808288052678115,0.060099861340796874,1.3609199966220464,5.209456992600232,-1.5385452210170258
7875,test,0,0.039296014234423644,0.060099861340796874,1.3622960439638823,5.169529576293466,-1.5338741210888382
7876,test,0,0.05246132798492909,0.060099861340796874,1.3638554524304947,5.129502993956663,-1.5308238689403493
7877,test,0,0.06227573566138745,0.057853802793437714,1.3654876072415114,5.0897301398015475,-1.5299019288311058
7878,test,0,0.06068859808146954,0.057853802793437714,1.3670923527744978,5.049662462285207,-1.5327202513631104
7879,test,0,0.06794649921357632,0.057853802793437714,1.36850238934343,5.009739653166554,-1.5382445749334281
7880,test,0,0.06851396523416042,0.057853802793437714,1.3697086030584733,4.969795201056881,-1.5431706518356727
7881,test,0,0.058991605415940285,0.057853802793437714,1.370725471087815,4.929655844385578,-1.547856995763376
7882,test,0,0.051972804591059685,0.05825457046435538,1.3715800613990747,4.889825445506991,-1.5504938455823898
7883,test,0,0.05614098347723484,0.05825457046435538,1.3723722334848514,4.8497822338727286,-1.5513211509157014
7884,test,0,0.04879927076399326,0.05825457046435538,1.3731383698950346,4.809774213415516,-1.5520233666771661
7885,test,0,0.04549787379801273,0.05825457046435538,1.3739090879503157,4.769925925976318,-1.5514782448730078
7886,test,0,0.032177696004509926,0.05825457046435538,1.3746841720896874,4.729804523360879,-1.551887900779035
7887,test,0,0.04233506135642528,0.05825457046435538,1.3754287360352428,4.689947660453139,-1.5519501669907594
7888,test,0,0.03297794423997402,0.056362997000870246,1.3762127018495254,4.649969065942516,-1.5505483355313874
7889,test,0,0.03359661810100079,0.056362997000870246,1.377035953879439,4.6098789589651235,-1.5506185084899364
7890,test,0,0.03832775168120861,0.056362997000870246,1.3778621544353826,4.5700828177549555,-1.549812877218648
7891,test,0,0.053767839446663857,0.056362997000870246,1.378706433718302,4.529990833165597,-1.550388835716405
7892,test,0,0.053221678361296654,0.056362997000870246,1.3794622417996554,4.4900532358464105,-1.5540231487810123
7893,test,0,0.061313940212130554,0.056362997000870246,1.3800601701755888,4.450095369619424,-1.5576337945949004
7894,test,0,0.060263702645897865,0.05538970591590794,1.3805361977952753,4.409950182812566,-1.5598692966136893
7895,test,0,0.02007194235920906,0.05538970591590794,1.3809783981079067,4.370145153011697,-1.5594079892620292
7896,test,0,0.021489372476935387,0.05538970591590794,1.3814665473320262,4.330100600690547,-1.557513803650598
7897,test,0,0.020261075347661965,0.05538970591590794,1.38204286656562,4.290126539617079,-1.5552327029213597
7898,test,0,0.0062619782984256744,0.05538970591590794,1.3827700099029474,4.250279580654962,-1.54880389882793
7899,test,0,0.011777400970458991,0.05538970591590794,1.3838148994749884,4.210246235763588,-1.5403350886254736
7900,test,0,0.028833230957388878,0.05250852782974459,1.3851892207776146,4.170504593433717,-1.5327556435539464
7901,test,0,0.03813714161515236,0.05250852782974459,1.3868307464983398,4.13057457656271,-1.5275356521116554
7902,test,0,0.022582463920116425,0.05250852782974459,1.3886075922943746,4.0905557719660335,-1.526315780985869
7903,test,0,0.06997395493090153,0.05250852782974459,1.3904159888599459,4.050779380799788,-1.5249935594826447
7904,test,0,0.05075307376682758,0.05250852782974459,1.3922532841695354,4.010727279736829,-1.5256160686425277
7905,test,0,0.043585414066910744,0.05250852782974459,1.3940016713712775,3.970855795696073,-1.528597681968934
7906,test,0,0.03475878946483135,0.044718981240959535,1.3956358416357275,3.930917260914426,-1.5312937090363405
7907,test,0,0.03791222162544727,0.044718981240959535,1.3971771738781016,3.890828507093388,-1.5335600423036515
7908,test,0,0.05084303580224514,0.044718981240959535,1.3986471875336235,3.851038047167508,-1.5344661448250698
7909,test,0,0.05380718968808651,0.044718981240959535,1.4000765744478847,3.810989816121874,-1.5363148081883486
7910,test,0,0.049755483865737915,0.044718981240959535,1.4013747456732826,3.771017250576909,-1.5408844580146084
7911,test,0,0.05221557430922985,0.044718981240959535,1.402485459661676,3.7311180318621004,-1.545238515954498
7912,test,0,0.0488078985363245,0.04030668623152577,1.4034342463726093,3.690968530988239,-1.549027626892462
7913,test,0,0.03676129505038262,0.04030668623152577,1.4042474909000688,3.6511276090089306,-1.551476166446532
7914,test,0,0.049421431496739394,0.04030668623152577,1.4050085521770574,3.6111139947812685,-1.5520216497804904
7915,test,0,0.03196701034903526,0.04030668623152577,1.4057422847361727,3.571033222917042,-1.5536822497524732
7916,test,0,0.05313762836158276,0.04030668623152577,1.4064187202994884,3.531210324549761,-1.5540140675603262
7917,test,0,0.06276787258684635,0.04030668623152577,1.407080677979284,3.491092539606964,-1.5552144723445218
7918,test,0,0.05950394831597804,0.03458840140867971,1.4076514272102671,3.451204776006235,-1.5582003670893474
7919,test,0,0.04546615295112132,0.03458840140867971,1.4080976874464062,3.411229703118704,-1.5612725902898188
7920,test,0,0.034945612773299224,0.03458840140867971,1.4084281752311172,3.3710867156775186,-1.5633946663096177
7921,test,0,0.01134226843714714,0.03458840140867971,1.4087510563959498,3.331291216962694,-1.5617867345350112
7922,test,0,0.0032871179282665253,0.03458840140867971,1.4091828256116883,3.2912361813861746,-1.5573683891658507
7923,test,0,0.020161611959338185,0.03458840140867971,1.4098215054963064,3.2513023088116895,-1.5523335076651097
7924,test,0,0.0837430041283369,0.0320205744214599,1.4106658451829361,3.2114214007329087,-1.5483487033901104
7925,test,0,0.042683960869908326,0.0320205744214599,1.4115661029250661,3.171282877269714,-1.5498314193280534
7926,test,0,0.04086708463728427,0.0320205744214599,1.4123460559565166,3.131442568869757,-1.5520811957624163
7927,test,0,0.050837257876992226,0.0320205744214599,1.413085492445093,3.0914170840514736,-1.5526478937233494
7928,test,0,0.07524211145937444,0.0320205744214599,1.4137882799834633,3.0513526651671663,-1.5545654240314617
7929,test,0,0.08012657053768635,0.0320205744214599,1.4144105419769264,3.0115094789355163,-1.5562310649957085
7930,test,0,0.0036057904362678545,0.02932435143120337,1.4149524061382681,2.9713721294710185,-1.5586947900712012
7931,test,0,0.0164579339325428,0.02932435143120337,1.4153821277918326,2.9314780717299525,-1.5613320980713474
7932,test,0,0.004103105049580336,0.02932435143120337,1.4157391084581183,2.8914999455167956,-1.5621123896657858
7933,test,0,0.007633719593286514,0.02932435143120337,1.4160787469599252,2.851377196690978,-1.5628418734758387
7934,test,0,0.047784628346562386,0.02932435143120337,1.4163989610786283,2.8115749966082166,-1.56353933513334
7935,test,0,0.07216485776007175,0.02932435143120337,1.416655397955407,2.7714714335099657,-1.5656629056828306
7936,test,0,0.07023722492158413,0.019456375677783296,1.416810473345235,2.73151491985444,-1.568103407757558
7937,test,0,0.041517375037074096,0.019456375677783296,1.4168890040986737,2.69158358429232,-1.5696584125322353
7938,test,0,0.04168085940182209,0.019456375677783296,1.4169046052618726,2.6514136718395167,-1.5711730221542912
7939,test,0,0.04825510270893574,0.019456375677783296,1.4168687626009504,2.6115838281456925,-1.5724901465942773
7940,test,0,0.0632158238440752,0.019456375677783296,1.4167692047285216,2.5715274927488965,-1.5745207373378538
7941,test,0,0.10154387913644317,0.017769985574608488,1.41656057342703,2.5314667264729733,-1.5775635786468858
7942,test,0,0.0590886678546667,0.017769985574608488,1.4162471890549198,2.4915737309925894,-1.5793569994000056
7943,test,0,0.08599695377051832,0.017769985574608488,1.415889522084311,2.4514387608530352,-1.5802870219987883
7944,test,0,0.06677460484206676,0.017769985574608488,1.4155083193120856,2.411570010202588,-1.5797674843877505
7945,test,0,0.06826225109398366,0.017769985574608488,1.415218230611282,2.3715976013243507,-1.5759962404568428
7946,test,0,0.05507509969174862,0.017769985574608488,1.415097482892757,2.3315519305678425,-1.5717217006068254
7947,test,0,0.06741459853947163,0.012830935551879212,1.4151811379830554,2.291735412699365,-1.5659848105393097
7948,test,0,0.08716732077300549,0.012830935551879212,1.4154745016294148,2.2516647463611514,-1.5612479254437532
7949,test,0,0.04380861110985279,0.012830935551879212,1.4159256083635645,2.211742503793617,-1.5580042359927369
7950,test,0,0.03561027906835078,0.012830935551879212,1.4165270143623259,2.171833244073177,-1.553672248562968
7951,test,0,0.03718257136642933,0.012830935551879212,1.4172950636602013,2.1317310388966937,-1.5493000729627227
7952,test,0,0.023095814511179924,0.012830935551879212,1.418255756458012,2.091946383959295,-1.5442016456370997
7953,test,0,0.026679107919335365,0.02124572596496971,1.4194269368365444,2.0519486351097838,-1.5384885087091975
7954,test,0,0.017857059836387634,0.02124572596496971,1.4208222363032983,2.0119954821961548,-1.5335238238680664
7955,test,0,0.013951864093542099,0.02124572596496971,1.4224512217463476,1.9722294990650995,-1.526064598734303
7956,test,0,0.06113536842167376,0.02124572596496971,1.4243917478235568,1.9322147590134935,-1.5187911997085821
7957,test,0,0.09237593971192837,0.02124572596496971,1.4265844193420358,1.8924735461119377,-1.51275961073895
7958,test,0,0.08738194406032562,0.02124572596496971,1.4290247315609823,1.8526019917072838,-1.5064371408989738
7959,test,0,0.11810026317834854,0.036063074077977035,1.4317099921747274,1.8126868502995077,-1.5010024070684862
7960,test,0,0.0945436954498291,0.036063074077977035,1.4346552603989406,1.7730173992814844,-1.4918429558566457
7961,test,0,0.1003197506070137,0.036063074077977035,1.4380542208753735,1.7331855295642054,-1.47908292180224
7962,test,0,0.09973864257335663,0.036063074077977035,1.4419638330748075,1.693506912802381,-1.4649628481576544
7963,test,0,0.030109286308288574,0.036063074077977035,1.446581570526303,1.6540503455762519,-1.441804991232568
7964,test,0,0.005860686302185059,0.036063074077977035,1.4522689295437483,1.6148241200687241,-1.4104340280687946
7965,test,0,0.09898148477077479,0.01369735554400243,1.4592951480985714,1.5757212741479143,-1.3745456909639064
7966,test,0,0.02127616107463834,0.01369735554400243,1.4677246182525425,1.536983269039866,-1.3413603581451945
7967,test,0,0.014841258525848361,0.01369735554400243,1.4773430424340463,1.498454628060527,-1.3084443973835804
7968,test,0,0.07817681133747101,0.01369735554400243,1.4884173711726427,1.4602207202252475,-1.2639510016121969
7969,test,0,0.08844728767871857,0.01369735554400243,1.5013355400514259,1.4231195508813796,-1.2045481998227303
7970,test,0,0.08954221010208127,0.041921926732993775,1.5166264402828304,1.3866182659238906,-1.1459526001550304
7971,test,0,0.3151938244700432,0.041921926732993775,1.5339185229858368,1.3507417436052784,-1.0967846976476379
7972,test,0,0.24918243288993835,0.041921926732993775,1.5531346892866669,1.316444307621926,-1.0196248837527948
7973,test,0,0.17344519495964053,0.07729768453706547,1.574956963482989,1.2839349313752997,-0.9396745531035877
7974,test,0,0.25225919485092163,0.07729768453706547,1.5994396729855105,1.252874994323359,-0.8718824635472188
7975,test,0,0.19837374985218048,0.07729768453706547,1.6256872282356967,1.2234536992353993,-0.8124919286925565
7976,test,0,0.22478003799915314,0.07729768453706547,1.6536420337023812,1.1956530651325064,-0.7529728409880041
7977,test,0,0.25083526968955994,0.13003973300792926,1.683149342178357,1.1695990457373415,-0.693104138896342
7978,test,0,0.1704871915280819,0.13003973300792926,1.714318913065675,1.145302169919287,-0.630185745072178
7979,test,0,0.2930089980363846,0.13003973300792926,1.746911459088918,1.123008829227655,-0.5751267306546797
7980,test,0,0.23039271123707294,0.13003973300792926,1.7806222882239378,1.102242467454968,-0.5281044749133343
7981,test,0,0.2165973223745823,0.15875608049833934,1.8154327191206128,1.0830025852488336,-0.48260800801159076
7982,test,0,0.20498208701610565,0.15875608049833934,1.8507948159794883,1.0654392523824534,-0.4416519710454358
7983,test,0,0.21578571200370789,0.15875608049833934,1.8870455061838738,1.0490644381392231,-0.4079242797399279
7984,test,0,0.2708844244480133,0.15875608049833934,1.9237408448092157,1.033847512554464,-0.3787538466965928
7985,test,0,0.2535714656114578,0.15875608049833934,1.9608461577924161,1.019713389233035,-0.34966501514558485
7986,test,0,0.25312039256095886,0.15875608049833934,1.9983247824840968,1.006598303869905,-0.32483744265402015
7987,test,0,0.22195367515087128,0.20418849066506295,2.0362784092612696,0.9943073909494698,-0.30168503894518084
7988,test,0,0.19948414713144305,0.20418849066506295,2.0743152687458073,0.9829440076540791,-0.2812797525709602
7989,test,0,0.15246781706809998,0.20418849066506295,2.112710688320019,0.972154104558594,-0.26821295338920337
7990,test,0,0.14541712403297424,0.20418849066506295,2.1513350786258325,0.9617580017620943,-0.2574582084859349
7991,test,0,0.12976586818695068,0.20418849066506295,2.189817123399149,0.951820220898844,-0.24890494992124615
7992,test,0,0.10597534477710724,0.20418849066506295,2.228657870241998,0.9421134206140689,-0.2403180172931088
7993,test,0,0.13838911056518555,0.21233918570502872,2.267418623945474,0.9328266560023347,-0.23062340643963145
7994,test,0,0.21792524307966232,0.21233918570502872,2.3062676785855407,0.9238792271836158,-0.22251544958346467
7995,test,0,0.20940720476210117,0.21233918570502872,2.3454177414551935,0.9151698766497908,-0.2150108193429873
7996,test,0,0.2170326802879572,0.21233918570502872,2.3843015876215428,0.9068131438568247,-0.20945895247113858
7997,test,0,0.14998825080692768,0.21233918570502872,2.4234625637158542,0.8985784510237805,-0.2053370797280179
7998,test,0,0.12426512874662875,0.21233918570502872,2.4626303436742107,0.890495193623447,-0.20223151311993218
7999,test,0,0.1224080938845873,0.039215047431848955,2.5016952937116326,0.8825316494342542,-0.20053820277473167
8000,test,0,0.04476761631667614,0.039215047431848955,2.54102342115173,0.8745665424641218,-0.19886199057604306
8001,test,0,0.11517384089529514,0.039215047431848955,2.5800863992975946,0.8667477427504604,-0.19640905021777302
8002,test,0,0.06062512286007405,0.039215047431848955,2.6192992874099446,0.8590100633472513,-0.19296850126738355
8003,test,0,0.056997733190655715,0.039215047431848955,2.6586561574720036,0.8513981553638047,-0.18843587692788766
8004,test,0,0.06379334814846516,0.039215047431848955,2.697762842331636,0.8440389086204275,-0.1838690097215162
8005,test,0,0.05942453816533089,0.09079531640770346,2.737181612382914,0.8368035453338973,-0.17860763722613027
8006,test,0,0.059500498697161674,0.09079531640770346,2.776464889422731,0.8298204337967252,-0.17287956477208147
8007,test,0,0.040183160454034805,0.09079531640770346,2.8157835707207663,0.8230837107579836,-0.1665767096710109
8008,test,0,0.059526147320866585,0.09079531640770346,2.855365446576028,0.8165412944759024,-0.16038717396991406
8009,test,0,0.036588605493307114,0.09079531640770346,2.8946558379378917,0.8103067030720318,-0.15446664560965923
8010,test,0,0.05262540467083454,0.09079531640770346,2.9342175497722502,0.8042649083152764,-0.14870955464953572
8011,test,0,0.03725087828934193,0.09927099647448169,2.973777982777723,0.7984307043265231,-0.14442074698074353
8012,test,0,0.017723678145557642,0.09927099647448169,3.013235407476814,0.7927832219210625,-0.14022254923126126
8013,test,0,0.026048858650028706,0.09927099647448169,3.05296771587307,0.7872416011247121,-0.13710424638001836
8014,test,0,0.025791517458856106,0.09927099647448169,3.092438844959613,0.7818421878834132,-0.13509294257507334
8015,test,0,0.021983458660542965,0.09927099647448169,3.1320641714241466,0.7765145070252649,-0.13219480556728808
8016,test,0,0.027382914908230305,0.09927099647448169,3.1717676899801717,0.7712888257252278,-0.13026744191583278
8017,test,0,0.013431629166007042,0.08865756025403367,3.211275110423228,0.7661752213104632,-0.1274030239146867
8018,test,0,0.01214032992720604,0.08865756025403367,3.251042206494667,0.7611372366141235,-0.1246126394247438
8019,test,0,0.009728679433465004,0.08865756025403367,3.2906451073501675,0.7562172651343704,-0.12293758435044592
8020,test,0,0.009872609749436378,0.08865756025403367,3.3302800435060305,0.7513777202474018,-0.12040042915827363
8021,test,0,0.009378551039844751,0.08865756025403367,3.370059188215255,0.7466023990334342,-0.11911606169760798
8022,test,0,0.008854029700160027,0.08865756025403367,3.409642227599087,0.7419111262661755,-0.11695100971596015
8023,test,0,0.010713839437812567,0.06464814974016336,3.449415797869155,0.737296697437279,-0.11401861533057583
8024,test,0,0.006840644404292107,0.06464814974016336,3.489124663615834,0.7327952263943598,-0.11206841006253547
8025,test,0,0.009239450097084042,0.06464814974016336,3.5287600754609323,0.7284109040280426,-0.10854727511212368
8026,test,0,0.0015713423490524292,0.06464814974016336,3.5686116490219857,0.7241328753978553,-0.10562126690538799
8027,test,0,0.04254787787795067,0.06464814974016336,3.6082422090336905,0.719978003288315,-0.10329633303601435
8028,test,0,0.007191741839051247,0.06464814974016336,3.64802300076471,0.7159223204505778,-0.09993424885129358
8029,test,0,2.703070640563965e-05,0.010832790138064824,3.6878113365265355,0.7119873319416221,-0.09785387653720586
8030,test,0,0.005130333825945854,0.010832790138064824,3.727484975606064,0.7081747854290368,-0.09373973356732891
8031,test,0,0.00021341815590857766,0.010832790138064824,3.7673767230927684,0.704518695545251,-0.08881624270076637
8032,test,0,0.008170535787940025,0.010832790138064824,3.807087554927534,0.7010668567116868,-0.08427040870408627
8033,test,0,0.011157585307955745,0.010832790138064824,3.846865424226262,0.6978534241623153,-0.07683312848510047
8034,test,0,0.018794855102896687,0.010832790138064824,3.8867067101081574,0.6949240447593282,-0.07035519425033364
8035,test,0,0.018229581415653225,0.009937973932487633,3.9264785374509716,0.6922838630117532,-0.06211213677649843
8036,test,0,0.01833968609571457,0.009937973932487633,3.966397058264118,0.6899841710691941,-0.053195509192251564
8037,test,0,0.02158674458041787,0.009937973932487633,4.006229142972997,0.6879861529917101,-0.04755649532747125
8038,test,0,0.014764627441763878,0.009937973932487633,4.046082769809835,0.6862290317408348,-0.04083757738129676
8039,test,0,0.008034802274778485,0.009937973932487633,4.085961444468582,0.6847000863670989,-0.037668523658854494
8040,test,0,7.005408406257629e-06,0.009937973932487633,4.125903146735258,0.6832290031725861,-0.03641087311927598
8041,test,0,0.005052395164966583,0.001428140158217875,4.165867257484374,0.681808952564287,-0.03512286581439228
8042,test,0,0.006260629743337631,0.001428140158217875,4.205780687229257,0.6803823970214512,-0.03713821877699019
8043,test,0,0.015887192450463772,0.001428140158217875,4.245704138081944,0.6788845736912992,-0.03796489197474699
8044,test,0,0.027439644560217857,0.001428140158217875,4.285659019612014,0.6773561125188916,-0.039716505484794336
8045,test,0,0.019885468296706676,0.001428140158217875,4.325609769998546,0.6757037476857006,-0.043157628992508655
8046,test,0,0.02582323364913464,0.001428140158217875,4.365547235248153,0.6739527935385049,-0.04447664151600067
8047,test,0,0.02964508347213268,0.008736993022903292,4.40545302710654,0.6721408313366254,-0.04707426946780085
8048,test,0,0.02031653560698033,0.008736993022903292,4.44536078966512,0.6702391164965207,-0.047875184163186306
8049,test,0,0.01745000295341015,0.008736993022903292,4.485340049546835,0.6683463123480382,-0.04676345177560286
8050,test,0,0.01210848055779934,0.008736993022903292,4.525211020365464,0.6664852186614989,-0.04643523331842309
8051,test,0,0.013052480295300484,0.008736993022903292,4.5650883544570595,0.6647052706724421,-0.042244656854207176
8052,test,0,0.002317216247320175,0.008736993022903292,4.6049843372889,0.6631090942868152,-0.03881759101569468
8053,test,0,0.021534031257033348,0.01465407887986862,4.644899741488385,0.661635770014598,-0.034668091235490334
8054,test,0,0.03826693445444107,0.01465407887986862,4.68482884655985,0.6603951764148611,-0.026740738563874853
8055,test,0,0.058197008445858955,0.01465407887986862,4.724662297565831,0.6594828549007877,-0.018442128044240044
8056,test,0,0.08340459316968918,0.01465407887986862,4.764547023306784,0.6589950381805894,-0.005535666541051107
8057,test,0,0.06794468034058809,0.01465407887986862,4.804335646908606,0.6590880876753349,0.009723486836980275
8058,test,0,0.059105610474944115,0.01465407887986862,4.8442707125526985,0.6597504360053351,0.022103279769116628
8059,test,0,0.04128097742795944,0.015118598020090726,4.884169688191194,0.6608554217584784,0.03244417928801969
8060,test,0,0.0169708039611578,0.015118598020090726,4.924047500712243,0.6622646417812689,0.036308021726341
8061,test,0,0.011328063905239112,0.015118598020090726,4.964014258166376,0.6637217214726344,0.035567510406142984
8062,test,0,0.012036129832267765,0.015118598020090726,5.004006929869971,0.6650433560742722,0.02876954768932504
8063,test,0,0.02642588410526514,0.015118598020090726,5.044065984005115,0.6660044402973038,0.019703529334169093
8064,test,0,0.0008471021428704262,0.015118598020090726,5.084023755861488,0.6666705778278719,0.013340486027747619
8065,test,0,0.02738896617665887,0.016679141667716054,5.1240187463683995,0.6670890216159373,0.008432676885186525
8066,test,0,0.039676958695054054,0.016679141667716054,5.1640541594224825,0.6674125674942756,0.009413623063889829
8067,test,0,0.022259369492530823,0.016679141667716054,5.203978673560401,0.6679040301134344,0.014838358070640325
8068,test,0,0.016088059172034264,0.016679141667716054,5.2439110934633035,0.6685464633140239,0.01603573878870796
8069,test,0,0.00725472159683704,0.016679141667716054,5.283801909852765,0.6691998485497364,0.016152014033630865
8070,test,0,0.007911216467618942,0.016679141667716054,5.323791234977693,0.6698022562248092,0.012694959830474998
8071,test,0,0.01651250571012497,0.010451893186078599,5.363832792918479,0.6702018693614105,0.007312800675667088
8072,test,0,0.014447372406721115,0.010451893186078599,5.40378716502846,0.6704258969468667,0.0033046788357353305
8073,test,0,0.014814219437539577,0.010451893186078599,5.443818630340022,0.67043772884363,-0.0034181728179468115
8074,test,0,0.014022858813405037,0.010451893186078599,5.4837794560640365,0.6701859837081078,-0.0086544767617794
8075,test,0,0.0020959842950105667,0.010451893186078599,5.523799850586744,0.669770453776297,-0.01209257257420097
8076,test,0,0.00376683846116066,0.010451893186078599,5.563814463191717,0.6692328588005204,-0.014140490225923428
8077,test,0,0.004453850910067558,0.013914890260305976,5.603771364490898,0.6686963834493718,-0.012707153562896515
8078,test,0,0.006850870326161385,0.013914890260305976,5.643669843190002,0.6682051008409282,-0.012928185180833716
8079,test,0,0.0010692980140447617,0.013914890260305976,5.683660905034839,0.6676989501535673,-0.01214709268661147
8080,test,0,0.0008866805583238602,0.013914890260305976,5.723639209970287,0.6672564218113948,-0.010915666934125365
8081,test,0,0.03091883473098278,0.013914890260305976,5.7635830512641295,0.666794912163408,-0.012289624367818221
8082,test,0,0.04681124887429178,0.013914890260305976,5.803528408052723,0.6663508565883877,-0.00821100637896614
8083,test,0,0.059906761860474944,0.003933369939877667,5.843352607880604,0.6661700446130951,-0.001534875035152249
8084,test,0,0.05705967731773853,0.003933369939877667,5.883319541818142,0.6662787383878276,0.007511355289117927
8085,test,0,0.036195747554302216,0.003933369939877667,5.923215793679189,0.6668080123884963,0.01795717329604806
8086,test,0,0.03807208873331547,0.003933369939877667,5.963064506260213,0.6676299814565262,0.02221838741606417
8087,test,0,0.04609525389969349,0.003933369939877667,6.002970355767168,0.6685929922729469,0.0260027730101212
8088,test,0,0.04168295301496983,0.003933369939877667,6.04288682311108,0.6697231749504363,0.030357381886413057
8089,test,0,0.03941708244383335,0.016517461872061618,6.0828667362758955,0.6709934864787156,0.03232131605077316
8090,test,0,0.014214511960744858,0.016517461872061618,6.122745171538446,0.6723363924150848,0.034630319844179316
8091,test,0,0.028012830764055245,0.016517461872061618,6.1626971227974,0.6736766650092202,0.029260702227183886
8092,test,0,0.014159040525555618,0.016517461872061618,6.202749979633939,0.6746243835709306,0.01729603228281161
8093,test,0,0.008874818682670593,0.016517461872061618,6.242806951178413,0.6751170811385164,0.009646218189345666
8094,test,0,0.014087162911891939,0.016517461872061618,6.282827108223005,0.6754082915298426,0.0048095865866687616
8095,test,0,0.051137395203113556,0.020711106009230693,6.3227529416930865,0.6755731814996897,0.004199688366250593
8096,test,0,0.04751165211200714,0.020711106009230693,6.362542360351165,0.675777391070434,0.006412797469755448
8097,test,0,0.04452054761350155,0.020711106009230693,6.402538007351958,0.6761443208569257,0.011850886487930886
8098,test,0,0.04822525940835475,0.020711106009230693,6.442467034559335,0.6767530377424216,0.01781314104772053
8099,test,0,0.030463946983218193,0.020711106009230693,6.482407314308787,0.677522593841076,0.019974115589253626
8100,test,0,0.05093797668814659,0.020711106009230693,6.522343169727961,0.6783771165669429,0.023246349772826334
8101,test,0,0.04346803575754165,0.017700327220223203,6.5622609201923945,0.6793891003072587,0.026558046782696847
8102,test,0,0.03796009533107281,0.017700327220223203,6.602260174766617,0.680471959584791,0.026765393337484886
8103,test,0,0.041868191212415695,0.017700327220223203,6.642154950694826,0.6815626930670033,0.02729648080805886
8104,test,0,0.049545785412192345,0.017700327220223203,6.682094508779878,0.6826385993287554,0.026091082491636077
8105,test,0,0.03627803362905979,0.017700327220223203,6.722042460915963,0.6836773454808472,0.026678040176785368
8106,test,0,0.019883157685399055,0.017700327220223203,6.76198528048571,0.684776648696135,0.02717763963481161
8107,test,0,0.035180711187422276,0.017591448044708854,6.801998768446514,0.685798974292922,0.02241309346208474
8108,test,0,0.02771720103919506,0.017591448044708854,6.841928868227051,0.6865839200681516,0.016214834004643675
8109,test,0,0.005304582417011261,0.017591448044708854,6.881987302963762,0.6870549537214615,0.005979743913268948
8110,test,0,0.002523716539144516,0.017591448044708854,6.922014782330632,0.6870771896910873,-0.003713087033039055
8111,test,0,0.034583959728479385,0.017591448044708854,6.962041301515389,0.6868113943921368,-0.008461610005573128
8112,test,0,0.040754055604338646,0.013848122390449828,7.002038479577849,0.6864335910161153,-0.0096656118447179
8113,test,0,0.042393093928694725,0.013848122390449828,7.0420163790809776,0.6861108291548819,-0.005717354035621409
8114,test,0,0.05134550295770168,0.013848122390449828,7.081892373275855,0.685996107820497,-0.0008559286920409025
8115,test,0,0.05881885066628456,0.013848122390449828,7.121874082885659,0.6860610081283252,0.0038874537673516114
8116,test,0,0.06592254154384136,0.013848122390449828,7.161804309360421,0.6863495387443997,0.01070882837636032
8117,test,0,0.04985102824866771,0.013848122390449828,7.2016714634756855,0.6868760184648621,0.01482890295859671
8118,test,0,0.041547605767846114,0.008536856899616634,7.241623009389843,0.6875465979143468,0.018348242168531984
8119,test,0,0.033736741170287125,0.008536856899616634,7.281568760744182,0.6883390167251926,0.02000661848850436
8120,test,0,0.017671437934041016,0.008536856899616634,7.3215770636847655,0.6891059634219586,0.017557629492879596
8121,test,0,0.031564051285386086,0.008536856899616634,7.361480693984499,0.6897670959110472,0.014981944508631396
8122,test,0,0.04982108809053898,0.008536856899616634,7.401463623882039,0.6903023859211442,0.011680739326676457
8123,test,0,0.0448415894061327,0.008536856899616634,7.441458760061382,0.6907436182993556,0.011713018412993808
8124,test,0,0.051590828225016594,0.024786924377728777,7.4814169762323015,0.6912776504466372,0.014493958860013792
8125,test,0,0.04627899266779423,0.024786924377728777,7.521382290263742,0.6918698088722512,0.014600131362932823
8126,test,0,0.04682430438697339,0.024786924377728777,7.561302228031746,0.6924815992776419,0.016284004809956894
8127,test,0,0.04447308368980884,0.024786924377728777,7.601263909244196,0.69316905673103,0.01706337786809717
8128,test,0,0.041689394041895866,0.024786924377728777,7.64127918761913,0.693837799832064,0.016424385525388132
8129,test,0,0.03567091189324856,0.024786924377728777,7.681172119550613,0.6945355705973121,0.01816674960712498
8130,test,0,0.027744648978114128,0.04004510697133636,7.721128280768945,0.6952695917275681,0.017758828748626544
8131,test,0,0.020094828680157665,0.04004510697133636,7.761064874260549,0.6959826190654614,0.01820446809587804
8132,test,0,0.009978022426366804,0.04004510697133636,7.801023299922678,0.6967331063354274,0.018613061598765177
8133,test,0,0.04332326538860797,0.04004510697133636,7.841031603696274,0.6974525210241431,0.017029659218480094
8134,test,0,0.05193555168807506,0.04004510697133636,7.880931636308368,0.6981443730857969,0.017395523538252137
8135,test,0,0.04963905178010463,0.04004510697133636,7.920898082615822,0.69883130938555,0.016172678858416112
8136,test,0,0.03715442307293415,0.04439812735724456,7.960857538611799,0.6994537922501096,0.015711995037387377
8137,test,0,0.03728275559842586,0.04439812735724456,8.000829180006612,0.7001040780495332,0.01604713828429576
8138,test,0,0.04419280029833317,0.04439812735724456,8.04081664076558,0.7007083503813142,0.013783248763435585
8139,test,0,0.030060483142733567,0.04439812735724456,8.080724848480685,0.7012469532969066,0.013210930921945823
8140,test,0,0.07995066978037357,0.04439812735724456,8.120725553703672,0.7017570079703115,0.01125869528513463
8141,test,0,0.08577318675816058,0.04439812735724456,8.160744799901662,0.7021400691226706,0.008231936761845806
8142,test,0,0.08073368109762667,0.044343737244859835,8.200675818832625,0.7024627960133062,0.007484061579856813
8143,test,0,0.07784995622932911,0.044343737244859835,8.240678754659646,0.7027131835750895,0.004078866101092311
8144,test,0,0.06658766977488995,0.044343737244859835,8.280601414214576,0.7028169554312136,0.0013585565955131324
8145,test,0,0.07300930283963679,0.044343737244859835,8.320634542936956,0.7028251031855266,-0.0015740433321552495
8146,test,0,0.05873389728367327,0.044343737244859835,8.360665472696686,0.7026612271359814,-0.006672687574091457
8147,test,0,0.051915133371949196,0.044343737244859835,8.400591486173141,0.7023421163991674,-0.009760188591079253
8148,test,0,0.05343942530453205,0.04283239225060191,8.440632094248683,0.7018745424372629,-0.014369233220147373
8149,test,0,0.05635342933237554,0.04283239225060191,8.480648150804907,0.7012066777315327,-0.01854740035898596
8150,test,0,0.10977564938366412,0.04283239225060191,8.52066177816152,0.7004236926105586,-0.02074739879153782
8151,test,0,0.08451456390321256,0.04283239225060191,8.560617502611844,0.6995204390858702,-0.024559634811509707
8152,test,0,0.10086564905941485,0.04283239225060191,8.60056642637938,0.6985162526511426,-0.025534050836700108
8153,test,0,0.05255507118999958,0.04283239225060191,8.640498797085256,0.697488389949838,-0.027170483410180545
8154,test,0,0.10643328540027143,0.03278130068722944,8.68047982321345,0.6963665939892776,-0.0288559488796415
8155,test,0,0.053781798109412186,0.03278130068722944,8.720447797694595,0.6952247373886921,-0.028296683403800756
8156,test,0,0.03436659462749958,0.03278130068722944,8.760358554469057,0.6940814280293593,-0.02970831491939622
8157,test,0,0.05387033335864544,0.03278130068722944,8.800296772216555,0.6928981960698253,-0.029295641663751835
8158,test,0,0.03373023681342602,0.03278130068722944,8.840254785864117,0.6917597827630839,-0.02855645129430311
8159,test,0,0.062434734776616096,0.03278130068722944,8.880206157071674,0.6906044424030681,-0.02965993313899716
8160,test,0,0.03543834947049618,0.03821897052877894,8.920143930255362,0.689435981599548,-0.02882863375432257
8161,test,0,0.06605273298919201,0.03821897052877894,8.960066107086515,0.6882877827961612,-0.02976773531236377
8162,test,0,0.05296545289456844,0.03821897052877894,9.000023325591714,0.6870899291076176,-0.029960180760042508
8163,test,0,0.05859658680856228,0.03821897052877894,9.040012604286025,0.6859179320619787,-0.029071079622630204
8164,test,0,0.06411239691078663,0.03821897052877894,9.079917907103308,0.6847329007198893,-0.03040151756256768
8165,test,0,0.04815894924104214,0.03821897052877894,9.119846083657459,0.6835421034640111,-0.0292185902125875
8166,test,0,0.04774749837815761,0.03384514089252228,9.159762943550387,0.6823966202438132,-0.029603819238893915
8167,test,0,0.004289920907467604,0.03384514089252228,9.199731925406246,0.6811991812297781,-0.030185821111958687
8168,test,0,0.00461817835457623,0.03384514089252228,9.239699176299785,0.6800202578121055,-0.028940365506927537
8169,test,0,0.002856442704796791,0.03384514089252228,9.279608093896874,0.6788573336678932,-0.030006596280617946
8170,test,0,0.003610729741922114,0.03384514089252228,9.319544454852164,0.6776694448945554,-0.029325699790831848
8171,test,0,0.0008366350084543228,0.03384514089252228,9.359483974217428,0.6765292138635055,-0.028824892461268643
8172,test,0,0.013832353055477142,0.019142852940264923,9.39945314861575,0.6753654913498357,-0.029744887054066988
8173,test,0,0.0004937071353197098,0.019142852940264923,9.439392785068259,0.6741997843818823,-0.02858717985436001
8174,test,0,0.0011287712259218092,0.019142852940264923,9.479305889555768,0.6730622491617417,-0.029462457720201535
8175,test,0,0.012936923652887344,0.019142852940264923,9.519264202940121,0.6718819808875899,-0.029352539989673444
8176,test,0,0.005362212657928467,0.019142852940264923,9.559249018326875,0.6707410934594166,-0.028265527889815335
8177,test,0,0.00452941982075572,0.019142852940264923,9.599158822431972,0.6695916824336238,-0.029310548988318016
8178,test,0,0.013817943632602692,0.011734548048386684,9.63909245006614,0.6684473777185369,-0.02810768910160438
8179,test,0,0.01002269983291626,0.011734548048386684,9.679009251242265,0.667343246103745,-0.028423043468494592
8180,test,0,0.010730232112109661,0.011734548048386684,9.718981769604769,0.6661985812238025,-0.028841118139765493
8181,test,0,0.012073107063770294,0.011734548048386684,9.75895505781571,0.665070287085462,-0.027711246521521234
8182,test,0,0.016472244635224342,0.011734548048386684,9.798857143483954,0.6639516336348112,-0.028972465831867203
8183,test,0,0.013718824833631512,0.011734548048386684,9.838797387300847,0.6628037862520244,-0.028333720415247468
8184,test,0,0.008892853744328022,0.012021455483629052,9.878722537968079,0.6617000788346901,-0.028155991635584174
8185,test,0,0.022630231454968452,0.012021455483629052,9.91870611599128,0.6605660733718485,-0.028715283493727605
8186,test,0,0.012222062796354294,0.012021455483629052,9.958649154206052,0.6594511225190668,-0.02727225510607339
8187,test,0,0.019115695729851723,0.012021455483629052,9.998551410879964,0.6583670152492336,-0.027955911881659412
8188,test,0,0.028282908722758286,0.012021455483629052,10.038506423706217,0.6572542218416387,-0.02768747361114437
8189,test,0,0.023493442684412006,0.012021455483629052,10.07848236895275,0.6561763089997963,-0.02686890263808844
8190,test,0,0.021730327978730198,0.005262271722747552,10.118401917771491,0.6550843621481257,-0.027748197573845033
8191,test,0,0.03154098987579345,0.005262271722747552,10.15833976372723,0.6540068312378948,-0.02631703318451265
8192,test,0,0.035861171782016754,0.005262271722747552,10.19825639820454,0.6529737091207154,-0.02666591031685441
8193,test,0,0.028585007414221764,0.005262271722747552,10.23823646198455,0.6518974814232353,-0.02715874580128593
8194,test,0,0.04211488924920559,0.005262271722747552,10.278215226489705,0.6508310938754759,-0.02642877949485542
8195,test,0,0.03310297429561615,0.005262271722747552,10.318119882179317,0.649752637961749,-0.028031709293016006
8196,test,0,0.04754101112484932,0.01769815685041472,10.35806380165788,0.64864171527355,-0.027428526233098438
8197,test,0,0.04465790838003159,0.01769815685041472,10.397979166227069,0.6475697253135747,-0.027577202461344735
8198,test,0,0.041288988664746284,0.01769815685041472,10.437972905877805,0.6464535985839124,-0.028376297926401322
8199,test,0,0.044814500957727425,0.01769815685041472,10.477923726604468,0.6453439627688903,-0.027462317592626996
8200,test,0,0.052324637770652764,0.01769815685041472,10.517827751949028,0.6442357630064541,-0.028873253271998474
8201,test,0,0.06141062639653683,0.01769815685041472,10.557785015187896,0.6430744300423846,-0.0292090684449504
8202,test,0,0.06535965390503407,0.022237357101474856,10.597751659589612,0.6419210352779495,-0.02927625176633159
8203,test,0,0.013018167577683926,0.022237357101474856,10.637687822807605,0.6407159794901167,-0.031118015688273874
8204,test,0,0.001965723466128111,0.022237357101474856,10.677627623280035,0.6394825248512983,-0.030672779135765313
8205,test,0,0.0638538058847189,0.022237357101474856,10.717541144905386,0.6382567471866513,-0.03189686566294434
8206,test,0,0.0769664105027914,0.022237357101474856,10.757508727054134,0.636963581093309,-0.0325031921679689
8207,test,0,0.07002074830234051,0.022237357101474856,10.797484646880076,0.6356881658020863,-0.03156745430475708
8208,test,0,0.010624969378113747,0.039006139584187326,10.837377688766152,0.634412777483515,-0.03247602627176281
8209,test,0,0.05801793374121188,0.039006139584187326,10.877304828929509,0.633152178533214,-0.030320195450441373
8210,test,0,0.0623143557459116,0.039006139584187326,10.917207156127501,0.6320038289055332,-0.02812192782392793
8211,test,0,0.053190803155303,0.039006139584187326,10.957182625256044,0.6309285140484605,-0.02562664726743086
8212,test,0,0.05797979421913624,0.039006139584187326,10.997110013777446,0.6300057452306251,-0.020414722713646284
8213,test,0,0.048145292326807976,0.039006139584187326,11.036971751327863,0.6292676195604187,-0.017086463874564375
8214,test,0,0.04483209736645222,0.0473991432607551,11.076930251433396,0.6286851948786811,-0.011764939470642917
8215,test,0,0.040132028982043266,0.0473991432607551,11.116800403220616,0.6283533163265944,-0.005974210522521385
8216,test,0,0.021121168509125703,0.0473991432607551,11.156757948069437,0.628211790676612,-0.001190410142181551
8217,test,0,0.019231656566262245,0.0473991432607551,11.196696771337825,0.6282974481568518,0.00579825788922185
8218,test,0,0.017925104126334197,0.0473991432607551,11.236541497011164,0.6286412169660501,0.010259131700704045
8219,test,0,0.015262702479958527,0.0473991432607551,11.276554725917213,0.6291409256789778,0.014840188725994945
8220,test,0,0.00892313942313194,0.032063081251272295,11.316463251330996,0.629861368323347,0.02057423831346608
8221,test,0,0.009278915822505951,0.032063081251272295,11.356402625397427,0.6307537203790035,0.02377933043878808
8222,test,0,0.006656512618064879,0.032063081251272295,11.396302512092001,0.6317876488666658,0.028108608638422322
8223,test,0,0.00552544416859746,0.032063081251272295,11.436207840134324,0.632977304609333,0.030149274295770825
8224,test,0,0.011391191743314266,0.032063081251272295,11.476229459698672,0.6341862474320571,0.030106325423186975
8225,test,0,0.004400139674544334,0.032063081251272295,11.516107795542473,0.6354363161173769,0.03174682866610988
8226,test,0,0.002545680443290621,0.022724342780083354,11.556039660057833,0.6366917151836075,0.03050326482041023
8227,test,0,0.0037389015778899193,0.022724342780083354,11.595988788440366,0.6379005308389867,0.030457602761134295
8228,test,0,0.0020173322409391403,0.022724342780083354,11.635908715758031,0.6391330839934648,0.03041145967129135
8229,test,0,0.0012555327266454697,0.022724342780083354,11.675916905203648,0.6403268851306135,0.02922152273560993
8230,test,0,0.001511618960648775,0.022724342780083354,11.715814114257753,0.6415194725415163,0.030401093389190566
8231,test,0,0.006460155826061964,0.022724342780083354,11.755737681042215,0.6427308677497777,0.029272995690907765
8232,test,0,0.003430015407502651,0.02089097331104005,11.795711473309563,0.6438706653776619,0.02813796558342658
8233,test,0,0.009450021665543318,0.02089097331104005,11.8356555455375,0.6449917356213456,0.027016713391092684
8234,test,0,0.009397368878126144,0.02089097331104005,11.875655812446748,0.6460058322160336,0.02320363292490893
8235,test,0,0.02022170601412654,0.02089097331104005,11.915581280452868,0.6468827189978099,0.02055260840512306
8236,test,0,0.011335188057273626,0.02089097331104005,11.955566556052895,0.6476269171718386,0.01569308689234372
8237,test,0,0.0007479148916900158,0.02089097331104005,11.995603823366631,0.648143381177606,0.010906849598204206
8238,test,0,0.01072634942829609,0.021595705887964722,12.035537877015724,0.648567362593224,0.010509988383165195
8239,test,0,0.015045634936541319,0.021595705887964722,12.075499347866803,0.6489886322221002,0.010697309116295958
8240,test,0,0.013600657228380442,0.021595705887964722,12.115464907261853,0.6494670054892789,0.013515279665647225
8241,test,0,0.003258171724155545,0.021595705887964722,12.15540470830254,0.6500781553243374,0.016014760894578404
8242,test,0,0.023276064544916153,0.021595705887964722,12.19541492872303,0.6507256480616412,0.016012066212729548
8243,test,0,0.03386664902791381,0.021595705887964722,12.2352994276492,0.6514200787719596,0.019200912433438713
8244,test,0,0.058706555515527725,0.02467214556245159,12.27520910197035,0.6522645358610423,0.02312675574960539
8245,test,0,0.0609817523509264,0.02467214556245159,12.315208615196028,0.6533108678240546,0.02994826701197272
8246,test,0,0.04731496050953865,0.02467214556245159,12.355072844701294,0.6546921093123065,0.038411531957063906
8247,test,0,0.012866104021668438,0.02467214556245159,12.395000284538773,0.6563329234787239,0.04296856402508399
8248,test,0,0.008438579738140106,0.02467214556245159,12.434821765084608,0.6581183888105722,0.04533398214725498
8249,test,0,0.004335088655352599,0.02467214556245159,12.474739146282415,0.659867406015416,0.04019323281671391
8250,test,0,0.01576690562069416,0.013499736305614034,12.514798088872904,0.6613287200027115,0.03339309624563518
8251,test,0,0.004546592012047768,0.013499736305614034,12.554749787913543,0.6625721808340592,0.027384061445986308
8252,test,0,0.0297074094414711,0.013499736305614034,12.594742955029387,0.6635137673650692,0.021050459452253326
8253,test,0,0.017096622847020626,0.013499736305614034,12.634717246785076,0.6643284484538838,0.020889258534078928
8254,test,0,0.01600358448922634,0.013499736305614034,12.674655621923307,0.6652013301900068,0.021933206742405186
8255,test,0,0.0030861981213092804,0.013499736305614034,12.714676327942565,0.6660610295842931,0.020451627148733463
8256,test,0,0.005415141582489014,0.022786011729273362,12.754587018204289,0.6668748025992752,0.01957284637263383
8257,test,0,0.010060306638479233,0.022786011729273362,12.794567235812433,0.6675910570390844,0.015139175386251216
8258,test,0,0.018238557502627373,0.022786011729273362,12.83455454081379,0.6680930193294427,0.010049827793896942
8259,test,0,0.0195971867069602,0.022786011729273362,12.87459350699087,0.6683941669830692,0.004264122505895177
8260,test,0,0.01779629196971655,0.022786011729273362,12.914644194296512,0.6684042370848398,-0.0035388451543665275
8261,test,0,0.014774682000279427,0.02535964055731801,12.954581698453428,0.6681695760655866,-0.008228403768760044
8262,test,0,0.009128307923674583,0.02535964055731801,12.994594437231525,0.6677557075455717,-0.012561681620376396
8263,test,0,0.0019418895244598389,0.02535964055731801,13.034617489861088,0.6671871226416297,-0.01541493690851031
8264,test,0,0.0032577980309724808,0.02535964055731801,13.074608983157507,0.6665654800376211,-0.015636370569159085
8265,test,0,0.0025100167840719223,0.02535964055731801,13.114519382870204,0.6659166001326141,-0.01698354983059579
8266,test,0,0.018051477149128914,0.02535964055731801,13.154481892154834,0.6652566871186352,-0.01601137124402343
8267,test,0,0.03252845257520676,0.033314580855091126,13.194474568929405,0.6646198726145391,-0.01769446838147452
8268,test,0,0.03977947123348713,0.033314580855091126,13.23447200104653,0.6638070526617735,-0.02349505888032354
8269,test,0,0.022773301228880882,0.033314580855091126,13.274458035235007,0.6627715802367551,-0.02809663530326046
8270,test,0,0.001141729764640333,0.033314580855091126,13.314353136867693,0.6615668830318231,-0.031964640786100056
8271,test,0,0.007877450436353687,0.033314580855091126,13.354309902527627,0.6602955968012074,-0.03065963224885195
8272,test,0,0.0045973993837833405,0.033314580855091126,13.394252127193072,0.6591580468900619,-0.026816537309329747
8273,test,0,0.011758469045162201,0.03167135870620961,13.434165621813143,0.6581291761924475,-0.0250789564815738
8274,test,0,0.019842756912112236,0.03167135870620961,13.474102765003703,0.6571875005758492,-0.02237904019622913
8275,test,0,0.009610908105969429,0.03167135870620961,13.514020532281984,0.6563174071662341,-0.022640938247616958
8276,test,0,0.014117609709501266,0.03167135870620961,13.5540006101926,0.6554101328148356,-0.02215956204716223
8277,test,0,0.009642384946346283,0.03167135870620961,13.593971902358556,0.654579260400225,-0.019902102119857545
8278,test,0,0.018448738381266597,0.03167135870620961,13.633854287948429,0.6538011432796643,-0.018344130166689107
8279,test,0,0.017527028918266296,0.03461772389631402,13.673798929150147,0.6531530936523973,-0.014835040776783472
8280,test,0,0.023420369252562523,0.03461772389631402,13.713694839182455,0.6526032439917622,-0.014163244240636981
8281,test,0,0.027930030599236492,0.03461772389631402,13.753706836159528,0.6520351773753315,-0.014453537348089941
8282,test,0,0.02346381172537804,0.03461772389631402,13.79367281137895,0.6514839933607326,-0.013590063991055666
8283,test,0,0.01435953937470913,0.03461772389631402,13.833581806160682,0.6509252928594875,-0.014868131816322289
8284,test,0,0.005402354523539543,0.03461772389631402,13.87357038031023,0.6503401764137906,-0.014031395891167604
8285,test,0,0.00796589441597462,0.034296751722622414,13.91347961221437,0.6498360764737228,-0.011935422215641476
8286,test,0,0.01103256456553936,0.034296751722622414,13.953450283355274,0.6493955655233581,-0.010244675137610595
8287,test,0,0.014905694872140884,0.034296751722622414,13.993406590151848,0.6490526780302011,-0.007115110923375215
8288,test,0,0.012098599225282669,0.034296751722622414,14.03329883760121,0.6488020707971359,-0.006498590329631451
8289,test,0,0.0028994297608733195,0.034296751722622414,14.073304867294187,0.6485689279469642,-0.004755657688978583
8290,test,0,0.006129045039415363,0.034296751722622414,14.11324728103247,0.648461039756652,-0.0012989122503692019
8291,test,0,0.0015233196318149567,0.025881598088712782,14.153162975518546,0.6484328012058005,-0.00030057090516735346
8292,test,0,0.006266724318265915,0.025881598088712782,14.193140274186645,0.6484734618973321,0.0026091959784392245
8293,test,0,0.0026135463267564774,0.025881598088712782,14.233082362180376,0.6486343857020119,0.0041736182158610465
8294,test,0,0.001195125689264387,0.025881598088712782,14.273089694306677,0.6488081453868285,0.004363608587735823
8295,test,0,0.006587723270058632,0.025881598088712782,14.313039342102615,0.6490165354347495,0.005583909327837305
8296,test,0,0.0026742834597826004,0.025881598088712782,14.35301850985798,0.6492236550503927,0.003936801662027463
8297,test,0,0.024688174948096275,0.02854410630540295,14.393007009175758,0.6493694934104449,0.003959135195973528
8298,test,0,0.028992699459195137,0.02854410630540295,14.432881000082208,0.6495843378510078,0.006705992016282225
8299,test,0,0.03175080567598343,0.02854410630540295,14.472862491848153,0.6499365870947351,0.01102056070982511
8300,test,0,0.009012304246425629,0.02854410630540295,14.512804066102188,0.650510341917032,0.018085045067323193
